ClusterIdx,Timestamp,Folder_Name
35,11.9328,control_oct
19,12.2331,control_oct
19,12.5333,control_oct
15,12.8336,control_oct
15,13.1339,control_oct
15,13.4342,control_oct
19,13.7345,control_oct
15,14.0348,control_oct
15,14.335,control_oct
15,14.6354,control_oct
19,14.9356,control_oct
15,15.2359,control_oct
15,15.5362,control_oct
1,15.8365,control_oct
15,16.1367,control_oct
15,16.4371,control_oct
15,16.7373,control_oct
19,17.0376,control_oct
19,17.3379,control_oct
19,17.6381,control_oct
19,17.9386,control_oct
19,18.2388,control_oct
15,18.5391,control_oct
19,18.8393,control_oct
12,19.1396,control_oct
11,19.4399,control_oct
36,19.7402,control_oct
19,20.0405,control_oct
7,20.3408,control_oct
7,20.6411,control_oct
7,20.9413,control_oct
15,21.5419,control_oct
19,21.8423,control_oct
32,22.1426,control_oct
32,22.4428,control_oct
2,22.7431,control_oct
3,23.0434,control_oct
4,23.3436,control_oct
9,23.649,control_oct
4,23.9443,control_oct
9,24.2445,control_oct
3,24.5449,control_oct
3,24.8452,control_oct
3,25.1454,control_oct
3,25.4458,control_oct
9,25.746,control_oct
32,26.0463,control_oct
15,26.3466,control_oct
2,26.6469,control_oct
9,26.9472,control_oct
4,27.2475,control_oct
3,27.5478,control_oct
3,27.8481,control_oct
3,28.1484,control_oct
9,28.4487,control_oct
26,28.749,control_oct
18,29.0492,control_oct
26,29.3495,control_oct
9,29.6498,control_oct
4,29.9502,control_oct
2,30.2504,control_oct
7,30.5508,control_oct
32,30.851,control_oct
9,31.1513,control_oct
3,31.4516,control_oct
4,31.7519,control_oct
4,32.0522,control_oct
3,32.3525,control_oct
3,32.6528,control_oct
2,32.9531,control_oct
15,33.2534,control_oct
32,33.5537,control_oct
9,33.854,control_oct
3,34.1542,control_oct
3,34.4545,control_oct
4,34.7549,control_oct
3,35.0552,control_oct
3,35.3554,control_oct
3,35.6557,control_oct
3,35.956,control_oct
3,36.2563,control_oct
3,36.5566,control_oct
9,36.8569,control_oct
2,37.1572,control_oct
32,37.4575,control_oct
19,37.7578,control_oct
2,38.0581,control_oct
4,38.3584,control_oct
4,38.6587,control_oct
4,38.9589,control_oct
4,39.2593,control_oct
9,39.5596,control_oct
32,39.8598,control_oct
7,40.1602,control_oct
9,40.4605,control_oct
2,40.7608,control_oct
3,41.0611,control_oct
4,41.3613,control_oct
3,41.6617,control_oct
9,41.962,control_oct
32,42.2622,control_oct
19,42.5626,control_oct
2,42.8628,control_oct
9,43.1632,control_oct
3,43.4634,control_oct
4,43.7637,control_oct
3,44.0641,control_oct
3,44.3643,control_oct
4,44.6646,control_oct
4,44.9649,control_oct
3,45.2652,control_oct
9,45.5655,control_oct
32,45.8659,control_oct
2,46.1661,control_oct
2,46.4665,control_oct
32,46.7667,control_oct
32,47.067,control_oct
32,47.3673,control_oct
9,47.6676,control_oct
32,47.9679,control_oct
7,48.2682,control_oct
32,48.5685,control_oct
7,48.8687,control_oct
7,49.1691,control_oct
1,49.4694,control_oct
7,49.7697,control_oct
7,50.07,control_oct
7,50.3703,control_oct
7,50.6706,control_oct
7,50.9709,control_oct
7,51.2712,control_oct
7,51.5715,control_oct
23,51.8718,control_oct
7,52.1721,control_oct
7,52.4724,control_oct
7,52.7727,control_oct
7,53.073,control_oct
7,53.3732,control_oct
7,53.6736,control_oct
20,53.9739,control_oct
7,54.2742,control_oct
7,54.5744,control_oct
7,54.8748,control_oct
7,55.175,control_oct
7,55.4754,control_oct
23,55.7757,control_oct
7,56.076,control_oct
32,56.3762,control_oct
9,56.6766,control_oct
3,56.9769,control_oct
9,57.2772,control_oct
32,57.5774,control_oct
32,57.8777,control_oct
2,58.178,control_oct
3,58.4783,control_oct
3,58.7787,control_oct
3,59.0789,control_oct
3,59.3792,control_oct
3,59.6795,control_oct
3,59.9798,control_oct
3,60.2852,control_oct
9,60.5804,control_oct
3,60.8808,control_oct
3,61.1811,control_oct
3,61.4813,control_oct
9,61.7817,control_oct
3,62.082,control_oct
32,62.3822,control_oct
7,62.6826,control_oct
7,62.9828,control_oct
32,63.2832,control_oct
2,63.5834,control_oct
3,63.8838,control_oct
3,64.1841,control_oct
3,64.4843,control_oct
3,64.7846,control_oct
3,65.085,control_oct
3,65.3853,control_oct
3,65.6856,control_oct
3,65.9858,control_oct
3,66.2861,control_oct
3,66.5865,control_oct
3,66.8867,control_oct
3,67.1871,control_oct
3,67.4874,control_oct
3,67.7876,control_oct
3,68.0879,control_oct
3,68.3883,control_oct
3,68.6886,control_oct
3,68.9889,control_oct
3,69.2892,control_oct
3,69.5894,control_oct
3,69.8898,control_oct
3,70.19,control_oct
3,70.4904,control_oct
3,70.7906,control_oct
3,71.091,control_oct
9,71.3913,control_oct
3,71.6916,control_oct
3,71.9919,control_oct
3,72.2922,control_oct
3,72.5925,control_oct
9,72.8927,control_oct
3,73.1931,control_oct
3,73.4934,control_oct
3,73.7937,control_oct
3,74.094,control_oct
3,74.3943,control_oct
3,74.6946,control_oct
3,74.9949,control_oct
3,75.2952,control_oct
3,75.5955,control_oct
3,75.8958,control_oct
3,76.1961,control_oct
3,76.4964,control_oct
9,76.7967,control_oct
3,77.097,control_oct
3,77.3973,control_oct
3,77.6976,control_oct
3,77.9979,control_oct
3,78.2982,control_oct
3,78.5985,control_oct
3,78.8988,control_oct
3,79.1991,control_oct
3,79.4994,control_oct
3,79.7997,control_oct
3,80.1,control_oct
9,80.4003,control_oct
32,80.7006,control_oct
7,81.0009,control_oct
32,81.3012,control_oct
2,81.6015,control_oct
2,81.9018,control_oct
9,82.2022,control_oct
32,82.5024,control_oct
2,82.8027,control_oct
3,83.103,control_oct
3,83.4033,control_oct
3,83.7036,control_oct
3,84.0039,control_oct
3,84.3043,control_oct
3,84.6045,control_oct
3,84.9049,control_oct
3,85.2052,control_oct
32,85.5105,control_oct
7,85.8057,control_oct
32,86.106,control_oct
2,86.4063,control_oct
32,86.7067,control_oct
5,87.0069,control_oct
9,87.3073,control_oct
3,87.6076,control_oct
3,87.9079,control_oct
3,88.2082,control_oct
3,88.5084,control_oct
3,88.8088,control_oct
3,89.1091,control_oct
30,89.4094,control_oct
7,89.7096,control_oct
2,90.01,control_oct
32,90.3102,control_oct
2,90.6106,control_oct
3,90.9109,control_oct
3,91.2112,control_oct
3,91.5114,control_oct
3,91.8117,control_oct
3,92.1121,control_oct
32,92.4124,control_oct
7,92.7127,control_oct
7,93.013,control_oct
7,93.3133,control_oct
2,93.6136,control_oct
3,93.9139,control_oct
3,94.2142,control_oct
3,94.5146,control_oct
3,94.8148,control_oct
3,95.1152,control_oct
3,95.4155,control_oct
3,95.7157,control_oct
3,96.016,control_oct
3,96.3164,control_oct
3,96.6166,control_oct
3,96.917,control_oct
2,97.2172,control_oct
32,97.5176,control_oct
3,97.8179,control_oct
3,98.1181,control_oct
3,98.4184,control_oct
3,98.7187,control_oct
3,99.019,control_oct
3,99.3194,control_oct
3,99.6197,control_oct
3,99.9199,control_oct
3,100.2203,control_oct
3,100.5206,control_oct
3,100.8209,control_oct
32,101.1211,control_oct
7,101.4215,control_oct
3,101.7218,control_oct
3,102.0222,control_oct
32,102.3224,control_oct
7,102.6227,control_oct
32,102.923,control_oct
3,103.2233,control_oct
5,103.5236,control_oct
5,103.824,control_oct
5,104.1243,control_oct
5,104.4245,control_oct
5,104.7248,control_oct
7,105.0251,control_oct
19,105.3255,control_oct
15,105.6258,control_oct
15,105.926,control_oct
12,106.2264,control_oct
24,106.5267,control_oct
24,106.827,control_oct
17,107.1273,control_oct
17,107.4276,control_oct
36,107.7279,control_oct
15,108.0281,control_oct
15,108.3285,control_oct
4,108.6288,control_oct
4,108.9291,control_oct
4,109.2294,control_oct
4,109.5297,control_oct
9,109.83,control_oct
4,110.1304,control_oct
4,110.4307,control_oct
4,110.7309,control_oct
2,111.0312,control_oct
26,111.3316,control_oct
26,111.6318,control_oct
26,111.9322,control_oct
2,112.2325,control_oct
4,112.5328,control_oct
3,112.833,control_oct
3,113.1333,control_oct
3,113.4337,control_oct
9,113.734,control_oct
32,114.0343,control_oct
7,114.3346,control_oct
32,114.6349,control_oct
9,114.9352,control_oct
3,115.2355,control_oct
4,115.5358,control_oct
4,115.8361,control_oct
4,116.1364,control_oct
4,116.4367,control_oct
3,116.7371,control_oct
3,117.0373,control_oct
2,117.3376,control_oct
32,117.6379,control_oct
9,117.9382,control_oct
3,118.2385,control_oct
9,118.5439,control_oct
32,118.8392,control_oct
7,119.1395,control_oct
5,119.4398,control_oct
5,119.7401,control_oct
5,120.0404,control_oct
32,120.3457,control_oct
32,120.6411,control_oct
4,120.9413,control_oct
4,121.2417,control_oct
4,121.5419,control_oct
4,121.8422,control_oct
4,122.1425,control_oct
3,122.4429,control_oct
9,122.7432,control_oct
9,123.0435,control_oct
9,123.3437,control_oct
4,123.6441,control_oct
9,123.9444,control_oct
3,124.2447,control_oct
9,124.545,control_oct
3,124.8453,control_oct
9,125.1457,control_oct
2,125.4459,control_oct
4,125.7461,control_oct
9,126.0466,control_oct
9,126.3468,control_oct
3,126.6472,control_oct
3,126.9474,control_oct
4,127.2477,control_oct
4,127.5481,control_oct
4,127.8483,control_oct
4,128.1487,control_oct
4,128.4489,control_oct
4,128.7493,control_oct
4,129.0496,control_oct
4,129.3499,control_oct
4,129.6501,control_oct
4,129.9505,control_oct
4,130.2508,control_oct
9,130.5511,control_oct
2,130.8514,control_oct
9,131.1517,control_oct
19,131.452,control_oct
11,131.7524,control_oct
24,132.0526,control_oct
9,132.353,control_oct
4,132.6533,control_oct
4,132.9536,control_oct
9,133.2539,control_oct
4,133.5541,control_oct
32,133.8545,control_oct
9,134.1548,control_oct
4,134.4551,control_oct
4,134.7554,control_oct
4,135.0556,control_oct
4,135.356,control_oct
4,135.6563,control_oct
4,135.9566,control_oct
4,136.257,control_oct
4,136.5572,control_oct
4,136.8576,control_oct
4,137.1579,control_oct
4,137.4581,control_oct
4,137.7585,control_oct
4,138.0588,control_oct
4,138.3591,control_oct
4,138.6594,control_oct
4,138.9596,control_oct
4,139.26,control_oct
4,139.5603,control_oct
9,139.8606,control_oct
7,140.161,control_oct
32,140.4612,control_oct
2,140.7615,control_oct
4,141.0618,control_oct
4,141.3622,control_oct
4,141.6625,control_oct
4,141.9627,control_oct
4,142.2631,control_oct
9,142.5634,control_oct
32,142.8637,control_oct
1,143.164,control_oct
18,143.4643,control_oct
11,143.7646,control_oct
10,144.0649,control_oct
37,144.3652,control_oct
26,144.6655,control_oct
14,144.9659,control_oct
31,145.2661,control_oct
31,145.5664,control_oct
26,145.8668,control_oct
18,146.1671,control_oct
18,146.4674,control_oct
26,146.7677,control_oct
26,147.068,control_oct
32,147.3683,control_oct
2,147.6686,control_oct
2,147.9689,control_oct
32,148.2692,control_oct
15,148.5695,control_oct
11,148.8699,control_oct
26,149.1702,control_oct
32,149.4705,control_oct
7,149.7708,control_oct
26,150.071,control_oct
26,150.3714,control_oct
26,150.6716,control_oct
37,150.9721,control_oct
37,151.2723,control_oct
11,151.5726,control_oct
11,151.8729,control_oct
15,152.1732,control_oct
26,152.4735,control_oct
2,152.7738,control_oct
2,153.0742,control_oct
26,153.3745,control_oct
32,153.6748,control_oct
32,153.9751,control_oct
15,154.2754,control_oct
11,154.5757,control_oct
24,154.876,control_oct
19,155.1764,control_oct
19,155.4766,control_oct
7,155.7769,control_oct
26,156.0772,control_oct
26,156.3775,control_oct
18,156.6778,control_oct
2,156.9781,control_oct
4,157.2785,control_oct
4,157.5788,control_oct
4,157.8791,control_oct
4,158.1794,control_oct
9,158.4797,control_oct
26,158.78,control_oct
26,159.0804,control_oct
18,159.3806,control_oct
10,159.6809,control_oct
10,159.9813,control_oct
37,160.2816,control_oct
15,160.5819,control_oct
2,160.8822,control_oct
32,161.1825,control_oct
32,161.4828,control_oct
7,161.7831,control_oct
27,162.0834,control_oct
32,162.3837,control_oct
2,162.684,control_oct
26,162.9843,control_oct
26,163.2847,control_oct
9,163.5849,control_oct
3,163.8853,control_oct
4,164.1856,control_oct
9,164.4859,control_oct
3,164.7862,control_oct
9,165.0865,control_oct
9,165.3868,control_oct
3,165.6871,control_oct
3,165.9874,control_oct
3,166.2877,control_oct
3,166.588,control_oct
3,166.8884,control_oct
3,167.1887,control_oct
3,167.489,control_oct
3,167.7892,control_oct
9,168.0896,control_oct
3,168.3899,control_oct
2,168.6902,control_oct
9,168.9905,control_oct
3,169.2908,control_oct
3,169.5911,control_oct
3,169.8914,control_oct
3,170.1917,control_oct
9,170.4921,control_oct
32,170.7924,control_oct
31,171.0927,control_oct
7,171.393,control_oct
11,171.6933,control_oct
11,171.9936,control_oct
11,172.2939,control_oct
8,172.5942,control_oct
12,172.8946,control_oct
18,173.1949,control_oct
37,173.4952,control_oct
18,173.7955,control_oct
13,174.0957,control_oct
37,174.3961,control_oct
31,174.6964,control_oct
27,174.9967,control_oct
15,175.297,control_oct
19,175.5973,control_oct
11,175.8977,control_oct
11,176.198,control_oct
11,176.4983,control_oct
19,176.7986,control_oct
1,177.0989,control_oct
19,177.3992,control_oct
19,177.6995,control_oct
11,177.9998,control_oct
19,178.3001,control_oct
11,178.6004,control_oct
19,178.9008,control_oct
11,179.2011,control_oct
11,179.5013,control_oct
8,179.8017,control_oct
15,180.102,control_oct
15,180.4023,control_oct
1,180.7027,control_oct
19,181.0038,control_oct
19,181.3032,control_oct
19,181.6035,control_oct
11,181.9038,control_oct
11,182.2042,control_oct
15,182.5045,control_oct
19,182.8048,control_oct
19,183.105,control_oct
19,183.4054,control_oct
15,183.7057,control_oct
19,184.006,control_oct
15,184.3063,control_oct
35,184.6067,control_oct
15,184.9069,control_oct
32,185.2073,control_oct
11,185.5076,control_oct
8,185.8079,control_oct
7,186.1082,control_oct
7,186.4084,control_oct
7,186.7088,control_oct
15,187.0091,control_oct
19,187.3094,control_oct
11,187.6098,control_oct
19,187.9125,control_oct
15,188.2104,control_oct
11,188.5107,control_oct
19,188.8134,control_oct
15,189.1113,control_oct
15,189.4116,control_oct
19,189.7119,control_oct
19,190.0122,control_oct
19,190.3125,control_oct
11,190.6128,control_oct
35,190.9131,control_oct
19,191.2134,control_oct
11,191.5138,control_oct
19,191.814,control_oct
15,192.1144,control_oct
19,192.4147,control_oct
15,192.715,control_oct
1,193.0153,control_oct
15,193.3156,control_oct
15,193.6159,control_oct
15,193.9162,control_oct
19,194.2165,control_oct
15,194.5168,control_oct
15,194.8172,control_oct
19,195.1174,control_oct
19,195.4178,control_oct
15,195.718,control_oct
15,196.0184,control_oct
7,196.3187,control_oct
31,196.619,control_oct
7,196.9193,control_oct
12,197.2197,control_oct
19,197.52,control_oct
7,197.8202,control_oct
7,198.1206,control_oct
15,198.4209,control_oct
19,198.7212,control_oct
19,199.0215,control_oct
11,199.3218,control_oct
15,199.6221,control_oct
19,199.9224,control_oct
19,200.2227,control_oct
15,200.523,control_oct
19,200.8233,control_oct
11,201.1236,control_oct
19,201.424,control_oct
19,201.7243,control_oct
11,202.0245,control_oct
15,202.3249,control_oct
19,202.6252,control_oct
15,202.9255,control_oct
7,203.2259,control_oct
15,203.5261,control_oct
15,203.8264,control_oct
7,204.1267,control_oct
15,204.4271,control_oct
19,204.7274,control_oct
19,205.0277,control_oct
15,205.328,control_oct
15,205.6283,control_oct
15,205.9286,control_oct
15,206.2289,control_oct
7,206.5292,control_oct
15,206.8295,control_oct
15,207.1298,control_oct
19,207.4302,control_oct
19,207.7305,control_oct
15,208.0308,control_oct
19,208.3311,control_oct
31,208.9367,control_oct
18,209.232,control_oct
18,209.5323,control_oct
18,209.8326,control_oct
18,210.1329,control_oct
37,210.4332,control_oct
18,210.7335,control_oct
37,211.0338,control_oct
13,211.3341,control_oct
13,211.6345,control_oct
31,211.9348,control_oct
19,212.2351,control_oct
36,212.5354,control_oct
15,212.8357,control_oct
1,213.136,control_oct
19,213.4364,control_oct
19,213.7367,control_oct
11,214.037,control_oct
11,214.3373,control_oct
19,214.6376,control_oct
15,214.9379,control_oct
19,215.2382,control_oct
19,215.5385,control_oct
19,215.8388,control_oct
11,216.1391,control_oct
11,216.4394,control_oct
11,216.7398,control_oct
15,217.0401,control_oct
7,217.3403,control_oct
1,217.6407,control_oct
26,217.941,control_oct
7,218.2413,control_oct
32,218.5416,control_oct
32,218.8419,control_oct
26,219.1422,control_oct
26,219.4425,control_oct
7,219.7428,control_oct
7,220.0431,control_oct
7,220.3443,control_oct
7,220.6437,control_oct
32,220.944,control_oct
7,221.2443,control_oct
2,221.5447,control_oct
32,221.845,control_oct
32,222.1453,control_oct
32,222.4457,control_oct
32,222.7459,control_oct
30,223.0462,control_oct
7,223.3466,control_oct
11,223.6469,control_oct
11,223.9472,control_oct
5,224.5478,control_oct
24,224.8481,control_oct
11,225.1484,control_oct
11,225.4488,control_oct
1,225.749,control_oct
5,226.0493,control_oct
7,226.3505,control_oct
32,226.6499,control_oct
7,226.9502,control_oct
26,227.2505,control_oct
26,227.5508,control_oct
4,227.8512,control_oct
9,228.1515,control_oct
4,228.4518,control_oct
9,228.7521,control_oct
32,229.0524,control_oct
7,229.3527,control_oct
11,229.6531,control_oct
15,229.9533,control_oct
1,230.2537,control_oct
15,230.5539,control_oct
7,230.8543,control_oct
7,231.1546,control_oct
7,231.4549,control_oct
5,231.7552,control_oct
5,232.0556,control_oct
15,232.3558,control_oct
5,232.6561,control_oct
19,232.9564,control_oct
17,233.2567,control_oct
36,233.5571,control_oct
8,233.8574,control_oct
1,234.1577,control_oct
7,234.458,control_oct
1,234.7583,control_oct
32,235.0586,control_oct
4,235.3589,control_oct
4,235.6592,control_oct
4,235.9596,control_oct
9,236.2598,control_oct
19,236.5602,control_oct
32,236.8605,control_oct
15,237.1608,control_oct
1,237.4611,control_oct
15,237.7614,control_oct
7,238.0617,control_oct
15,238.362,control_oct
8,238.6624,control_oct
8,238.9627,control_oct
35,239.263,control_oct
16,239.5633,control_oct
16,239.8636,control_oct
11,240.1639,control_oct
36,240.4642,control_oct
8,240.7645,control_oct
6,241.0648,control_oct
18,241.3652,control_oct
37,241.6654,control_oct
24,241.9658,control_oct
24,242.2661,control_oct
24,242.5664,control_oct
15,242.8667,control_oct
19,243.167,control_oct
1,243.4673,control_oct
15,243.7676,control_oct
19,244.068,control_oct
19,244.6686,control_oct
11,244.9689,control_oct
11,245.2692,control_oct
19,245.5695,control_oct
19,245.8699,control_oct
19,246.1701,control_oct
19,246.4704,control_oct
12,246.7708,control_oct
19,247.0711,control_oct
15,247.3713,control_oct
19,247.6717,control_oct
19,247.972,control_oct
19,248.2723,control_oct
19,248.5726,control_oct
11,248.8729,control_oct
15,249.1732,control_oct
15,249.4735,control_oct
11,249.7747,control_oct
15,250.0741,control_oct
15,250.3745,control_oct
19,250.6748,control_oct
19,250.9751,control_oct
19,251.2754,control_oct
11,251.5757,control_oct
12,251.8761,control_oct
19,252.1763,control_oct
15,252.4766,control_oct
19,252.777,control_oct
35,253.0773,control_oct
11,253.3775,control_oct
19,253.6779,control_oct
7,253.9782,control_oct
32,254.2785,control_oct
15,254.5788,control_oct
32,254.8791,control_oct
7,255.1794,control_oct
7,255.4797,control_oct
15,255.78,control_oct
31,256.0804,control_oct
15,256.3807,control_oct
15,256.681,control_oct
15,256.9812,control_oct
7,257.2816,control_oct
15,257.5819,control_oct
15,257.8822,control_oct
15,258.1825,control_oct
15,258.4828,control_oct
37,258.7831,control_oct
15,259.0835,control_oct
18,259.3838,control_oct
15,259.6841,control_oct
15,259.9844,control_oct
1,260.2847,control_oct
15,260.585,control_oct
19,260.8853,control_oct
15,261.1857,control_oct
19,261.4859,control_oct
7,261.7862,control_oct
7,262.0866,control_oct
1,262.3868,control_oct
15,262.6871,control_oct
15,262.9875,control_oct
15,263.2878,control_oct
15,263.5881,control_oct
1,263.8884,control_oct
31,264.1887,control_oct
31,264.489,control_oct
31,264.7894,control_oct
31,265.0897,control_oct
15,265.39,control_oct
15,265.6903,control_oct
15,265.9906,control_oct
1,266.2909,control_oct
15,266.5912,control_oct
15,266.8915,control_oct
19,267.1918,control_oct
15,267.4922,control_oct
15,267.7924,control_oct
19,268.0928,control_oct
19,268.3931,control_oct
15,268.6934,control_oct
1,268.9937,control_oct
15,269.2949,control_oct
15,269.5943,control_oct
19,269.8947,control_oct
11,270.195,control_oct
15,270.4953,control_oct
7,270.7955,control_oct
15,271.0959,control_oct
15,271.3962,control_oct
19,271.6965,control_oct
18,271.9969,control_oct
18,272.2971,control_oct
31,272.5974,control_oct
18,272.8977,control_oct
31,273.198,control_oct
26,273.4983,control_oct
26,273.7987,control_oct
12,274.0989,control_oct
19,274.3993,control_oct
19,274.6996,control_oct
1,274.9999,control_oct
15,275.3002,control_oct
1,275.6004,control_oct
15,275.9008,control_oct
19,276.2012,control_oct
37,276.5014,control_oct
18,276.8018,control_oct
18,277.1021,control_oct
18,277.4024,control_oct
18,277.7027,control_oct
18,278.003,control_oct
31,278.3033,control_oct
18,278.6036,control_oct
18,278.9039,control_oct
37,279.2043,control_oct
13,279.5045,control_oct
6,279.8048,control_oct
13,280.1052,control_oct
18,280.4054,control_oct
13,280.7058,control_oct
37,281.0061,control_oct
15,281.3064,control_oct
1,281.6068,control_oct
19,281.907,control_oct
19,282.2074,control_oct
19,282.5076,control_oct
19,282.8079,control_oct
19,283.1083,control_oct
15,283.4086,control_oct
8,283.7098,control_oct
12,284.0092,control_oct
5,284.3095,control_oct
15,284.6098,control_oct
5,284.9101,control_oct
11,285.2104,control_oct
19,285.8111,control_oct
5,286.1188,control_oct
5,286.4116,control_oct
5,286.712,control_oct
5,287.0123,control_oct
1,287.3126,control_oct
15,287.6129,control_oct
15,287.9132,control_oct
11,288.2135,control_oct
15,288.5139,control_oct
15,288.8141,control_oct
15,289.1145,control_oct
19,289.4148,control_oct
36,289.7151,control_oct
12,290.0154,control_oct
18,290.3157,control_oct
37,290.616,control_oct
31,290.9164,control_oct
37,291.2167,control_oct
11,291.5169,control_oct
16,291.8172,control_oct
36,292.1176,control_oct
35,292.4178,control_oct
15,292.7182,control_oct
1,293.0185,control_oct
1,293.3188,control_oct
19,293.62,control_oct
1,293.9194,control_oct
1,294.2197,control_oct
15,294.52,control_oct
15,294.8203,control_oct
1,295.1207,control_oct
1,295.421,control_oct
19,295.7213,control_oct
15,296.0216,control_oct
15,296.3219,control_oct
15,296.6223,control_oct
15,296.9225,control_oct
19,297.2228,control_oct
19,297.5232,control_oct
15,297.8235,control_oct
15,298.1238,control_oct
15,298.4241,control_oct
15,298.7244,control_oct
19,299.0247,control_oct
1,299.325,control_oct
12,299.6253,control_oct
35,299.9256,control_oct
11,300.226,control_oct
11,300.5263,control_oct
17,300.8266,control_oct
11,301.1269,control_oct
15,301.4272,control_oct
19,301.7276,control_oct
12,302.0278,control_oct
17,302.3281,control_oct
19,302.6284,control_oct
20,302.9287,control_oct
18,303.229,control_oct
15,303.5294,control_oct
15,303.8297,control_oct
15,304.13,control_oct
1,304.4303,control_oct
7,304.7306,control_oct
7,305.0309,control_oct
19,305.3312,control_oct
19,305.6316,control_oct
8,305.9318,control_oct
19,306.2322,control_oct
15,306.5325,control_oct
11,306.8328,control_oct
8,307.1331,control_oct
19,307.4333,control_oct
11,307.7337,control_oct
19,308.034,control_oct
18,308.3344,control_oct
37,308.6347,control_oct
37,308.9349,control_oct
37,309.2353,control_oct
12,309.5356,control_oct
15,309.8358,control_oct
1,310.1362,control_oct
37,310.4365,control_oct
12,310.7368,control_oct
7,311.0371,control_oct
15,311.3374,control_oct
15,311.6377,control_oct
35,311.938,control_oct
19,312.2384,control_oct
15,312.5387,control_oct
19,312.839,control_oct
19,313.1393,control_oct
8,313.4396,control_oct
36,313.7399,control_oct
17,314.0402,control_oct
17,314.3405,control_oct
17,314.6408,control_oct
11,314.9412,control_oct
11,315.2415,control_oct
7,315.5418,control_oct
15,315.8421,control_oct
7,316.1424,control_oct
11,316.4428,control_oct
35,316.743,control_oct
19,317.0433,control_oct
11,317.3436,control_oct
11,317.644,control_oct
15,317.9443,control_oct
15,318.2445,control_oct
19,318.5449,control_oct
15,318.8453,control_oct
11,319.1455,control_oct
15,319.4459,control_oct
11,319.7461,control_oct
6,320.0464,control_oct
10,320.3468,control_oct
6,320.647,control_oct
11,320.9474,control_oct
1,321.2477,control_oct
32,321.548,control_oct
15,321.8483,control_oct
7,322.1485,control_oct
1,322.4489,control_oct
8,322.7492,control_oct
8,323.0495,control_oct
11,323.3499,control_oct
11,323.6501,control_oct
15,323.9505,control_oct
5,324.2508,control_oct
19,324.5511,control_oct
19,324.8514,control_oct
15,325.1517,control_oct
15,325.452,control_oct
19,325.7524,control_oct
19,326.0526,control_oct
11,326.353,control_oct
17,326.6533,control_oct
19,326.9536,control_oct
16,327.2539,control_oct
25,327.5542,control_oct
12,327.8545,control_oct
8,328.1548,control_oct
5,328.4552,control_oct
5,328.7554,control_oct
7,329.0558,control_oct
7,329.3561,control_oct
2,329.6564,control_oct
32,329.9567,control_oct
7,330.257,control_oct
15,330.5573,control_oct
12,330.8576,control_oct
16,331.158,control_oct
10,331.4583,control_oct
25,331.7586,control_oct
10,332.0589,control_oct
36,332.3592,control_oct
36,332.6595,control_oct
8,332.9598,control_oct
11,333.2601,control_oct
5,333.5604,control_oct
5,333.8608,control_oct
5,334.161,control_oct
11,334.4614,control_oct
19,334.7617,control_oct
15,335.062,control_oct
15,335.3623,control_oct
19,335.6626,control_oct
19,335.9629,control_oct
12,336.2632,control_oct
17,336.5636,control_oct
36,336.8639,control_oct
11,337.1642,control_oct
7,337.4644,control_oct
14,337.7648,control_oct
15,338.0651,control_oct
15,338.3654,control_oct
15,338.6657,control_oct
7,338.966,control_oct
1,339.2663,control_oct
19,339.5666,control_oct
15,339.8669,control_oct
15,340.1673,control_oct
15,340.4676,control_oct
15,340.7679,control_oct
7,341.0682,control_oct
15,341.3685,control_oct
14,341.6689,control_oct
15,341.9691,control_oct
19,342.2695,control_oct
15,342.5698,control_oct
1,342.87,control_oct
8,343.1704,control_oct
12,343.4707,control_oct
19,343.771,control_oct
15,344.0713,control_oct
15,344.3716,control_oct
15,344.6719,control_oct
20,344.9722,control_oct
15,345.2725,control_oct
15,345.5728,control_oct
15,345.8732,control_oct
15,346.1735,control_oct
7,346.4738,control_oct
7,346.7741,control_oct
1,347.0744,control_oct
1,347.3748,control_oct
7,347.675,control_oct
7,347.9754,control_oct
15,348.2756,control_oct
15,348.5759,control_oct
15,348.8763,control_oct
15,349.1766,control_oct
23,349.4769,control_oct
1,349.7772,control_oct
19,350.0775,control_oct
35,350.3778,control_oct
11,350.6782,control_oct
12,350.9784,control_oct
1,351.2788,control_oct
11,351.5791,control_oct
11,351.8794,control_oct
15,352.1797,control_oct
15,352.48,control_oct
15,352.7803,control_oct
1,353.0806,control_oct
1,353.3809,control_oct
18,353.6812,control_oct
18,353.9815,control_oct
31,354.2819,control_oct
18,354.5822,control_oct
18,354.8824,control_oct
31,355.1828,control_oct
18,355.4831,control_oct
26,355.7834,control_oct
18,356.0837,control_oct
6,356.384,control_oct
6,356.6844,control_oct
25,356.9847,control_oct
37,357.285,control_oct
6,357.5853,control_oct
37,357.8856,control_oct
18,358.1859,control_oct
18,358.4862,control_oct
37,358.7866,control_oct
18,359.0868,control_oct
6,359.3872,control_oct
37,359.6875,control_oct
37,359.9877,control_oct
37,360.2881,control_oct
26,360.5884,control_oct
18,360.8887,control_oct
37,361.189,control_oct
18,361.4893,control_oct
18,361.7896,control_oct
13,362.0899,control_oct
6,362.3903,control_oct
13,362.6906,control_oct
7,362.9909,control_oct
1,363.2912,control_oct
15,363.5915,control_oct
15,363.8918,control_oct
19,364.1921,control_oct
19,364.4924,control_oct
15,364.7927,control_oct
15,365.0931,control_oct
19,365.3933,control_oct
11,365.6937,control_oct
18,365.994,control_oct
37,366.2943,control_oct
18,366.5946,control_oct
18,366.8948,control_oct
13,367.1952,control_oct
18,367.4955,control_oct
18,367.7958,control_oct
18,368.0961,control_oct
6,368.3964,control_oct
10,368.6967,control_oct
10,368.9971,control_oct
10,369.2974,control_oct
37,369.5977,control_oct
18,369.898,control_oct
19,370.1983,control_oct
35,370.4986,control_oct
35,370.799,control_oct
7,371.0992,control_oct
15,371.3996,control_oct
11,371.6999,control_oct
19,372.0001,control_oct
12,372.3005,control_oct
8,372.6008,control_oct
19,372.9012,control_oct
19,373.2014,control_oct
15,373.5017,control_oct
15,373.802,control_oct
11,374.1024,control_oct
17,374.4027,control_oct
12,374.703,control_oct
15,375.0033,control_oct
1,375.3036,control_oct
18,375.6039,control_oct
18,375.9042,control_oct
18,376.2045,control_oct
31,376.5048,control_oct
18,376.8052,control_oct
6,377.1054,control_oct
31,377.4058,control_oct
18,377.7061,control_oct
37,378.0064,control_oct
18,378.3067,control_oct
18,378.607,control_oct
26,378.9073,control_oct
18,379.2076,control_oct
18,379.5079,control_oct
13,379.8082,control_oct
13,380.1085,control_oct
37,380.4088,control_oct
18,380.7092,control_oct
15,381.0095,control_oct
1,381.6101,control_oct
19,381.9104,control_oct
11,382.2108,control_oct
19,382.511,control_oct
19,382.8114,control_oct
11,383.1116,control_oct
19,383.4119,control_oct
19,383.7123,control_oct
19,384.0126,control_oct
19,384.3129,control_oct
19,384.6132,control_oct
19,384.9135,control_oct
19,385.2138,control_oct
18,385.5141,control_oct
18,385.8144,control_oct
37,386.1148,control_oct
6,386.4151,control_oct
37,386.7154,control_oct
26,387.0156,control_oct
37,387.6163,control_oct
6,387.9166,control_oct
17,388.2169,control_oct
10,388.5172,control_oct
10,388.8175,control_oct
6,389.1178,control_oct
37,389.4181,control_oct
14,389.7184,control_oct
31,390.0188,control_oct
7,390.3191,control_oct
1,390.6194,control_oct
19,390.9197,control_oct
19,391.22,control_oct
6,391.5203,control_oct
37,391.8206,control_oct
35,392.1209,control_oct
35,392.4212,control_oct
35,392.7216,control_oct
35,393.0219,control_oct
13,393.3222,control_oct
37,393.6225,control_oct
18,393.9228,control_oct
31,394.2231,control_oct
11,394.5234,control_oct
19,394.8237,control_oct
15,395.1241,control_oct
15,395.4243,control_oct
19,395.7246,control_oct
37,396.0249,control_oct
6,396.3252,control_oct
11,396.6256,control_oct
15,396.9259,control_oct
15,397.2262,control_oct
35,397.5265,control_oct
11,397.8268,control_oct
7,398.1271,control_oct
14,398.4274,control_oct
26,398.7277,control_oct
15,399.028,control_oct
7,399.3284,control_oct
6,399.6287,control_oct
13,399.929,control_oct
7,400.2292,control_oct
7,400.5296,control_oct
7,400.8299,control_oct
15,401.1302,control_oct
35,401.4305,control_oct
11,401.7308,control_oct
11,402.0311,control_oct
15,402.3314,control_oct
11,402.6317,control_oct
11,402.9321,control_oct
36,403.2324,control_oct
6,403.5326,control_oct
10,403.833,control_oct
10,404.1333,control_oct
18,404.4336,control_oct
18,404.7339,control_oct
18,405.0342,control_oct
13,405.3346,control_oct
6,405.6349,control_oct
10,405.9351,control_oct
17,406.2354,control_oct
17,406.5358,control_oct
17,406.8361,control_oct
12,407.1364,control_oct
1,407.4367,control_oct
20,407.737,control_oct
15,408.0373,control_oct
15,408.3377,control_oct
12,408.638,control_oct
1,408.9382,control_oct
19,409.2386,control_oct
11,409.5389,control_oct
12,409.8392,control_oct
15,410.1395,control_oct
15,410.7401,control_oct
15,411.0404,control_oct
19,411.3407,control_oct
15,411.641,control_oct
15,411.9414,control_oct
15,412.2417,control_oct
11,412.542,control_oct
36,412.8423,control_oct
1,413.1426,control_oct
7,413.4429,control_oct
30,413.7432,control_oct
30,414.0435,control_oct
32,414.3438,control_oct
19,414.6442,control_oct
15,414.9444,control_oct
15,415.2447,control_oct
7,415.545,control_oct
32,415.8454,control_oct
5,416.1457,control_oct
2,416.446,control_oct
32,416.7463,control_oct
5,417.0467,control_oct
32,417.3469,control_oct
5,417.6473,control_oct
32,417.9476,control_oct
5,418.2478,control_oct
5,418.5482,control_oct
5,418.8485,control_oct
5,419.1488,control_oct
5,419.4491,control_oct
7,419.7494,control_oct
20,420.0497,control_oct
20,420.35,control_oct
20,420.6503,control_oct
1,420.9506,control_oct
20,421.251,control_oct
7,421.8516,control_oct
7,422.4522,control_oct
15,422.7525,control_oct
7,423.0529,control_oct
1,423.3531,control_oct
31,423.6535,control_oct
23,423.9537,control_oct
37,424.254,control_oct
23,424.5544,control_oct
23,424.8547,control_oct
7,425.155,control_oct
7,425.4553,control_oct
23,425.7556,control_oct
7,426.0559,control_oct
7,426.3562,control_oct
27,426.6565,control_oct
14,426.9569,control_oct
26,427.2572,control_oct
31,427.5575,control_oct
23,427.8578,control_oct
37,428.1581,control_oct
15,428.4584,control_oct
15,428.7588,control_oct
20,429.0591,control_oct
1,429.3594,control_oct
7,429.6597,control_oct
20,429.96,control_oct
15,430.2653,control_oct
1,430.5606,control_oct
20,430.861,control_oct
1,431.1612,control_oct
19,431.4615,control_oct
36,431.7619,control_oct
16,432.0622,control_oct
17,432.3625,control_oct
17,432.6628,control_oct
17,432.9631,control_oct
35,433.2634,control_oct
7,433.5637,control_oct
1,433.864,control_oct
11,434.1644,control_oct
16,434.4647,control_oct
17,434.765,control_oct
17,435.0653,control_oct
17,435.3656,control_oct
16,435.6659,control_oct
17,435.9663,control_oct
36,436.2665,control_oct
36,436.5668,control_oct
17,436.8672,control_oct
19,437.1675,control_oct
15,437.4678,control_oct
20,437.7681,control_oct
19,438.0684,control_oct
11,438.3687,control_oct
36,438.6691,control_oct
8,438.9694,control_oct
36,439.2697,control_oct
17,439.57,control_oct
17,439.8703,control_oct
17,440.1706,control_oct
36,440.4709,control_oct
23,440.7712,control_oct
20,441.0715,control_oct
20,441.3718,control_oct
30,441.6722,control_oct
30,441.9724,control_oct
30,442.2728,control_oct
20,442.5731,control_oct
7,442.8734,control_oct
7,443.1738,control_oct
5,443.474,control_oct
5,443.7744,control_oct
5,444.0747,control_oct
15,444.375,control_oct
5,444.6753,control_oct
5,444.9756,control_oct
5,445.2759,control_oct
5,445.5762,control_oct
5,445.8765,control_oct
7,446.1768,control_oct
7,446.4771,control_oct
7,446.7774,control_oct
5,447.0778,control_oct
5,447.3781,control_oct
5,447.6784,control_oct
36,447.9787,control_oct
36,448.279,control_oct
16,448.5794,control_oct
17,448.8796,control_oct
16,449.18,control_oct
17,449.4803,control_oct
24,449.7806,control_oct
17,450.0809,control_oct
36,450.3812,control_oct
16,450.6816,control_oct
15,450.9868,control_oct
5,451.2822,control_oct
5,451.5825,control_oct
1,451.8827,control_oct
15,452.183,control_oct
11,452.4834,control_oct
11,452.7837,control_oct
11,453.084,control_oct
17,453.3844,control_oct
17,453.6846,control_oct
17,453.985,control_oct
17,454.2853,control_oct
17,454.5856,control_oct
24,454.8859,control_oct
17,455.1862,control_oct
17,455.4866,control_oct
17,455.7869,control_oct
16,456.0872,control_oct
17,456.3875,control_oct
8,456.6878,control_oct
1,456.9881,control_oct
15,457.2884,control_oct
11,457.5888,control_oct
36,457.8891,control_oct
16,458.1894,control_oct
8,458.4896,control_oct
11,458.79,control_oct
35,459.0903,control_oct
8,459.3906,control_oct
24,459.6909,control_oct
36,459.9912,control_oct
11,460.2916,control_oct
12,460.5918,control_oct
35,460.8922,control_oct
36,461.1925,control_oct
17,461.4928,control_oct
35,461.7931,control_oct
36,462.0934,control_oct
35,462.3937,control_oct
16,462.6941,control_oct
8,462.9944,control_oct
19,463.2947,control_oct
35,463.595,control_oct
36,463.8954,control_oct
36,464.1956,control_oct
16,464.496,control_oct
36,464.7962,control_oct
16,465.0966,control_oct
36,465.3969,control_oct
36,465.6972,control_oct
12,465.9976,control_oct
19,466.2978,control_oct
35,466.5981,control_oct
36,466.8984,control_oct
12,467.1988,control_oct
19,467.4991,control_oct
36,467.7994,control_oct
17,468.0997,control_oct
12,468.4,control_oct
35,468.7004,control_oct
35,469.0006,control_oct
8,469.301,control_oct
17,469.6013,control_oct
12,469.9016,control_oct
35,470.2019,control_oct
36,470.5022,control_oct
12,470.8026,control_oct
11,471.1029,control_oct
11,471.4032,control_oct
36,471.7034,control_oct
25,472.0038,control_oct
25,472.3041,control_oct
10,472.6044,control_oct
36,472.9047,control_oct
10,473.205,control_oct
8,473.5054,control_oct
35,473.8057,control_oct
35,474.106,control_oct
12,474.4063,control_oct
19,474.7066,control_oct
15,475.007,control_oct
19,475.3073,control_oct
35,475.6076,control_oct
35,475.9079,control_oct
15,476.2082,control_oct
11,476.5085,control_oct
35,476.8088,control_oct
8,477.1091,control_oct
11,477.4095,control_oct
35,477.7098,control_oct
8,478.01,control_oct
12,478.3104,control_oct
17,478.6107,control_oct
16,478.911,control_oct
16,479.2114,control_oct
8,479.5116,control_oct
35,479.812,control_oct
17,480.1123,control_oct
17,480.4126,control_oct
16,480.7129,control_oct
36,481.0132,control_oct
17,481.3136,control_oct
11,481.6138,control_oct
15,481.9141,control_oct
15,482.2145,control_oct
19,482.5148,control_oct
36,482.815,control_oct
36,483.1154,control_oct
36,483.4157,control_oct
11,483.716,control_oct
35,484.0164,control_oct
12,484.3167,control_oct
16,484.617,control_oct
36,484.9173,control_oct
16,485.2176,control_oct
8,485.5179,control_oct
16,485.8182,control_oct
17,486.1186,control_oct
35,486.4188,control_oct
35,486.7192,control_oct
36,487.0195,control_oct
35,487.3198,control_oct
11,487.6201,control_oct
36,487.9204,control_oct
15,488.2207,control_oct
12,488.5211,control_oct
35,488.8214,control_oct
35,489.1217,control_oct
36,489.422,control_oct
11,489.7223,control_oct
7,490.0226,control_oct
11,490.3229,control_oct
11,490.6233,control_oct
35,490.9236,control_oct
19,491.2238,control_oct
8,491.5242,control_oct
36,491.8244,control_oct
16,492.1248,control_oct
36,492.4252,control_oct
16,492.7255,control_oct
36,493.0258,control_oct
8,493.3261,control_oct
19,493.6264,control_oct
35,493.9267,control_oct
36,494.227,control_oct
12,494.5273,control_oct
36,494.8277,control_oct
11,495.1279,control_oct
35,495.4283,control_oct
36,495.7286,control_oct
36,496.0289,control_oct
16,496.3292,control_oct
16,496.6295,control_oct
11,496.9298,control_oct
17,497.2302,control_oct
17,497.5304,control_oct
17,497.8308,control_oct
17,498.1311,control_oct
35,498.4314,control_oct
17,498.7317,control_oct
36,499.032,control_oct
8,499.3323,control_oct
17,499.6326,control_oct
19,499.933,control_oct
11,500.2333,control_oct
12,500.5336,control_oct
36,500.8339,control_oct
11,501.1342,control_oct
12,501.4346,control_oct
36,501.7349,control_oct
36,502.0352,control_oct
16,502.3355,control_oct
12,502.6358,control_oct
15,502.9361,control_oct
1,503.2364,control_oct
12,503.5367,control_oct
16,503.8371,control_oct
8,504.1373,control_oct
1,504.4377,control_oct
8,504.738,control_oct
11,505.0383,control_oct
16,505.3386,control_oct
36,505.6389,control_oct
19,505.9392,control_oct
19,506.2395,control_oct
7,506.5399,control_oct
11,506.8402,control_oct
12,507.1405,control_oct
35,507.4408,control_oct
35,507.7412,control_oct
17,508.0415,control_oct
35,508.3418,control_oct
11,508.6421,control_oct
35,508.9424,control_oct
36,509.2427,control_oct
35,509.543,control_oct
11,509.8433,control_oct
35,510.1436,control_oct
35,510.444,control_oct
36,510.7442,control_oct
36,511.0446,control_oct
16,511.3449,control_oct
35,511.6452,control_oct
12,511.9455,control_oct
24,512.2459,control_oct
11,512.5461,control_oct
11,512.8465,control_oct
11,513.1468,control_oct
19,513.447,control_oct
15,513.7474,control_oct
19,514.0477,control_oct
12,514.3481,control_oct
36,514.6484,control_oct
35,514.9487,control_oct
35,515.249,control_oct
19,515.5493,control_oct
19,515.8496,control_oct
11,516.1499,control_oct
15,516.4659,control_oct
15,516.7505,control_oct
15,517.0508,control_oct
35,517.3511,control_oct
35,517.6515,control_oct
36,517.9518,control_oct
35,518.2521,control_oct
36,518.5524,control_oct
19,518.8527,control_oct
7,519.1531,control_oct
7,519.4534,control_oct
7,519.7536,control_oct
7,520.054,control_oct
7,520.3543,control_oct
7,520.6546,control_oct
15,520.9549,control_oct
35,521.2552,control_oct
36,521.5556,control_oct
17,521.8558,control_oct
17,522.1562,control_oct
36,522.4565,control_oct
17,522.7568,control_oct
35,523.0571,control_oct
17,523.3583,control_oct
11,523.6586,control_oct
15,523.958,control_oct
11,524.2584,control_oct
24,524.5587,control_oct
24,524.859,control_oct
24,525.1594,control_oct
35,525.4596,control_oct
20,525.7599,control_oct
20,526.0603,control_oct
1,526.3606,control_oct
15,526.6609,control_oct
7,526.9612,control_oct
7,527.2615,control_oct
15,527.5618,control_oct
11,527.8621,control_oct
11,528.1625,control_oct
35,528.4628,control_oct
11,528.763,control_oct
15,529.0634,control_oct
19,529.3636,control_oct
19,529.664,control_oct
15,529.9644,control_oct
1,530.2646,control_oct
19,530.565,control_oct
19,530.8652,control_oct
12,531.1656,control_oct
8,531.4659,control_oct
12,531.7662,control_oct
19,532.0665,control_oct
11,532.3668,control_oct
11,532.6671,control_oct
11,532.9674,control_oct
36,533.2678,control_oct
11,533.5681,control_oct
11,533.8684,control_oct
8,534.1687,control_oct
15,534.469,control_oct
12,534.7694,control_oct
35,535.0697,control_oct
15,535.37,control_oct
19,535.6703,control_oct
11,535.9706,control_oct
19,536.2709,control_oct
19,536.5713,control_oct
12,536.8715,control_oct
35,537.1718,control_oct
12,537.4722,control_oct
16,537.7725,control_oct
10,538.0728,control_oct
13,538.3731,control_oct
14,538.6734,control_oct
18,538.9737,control_oct
37,539.274,control_oct
31,539.5743,control_oct
37,539.8747,control_oct
19,540.1749,control_oct
1,540.4753,control_oct
15,540.7756,control_oct
19,541.0759,control_oct
19,541.3762,control_oct
11,541.6766,control_oct
11,541.9769,control_oct
11,542.2772,control_oct
11,542.5775,control_oct
17,542.8787,control_oct
36,543.1781,control_oct
17,543.4784,control_oct
16,543.7788,control_oct
8,544.079,control_oct
19,544.3794,control_oct
19,544.6796,control_oct
15,544.9799,control_oct
23,545.2803,control_oct
15,545.5806,control_oct
15,545.8809,control_oct
15,546.4815,control_oct
15,546.7818,control_oct
7,547.0822,control_oct
15,547.3825,control_oct
19,547.6828,control_oct
15,547.9831,control_oct
11,548.2834,control_oct
11,548.5837,control_oct
7,548.8841,control_oct
15,549.1843,control_oct
11,549.4847,control_oct
12,549.785,control_oct
35,550.0853,control_oct
7,550.3856,control_oct
7,550.6859,control_oct
15,550.9862,control_oct
19,551.2865,control_oct
11,551.5868,control_oct
17,551.8871,control_oct
19,552.1875,control_oct
15,552.4878,control_oct
7,552.7881,control_oct
31,553.0884,control_oct
18,553.3887,control_oct
15,553.689,control_oct
19,553.9893,control_oct
19,554.2897,control_oct
19,554.59,control_oct
11,554.8903,control_oct
35,555.1906,control_oct
11,555.4909,control_oct
15,555.7913,control_oct
35,556.0915,control_oct
15,556.3919,control_oct
15,556.6922,control_oct
15,556.9925,control_oct
19,557.2928,control_oct
12,557.5932,control_oct
1,557.8934,control_oct
19,558.1937,control_oct
15,558.494,control_oct
7,558.7943,control_oct
7,559.0947,control_oct
9,559.3949,control_oct
7,559.6952,control_oct
15,559.9956,control_oct
32,560.2959,control_oct
1,560.5962,control_oct
7,560.9015,control_oct
27,561.1968,control_oct
7,561.4971,control_oct
1,561.7975,control_oct
11,562.0978,control_oct
24,562.3981,control_oct
24,562.6984,control_oct
11,562.9987,control_oct
11,563.299,control_oct
11,563.5993,control_oct
24,563.8997,control_oct
11,564.1999,control_oct
12,564.5003,control_oct
17,564.8006,control_oct
36,565.1009,control_oct
17,565.4012,control_oct
17,565.7015,control_oct
7,566.0019,control_oct
15,566.3021,control_oct
24,566.6025,control_oct
24,566.9028,control_oct
36,567.2031,control_oct
17,567.5034,control_oct
17,567.8037,control_oct
17,568.1041,control_oct
11,568.4044,control_oct
12,568.7047,control_oct
12,569.005,control_oct
35,569.3053,control_oct
31,569.6056,control_oct
31,569.9059,control_oct
31,570.2062,control_oct
7,570.5065,control_oct
1,570.8068,control_oct
19,571.1071,control_oct
15,571.4075,control_oct
11,571.7077,control_oct
19,572.0081,control_oct
19,572.3084,control_oct
15,572.6087,control_oct
7,572.909,control_oct
20,573.2093,control_oct
15,573.5097,control_oct
7,573.81,control_oct
31,574.1102,control_oct
31,574.4106,control_oct
20,574.7109,control_oct
7,575.0112,control_oct
1,575.3115,control_oct
20,575.6118,control_oct
7,575.9121,control_oct
7,576.2124,control_oct
32,576.5128,control_oct
1,576.813,control_oct
35,577.1134,control_oct
35,577.4137,control_oct
17,577.714,control_oct
17,578.0143,control_oct
16,578.3146,control_oct
11,578.6149,control_oct
15,578.9153,control_oct
11,579.2156,control_oct
17,579.5159,control_oct
17,579.8162,control_oct
36,580.1165,control_oct
15,580.4193,control_oct
20,580.7171,control_oct
11,581.0174,control_oct
35,581.3178,control_oct
11,581.618,control_oct
19,581.9184,control_oct
12,582.2187,control_oct
15,582.519,control_oct
35,582.8193,control_oct
15,583.1196,control_oct
11,583.42,control_oct
10,583.7203,control_oct
26,584.0206,control_oct
26,584.3209,control_oct
26,584.6212,control_oct
37,584.9215,control_oct
26,585.2218,control_oct
31,585.5221,control_oct
18,585.8225,control_oct
18,586.1228,control_oct
37,586.423,control_oct
26,586.7233,control_oct
31,587.0237,control_oct
18,587.324,control_oct
18,587.6243,control_oct
31,587.9246,control_oct
26,588.225,control_oct
26,588.5253,control_oct
26,588.8255,control_oct
31,589.1259,control_oct
18,589.4262,control_oct
31,589.7266,control_oct
26,590.0268,control_oct
27,590.3271,control_oct
37,590.6275,control_oct
37,590.9277,control_oct
13,591.2281,control_oct
6,591.5284,control_oct
37,591.8287,control_oct
18,592.129,control_oct
13,592.4293,control_oct
18,592.7296,control_oct
18,593.0299,control_oct
18,593.3302,control_oct
18,593.6305,control_oct
1,593.9309,control_oct
23,594.2312,control_oct
1,594.5316,control_oct
1,594.8318,control_oct
19,595.1322,control_oct
19,595.4324,control_oct
11,595.7328,control_oct
19,596.0331,control_oct
12,596.3334,control_oct
12,596.6337,control_oct
16,596.934,control_oct
25,597.2343,control_oct
37,597.5347,control_oct
26,597.8349,control_oct
6,598.1353,control_oct
6,598.4356,control_oct
36,598.7359,control_oct
10,599.0362,control_oct
25,599.3365,control_oct
37,599.6368,control_oct
37,599.9372,control_oct
18,600.2375,control_oct
18,600.5378,control_oct
18,600.838,control_oct
18,601.1384,control_oct
18,601.4387,control_oct
18,601.739,control_oct
37,602.0393,control_oct
21,602.3396,control_oct
21,602.64,control_oct
18,602.9403,control_oct
6,603.2406,control_oct
10,603.5409,control_oct
10,603.8412,control_oct
10,604.1415,control_oct
10,604.4419,control_oct
10,604.7421,control_oct
25,605.0425,control_oct
37,605.3428,control_oct
18,605.6431,control_oct
6,605.9434,control_oct
13,606.2437,control_oct
26,606.544,control_oct
20,606.8444,control_oct
15,607.1446,control_oct
15,607.4449,control_oct
19,607.7453,control_oct
15,608.0456,control_oct
19,608.3459,control_oct
35,608.6462,control_oct
19,608.9465,control_oct
35,609.2468,control_oct
35,609.5472,control_oct
16,609.8475,control_oct
16,610.1478,control_oct
8,610.4506,control_oct
19,610.7484,control_oct
1,611.0487,control_oct
19,611.349,control_oct
15,611.6494,control_oct
15,611.9497,control_oct
1,612.25,control_oct
19,612.5503,control_oct
15,612.8506,control_oct
15,613.1509,control_oct
7,613.4512,control_oct
7,613.7515,control_oct
7,614.0518,control_oct
7,614.3521,control_oct
7,614.6524,control_oct
7,614.9528,control_oct
7,615.2531,control_oct
7,615.5533,control_oct
7,615.8537,control_oct
7,616.154,control_oct
15,616.4543,control_oct
24,616.7547,control_oct
15,617.055,control_oct
24,617.3553,control_oct
11,617.6556,control_oct
11,617.956,control_oct
11,618.2563,control_oct
11,618.5565,control_oct
17,618.8569,control_oct
17,619.1572,control_oct
36,619.4574,control_oct
8,619.7578,control_oct
7,620.058,control_oct
15,620.3584,control_oct
15,620.6587,control_oct
19,620.959,control_oct
11,621.2594,control_oct
19,621.5596,control_oct
20,621.86,control_oct
15,622.1603,control_oct
1,622.4605,control_oct
18,622.7608,control_oct
37,623.0612,control_oct
15,623.3615,control_oct
15,623.6618,control_oct
35,624.2625,control_oct
35,624.5628,control_oct
35,624.8631,control_oct
16,625.1634,control_oct
36,625.4637,control_oct
15,625.764,control_oct
20,626.0644,control_oct
14,626.3646,control_oct
31,626.6649,control_oct
31,626.9652,control_oct
31,627.2656,control_oct
31,627.5659,control_oct
18,627.8662,control_oct
18,628.1665,control_oct
37,628.4668,control_oct
1,628.7671,control_oct
15,629.0683,control_oct
1,629.3677,control_oct
31,629.6681,control_oct
26,629.9684,control_oct
14,630.2687,control_oct
31,630.569,control_oct
27,630.8693,control_oct
7,631.1696,control_oct
7,631.47,control_oct
7,631.7702,control_oct
7,632.0706,control_oct
14,632.3709,control_oct
31,632.6712,control_oct
13,632.9716,control_oct
6,633.2718,control_oct
16,633.5721,control_oct
36,633.8724,control_oct
35,634.1727,control_oct
7,634.473,control_oct
7,634.7734,control_oct
1,635.0737,control_oct
31,635.374,control_oct
31,635.6743,control_oct
7,635.9746,control_oct
1,636.2749,control_oct
31,636.5752,control_oct
1,636.8756,control_oct
7,637.1758,control_oct
15,637.4762,control_oct
15,637.7765,control_oct
7,638.0768,control_oct
19,638.3771,control_oct
20,638.6774,control_oct
20,638.9778,control_oct
35,639.278,control_oct
35,639.5784,control_oct
11,639.8787,control_oct
36,640.179,control_oct
16,640.4794,control_oct
17,640.7796,control_oct
17,641.08,control_oct
17,641.3803,control_oct
17,641.6805,control_oct
17,641.9809,control_oct
17,642.2812,control_oct
17,642.5815,control_oct
17,642.8818,control_oct
17,643.1821,control_oct
17,643.4825,control_oct
10,643.7827,control_oct
10,644.0831,control_oct
13,644.3834,control_oct
37,644.6837,control_oct
15,644.9841,control_oct
35,645.2843,control_oct
17,645.5846,control_oct
15,645.885,control_oct
15,646.1853,control_oct
37,646.4856,control_oct
15,646.7859,control_oct
18,647.0862,control_oct
6,647.3865,control_oct
10,647.6868,control_oct
25,647.9872,control_oct
10,648.2875,control_oct
16,648.5879,control_oct
35,648.8881,control_oct
1,649.1884,control_oct
1,649.4888,control_oct
1,649.7891,control_oct
15,650.0894,control_oct
19,650.3897,control_oct
15,650.69,control_oct
12,650.9903,control_oct
12,651.2906,control_oct
35,651.5909,control_oct
36,651.8912,control_oct
17,652.1916,control_oct
16,652.4919,control_oct
17,652.7922,control_oct
10,653.0925,control_oct
13,653.3928,control_oct
25,653.6931,control_oct
6,653.9935,control_oct
10,654.2938,control_oct
10,654.5941,control_oct
10,654.8944,control_oct
10,655.1948,control_oct
10,655.495,control_oct
10,655.7953,control_oct
11,656.0956,control_oct
16,656.3959,control_oct
25,656.6963,control_oct
10,656.9966,control_oct
11,657.2969,control_oct
35,657.5972,control_oct
35,657.8975,control_oct
36,658.1979,control_oct
16,658.4982,control_oct
10,658.7985,control_oct
10,659.0988,control_oct
17,659.3991,control_oct
36,659.6994,control_oct
17,659.9998,control_oct
17,660.3,control_oct
11,660.6004,control_oct
35,660.9007,control_oct
35,661.201,control_oct
35,661.5013,control_oct
35,661.8017,control_oct
11,662.102,control_oct
35,662.4022,control_oct
35,662.7026,control_oct
35,663.0029,control_oct
35,663.3032,control_oct
12,663.6035,control_oct
11,663.9038,control_oct
11,664.2041,control_oct
11,664.5044,control_oct
12,664.8047,control_oct
19,665.1051,control_oct
35,665.4054,control_oct
15,665.7057,control_oct
19,666.006,control_oct
12,666.3063,control_oct
35,666.6067,control_oct
12,666.9069,control_oct
35,667.2073,control_oct
17,667.5076,control_oct
36,667.8079,control_oct
15,668.1083,control_oct
11,668.4085,control_oct
17,668.7089,control_oct
36,669.0092,control_oct
17,669.3104,control_oct
31,669.6098,control_oct
37,669.9101,control_oct
35,670.2104,control_oct
36,670.5108,control_oct
12,670.811,control_oct
19,671.1114,control_oct
35,671.4117,control_oct
36,671.712,control_oct
12,672.0123,control_oct
35,672.3126,control_oct
8,672.6129,control_oct
11,672.9132,control_oct
16,673.2136,control_oct
36,673.5139,control_oct
12,673.8142,control_oct
17,674.1145,control_oct
17,674.4148,control_oct
36,674.7151,control_oct
16,675.0155,control_oct
11,675.3158,control_oct
35,675.6161,control_oct
36,675.9164,control_oct
25,676.2167,control_oct
10,676.517,control_oct
10,676.8173,control_oct
37,677.1177,control_oct
19,677.418,control_oct
35,677.7182,control_oct
12,678.0186,control_oct
18,678.3189,control_oct
6,678.6192,control_oct
12,678.9195,control_oct
19,679.2198,control_oct
19,679.5202,control_oct
18,679.8205,control_oct
13,680.1208,control_oct
6,680.4211,control_oct
36,680.7214,control_oct
36,681.0217,control_oct
17,681.322,control_oct
16,681.6224,control_oct
17,681.9227,control_oct
17,682.223,control_oct
17,682.5233,control_oct
17,682.8236,control_oct
17,683.1239,control_oct
36,683.4242,control_oct
17,683.7246,control_oct
16,684.0248,control_oct
17,684.3252,control_oct
17,684.6255,control_oct
36,684.9258,control_oct
8,685.2262,control_oct
35,685.5265,control_oct
19,685.8267,control_oct
19,686.127,control_oct
8,686.4273,control_oct
16,686.7277,control_oct
36,687.028,control_oct
16,687.3284,control_oct
17,687.6337,control_oct
35,687.929,control_oct
8,688.2292,control_oct
36,688.5296,control_oct
16,688.8299,control_oct
11,689.1302,control_oct
19,689.4305,control_oct
1,689.7308,control_oct
35,690.0311,control_oct
35,690.3315,control_oct
35,690.6317,control_oct
35,690.9321,control_oct
16,691.2324,control_oct
36,691.5327,control_oct
17,691.833,control_oct
11,692.1333,control_oct
11,692.4337,control_oct
12,692.734,control_oct
17,693.0343,control_oct
17,693.3346,control_oct
17,693.6349,control_oct
19,693.9352,control_oct
11,694.2355,control_oct
35,694.5358,control_oct
36,694.8362,control_oct
35,695.1364,control_oct
19,695.4368,control_oct
31,695.7371,control_oct
37,696.0374,control_oct
13,696.3378,control_oct
18,696.6381,control_oct
6,696.9384,control_oct
37,697.2387,control_oct
18,697.539,control_oct
31,697.8393,control_oct
13,698.1396,control_oct
31,698.44,control_oct
6,698.7403,control_oct
11,699.0405,control_oct
12,699.3408,control_oct
15,699.6412,control_oct
7,699.9415,control_oct
20,700.2418,control_oct
19,700.5421,control_oct
11,700.8424,control_oct
11,701.1428,control_oct
18,701.4431,control_oct
18,701.7434,control_oct
37,702.0436,control_oct
19,702.344,control_oct
12,702.6444,control_oct
15,702.9446,control_oct
35,703.245,control_oct
36,703.5453,control_oct
11,703.8456,control_oct
36,704.1459,control_oct
16,704.4461,control_oct
35,704.7465,control_oct
15,705.0468,control_oct
19,705.3472,control_oct
19,705.6474,control_oct
19,705.9478,control_oct
15,706.2481,control_oct
19,706.5484,control_oct
19,706.8487,control_oct
31,707.149,control_oct
31,707.4493,control_oct
27,707.7496,control_oct
31,708.0499,control_oct
31,708.3502,control_oct
37,708.6505,control_oct
7,708.9464,control_oct
7,709.2468,control_oct
26,709.5471,control_oct
31,709.8475,control_oct
18,710.1477,control_oct
13,710.448,control_oct
36,710.7484,control_oct
35,711.0486,control_oct
36,711.3489,control_oct
17,711.6493,control_oct
36,711.9496,control_oct
36,712.25,control_oct
8,712.5502,control_oct
11,712.8506,control_oct
35,713.1508,control_oct
17,713.4511,control_oct
17,713.7515,control_oct
17,714.0518,control_oct
17,714.3521,control_oct
17,714.6524,control_oct
7,714.9527,control_oct
13,715.253,control_oct
10,715.5533,control_oct
19,715.8537,control_oct
19,716.154,control_oct
20,716.4543,control_oct
15,716.7546,control_oct
19,717.0549,control_oct
20,717.3552,control_oct
7,717.6556,control_oct
19,717.9559,control_oct
35,718.2562,control_oct
36,718.5565,control_oct
16,718.8568,control_oct
15,719.1571,control_oct
8,719.4574,control_oct
35,719.7578,control_oct
17,720.058,control_oct
36,720.3584,control_oct
10,720.6587,control_oct
25,720.959,control_oct
10,721.2593,control_oct
31,721.5596,control_oct
15,721.8599,control_oct
12,722.1603,control_oct
8,722.4605,control_oct
20,722.7608,control_oct
20,723.0612,control_oct
20,723.3615,control_oct
19,723.6619,control_oct
35,723.9621,control_oct
36,724.2625,control_oct
35,724.5628,control_oct
12,724.863,control_oct
8,725.1634,control_oct
17,725.4637,control_oct
17,725.764,control_oct
12,726.0643,control_oct
13,726.3646,control_oct
6,726.6649,control_oct
6,726.9652,control_oct
25,727.2656,control_oct
10,727.5659,control_oct
10,727.8662,control_oct
10,728.1666,control_oct
10,728.4669,control_oct
13,728.7671,control_oct
37,729.0674,control_oct
13,729.3678,control_oct
6,729.6681,control_oct
6,729.9684,control_oct
24,730.2687,control_oct
13,730.569,control_oct
10,730.8693,control_oct
13,731.1696,control_oct
13,731.47,control_oct
15,731.7703,control_oct
35,732.0706,control_oct
19,732.3709,control_oct
12,732.6712,control_oct
36,732.9716,control_oct
36,733.2718,control_oct
25,733.5722,control_oct
10,733.8724,control_oct
10,734.1728,control_oct
10,734.4732,control_oct
10,734.7734,control_oct
36,735.0737,control_oct
15,735.3741,control_oct
15,735.6744,control_oct
19,735.9747,control_oct
11,736.275,control_oct
35,736.5753,control_oct
35,736.8756,control_oct
11,737.176,control_oct
35,737.4763,control_oct
15,737.7766,control_oct
1,738.0769,control_oct
18,738.3772,control_oct
18,738.6775,control_oct
6,738.9779,control_oct
6,739.2781,control_oct
37,739.5784,control_oct
15,739.8788,control_oct
23,740.1791,control_oct
19,740.4795,control_oct
35,740.7797,control_oct
25,741.08,control_oct
36,741.3803,control_oct
12,741.6806,control_oct
16,741.981,control_oct
17,742.2813,control_oct
16,742.8763,control_oct
36,743.1766,control_oct
36,743.477,control_oct
16,743.7772,control_oct
17,744.0775,control_oct
10,744.3779,control_oct
10,744.6782,control_oct
10,744.9785,control_oct
10,745.2788,control_oct
10,745.5791,control_oct
13,745.8795,control_oct
6,746.1797,control_oct
10,746.4801,control_oct
25,746.7804,control_oct
10,747.0816,control_oct
25,747.381,control_oct
10,747.6869,control_oct
18,747.9816,control_oct
12,748.282,control_oct
13,748.5823,control_oct
10,748.8826,control_oct
25,749.1829,control_oct
13,749.4832,control_oct
6,749.7835,control_oct
13,750.0839,control_oct
10,750.3842,control_oct
16,750.6845,control_oct
16,750.9848,control_oct
37,751.2851,control_oct
18,751.5854,control_oct
35,751.8857,control_oct
35,752.1861,control_oct
16,752.4863,control_oct
16,752.7867,control_oct
36,753.087,control_oct
36,753.3873,control_oct
16,753.6876,control_oct
16,753.9879,control_oct
36,754.2882,control_oct
16,754.5886,control_oct
8,754.8889,control_oct
7,755.1892,control_oct
1,755.4894,control_oct
19,755.7898,control_oct
36,756.0901,control_oct
35,756.3904,control_oct
8,756.6908,control_oct
12,756.9967,control_oct
35,757.2914,control_oct
35,757.5917,control_oct
12,757.892,control_oct
12,758.1924,control_oct
12,758.4926,control_oct
35,758.7929,control_oct
35,759.0932,control_oct
31,759.3936,control_oct
13,759.6939,control_oct
6,759.9942,control_oct
13,760.2945,control_oct
37,760.5957,control_oct
13,760.8951,control_oct
6,761.1955,control_oct
13,761.4957,control_oct
13,761.7961,control_oct
18,762.0964,control_oct
6,762.3967,control_oct
6,762.697,control_oct
37,762.9973,control_oct
18,763.2976,control_oct
37,763.598,control_oct
31,763.8983,control_oct
18,764.1986,control_oct
18,764.4989,control_oct
18,764.7993,control_oct
19,765.0996,control_oct
19,765.3998,control_oct
37,765.7002,control_oct
6,766.0004,control_oct
36,766.3008,control_oct
35,766.6011,control_oct
11,766.9014,control_oct
18,767.2017,control_oct
25,767.502,control_oct
10,767.8023,control_oct
10,768.1027,control_oct
10,768.403,control_oct
10,768.7033,control_oct
10,769.0036,control_oct
31,769.3039,control_oct
19,769.6043,control_oct
19,769.9045,control_oct
15,770.2049,control_oct
19,770.5052,control_oct
19,770.8055,control_oct
11,771.1058,control_oct
11,771.4061,control_oct
19,771.7065,control_oct
19,772.0068,control_oct
12,772.307,control_oct
35,772.6074,control_oct
18,772.9077,control_oct
37,773.2079,control_oct
18,773.5083,control_oct
18,773.8086,control_oct
18,774.1089,control_oct
18,774.4092,control_oct
6,774.7095,control_oct
18,775.0099,control_oct
18,775.3102,control_oct
31,775.6105,control_oct
37,775.9108,control_oct
13,776.212,control_oct
11,776.5114,control_oct
15,776.8117,control_oct
6,777.112,control_oct
10,777.4124,control_oct
12,777.7154,control_oct
35,778.013,control_oct
19,778.3133,control_oct
12,778.6137,control_oct
35,778.9139,control_oct
19,779.2142,control_oct
19,779.5145,control_oct
11,779.8148,control_oct
35,780.1152,control_oct
11,780.4155,control_oct
11,780.7158,control_oct
11,781.0162,control_oct
12,781.3164,control_oct
35,781.6167,control_oct
19,781.9171,control_oct
15,782.2173,control_oct
19,782.5186,control_oct
18,782.818,control_oct
18,783.1183,control_oct
26,783.4186,control_oct
11,783.7189,control_oct
31,784.0193,control_oct
19,784.3195,control_oct
19,784.6199,control_oct
37,784.9202,control_oct
18,785.2205,control_oct
37,785.5208,control_oct
18,785.8211,control_oct
18,786.1214,control_oct
37,786.4218,control_oct
26,786.722,control_oct
18,787.0224,control_oct
13,787.3227,control_oct
25,787.623,control_oct
25,787.9233,control_oct
37,788.2236,control_oct
11,788.5239,control_oct
15,788.8242,control_oct
19,789.1245,control_oct
11,789.4248,control_oct
35,789.7252,control_oct
11,790.0254,control_oct
19,790.3258,control_oct
11,790.6261,control_oct
19,790.9264,control_oct
11,791.2267,control_oct
11,791.5271,control_oct
11,791.8274,control_oct
19,792.1277,control_oct
7,792.428,control_oct
31,792.7283,control_oct
26,793.0286,control_oct
37,793.3289,control_oct
13,793.6293,control_oct
13,793.9296,control_oct
6,794.2299,control_oct
6,794.5302,control_oct
6,794.8305,control_oct
25,795.1308,control_oct
6,795.4311,control_oct
37,795.7323,control_oct
18,796.0317,control_oct
10,796.332,control_oct
10,796.6324,control_oct
25,796.9327,control_oct
10,797.233,control_oct
6,797.5332,control_oct
6,797.8336,control_oct
13,798.1339,control_oct
13,798.4342,control_oct
6,798.7345,control_oct
6,799.0349,control_oct
6,799.3352,control_oct
10,799.6355,control_oct
25,799.9358,control_oct
10,800.2362,control_oct
13,800.5364,control_oct
18,800.8367,control_oct
37,801.137,control_oct
37,801.4374,control_oct
18,801.7377,control_oct
37,802.038,control_oct
13,802.3383,control_oct
6,802.6386,control_oct
36,802.9389,control_oct
36,803.2392,control_oct
16,803.5396,control_oct
12,803.8399,control_oct
15,804.1402,control_oct
11,804.4404,control_oct
19,804.7408,control_oct
35,805.0411,control_oct
12,805.3414,control_oct
7,805.6418,control_oct
1,805.942,control_oct
7,806.2423,control_oct
32,806.5426,control_oct
7,806.8429,control_oct
7,807.1433,control_oct
11,807.4436,control_oct
11,807.7439,control_oct
15,808.0443,control_oct
15,808.3445,control_oct
1,808.6449,control_oct
19,808.9452,control_oct
11,809.2455,control_oct
11,809.5458,control_oct
11,809.8461,control_oct
15,810.1521,control_oct
1,810.4468,control_oct
15,810.747,control_oct
15,811.0474,control_oct
5,811.3477,control_oct
15,811.648,control_oct
19,811.9483,control_oct
19,812.2486,control_oct
19,812.5489,control_oct
5,812.8492,control_oct
11,813.1495,control_oct
11,813.4499,control_oct
1,813.7502,control_oct
19,814.0505,control_oct
5,814.3508,control_oct
5,814.6511,control_oct
1,814.9532,control_oct
19,815.2517,control_oct
12,815.5521,control_oct
12,815.8524,control_oct
20,816.1527,control_oct
15,816.453,control_oct
18,816.7534,control_oct
18,817.0536,control_oct
37,817.3539,control_oct
18,817.6542,control_oct
31,817.9546,control_oct
14,818.2549,control_oct
31,818.5552,control_oct
18,818.8555,control_oct
18,819.1558,control_oct
6,819.4561,control_oct
25,819.7564,control_oct
25,820.0568,control_oct
25,820.3571,control_oct
13,820.6574,control_oct
6,820.9577,control_oct
25,821.258,control_oct
35,821.5583,control_oct
35,821.8587,control_oct
13,822.1589,control_oct
13,822.4593,control_oct
19,822.7596,control_oct
19,823.0599,control_oct
19,823.3602,control_oct
15,823.6606,control_oct
19,823.9608,control_oct
19,824.2612,control_oct
11,824.5615,control_oct
19,824.8617,control_oct
15,825.1621,control_oct
19,825.4624,control_oct
35,825.7627,control_oct
19,826.063,control_oct
19,826.3633,control_oct
19,826.6636,control_oct
19,826.964,control_oct
19,827.2643,control_oct
19,827.5646,control_oct
12,827.8649,control_oct
1,828.1652,control_oct
15,828.4655,control_oct
1,828.7658,control_oct
19,829.0661,control_oct
19,829.3665,control_oct
15,829.6668,control_oct
19,829.9671,control_oct
15,830.2674,control_oct
7,830.5677,control_oct
15,830.868,control_oct
15,831.1684,control_oct
19,831.4686,control_oct
11,831.769,control_oct
15,832.0693,control_oct
19,832.3696,control_oct
19,832.6699,control_oct
11,832.9702,control_oct
15,833.2705,control_oct
15,833.5708,control_oct
15,833.8711,control_oct
7,834.1715,control_oct
32,834.4717,control_oct
19,834.7721,control_oct
19,835.0724,control_oct
19,835.3728,control_oct
19,835.673,control_oct
15,835.9733,control_oct
1,836.2736,control_oct
15,836.574,control_oct
15,836.8743,control_oct
15,837.1746,control_oct
19,837.4749,control_oct
35,837.7752,control_oct
6,838.0755,control_oct
6,838.3758,control_oct
37,838.6761,control_oct
6,838.9764,control_oct
18,839.2767,control_oct
31,839.577,control_oct
31,839.8774,control_oct
26,840.1776,control_oct
26,840.478,control_oct
26,840.7783,control_oct
37,841.0786,control_oct
11,841.379,control_oct
18,841.6792,control_oct
31,841.9796,control_oct
7,842.2798,control_oct
19,842.5802,control_oct
12,842.8805,control_oct
11,843.1808,control_oct
17,843.4811,control_oct
17,843.7815,control_oct
35,844.0818,control_oct
19,844.382,control_oct
11,844.6824,control_oct
8,844.9827,control_oct
11,845.283,control_oct
11,845.5833,control_oct
20,845.8836,control_oct
15,846.1839,control_oct
35,846.4843,control_oct
19,846.7845,control_oct
15,847.0848,control_oct
7,847.3852,control_oct
15,847.6855,control_oct
31,847.9858,control_oct
31,848.286,control_oct
32,848.5864,control_oct
7,848.8868,control_oct
7,849.1871,control_oct
11,849.4873,control_oct
8,849.7876,control_oct
15,850.0879,control_oct
7,850.3883,control_oct
7,850.6886,control_oct
8,850.9889,control_oct
8,851.2892,control_oct
8,851.5895,control_oct
8,851.8899,control_oct
12,852.1902,control_oct
16,852.4905,control_oct
16,852.7908,control_oct
12,853.0911,control_oct
12,853.3915,control_oct
36,853.6917,control_oct
25,853.9921,control_oct
25,854.2924,control_oct
6,854.5927,control_oct
10,854.9043,control_oct
6,855.1932,control_oct
25,855.4936,control_oct
31,855.7939,control_oct
31,856.0942,control_oct
11,856.3945,control_oct
19,856.6948,control_oct
19,856.9952,control_oct
35,857.2955,control_oct
10,857.5958,control_oct
10,857.8961,control_oct
10,858.1964,control_oct
10,858.4968,control_oct
25,858.7971,control_oct
6,859.0973,control_oct
6,859.3977,control_oct
10,859.698,control_oct
13,859.9983,control_oct
10,860.2986,control_oct
10,860.5989,control_oct
10,860.8993,control_oct
10,861.1996,control_oct
10,861.4999,control_oct
12,861.8002,control_oct
36,862.1005,control_oct
12,862.4017,control_oct
6,862.7011,control_oct
25,863.0014,control_oct
13,863.3017,control_oct
6,863.602,control_oct
6,863.9024,control_oct
13,864.2027,control_oct
6,864.503,control_oct
13,864.8034,control_oct
11,865.1036,control_oct
17,865.4039,control_oct
35,865.7043,control_oct
11,866.0046,control_oct
11,866.3049,control_oct
19,866.6052,control_oct
11,866.9055,control_oct
35,867.2058,control_oct
19,867.5061,control_oct
19,867.8065,control_oct
35,868.1068,control_oct
35,868.407,control_oct
13,868.7074,control_oct
13,869.0077,control_oct
13,869.308,control_oct
6,869.6083,control_oct
18,869.9086,control_oct
26,870.2089,control_oct
18,870.5093,control_oct
8,870.8096,control_oct
8,871.1099,control_oct
16,871.4102,control_oct
25,871.7106,control_oct
10,872.0109,control_oct
10,872.3112,control_oct
10,872.6115,control_oct
10,872.9118,control_oct
12,873.2121,control_oct
18,873.5133,control_oct
18,873.8127,control_oct
18,874.113,control_oct
6,874.4133,control_oct
13,874.7137,control_oct
15,875.014,control_oct
19,875.3143,control_oct
1,875.6146,control_oct
19,875.9149,control_oct
19,876.2153,control_oct
19,876.5156,control_oct
19,876.8158,control_oct
11,877.1162,control_oct
19,877.4165,control_oct
15,877.7169,control_oct
15,878.0171,control_oct
15,878.3174,control_oct
15,878.6177,control_oct
1,878.918,control_oct
15,879.2184,control_oct
31,879.5187,control_oct
31,879.819,control_oct
14,880.1193,control_oct
37,880.4196,control_oct
37,880.7199,control_oct
31,881.0203,control_oct
1,881.3205,control_oct
15,881.6208,control_oct
15,881.9212,control_oct
7,882.2214,control_oct
14,882.8221,control_oct
15,883.1225,control_oct
15,883.4227,control_oct
7,883.7231,control_oct
23,884.0234,control_oct
15,884.3236,control_oct
19,884.624,control_oct
7,884.9243,control_oct
15,885.2247,control_oct
15,885.5249,control_oct
7,885.8252,control_oct
7,886.1255,control_oct
19,886.4259,control_oct
15,886.7262,control_oct
7,887.0265,control_oct
15,887.3268,control_oct
19,887.6271,control_oct
11,887.9274,control_oct
11,888.2277,control_oct
18,888.528,control_oct
18,888.8284,control_oct
25,889.1287,control_oct
6,889.429,control_oct
6,889.7293,control_oct
6,890.0296,control_oct
13,890.3299,control_oct
26,890.6302,control_oct
1,890.9305,control_oct
20,891.2308,control_oct
7,891.5312,control_oct
1,891.8315,control_oct
7,892.1318,control_oct
30,892.4321,control_oct
7,892.7324,control_oct
7,893.0327,control_oct
30,893.333,control_oct
1,893.6334,control_oct
7,893.9336,control_oct
5,894.234,control_oct
5,894.5343,control_oct
5,894.8345,control_oct
19,895.1349,control_oct
19,895.4352,control_oct
15,895.7355,control_oct
1,896.0358,control_oct
19,896.3362,control_oct
19,896.6365,control_oct
15,896.9368,control_oct
7,897.2371,control_oct
7,897.5375,control_oct
7,897.8377,control_oct
7,898.138,control_oct
7,898.4383,control_oct
30,898.7387,control_oct
32,899.039,control_oct
32,899.3393,control_oct
15,899.6396,control_oct
11,899.9399,control_oct
15,900.2402,control_oct
7,900.5405,control_oct
7,900.8408,control_oct
32,901.1412,control_oct
7,901.4415,control_oct
5,901.7418,control_oct
5,902.0421,control_oct
5,902.3424,control_oct
11,902.6427,control_oct
8,902.943,control_oct
16,903.2434,control_oct
16,903.5436,control_oct
36,903.844,control_oct
16,904.1443,control_oct
17,904.4446,control_oct
17,904.7449,control_oct
16,905.0452,control_oct
36,905.3455,control_oct
23,905.6459,control_oct
5,905.9462,control_oct
5,906.2465,control_oct
15,906.5468,control_oct
15,906.8471,control_oct
5,907.1474,control_oct
7,907.4477,control_oct
26,907.748,control_oct
37,908.0484,control_oct
13,908.3487,control_oct
13,908.649,control_oct
6,908.9493,control_oct
18,909.2496,control_oct
26,909.5499,control_oct
32,909.8502,control_oct
26,910.1505,control_oct
26,910.4508,control_oct
37,910.7512,control_oct
27,911.0515,control_oct
27,911.3518,control_oct
27,911.6521,control_oct
27,911.9524,control_oct
29,912.2527,control_oct
27,912.5531,control_oct
27,912.8533,control_oct
7,913.1537,control_oct
7,913.454,control_oct
7,913.7543,control_oct
7,914.0546,control_oct
7,914.3549,control_oct
7,914.6552,control_oct
26,914.9555,control_oct
27,915.2558,control_oct
31,915.5562,control_oct
20,915.8565,control_oct
23,916.1568,control_oct
31,916.4571,control_oct
31,916.7574,control_oct
31,917.0577,control_oct
31,917.358,control_oct
31,917.6583,control_oct
31,917.9587,control_oct
31,918.259,control_oct
7,918.5592,control_oct
23,918.8596,control_oct
31,919.1599,control_oct
26,919.4602,control_oct
31,919.7605,control_oct
23,920.0609,control_oct
14,920.3612,control_oct
31,920.6615,control_oct
29,920.9618,control_oct
31,921.2621,control_oct
27,921.5624,control_oct
31,921.8628,control_oct
23,922.1631,control_oct
14,922.4634,control_oct
29,922.7637,control_oct
14,923.064,control_oct
13,923.3643,control_oct
20,923.6647,control_oct
1,923.965,control_oct
15,924.2653,control_oct
35,924.5655,control_oct
20,924.8659,control_oct
19,925.1662,control_oct
11,925.4665,control_oct
36,925.7668,control_oct
16,926.0671,control_oct
16,926.3674,control_oct
11,926.6678,control_oct
7,926.968,control_oct
15,927.2684,control_oct
30,927.5687,control_oct
23,927.869,control_oct
14,928.1693,control_oct
31,928.4696,control_oct
20,928.77,control_oct
1,929.0702,control_oct
18,929.3706,control_oct
6,929.6709,control_oct
20,929.9712,control_oct
20,930.2715,control_oct
23,930.5718,control_oct
20,930.8722,control_oct
20,931.1725,control_oct
20,931.4728,control_oct
28,931.7731,control_oct
29,932.0734,control_oct
23,932.3738,control_oct
30,932.674,control_oct
30,932.9743,control_oct
28,933.2747,control_oct
11,933.575,control_oct
19,933.8753,control_oct
15,934.1756,control_oct
35,934.4759,control_oct
11,934.7763,control_oct
36,935.0766,control_oct
20,935.3769,control_oct
20,935.6772,control_oct
23,935.9775,control_oct
30,936.2778,control_oct
28,936.5781,control_oct
27,936.8784,control_oct
27,937.1788,control_oct
14,937.479,control_oct
37,937.7793,control_oct
15,938.0796,control_oct
15,938.3799,control_oct
19,938.6803,control_oct
12,938.9806,control_oct
35,939.2809,control_oct
12,939.5812,control_oct
35,939.8816,control_oct
36,940.1819,control_oct
20,940.4821,control_oct
1,940.7825,control_oct
15,941.0828,control_oct
8,941.3831,control_oct
17,941.6835,control_oct
25,941.9838,control_oct
31,942.2841,control_oct
7,942.5844,control_oct
35,942.8847,control_oct
18,943.185,control_oct
13,943.4853,control_oct
13,943.7856,control_oct
6,944.086,control_oct
10,944.3863,control_oct
6,944.6866,control_oct
6,944.9869,control_oct
25,945.2872,control_oct
18,945.5875,control_oct
13,945.8878,control_oct
25,946.1882,control_oct
25,946.4884,control_oct
12,946.7888,control_oct
35,947.0891,control_oct
36,947.3894,control_oct
36,947.6897,control_oct
35,947.99,control_oct
17,948.2903,control_oct
36,948.5906,control_oct
11,948.891,control_oct
17,949.1913,control_oct
35,949.4916,control_oct
8,949.7919,control_oct
36,950.0922,control_oct
12,950.3925,control_oct
35,950.6929,control_oct
35,950.9931,control_oct
17,951.2935,control_oct
12,951.5938,control_oct
35,951.8941,control_oct
35,952.1944,control_oct
11,952.4948,control_oct
11,952.7951,control_oct
12,953.0954,control_oct
16,953.3957,control_oct
12,953.696,control_oct
12,953.9963,control_oct
8,954.2966,control_oct
19,954.5969,control_oct
12,954.8972,control_oct
8,955.1976,control_oct
36,955.4979,control_oct
35,955.7982,control_oct
20,956.0985,control_oct
5,956.3988,control_oct
20,956.7047,control_oct
20,956.9994,control_oct
12,957.2998,control_oct
35,957.6001,control_oct
35,957.9004,control_oct
35,958.2007,control_oct
11,958.5011,control_oct
36,958.8013,control_oct
11,959.1016,control_oct
36,959.4019,control_oct
35,959.7023,control_oct
35,960.0026,control_oct
11,960.3029,control_oct
35,960.6033,control_oct
35,960.9035,control_oct
35,961.2038,control_oct
11,961.5042,control_oct
25,961.8045,control_oct
10,962.1048,control_oct
10,962.4052,control_oct
10,962.7054,control_oct
10,963.0057,control_oct
36,963.306,control_oct
8,963.6064,control_oct
36,963.9067,control_oct
16,964.207,control_oct
35,964.5073,control_oct
17,964.8076,control_oct
17,965.1079,control_oct
17,965.4082,control_oct
35,965.7086,control_oct
35,966.0089,control_oct
17,966.3092,control_oct
17,966.6095,control_oct
12,966.9099,control_oct
16,967.2101,control_oct
36,967.5104,control_oct
17,967.8108,control_oct
8,968.1111,control_oct
11,968.4114,control_oct
35,968.7117,control_oct
36,969.012,control_oct
35,969.3124,control_oct
17,969.6127,control_oct
35,969.9138,control_oct
11,970.2133,control_oct
35,970.5135,control_oct
12,970.8139,control_oct
8,971.1142,control_oct
8,971.4145,control_oct
11,971.7148,control_oct
17,972.0152,control_oct
16,972.3155,control_oct
36,972.6158,control_oct
35,972.9161,control_oct
35,973.2164,control_oct
35,973.5167,control_oct
16,973.8171,control_oct
17,974.1174,control_oct
16,974.4176,control_oct
16,974.718,control_oct
17,975.0183,control_oct
17,975.3186,control_oct
8,975.6189,control_oct
8,975.9193,control_oct
35,976.2196,control_oct
35,976.5199,control_oct
11,976.8202,control_oct
12,977.1205,control_oct
11,977.4208,control_oct
19,977.7212,control_oct
7,978.0214,control_oct
8,978.3218,control_oct
36,978.6221,control_oct
17,978.9224,control_oct
16,979.2227,control_oct
16,979.523,control_oct
17,979.8233,control_oct
17,980.1236,control_oct
8,980.424,control_oct
11,980.7243,control_oct
19,981.0246,control_oct
19,981.3249,control_oct
11,981.6252,control_oct
11,981.9255,control_oct
19,982.2258,control_oct
12,982.5261,control_oct
36,982.8265,control_oct
35,983.1268,control_oct
36,983.427,control_oct
35,983.7274,control_oct
12,984.0277,control_oct
35,984.3281,control_oct
11,984.6283,control_oct
36,984.9286,control_oct
35,985.229,control_oct
11,985.5293,control_oct
35,985.8296,control_oct
15,986.1299,control_oct
15,986.4302,control_oct
19,986.7306,control_oct
35,987.0308,control_oct
19,987.3312,control_oct
19,987.6315,control_oct
35,987.9318,control_oct
35,988.2321,control_oct
7,988.5324,control_oct
15,988.8327,control_oct
19,989.133,control_oct
15,989.4334,control_oct
19,989.7336,control_oct
19,990.034,control_oct
11,990.3343,control_oct
11,990.6346,control_oct
35,990.9349,control_oct
15,991.2353,control_oct
19,991.5356,control_oct
12,991.8359,control_oct
11,992.1362,control_oct
16,992.4365,control_oct
25,992.7367,control_oct
37,993.0372,control_oct
31,993.3374,control_oct
31,993.6377,control_oct
18,993.938,control_oct
18,994.5387,control_oct
37,994.839,control_oct
14,995.1393,control_oct
31,995.4396,control_oct
20,995.7399,control_oct
1,996.0403,control_oct
12,996.3405,control_oct
35,996.6409,control_oct
35,996.9412,control_oct
19,997.2415,control_oct
11,997.5419,control_oct
12,997.8421,control_oct
18,998.1425,control_oct
37,998.4428,control_oct
11,998.7431,control_oct
23,999.0434,control_oct
1,999.3437,control_oct
19,999.644,control_oct
1,999.9443,control_oct
8,1000.2446,control_oct
12,1000.5449,control_oct
19,1000.8453,control_oct
15,1001.1455,control_oct
7,1001.4459,control_oct
1,1001.7461,control_oct
20,1002.0465,control_oct
19,1002.3468,control_oct
19,1002.6471,control_oct
19,1002.9475,control_oct
19,1003.2477,control_oct
15,1003.548,control_oct
35,1003.8484,control_oct
8,1004.1487,control_oct
1,1004.449,control_oct
7,1004.7493,control_oct
1,1005.0496,control_oct
1,1005.3499,control_oct
18,1005.6503,control_oct
18,1005.9506,control_oct
18,1006.2509,control_oct
18,1006.5512,control_oct
18,1006.8515,control_oct
37,1007.1527,control_oct
6,1007.4521,control_oct
37,1007.7524,control_oct
13,1008.0528,control_oct
6,1008.3531,control_oct
13,1008.6533,control_oct
25,1008.9537,control_oct
18,1009.254,control_oct
18,1009.5543,control_oct
37,1009.8547,control_oct
18,1010.1549,control_oct
31,1010.4553,control_oct
31,1010.7555,control_oct
26,1011.0559,control_oct
37,1011.3562,control_oct
37,1011.6565,control_oct
37,1011.9568,control_oct
19,1012.2572,control_oct
1,1012.5574,control_oct
15,1012.8578,control_oct
15,1013.1581,control_oct
19,1013.4584,control_oct
19,1013.7587,control_oct
15,1014.054,control_oct
12,1014.3552,control_oct
19,1014.6546,control_oct
5,1014.9549,control_oct
15,1015.2552,control_oct
11,1015.5556,control_oct
11,1015.8559,control_oct
18,1016.1562,control_oct
13,1016.4565,control_oct
25,1016.7568,control_oct
37,1017.0572,control_oct
6,1017.3574,control_oct
13,1017.6578,control_oct
6,1017.9581,control_oct
10,1018.2584,control_oct
25,1018.5587,control_oct
10,1018.8615,control_oct
6,1019.1594,control_oct
26,1019.4596,control_oct
7,1019.76,control_oct
7,1020.0603,control_oct
1,1020.3606,control_oct
7,1020.6609,control_oct
7,1020.9612,control_oct
31,1021.2615,control_oct
7,1021.5618,control_oct
31,1021.8621,control_oct
18,1022.1624,control_oct
35,1022.4628,control_oct
19,1022.7631,control_oct
20,1023.0634,control_oct
23,1023.3637,control_oct
7,1023.664,control_oct
7,1023.9643,control_oct
7,1024.2646,control_oct
32,1024.565,control_oct
15,1024.8653,control_oct
15,1025.1655,control_oct
15,1025.4659,control_oct
1,1025.7662,control_oct
15,1026.0665,control_oct
18,1026.3668,control_oct
13,1026.6671,control_oct
18,1026.9675,control_oct
15,1027.2677,control_oct
1,1027.5681,control_oct
15,1027.8684,control_oct
31,1028.1687,control_oct
18,1028.4716,control_oct
11,1028.7693,control_oct
35,1029.0697,control_oct
1,1029.37,control_oct
1,1029.6703,control_oct
19,1029.9706,control_oct
1,1030.2709,control_oct
15,1030.5712,control_oct
11,1030.8715,control_oct
12,1031.1718,control_oct
11,1031.4722,control_oct
15,1031.7724,control_oct
19,1032.0728,control_oct
19,1032.3731,control_oct
19,1032.6734,control_oct
15,1032.9737,control_oct
32,1033.274,control_oct
2,1033.5743,control_oct
15,1033.8747,control_oct
15,1034.1749,control_oct
37,1034.4752,control_oct
15,1034.7756,control_oct
15,1035.0759,control_oct
11,1035.3762,control_oct
19,1035.6765,control_oct
11,1035.9768,control_oct
11,1036.2771,control_oct
19,1036.5774,control_oct
15,1036.8778,control_oct
19,1037.1781,control_oct
19,1037.4784,control_oct
10,1037.7787,control_oct
18,1038.079,control_oct
37,1038.3793,control_oct
18,1038.6796,control_oct
37,1038.98,control_oct
2,1039.2803,control_oct
18,1039.5806,control_oct
15,1039.8809,control_oct
11,1040.1812,control_oct
10,1040.4815,control_oct
10,1040.7818,control_oct
10,1041.0821,control_oct
6,1041.3824,control_oct
18,1041.6827,control_oct
37,1041.9831,control_oct
37,1042.2834,control_oct
11,1042.5837,control_oct
16,1042.884,control_oct
16,1043.1844,control_oct
16,1043.4847,control_oct
36,1043.785,control_oct
8,1044.0852,control_oct
8,1044.3856,control_oct
15,1044.6859,control_oct
1,1044.9862,control_oct
15,1045.2866,control_oct
12,1045.5868,control_oct
35,1045.8871,control_oct
16,1046.1875,control_oct
12,1046.4878,control_oct
5,1046.7881,control_oct
1,1047.0883,control_oct
11,1047.3896,control_oct
11,1047.689,control_oct
15,1047.9893,control_oct
19,1048.2947,control_oct
18,1048.59,control_oct
31,1048.8903,control_oct
18,1049.1906,control_oct
26,1049.4908,control_oct
2,1049.7912,control_oct
27,1050.0915,control_oct
18,1050.3918,control_oct
18,1050.6921,control_oct
18,1050.9924,control_oct
26,1051.2928,control_oct
37,1051.593,control_oct
37,1051.8934,control_oct
12,1052.1937,control_oct
12,1052.494,control_oct
19,1052.7943,control_oct
26,1053.0947,control_oct
19,1053.3949,control_oct
35,1053.6952,control_oct
15,1053.9956,control_oct
11,1054.2959,control_oct
11,1054.5962,control_oct
11,1054.8965,control_oct
15,1055.1968,control_oct
19,1055.4972,control_oct
35,1055.7975,control_oct
15,1056.0978,control_oct
19,1056.3981,control_oct
15,1056.6984,control_oct
1,1056.9987,control_oct
1,1057.299,control_oct
19,1057.5993,control_oct
31,1057.8996,control_oct
14,1058.2,control_oct
31,1058.5003,control_oct
13,1058.8006,control_oct
7,1059.1009,control_oct
1,1059.4012,control_oct
1,1059.7015,control_oct
11,1060.0019,control_oct
1,1060.3021,control_oct
26,1060.6024,control_oct
31,1060.9028,control_oct
15,1061.2031,control_oct
15,1061.5034,control_oct
35,1061.8037,control_oct
8,1062.104,control_oct
17,1062.4044,control_oct
12,1062.7046,control_oct
1,1063.0049,control_oct
15,1063.3053,control_oct
1,1063.6056,control_oct
15,1063.9059,control_oct
31,1064.2062,control_oct
26,1064.5065,control_oct
26,1064.8068,control_oct
19,1065.1072,control_oct
11,1065.4075,control_oct
35,1065.7078,control_oct
11,1066.0081,control_oct
19,1066.3084,control_oct
32,1066.6087,control_oct
7,1066.914,control_oct
15,1067.2093,control_oct
19,1067.5097,control_oct
17,1067.81,control_oct
36,1068.1103,control_oct
16,1068.4106,control_oct
16,1068.7109,control_oct
35,1069.0112,control_oct
36,1069.3115,control_oct
16,1069.6118,control_oct
10,1069.9122,control_oct
10,1070.2125,control_oct
6,1070.5128,control_oct
15,1070.8131,control_oct
19,1071.1134,control_oct
35,1071.4188,control_oct
13,1071.714,control_oct
13,1072.0143,control_oct
18,1072.3146,control_oct
31,1072.615,control_oct
31,1072.9153,control_oct
37,1073.2156,control_oct
35,1073.5159,control_oct
35,1073.8162,control_oct
36,1074.1165,control_oct
17,1074.4168,control_oct
11,1074.7171,control_oct
11,1075.0175,control_oct
35,1075.3178,control_oct
35,1075.6181,control_oct
35,1075.9184,control_oct
8,1076.2187,control_oct
19,1076.519,control_oct
8,1076.8194,control_oct
16,1077.1196,control_oct
25,1077.42,control_oct
36,1077.7203,control_oct
16,1078.0206,control_oct
8,1078.3209,control_oct
11,1078.6212,control_oct
19,1078.9215,control_oct
11,1079.2219,control_oct
19,1079.5222,control_oct
19,1079.8225,control_oct
11,1080.1277,control_oct
12,1080.4231,control_oct
11,1080.7234,control_oct
11,1081.0237,control_oct
19,1081.324,control_oct
11,1081.6243,control_oct
11,1081.9246,control_oct
1,1082.225,control_oct
1,1082.5252,control_oct
6,1082.8256,control_oct
25,1083.1259,control_oct
31,1083.4262,control_oct
13,1083.7265,control_oct
25,1084.0268,control_oct
13,1084.3272,control_oct
6,1084.6275,control_oct
13,1084.9278,control_oct
6,1085.2281,control_oct
13,1085.5284,control_oct
12,1085.8287,control_oct
19,1086.129,control_oct
11,1086.4293,control_oct
18,1086.7296,control_oct
6,1087.03,control_oct
35,1087.3303,control_oct
19,1087.6306,control_oct
19,1087.9309,control_oct
18,1088.2312,control_oct
13,1088.5315,control_oct
18,1088.8318,control_oct
18,1089.1322,control_oct
37,1089.4324,control_oct
31,1089.7328,control_oct
31,1090.0331,control_oct
15,1090.3334,control_oct
35,1090.6337,control_oct
11,1090.934,control_oct
1,1091.2344,control_oct
15,1091.5346,control_oct
7,1091.835,control_oct
1,1092.1353,control_oct
15,1092.4356,control_oct
37,1092.7359,control_oct
37,1093.0362,control_oct
19,1093.3365,control_oct
15,1093.6369,control_oct
35,1093.9372,control_oct
35,1094.2375,control_oct
35,1094.5378,control_oct
35,1094.8381,control_oct
35,1095.1384,control_oct
35,1095.4387,control_oct
11,1095.7391,control_oct
15,1096.0394,control_oct
1,1096.3397,control_oct
8,1096.64,control_oct
35,1096.9403,control_oct
17,1097.2406,control_oct
36,1097.5409,control_oct
12,1097.8412,control_oct
15,1098.1416,control_oct
7,1098.4418,control_oct
20,1098.7422,control_oct
1,1099.0424,control_oct
1,1099.3428,control_oct
17,1099.6431,control_oct
16,1099.9434,control_oct
17,1100.2488,control_oct
17,1100.5441,control_oct
8,1100.8444,control_oct
1,1101.1447,control_oct
35,1101.445,control_oct
19,1101.7453,control_oct
11,1102.0456,control_oct
15,1102.3459,control_oct
35,1102.6462,control_oct
19,1103.2468,control_oct
11,1103.5472,control_oct
11,1103.8475,control_oct
19,1104.1478,control_oct
19,1104.4481,control_oct
11,1104.7484,control_oct
11,1105.0488,control_oct
35,1105.349,control_oct
35,1105.6494,control_oct
12,1105.9497,control_oct
35,1106.25,control_oct
1,1106.5503,control_oct
15,1106.8506,control_oct
1,1107.4512,control_oct
1,1107.7516,control_oct
1,1108.0519,control_oct
18,1108.3521,control_oct
37,1108.6524,control_oct
37,1108.9528,control_oct
18,1109.2531,control_oct
26,1109.5534,control_oct
26,1109.8537,control_oct
18,1110.154,control_oct
31,1110.4543,control_oct
37,1110.7547,control_oct
37,1111.055,control_oct
18,1111.3553,control_oct
18,1111.6556,control_oct
6,1111.9559,control_oct
37,1112.2563,control_oct
27,1112.5566,control_oct
31,1112.8569,control_oct
37,1113.1572,control_oct
19,1113.4575,control_oct
18,1113.7577,control_oct
18,1114.0581,control_oct
18,1114.3584,control_oct
31,1114.6587,control_oct
19,1114.9591,control_oct
11,1115.2593,control_oct
12,1115.5597,control_oct
12,1115.86,control_oct
19,1116.1603,control_oct
11,1116.4606,control_oct
19,1116.7609,control_oct
15,1117.0612,control_oct
5,1117.3615,control_oct
11,1117.6619,control_oct
19,1117.9621,control_oct
19,1118.2675,control_oct
12,1118.5628,control_oct
36,1118.8631,control_oct
11,1119.1634,control_oct
19,1119.4637,control_oct
15,1119.764,control_oct
11,1120.0644,control_oct
11,1120.3647,control_oct
15,1120.665,control_oct
26,1120.9652,control_oct
37,1121.2665,control_oct
13,1121.5659,control_oct
18,1121.8662,control_oct
35,1122.1665,control_oct
11,1122.4668,control_oct
12,1122.7672,control_oct
35,1123.0675,control_oct
36,1123.3678,control_oct
36,1123.6681,control_oct
17,1123.9684,control_oct
16,1124.2688,control_oct
36,1124.569,control_oct
16,1124.8693,control_oct
17,1125.1697,control_oct
35,1125.47,control_oct
13,1125.7702,control_oct
13,1126.0706,control_oct
10,1126.3709,control_oct
10,1126.6712,control_oct
24,1126.9715,control_oct
24,1127.2718,control_oct
10,1127.5722,control_oct
10,1127.8725,control_oct
12,1128.1728,control_oct
36,1128.4731,control_oct
12,1128.7734,control_oct
35,1129.0737,control_oct
36,1129.374,control_oct
16,1129.6744,control_oct
36,1129.9747,control_oct
16,1130.275,control_oct
11,1130.5752,control_oct
24,1130.8756,control_oct
24,1131.1759,control_oct
8,1131.4762,control_oct
6,1131.7765,control_oct
16,1132.0768,control_oct
16,1132.3772,control_oct
35,1132.6775,control_oct
36,1132.9778,control_oct
6,1133.278,control_oct
6,1133.5784,control_oct
16,1133.8787,control_oct
35,1134.179,control_oct
13,1134.4793,control_oct
13,1134.7796,control_oct
13,1135.08,control_oct
6,1135.3803,control_oct
35,1135.6806,control_oct
12,1135.9809,control_oct
8,1136.2812,control_oct
12,1136.5816,control_oct
35,1136.8818,control_oct
35,1137.1821,control_oct
19,1137.4825,control_oct
7,1137.7828,control_oct
19,1138.0831,control_oct
12,1138.3834,control_oct
11,1138.6837,control_oct
13,1138.984,control_oct
13,1139.2844,control_oct
13,1139.5847,control_oct
13,1139.885,control_oct
6,1140.1852,control_oct
18,1140.4856,control_oct
11,1140.7859,control_oct
1,1141.0862,control_oct
1,1141.3865,control_oct
19,1141.6868,control_oct
8,1141.9871,control_oct
12,1142.2875,control_oct
36,1142.5877,control_oct
8,1142.8881,control_oct
35,1143.1884,control_oct
16,1143.789,control_oct
25,1144.0893,control_oct
10,1144.3896,control_oct
37,1144.69,control_oct
15,1144.9903,control_oct
11,1145.2906,control_oct
35,1145.5909,control_oct
11,1145.8912,control_oct
35,1146.1916,control_oct
35,1146.4918,control_oct
35,1146.7921,control_oct
35,1147.0924,control_oct
36,1147.3928,control_oct
35,1147.6931,control_oct
11,1147.9934,control_oct
11,1148.2937,control_oct
11,1148.594,control_oct
19,1148.8943,control_oct
19,1149.1946,control_oct
1,1149.4949,control_oct
11,1149.7953,control_oct
12,1150.0956,control_oct
11,1150.3959,control_oct
8,1150.6962,control_oct
17,1150.9965,control_oct
36,1151.2969,control_oct
10,1151.5972,control_oct
13,1151.8974,control_oct
13,1152.1978,control_oct
10,1152.498,control_oct
10,1152.7983,control_oct
13,1153.0987,control_oct
17,1153.399,control_oct
19,1153.6993,control_oct
11,1153.9996,control_oct
19,1154.2999,control_oct
18,1154.6003,control_oct
37,1154.9005,control_oct
37,1155.2009,control_oct
7,1155.5012,control_oct
19,1155.8015,control_oct
11,1156.1018,control_oct
13,1156.4021,control_oct
25,1156.7024,control_oct
25,1157.0028,control_oct
13,1157.303,control_oct
15,1157.6034,control_oct
35,1157.9036,control_oct
35,1158.204,control_oct
35,1158.5043,control_oct
18,1158.8046,control_oct
13,1159.105,control_oct
25,1159.4053,control_oct
6,1159.7055,control_oct
10,1160.0059,control_oct
10,1160.3062,control_oct
10,1160.6065,control_oct
6,1160.9068,control_oct
6,1161.2071,control_oct
25,1161.5074,control_oct
10,1161.8077,control_oct
10,1162.1081,control_oct
37,1162.4084,control_oct
15,1162.7086,control_oct
15,1163.009,control_oct
8,1163.3093,control_oct
35,1163.6096,control_oct
35,1163.91,control_oct
11,1164.2103,control_oct
11,1164.5106,control_oct
12,1164.8108,control_oct
35,1165.1112,control_oct
16,1165.4115,control_oct
11,1165.7117,control_oct
11,1166.0122,control_oct
35,1166.3124,control_oct
17,1166.6127,control_oct
12,1166.913,control_oct
16,1167.2134,control_oct
35,1167.5137,control_oct
35,1167.814,control_oct
16,1168.1143,control_oct
16,1168.4146,control_oct
36,1168.7149,control_oct
15,1169.0152,control_oct
11,1169.3156,control_oct
19,1169.6159,control_oct
19,1169.9162,control_oct
19,1170.2165,control_oct
7,1170.5167,control_oct
20,1170.8171,control_oct
31,1171.1174,control_oct
18,1171.4177,control_oct
31,1171.718,control_oct
14,1172.0183,control_oct
14,1172.3186,control_oct
37,1172.6189,control_oct
18,1172.9193,control_oct
18,1173.2196,control_oct
31,1173.5199,control_oct
18,1173.8202,control_oct
31,1174.1205,control_oct
1,1174.4208,control_oct
13,1174.7212,control_oct
18,1175.0214,control_oct
6,1175.3218,control_oct
12,1175.6221,control_oct
1,1175.9224,control_oct
12,1176.2227,control_oct
12,1176.5231,control_oct
11,1176.8233,control_oct
19,1177.1236,control_oct
19,1177.4239,control_oct
11,1177.7242,control_oct
19,1178.0246,control_oct
1,1178.3249,control_oct
11,1178.6252,control_oct
19,1178.9255,control_oct
19,1179.2259,control_oct
19,1179.5261,control_oct
19,1179.8265,control_oct
11,1180.1268,control_oct
11,1180.427,control_oct
11,1180.7274,control_oct
11,1181.0277,control_oct
12,1181.328,control_oct
12,1181.6283,control_oct
19,1181.9287,control_oct
19,1182.229,control_oct
19,1182.5293,control_oct
11,1182.8296,control_oct
19,1183.1299,control_oct
11,1183.4302,control_oct
12,1183.7305,control_oct
19,1184.0308,control_oct
15,1184.3311,control_oct
19,1184.6315,control_oct
19,1184.9317,control_oct
35,1185.2321,control_oct
36,1185.5324,control_oct
36,1185.8327,control_oct
16,1186.133,control_oct
17,1186.4333,control_oct
36,1186.7336,control_oct
35,1187.0339,control_oct
35,1187.3342,control_oct
17,1187.6346,control_oct
36,1187.9348,control_oct
17,1188.2352,control_oct
17,1188.5355,control_oct
17,1188.8358,control_oct
17,1189.1361,control_oct
24,1189.4364,control_oct
10,1189.7367,control_oct
10,1190.037,control_oct
10,1190.3374,control_oct
10,1190.6376,control_oct
10,1190.938,control_oct
18,1191.2383,control_oct
13,1191.5386,control_oct
8,1191.8389,control_oct
13,1192.1392,control_oct
6,1192.4396,control_oct
25,1192.7398,control_oct
6,1193.0401,control_oct
10,1193.3405,control_oct
10,1193.6408,control_oct
10,1193.9411,control_oct
6,1194.2414,control_oct
6,1194.5417,control_oct
16,1194.842,control_oct
16,1195.1423,control_oct
13,1195.4426,control_oct
13,1195.7429,control_oct
13,1196.0433,control_oct
13,1196.3436,control_oct
6,1196.6439,control_oct
18,1196.9442,control_oct
6,1197.2445,control_oct
12,1197.5449,control_oct
35,1197.8451,control_oct
6,1198.1454,control_oct
6,1198.4457,control_oct
12,1198.7461,control_oct
13,1199.0464,control_oct
17,1199.3467,control_oct
11,1199.647,control_oct
11,1199.9473,control_oct
12,1200.2477,control_oct
15,1200.548,control_oct
19,1200.8483,control_oct
12,1201.1486,control_oct
12,1201.4489,control_oct
11,1201.7492,control_oct
15,1202.0495,control_oct
11,1202.3498,control_oct
12,1202.6501,control_oct
19,1202.9504,control_oct
35,1203.2507,control_oct
15,1203.551,control_oct
19,1203.8514,control_oct
19,1204.1534,control_oct
12,1204.452,control_oct
15,1204.7523,control_oct
15,1205.0526,control_oct
12,1205.3529,control_oct
19,1205.6532,control_oct
19,1205.9535,control_oct
19,1206.2539,control_oct
1,1206.5542,control_oct
15,1206.8545,control_oct
1,1207.1548,control_oct
18,1207.4551,control_oct
37,1207.7554,control_oct
13,1208.0557,control_oct
13,1208.3561,control_oct
37,1208.6564,control_oct
26,1208.9567,control_oct
37,1209.257,control_oct
6,1209.5573,control_oct
31,1209.8576,control_oct
13,1210.1579,control_oct
10,1210.4582,control_oct
13,1210.7585,control_oct
13,1211.0588,control_oct
13,1211.3592,control_oct
37,1211.6594,control_oct
12,1211.9598,control_oct
35,1212.2601,control_oct
35,1212.5604,control_oct
11,1212.8607,control_oct
15,1213.1611,control_oct
19,1213.4613,control_oct
15,1213.7616,control_oct
19,1214.062,control_oct
11,1214.3623,control_oct
19,1214.6626,control_oct
19,1214.9629,control_oct
11,1215.2632,control_oct
12,1215.5636,control_oct
8,1215.8638,control_oct
16,1216.1641,control_oct
17,1216.4645,control_oct
10,1216.7648,control_oct
37,1217.0651,control_oct
18,1217.3654,control_oct
13,1217.6657,control_oct
18,1217.966,control_oct
13,1218.2663,control_oct
18,1218.5667,control_oct
13,1218.867,control_oct
25,1219.1673,control_oct
18,1219.4676,control_oct
13,1219.7679,control_oct
13,1220.0682,control_oct
12,1220.3685,control_oct
15,1220.6688,control_oct
13,1220.9692,control_oct
6,1221.2694,control_oct
25,1221.5697,control_oct
6,1221.8725,control_oct
25,1222.1704,control_oct
18,1222.4707,control_oct
12,1222.771,control_oct
8,1223.0713,control_oct
15,1223.3716,control_oct
15,1223.6719,control_oct
15,1223.9723,control_oct
7,1224.2725,control_oct
15,1224.5729,control_oct
7,1224.8732,control_oct
5,1225.1735,control_oct
5,1225.4738,control_oct
8,1225.7741,control_oct
19,1226.0744,control_oct
19,1226.3747,control_oct
19,1226.675,control_oct
19,1226.9754,control_oct
19,1227.2757,control_oct
37,1227.5759,control_oct
37,1227.8763,control_oct
18,1228.1766,control_oct
37,1228.4769,control_oct
18,1228.7772,control_oct
13,1229.0775,control_oct
18,1229.3778,control_oct
18,1229.6781,control_oct
18,1229.9785,control_oct
6,1230.2788,control_oct
13,1230.5791,control_oct
31,1230.8794,control_oct
7,1231.1797,control_oct
19,1231.48,control_oct
18,1231.7803,control_oct
13,1232.0806,control_oct
37,1232.3809,control_oct
13,1232.6813,control_oct
18,1232.9816,control_oct
18,1233.2819,control_oct
37,1233.5822,control_oct
18,1233.8825,control_oct
6,1234.1828,control_oct
23,1234.4831,control_oct
7,1234.7834,control_oct
7,1235.0838,control_oct
14,1235.3841,control_oct
18,1235.6844,control_oct
6,1235.9847,control_oct
14,1236.285,control_oct
18,1236.5853,control_oct
18,1236.8856,control_oct
6,1237.186,control_oct
6,1237.4862,control_oct
10,1237.7865,control_oct
10,1238.0869,control_oct
10,1238.3872,control_oct
14,1238.6875,control_oct
31,1238.9877,control_oct
37,1239.2881,control_oct
19,1239.5884,control_oct
19,1239.8887,control_oct
11,1240.1891,control_oct
19,1240.4894,control_oct
37,1240.7897,control_oct
18,1241.09,control_oct
37,1241.3903,control_oct
18,1241.6906,control_oct
13,1241.9909,control_oct
13,1242.2912,control_oct
13,1242.5915,control_oct
18,1242.8918,control_oct
19,1243.1922,control_oct
15,1243.4924,control_oct
15,1243.7927,control_oct
8,1244.0931,control_oct
16,1244.3934,control_oct
35,1244.6937,control_oct
16,1244.994,control_oct
11,1245.2943,control_oct
8,1245.5946,control_oct
6,1245.8949,control_oct
6,1246.1952,control_oct
13,1246.4955,control_oct
6,1246.7959,control_oct
13,1247.0962,control_oct
13,1247.3964,control_oct
14,1247.6968,control_oct
14,1247.9971,control_oct
7,1248.2974,control_oct
5,1248.5977,control_oct
5,1248.898,control_oct
30,1249.1984,control_oct
7,1249.4987,control_oct
7,1249.7989,control_oct
19,1250.0993,control_oct
19,1250.3996,control_oct
19,1250.6999,control_oct
10,1251.0002,control_oct
13,1251.3005,control_oct
25,1251.6008,control_oct
25,1251.9011,control_oct
13,1252.2015,control_oct
26,1252.5017,control_oct
18,1252.802,control_oct
11,1253.1024,control_oct
11,1253.4027,control_oct
8,1253.703,control_oct
16,1254.0033,control_oct
36,1254.3036,control_oct
37,1254.604,control_oct
6,1254.9042,control_oct
13,1255.2045,control_oct
10,1255.5049,control_oct
16,1255.8052,control_oct
12,1256.1055,control_oct
35,1256.4059,control_oct
16,1256.7061,control_oct
16,1257.0064,control_oct
35,1257.3068,control_oct
36,1257.6071,control_oct
12,1257.9073,control_oct
36,1258.2076,control_oct
35,1258.508,control_oct
11,1258.8083,control_oct
13,1259.1086,control_oct
13,1259.4089,control_oct
13,1259.7092,control_oct
6,1260.0095,control_oct
18,1260.3099,control_oct
13,1260.6102,control_oct
6,1260.9105,control_oct
13,1261.2108,control_oct
13,1261.5111,control_oct
13,1261.8115,control_oct
10,1262.1117,control_oct
25,1262.4121,control_oct
18,1262.7124,control_oct
6,1263.0126,control_oct
6,1263.3129,control_oct
25,1263.6132,control_oct
25,1263.9136,control_oct
13,1264.2139,control_oct
23,1264.5142,control_oct
1,1264.8145,control_oct
35,1265.1148,control_oct
19,1265.4151,control_oct
19,1265.7155,control_oct
12,1266.0157,control_oct
19,1266.316,control_oct
15,1266.6164,control_oct
19,1266.9167,control_oct
19,1267.217,control_oct
11,1267.5173,control_oct
12,1267.8176,control_oct
36,1268.118,control_oct
36,1268.4182,control_oct
12,1268.7186,control_oct
11,1269.0189,control_oct
11,1269.3192,control_oct
36,1269.6195,control_oct
36,1269.9198,control_oct
16,1270.2201,control_oct
8,1270.5204,control_oct
35,1270.8207,control_oct
35,1271.1211,control_oct
36,1271.4213,control_oct
36,1271.7217,control_oct
35,1272.022,control_oct
16,1272.3223,control_oct
16,1272.6226,control_oct
17,1272.923,control_oct
16,1273.2233,control_oct
12,1273.5235,control_oct
35,1273.8238,control_oct
35,1274.1241,control_oct
36,1274.4244,control_oct
8,1274.7247,control_oct
35,1275.0251,control_oct
17,1275.3254,control_oct
35,1275.6257,control_oct
16,1275.926,control_oct
17,1276.2263,control_oct
16,1276.5267,control_oct
36,1276.8269,control_oct
16,1277.1273,control_oct
10,1277.4276,control_oct
10,1277.7288,control_oct
10,1278.0282,control_oct
37,1278.3285,control_oct
18,1278.6288,control_oct
37,1278.9291,control_oct
10,1279.2294,control_oct
35,1279.5298,control_oct
12,1279.8301,control_oct
17,1280.1304,control_oct
17,1280.4307,control_oct
16,1280.731,control_oct
10,1281.0313,control_oct
10,1281.3316,control_oct
14,1281.6319,control_oct
37,1281.9323,control_oct
12,1282.2325,control_oct
36,1282.5329,control_oct
16,1282.8332,control_oct
16,1283.1335,control_oct
16,1283.4338,control_oct
16,1283.7341,control_oct
8,1284.0344,control_oct
11,1284.3348,control_oct
11,1284.6351,control_oct
7,1284.9354,control_oct
7,1285.2356,control_oct
8,1285.536,control_oct
16,1285.8363,control_oct
16,1286.1367,control_oct
25,1286.4369,control_oct
10,1286.7372,control_oct
10,1287.0375,control_oct
8,1287.3379,control_oct
35,1287.6382,control_oct
19,1287.9385,control_oct
11,1288.2388,control_oct
17,1288.5391,control_oct
16,1288.8394,control_oct
35,1289.1397,control_oct
16,1289.44,control_oct
8,1289.7404,control_oct
16,1290.0406,control_oct
36,1290.341,control_oct
35,1290.6413,control_oct
11,1290.9416,control_oct
11,1291.2419,control_oct
11,1291.5422,control_oct
35,1291.8425,control_oct
35,1292.1428,control_oct
36,1292.4431,control_oct
35,1292.7435,control_oct
11,1293.0437,control_oct
35,1293.3441,control_oct
35,1293.6444,control_oct
11,1293.9447,control_oct
36,1294.245,control_oct
10,1294.5454,control_oct
10,1294.8456,control_oct
25,1295.146,control_oct
10,1295.4463,control_oct
25,1295.7465,control_oct
14,1296.0468,control_oct
18,1296.3472,control_oct
19,1296.6475,control_oct
12,1296.9478,control_oct
1,1297.2481,control_oct
11,1297.5484,control_oct
35,1297.8487,control_oct
35,1298.1491,control_oct
15,1298.4493,control_oct
7,1298.7496,control_oct
31,1299.05,control_oct
18,1299.3503,control_oct
37,1299.6506,control_oct
10,1299.9509,control_oct
19,1300.2513,control_oct
19,1300.5516,control_oct
11,1300.8518,control_oct
13,1301.1522,control_oct
11,1301.4524,control_oct
12,1301.7528,control_oct
19,1302.0531,control_oct
12,1302.3534,control_oct
15,1302.6537,control_oct
1,1302.954,control_oct
35,1303.2543,control_oct
6,1303.5547,control_oct
37,1303.8549,control_oct
12,1304.1553,control_oct
11,1304.4556,control_oct
6,1304.7559,control_oct
13,1305.0562,control_oct
13,1305.3565,control_oct
13,1305.6568,control_oct
13,1305.9572,control_oct
13,1306.2574,control_oct
6,1306.5578,control_oct
37,1306.858,control_oct
18,1307.1584,control_oct
13,1307.4587,control_oct
18,1307.759,control_oct
37,1308.0593,control_oct
13,1308.3596,control_oct
18,1308.6599,control_oct
31,1308.9602,control_oct
26,1309.2605,control_oct
31,1309.5609,control_oct
26,1309.8612,control_oct
31,1310.1615,control_oct
26,1310.4618,control_oct
26,1310.7621,control_oct
26,1311.0624,control_oct
7,1311.3627,control_oct
19,1311.663,control_oct
24,1311.9634,control_oct
24,1312.2637,control_oct
8,1312.564,control_oct
12,1312.8643,control_oct
8,1313.1646,control_oct
7,1313.4649,control_oct
1,1313.7652,control_oct
7,1314.0656,control_oct
7,1314.3658,control_oct
7,1314.6662,control_oct
7,1314.9665,control_oct
7,1315.2668,control_oct
15,1315.5671,control_oct
35,1315.8674,control_oct
8,1316.1677,control_oct
17,1316.468,control_oct
24,1316.7684,control_oct
24,1317.0686,control_oct
11,1317.369,control_oct
1,1317.6692,control_oct
19,1317.9696,control_oct
15,1318.2699,control_oct
24,1318.5702,control_oct
9,1318.8705,control_oct
4,1319.1708,control_oct
9,1319.4711,control_oct
26,1319.7739,control_oct
18,1320.0717,control_oct
37,1320.3721,control_oct
37,1320.6724,control_oct
11,1320.9727,control_oct
35,1321.273,control_oct
35,1321.5733,control_oct
12,1321.8736,control_oct
35,1322.1739,control_oct
11,1322.4743,control_oct
11,1322.7746,control_oct
35,1323.0748,control_oct
36,1323.3752,control_oct
16,1323.6755,control_oct
16,1323.9758,control_oct
8,1324.2811,control_oct
15,1324.5764,control_oct
7,1324.8767,control_oct
15,1325.1771,control_oct
17,1325.4774,control_oct
25,1325.7777,control_oct
10,1326.078,control_oct
25,1326.3783,control_oct
10,1326.6786,control_oct
25,1326.9789,control_oct
37,1327.2792,control_oct
37,1327.5795,control_oct
6,1328.1802,control_oct
13,1328.4805,control_oct
6,1328.7808,control_oct
25,1329.0811,control_oct
37,1329.3814,control_oct
18,1329.6817,control_oct
19,1329.982,control_oct
20,1330.2824,control_oct
7,1330.5827,control_oct
23,1330.883,control_oct
7,1331.1833,control_oct
20,1331.4836,control_oct
15,1331.7839,control_oct
12,1332.0842,control_oct
15,1332.3845,control_oct
6,1332.6848,control_oct
37,1332.9851,control_oct
6,1333.2855,control_oct
6,1333.5859,control_oct
25,1333.8861,control_oct
6,1334.1865,control_oct
6,1334.4868,control_oct
13,1334.787,control_oct
7,1335.0873,control_oct
26,1335.3876,control_oct
37,1335.688,control_oct
13,1335.9883,control_oct
24,1336.2886,control_oct
13,1336.5889,control_oct
11,1336.8892,control_oct
11,1337.1895,control_oct
19,1337.4899,control_oct
1,1337.7901,control_oct
20,1338.0905,control_oct
15,1338.3908,control_oct
15,1338.6911,control_oct
1,1338.9914,control_oct
1,1339.2917,control_oct
7,1339.592,control_oct
7,1339.8923,control_oct
1,1340.1926,control_oct
35,1340.4929,control_oct
16,1340.7933,control_oct
16,1341.0936,control_oct
36,1341.3939,control_oct
16,1341.6942,control_oct
17,1341.9945,control_oct
35,1342.2948,control_oct
15,1342.5952,control_oct
1,1342.8954,control_oct
15,1343.1957,control_oct
15,1343.4961,control_oct
7,1343.7964,control_oct
7,1344.0966,control_oct
15,1344.397,control_oct
35,1344.6973,control_oct
36,1344.9976,control_oct
35,1345.2979,control_oct
7,1345.5982,control_oct
1,1345.8986,control_oct
1,1346.1988,control_oct
18,1346.4992,control_oct
6,1346.7995,control_oct
13,1347.0998,control_oct
10,1347.4002,control_oct
18,1347.7004,control_oct
35,1348.0008,control_oct
35,1348.3011,control_oct
1,1348.6014,control_oct
1,1348.9017,control_oct
1,1349.202,control_oct
1,1349.5023,control_oct
15,1349.8027,control_oct
1,1350.1029,control_oct
19,1350.4032,control_oct
15,1350.7036,control_oct
15,1351.0039,control_oct
1,1351.3042,control_oct
1,1351.6044,control_oct
15,1351.9048,control_oct
35,1352.2052,control_oct
12,1352.5055,control_oct
35,1352.8058,control_oct
35,1353.106,control_oct
8,1353.4064,control_oct
11,1353.7067,control_oct
19,1354.007,control_oct
11,1354.3073,control_oct
12,1354.6076,control_oct
35,1354.908,control_oct
15,1355.2082,control_oct
19,1355.5086,control_oct
19,1355.8089,control_oct
18,1356.1092,control_oct
13,1356.4095,control_oct
37,1356.7098,control_oct
6,1357.0101,control_oct
31,1357.3104,control_oct
31,1357.6107,control_oct
31,1357.911,control_oct
26,1358.2113,control_oct
18,1358.5117,control_oct
15,1358.812,control_oct
20,1359.1123,control_oct
7,1359.4126,control_oct
7,1359.7129,control_oct
26,1360.0132,control_oct
37,1360.3135,control_oct
11,1360.6139,control_oct
24,1360.9141,control_oct
24,1361.2145,control_oct
19,1361.5148,control_oct
20,1361.8151,control_oct
19,1362.1154,control_oct
15,1362.4157,control_oct
1,1362.7161,control_oct
20,1363.0164,control_oct
15,1363.3166,control_oct
7,1363.617,control_oct
18,1363.9172,control_oct
18,1364.2176,control_oct
31,1364.5179,control_oct
31,1364.8182,control_oct
31,1365.1185,control_oct
1,1365.4188,control_oct
35,1365.7191,control_oct
19,1366.0195,control_oct
19,1366.3198,control_oct
35,1366.6201,control_oct
1,1366.9254,control_oct
23,1367.2208,control_oct
1,1367.5211,control_oct
19,1367.8213,control_oct
19,1368.1216,control_oct
15,1368.422,control_oct
15,1368.7222,control_oct
15,1369.0226,control_oct
5,1369.3229,control_oct
5,1369.6232,control_oct
32,1369.9235,control_oct
5,1370.2238,control_oct
1,1370.5241,control_oct
31,1370.8244,control_oct
26,1371.1247,control_oct
4,1371.4251,control_oct
31,1371.7254,control_oct
37,1372.0258,control_oct
12,1372.326,control_oct
19,1372.6264,control_oct
11,1372.9267,control_oct
15,1373.227,control_oct
1,1373.5273,control_oct
18,1373.8276,control_oct
31,1374.1279,control_oct
19,1374.4282,control_oct
11,1374.7285,control_oct
19,1375.0289,control_oct
19,1375.3292,control_oct
35,1375.6294,control_oct
15,1375.9298,control_oct
1,1376.23,control_oct
31,1376.5304,control_oct
26,1376.8307,control_oct
7,1377.131,control_oct
19,1377.4313,control_oct
11,1377.7316,control_oct
11,1378.032,control_oct
15,1378.3323,control_oct
19,1378.6326,control_oct
11,1378.9329,control_oct
11,1379.2332,control_oct
15,1379.5335,control_oct
19,1379.8338,control_oct
35,1380.1341,control_oct
19,1380.4344,control_oct
19,1380.7348,control_oct
19,1381.0351,control_oct
19,1381.3354,control_oct
11,1381.6356,control_oct
19,1381.936,control_oct
18,1382.2363,control_oct
18,1382.5366,control_oct
18,1382.8369,control_oct
37,1383.1372,control_oct
18,1383.4376,control_oct
10,1383.7378,control_oct
10,1384.0381,control_oct
36,1384.3385,control_oct
36,1384.6388,control_oct
16,1384.9391,control_oct
17,1385.2394,control_oct
35,1385.5398,control_oct
23,1385.84,control_oct
1,1386.1403,control_oct
19,1386.4406,control_oct
19,1386.741,control_oct
35,1387.0413,control_oct
19,1387.3416,control_oct
1,1387.6419,control_oct
31,1387.9422,control_oct
31,1388.2426,control_oct
18,1388.5428,control_oct
27,1388.8431,control_oct
1,1389.1435,control_oct
19,1389.4438,control_oct
19,1389.7441,control_oct
11,1390.0444,control_oct
20,1390.3447,control_oct
7,1390.6451,control_oct
15,1390.9453,control_oct
7,1391.2456,control_oct
7,1391.546,control_oct
7,1391.8463,control_oct
15,1392.1465,control_oct
20,1392.4469,control_oct
15,1392.7472,control_oct
15,1393.0475,control_oct
1,1393.3478,control_oct
7,1393.6481,control_oct
1,1393.9484,control_oct
15,1394.2487,control_oct
15,1394.5491,control_oct
31,1394.8494,control_oct
15,1395.1497,control_oct
1,1395.45,control_oct
19,1395.7503,control_oct
35,1396.0506,control_oct
35,1396.3509,control_oct
35,1396.6512,control_oct
11,1396.9516,control_oct
11,1397.2518,control_oct
36,1397.5522,control_oct
16,1397.8525,control_oct
12,1398.1528,control_oct
1,1398.4531,control_oct
15,1398.7534,control_oct
19,1399.0537,control_oct
11,1399.354,control_oct
12,1399.6543,control_oct
35,1399.9547,control_oct
16,1400.2549,control_oct
16,1400.5553,control_oct
16,1400.8556,control_oct
19,1401.156,control_oct
12,1401.4563,control_oct
35,1401.7565,control_oct
8,1402.0568,control_oct
11,1402.3571,control_oct
11,1402.6575,control_oct
12,1402.9578,control_oct
19,1403.2581,control_oct
12,1403.5584,control_oct
17,1403.8587,control_oct
36,1404.159,control_oct
16,1404.4593,control_oct
10,1404.7597,control_oct
36,1405.06,control_oct
10,1405.3603,control_oct
17,1405.6605,control_oct
36,1405.961,control_oct
11,1406.2612,control_oct
17,1406.5615,control_oct
17,1406.8618,control_oct
24,1407.1621,control_oct
24,1407.4624,control_oct
24,1407.7628,control_oct
10,1408.063,control_oct
10,1408.3634,control_oct
6,1408.6637,control_oct
6,1408.964,control_oct
10,1409.2643,control_oct
17,1409.5646,control_oct
36,1409.865,control_oct
17,1410.1652,control_oct
17,1410.4656,control_oct
17,1410.7659,control_oct
24,1411.0662,control_oct
11,1411.3665,control_oct
17,1411.6668,control_oct
35,1411.9671,control_oct
36,1412.2674,control_oct
35,1412.5677,control_oct
35,1412.8681,control_oct
36,1413.1683,control_oct
13,1413.4687,control_oct
16,1413.769,control_oct
36,1414.0693,control_oct
11,1414.3696,control_oct
35,1414.67,control_oct
11,1414.9703,control_oct
11,1415.2706,control_oct
19,1415.5709,control_oct
36,1415.8712,control_oct
36,1416.1715,control_oct
8,1416.4718,control_oct
36,1416.7721,control_oct
36,1417.0724,control_oct
16,1417.3728,control_oct
17,1417.6731,control_oct
17,1417.9734,control_oct
16,1418.2737,control_oct
36,1418.574,control_oct
16,1418.8743,control_oct
36,1419.1746,control_oct
36,1419.4749,control_oct
8,1419.7753,control_oct
35,1420.0756,control_oct
36,1420.3758,control_oct
8,1420.6762,control_oct
19,1420.9765,control_oct
35,1421.2768,control_oct
35,1421.5771,control_oct
11,1421.8774,control_oct
17,1422.1777,control_oct
12,1422.478,control_oct
12,1422.7783,control_oct
36,1423.0787,control_oct
16,1423.379,control_oct
11,1423.6793,control_oct
13,1423.9804,control_oct
25,1424.2808,control_oct
6,1424.5802,control_oct
6,1424.8805,control_oct
13,1425.1808,control_oct
6,1425.4812,control_oct
25,1425.7815,control_oct
13,1426.0818,control_oct
12,1426.3821,control_oct
16,1426.6824,control_oct
25,1426.9827,control_oct
35,1427.283,control_oct
15,1427.5834,control_oct
11,1427.8836,control_oct
19,1428.1839,control_oct
1,1428.4843,control_oct
19,1428.7846,control_oct
19,1429.0849,control_oct
35,1429.3852,control_oct
36,1429.6855,control_oct
8,1429.9859,control_oct
35,1430.2862,control_oct
35,1430.5865,control_oct
35,1430.8868,control_oct
11,1431.1871,control_oct
19,1431.4874,control_oct
19,1431.7878,control_oct
19,1432.088,control_oct
36,1432.3883,control_oct
35,1432.6886,control_oct
11,1432.989,control_oct
19,1433.2892,control_oct
11,1433.5896,control_oct
19,1433.8899,control_oct
12,1434.1902,control_oct
17,1434.4905,control_oct
10,1434.7909,control_oct
25,1435.0912,control_oct
37,1435.3915,control_oct
19,1435.6918,control_oct
35,1435.9921,control_oct
6,1436.2924,control_oct
13,1436.5927,control_oct
37,1436.893,control_oct
26,1437.1933,control_oct
18,1437.4936,control_oct
6,1437.794,control_oct
18,1438.0942,control_oct
37,1438.3946,control_oct
31,1438.6948,control_oct
18,1438.9951,control_oct
18,1439.2955,control_oct
37,1439.5958,control_oct
18,1439.8961,control_oct
18,1440.1964,control_oct
31,1440.4967,control_oct
18,1440.797,control_oct
13,1441.0973,control_oct
18,1441.3976,control_oct
31,1441.698,control_oct
37,1441.9983,control_oct
18,1442.2986,control_oct
37,1442.5989,control_oct
18,1442.8992,control_oct
2,1443.1995,control_oct
37,1443.4999,control_oct
13,1443.8002,control_oct
18,1444.1004,control_oct
18,1444.4008,control_oct
18,1444.7011,control_oct
18,1445.0014,control_oct
26,1445.3017,control_oct
2,1445.602,control_oct
26,1445.9023,control_oct
37,1446.2027,control_oct
13,1446.503,control_oct
18,1446.8033,control_oct
10,1447.1036,control_oct
18,1447.4039,control_oct
18,1447.7042,control_oct
6,1448.0045,control_oct
13,1448.3048,control_oct
18,1448.6052,control_oct
18,1448.9054,control_oct
13,1449.2058,control_oct
18,1449.5061,control_oct
18,1449.8064,control_oct
13,1450.1067,control_oct
13,1450.407,control_oct
18,1450.7073,control_oct
37,1451.0076,control_oct
18,1451.3129,control_oct
18,1451.6082,control_oct
18,1451.9085,control_oct
31,1452.2088,control_oct
19,1452.5092,control_oct
12,1452.8095,control_oct
15,1453.1098,control_oct
35,1453.4101,control_oct
11,1453.7104,control_oct
19,1454.0108,control_oct
15,1454.3111,control_oct
11,1454.6114,control_oct
19,1454.9117,control_oct
19,1455.212,control_oct
18,1455.5123,control_oct
35,1455.8126,control_oct
35,1456.1129,control_oct
18,1456.4133,control_oct
10,1456.7135,control_oct
13,1457.0139,control_oct
25,1457.3142,control_oct
25,1457.6145,control_oct
10,1457.9148,control_oct
35,1458.2151,control_oct
11,1458.5154,control_oct
11,1458.8157,control_oct
35,1459.116,control_oct
17,1459.4163,control_oct
13,1459.7167,control_oct
10,1460.0169,control_oct
13,1460.3173,control_oct
35,1460.6176,control_oct
11,1460.9179,control_oct
12,1461.2182,control_oct
19,1461.5185,control_oct
19,1461.8188,control_oct
19,1462.1191,control_oct
8,1462.4195,control_oct
35,1462.7198,control_oct
16,1463.0201,control_oct
13,1463.3212,control_oct
13,1463.6207,control_oct
6,1463.921,control_oct
6,1464.2213,control_oct
6,1464.5216,control_oct
10,1464.8219,control_oct
25,1465.1223,control_oct
13,1465.4226,control_oct
6,1465.7229,control_oct
10,1466.0232,control_oct
10,1466.3235,control_oct
10,1466.6238,control_oct
6,1466.9241,control_oct
11,1467.2245,control_oct
16,1467.5248,control_oct
36,1467.8251,control_oct
16,1468.1253,control_oct
36,1468.4257,control_oct
8,1468.726,control_oct
17,1469.0263,control_oct
19,1469.3266,control_oct
19,1469.6269,control_oct
11,1469.9272,control_oct
35,1470.2276,control_oct
35,1470.5279,control_oct
36,1470.8282,control_oct
8,1471.1285,control_oct
36,1471.4288,control_oct
12,1471.7291,control_oct
35,1472.0294,control_oct
36,1472.3297,control_oct
17,1472.63,control_oct
35,1472.9303,control_oct
35,1473.2307,control_oct
36,1473.531,control_oct
8,1473.8312,control_oct
16,1474.1316,control_oct
12,1474.432,control_oct
11,1474.7322,control_oct
19,1475.0325,control_oct
35,1475.3328,control_oct
35,1475.6332,control_oct
36,1475.9334,control_oct
35,1476.2337,control_oct
12,1476.5341,control_oct
35,1476.8344,control_oct
11,1477.1347,control_oct
11,1477.435,control_oct
12,1477.7353,control_oct
16,1478.0356,control_oct
10,1478.3359,control_oct
10,1478.6362,control_oct
10,1478.9365,control_oct
36,1479.2369,control_oct
19,1479.5372,control_oct
1,1479.8375,control_oct
35,1480.1378,control_oct
35,1480.4381,control_oct
35,1480.7384,control_oct
35,1481.0388,control_oct
36,1481.339,control_oct
11,1481.6394,control_oct
36,1481.9397,control_oct
16,1482.24,control_oct
11,1482.5403,control_oct
11,1482.8406,control_oct
20,1483.1409,control_oct
15,1483.4412,control_oct
11,1483.7415,control_oct
35,1484.0419,control_oct
35,1484.3422,control_oct
36,1484.6424,control_oct
36,1484.9428,control_oct
36,1485.2431,control_oct
16,1485.5434,control_oct
35,1485.8437,control_oct
17,1486.1441,control_oct
36,1486.4444,control_oct
16,1486.7447,control_oct
16,1487.045,control_oct
17,1487.3452,control_oct
17,1487.6455,control_oct
24,1487.9459,control_oct
35,1488.2462,control_oct
11,1488.5465,control_oct
35,1488.8468,control_oct
35,1489.1471,control_oct
35,1489.4475,control_oct
8,1489.7478,control_oct
35,1490.048,control_oct
35,1490.3484,control_oct
11,1490.6487,control_oct
1,1490.949,control_oct
15,1491.2493,control_oct
11,1491.5496,control_oct
6,1491.85,control_oct
15,1492.1503,control_oct
19,1492.4506,control_oct
35,1492.7508,control_oct
11,1493.0512,control_oct
19,1493.3515,control_oct
18,1493.6518,control_oct
13,1493.9521,control_oct
8,1494.2524,control_oct
35,1494.5527,control_oct
35,1494.8531,control_oct
35,1495.1534,control_oct
19,1495.4536,control_oct
11,1495.754,control_oct
11,1496.0543,control_oct
11,1496.3546,control_oct
1,1496.6549,control_oct
19,1496.9552,control_oct
6,1497.2555,control_oct
15,1497.5558,control_oct
15,1497.8561,control_oct
19,1498.1564,control_oct
35,1498.4568,control_oct
16,1498.7571,control_oct
36,1499.0574,control_oct
8,1499.3577,control_oct
19,1499.658,control_oct
35,1499.9583,control_oct
35,1500.2587,control_oct
8,1500.5589,control_oct
35,1500.8593,control_oct
11,1501.1596,control_oct
19,1501.4649,control_oct
15,1501.7602,control_oct
19,1502.0605,control_oct
15,1502.3608,control_oct
15,1502.6612,control_oct
19,1502.9614,control_oct
15,1503.2617,control_oct
7,1503.562,control_oct
7,1503.8623,control_oct
7,1504.1627,control_oct
19,1504.463,control_oct
15,1504.7633,control_oct
7,1505.0636,control_oct
7,1505.3639,control_oct
15,1505.6643,control_oct
7,1505.9645,control_oct
7,1506.2648,control_oct
19,1506.5652,control_oct
8,1506.8655,control_oct
16,1507.1658,control_oct
10,1507.4661,control_oct
25,1507.7664,control_oct
10,1508.0667,control_oct
10,1508.367,control_oct
10,1508.6674,control_oct
6,1508.9676,control_oct
19,1509.268,control_oct
1,1509.5683,control_oct
1,1509.8686,control_oct
1,1510.1689,control_oct
15,1510.4692,control_oct
15,1510.7695,control_oct
18,1511.0698,control_oct
6,1511.3701,control_oct
8,1511.6705,control_oct
12,1511.9708,control_oct
8,1512.2719,control_oct
12,1512.5714,control_oct
11,1512.8717,control_oct
1,1513.172,control_oct
7,1513.4723,control_oct
18,1513.7726,control_oct
26,1514.073,control_oct
31,1514.3732,control_oct
13,1514.6736,control_oct
6,1514.9739,control_oct
37,1515.2742,control_oct
31,1515.5745,control_oct
19,1515.8748,control_oct
8,1516.1751,control_oct
18,1516.4755,control_oct
6,1516.7758,control_oct
10,1517.0761,control_oct
6,1517.3764,control_oct
37,1517.6767,control_oct
15,1517.977,control_oct
18,1518.2773,control_oct
13,1518.5776,control_oct
13,1518.8779,control_oct
18,1519.1782,control_oct
18,1519.4785,control_oct
13,1519.7814,control_oct
13,1520.0791,control_oct
6,1520.3795,control_oct
13,1520.6798,control_oct
18,1520.9801,control_oct
6,1521.2804,control_oct
10,1521.5807,control_oct
31,1521.8819,control_oct
1,1522.1813,control_oct
11,1522.4816,control_oct
35,1522.782,control_oct
35,1523.0823,control_oct
12,1523.3826,control_oct
19,1523.6829,control_oct
19,1523.9832,control_oct
15,1524.2835,control_oct
19,1524.5839,control_oct
1,1524.8841,control_oct
19,1525.1844,control_oct
35,1525.4848,control_oct
35,1525.7851,control_oct
11,1526.0853,control_oct
11,1526.3857,control_oct
35,1526.686,control_oct
19,1526.9863,control_oct
7,1527.2866,control_oct
32,1527.5869,control_oct
5,1527.8872,control_oct
5,1528.1876,control_oct
5,1528.4879,control_oct
5,1528.7882,control_oct
5,1529.0885,control_oct
5,1529.3888,control_oct
5,1529.6891,control_oct
5,1529.9894,control_oct
5,1530.2897,control_oct
5,1530.5901,control_oct
5,1530.8904,control_oct
5,1531.1907,control_oct
5,1531.491,control_oct
5,1531.7913,control_oct
32,1532.0933,control_oct
5,1532.3919,control_oct
2,1532.6922,control_oct
32,1532.9925,control_oct
5,1533.2929,control_oct
5,1533.6049,control_oct
5,1533.8935,control_oct
5,1534.1938,control_oct
1,1534.4941,control_oct
8,1534.7944,control_oct
5,1535.0948,control_oct
5,1535.4,control_oct
5,1535.6953,control_oct
5,1535.9957,control_oct
5,1536.296,control_oct
1,1536.5963,control_oct
19,1536.8966,control_oct
24,1537.1969,control_oct
11,1537.4972,control_oct
35,1537.7976,control_oct
35,1538.0979,control_oct
35,1538.3981,control_oct
35,1538.6985,control_oct
11,1538.9988,control_oct
19,1539.2991,control_oct
11,1539.5995,control_oct
36,1539.8997,control_oct
35,1540.2,control_oct
17,1540.5004,control_oct
20,1540.8006,control_oct
14,1541.1009,control_oct
15,1541.4013,control_oct
2,1541.7015,control_oct
15,1542.0019,control_oct
8,1542.3022,control_oct
12,1542.6025,control_oct
12,1542.9028,control_oct
1,1543.2031,control_oct
19,1543.5035,control_oct
19,1543.8038,control_oct
20,1544.1041,control_oct
15,1544.4044,control_oct
4,1544.7047,control_oct
9,1545.005,control_oct
4,1545.3053,control_oct
32,1545.6057,control_oct
15,1545.906,control_oct
11,1546.2063,control_oct
1,1546.5066,control_oct
35,1546.8069,control_oct
15,1547.1072,control_oct
15,1547.4075,control_oct
12,1547.7078,control_oct
19,1548.0081,control_oct
35,1548.3085,control_oct
35,1548.6088,control_oct
18,1548.9091,control_oct
31,1549.2094,control_oct
21,1549.5097,control_oct
21,1549.81,control_oct
21,1550.1103,control_oct
21,1550.4106,control_oct
21,1550.7109,control_oct
21,1551.0112,control_oct
21,1551.3116,control_oct
21,1551.6119,control_oct
21,1551.9122,control_oct
21,1552.2125,control_oct
21,1552.5128,control_oct
21,1552.8132,control_oct
21,1553.1134,control_oct
21,1553.4155,control_oct
21,1553.714,control_oct
21,1554.0144,control_oct
21,1554.3147,control_oct
21,1554.615,control_oct
21,1554.9153,control_oct
21,1555.2156,control_oct
21,1555.516,control_oct
21,1555.8163,control_oct
21,1556.1165,control_oct
21,1556.4169,control_oct
21,1557.0175,control_oct
21,1557.9184,control_oct
21,1558.2187,control_oct
21,1558.519,control_oct
21,1558.8194,control_oct
21,1559.7203,control_oct
21,1560.3209,control_oct
21,1560.6212,control_oct
21,1560.9216,control_oct
27,1561.2269,control_oct
31,1561.5221,control_oct
23,1561.8225,control_oct
7,1562.1228,control_oct
7,1562.4231,control_oct
7,1562.7235,control_oct
7,1563.0237,control_oct
7,1563.324,control_oct
7,1563.6244,control_oct
7,1563.9247,control_oct
7,1564.225,control_oct
7,1564.5253,control_oct
7,1564.8256,control_oct
7,1565.126,control_oct
7,1565.4262,control_oct
15,1565.729,control_oct
12,1566.0269,control_oct
1,1566.3272,control_oct
15,1566.6276,control_oct
1,1566.9278,control_oct
15,1567.2282,control_oct
7,1567.5284,control_oct
15,1567.8287,control_oct
19,1568.129,control_oct
15,1568.4294,control_oct
7,1568.7297,control_oct
1,1569.03,control_oct
19,1569.3304,control_oct
1,1569.6307,control_oct
20,1569.9309,control_oct
1,1570.2313,control_oct
1,1570.5316,control_oct
20,1570.8319,control_oct
23,1571.1322,control_oct
23,1571.4325,control_oct
14,1571.7328,control_oct
20,1572.0381,control_oct
1,1572.3334,control_oct
23,1572.6338,control_oct
14,1572.934,control_oct
20,1573.2344,control_oct
1,1573.5347,control_oct
1,1573.835,control_oct
15,1574.1353,control_oct
7,1574.4356,control_oct
23,1574.736,control_oct
29,1575.0363,control_oct
14,1575.3366,control_oct
7,1575.6369,control_oct
23,1575.9372,control_oct
28,1576.2376,control_oct
28,1576.5379,control_oct
20,1576.8381,control_oct
1,1577.1384,control_oct
36,1577.4388,control_oct
36,1577.7391,control_oct
17,1578.0395,control_oct
11,1578.3397,control_oct
19,1578.6401,control_oct
35,1578.9404,control_oct
15,1579.2407,control_oct
20,1579.541,control_oct
1,1579.8412,control_oct
7,1580.1415,control_oct
20,1580.4419,control_oct
23,1580.7422,control_oct
28,1581.0426,control_oct
20,1581.3428,control_oct
23,1581.6431,control_oct
29,1581.9435,control_oct
14,1582.2438,control_oct
37,1582.5441,control_oct
18,1582.8444,control_oct
13,1583.1447,control_oct
36,1583.445,control_oct
8,1583.7453,control_oct
18,1584.0457,control_oct
13,1584.346,control_oct
6,1584.6463,control_oct
37,1584.9466,control_oct
6,1585.2469,control_oct
10,1585.5472,control_oct
10,1585.8475,control_oct
10,1586.1478,control_oct
10,1586.4482,control_oct
6,1586.7485,control_oct
18,1587.0488,control_oct
37,1587.3491,control_oct
35,1587.6494,control_oct
19,1587.9498,control_oct
8,1588.25,control_oct
35,1588.5504,control_oct
19,1588.8508,control_oct
11,1589.151,control_oct
37,1589.4513,control_oct
18,1589.7516,control_oct
37,1590.0519,control_oct
13,1590.3523,control_oct
25,1590.6526,control_oct
13,1590.9529,control_oct
13,1591.2532,control_oct
10,1591.5535,control_oct
10,1591.8538,control_oct
6,1592.1541,control_oct
13,1592.4545,control_oct
24,1592.7548,control_oct
10,1593.0551,control_oct
6,1593.3554,control_oct
6,1593.6557,control_oct
13,1593.956,control_oct
25,1594.2564,control_oct
6,1594.5566,control_oct
13,1594.857,control_oct
37,1595.1572,control_oct
13,1595.4576,control_oct
13,1595.7579,control_oct
37,1596.0582,control_oct
18,1596.3585,control_oct
13,1596.6588,control_oct
6,1596.9592,control_oct
6,1597.2595,control_oct
12,1597.5598,control_oct
35,1597.8601,control_oct
19,1598.1604,control_oct
6,1598.4607,control_oct
13,1598.761,control_oct
18,1599.0613,control_oct
13,1599.3617,control_oct
6,1599.662,control_oct
13,1599.9623,control_oct
13,1600.2626,control_oct
12,1600.5629,control_oct
36,1600.8632,control_oct
16,1601.1636,control_oct
25,1601.4639,control_oct
25,1601.7642,control_oct
12,1602.0645,control_oct
35,1602.3648,control_oct
19,1602.6652,control_oct
13,1602.9655,control_oct
13,1603.2658,control_oct
10,1603.5661,control_oct
10,1603.8664,control_oct
25,1604.1667,control_oct
13,1604.467,control_oct
35,1604.784,control_oct
8,1605.0677,control_oct
35,1605.3679,control_oct
11,1605.6682,control_oct
35,1605.9685,control_oct
35,1606.2689,control_oct
11,1606.5692,control_oct
35,1606.8695,control_oct
8,1607.1698,control_oct
19,1607.4701,control_oct
12,1607.7705,control_oct
8,1608.0707,control_oct
35,1608.3711,control_oct
16,1608.6714,control_oct
8,1608.9717,control_oct
37,1609.272,control_oct
35,1609.5723,control_oct
35,1609.8726,control_oct
35,1610.173,control_oct
19,1610.4733,control_oct
11,1610.7736,control_oct
35,1611.0739,control_oct
35,1611.3742,control_oct
6,1611.6745,control_oct
13,1611.9748,control_oct
12,1612.2752,control_oct
12,1612.5755,control_oct
8,1612.8758,control_oct
35,1613.1761,control_oct
36,1613.4764,control_oct
35,1613.7767,control_oct
12,1614.0771,control_oct
36,1614.3774,control_oct
36,1614.6777,control_oct
11,1614.978,control_oct
11,1615.2783,control_oct
7,1615.5786,control_oct
7,1615.8789,control_oct
7,1616.1792,control_oct
26,1616.4795,control_oct
31,1616.7799,control_oct
31,1617.0802,control_oct
12,1617.3805,control_oct
12,1617.6808,control_oct
15,1617.9811,control_oct
15,1618.2815,control_oct
15,1618.5818,control_oct
11,1618.882,control_oct
19,1619.1824,control_oct
7,1619.4827,control_oct
15,1619.783,control_oct
7,1620.0833,control_oct
15,1620.3836,control_oct
19,1620.6839,control_oct
11,1620.9842,control_oct
13,1621.2846,control_oct
12,1621.5849,control_oct
35,1621.8852,control_oct
7,1622.1855,control_oct
19,1622.4858,control_oct
19,1622.7862,control_oct
11,1623.0864,control_oct
11,1623.3868,control_oct
35,1623.6871,control_oct
19,1623.9874,control_oct
35,1624.2877,control_oct
11,1624.588,control_oct
11,1624.8883,control_oct
15,1625.1886,control_oct
11,1625.489,control_oct
17,1625.7893,control_oct
17,1626.0896,control_oct
24,1626.3899,control_oct
8,1626.6902,control_oct
37,1626.9906,control_oct
19,1627.2908,control_oct
35,1627.5911,control_oct
19,1627.8915,control_oct
19,1628.1917,control_oct
11,1628.4921,control_oct
19,1628.7924,control_oct
35,1629.0936,control_oct
11,1629.393,control_oct
35,1629.6933,control_oct
8,1629.9936,control_oct
35,1630.2939,control_oct
11,1630.5943,control_oct
11,1630.8945,control_oct
19,1631.1949,control_oct
35,1631.4952,control_oct
11,1631.7955,control_oct
13,1632.0958,control_oct
18,1632.3961,control_oct
24,1632.6965,control_oct
24,1632.9967,control_oct
19,1633.297,control_oct
19,1633.5974,control_oct
35,1633.8977,control_oct
11,1634.198,control_oct
11,1634.4983,control_oct
11,1634.7987,control_oct
11,1635.0989,control_oct
11,1635.3993,control_oct
12,1635.6996,control_oct
17,1635.9999,control_oct
19,1636.3002,control_oct
35,1636.6005,control_oct
16,1636.9008,control_oct
12,1637.2012,control_oct
36,1637.5015,control_oct
16,1637.8018,control_oct
16,1638.1021,control_oct
35,1638.4024,control_oct
35,1638.7027,control_oct
36,1639.003,control_oct
35,1639.3034,control_oct
16,1639.6037,control_oct
16,1639.904,control_oct
35,1640.2043,control_oct
35,1640.5046,control_oct
35,1640.805,control_oct
11,1641.1053,control_oct
35,1641.4056,control_oct
16,1641.7058,control_oct
17,1642.0062,control_oct
8,1642.3065,control_oct
19,1642.6068,control_oct
1,1642.9071,control_oct
37,1643.2074,control_oct
37,1643.5078,control_oct
37,1643.8081,control_oct
13,1644.1084,control_oct
25,1644.4086,control_oct
10,1644.709,control_oct
10,1645.0093,control_oct
10,1645.3096,control_oct
17,1645.6099,control_oct
12,1645.9102,control_oct
1,1646.2105,control_oct
1,1646.5108,control_oct
31,1646.8111,control_oct
18,1647.1115,control_oct
18,1647.4118,control_oct
13,1647.7121,control_oct
13,1648.0124,control_oct
10,1648.3127,control_oct
18,1648.613,control_oct
6,1648.9134,control_oct
13,1649.2137,control_oct
21,1649.514,control_oct
26,1649.8143,control_oct
37,1650.1146,control_oct
6,1650.4149,control_oct
6,1650.7152,control_oct
37,1651.0155,control_oct
37,1651.3159,control_oct
37,1651.6162,control_oct
13,1651.9164,control_oct
18,1652.2168,control_oct
18,1652.5171,control_oct
37,1652.8174,control_oct
37,1653.1177,control_oct
18,1653.4181,control_oct
18,1653.7184,control_oct
37,1654.0321,control_oct
13,1654.319,control_oct
13,1654.6193,control_oct
6,1654.9196,control_oct
10,1655.2199,control_oct
37,1655.5203,control_oct
37,1655.8205,control_oct
18,1656.1209,control_oct
37,1656.4212,control_oct
36,1656.7214,control_oct
8,1657.0218,control_oct
10,1657.322,control_oct
10,1657.6224,control_oct
10,1657.9227,control_oct
16,1658.223,control_oct
16,1658.5233,control_oct
36,1658.8237,control_oct
8,1659.124,control_oct
35,1659.4243,control_oct
1,1659.7246,control_oct
11,1660.0249,control_oct
35,1660.3252,control_oct
35,1660.6255,control_oct
25,1660.9259,control_oct
17,1661.2262,control_oct
16,1661.5265,control_oct
36,1661.8268,control_oct
17,1662.1271,control_oct
16,1662.4275,control_oct
35,1662.7277,control_oct
36,1663.028,control_oct
16,1663.3284,control_oct
16,1663.6287,control_oct
36,1663.929,control_oct
16,1664.2293,control_oct
12,1664.5296,control_oct
8,1664.8299,control_oct
12,1665.1302,control_oct
35,1665.4306,control_oct
36,1665.7309,control_oct
36,1666.0312,control_oct
35,1666.3474,control_oct
35,1666.6318,control_oct
11,1666.9321,control_oct
36,1667.2324,control_oct
16,1667.5328,control_oct
16,1667.833,control_oct
17,1668.1333,control_oct
11,1668.4337,control_oct
17,1668.734,control_oct
36,1669.0343,control_oct
16,1669.3346,control_oct
35,1669.6349,control_oct
35,1669.9353,control_oct
16,1670.2356,control_oct
16,1670.5358,control_oct
17,1670.8361,control_oct
16,1671.1365,control_oct
11,1671.4368,control_oct
35,1671.7371,control_oct
36,1672.0374,control_oct
17,1672.3377,control_oct
36,1672.638,control_oct
16,1672.9384,control_oct
11,1673.2387,control_oct
35,1673.539,control_oct
35,1673.8393,control_oct
35,1674.1396,control_oct
35,1674.4399,control_oct
35,1674.7403,control_oct
35,1675.0405,control_oct
19,1675.3409,control_oct
35,1675.6412,control_oct
35,1675.9415,control_oct
35,1676.2418,control_oct
35,1676.5422,control_oct
11,1676.8424,control_oct
8,1677.1427,control_oct
35,1677.4431,control_oct
35,1677.7434,control_oct
36,1678.0437,control_oct
35,1678.344,control_oct
17,1678.6443,control_oct
35,1678.9446,control_oct
35,1679.245,control_oct
16,1679.5452,control_oct
16,1679.8455,control_oct
16,1680.1459,control_oct
36,1680.4462,control_oct
8,1680.7465,control_oct
11,1681.0468,control_oct
35,1681.3471,control_oct
17,1681.6475,control_oct
17,1681.9478,control_oct
36,1682.2481,control_oct
36,1682.5484,control_oct
19,1682.8487,control_oct
19,1683.149,control_oct
35,1683.4493,control_oct
11,1683.7522,control_oct
15,1684.05,control_oct
35,1684.3503,control_oct
7,1684.6506,control_oct
11,1684.9509,control_oct
19,1685.2512,control_oct
12,1685.5516,control_oct
19,1685.8518,control_oct
19,1686.1522,control_oct
19,1686.4525,control_oct
11,1686.7577,control_oct
19,1687.0532,control_oct
19,1687.3534,control_oct
1,1687.6538,control_oct
11,1687.954,control_oct
11,1688.2543,control_oct
11,1688.5547,control_oct
11,1688.8549,control_oct
19,1689.1553,control_oct
11,1689.4556,control_oct
11,1689.7559,control_oct
15,1690.0562,control_oct
18,1690.3565,control_oct
18,1690.6568,control_oct
18,1690.9571,control_oct
37,1691.2575,control_oct
31,1691.5577,control_oct
18,1691.858,control_oct
37,1692.1584,control_oct
24,1692.4587,control_oct
24,1692.759,control_oct
37,1693.0593,control_oct
13,1693.3596,control_oct
37,1693.6599,control_oct
6,1693.9602,control_oct
18,1694.2605,control_oct
18,1694.5608,control_oct
13,1694.8612,control_oct
6,1695.1615,control_oct
13,1695.4618,control_oct
13,1695.7621,control_oct
37,1696.0625,control_oct
13,1696.3628,control_oct
37,1696.663,control_oct
18,1696.9634,control_oct
37,1697.2637,control_oct
13,1697.564,control_oct
24,1697.8643,control_oct
10,1698.1646,control_oct
6,1698.4649,control_oct
8,1698.7653,control_oct
25,1699.0655,control_oct
6,1699.3659,control_oct
10,1699.6662,control_oct
10,1699.9665,control_oct
37,1700.2668,control_oct
15,1700.5671,control_oct
1,1700.8674,control_oct
19,1701.1678,control_oct
35,1701.4681,control_oct
19,1701.7684,control_oct
19,1702.0687,control_oct
19,1702.369,control_oct
1,1702.6693,control_oct
1,1702.9696,control_oct
15,1703.27,control_oct
1,1703.5702,control_oct
1,1703.8705,control_oct
19,1704.1709,control_oct
15,1704.4712,control_oct
19,1704.7715,control_oct
7,1705.0718,control_oct
19,1705.3721,control_oct
19,1705.6725,control_oct
19,1705.9727,control_oct
18,1706.273,control_oct
18,1706.5733,control_oct
18,1706.8746,control_oct
18,1707.174,control_oct
6,1707.4742,control_oct
25,1707.7746,control_oct
37,1708.0749,control_oct
37,1708.3752,control_oct
18,1708.6756,control_oct
25,1708.9759,control_oct
37,1709.2762,control_oct
1,1709.5765,control_oct
1,1709.8768,control_oct
8,1710.1771,control_oct
37,1710.4774,control_oct
19,1710.7777,control_oct
19,1711.078,control_oct
19,1711.3784,control_oct
19,1711.6787,control_oct
11,1711.9789,control_oct
11,1712.2793,control_oct
11,1712.5796,control_oct
19,1712.8799,control_oct
15,1713.1802,control_oct
15,1713.4805,control_oct
19,1713.7809,control_oct
19,1714.0812,control_oct
19,1714.3814,control_oct
19,1714.6817,control_oct
19,1714.982,control_oct
19,1715.2824,control_oct
19,1715.5827,control_oct
6,1715.883,control_oct
31,1716.1833,control_oct
15,1716.4836,control_oct
19,1716.7839,control_oct
15,1717.0843,control_oct
15,1717.3846,control_oct
19,1717.6849,control_oct
19,1717.9852,control_oct
15,1718.2855,control_oct
8,1718.5858,control_oct
12,1718.8861,control_oct
15,1719.1865,control_oct
15,1719.4868,control_oct
19,1719.7871,control_oct
19,1720.0873,control_oct
15,1720.3876,control_oct
20,1720.688,control_oct
20,1720.9883,control_oct
1,1721.2885,control_oct
19,1721.5889,control_oct
15,1721.8892,control_oct
15,1722.1895,control_oct
1,1722.4898,control_oct
19,1722.7902,control_oct
15,1723.0905,control_oct
5,1723.3908,control_oct
23,1723.6911,control_oct
19,1723.9914,control_oct
31,1724.2917,control_oct
37,1724.592,control_oct
6,1724.8923,control_oct
10,1725.1926,control_oct
25,1725.493,control_oct
10,1725.7932,control_oct
10,1726.0936,control_oct
37,1726.3939,control_oct
18,1726.6942,control_oct
13,1726.9945,control_oct
18,1727.2948,control_oct
6,1727.5951,control_oct
25,1727.8954,control_oct
10,1728.1957,control_oct
17,1728.4961,control_oct
17,1728.7964,control_oct
8,1729.0967,control_oct
1,1729.3969,control_oct
15,1729.6973,control_oct
1,1729.9976,control_oct
32,1730.2979,control_oct
15,1730.5982,control_oct
11,1730.8985,control_oct
19,1731.1988,control_oct
8,1731.4991,control_oct
7,1731.7994,control_oct
15,1732.0997,control_oct
19,1732.4001,control_oct
11,1732.7004,control_oct
11,1733.0007,control_oct
1,1733.301,control_oct
19,1733.6013,control_oct
19,1733.9016,control_oct
8,1734.2019,control_oct
11,1734.5023,control_oct
15,1734.8025,control_oct
36,1735.1029,control_oct
17,1735.4032,control_oct
12,1735.7035,control_oct
1,1736.0038,control_oct
15,1736.305,control_oct
7,1736.6045,control_oct
1,1736.9047,control_oct
15,1737.205,control_oct
15,1737.5054,control_oct
11,1737.8057,control_oct
12,1738.106,control_oct
15,1738.4063,control_oct
1,1738.7066,control_oct
15,1739.0069,control_oct
11,1739.3081,control_oct
15,1739.6075,control_oct
35,1739.9079,control_oct
35,1740.2082,control_oct
19,1740.5084,control_oct
37,1740.8087,control_oct
11,1741.1091,control_oct
19,1741.4094,control_oct
19,1741.7097,control_oct
12,1742.0101,control_oct
11,1742.3103,control_oct
11,1742.6106,control_oct
19,1742.9109,control_oct
19,1743.2113,control_oct
19,1743.5116,control_oct
15,1743.8119,control_oct
15,1744.1122,control_oct
11,1744.4125,control_oct
12,1744.7127,control_oct
15,1745.0131,control_oct
15,1745.3135,control_oct
15,1745.6137,control_oct
1,1745.914,control_oct
7,1746.2143,control_oct
27,1746.5146,control_oct
20,1746.8149,control_oct
20,1747.1153,control_oct
19,1747.4156,control_oct
35,1747.7159,control_oct
11,1748.0163,control_oct
24,1748.3166,control_oct
12,1748.6169,control_oct
35,1748.9172,control_oct
12,1749.2175,control_oct
19,1749.5178,control_oct
19,1749.818,control_oct
12,1750.1184,control_oct
11,1750.4188,control_oct
8,1750.719,control_oct
1,1751.0143,control_oct
15,1751.3146,control_oct
11,1751.6149,control_oct
36,1751.9153,control_oct
15,1752.2156,control_oct
35,1752.5159,control_oct
16,1752.8162,control_oct
36,1753.1165,control_oct
16,1753.4169,control_oct
17,1753.7171,control_oct
11,1754.0174,control_oct
11,1754.3177,control_oct
7,1754.618,control_oct
15,1754.9184,control_oct
1,1755.2186,control_oct
18,1755.5189,control_oct
26,1755.8193,control_oct
18,1756.1196,control_oct
6,1756.4199,control_oct
16,1756.7202,control_oct
17,1757.0328,control_oct
16,1757.3208,control_oct
8,1757.6212,control_oct
8,1757.9214,control_oct
12,1758.2218,control_oct
35,1758.522,control_oct
19,1758.8224,control_oct
35,1759.1228,control_oct
19,1759.423,control_oct
19,1759.7233,control_oct
19,1760.0236,control_oct
11,1760.324,control_oct
19,1760.6243,control_oct
14,1760.9246,control_oct
1,1761.2248,control_oct
7,1761.5252,control_oct
15,1761.8255,control_oct
19,1762.1259,control_oct
19,1762.4261,control_oct
11,1762.7264,control_oct
35,1763.0267,control_oct
11,1763.327,control_oct
11,1763.6274,control_oct
8,1763.9277,control_oct
32,1764.2279,control_oct
15,1764.5283,control_oct
7,1764.8286,control_oct
7,1765.1289,control_oct
15,1765.4292,control_oct
26,1765.7295,control_oct
26,1766.0298,control_oct
15,1766.3301,control_oct
7,1766.6305,control_oct
15,1766.9308,control_oct
37,1767.231,control_oct
11,1767.5314,control_oct
36,1767.8317,control_oct
12,1768.132,control_oct
16,1768.4324,control_oct
23,1768.7327,control_oct
14,1769.0329,control_oct
1,1769.3332,control_oct
30,1769.6335,control_oct
27,1769.9339,control_oct
27,1770.2342,control_oct
27,1770.5345,control_oct
27,1770.8348,control_oct
27,1771.1351,control_oct
27,1771.4355,control_oct
27,1771.7357,control_oct
30,1772.0361,control_oct
7,1772.3364,control_oct
30,1772.6367,control_oct
7,1772.937,control_oct
7,1773.2373,control_oct
7,1773.5376,control_oct
7,1773.8379,control_oct
1,1774.1382,control_oct
11,1774.4386,control_oct
11,1774.7389,control_oct
36,1775.0391,control_oct
17,1775.3395,control_oct
36,1775.6398,control_oct
17,1775.9401,control_oct
17,1776.2404,control_oct
36,1776.5407,control_oct
1,1776.8411,control_oct
7,1777.1413,control_oct
27,1777.4417,control_oct
31,1777.7419,control_oct
37,1778.0423,control_oct
37,1778.3426,control_oct
37,1778.6429,control_oct
35,1778.9432,control_oct
35,1779.2435,control_oct
15,1779.5438,control_oct
35,1779.8442,control_oct
19,1780.1444,control_oct
35,1780.4448,control_oct
11,1780.7451,control_oct
35,1781.0454,control_oct
35,1781.3457,control_oct
8,1781.646,control_oct
35,1781.9463,control_oct
35,1782.2466,control_oct
11,1782.547,control_oct
35,1782.8473,control_oct
17,1783.1475,control_oct
11,1783.4478,control_oct
12,1783.7482,control_oct
16,1784.0484,control_oct
35,1784.3488,control_oct
36,1784.6491,control_oct
16,1784.9495,control_oct
10,1785.2497,control_oct
10,1785.55,control_oct
13,1785.8504,control_oct
36,1786.1507,control_oct
12,1786.4509,control_oct
16,1786.7513,control_oct
35,1787.0516,control_oct
17,1787.352,control_oct
10,1787.6523,control_oct
10,1787.9525,control_oct
25,1788.2529,control_oct
25,1788.5532,control_oct
12,1788.8534,control_oct
8,1789.1538,control_oct
10,1789.4541,control_oct
13,1789.7544,control_oct
11,1790.0547,control_oct
11,1790.3559,control_oct
24,1790.6554,control_oct
10,1790.9606,control_oct
10,1791.256,control_oct
24,1791.5563,control_oct
24,1791.8566,control_oct
12,1792.157,control_oct
12,1792.4572,control_oct
11,1792.7575,control_oct
16,1793.0579,control_oct
36,1793.3581,control_oct
16,1793.6585,control_oct
12,1793.9587,control_oct
35,1794.2591,control_oct
36,1794.5594,control_oct
12,1794.8597,control_oct
12,1795.16,control_oct
36,1795.4603,control_oct
36,1795.7606,control_oct
19,1796.061,control_oct
35,1796.3612,control_oct
8,1796.6616,control_oct
12,1796.9619,control_oct
11,1797.2639,control_oct
35,1797.5625,control_oct
35,1797.8628,control_oct
11,1798.1631,control_oct
19,1798.4634,control_oct
11,1798.7638,control_oct
35,1799.0641,control_oct
11,1799.3644,control_oct
11,1799.6646,control_oct
15,1799.965,control_oct
36,1800.2653,control_oct
35,1800.5656,control_oct
15,1800.866,control_oct
15,1801.1662,control_oct
11,1801.4666,control_oct
15,1801.7669,control_oct
15,1802.0672,control_oct
19,1802.3675,control_oct
19,1802.6678,control_oct
13,1802.9681,control_oct
13,1803.2684,control_oct
15,1803.5687,control_oct
19,1803.869,control_oct
15,1804.1693,control_oct
19,1804.4697,control_oct
12,1804.77,control_oct
35,1805.0703,control_oct
15,1805.3706,control_oct
19,1805.6709,control_oct
35,1805.9712,control_oct
8,1806.2715,control_oct
15,1806.5719,control_oct
7,1806.8722,control_oct
19,1807.1725,control_oct
19,1807.4727,control_oct
15,1807.7731,control_oct
15,1808.0734,control_oct
1,1808.3737,control_oct
19,1808.674,control_oct
15,1808.9743,control_oct
19,1809.2747,control_oct
35,1809.575,control_oct
17,1809.8753,control_oct
36,1810.1756,control_oct
36,1810.4759,control_oct
35,1810.7762,control_oct
11,1811.0765,control_oct
16,1811.3768,control_oct
15,1811.6771,control_oct
11,1811.9775,control_oct
36,1812.2777,control_oct
10,1812.5781,control_oct
13,1812.8784,control_oct
6,1813.1787,control_oct
13,1813.479,control_oct
11,1813.7793,control_oct
6,1814.0796,control_oct
36,1814.38,control_oct
36,1814.6803,control_oct
36,1815.2808,control_oct
35,1815.5812,control_oct
35,1815.8815,control_oct
11,1816.1819,control_oct
11,1816.4821,control_oct
36,1816.7824,control_oct
11,1817.0828,control_oct
19,1817.383,control_oct
35,1817.6834,control_oct
19,1817.9837,control_oct
12,1818.2839,control_oct
36,1818.5843,control_oct
11,1818.8846,control_oct
13,1819.1849,control_oct
10,1819.4852,control_oct
6,1819.7855,control_oct
10,1820.0859,control_oct
13,1820.3862,control_oct
6,1820.6865,control_oct
13,1820.9868,control_oct
13,1821.2871,control_oct
6,1821.5874,control_oct
8,1821.8877,control_oct
16,1822.1881,control_oct
16,1822.4883,control_oct
12,1822.7887,control_oct
19,1823.089,control_oct
35,1823.3892,control_oct
36,1823.6896,control_oct
12,1823.9899,control_oct
36,1824.2902,control_oct
36,1824.5905,control_oct
36,1824.8909,control_oct
36,1825.1912,control_oct
19,1825.4915,control_oct
36,1825.7918,control_oct
12,1826.0921,control_oct
35,1826.3924,control_oct
35,1826.6927,control_oct
6,1826.993,control_oct
25,1827.2933,control_oct
16,1827.5936,control_oct
12,1827.894,control_oct
12,1828.1943,control_oct
11,1828.4946,control_oct
25,1828.7949,control_oct
25,1829.0952,control_oct
13,1829.3955,control_oct
12,1829.6959,control_oct
16,1829.9961,control_oct
12,1830.2964,control_oct
11,1830.5968,control_oct
35,1830.8971,control_oct
35,1831.1974,control_oct
35,1831.4977,control_oct
11,1831.798,control_oct
19,1832.0983,control_oct
11,1832.3986,control_oct
11,1832.6989,control_oct
17,1832.9992,control_oct
37,1833.2996,control_oct
18,1833.5998,control_oct
10,1833.9002,control_oct
25,1834.2005,control_oct
25,1834.5008,control_oct
6,1834.8011,control_oct
25,1835.1014,control_oct
13,1835.4018,control_oct
13,1835.7021,control_oct
13,1836.0024,control_oct
25,1836.3027,control_oct
6,1836.603,control_oct
25,1836.9034,control_oct
13,1837.2036,control_oct
13,1837.5039,control_oct
13,1837.8042,control_oct
19,1838.1046,control_oct
19,1838.4049,control_oct
37,1838.7052,control_oct
18,1839.0055,control_oct
18,1839.3058,control_oct
18,1839.6061,control_oct
18,1839.9073,control_oct
37,1840.2067,control_oct
15,1840.507,control_oct
8,1840.8073,control_oct
36,1841.1076,control_oct
16,1841.408,control_oct
16,1841.7083,control_oct
36,1842.0086,control_oct
16,1842.3089,control_oct
17,1842.6092,control_oct
17,1842.9095,control_oct
10,1843.2099,control_oct
25,1843.5101,control_oct
18,1843.8105,control_oct
18,1844.1107,control_oct
13,1844.4111,control_oct
35,1844.7114,control_oct
17,1845.0118,control_oct
19,1845.312,control_oct
12,1845.6123,control_oct
1,1845.9126,control_oct
12,1846.213,control_oct
35,1846.5132,control_oct
11,1846.8136,control_oct
19,1847.1139,control_oct
1,1847.4142,control_oct
19,1847.7145,control_oct
12,1848.0148,control_oct
19,1848.3151,control_oct
12,1848.6155,control_oct
19,1848.9157,control_oct
11,1849.216,control_oct
11,1849.5164,control_oct
19,1849.8166,control_oct
12,1850.117,control_oct
17,1850.4173,control_oct
13,1850.7176,control_oct
37,1851.0179,control_oct
18,1851.3182,control_oct
13,1851.6186,control_oct
20,1851.9189,control_oct
7,1852.2192,control_oct
7,1852.5195,control_oct
7,1852.8198,control_oct
19,1853.1201,control_oct
15,1853.4204,control_oct
15,1853.7207,control_oct
15,1854.0211,control_oct
19,1854.3213,control_oct
15,1854.6216,control_oct
15,1854.922,control_oct
19,1855.2223,control_oct
11,1855.5226,control_oct
11,1855.8229,control_oct
7,1856.1232,control_oct
20,1856.4236,control_oct
15,1856.7238,control_oct
15,1857.0242,control_oct
15,1857.3244,control_oct
11,1857.6247,control_oct
11,1857.9251,control_oct
8,1858.2254,control_oct
19,1858.5257,control_oct
11,1858.826,control_oct
19,1859.1263,control_oct
15,1859.4267,control_oct
19,1859.7269,control_oct
19,1860.0272,control_oct
19,1860.3276,control_oct
19,1860.6278,control_oct
19,1860.9282,control_oct
19,1861.2285,control_oct
15,1861.5288,control_oct
15,1861.8292,control_oct
19,1862.1294,control_oct
11,1862.4297,control_oct
11,1862.73,control_oct
11,1863.0303,control_oct
11,1863.3307,control_oct
11,1863.6309,control_oct
19,1863.9313,control_oct
12,1864.2316,control_oct
36,1864.5319,control_oct
1,1864.8322,control_oct
26,1865.1325,control_oct
37,1865.4328,control_oct
15,1865.7331,control_oct
15,1866.0334,control_oct
15,1866.3337,control_oct
15,1866.6341,control_oct
15,1866.9344,control_oct
15,1867.2347,control_oct
19,1867.535,control_oct
19,1867.8353,control_oct
15,1868.1356,control_oct
11,1868.4359,control_oct
1,1868.7362,control_oct
15,1869.0365,control_oct
12,1869.3368,control_oct
16,1869.6372,control_oct
36,1869.9374,control_oct
35,1870.2378,control_oct
19,1870.538,control_oct
19,1870.8384,control_oct
19,1871.1387,control_oct
11,1871.439,control_oct
35,1871.7393,control_oct
15,1872.0396,control_oct
12,1872.34,control_oct
12,1872.6403,control_oct
19,1872.9406,control_oct
19,1873.2409,control_oct
15,1873.5411,control_oct
1,1873.8415,control_oct
15,1874.1418,control_oct
19,1874.4421,control_oct
16,1874.7425,control_oct
16,1875.0428,control_oct
36,1875.3431,control_oct
16,1875.6434,control_oct
16,1875.9436,control_oct
17,1876.244,control_oct
17,1876.5443,control_oct
16,1876.8446,control_oct
17,1877.1449,control_oct
8,1877.4452,control_oct
17,1877.7455,control_oct
8,1878.0459,control_oct
1,1878.3462,control_oct
37,1878.6464,control_oct
13,1878.9468,control_oct
10,1879.2471,control_oct
37,1879.5474,control_oct
13,1879.8477,control_oct
18,1880.148,control_oct
10,1880.4483,control_oct
6,1880.7486,control_oct
17,1881.0489,control_oct
10,1881.3492,control_oct
10,1881.6495,control_oct
10,1881.9499,control_oct
10,1882.2502,control_oct
18,1882.5504,control_oct
15,1882.8508,control_oct
26,1883.1511,control_oct
26,1883.4514,control_oct
37,1883.7517,control_oct
18,1884.052,control_oct
37,1884.3524,control_oct
18,1884.6526,control_oct
18,1884.953,control_oct
25,1885.5536,control_oct
37,1885.8539,control_oct
12,1886.1542,control_oct
11,1886.4546,control_oct
35,1886.7548,control_oct
35,1887.0552,control_oct
35,1887.3555,control_oct
6,1887.6557,control_oct
11,1887.9561,control_oct
19,1888.2564,control_oct
19,1888.5567,control_oct
8,1888.857,control_oct
35,1889.1573,control_oct
35,1889.4576,control_oct
35,1889.7579,control_oct
35,1890.0583,control_oct
11,1890.3586,control_oct
35,1890.6588,control_oct
35,1890.9592,control_oct
19,1891.2595,control_oct
35,1891.5598,control_oct
35,1891.8601,control_oct
11,1892.1604,control_oct
35,1892.4607,control_oct
11,1892.761,control_oct
35,1893.0613,control_oct
11,1893.3617,control_oct
11,1893.662,control_oct
24,1893.9623,control_oct
12,1894.2626,control_oct
7,1894.5629,control_oct
18,1894.8633,control_oct
13,1895.1635,control_oct
13,1895.4638,control_oct
10,1895.7642,control_oct
6,1896.0644,control_oct
10,1896.3648,control_oct
11,1896.6651,control_oct
13,1896.9654,control_oct
10,1897.2657,control_oct
10,1897.571,control_oct
13,1897.8663,control_oct
37,1898.1667,control_oct
19,1898.467,control_oct
19,1898.7673,control_oct
19,1899.0676,control_oct
11,1899.3679,control_oct
12,1899.6682,control_oct
12,1899.9685,control_oct
35,1900.2688,control_oct
17,1900.5691,control_oct
1,1900.8694,control_oct
15,1901.1697,control_oct
30,1901.47,control_oct
1,1901.7703,control_oct
13,1902.371,control_oct
6,1902.6713,control_oct
25,1902.9716,control_oct
25,1903.2719,control_oct
13,1903.5722,control_oct
13,1903.8725,control_oct
18,1904.1728,control_oct
13,1904.4732,control_oct
13,1904.7735,control_oct
12,1905.0738,control_oct
19,1905.374,control_oct
7,1905.6744,control_oct
15,1905.9747,control_oct
18,1906.275,control_oct
13,1906.5753,control_oct
18,1906.8756,control_oct
35,1907.176,control_oct
19,1907.4763,control_oct
13,1907.7766,control_oct
35,1908.0769,control_oct
19,1908.3781,control_oct
19,1908.6775,control_oct
19,1908.9779,control_oct
1,1909.2782,control_oct
19,1909.5785,control_oct
19,1909.8788,control_oct
15,1910.1791,control_oct
1,1910.4794,control_oct
11,1910.7797,control_oct
11,1911.08,control_oct
19,1911.3804,control_oct
19,1911.6806,control_oct
19,1911.9809,control_oct
7,1912.2813,control_oct
7,1912.5815,control_oct
15,1912.8819,control_oct
15,1913.1822,control_oct
11,1913.4825,control_oct
35,1913.7828,control_oct
12,1914.0831,control_oct
35,1914.3834,control_oct
12,1914.6838,control_oct
7,1914.9841,control_oct
6,1915.2843,control_oct
13,1915.5847,control_oct
12,1915.885,control_oct
19,1916.1853,control_oct
35,1916.4856,control_oct
15,1916.7859,control_oct
11,1917.0862,control_oct
19,1917.3874,control_oct
6,1917.6877,control_oct
25,1917.9871,control_oct
37,1918.2875,control_oct
31,1918.5877,control_oct
18,1918.888,control_oct
13,1919.1884,control_oct
13,1919.4888,control_oct
13,1919.789,control_oct
13,1920.0893,control_oct
18,1920.3896,control_oct
18,1920.6899,control_oct
13,1920.9902,control_oct
12,1921.2905,control_oct
19,1921.5934,control_oct
11,1921.8912,control_oct
19,1922.1915,control_oct
19,1922.4918,control_oct
19,1922.7921,control_oct
19,1923.0924,control_oct
15,1923.3927,control_oct
19,1923.693,control_oct
13,1923.9934,control_oct
19,1924.2937,control_oct
11,1924.594,control_oct
18,1924.8942,control_oct
37,1925.1946,control_oct
15,1925.4948,control_oct
11,1925.7952,control_oct
12,1926.0956,control_oct
17,1926.3959,control_oct
16,1926.6961,control_oct
36,1926.9965,control_oct
17,1927.2968,control_oct
16,1927.5971,control_oct
36,1927.8974,control_oct
11,1928.1977,control_oct
15,1928.498,control_oct
15,1928.7983,control_oct
11,1929.0986,control_oct
11,1929.3989,control_oct
19,1929.6992,control_oct
15,1929.9995,control_oct
15,1930.3007,control_oct
11,1930.6002,control_oct
11,1930.9005,control_oct
12,1931.2008,control_oct
16,1931.5011,control_oct
16,1931.8014,control_oct
25,1932.1017,control_oct
36,1932.402,control_oct
25,1932.7024,control_oct
37,1933.0035,control_oct
1,1933.3079,control_oct
37,1933.6033,control_oct
19,1933.9036,control_oct
37,1934.2039,control_oct
18,1934.5042,control_oct
37,1934.8045,control_oct
18,1935.1048,control_oct
13,1935.4052,control_oct
27,1935.7054,control_oct
26,1936.0058,control_oct
37,1936.3061,control_oct
6,1936.6064,control_oct
16,1936.9067,control_oct
17,1937.207,control_oct
36,1937.5073,control_oct
35,1937.8076,control_oct
1,1938.1078,control_oct
15,1938.4082,control_oct
15,1938.7085,control_oct
18,1939.0088,control_oct
31,1939.3092,control_oct
18,1939.6094,control_oct
31,1939.9098,control_oct
37,1940.21,control_oct
26,1940.5104,control_oct
32,1940.8107,control_oct
1,1941.111,control_oct
15,1941.4113,control_oct
1,1941.7116,control_oct
19,1942.0119,control_oct
1,1942.3123,control_oct
15,1942.6126,control_oct
19,1942.9146,control_oct
11,1943.2132,control_oct
19,1943.5135,control_oct
35,1943.8138,control_oct
19,1944.1141,control_oct
11,1944.4145,control_oct
19,1944.7148,control_oct
19,1945.015,control_oct
18,1945.3154,control_oct
31,1945.6156,control_oct
19,1945.916,control_oct
15,1946.2163,control_oct
35,1946.5166,control_oct
8,1946.8168,control_oct
35,1947.1172,control_oct
6,1947.4175,control_oct
13,1947.7178,control_oct
25,1948.0182,control_oct
10,1948.3185,control_oct
24,1948.6188,control_oct
10,1948.919,control_oct
13,1949.2244,control_oct
10,1949.5197,control_oct
25,1949.82,control_oct
13,1950.1203,control_oct
13,1950.4206,control_oct
6,1950.7209,control_oct
6,1951.0212,control_oct
10,1951.3215,control_oct
11,1951.6219,control_oct
13,1951.9221,control_oct
13,1952.2225,control_oct
13,1952.5228,control_oct
13,1952.8231,control_oct
18,1953.1234,control_oct
37,1953.4237,control_oct
13,1953.724,control_oct
25,1954.0243,control_oct
13,1954.3246,control_oct
13,1954.625,control_oct
11,1954.9253,control_oct
35,1955.2256,control_oct
16,1955.5259,control_oct
10,1955.8261,control_oct
36,1956.1265,control_oct
35,1956.4268,control_oct
37,1956.7271,control_oct
6,1957.0274,control_oct
10,1957.3277,control_oct
13,1957.628,control_oct
35,1957.9284,control_oct
11,1958.2286,control_oct
35,1958.529,control_oct
35,1958.8293,control_oct
16,1959.1296,control_oct
36,1959.4299,control_oct
16,1959.7302,control_oct
35,1960.0305,control_oct
15,1960.3308,control_oct
11,1960.6311,control_oct
12,1960.9314,control_oct
35,1961.2317,control_oct
36,1961.5321,control_oct
12,1961.8324,control_oct
8,1962.1327,control_oct
12,1962.433,control_oct
19,1962.7333,control_oct
19,1963.0336,control_oct
19,1963.334,control_oct
12,1963.6343,control_oct
35,1963.9346,control_oct
19,1964.2348,control_oct
1,1964.5351,control_oct
18,1964.8355,control_oct
18,1965.1358,control_oct
18,1965.4361,control_oct
37,1965.7364,control_oct
26,1966.0367,control_oct
13,1966.337,control_oct
6,1966.6373,control_oct
25,1966.9377,control_oct
12,1967.238,control_oct
6,1967.5382,control_oct
18,1967.8386,control_oct
31,1968.1389,control_oct
31,1968.4392,control_oct
26,1968.7395,control_oct
2,1969.0398,control_oct
12,1969.3401,control_oct
19,1969.6404,control_oct
11,1969.9407,control_oct
35,1970.2411,control_oct
19,1970.5413,control_oct
31,1970.8416,control_oct
37,1971.142,control_oct
18,1971.4423,control_oct
35,1971.7426,control_oct
12,1972.043,control_oct
35,1972.3432,control_oct
6,1972.6435,control_oct
13,1972.9464,control_oct
13,1973.2441,control_oct
13,1973.5444,control_oct
18,1973.8448,control_oct
13,1974.145,control_oct
13,1974.4453,control_oct
13,1974.7482,control_oct
18,1975.046,control_oct
6,1975.3463,control_oct
13,1975.6466,control_oct
37,1975.9469,control_oct
19,1976.2473,control_oct
1,1976.5476,control_oct
35,1976.8479,control_oct
35,1977.1482,control_oct
11,1977.4484,control_oct
16,1977.7488,control_oct
8,1978.0491,control_oct
11,1978.3494,control_oct
11,1978.6497,control_oct
12,1978.95,control_oct
11,1979.2503,control_oct
35,1979.5507,control_oct
19,1979.8509,control_oct
35,1980.1513,control_oct
35,1980.4516,control_oct
35,1980.7519,control_oct
19,1981.0522,control_oct
19,1981.3525,control_oct
35,1981.6529,control_oct
35,1981.9531,control_oct
35,1982.2534,control_oct
11,1982.5537,control_oct
19,1982.8541,control_oct
19,1983.1543,control_oct
15,1983.4547,control_oct
15,1983.755,control_oct
1,1984.0553,control_oct
19,1984.3556,control_oct
15,1984.6559,control_oct
1,1984.9562,control_oct
7,1985.2565,control_oct
7,1985.5569,control_oct
15,1985.8572,control_oct
7,1986.1575,control_oct
23,1986.4578,control_oct
19,1986.758,control_oct
15,1987.0585,control_oct
7,1987.3587,control_oct
26,1987.659,control_oct
26,1987.9593,control_oct
18,1988.2596,control_oct
35,1988.5599,control_oct
17,1988.8603,control_oct
36,1989.1606,control_oct
19,1989.4609,control_oct
1,1989.7612,control_oct
1,1990.0615,control_oct
7,1990.3617,control_oct
18,1990.6621,control_oct
37,1990.9624,control_oct
12,1991.2627,control_oct
11,1991.563,control_oct
1,1991.8633,control_oct
23,1992.1637,control_oct
31,1992.4639,control_oct
31,1992.7642,control_oct
19,1993.0645,control_oct
19,1993.3649,control_oct
7,1993.6652,control_oct
19,1993.9655,control_oct
18,1994.2658,control_oct
37,1994.5661,control_oct
12,1994.8664,control_oct
19,1995.1667,control_oct
15,1995.4671,control_oct
12,1995.7673,control_oct
36,1996.0676,control_oct
18,1996.3679,control_oct
14,1996.6683,control_oct
7,1996.9686,control_oct
7,1997.2689,control_oct
11,1997.5692,control_oct
17,1997.8695,control_oct
10,1998.1699,control_oct
13,1998.4701,control_oct
13,1998.7704,control_oct
25,1999.0708,control_oct
10,1999.371,control_oct
10,1999.6713,control_oct
6,1999.9717,control_oct
13,2000.272,control_oct
6,2000.5723,control_oct
18,2000.8726,control_oct
37,2001.1729,control_oct
13,2001.4732,control_oct
25,2001.7735,control_oct
10,2002.0738,control_oct
31,2002.3741,control_oct
19,2002.6745,control_oct
15,2002.9781,control_oct
20,2003.2751,control_oct
7,2003.5754,control_oct
7,2003.8756,control_oct
1,2004.176,control_oct
18,2004.4763,control_oct
37,2004.7766,control_oct
11,2005.0769,control_oct
15,2005.3772,control_oct
1,2005.6776,control_oct
19,2005.9779,control_oct
19,2006.2782,control_oct
12,2006.5785,control_oct
35,2006.8788,control_oct
12,2007.1791,control_oct
35,2007.4794,control_oct
36,2007.7798,control_oct
16,2008.08,control_oct
16,2008.3803,control_oct
36,2008.6807,control_oct
35,2008.981,control_oct
36,2009.2813,control_oct
35,2009.5816,control_oct
16,2009.8819,control_oct
36,2010.1822,control_oct
36,2010.4825,control_oct
17,2010.7828,control_oct
11,2011.0831,control_oct
1,2011.3834,control_oct
16,2011.6837,control_oct
36,2011.9841,control_oct
17,2012.2844,control_oct
16,2012.5847,control_oct
25,2012.885,control_oct
13,2013.1853,control_oct
37,2013.4856,control_oct
13,2013.7859,control_oct
13,2014.0862,control_oct
25,2014.3865,control_oct
17,2014.6868,control_oct
10,2014.9871,control_oct
25,2015.2875,control_oct
37,2015.5878,control_oct
13,2015.8889,control_oct
37,2016.1884,control_oct
18,2016.4887,control_oct
18,2016.789,control_oct
13,2017.0893,control_oct
18,2017.3897,control_oct
12,2017.6899,control_oct
12,2017.9903,control_oct
12,2018.2914,control_oct
11,2018.5908,control_oct
12,2018.8912,control_oct
36,2019.1915,control_oct
35,2019.4918,control_oct
11,2019.7922,control_oct
11,2020.0924,control_oct
19,2020.3927,control_oct
37,2020.6931,control_oct
13,2020.9933,control_oct
18,2021.2937,control_oct
13,2021.594,control_oct
18,2021.8943,control_oct
13,2022.1946,control_oct
13,2022.4949,control_oct
37,2022.7953,control_oct
31,2023.0956,control_oct
14,2023.3959,control_oct
37,2023.6962,control_oct
6,2023.9964,control_oct
6,2024.2968,control_oct
18,2024.5971,control_oct
35,2024.8974,control_oct
19,2025.1978,control_oct
12,2025.498,control_oct
15,2025.7984,control_oct
7,2026.0987,control_oct
7,2026.3989,control_oct
1,2026.6993,control_oct
11,2026.9996,control_oct
36,2027.2999,control_oct
36,2027.6002,control_oct
19,2027.9005,control_oct
1,2028.2008,control_oct
7,2028.5012,control_oct
1,2028.8014,control_oct
7,2029.1017,control_oct
15,2029.4021,control_oct
36,2029.7024,control_oct
16,2030.0027,control_oct
36,2030.303,control_oct
16,2030.6033,control_oct
8,2030.9036,control_oct
11,2031.2039,control_oct
7,2031.5043,control_oct
1,2031.8046,control_oct
18,2032.1048,control_oct
6,2032.4052,control_oct
13,2032.7055,control_oct
13,2033.0058,control_oct
10,2033.3061,control_oct
19,2033.6065,control_oct
11,2033.9068,control_oct
12,2034.207,control_oct
16,2034.5074,control_oct
16,2034.8077,control_oct
18,2035.1079,control_oct
13,2035.4092,control_oct
10,2035.7086,control_oct
10,2036.0089,control_oct
13,2036.3092,control_oct
37,2036.6096,control_oct
6,2036.9099,control_oct
13,2037.2119,control_oct
37,2037.5105,control_oct
18,2037.8108,control_oct
13,2038.1111,control_oct
6,2038.4114,control_oct
13,2038.7117,control_oct
18,2039.012,control_oct
37,2039.3123,control_oct
13,2039.6127,control_oct
6,2039.913,control_oct
13,2040.2132,control_oct
13,2040.5136,control_oct
6,2040.8139,control_oct
25,2041.1143,control_oct
25,2041.4146,control_oct
25,2041.7148,control_oct
13,2042.0152,control_oct
10,2042.3155,control_oct
25,2042.6158,control_oct
13,2042.9161,control_oct
12,2043.2164,control_oct
19,2043.5167,control_oct
35,2043.8171,control_oct
35,2044.1174,control_oct
35,2044.4176,control_oct
35,2044.718,control_oct
11,2045.0183,control_oct
35,2045.3186,control_oct
35,2045.6189,control_oct
19,2045.9192,control_oct
35,2046.2195,control_oct
35,2046.5198,control_oct
12,2046.8201,control_oct
11,2047.1205,control_oct
12,2047.4208,control_oct
16,2047.7211,control_oct
35,2048.0264,control_oct
36,2048.3217,control_oct
35,2048.622,control_oct
16,2048.9224,control_oct
11,2049.2226,control_oct
35,2049.5229,control_oct
25,2049.8233,control_oct
16,2050.1236,control_oct
36,2050.4239,control_oct
17,2050.7242,control_oct
16,2051.0245,control_oct
12,2051.3248,control_oct
11,2051.6252,control_oct
17,2051.9305,control_oct
24,2052.2258,control_oct
36,2052.526,control_oct
17,2052.8264,control_oct
11,2053.1267,control_oct
36,2053.427,control_oct
36,2053.7274,control_oct
16,2054.0276,control_oct
17,2054.328,control_oct
10,2054.6283,control_oct
37,2054.9285,control_oct
13,2055.2298,control_oct
13,2055.5292,control_oct
10,2055.8295,control_oct
13,2056.1298,control_oct
13,2056.4301,control_oct
6,2056.7304,control_oct
25,2057.0307,control_oct
13,2057.331,control_oct
13,2057.6314,control_oct
13,2057.9317,control_oct
6,2058.232,control_oct
6,2058.5323,control_oct
25,2058.8326,control_oct
13,2059.1329,control_oct
18,2059.4333,control_oct
10,2059.7335,control_oct
13,2060.0339,control_oct
13,2060.3342,control_oct
13,2060.6345,control_oct
13,2060.9348,control_oct
13,2061.2351,control_oct
11,2061.5355,control_oct
19,2061.8357,control_oct
19,2062.136,control_oct
12,2062.4364,control_oct
1,2062.7367,control_oct
1,2063.037,control_oct
19,2063.3372,control_oct
35,2063.6376,control_oct
19,2063.938,control_oct
35,2064.2383,control_oct
11,2064.5386,control_oct
8,2064.8389,control_oct
12,2065.1392,control_oct
15,2065.4395,control_oct
1,2065.7398,control_oct
11,2066.0402,control_oct
35,2066.3404,control_oct
12,2066.6407,control_oct
19,2066.941,control_oct
19,2067.2414,control_oct
11,2067.5417,control_oct
35,2067.842,control_oct
11,2068.1423,control_oct
11,2068.4426,control_oct
19,2068.7429,control_oct
12,2069.0432,control_oct
12,2069.3435,control_oct
18,2069.6438,control_oct
36,2069.9442,control_oct
13,2070.2444,control_oct
37,2070.5447,control_oct
18,2070.8459,control_oct
18,2071.1454,control_oct
18,2071.4457,control_oct
37,2071.746,control_oct
13,2072.0463,control_oct
6,2072.3466,control_oct
25,2072.6469,control_oct
10,2072.9473,control_oct
25,2073.2476,control_oct
18,2073.5479,control_oct
15,2073.8482,control_oct
15,2074.1485,control_oct
11,2074.4488,control_oct
8,2074.7491,control_oct
8,2075.0494,control_oct
14,2075.3498,control_oct
7,2075.65,control_oct
19,2075.9504,control_oct
35,2076.2507,control_oct
19,2076.551,control_oct
35,2076.8513,control_oct
11,2077.1516,control_oct
35,2077.4519,control_oct
19,2077.7523,control_oct
35,2078.0525,control_oct
19,2078.3529,control_oct
35,2078.6532,control_oct
11,2078.9535,control_oct
35,2079.2538,control_oct
19,2079.5541,control_oct
11,2079.8544,control_oct
19,2080.1547,control_oct
15,2080.455,control_oct
20,2080.7554,control_oct
7,2081.0557,control_oct
1,2081.3559,control_oct
7,2081.6562,control_oct
20,2081.9566,control_oct
15,2082.2569,control_oct
11,2082.5572,control_oct
19,2082.8575,control_oct
19,2083.1579,control_oct
11,2083.4581,control_oct
11,2083.7584,control_oct
19,2084.0588,control_oct
36,2084.359,control_oct
12,2084.6594,control_oct
11,2084.9597,control_oct
19,2085.26,control_oct
35,2085.5603,control_oct
12,2085.8606,control_oct
19,2086.1609,control_oct
8,2086.4612,control_oct
18,2086.7616,control_oct
15,2087.0619,control_oct
15,2087.3622,control_oct
12,2087.6625,control_oct
15,2087.9628,control_oct
11,2088.2631,control_oct
35,2088.5634,control_oct
15,2088.8637,control_oct
15,2089.164,control_oct
1,2089.4643,control_oct
35,2089.7646,control_oct
19,2090.0649,control_oct
12,2090.3652,control_oct
1,2090.6656,control_oct
1,2090.9659,control_oct
19,2091.2662,control_oct
35,2091.5665,control_oct
35,2091.8668,control_oct
19,2092.1671,control_oct
11,2092.4675,control_oct
19,2092.7678,control_oct
15,2093.0681,control_oct
19,2093.3684,control_oct
35,2093.6687,control_oct
15,2093.969,control_oct
15,2094.2693,control_oct
14,2094.5696,control_oct
13,2094.8699,control_oct
37,2095.1702,control_oct
18,2095.4705,control_oct
13,2095.7708,control_oct
6,2096.0712,control_oct
35,2096.3715,control_oct
16,2096.6718,control_oct
16,2096.9721,control_oct
10,2097.2724,control_oct
10,2097.5727,control_oct
13,2097.8731,control_oct
35,2098.1733,control_oct
35,2098.4736,control_oct
11,2098.774,control_oct
12,2099.0743,control_oct
36,2099.3746,control_oct
36,2099.6749,control_oct
10,2099.9752,control_oct
10,2100.2756,control_oct
24,2100.5759,control_oct
10,2100.8761,control_oct
10,2101.1764,control_oct
6,2101.4767,control_oct
10,2101.7771,control_oct
18,2102.0774,control_oct
6,2102.3777,control_oct
6,2102.678,control_oct
31,2102.9783,control_oct
31,2103.2786,control_oct
26,2103.5789,control_oct
26,2103.8792,control_oct
26,2104.1796,control_oct
11,2104.4798,control_oct
12,2104.7802,control_oct
12,2105.0804,control_oct
36,2105.3808,control_oct
35,2105.6811,control_oct
15,2105.9814,control_oct
36,2106.2817,control_oct
11,2106.5821,control_oct
11,2106.8824,control_oct
11,2107.1827,control_oct
35,2107.483,control_oct
1,2107.7833,control_oct
1,2108.0836,control_oct
15,2108.3838,control_oct
19,2108.6842,control_oct
15,2108.9845,control_oct
19,2109.2848,control_oct
19,2109.5852,control_oct
12,2109.8854,control_oct
12,2110.1858,control_oct
35,2110.4861,control_oct
32,2110.7863,control_oct
19,2111.0867,control_oct
19,2111.387,control_oct
19,2111.6873,control_oct
19,2111.9876,control_oct
19,2112.2879,control_oct
18,2112.5883,control_oct
31,2112.8885,control_oct
26,2113.1888,control_oct
14,2113.4891,control_oct
19,2113.7895,control_oct
11,2114.0898,control_oct
11,2114.3901,control_oct
19,2114.6904,control_oct
19,2114.9907,control_oct
19,2115.291,control_oct
19,2115.5913,control_oct
19,2115.8917,control_oct
11,2116.1919,control_oct
35,2116.4923,control_oct
35,2116.7925,control_oct
12,2117.0929,control_oct
11,2117.3932,control_oct
1,2117.6935,control_oct
11,2117.9938,control_oct
11,2118.2941,control_oct
8,2118.5944,control_oct
26,2118.8948,control_oct
18,2119.195,control_oct
12,2119.4954,control_oct
19,2119.7957,control_oct
1,2120.096,control_oct
15,2120.3963,control_oct
19,2120.6966,control_oct
35,2120.9969,control_oct
19,2121.2972,control_oct
36,2121.5975,control_oct
36,2121.8978,control_oct
12,2122.1981,control_oct
35,2122.4984,control_oct
8,2122.7988,control_oct
35,2123.0991,control_oct
35,2123.3994,control_oct
1,2123.6997,control_oct
15,2124.0,control_oct
11,2124.3003,control_oct
35,2124.6006,control_oct
12,2124.9009,control_oct
35,2125.2012,control_oct
36,2125.5016,control_oct
16,2125.8019,control_oct
11,2126.1022,control_oct
12,2126.4025,control_oct
11,2126.7028,control_oct
15,2127.0031,control_oct
11,2127.3034,control_oct
35,2127.6037,control_oct
15,2127.904,control_oct
19,2128.2044,control_oct
15,2128.5046,control_oct
18,2128.805,control_oct
18,2129.1052,control_oct
18,2129.4055,control_oct
31,2129.7059,control_oct
31,2130.0061,control_oct
1,2130.3065,control_oct
27,2130.6068,control_oct
1,2130.9071,control_oct
15,2131.2074,control_oct
11,2131.5077,control_oct
7,2131.808,control_oct
19,2132.1083,control_oct
19,2132.4087,control_oct
18,2132.7089,control_oct
18,2133.0093,control_oct
31,2133.3096,control_oct
31,2133.6099,control_oct
27,2133.9102,control_oct
14,2134.2105,control_oct
26,2134.5108,control_oct
18,2134.8111,control_oct
26,2135.1114,control_oct
1,2135.4117,control_oct
37,2135.7121,control_oct
18,2136.0124,control_oct
31,2136.3127,control_oct
31,2136.613,control_oct
31,2136.9133,control_oct
1,2137.2136,control_oct
15,2137.514,control_oct
15,2137.8142,control_oct
15,2138.1146,control_oct
19,2138.4148,control_oct
14,2138.7151,control_oct
14,2139.0155,control_oct
15,2139.3158,control_oct
7,2139.6161,control_oct
7,2139.9164,control_oct
15,2140.2167,control_oct
19,2140.517,control_oct
15,2140.8173,control_oct
1,2141.418,control_oct
15,2141.7183,control_oct
1,2142.0186,control_oct
1,2142.3188,control_oct
26,2142.6192,control_oct
18,2142.9195,control_oct
18,2143.2198,control_oct
37,2143.5201,control_oct
6,2143.8204,control_oct
13,2144.1207,control_oct
6,2144.421,control_oct
13,2144.7214,control_oct
13,2145.0217,control_oct
37,2145.322,control_oct
26,2145.6223,control_oct
6,2145.9226,control_oct
36,2146.2229,control_oct
17,2146.5232,control_oct
16,2146.8236,control_oct
17,2147.1238,control_oct
17,2147.4242,control_oct
17,2147.7244,control_oct
8,2148.0247,control_oct
19,2148.3251,control_oct
18,2148.6254,control_oct
26,2148.9257,control_oct
2,2149.226,control_oct
26,2149.5263,control_oct
37,2149.8267,control_oct
13,2150.4273,control_oct
18,2150.7275,control_oct
13,2151.0279,control_oct
25,2151.3281,control_oct
37,2151.6285,control_oct
6,2151.9288,control_oct
10,2152.2291,control_oct
25,2152.5294,control_oct
13,2152.8298,control_oct
25,2153.13,control_oct
37,2153.4304,control_oct
6,2153.7306,control_oct
13,2154.031,control_oct
11,2154.3313,control_oct
11,2154.6316,control_oct
19,2154.9319,control_oct
35,2155.2322,control_oct
19,2155.5325,control_oct
20,2155.8328,control_oct
15,2156.1331,control_oct
32,2156.4335,control_oct
2,2156.7337,control_oct
2,2157.034,control_oct
19,2157.3344,control_oct
19,2157.6347,control_oct
19,2157.935,control_oct
35,2158.2353,control_oct
35,2158.5356,control_oct
35,2158.8359,control_oct
12,2159.1363,control_oct
17,2159.4365,control_oct
35,2159.7369,control_oct
35,2160.0372,control_oct
15,2160.3375,control_oct
20,2160.6378,control_oct
15,2160.9382,control_oct
19,2161.2384,control_oct
35,2161.5388,control_oct
36,2161.839,control_oct
35,2162.1393,control_oct
35,2162.4397,control_oct
12,2162.74,control_oct
19,2163.0403,control_oct
11,2163.3406,control_oct
11,2163.6409,control_oct
18,2163.9412,control_oct
10,2164.2416,control_oct
13,2164.5418,control_oct
13,2164.8421,control_oct
13,2165.1425,control_oct
10,2165.4428,control_oct
37,2165.7431,control_oct
13,2166.0434,control_oct
6,2166.3437,control_oct
37,2166.644,control_oct
31,2166.9444,control_oct
26,2167.2446,control_oct
37,2167.5449,control_oct
26,2167.8452,control_oct
26,2168.1456,control_oct
26,2168.4459,control_oct
37,2168.7462,control_oct
24,2169.0465,control_oct
9,2169.3468,control_oct
13,2169.6472,control_oct
6,2169.9474,control_oct
10,2170.2478,control_oct
13,2170.5481,control_oct
18,2170.8484,control_oct
26,2171.1486,control_oct
31,2171.4557,control_oct
26,2171.7493,control_oct
7,2172.0496,control_oct
1,2172.3499,control_oct
19,2172.6503,control_oct
15,2172.9505,control_oct
19,2173.2508,control_oct
8,2173.5512,control_oct
16,2173.8515,control_oct
19,2174.1518,control_oct
1,2174.4521,control_oct
11,2174.7524,control_oct
24,2175.0527,control_oct
24,2175.353,control_oct
9,2175.6533,control_oct
24,2175.9537,control_oct
11,2176.254,control_oct
1,2176.5542,control_oct
19,2176.8546,control_oct
19,2177.1549,control_oct
11,2177.4552,control_oct
35,2177.7555,control_oct
11,2178.0558,control_oct
11,2178.3561,control_oct
35,2178.6564,control_oct
35,2178.9568,control_oct
11,2179.2571,control_oct
35,2179.5574,control_oct
35,2179.8577,control_oct
11,2180.158,control_oct
1,2180.4583,control_oct
7,2180.7586,control_oct
19,2181.059,control_oct
15,2181.3592,control_oct
19,2181.6596,control_oct
35,2181.9599,control_oct
19,2182.2601,control_oct
35,2182.5605,control_oct
35,2182.8608,control_oct
1,2183.1611,control_oct
19,2183.4614,control_oct
19,2183.7617,control_oct
11,2184.062,control_oct
8,2184.3624,control_oct
8,2184.6626,control_oct
36,2184.963,control_oct
16,2185.2633,control_oct
12,2185.5636,control_oct
12,2185.8639,control_oct
17,2186.1642,control_oct
15,2186.4645,control_oct
7,2186.7648,control_oct
26,2187.0651,control_oct
37,2187.3654,control_oct
35,2187.6658,control_oct
35,2187.9661,control_oct
11,2188.2664,control_oct
11,2188.5667,control_oct
17,2188.867,control_oct
16,2189.1682,control_oct
17,2189.4676,control_oct
16,2189.768,control_oct
17,2190.0683,control_oct
16,2190.3686,control_oct
17,2190.6689,control_oct
8,2190.9692,control_oct
19,2191.2694,control_oct
13,2191.5698,control_oct
37,2191.8718,control_oct
31,2192.1704,control_oct
27,2192.4707,control_oct
27,2192.771,control_oct
27,2193.0714,control_oct
13,2193.3767,control_oct
11,2193.672,control_oct
12,2193.9723,control_oct
12,2194.2726,control_oct
15,2194.5729,control_oct
19,2194.8732,control_oct
11,2195.1736,control_oct
11,2195.4739,control_oct
8,2195.7741,control_oct
36,2196.0745,control_oct
35,2196.3748,control_oct
15,2196.6751,control_oct
19,2196.9754,control_oct
19,2197.2757,control_oct
35,2197.576,control_oct
35,2197.8764,control_oct
35,2198.1767,control_oct
35,2198.477,control_oct
35,2198.7773,control_oct
19,2199.0776,control_oct
6,2199.3779,control_oct
13,2199.6782,control_oct
12,2199.9785,control_oct
11,2200.2789,control_oct
12,2200.5792,control_oct
11,2200.8794,control_oct
11,2201.1798,control_oct
6,2201.4801,control_oct
36,2201.7804,control_oct
36,2202.0807,control_oct
16,2202.381,control_oct
8,2202.6813,control_oct
35,2202.9816,control_oct
19,2203.2819,control_oct
15,2203.5822,control_oct
5,2203.8826,control_oct
12,2204.1829,control_oct
17,2204.4832,control_oct
36,2204.7835,control_oct
17,2205.0839,control_oct
8,2205.3841,control_oct
11,2205.6844,control_oct
35,2205.9847,control_oct
17,2206.2851,control_oct
11,2206.5853,control_oct
16,2206.8857,control_oct
16,2207.186,control_oct
11,2207.4863,control_oct
11,2207.7866,control_oct
7,2208.0869,control_oct
11,2208.3872,control_oct
36,2208.6876,control_oct
35,2208.9879,control_oct
12,2209.2882,control_oct
16,2209.5885,control_oct
16,2209.8888,control_oct
10,2210.1891,control_oct
37,2210.4894,control_oct
18,2210.7897,control_oct
18,2211.09,control_oct
37,2211.3903,control_oct
31,2211.6907,control_oct
27,2211.9909,control_oct
14,2212.2913,control_oct
19,2212.5916,control_oct
11,2212.8919,control_oct
35,2213.1922,control_oct
35,2213.4925,control_oct
16,2213.7928,control_oct
16,2214.0932,control_oct
11,2214.3935,control_oct
7,2214.6938,control_oct
15,2214.994,control_oct
11,2215.2944,control_oct
11,2215.5947,control_oct
17,2215.895,control_oct
17,2216.1953,control_oct
17,2216.4956,control_oct
24,2216.7959,control_oct
17,2217.0963,control_oct
19,2217.3966,control_oct
20,2217.6969,control_oct
7,2217.9972,control_oct
7,2218.2974,control_oct
15,2218.5978,control_oct
9,2218.8981,control_oct
4,2219.1984,control_oct
4,2219.4987,control_oct
2,2219.799,control_oct
32,2220.0994,control_oct
32,2220.3996,control_oct
32,2220.6999,control_oct
19,2221.0003,control_oct
19,2221.3006,control_oct
36,2221.6018,control_oct
12,2221.9012,control_oct
12,2222.2015,control_oct
11,2222.5019,control_oct
35,2222.8022,control_oct
12,2223.1025,control_oct
16,2223.4028,control_oct
12,2223.7031,control_oct
5,2224.0034,control_oct
19,2224.3037,control_oct
35,2224.604,control_oct
1,2224.9043,control_oct
7,2225.2046,control_oct
1,2225.5049,control_oct
35,2225.8053,control_oct
36,2226.1056,control_oct
12,2226.4059,control_oct
16,2226.7062,control_oct
16,2227.0065,control_oct
8,2227.3068,control_oct
17,2227.6071,control_oct
8,2227.9075,control_oct
11,2228.2077,control_oct
35,2228.508,control_oct
11,2228.8084,control_oct
11,2229.1086,control_oct
11,2229.4091,control_oct
11,2229.7093,control_oct
35,2230.0096,control_oct
16,2230.31,control_oct
11,2230.6102,control_oct
19,2230.9106,control_oct
11,2231.2108,control_oct
15,2231.5112,control_oct
15,2231.8115,control_oct
15,2232.1118,control_oct
12,2232.4121,control_oct
36,2232.7124,control_oct
1,2233.0127,control_oct
15,2233.313,control_oct
11,2233.6134,control_oct
19,2233.9137,control_oct
11,2234.214,control_oct
19,2234.5143,control_oct
15,2234.8146,control_oct
12,2235.1149,control_oct
35,2235.4152,control_oct
19,2235.7156,control_oct
11,2236.0158,control_oct
35,2236.3162,control_oct
11,2236.6164,control_oct
19,2236.9168,control_oct
19,2237.2172,control_oct
19,2237.5174,control_oct
12,2237.8177,control_oct
19,2238.118,control_oct
11,2238.4184,control_oct
35,2238.7186,control_oct
12,2239.0189,control_oct
35,2239.3193,control_oct
11,2239.6196,control_oct
35,2239.9199,control_oct
11,2240.2202,control_oct
18,2240.5205,control_oct
31,2240.8208,control_oct
15,2241.1211,control_oct
15,2241.4215,control_oct
19,2241.7218,control_oct
15,2242.022,control_oct
11,2242.3224,control_oct
19,2242.6227,control_oct
12,2242.923,control_oct
16,2243.2233,control_oct
10,2243.5236,control_oct
10,2243.8239,control_oct
17,2244.1243,control_oct
17,2244.4246,control_oct
17,2244.7249,control_oct
17,2245.0252,control_oct
8,2245.3255,control_oct
19,2245.6258,control_oct
15,2245.9261,control_oct
18,2246.2264,control_oct
31,2246.5267,control_oct
18,2246.827,control_oct
18,2247.1274,control_oct
31,2247.4276,control_oct
18,2247.728,control_oct
13,2248.0283,control_oct
10,2248.3286,control_oct
10,2248.6289,control_oct
18,2248.9292,control_oct
6,2249.2295,control_oct
13,2249.5298,control_oct
18,2249.8301,control_oct
12,2250.1305,control_oct
11,2250.4308,control_oct
12,2250.7311,control_oct
35,2251.0314,control_oct
19,2251.3317,control_oct
11,2251.632,control_oct
13,2251.9324,control_oct
6,2252.2326,control_oct
13,2252.533,control_oct
19,2252.8333,control_oct
19,2253.1336,control_oct
11,2253.4339,control_oct
7,2253.7342,control_oct
28,2254.0345,control_oct
5,2254.3348,control_oct
5,2254.6352,control_oct
5,2254.9354,control_oct
5,2255.2357,control_oct
34,2255.536,control_oct
5,2255.8364,control_oct
5,2256.1367,control_oct
5,2256.437,control_oct
5,2256.7373,control_oct
5,2257.0376,control_oct
35,2257.3379,control_oct
15,2257.6382,control_oct
1,2257.9386,control_oct
12,2258.2388,control_oct
1,2258.5392,control_oct
19,2258.8395,control_oct
19,2259.1398,control_oct
19,2259.4401,control_oct
12,2259.7404,control_oct
17,2260.0407,control_oct
16,2260.341,control_oct
36,2260.6422,control_oct
17,2260.9416,control_oct
12,2261.242,control_oct
36,2261.5422,control_oct
36,2261.8426,control_oct
17,2262.1429,control_oct
17,2262.4432,control_oct
11,2262.7435,control_oct
35,2263.0438,control_oct
11,2263.3442,control_oct
36,2263.6444,control_oct
16,2263.9448,control_oct
17,2264.2451,control_oct
25,2264.5454,control_oct
11,2264.8457,control_oct
35,2265.146,control_oct
36,2265.4463,control_oct
17,2265.7467,control_oct
11,2266.047,control_oct
35,2266.3473,control_oct
35,2266.6476,control_oct
12,2266.9479,control_oct
19,2267.2481,control_oct
15,2267.5485,control_oct
7,2267.8488,control_oct
15,2268.1492,control_oct
35,2268.4494,control_oct
16,2268.7498,control_oct
16,2269.0501,control_oct
10,2269.3503,control_oct
36,2269.6507,control_oct
17,2269.951,control_oct
15,2270.2513,control_oct
11,2270.5616,control_oct
16,2270.8519,control_oct
35,2271.1523,control_oct
12,2271.4526,control_oct
19,2271.7529,control_oct
35,2272.0532,control_oct
13,2272.3535,control_oct
6,2272.6538,control_oct
13,2272.9541,control_oct
13,2273.2544,control_oct
37,2273.855,control_oct
6,2274.1553,control_oct
36,2274.4556,control_oct
16,2274.756,control_oct
35,2275.0563,control_oct
36,2275.3566,control_oct
19,2275.6569,control_oct
35,2275.9572,control_oct
35,2276.2575,control_oct
17,2276.5578,control_oct
17,2276.8581,control_oct
16,2277.1585,control_oct
10,2277.4588,control_oct
25,2277.7591,control_oct
13,2278.0594,control_oct
13,2278.3597,control_oct
37,2278.66,control_oct
13,2278.9603,control_oct
8,2279.2606,control_oct
19,2279.5609,control_oct
16,2279.8613,control_oct
36,2280.1616,control_oct
17,2280.4619,control_oct
36,2280.7622,control_oct
8,2281.0625,control_oct
19,2281.3628,control_oct
11,2281.6631,control_oct
35,2281.9635,control_oct
35,2282.2637,control_oct
11,2282.5641,control_oct
11,2282.8644,control_oct
15,2283.1647,control_oct
1,2283.465,control_oct
15,2283.7653,control_oct
7,2284.0656,control_oct
1,2284.3659,control_oct
15,2284.6663,control_oct
7,2284.9666,control_oct
1,2285.2668,control_oct
18,2285.5672,control_oct
13,2285.8676,control_oct
18,2286.1678,control_oct
18,2286.4681,control_oct
6,2286.7684,control_oct
18,2287.0688,control_oct
13,2287.3691,control_oct
10,2287.6694,control_oct
6,2287.9696,control_oct
6,2288.27,control_oct
25,2288.5703,control_oct
6,2288.8706,control_oct
13,2289.176,control_oct
18,2289.4712,control_oct
15,2289.7715,control_oct
15,2290.0719,control_oct
35,2290.3722,control_oct
36,2290.6725,control_oct
8,2290.9728,control_oct
35,2291.2731,control_oct
16,2291.5734,control_oct
35,2291.8737,control_oct
1,2292.174,control_oct
19,2292.4744,control_oct
15,2292.7772,control_oct
1,2293.075,control_oct
1,2293.3752,control_oct
19,2293.6756,control_oct
15,2293.9759,control_oct
37,2294.2763,control_oct
11,2294.5765,control_oct
17,2294.8769,control_oct
16,2295.1772,control_oct
13,2295.4775,control_oct
16,2295.7778,control_oct
35,2296.0781,control_oct
11,2296.3784,control_oct
35,2296.6787,control_oct
35,2296.979,control_oct
6,2297.2793,control_oct
13,2297.5796,control_oct
18,2297.88,control_oct
26,2298.1802,control_oct
37,2298.4805,control_oct
12,2298.7809,control_oct
35,2299.0812,control_oct
16,2299.3815,control_oct
16,2299.6818,control_oct
11,2299.9822,control_oct
8,2300.2824,control_oct
17,2300.5828,control_oct
17,2300.8831,control_oct
24,2301.1834,control_oct
17,2301.4837,control_oct
16,2301.784,control_oct
36,2302.0843,control_oct
17,2302.3846,control_oct
17,2302.685,control_oct
24,2302.9852,control_oct
17,2303.2856,control_oct
24,2303.5859,control_oct
17,2303.8862,control_oct
11,2304.1865,control_oct
17,2304.4868,control_oct
36,2304.7871,control_oct
35,2305.0874,control_oct
12,2305.3878,control_oct
8,2305.6881,control_oct
35,2305.9884,control_oct
17,2306.2887,control_oct
16,2306.589,control_oct
16,2306.8902,control_oct
36,2307.1896,control_oct
8,2307.49,control_oct
11,2307.7902,control_oct
36,2308.0906,control_oct
35,2308.3909,control_oct
11,2308.6912,control_oct
6,2308.9915,control_oct
6,2309.2918,control_oct
13,2309.5922,control_oct
6,2309.8924,control_oct
37,2310.1928,control_oct
35,2310.4931,control_oct
11,2310.7934,control_oct
35,2311.0937,control_oct
15,2311.394,control_oct
18,2311.6943,control_oct
6,2311.9946,control_oct
36,2312.2949,control_oct
17,2312.5953,control_oct
16,2312.8956,control_oct
17,2313.1959,control_oct
36,2313.7965,control_oct
16,2314.0968,control_oct
16,2314.3971,control_oct
35,2314.6975,control_oct
6,2314.9978,control_oct
25,2315.2981,control_oct
6,2315.5984,control_oct
13,2315.8987,control_oct
16,2316.1991,control_oct
17,2316.4993,control_oct
17,2316.7996,control_oct
13,2317.1,control_oct
6,2317.4003,control_oct
10,2317.7006,control_oct
25,2318.0009,control_oct
37,2318.3012,control_oct
19,2318.6015,control_oct
11,2318.9019,control_oct
16,2319.2021,control_oct
12,2319.5025,control_oct
12,2319.8028,control_oct
16,2320.1031,control_oct
17,2320.4034,control_oct
17,2320.7036,control_oct
17,2321.004,control_oct
36,2321.3043,control_oct
11,2321.6046,control_oct
35,2321.905,control_oct
12,2322.2053,control_oct
36,2322.5056,control_oct
36,2322.8059,control_oct
16,2323.1062,control_oct
19,2323.4065,control_oct
11,2323.7068,control_oct
35,2324.0072,control_oct
12,2324.3075,control_oct
12,2324.6078,control_oct
24,2324.9081,control_oct
24,2325.2084,control_oct
36,2325.5137,control_oct
8,2325.809,control_oct
12,2326.1093,control_oct
35,2326.4097,control_oct
12,2326.71,control_oct
36,2327.0102,control_oct
16,2327.3106,control_oct
17,2327.6109,control_oct
35,2327.9112,control_oct
12,2328.2115,control_oct
35,2328.5118,control_oct
35,2328.8121,control_oct
12,2329.1124,control_oct
16,2329.4128,control_oct
18,2329.7131,control_oct
18,2330.0134,control_oct
6,2330.3137,control_oct
6,2330.614,control_oct
10,2330.9143,control_oct
13,2331.2147,control_oct
6,2331.5149,control_oct
12,2331.8153,control_oct
12,2332.1156,control_oct
12,2332.4159,control_oct
35,2332.7162,control_oct
12,2333.0165,control_oct
16,2333.3168,control_oct
35,2333.6172,control_oct
36,2333.9174,control_oct
11,2334.2178,control_oct
12,2334.5181,control_oct
35,2334.8184,control_oct
8,2335.1187,control_oct
16,2335.419,control_oct
35,2335.7194,control_oct
19,2336.0196,control_oct
11,2336.32,control_oct
12,2336.6203,control_oct
11,2336.9206,control_oct
35,2337.2209,control_oct
35,2337.5212,control_oct
35,2337.824,control_oct
16,2338.1218,control_oct
16,2338.4221,control_oct
17,2338.7225,control_oct
36,2339.0228,control_oct
36,2339.3231,control_oct
35,2339.6235,control_oct
35,2339.9318,control_oct
35,2340.2241,control_oct
35,2340.5244,control_oct
11,2340.8247,control_oct
16,2341.125,control_oct
17,2341.4253,control_oct
10,2341.7256,control_oct
36,2342.0259,control_oct
17,2342.3262,control_oct
8,2342.6266,control_oct
11,2342.9269,control_oct
1,2343.2272,control_oct
1,2343.5275,control_oct
35,2343.8278,control_oct
10,2344.1281,control_oct
10,2344.4284,control_oct
10,2344.7287,control_oct
10,2345.029,control_oct
10,2345.3293,control_oct
10,2345.6296,control_oct
8,2345.93,control_oct
19,2346.2302,control_oct
19,2346.5306,control_oct
19,2346.831,control_oct
19,2347.1312,control_oct
19,2347.4316,control_oct
11,2347.7319,control_oct
19,2348.0322,control_oct
15,2348.3326,control_oct
19,2348.6337,control_oct
1,2348.9331,control_oct
15,2349.2334,control_oct
8,2349.5337,control_oct
35,2349.834,control_oct
19,2350.1344,control_oct
35,2350.4347,control_oct
35,2350.7367,control_oct
11,2351.0352,control_oct
35,2351.3356,control_oct
19,2351.6359,control_oct
35,2351.9362,control_oct
35,2352.2365,control_oct
11,2352.5368,control_oct
11,2352.8372,control_oct
12,2353.1375,control_oct
35,2353.4378,control_oct
17,2353.7381,control_oct
25,2354.0384,control_oct
13,2354.3387,control_oct
19,2354.639,control_oct
8,2354.9393,control_oct
37,2355.2422,control_oct
6,2355.54,control_oct
11,2355.8403,control_oct
19,2356.1405,control_oct
19,2356.4409,control_oct
11,2356.7412,control_oct
11,2357.0416,control_oct
6,2357.3418,control_oct
13,2357.6421,control_oct
13,2357.9425,control_oct
18,2358.2428,control_oct
31,2358.543,control_oct
31,2358.8434,control_oct
18,2359.1437,control_oct
26,2359.4441,control_oct
26,2359.7443,control_oct
37,2360.0446,control_oct
13,2360.3449,control_oct
25,2360.6453,control_oct
19,2360.9456,control_oct
36,2361.2459,control_oct
6,2361.5462,control_oct
18,2361.8465,control_oct
13,2362.1468,control_oct
19,2362.4471,control_oct
35,2362.7475,control_oct
13,2363.0477,control_oct
13,2363.3481,control_oct
18,2363.6484,control_oct
37,2363.9496,control_oct
6,2364.249,control_oct
16,2364.5493,control_oct
12,2364.8496,control_oct
13,2365.15,control_oct
13,2365.4502,control_oct
25,2365.7506,control_oct
25,2366.0509,control_oct
10,2366.3512,control_oct
10,2366.6515,control_oct
13,2366.9518,control_oct
36,2367.2521,control_oct
35,2367.5524,control_oct
35,2367.8528,control_oct
13,2368.1531,control_oct
13,2368.4533,control_oct
18,2368.7537,control_oct
13,2369.054,control_oct
13,2369.3543,control_oct
10,2369.6546,control_oct
13,2369.9549,control_oct
13,2370.2552,control_oct
13,2370.5556,control_oct
6,2370.8558,control_oct
25,2371.1562,control_oct
25,2371.4565,control_oct
10,2371.7568,control_oct
13,2372.0572,control_oct
6,2372.3574,control_oct
25,2372.6578,control_oct
13,2372.9581,control_oct
6,2373.2584,control_oct
13,2373.5587,control_oct
37,2373.859,control_oct
11,2374.1593,control_oct
19,2374.4596,control_oct
15,2374.7599,control_oct
19,2375.0602,control_oct
8,2375.3605,control_oct
35,2375.6609,control_oct
8,2375.9612,control_oct
16,2376.2615,control_oct
16,2376.5618,control_oct
17,2376.8621,control_oct
17,2377.1625,control_oct
17,2377.4627,control_oct
8,2377.7631,control_oct
19,2378.0633,control_oct
15,2378.3637,control_oct
35,2378.6639,control_oct
35,2378.9643,control_oct
12,2379.2646,control_oct
16,2379.565,control_oct
10,2379.8652,control_oct
10,2380.1655,control_oct
25,2380.4659,control_oct
14,2380.7661,control_oct
18,2381.0664,control_oct
19,2381.3668,control_oct
19,2381.6671,control_oct
18,2381.9674,control_oct
18,2382.2678,control_oct
18,2382.8684,control_oct
37,2383.1686,control_oct
25,2383.469,control_oct
17,2383.7693,control_oct
17,2384.0696,control_oct
17,2384.37,control_oct
17,2384.6702,control_oct
16,2384.9706,control_oct
36,2385.2708,control_oct
8,2385.5712,control_oct
16,2385.8715,control_oct
35,2386.1718,control_oct
19,2386.4721,control_oct
23,2386.7724,control_oct
13,2387.0727,control_oct
6,2387.373,control_oct
13,2387.6742,control_oct
6,2387.9736,control_oct
13,2388.274,control_oct
25,2388.5743,control_oct
13,2388.8746,control_oct
6,2389.1749,control_oct
13,2389.4752,control_oct
13,2389.7755,control_oct
13,2390.0758,control_oct
13,2390.3762,control_oct
18,2390.6764,control_oct
6,2390.9767,control_oct
13,2391.2771,control_oct
25,2391.5774,control_oct
25,2391.8777,control_oct
6,2392.178,control_oct
13,2392.4833,control_oct
10,2392.7786,control_oct
6,2393.0789,control_oct
25,2393.3793,control_oct
10,2393.6796,control_oct
37,2393.9799,control_oct
13,2394.2802,control_oct
35,2394.5805,control_oct
12,2394.8808,control_oct
35,2395.1812,control_oct
12,2395.4814,control_oct
16,2395.7818,control_oct
36,2396.082,control_oct
35,2396.3824,control_oct
36,2396.6827,control_oct
16,2396.983,control_oct
16,2397.2833,control_oct
11,2397.5836,control_oct
36,2397.8839,control_oct
17,2398.1843,control_oct
35,2398.4846,control_oct
36,2398.7849,control_oct
16,2399.0852,control_oct
16,2399.402,control_oct
16,2399.6859,control_oct
8,2399.9861,control_oct
15,2400.2864,control_oct
5,2400.5867,control_oct
1,2400.887,control_oct
8,2401.1873,control_oct
16,2401.4877,control_oct
17,2401.788,control_oct
15,2402.0883,control_oct
8,2402.3886,control_oct
8,2402.689,control_oct
16,2402.9892,control_oct
36,2403.2895,control_oct
36,2403.5898,control_oct
16,2403.8902,control_oct
11,2404.1905,control_oct
36,2404.4908,control_oct
16,2404.7911,control_oct
11,2405.0914,control_oct
16,2405.3917,control_oct
16,2405.692,control_oct
36,2405.9924,control_oct
8,2406.2926,control_oct
17,2406.593,control_oct
17,2406.8933,control_oct
11,2407.1936,control_oct
16,2407.4939,control_oct
16,2407.7942,control_oct
16,2408.0945,control_oct
10,2408.3949,control_oct
10,2408.6952,control_oct
13,2408.9955,control_oct
19,2409.2958,control_oct
15,2409.596,control_oct
12,2409.8964,control_oct
8,2410.1967,control_oct
13,2410.497,control_oct
35,2410.7973,control_oct
35,2411.0977,control_oct
19,2411.398,control_oct
13,2411.6983,control_oct
18,2411.9986,control_oct
18,2412.2988,control_oct
18,2412.5992,control_oct
37,2412.9045,control_oct
37,2413.1998,control_oct
18,2413.5001,control_oct
26,2413.8004,control_oct
37,2414.1008,control_oct
19,2414.4011,control_oct
12,2414.7014,control_oct
12,2415.0017,control_oct
36,2415.302,control_oct
11,2415.6024,control_oct
20,2415.9026,control_oct
37,2416.2029,control_oct
18,2416.5033,control_oct
37,2416.8036,control_oct
37,2417.4042,control_oct
18,2417.7045,control_oct
18,2418.0048,control_oct
26,2418.3052,control_oct
27,2418.6054,control_oct
13,2418.9058,control_oct
18,2419.206,control_oct
37,2419.5063,control_oct
13,2419.8067,control_oct
18,2420.107,control_oct
18,2420.4073,control_oct
31,2420.7076,control_oct
13,2421.0079,control_oct
18,2421.3082,control_oct
13,2421.6086,control_oct
6,2421.9089,control_oct
6,2422.2092,control_oct
13,2422.5095,control_oct
13,2422.8098,control_oct
11,2423.1101,control_oct
12,2423.4104,control_oct
35,2423.7107,control_oct
11,2424.0111,control_oct
35,2424.3114,control_oct
11,2424.6117,control_oct
6,2424.912,control_oct
12,2425.2123,control_oct
11,2425.5126,control_oct
36,2425.8129,control_oct
11,2426.1133,control_oct
19,2426.4135,control_oct
11,2426.7138,control_oct
12,2427.0142,control_oct
11,2427.3145,control_oct
11,2427.6148,control_oct
15,2427.9151,control_oct
15,2428.2154,control_oct
19,2428.5157,control_oct
18,2428.816,control_oct
13,2429.1164,control_oct
31,2429.4167,control_oct
31,2429.717,control_oct
18,2430.0172,control_oct
26,2430.3176,control_oct
26,2430.6179,control_oct
26,2430.9182,control_oct
18,2431.2185,control_oct
10,2431.5188,control_oct
31,2431.8191,control_oct
26,2432.1195,control_oct
26,2432.4197,control_oct
13,2432.7201,control_oct
12,2433.0204,control_oct
35,2433.3207,control_oct
36,2433.621,control_oct
35,2433.9213,control_oct
12,2434.2217,control_oct
15,2434.5219,control_oct
11,2434.8223,control_oct
8,2435.1226,control_oct
11,2435.4229,control_oct
17,2435.7231,control_oct
19,2436.0235,control_oct
11,2436.3238,control_oct
19,2436.6241,control_oct
19,2436.9245,control_oct
6,2437.2247,control_oct
35,2437.5251,control_oct
11,2437.8254,control_oct
19,2438.1257,control_oct
11,2438.426,control_oct
19,2438.7263,control_oct
19,2439.0266,control_oct
18,2439.3319,control_oct
18,2439.6273,control_oct
6,2439.9276,control_oct
13,2440.2279,control_oct
37,2440.5332,control_oct
18,2440.8285,control_oct
6,2441.1288,control_oct
18,2441.4291,control_oct
31,2441.7294,control_oct
18,2442.0297,control_oct
18,2442.3301,control_oct
18,2442.6303,control_oct
13,2442.9307,control_oct
18,2443.231,control_oct
18,2443.5312,control_oct
32,2443.8316,control_oct
1,2444.1319,control_oct
19,2444.4323,control_oct
19,2444.7325,control_oct
19,2445.0328,control_oct
37,2445.3332,control_oct
18,2445.6335,control_oct
37,2445.9338,control_oct
37,2446.234,control_oct
37,2446.5344,control_oct
37,2446.8347,control_oct
18,2447.135,control_oct
18,2447.4353,control_oct
18,2447.7356,control_oct
6,2448.036,control_oct
13,2448.3362,control_oct
37,2448.6365,control_oct
1,2448.9369,control_oct
19,2449.2372,control_oct
35,2449.5375,control_oct
19,2449.8378,control_oct
35,2450.1381,control_oct
11,2450.4384,control_oct
12,2450.7388,control_oct
19,2451.039,control_oct
19,2451.3394,control_oct
23,2451.6396,control_oct
15,2451.94,control_oct
19,2452.2403,control_oct
18,2452.5406,control_oct
37,2452.8409,control_oct
37,2453.1412,control_oct
18,2453.4415,control_oct
11,2453.7419,control_oct
11,2454.0421,control_oct
11,2454.3425,control_oct
11,2454.6428,control_oct
11,2454.9431,control_oct
15,2455.2434,control_oct
18,2455.5437,control_oct
31,2455.844,control_oct
37,2456.1443,control_oct
37,2456.4446,control_oct
18,2456.7449,control_oct
10,2457.0453,control_oct
13,2457.3455,control_oct
6,2457.6459,control_oct
17,2457.9462,control_oct
17,2458.2465,control_oct
17,2458.5468,control_oct
8,2458.8471,control_oct
8,2459.1475,control_oct
35,2459.4478,control_oct
1,2459.748,control_oct
8,2460.0484,control_oct
19,2460.3487,control_oct
19,2460.649,control_oct
35,2460.9492,control_oct
19,2461.2496,control_oct
19,2461.5499,control_oct
35,2461.8502,control_oct
11,2462.1506,control_oct
35,2462.4508,control_oct
35,2462.7511,control_oct
19,2463.0514,control_oct
19,2463.3517,control_oct
7,2463.6521,control_oct
15,2463.9524,control_oct
19,2464.2527,control_oct
15,2464.553,control_oct
31,2464.8533,control_oct
37,2465.1536,control_oct
18,2465.4539,control_oct
12,2465.7543,control_oct
36,2466.0545,control_oct
19,2466.3549,control_oct
35,2466.6552,control_oct
36,2466.9555,control_oct
35,2467.2575,control_oct
35,2467.5561,control_oct
25,2467.8564,control_oct
6,2468.1567,control_oct
17,2468.457,control_oct
16,2468.7573,control_oct
16,2469.0577,control_oct
16,2469.358,control_oct
36,2469.6583,control_oct
8,2469.9586,control_oct
8,2470.2639,control_oct
19,2470.5592,control_oct
19,2470.8595,control_oct
12,2471.1598,control_oct
17,2471.4601,control_oct
35,2471.7604,control_oct
35,2472.0608,control_oct
19,2472.3611,control_oct
35,2472.6614,control_oct
11,2472.9617,control_oct
35,2473.262,control_oct
16,2473.5623,control_oct
16,2473.8626,control_oct
16,2474.1629,control_oct
16,2474.4632,control_oct
17,2474.7636,control_oct
16,2475.0639,control_oct
36,2475.3642,control_oct
8,2475.6644,control_oct
19,2475.9648,control_oct
16,2476.2651,control_oct
16,2476.5654,control_oct
35,2476.8657,control_oct
12,2477.166,control_oct
36,2477.4664,control_oct
11,2477.7666,control_oct
35,2478.0669,control_oct
36,2478.3673,control_oct
12,2478.6676,control_oct
36,2478.9679,control_oct
17,2479.2682,control_oct
36,2479.5685,control_oct
17,2479.8688,control_oct
36,2480.1691,control_oct
17,2480.4695,control_oct
17,2480.7698,control_oct
17,2481.0701,control_oct
15,2481.3704,control_oct
12,2481.6707,control_oct
35,2481.971,control_oct
36,2482.2713,control_oct
36,2482.5716,control_oct
35,2482.8719,control_oct
35,2483.1723,control_oct
17,2483.4726,control_oct
17,2483.7728,control_oct
35,2484.0732,control_oct
16,2484.3735,control_oct
36,2484.6738,control_oct
16,2484.9741,control_oct
16,2485.2744,control_oct
35,2485.5747,control_oct
36,2485.875,control_oct
35,2486.1754,control_oct
35,2486.4756,control_oct
16,2486.7759,control_oct
35,2487.0763,control_oct
11,2487.3766,control_oct
36,2487.6769,control_oct
36,2487.9772,control_oct
17,2488.2775,control_oct
16,2488.5779,control_oct
17,2488.8781,control_oct
36,2489.1785,control_oct
8,2489.4788,control_oct
19,2489.7791,control_oct
11,2490.0794,control_oct
35,2490.3797,control_oct
35,2490.6801,control_oct
16,2490.9803,control_oct
16,2491.2806,control_oct
8,2491.5809,control_oct
16,2491.8812,control_oct
17,2492.1816,control_oct
16,2492.4819,control_oct
17,2492.7831,control_oct
17,2493.0825,control_oct
17,2493.3828,control_oct
17,2493.6831,control_oct
17,2493.9834,control_oct
17,2494.2888,control_oct
36,2494.584,control_oct
36,2494.8844,control_oct
17,2495.1847,control_oct
16,2495.485,control_oct
36,2495.7853,control_oct
16,2496.0856,control_oct
36,2496.3859,control_oct
35,2496.6862,control_oct
36,2496.9866,control_oct
17,2497.2868,control_oct
36,2497.5922,control_oct
35,2497.8875,control_oct
36,2498.1878,control_oct
36,2498.4881,control_oct
17,2498.7884,control_oct
36,2499.0887,control_oct
36,2499.3891,control_oct
35,2499.6893,control_oct
17,2499.9897,control_oct
35,2500.29,control_oct
8,2500.5902,control_oct
35,2500.8906,control_oct
35,2501.1909,control_oct
35,2501.4912,control_oct
35,2501.7916,control_oct
11,2502.0918,control_oct
35,2502.3921,control_oct
36,2502.6925,control_oct
36,2502.9927,control_oct
6,2503.293,control_oct
13,2503.5934,control_oct
35,2503.8936,control_oct
11,2504.194,control_oct
35,2504.4944,control_oct
11,2504.7946,control_oct
15,2505.1,control_oct
1,2505.3953,control_oct
19,2505.6956,control_oct
12,2505.9959,control_oct
18,2506.2962,control_oct
10,2506.5965,control_oct
12,2506.8968,control_oct
36,2507.1971,control_oct
10,2507.4975,control_oct
25,2507.7977,control_oct
17,2508.0981,control_oct
12,2508.3984,control_oct
13,2508.6987,control_oct
13,2508.999,control_oct
35,2509.2993,control_oct
14,2509.5996,control_oct
23,2509.8999,control_oct
5,2510.2002,control_oct
8,2510.5005,control_oct
16,2510.8009,control_oct
6,2511.1012,control_oct
10,2511.4015,control_oct
10,2511.7018,control_oct
25,2512.0021,control_oct
13,2512.3024,control_oct
6,2512.6027,control_oct
13,2512.903,control_oct
6,2513.2034,control_oct
10,2513.5037,control_oct
10,2513.8039,control_oct
12,2514.1043,control_oct
12,2514.4046,control_oct
35,2514.7049,control_oct
12,2515.0052,control_oct
12,2515.3055,control_oct
36,2515.6059,control_oct
16,2515.9062,control_oct
16,2516.2065,control_oct
35,2516.5068,control_oct
11,2516.8071,control_oct
11,2517.1074,control_oct
11,2517.4077,control_oct
8,2517.708,control_oct
17,2518.0084,control_oct
17,2518.3086,control_oct
16,2518.609,control_oct
36,2518.9093,control_oct
36,2519.2095,control_oct
19,2519.5099,control_oct
35,2519.8102,control_oct
8,2520.1105,control_oct
16,2520.4109,control_oct
16,2520.7111,control_oct
16,2521.0115,control_oct
16,2521.3118,control_oct
16,2521.6121,control_oct
8,2521.9124,control_oct
11,2522.2127,control_oct
35,2522.513,control_oct
35,2522.8133,control_oct
36,2523.1136,control_oct
35,2523.414,control_oct
19,2523.7143,control_oct
15,2524.0146,control_oct
8,2524.3199,control_oct
19,2524.6151,control_oct
15,2524.9155,control_oct
11,2525.2159,control_oct
11,2525.5161,control_oct
35,2525.8165,control_oct
35,2526.1167,control_oct
19,2526.4171,control_oct
11,2526.7174,control_oct
12,2527.0176,control_oct
19,2527.318,control_oct
11,2527.6184,control_oct
36,2527.9186,control_oct
36,2528.2189,control_oct
12,2528.5193,control_oct
35,2528.8196,control_oct
11,2529.1198,control_oct
31,2529.4202,control_oct
27,2529.7205,control_oct
33,2530.0208,control_oct
29,2530.3211,control_oct
29,2530.6214,control_oct
29,2530.9217,control_oct
27,2531.222,control_oct
27,2531.5223,control_oct
27,2531.8227,control_oct
27,2532.123,control_oct
27,2532.4232,control_oct
27,2532.7236,control_oct
27,2533.0239,control_oct
29,2533.3242,control_oct
29,2533.6245,control_oct
29,2533.9248,control_oct
29,2534.2251,control_oct
29,2534.5254,control_oct
29,2534.8257,control_oct
29,2535.126,control_oct
29,2535.4264,control_oct
29,2535.7267,control_oct
29,2536.027,control_oct
29,2536.3273,control_oct
29,2536.6276,control_oct
29,2536.9279,control_oct
29,2537.2283,control_oct
27,2537.5285,control_oct
22,2537.8288,control_oct
27,2538.1291,control_oct
27,2538.4295,control_oct
14,2538.7298,control_oct
37,2539.0301,control_oct
15,2539.3304,control_oct
15,2539.6307,control_oct
15,2539.931,control_oct
15,2540.2314,control_oct
12,2540.5316,control_oct
23,2540.832,control_oct
7,2541.1323,control_oct
19,2541.4326,control_oct
35,2541.7329,control_oct
1,2542.0332,control_oct
20,2542.3335,control_oct
1,2542.6388,control_oct
7,2542.9341,control_oct
31,2543.2344,control_oct
31,2543.5348,control_oct
31,2543.8351,control_oct
27,2544.1354,control_oct
31,2544.4357,control_oct
27,2544.736,control_oct
31,2545.0363,control_oct
31,2545.3366,control_oct
31,2545.6369,control_oct
31,2545.9372,control_oct
31,2546.2376,control_oct
7,2546.5379,control_oct
7,2546.8382,control_oct
7,2547.1385,control_oct
7,2547.4388,control_oct
7,2547.7391,control_oct
15,2548.0394,control_oct
7,2548.3397,control_oct
5,2548.64,control_oct
14,2548.9404,control_oct
23,2549.2406,control_oct
15,2549.541,control_oct
1,2549.8413,control_oct
1,2550.1416,control_oct
15,2550.442,control_oct
20,2550.7422,control_oct
15,2551.0426,control_oct
20,2551.3429,control_oct
1,2551.6431,control_oct
7,2551.9435,control_oct
1,2552.2438,control_oct
15,2552.5441,control_oct
19,2552.8444,control_oct
19,2553.1447,control_oct
18,2553.445,control_oct
14,2553.7453,control_oct
18,2554.0456,control_oct
14,2554.346,control_oct
20,2554.6462,control_oct
1,2554.9466,control_oct
7,2555.2469,control_oct
7,2555.5472,control_oct
20,2555.8475,control_oct
7,2556.1478,control_oct
20,2556.4482,control_oct
15,2556.7484,control_oct
23,2557.0488,control_oct
15,2557.3491,control_oct
23,2557.6494,control_oct
23,2557.9497,control_oct
15,2558.25,control_oct
15,2558.5503,control_oct
20,2558.8506,control_oct
20,2559.151,control_oct
20,2559.4513,control_oct
23,2559.7516,control_oct
20,2560.0519,control_oct
28,2560.3522,control_oct
23,2560.6525,control_oct
5,2560.9528,control_oct
23,2561.2531,control_oct
20,2561.5534,control_oct
5,2561.8538,control_oct
28,2562.154,control_oct
19,2562.4544,control_oct
19,2562.7547,control_oct
12,2563.055,control_oct
36,2563.3553,control_oct
17,2563.6556,control_oct
11,2563.956,control_oct
17,2564.2562,control_oct
12,2564.5566,control_oct
36,2564.8569,control_oct
19,2565.1572,control_oct
20,2565.4575,control_oct
1,2565.7578,control_oct
27,2566.0581,control_oct
18,2566.3584,control_oct
25,2566.6588,control_oct
36,2566.9591,control_oct
17,2567.2593,control_oct
17,2567.5597,control_oct
17,2567.865,control_oct
15,2568.1603,control_oct
11,2568.4606,control_oct
35,2568.7609,control_oct
36,2569.0613,control_oct
36,2569.3616,control_oct
16,2569.6619,control_oct
16,2569.9622,control_oct
16,2570.2625,control_oct
11,2570.5628,control_oct
15,2570.8631,control_oct
35,2571.1634,control_oct
16,2571.4637,control_oct
16,2571.7641,control_oct
17,2572.0644,control_oct
35,2572.665,control_oct
15,2572.9653,control_oct
1,2573.2656,control_oct
15,2573.5659,control_oct
15,2573.8663,control_oct
15,2574.1666,control_oct
12,2574.4669,control_oct
10,2574.7672,control_oct
10,2575.0675,control_oct
13,2575.3678,control_oct
25,2575.6682,control_oct
37,2575.9685,control_oct
1,2576.2688,control_oct
14,2576.5691,control_oct
31,2576.8693,control_oct
26,2577.1697,control_oct
14,2577.47,control_oct
12,2577.7703,control_oct
8,2578.0707,control_oct
19,2578.3709,control_oct
36,2578.6713,control_oct
35,2578.9716,control_oct
11,2579.2719,control_oct
12,2579.5722,control_oct
17,2579.8725,control_oct
11,2580.1728,control_oct
17,2580.4732,control_oct
36,2580.7735,control_oct
35,2581.0737,control_oct
35,2581.3741,control_oct
35,2581.6744,control_oct
17,2581.9748,control_oct
36,2582.2751,control_oct
35,2582.5754,control_oct
16,2582.8757,control_oct
16,2583.1769,control_oct
17,2583.4772,control_oct
16,2583.7766,control_oct
36,2584.0769,control_oct
8,2584.3772,control_oct
12,2584.6776,control_oct
35,2584.9778,control_oct
35,2585.2782,control_oct
35,2585.5785,control_oct
36,2585.8788,control_oct
11,2586.1791,control_oct
35,2586.4794,control_oct
17,2586.7798,control_oct
36,2587.0801,control_oct
16,2587.3804,control_oct
19,2587.6807,control_oct
16,2587.981,control_oct
16,2588.2813,control_oct
17,2588.5816,control_oct
17,2588.8819,control_oct
8,2589.1822,control_oct
16,2589.4826,control_oct
16,2590.3835,control_oct
36,2590.6838,control_oct
17,2590.9842,control_oct
36,2591.2845,control_oct
36,2591.5848,control_oct
35,2591.8851,control_oct
11,2592.1854,control_oct
35,2592.4857,control_oct
36,2592.786,control_oct
36,2593.0863,control_oct
12,2593.3867,control_oct
11,2593.687,control_oct
11,2593.9873,control_oct
8,2594.2876,control_oct
12,2594.5879,control_oct
12,2594.8882,control_oct
8,2595.1885,control_oct
35,2595.4888,control_oct
35,2595.7891,control_oct
11,2596.0894,control_oct
11,2596.3897,control_oct
11,2596.6901,control_oct
8,2596.9904,control_oct
12,2597.2907,control_oct
12,2597.5911,control_oct
36,2597.8914,control_oct
16,2598.1917,control_oct
11,2598.492,control_oct
35,2598.7923,control_oct
8,2599.0925,control_oct
35,2599.3929,control_oct
16,2599.6932,control_oct
17,2599.9935,control_oct
17,2600.2939,control_oct
11,2600.5941,control_oct
15,2600.8945,control_oct
12,2601.1948,control_oct
35,2601.4951,control_oct
8,2601.7954,control_oct
15,2602.0957,control_oct
19,2602.396,control_oct
8,2602.6964,control_oct
35,2602.9966,control_oct
12,2603.297,control_oct
35,2603.5973,control_oct
36,2603.8976,control_oct
35,2604.1979,control_oct
11,2604.4982,control_oct
11,2604.7986,control_oct
15,2605.0989,control_oct
15,2605.3991,control_oct
15,2605.6995,control_oct
11,2605.9998,control_oct
19,2606.3001,control_oct
19,2606.6004,control_oct
35,2606.9007,control_oct
19,2607.2011,control_oct
35,2607.5038,control_oct
19,2607.8017,control_oct
19,2608.1028,control_oct
31,2608.4023,control_oct
14,2608.7026,control_oct
13,2609.0029,control_oct
12,2609.3033,control_oct
15,2609.6036,control_oct
1,2609.9039,control_oct
15,2610.2042,control_oct
31,2610.5045,control_oct
13,2610.8048,control_oct
37,2611.1051,control_oct
6,2611.4054,control_oct
16,2611.7057,control_oct
17,2612.006,control_oct
36,2612.3064,control_oct
17,2612.6066,control_oct
17,2612.907,control_oct
1,2613.2073,control_oct
12,2613.5076,control_oct
17,2613.8079,control_oct
36,2614.1083,control_oct
16,2614.4086,control_oct
17,2614.7088,control_oct
19,2615.0092,control_oct
10,2615.3095,control_oct
11,2615.6098,control_oct
16,2615.9101,control_oct
16,2616.2104,control_oct
17,2616.5107,control_oct
16,2616.811,control_oct
17,2617.1114,control_oct
17,2617.4117,control_oct
8,2617.7119,control_oct
17,2618.0123,control_oct
17,2618.3127,control_oct
17,2618.6129,control_oct
36,2618.9133,control_oct
35,2619.2135,control_oct
35,2619.5139,control_oct
36,2619.8142,control_oct
19,2620.1145,control_oct
14,2620.4148,control_oct
23,2620.7151,control_oct
29,2621.0154,control_oct
14,2621.3157,control_oct
23,2621.616,control_oct
31,2621.9164,control_oct
31,2622.2175,control_oct
10,2622.5171,control_oct
16,2622.8173,control_oct
35,2623.1176,control_oct
36,2623.418,control_oct
36,2623.7182,control_oct
16,2624.0186,control_oct
19,2624.3189,control_oct
8,2624.6192,control_oct
10,2624.9195,control_oct
10,2625.2198,control_oct
35,2625.5201,control_oct
35,2625.8204,control_oct
31,2626.1208,control_oct
18,2626.4211,control_oct
13,2626.7214,control_oct
13,2627.0217,control_oct
13,2627.322,control_oct
1,2627.6224,control_oct
1,2627.9227,control_oct
19,2628.223,control_oct
19,2628.5233,control_oct
1,2628.8236,control_oct
15,2629.1239,control_oct
14,2629.4242,control_oct
18,2629.7245,control_oct
37,2630.0248,control_oct
6,2630.3251,control_oct
36,2630.6255,control_oct
36,2630.9258,control_oct
36,2631.2261,control_oct
16,2631.5264,control_oct
36,2631.8267,control_oct
16,2632.127,control_oct
36,2632.4273,control_oct
36,2632.7276,control_oct
36,2633.0279,control_oct
8,2633.3291,control_oct
16,2633.6286,control_oct
36,2633.9289,control_oct
10,2634.2292,control_oct
10,2634.5295,control_oct
10,2634.8299,control_oct
10,2635.1301,control_oct
10,2635.4305,control_oct
13,2635.7308,control_oct
36,2636.0311,control_oct
36,2636.3314,control_oct
17,2636.6317,control_oct
36,2636.932,control_oct
16,2637.2324,control_oct
17,2637.5326,control_oct
19,2637.8329,control_oct
6,2638.1332,control_oct
10,2638.4336,control_oct
25,2638.7339,control_oct
6,2639.0342,control_oct
36,2639.3345,control_oct
16,2639.6348,control_oct
12,2639.9351,control_oct
35,2640.2354,control_oct
35,2640.5358,control_oct
11,2640.8361,control_oct
25,2641.1364,control_oct
13,2641.4367,control_oct
6,2641.737,control_oct
13,2642.0373,control_oct
16,2642.3377,control_oct
35,2642.638,control_oct
35,2642.9383,control_oct
8,2643.2386,control_oct
35,2643.5389,control_oct
12,2643.8392,control_oct
12,2644.1395,control_oct
35,2644.4398,control_oct
19,2644.7402,control_oct
19,2645.0405,control_oct
19,2645.3408,control_oct
19,2645.6411,control_oct
16,2645.9414,control_oct
11,2646.2417,control_oct
16,2646.542,control_oct
36,2646.8423,control_oct
16,2647.1427,control_oct
17,2647.443,control_oct
11,2647.7433,control_oct
36,2648.0436,control_oct
13,2648.3439,control_oct
25,2648.6442,control_oct
13,2648.9445,control_oct
37,2649.2448,control_oct
15,2649.5451,control_oct
19,2649.8455,control_oct
19,2650.1458,control_oct
15,2650.4461,control_oct
19,2650.7464,control_oct
15,2651.0467,control_oct
15,2651.347,control_oct
19,2651.6473,control_oct
19,2651.9476,control_oct
15,2652.248,control_oct
19,2652.5483,control_oct
11,2652.8486,control_oct
35,2653.1489,control_oct
11,2653.4492,control_oct
11,2653.7495,control_oct
35,2654.0499,control_oct
11,2654.3501,control_oct
35,2654.6505,control_oct
35,2654.9508,control_oct
11,2655.252,control_oct
12,2655.5514,control_oct
19,2655.8517,control_oct
7,2656.152,control_oct
15,2656.4523,control_oct
19,2656.7526,control_oct
35,2657.0529,control_oct
19,2657.3533,control_oct
19,2657.6536,control_oct
19,2657.9539,control_oct
11,2658.2542,control_oct
35,2658.5545,control_oct
20,2658.8548,control_oct
19,2659.1552,control_oct
35,2659.4554,control_oct
35,2659.7558,control_oct
11,2660.056,control_oct
15,2660.3564,control_oct
11,2660.6566,control_oct
15,2660.957,control_oct
19,2661.2573,control_oct
24,2661.5576,control_oct
24,2661.858,control_oct
19,2662.1583,control_oct
15,2662.4585,control_oct
19,2662.7589,control_oct
19,2663.0592,control_oct
18,2663.3595,control_oct
37,2663.6598,control_oct
26,2663.9601,control_oct
18,2664.2604,control_oct
13,2664.5607,control_oct
10,2664.8611,control_oct
25,2665.1614,control_oct
37,2665.4617,control_oct
11,2665.762,control_oct
35,2666.0623,control_oct
12,2666.3626,control_oct
35,2666.6629,control_oct
15,2666.9632,control_oct
11,2667.2635,control_oct
36,2667.5638,control_oct
8,2667.8642,control_oct
35,2668.1645,control_oct
11,2668.4648,control_oct
35,2668.7651,control_oct
35,2669.0654,control_oct
35,2669.3657,control_oct
35,2669.666,control_oct
35,2669.9664,control_oct
11,2670.2667,control_oct
12,2670.567,control_oct
16,2670.8673,control_oct
12,2671.1676,control_oct
7,2671.4679,control_oct
15,2671.7683,control_oct
19,2672.0685,control_oct
20,2672.3689,control_oct
5,2672.6692,control_oct
5,2672.9695,control_oct
5,2673.2698,control_oct
7,2673.5701,control_oct
7,2673.8704,control_oct
15,2674.1707,control_oct
8,2674.471,control_oct
15,2674.7713,control_oct
11,2675.0716,control_oct
35,2675.3719,control_oct
19,2675.6723,control_oct
7,2675.9725,control_oct
11,2676.2729,control_oct
11,2676.5732,control_oct
15,2676.8735,control_oct
11,2677.1739,control_oct
31,2677.475,control_oct
14,2677.7744,control_oct
37,2678.0747,control_oct
11,2678.3751,control_oct
8,2678.6754,control_oct
31,2678.9757,control_oct
14,2679.276,control_oct
31,2679.5763,control_oct
20,2679.8766,control_oct
7,2680.177,control_oct
7,2680.4772,control_oct
15,2680.7776,control_oct
15,2681.0779,control_oct
11,2681.3782,control_oct
12,2681.6785,control_oct
15,2681.9788,control_oct
35,2682.2791,control_oct
16,2682.5795,control_oct
16,2682.8797,control_oct
16,2683.1801,control_oct
36,2683.4803,control_oct
19,2683.7806,control_oct
37,2684.081,control_oct
31,2684.3812,control_oct
14,2684.6816,control_oct
18,2684.982,control_oct
18,2685.2822,control_oct
31,2685.5825,control_oct
6,2685.8828,control_oct
25,2686.1832,control_oct
13,2686.4835,control_oct
10,2686.7838,control_oct
16,2687.0841,control_oct
17,2687.3844,control_oct
10,2687.6847,control_oct
18,2687.985,control_oct
18,2688.2853,control_oct
13,2688.5857,control_oct
10,2688.886,control_oct
10,2689.1863,control_oct
17,2689.4866,control_oct
9,2689.7869,control_oct
24,2690.0872,control_oct
17,2690.3876,control_oct
16,2690.6878,control_oct
17,2690.9881,control_oct
6,2691.2884,control_oct
13,2691.5888,control_oct
37,2691.8891,control_oct
12,2692.1894,control_oct
17,2692.4897,control_oct
8,2692.79,control_oct
16,2693.0904,control_oct
12,2693.3907,control_oct
1,2693.6909,control_oct
35,2693.9913,control_oct
11,2694.2916,control_oct
15,2694.5919,control_oct
20,2694.8922,control_oct
7,2695.1925,control_oct
7,2695.4928,control_oct
19,2695.7931,control_oct
19,2696.0935,control_oct
35,2696.3938,control_oct
16,2696.6941,control_oct
16,2696.9944,control_oct
11,2697.2947,control_oct
6,2697.595,control_oct
13,2697.8953,control_oct
13,2698.1956,control_oct
36,2698.496,control_oct
17,2698.7963,control_oct
35,2699.0965,control_oct
16,2699.3969,control_oct
17,2699.6972,control_oct
35,2699.9975,control_oct
19,2700.2978,control_oct
24,2700.5981,control_oct
24,2700.901,control_oct
24,2701.1988,control_oct
11,2701.4991,control_oct
36,2701.7994,control_oct
17,2702.1006,control_oct
17,2702.4,control_oct
17,2702.7003,control_oct
35,2703.0006,control_oct
15,2703.301,control_oct
32,2703.6013,control_oct
15,2703.9016,control_oct
11,2704.2019,control_oct
36,2705.1028,control_oct
16,2705.4032,control_oct
17,2705.7035,control_oct
17,2706.0038,control_oct
16,2706.3041,control_oct
17,2706.6044,control_oct
1,2706.9047,control_oct
11,2707.205,control_oct
17,2707.5054,control_oct
16,2707.8082,control_oct
36,2708.106,control_oct
16,2708.4063,control_oct
16,2708.7066,control_oct
17,2709.0069,control_oct
17,2709.3072,control_oct
36,2709.6075,control_oct
11,2709.9087,control_oct
12,2710.2082,control_oct
11,2710.5085,control_oct
35,2710.8088,control_oct
35,2711.1091,control_oct
35,2711.4093,control_oct
35,2711.7097,control_oct
11,2712.01,control_oct
11,2712.3103,control_oct
15,2712.6107,control_oct
15,2712.9109,control_oct
8,2713.2112,control_oct
8,2713.5116,control_oct
8,2713.8119,control_oct
36,2714.1122,control_oct
16,2714.4125,control_oct
19,2714.7129,control_oct
8,2715.0132,control_oct
16,2715.3135,control_oct
16,2715.6138,control_oct
16,2715.9141,control_oct
17,2716.2144,control_oct
11,2716.5147,control_oct
8,2716.8159,control_oct
12,2717.1154,control_oct
35,2717.4157,control_oct
12,2717.716,control_oct
19,2718.0163,control_oct
11,2718.3166,control_oct
19,2718.6169,control_oct
11,2718.9172,control_oct
17,2719.2176,control_oct
36,2719.5178,control_oct
8,2719.8182,control_oct
35,2720.1185,control_oct
35,2720.4188,control_oct
11,2720.719,control_oct
19,2721.0194,control_oct
19,2721.3197,control_oct
19,2721.62,control_oct
5,2721.9204,control_oct
1,2722.2207,control_oct
1,2722.8213,control_oct
19,2723.1216,control_oct
1,2723.4219,control_oct
19,2723.7222,control_oct
1,2724.0225,control_oct
15,2724.3228,control_oct
35,2724.6231,control_oct
16,2724.9235,control_oct
10,2725.2237,control_oct
10,2725.5241,control_oct
8,2725.8293,control_oct
11,2726.1247,control_oct
11,2726.425,control_oct
35,2726.7253,control_oct
12,2727.0256,control_oct
11,2727.3259,control_oct
35,2727.6263,control_oct
11,2727.9266,control_oct
11,2728.2269,control_oct
19,2728.5272,control_oct
19,2728.8275,control_oct
11,2729.1278,control_oct
19,2729.4281,control_oct
26,2729.7284,control_oct
31,2730.0287,control_oct
18,2730.3291,control_oct
37,2730.6294,control_oct
15,2730.9297,control_oct
19,2731.23,control_oct
11,2731.5303,control_oct
12,2731.8307,control_oct
11,2732.131,control_oct
19,2732.4312,control_oct
35,2732.7316,control_oct
35,2733.0319,control_oct
35,2733.3322,control_oct
36,2733.6324,control_oct
12,2733.9329,control_oct
11,2734.2331,control_oct
35,2734.5334,control_oct
19,2734.8338,control_oct
11,2735.1341,control_oct
19,2735.4343,control_oct
36,2735.7347,control_oct
24,2736.035,control_oct
11,2736.3353,control_oct
16,2736.6356,control_oct
10,2736.9359,control_oct
10,2737.2362,control_oct
10,2737.5366,control_oct
10,2737.8369,control_oct
10,2738.1372,control_oct
10,2738.4375,control_oct
37,2738.7378,control_oct
18,2739.0381,control_oct
37,2739.3384,control_oct
19,2739.6388,control_oct
19,2739.939,control_oct
19,2740.2394,control_oct
11,2740.5397,control_oct
19,2740.84,control_oct
19,2741.1403,control_oct
11,2741.4406,control_oct
35,2741.741,control_oct
35,2742.0412,control_oct
19,2742.3415,control_oct
15,2742.6418,control_oct
6,2742.9422,control_oct
12,2743.2425,control_oct
19,2743.5428,control_oct
35,2743.8431,control_oct
11,2744.1434,control_oct
11,2744.4437,control_oct
11,2744.744,control_oct
35,2745.0444,control_oct
11,2745.3447,control_oct
14,2745.645,control_oct
23,2745.9452,control_oct
20,2746.2456,control_oct
23,2746.5459,control_oct
14,2746.8462,control_oct
26,2747.1465,control_oct
37,2747.4468,control_oct
37,2747.7472,control_oct
19,2748.0474,control_oct
16,2748.3478,control_oct
11,2748.6481,control_oct
15,2748.9492,control_oct
8,2749.2487,control_oct
8,2749.549,control_oct
16,2749.8493,control_oct
35,2750.1496,control_oct
16,2750.4499,control_oct
36,2750.7503,control_oct
16,2751.0506,control_oct
8,2751.3509,control_oct
35,2751.6512,control_oct
11,2751.9515,control_oct
11,2752.2518,control_oct
35,2752.5521,control_oct
11,2752.8524,control_oct
36,2753.1528,control_oct
35,2753.4531,control_oct
16,2753.7534,control_oct
17,2754.0537,control_oct
36,2754.354,control_oct
17,2754.6543,control_oct
36,2754.9546,control_oct
8,2755.2549,control_oct
11,2755.5553,control_oct
8,2755.8556,control_oct
11,2756.1559,control_oct
19,2756.4562,control_oct
11,2756.7565,control_oct
19,2757.0568,control_oct
11,2757.3571,control_oct
35,2757.6574,control_oct
11,2757.9577,control_oct
19,2758.258,control_oct
11,2758.5583,control_oct
36,2758.8587,control_oct
11,2759.159,control_oct
7,2759.4593,control_oct
15,2759.7596,control_oct
7,2760.0599,control_oct
7,2760.3602,control_oct
7,2760.6605,control_oct
7,2760.9609,control_oct
11,2761.2612,control_oct
1,2761.5614,control_oct
14,2761.8618,control_oct
1,2762.1621,control_oct
23,2762.4624,control_oct
14,2762.7627,control_oct
23,2763.063,control_oct
14,2763.3633,control_oct
23,2763.6636,control_oct
31,2763.964,control_oct
14,2764.2642,control_oct
25,2764.5646,control_oct
36,2764.8649,control_oct
16,2765.1652,control_oct
16,2765.4655,control_oct
16,2765.7659,control_oct
17,2766.0662,control_oct
36,2766.3664,control_oct
17,2766.6668,control_oct
17,2766.9671,control_oct
35,2767.2674,control_oct
35,2767.5677,control_oct
11,2767.868,control_oct
24,2768.1683,control_oct
24,2768.4686,control_oct
11,2768.769,control_oct
36,2769.0692,control_oct
19,2769.3696,control_oct
35,2769.6699,control_oct
16,2769.9702,control_oct
16,2770.2705,control_oct
16,2770.5708,control_oct
35,2770.8711,control_oct
17,2771.1715,control_oct
17,2771.4717,control_oct
17,2771.7721,control_oct
16,2772.0724,control_oct
11,2772.3726,control_oct
19,2772.673,control_oct
35,2772.9733,control_oct
11,2773.2736,control_oct
35,2773.5739,control_oct
35,2773.8743,control_oct
35,2774.1746,control_oct
35,2774.4749,control_oct
35,2774.7752,control_oct
11,2775.0755,control_oct
11,2775.3757,control_oct
19,2775.6761,control_oct
6,2775.9764,control_oct
18,2776.2767,control_oct
31,2776.577,control_oct
37,2776.8773,control_oct
37,2777.1777,control_oct
11,2777.478,control_oct
19,2777.7783,control_oct
11,2778.0786,control_oct
19,2778.3789,control_oct
11,2778.6792,control_oct
35,2778.9795,control_oct
35,2779.2798,control_oct
16,2779.5802,control_oct
35,2779.8805,control_oct
16,2780.1808,control_oct
35,2780.4811,control_oct
36,2780.7814,control_oct
15,2781.0817,control_oct
1,2781.382,control_oct
37,2781.6823,control_oct
6,2781.9826,control_oct
37,2782.283,control_oct
18,2782.5833,control_oct
18,2782.8836,control_oct
13,2783.1839,control_oct
13,2783.4842,control_oct
6,2783.7845,control_oct
6,2784.0849,control_oct
10,2784.3851,control_oct
25,2784.6855,control_oct
18,2784.9857,control_oct
37,2785.2861,control_oct
13,2785.5864,control_oct
6,2785.8867,control_oct
6,2786.187,control_oct
18,2786.4873,control_oct
37,2786.7877,control_oct
37,2787.088,control_oct
13,2787.3882,control_oct
18,2787.6886,control_oct
18,2787.9889,control_oct
13,2788.2892,control_oct
31,2788.5895,control_oct
18,2788.8898,control_oct
18,2789.1902,control_oct
18,2789.4904,control_oct
14,2789.7908,control_oct
1,2790.091,control_oct
1,2790.3914,control_oct
1,2790.6917,control_oct
35,2790.992,control_oct
12,2791.2923,control_oct
19,2791.5926,control_oct
19,2791.8929,control_oct
15,2792.1932,control_oct
19,2792.4936,control_oct
19,2792.7939,control_oct
19,2793.0942,control_oct
15,2793.3945,control_oct
19,2793.6948,control_oct
7,2793.9951,control_oct
7,2794.2954,control_oct
19,2794.5957,control_oct
15,2794.8961,control_oct
15,2795.1964,control_oct
5,2795.4967,control_oct
1,2795.797,control_oct
20,2796.0973,control_oct
5,2796.3976,control_oct
1,2796.698,control_oct
15,2796.9982,control_oct
19,2797.2985,control_oct
19,2797.5989,control_oct
15,2797.9,control_oct
15,2798.1995,control_oct
1,2798.4998,control_oct
19,2798.8001,control_oct
19,2799.1004,control_oct
12,2799.4008,control_oct
19,2799.7011,control_oct
35,2800.0013,control_oct
15,2800.3017,control_oct
18,2800.602,control_oct
31,2800.9022,control_oct
37,2801.2026,control_oct
19,2801.5029,control_oct
23,2801.8032,control_oct
18,2802.1035,control_oct
18,2802.4038,control_oct
31,2802.7042,control_oct
18,2803.0044,control_oct
18,2803.3048,control_oct
18,2803.6051,control_oct
37,2803.9054,control_oct
13,2804.2057,control_oct
35,2804.506,control_oct
12,2804.8063,control_oct
31,2805.1067,control_oct
37,2805.4069,control_oct
13,2805.7072,control_oct
13,2806.0076,control_oct
13,2806.3079,control_oct
12,2806.6081,control_oct
19,2806.9085,control_oct
36,2807.2088,control_oct
35,2807.5092,control_oct
35,2807.8095,control_oct
35,2808.1098,control_oct
25,2808.4101,control_oct
6,2808.7104,control_oct
10,2809.0107,control_oct
25,2809.311,control_oct
19,2809.6113,control_oct
12,2809.9117,control_oct
35,2810.212,control_oct
36,2810.5123,control_oct
35,2810.8126,control_oct
11,2811.1129,control_oct
11,2811.4132,control_oct
24,2811.7134,control_oct
17,2812.0138,control_oct
36,2812.3141,control_oct
17,2812.6144,control_oct
12,2812.9148,control_oct
35,2813.215,control_oct
1,2813.5153,control_oct
15,2813.8156,control_oct
35,2814.116,control_oct
35,2814.4163,control_oct
11,2814.7165,control_oct
19,2815.017,control_oct
11,2815.3172,control_oct
15,2815.6176,control_oct
19,2815.9204,control_oct
6,2816.2182,control_oct
13,2816.5185,control_oct
15,2816.8188,control_oct
18,2817.1191,control_oct
37,2817.4194,control_oct
11,2817.7197,control_oct
19,2818.0201,control_oct
35,2818.3203,control_oct
12,2818.6206,control_oct
11,2818.921,control_oct
11,2819.2213,control_oct
11,2819.5216,control_oct
24,2819.8219,control_oct
18,2820.1222,control_oct
10,2820.4225,control_oct
10,2820.7228,control_oct
10,2821.0231,control_oct
10,2821.3234,control_oct
37,2821.6237,control_oct
18,2821.9241,control_oct
26,2822.2244,control_oct
1,2822.5247,control_oct
1,2822.825,control_oct
1,2823.1253,control_oct
19,2823.4257,control_oct
19,2823.726,control_oct
1,2824.0263,control_oct
19,2824.3266,control_oct
19,2824.6268,control_oct
19,2824.9272,control_oct
19,2825.2275,control_oct
18,2825.5278,control_oct
13,2825.8281,control_oct
13,2826.1284,control_oct
13,2826.4288,control_oct
18,2826.7291,control_oct
13,2827.0294,control_oct
13,2827.3297,control_oct
11,2827.63,control_oct
11,2827.9303,control_oct
18,2828.2306,control_oct
31,2828.5309,control_oct
37,2828.8312,control_oct
18,2829.1315,control_oct
26,2829.4318,control_oct
2,2829.7321,control_oct
18,2830.0325,control_oct
37,2830.3328,control_oct
15,2830.6331,control_oct
15,2830.9334,control_oct
7,2831.2337,control_oct
7,2831.534,control_oct
1,2831.8343,control_oct
18,2832.1346,control_oct
37,2832.435,control_oct
15,2832.7352,control_oct
15,2833.0356,control_oct
19,2833.3359,control_oct
7,2833.6362,control_oct
7,2833.9365,control_oct
15,2834.2368,control_oct
37,2834.5372,control_oct
11,2834.8374,control_oct
19,2835.1378,control_oct
19,2835.438,control_oct
15,2835.7384,control_oct
15,2836.0387,control_oct
15,2836.339,control_oct
11,2836.6393,control_oct
12,2836.9396,control_oct
1,2837.2399,control_oct
15,2837.5403,control_oct
7,2837.8406,control_oct
1,2838.1409,control_oct
18,2838.4412,control_oct
13,2838.7415,control_oct
13,2839.0418,control_oct
11,2839.3421,control_oct
15,2839.6424,control_oct
15,2839.9428,control_oct
19,2840.243,control_oct
19,2840.5434,control_oct
11,2840.8437,control_oct
15,2841.144,control_oct
35,2841.4444,control_oct
19,2841.7446,control_oct
12,2842.0449,control_oct
36,2842.3452,control_oct
36,2842.6456,control_oct
36,2842.9459,control_oct
11,2843.2461,control_oct
35,2843.5465,control_oct
11,2843.8468,control_oct
19,2844.1471,control_oct
15,2844.4474,control_oct
15,2844.7477,control_oct
7,2845.048,control_oct
15,2845.3484,control_oct
19,2845.6486,control_oct
19,2845.949,control_oct
11,2846.2492,control_oct
15,2846.5496,control_oct
15,2846.8499,control_oct
15,2847.1502,control_oct
15,2847.4506,control_oct
19,2847.7508,control_oct
15,2848.0511,control_oct
19,2848.3515,control_oct
35,2848.6517,control_oct
19,2848.9521,control_oct
11,2849.2524,control_oct
15,2849.5527,control_oct
19,2849.8547,control_oct
15,2850.1533,control_oct
15,2850.4536,control_oct
19,2850.754,control_oct
19,2851.0543,control_oct
15,2851.3546,control_oct
19,2851.6549,control_oct
1,2851.9551,control_oct
15,2852.2555,control_oct
15,2852.5558,control_oct
19,2852.8561,control_oct
15,2853.1564,control_oct
15,2853.4567,control_oct
1,2853.7571,control_oct
18,2854.0573,control_oct
18,2854.3576,control_oct
18,2854.658,control_oct
31,2854.9583,control_oct
26,2855.2586,control_oct
7,2855.5589,control_oct
1,2855.8592,control_oct
1,2856.1595,control_oct
15,2856.4598,control_oct
15,2856.7601,control_oct
19,2857.0604,control_oct
19,2857.3608,control_oct
11,2857.6611,control_oct
11,2857.9614,control_oct
15,2858.2617,control_oct
7,2858.562,control_oct
15,2858.8623,control_oct
7,2859.1626,control_oct
7,2859.4629,control_oct
31,2859.7633,control_oct
14,2860.0636,control_oct
18,2860.3639,control_oct
13,2860.6642,control_oct
18,2860.9644,control_oct
15,2861.2648,control_oct
19,2861.5651,control_oct
19,2861.8654,control_oct
23,2862.1657,control_oct
15,2862.466,control_oct
5,2862.7664,control_oct
15,2863.0667,control_oct
19,2863.3669,control_oct
15,2863.6673,control_oct
11,2863.9676,control_oct
12,2864.2679,control_oct
16,2864.5683,control_oct
17,2864.8685,control_oct
35,2865.1689,control_oct
19,2865.4692,control_oct
19,2865.7695,control_oct
15,2866.0698,control_oct
15,2866.3701,control_oct
15,2866.6704,control_oct
7,2866.9707,control_oct
1,2867.271,control_oct
11,2867.5713,control_oct
11,2867.8716,control_oct
11,2868.172,control_oct
15,2868.4723,control_oct
1,2868.7725,control_oct
12,2869.0729,control_oct
36,2869.3732,control_oct
16,2869.6735,control_oct
17,2869.9739,control_oct
17,2870.2741,control_oct
16,2870.5744,control_oct
11,2870.8748,control_oct
11,2871.175,control_oct
17,2871.4753,control_oct
17,2871.7757,control_oct
24,2872.076,control_oct
24,2872.3763,control_oct
11,2872.6766,control_oct
11,2872.977,control_oct
10,2873.2773,control_oct
25,2873.5775,control_oct
10,2873.8779,control_oct
37,2874.1781,control_oct
6,2874.4785,control_oct
11,2874.7788,control_oct
35,2875.0791,control_oct
35,2875.3794,control_oct
18,2875.6797,control_oct
11,2875.9801,control_oct
6,2876.2804,control_oct
8,2876.5806,control_oct
16,2876.881,control_oct
15,2877.1813,control_oct
12,2877.4816,control_oct
35,2877.7819,control_oct
15,2878.0822,control_oct
19,2878.3825,control_oct
35,2878.6828,control_oct
19,2878.9831,control_oct
19,2879.2834,control_oct
19,2879.5838,control_oct
19,2879.8841,control_oct
19,2880.1844,control_oct
12,2880.4847,control_oct
19,2880.785,control_oct
15,2881.0853,control_oct
1,2881.3856,control_oct
15,2881.6859,control_oct
1,2881.9862,control_oct
14,2882.2866,control_oct
11,2882.5869,control_oct
11,2882.8871,control_oct
24,2883.1875,control_oct
35,2883.4878,control_oct
36,2883.7881,control_oct
18,2884.0884,control_oct
31,2884.3887,control_oct
18,2884.689,control_oct
37,2884.9893,control_oct
7,2885.2897,control_oct
7,2885.59,control_oct
7,2885.8903,control_oct
18,2886.1906,control_oct
18,2886.4909,control_oct
18,2886.7913,control_oct
31,2887.0916,control_oct
1,2887.3919,control_oct
12,2887.6922,control_oct
35,2887.9925,control_oct
12,2888.2928,control_oct
11,2888.5931,control_oct
31,2888.8934,control_oct
26,2889.1937,control_oct
32,2889.494,control_oct
26,2889.7943,control_oct
26,2890.0947,control_oct
32,2890.3949,control_oct
26,2890.6952,control_oct
26,2890.9956,control_oct
26,2891.2959,control_oct
26,2891.5962,control_oct
21,2891.8965,control_oct
26,2892.1968,control_oct
31,2892.4972,control_oct
31,2892.7975,control_oct
27,2893.0978,control_oct
22,2893.3981,control_oct
27,2893.6984,control_oct
27,2893.9987,control_oct
26,2894.299,control_oct
7,2894.5993,control_oct
7,2894.8996,control_oct
32,2895.1999,control_oct
7,2895.5003,control_oct
32,2895.8014,control_oct
7,2896.1009,control_oct
5,2896.4012,control_oct
5,2896.7015,control_oct
32,2897.0018,control_oct
15,2897.3021,control_oct
32,2897.6024,control_oct
7,2897.9028,control_oct
7,2898.2031,control_oct
5,2898.5034,control_oct
7,2898.8036,control_oct
7,2899.104,control_oct
7,2899.4043,control_oct
32,2899.7046,control_oct
32,2900.0099,control_oct
32,2900.3052,control_oct
32,2900.6072,control_oct
15,2900.9059,control_oct
7,2901.2062,control_oct
11,2901.5065,control_oct
16,2901.8068,control_oct
36,2902.1071,control_oct
8,2902.4075,control_oct
19,2902.7077,control_oct
15,2903.008,control_oct
12,2903.3084,control_oct
8,2903.6087,control_oct
35,2903.909,control_oct
35,2904.2093,control_oct
19,2904.5096,control_oct
35,2904.8099,control_oct
35,2905.1102,control_oct
35,2905.4106,control_oct
11,2905.7108,control_oct
35,2906.0112,control_oct
16,2906.3115,control_oct
16,2906.6117,control_oct
16,2906.9121,control_oct
12,2907.2124,control_oct
15,2907.5127,control_oct
32,2907.8131,control_oct
9,2908.1133,control_oct
18,2908.4137,control_oct
26,2908.7139,control_oct
31,2909.0143,control_oct
37,2909.3146,control_oct
35,2909.6149,control_oct
36,2909.9152,control_oct
16,2910.2156,control_oct
16,2910.5158,control_oct
16,2910.8162,control_oct
16,2911.1165,control_oct
17,2911.4168,control_oct
11,2911.7171,control_oct
19,2912.0174,control_oct
11,2912.3177,control_oct
19,2912.618,control_oct
19,2912.9183,control_oct
18,2913.2186,control_oct
31,2913.5189,control_oct
31,2913.8193,control_oct
37,2914.1196,control_oct
18,2914.4199,control_oct
18,2914.7202,control_oct
18,2915.0205,control_oct
14,2915.3209,control_oct
18,2915.6211,control_oct
18,2915.9215,control_oct
13,2916.2218,control_oct
18,2916.5221,control_oct
13,2916.8224,control_oct
18,2917.1227,control_oct
37,2917.423,control_oct
37,2917.7234,control_oct
18,2918.0237,control_oct
18,2918.324,control_oct
6,2918.6243,control_oct
6,2918.9246,control_oct
13,2919.225,control_oct
31,2919.5252,control_oct
26,2919.8256,control_oct
26,2920.1258,control_oct
18,2920.4261,control_oct
14,2920.7265,control_oct
31,2921.0268,control_oct
13,2921.3271,control_oct
25,2921.6275,control_oct
13,2921.9277,control_oct
6,2922.2281,control_oct
10,2922.5284,control_oct
25,2922.8287,control_oct
14,2923.129,control_oct
15,2923.4293,control_oct
23,2923.7296,control_oct
14,2924.03,control_oct
23,2924.3302,control_oct
37,2924.6305,control_oct
10,2924.9308,control_oct
25,2925.2512,control_oct
10,2925.5315,control_oct
6,2925.8318,control_oct
10,2926.1321,control_oct
13,2926.4324,control_oct
14,2926.7327,control_oct
18,2927.0331,control_oct
11,2927.3333,control_oct
24,2927.6337,control_oct
24,2927.934,control_oct
9,2928.2343,control_oct
24,2928.5346,control_oct
17,2928.8349,control_oct
11,2929.1352,control_oct
24,2929.4355,control_oct
24,2929.7358,control_oct
24,2930.0361,control_oct
24,2930.3365,control_oct
11,2930.6368,control_oct
18,2930.9371,control_oct
13,2931.2374,control_oct
10,2931.5377,control_oct
10,2931.838,control_oct
6,2932.1383,control_oct
18,2932.4386,control_oct
6,2932.739,control_oct
13,2933.0393,control_oct
25,2933.3396,control_oct
10,2933.6399,control_oct
13,2933.9402,control_oct
13,2934.2406,control_oct
13,2934.5409,control_oct
10,2934.8412,control_oct
13,2935.1415,control_oct
13,2935.4418,control_oct
13,2935.7421,control_oct
13,2936.0424,control_oct
6,2936.3427,control_oct
6,2936.643,control_oct
10,2936.9433,control_oct
16,2937.2436,control_oct
17,2937.544,control_oct
20,2937.8443,control_oct
1,2938.1445,control_oct
19,2938.4449,control_oct
19,2938.7453,control_oct
11,2939.0455,control_oct
11,2939.3459,control_oct
19,2939.6462,control_oct
19,2939.9465,control_oct
11,2940.2468,control_oct
19,2940.5471,control_oct
19,2940.8474,control_oct
14,2941.1477,control_oct
31,2941.448,control_oct
18,2941.7483,control_oct
18,2942.0487,control_oct
31,2942.349,control_oct
31,2942.6492,control_oct
31,2942.9496,control_oct
18,2943.2499,control_oct
6,2943.5502,control_oct
16,2943.8506,control_oct
17,2944.1508,control_oct
6,2944.4512,control_oct
6,2944.7515,control_oct
37,2945.0518,control_oct
18,2945.3521,control_oct
6,2945.6524,control_oct
18,2945.9527,control_oct
23,2946.5534,control_oct
1,2946.8536,control_oct
12,2947.154,control_oct
35,2947.4543,control_oct
11,2947.7546,control_oct
15,2948.0549,control_oct
15,2948.3552,control_oct
15,2948.6555,control_oct
11,2948.9559,control_oct
35,2949.2562,control_oct
35,2949.5565,control_oct
35,2949.8568,control_oct
12,2950.1571,control_oct
35,2950.4574,control_oct
35,2950.7577,control_oct
35,2951.058,control_oct
19,2951.3584,control_oct
19,2951.6587,control_oct
15,2951.959,control_oct
1,2952.2593,control_oct
7,2952.5596,control_oct
7,2952.8599,control_oct
11,2953.1602,control_oct
18,2953.4605,control_oct
18,2953.7608,control_oct
37,2954.0611,control_oct
18,2954.3623,control_oct
13,2954.6618,control_oct
6,2954.962,control_oct
6,2955.2624,control_oct
8,2955.5627,control_oct
19,2955.863,control_oct
35,2956.1633,control_oct
35,2956.4636,control_oct
19,2956.764,control_oct
19,2957.0643,control_oct
8,2957.3646,control_oct
6,2957.6649,control_oct
13,2957.9652,control_oct
25,2958.2655,control_oct
18,2958.5659,control_oct
6,2958.8661,control_oct
6,2959.1664,control_oct
13,2959.4668,control_oct
6,2959.767,control_oct
36,2960.0674,control_oct
36,2960.3677,control_oct
13,2960.668,control_oct
15,2960.9684,control_oct
18,2961.2686,control_oct
6,2961.569,control_oct
13,2961.8692,control_oct
13,2962.1696,control_oct
37,2962.4699,control_oct
18,2962.7702,control_oct
18,2963.0705,control_oct
18,2963.3708,control_oct
13,2963.6711,control_oct
18,2963.9715,control_oct
13,2964.2717,control_oct
6,2964.5721,control_oct
25,2964.8724,control_oct
18,2965.1727,control_oct
31,2965.473,control_oct
14,2965.7733,control_oct
31,2966.0736,control_oct
37,2966.3739,control_oct
19,2966.6743,control_oct
35,2966.9746,control_oct
36,2967.2748,control_oct
11,2967.5752,control_oct
11,2967.8755,control_oct
15,2968.1758,control_oct
19,2968.4761,control_oct
35,2968.7765,control_oct
19,2969.0767,control_oct
19,2969.3771,control_oct
35,2969.6774,control_oct
1,2969.9777,control_oct
1,2970.278,control_oct
19,2970.5783,control_oct
15,2970.8786,control_oct
19,2971.1789,control_oct
15,2971.4792,control_oct
11,2971.7796,control_oct
1,2972.0798,control_oct
1,2972.3802,control_oct
18,2972.6805,control_oct
13,2972.9808,control_oct
6,2973.2811,control_oct
37,2973.5814,control_oct
6,2973.8826,control_oct
13,2974.182,control_oct
18,2974.4824,control_oct
18,2974.7826,control_oct
6,2975.083,control_oct
31,2975.3833,control_oct
18,2975.6836,control_oct
18,2975.9839,control_oct
6,2976.2842,control_oct
6,2976.5845,control_oct
10,2976.8848,control_oct
10,2977.1852,control_oct
36,2977.4855,control_oct
17,2977.7858,control_oct
17,2978.0861,control_oct
16,2978.3864,control_oct
8,2978.6867,control_oct
19,2978.9871,control_oct
35,2979.2874,control_oct
19,2979.5876,control_oct
19,2979.888,control_oct
19,2980.1883,control_oct
6,2980.4886,control_oct
12,2980.7889,control_oct
15,2981.0892,control_oct
19,2981.3896,control_oct
20,2981.6898,control_oct
27,2981.9901,control_oct
27,2982.2905,control_oct
27,2982.5908,control_oct
22,2982.891,control_oct
26,2983.1914,control_oct
26,2983.4917,control_oct
27,2983.792,control_oct
27,2984.0923,control_oct
37,2984.3926,control_oct
6,2984.693,control_oct
13,2984.9933,control_oct
10,2985.2936,control_oct
36,2985.5939,control_oct
19,2985.8942,control_oct
15,2986.1945,control_oct
8,2986.4948,control_oct
8,2986.7951,control_oct
12,2987.0955,control_oct
19,2987.3958,control_oct
11,2987.696,control_oct
35,2987.9964,control_oct
11,2988.2967,control_oct
19,2988.597,control_oct
11,2988.8973,control_oct
20,2989.1976,control_oct
15,2989.4979,control_oct
1,2989.7982,control_oct
11,2990.0986,control_oct
36,2990.3989,control_oct
17,2990.6992,control_oct
10,2990.9996,control_oct
13,2991.2998,control_oct
18,2991.6001,control_oct
6,2991.9004,control_oct
10,2992.2008,control_oct
6,2992.5011,control_oct
13,2992.8013,control_oct
25,2993.1017,control_oct
17,2993.402,control_oct
16,2993.7023,control_oct
19,2994.0026,control_oct
1,2994.3029,control_oct
14,2994.6032,control_oct
23,2994.9036,control_oct
14,2995.2039,control_oct
26,2995.5042,control_oct
37,2995.8044,control_oct
27,2996.1048,control_oct
26,2996.4051,control_oct
26,2996.7054,control_oct
11,2997.0058,control_oct
35,2997.3061,control_oct
8,2997.6064,control_oct
35,2997.9066,control_oct
15,2998.207,control_oct
1,2998.5073,control_oct
7,2998.8076,control_oct
7,2999.1079,control_oct
7,2999.4082,control_oct
32,2999.7085,control_oct
32,3000.0089,control_oct
7,3000.3092,control_oct
15,3000.6094,control_oct
12,3000.9099,control_oct
15,3001.2101,control_oct
15,3001.5104,control_oct
1,3001.8107,control_oct
1,3002.111,control_oct
6,3002.4113,control_oct
10,3002.7117,control_oct
10,3003.012,control_oct
25,3003.3123,control_oct
14,3003.6126,control_oct
13,3003.913,control_oct
25,3004.2132,control_oct
25,3004.5136,control_oct
13,3004.8139,control_oct
6,3005.1141,control_oct
6,3005.4145,control_oct
25,3005.7148,control_oct
11,3006.0151,control_oct
16,3006.3154,control_oct
12,3006.6157,control_oct
19,3006.9161,control_oct
35,3007.2164,control_oct
17,3007.5167,control_oct
36,3007.817,control_oct
36,3008.1173,control_oct
8,3008.4176,control_oct
35,3008.718,control_oct
12,3009.0182,control_oct
11,3009.3186,control_oct
19,3009.6188,control_oct
7,3009.9191,control_oct
15,3010.2195,control_oct
37,3010.5198,control_oct
13,3010.8201,control_oct
6,3011.1204,control_oct
6,3011.4207,control_oct
6,3011.721,control_oct
18,3012.0213,control_oct
18,3012.3217,control_oct
18,3012.622,control_oct
37,3012.9223,control_oct
13,3013.2226,control_oct
6,3013.5229,control_oct
13,3013.8233,control_oct
6,3014.1235,control_oct
25,3014.4239,control_oct
10,3014.7242,control_oct
10,3015.0245,control_oct
10,3015.3248,control_oct
13,3015.6251,control_oct
10,3015.9254,control_oct
6,3016.2258,control_oct
13,3016.5261,control_oct
25,3016.8264,control_oct
6,3017.1267,control_oct
13,3017.427,control_oct
11,3017.7274,control_oct
18,3018.0276,control_oct
18,3018.3279,control_oct
18,3018.6283,control_oct
13,3018.9286,control_oct
19,3019.2289,control_oct
1,3019.5292,control_oct
19,3019.8295,control_oct
19,3020.1298,control_oct
19,3020.4301,control_oct
19,3020.7305,control_oct
19,3021.0308,control_oct
15,3021.3311,control_oct
5,3021.9317,control_oct
11,3022.232,control_oct
19,3022.5323,control_oct
15,3022.8326,control_oct
5,3023.1329,control_oct
5,3023.4332,control_oct
1,3023.7336,control_oct
7,3024.0339,control_oct
15,3024.3342,control_oct
18,3024.6345,control_oct
37,3024.9348,control_oct
18,3025.2351,control_oct
13,3025.5355,control_oct
18,3025.8358,control_oct
6,3026.1361,control_oct
13,3026.4364,control_oct
1,3026.7367,control_oct
19,3027.037,control_oct
11,3027.3373,control_oct
35,3027.6376,control_oct
19,3027.938,control_oct
19,3028.2383,control_oct
35,3028.5386,control_oct
35,3028.8389,control_oct
35,3029.1392,control_oct
11,3029.4395,control_oct
16,3029.7398,control_oct
36,3030.0401,control_oct
16,3030.3404,control_oct
10,3030.6408,control_oct
10,3030.9411,control_oct
25,3031.2414,control_oct
35,3031.5418,control_oct
10,3031.842,control_oct
10,3032.1423,control_oct
10,3032.4427,control_oct
13,3032.743,control_oct
37,3033.0433,control_oct
19,3033.3436,control_oct
35,3033.6439,control_oct
11,3033.9442,control_oct
35,3034.2445,control_oct
20,3034.5448,control_oct
19,3034.8452,control_oct
19,3035.1455,control_oct
19,3035.4458,control_oct
19,3035.7461,control_oct
19,3036.0464,control_oct
35,3036.3467,control_oct
35,3036.647,control_oct
35,3036.9473,control_oct
11,3037.2476,control_oct
19,3037.5479,control_oct
18,3037.8483,control_oct
18,3038.1485,control_oct
18,3038.4489,control_oct
10,3038.7492,control_oct
25,3039.0495,control_oct
10,3039.3498,control_oct
10,3039.6502,control_oct
16,3039.9504,control_oct
8,3040.2508,control_oct
36,3040.5511,control_oct
17,3040.8514,control_oct
17,3041.1517,control_oct
23,3041.452,control_oct
15,3041.7523,control_oct
12,3042.0526,control_oct
11,3042.353,control_oct
11,3042.6532,control_oct
35,3042.9536,control_oct
36,3043.2539,control_oct
36,3043.5542,control_oct
35,3043.8545,control_oct
12,3044.1548,control_oct
15,3044.4551,control_oct
19,3044.7555,control_oct
1,3045.0558,control_oct
12,3045.3561,control_oct
35,3045.6564,control_oct
35,3045.9567,control_oct
19,3046.257,control_oct
11,3046.5573,control_oct
8,3046.8577,control_oct
19,3047.158,control_oct
19,3047.4583,control_oct
19,3047.7586,control_oct
11,3048.0588,control_oct
11,3048.3592,control_oct
19,3048.6595,control_oct
15,3048.9598,control_oct
35,3049.2601,control_oct
35,3049.5604,control_oct
36,3049.8608,control_oct
12,3050.1611,control_oct
12,3050.4614,control_oct
8,3050.7617,control_oct
36,3051.062,control_oct
17,3051.3623,control_oct
10,3051.6626,control_oct
10,3051.963,control_oct
10,3052.2632,control_oct
13,3052.5636,control_oct
17,3052.8639,control_oct
24,3053.1642,control_oct
17,3053.4645,control_oct
24,3053.7648,control_oct
11,3054.0651,control_oct
24,3054.3654,control_oct
6,3054.6657,control_oct
35,3054.966,control_oct
13,3055.2664,control_oct
6,3055.5668,control_oct
25,3055.867,control_oct
25,3056.1673,control_oct
35,3056.4676,control_oct
17,3056.768,control_oct
36,3057.0683,control_oct
36,3057.3686,control_oct
16,3057.6689,control_oct
10,3057.9692,control_oct
10,3058.2695,control_oct
13,3058.5698,control_oct
13,3058.8701,control_oct
37,3059.1705,control_oct
6,3059.4708,control_oct
10,3059.7711,control_oct
13,3060.0714,control_oct
13,3060.3716,control_oct
36,3060.672,control_oct
36,3060.9723,control_oct
35,3061.2726,control_oct
16,3061.573,control_oct
16,3061.8733,control_oct
11,3062.1736,control_oct
36,3062.4739,control_oct
25,3062.7742,control_oct
13,3063.0746,control_oct
10,3063.3748,control_oct
17,3063.6751,control_oct
12,3063.9755,control_oct
35,3064.2758,control_oct
11,3064.5761,control_oct
11,3064.8764,control_oct
8,3065.1767,control_oct
35,3065.477,control_oct
16,3065.7773,control_oct
16,3066.0777,control_oct
36,3066.378,control_oct
8,3066.6782,control_oct
16,3066.9786,control_oct
16,3067.2789,control_oct
36,3067.5792,control_oct
16,3067.8795,control_oct
17,3068.1798,control_oct
36,3068.4802,control_oct
17,3068.7805,control_oct
8,3069.0808,control_oct
11,3069.3811,control_oct
16,3069.6814,control_oct
35,3069.9817,control_oct
35,3070.282,control_oct
36,3070.5823,control_oct
35,3070.8827,control_oct
36,3071.1838,control_oct
36,3071.4833,control_oct
10,3072.0839,control_oct
10,3072.3842,control_oct
10,3072.6845,control_oct
6,3072.9848,control_oct
35,3073.2851,control_oct
35,3073.5855,control_oct
35,3073.8858,control_oct
11,3074.1861,control_oct
36,3074.4864,control_oct
17,3074.7868,control_oct
16,3075.0896,control_oct
35,3075.3873,control_oct
19,3075.6876,control_oct
12,3075.988,control_oct
35,3076.2883,control_oct
35,3076.5886,control_oct
16,3076.8889,control_oct
25,3077.1892,control_oct
35,3077.4895,control_oct
12,3077.7899,control_oct
35,3078.0902,control_oct
36,3078.3905,control_oct
12,3078.6908,control_oct
36,3078.9911,control_oct
16,3079.2914,control_oct
10,3079.5917,control_oct
18,3079.892,control_oct
37,3080.1924,control_oct
37,3080.4927,control_oct
37,3080.793,control_oct
13,3081.0932,control_oct
10,3081.3936,control_oct
10,3081.6939,control_oct
10,3081.9942,control_oct
12,3082.2946,control_oct
8,3082.5949,control_oct
13,3082.8952,control_oct
10,3083.1956,control_oct
6,3083.4957,control_oct
12,3083.7961,control_oct
12,3084.0964,control_oct
19,3084.3967,control_oct
35,3084.6971,control_oct
16,3084.9973,control_oct
35,3085.2977,control_oct
12,3085.598,control_oct
19,3085.8983,control_oct
35,3086.1986,control_oct
19,3086.4989,control_oct
19,3086.7992,control_oct
1,3087.0995,control_oct
31,3087.3998,control_oct
18,3087.7002,control_oct
8,3088.0005,control_oct
19,3088.3008,control_oct
35,3088.6011,control_oct
35,3088.9014,control_oct
35,3089.2017,control_oct
35,3089.502,control_oct
35,3089.8024,control_oct
35,3090.1027,control_oct
16,3090.403,control_oct
12,3090.7033,control_oct
16,3091.0036,control_oct
17,3091.3039,control_oct
36,3091.6043,control_oct
35,3091.9045,control_oct
8,3092.2048,control_oct
36,3092.5052,control_oct
16,3092.8055,control_oct
35,3093.1058,control_oct
11,3093.4061,control_oct
11,3093.7065,control_oct
35,3094.0068,control_oct
12,3094.3071,control_oct
16,3094.6074,control_oct
36,3094.9077,control_oct
19,3095.208,control_oct
11,3095.5083,control_oct
12,3095.8086,control_oct
11,3096.109,control_oct
16,3096.4093,control_oct
36,3096.7095,control_oct
17,3097.0099,control_oct
8,3097.3102,control_oct
5,3097.6105,control_oct
15,3097.9108,control_oct
15,3098.2111,control_oct
6,3098.5114,control_oct
13,3098.8117,control_oct
13,3099.112,control_oct
13,3099.4124,control_oct
13,3099.7127,control_oct
6,3100.013,control_oct
10,3100.3133,control_oct
25,3100.6136,control_oct
6,3100.9139,control_oct
17,3101.2142,control_oct
35,3101.5145,control_oct
12,3101.8148,control_oct
36,3102.1152,control_oct
35,3102.4155,control_oct
35,3102.7158,control_oct
35,3103.0161,control_oct
19,3103.3164,control_oct
35,3103.6168,control_oct
35,3103.9171,control_oct
12,3104.2174,control_oct
11,3104.5177,control_oct
11,3104.818,control_oct
19,3105.1183,control_oct
15,3105.4187,control_oct
7,3105.7189,control_oct
15,3106.0193,control_oct
15,3106.3196,control_oct
1,3106.6199,control_oct
7,3106.9202,control_oct
19,3107.2205,control_oct
35,3107.5208,control_oct
16,3107.8211,control_oct
35,3108.1214,control_oct
36,3108.4217,control_oct
16,3108.7221,control_oct
36,3109.0224,control_oct
16,3109.3227,control_oct
16,3109.623,control_oct
12,3109.9233,control_oct
36,3110.2236,control_oct
13,3110.5239,control_oct
13,3110.8242,control_oct
10,3111.1245,control_oct
17,3111.4249,control_oct
16,3111.7252,control_oct
8,3112.0254,control_oct
16,3112.3258,control_oct
16,3112.6261,control_oct
17,3112.9264,control_oct
17,3113.2267,control_oct
17,3113.5271,control_oct
35,3113.8274,control_oct
13,3114.1277,control_oct
25,3114.428,control_oct
13,3114.7283,control_oct
6,3115.0286,control_oct
13,3115.3289,control_oct
8,3115.6292,control_oct
16,3115.9296,control_oct
35,3116.2299,control_oct
11,3116.5302,control_oct
13,3116.8305,control_oct
6,3117.1308,control_oct
13,3117.4312,control_oct
13,3117.7315,control_oct
15,3118.0318,control_oct
35,3118.3321,control_oct
36,3118.6324,control_oct
36,3118.9327,control_oct
12,3119.238,control_oct
16,3119.5333,control_oct
12,3119.8336,control_oct
11,3120.1339,control_oct
35,3120.4342,control_oct
35,3120.7346,control_oct
17,3121.0349,control_oct
16,3121.3352,control_oct
17,3121.6355,control_oct
16,3121.9358,control_oct
8,3122.2361,control_oct
19,3122.5364,control_oct
19,3122.8368,control_oct
15,3123.137,control_oct
19,3123.4374,control_oct
11,3123.7377,control_oct
19,3124.038,control_oct
19,3124.3383,control_oct
11,3124.6386,control_oct
8,3124.9389,control_oct
35,3125.2393,control_oct
12,3125.5395,control_oct
8,3125.8398,control_oct
35,3126.1402,control_oct
19,3126.4406,control_oct
19,3126.7407,control_oct
35,3127.0411,control_oct
19,3127.3415,control_oct
11,3127.6418,control_oct
11,3127.9421,control_oct
19,3128.2424,control_oct
19,3128.5427,control_oct
11,3128.843,control_oct
19,3129.1433,control_oct
15,3129.4436,control_oct
32,3129.744,control_oct
32,3130.0442,control_oct
7,3130.3445,control_oct
19,3130.6449,control_oct
24,3130.9451,control_oct
19,3131.2455,control_oct
12,3131.5458,control_oct
10,3131.8461,control_oct
25,3132.1464,control_oct
37,3132.4468,control_oct
13,3132.747,control_oct
18,3133.0474,control_oct
10,3133.3476,control_oct
13,3133.648,control_oct
12,3133.9483,control_oct
19,3134.2486,control_oct
11,3134.5489,control_oct
24,3134.8492,control_oct
24,3135.1495,control_oct
9,3135.4498,control_oct
9,3135.7501,control_oct
24,3136.0505,control_oct
12,3136.3508,control_oct
15,3136.651,control_oct
19,3136.9514,control_oct
12,3137.2517,control_oct
8,3137.5521,control_oct
11,3137.8524,control_oct
24,3138.1526,control_oct
11,3138.4529,control_oct
11,3138.7532,control_oct
17,3139.0536,control_oct
24,3139.3539,control_oct
24,3139.6542,control_oct
24,3139.9545,control_oct
19,3140.2548,control_oct
11,3140.5552,control_oct
36,3140.8554,control_oct
19,3141.1557,control_oct
11,3141.4561,control_oct
18,3141.7564,control_oct
13,3142.0567,control_oct
13,3142.357,control_oct
13,3142.6573,control_oct
11,3142.9576,control_oct
8,3143.258,control_oct
35,3143.5582,control_oct
1,3143.8586,control_oct
8,3144.1589,control_oct
37,3144.4592,control_oct
31,3144.7595,control_oct
31,3145.0598,control_oct
31,3145.3601,control_oct
15,3145.6605,control_oct
15,3145.9607,control_oct
1,3146.2611,control_oct
1,3146.5614,control_oct
11,3146.8617,control_oct
19,3147.162,control_oct
15,3147.4623,control_oct
7,3147.7626,control_oct
31,3148.0629,control_oct
18,3148.3633,control_oct
15,3148.6636,control_oct
1,3148.9638,control_oct
1,3149.2642,control_oct
19,3149.5645,control_oct
1,3149.8648,control_oct
15,3150.1652,control_oct
14,3150.4654,control_oct
14,3150.7658,control_oct
18,3151.0661,control_oct
13,3151.3664,control_oct
18,3151.6667,control_oct
18,3151.967,control_oct
18,3152.2673,control_oct
18,3152.5676,control_oct
31,3152.8679,control_oct
26,3153.1682,control_oct
31,3153.4686,control_oct
14,3153.7689,control_oct
7,3154.0692,control_oct
36,3154.3695,control_oct
35,3154.6698,control_oct
11,3154.9701,control_oct
35,3155.2705,control_oct
11,3155.5708,control_oct
11,3155.8711,control_oct
36,3156.1714,control_oct
32,3156.4717,control_oct
11,3156.772,control_oct
17,3157.0723,control_oct
17,3157.3726,control_oct
17,3157.6729,control_oct
16,3157.9732,control_oct
17,3158.2735,control_oct
16,3158.5739,control_oct
36,3158.8741,control_oct
17,3159.1745,control_oct
17,3159.4748,control_oct
24,3159.7751,control_oct
24,3160.0755,control_oct
17,3160.3757,control_oct
35,3160.6761,control_oct
19,3160.9763,control_oct
10,3161.2767,control_oct
6,3161.577,control_oct
36,3161.8772,control_oct
36,3162.1776,control_oct
25,3162.478,control_oct
10,3162.7782,control_oct
10,3163.0785,control_oct
10,3163.3788,control_oct
13,3163.6792,control_oct
6,3163.9795,control_oct
6,3164.2798,control_oct
12,3164.5801,control_oct
35,3164.8804,control_oct
10,3165.1807,control_oct
17,3165.4811,control_oct
11,3165.7813,control_oct
12,3166.0817,control_oct
35,3166.382,control_oct
13,3166.6823,control_oct
17,3166.9826,control_oct
12,3167.2829,control_oct
11,3167.5832,control_oct
8,3167.8836,control_oct
8,3168.1839,control_oct
16,3168.4842,control_oct
16,3168.7845,control_oct
16,3169.0848,control_oct
16,3169.3852,control_oct
17,3169.6854,control_oct
11,3169.9858,control_oct
8,3170.286,control_oct
12,3170.5864,control_oct
11,3170.8866,control_oct
11,3171.187,control_oct
11,3171.4873,control_oct
12,3171.7876,control_oct
24,3172.0879,control_oct
15,3172.3883,control_oct
15,3172.6886,control_oct
12,3172.9889,control_oct
6,3173.2892,control_oct
10,3173.5895,control_oct
6,3173.8898,control_oct
14,3174.1901,control_oct
37,3174.4904,control_oct
37,3174.7907,control_oct
37,3175.091,control_oct
18,3175.3913,control_oct
13,3175.6917,control_oct
37,3175.992,control_oct
6,3176.2923,control_oct
13,3176.5926,control_oct
18,3176.8929,control_oct
37,3177.1932,control_oct
13,3177.4936,control_oct
13,3177.7939,control_oct
6,3178.0941,control_oct
13,3178.3945,control_oct
18,3178.6997,control_oct
18,3178.9951,control_oct
13,3179.2954,control_oct
18,3179.5957,control_oct
37,3179.896,control_oct
18,3180.1964,control_oct
18,3180.4966,control_oct
13,3180.797,control_oct
35,3181.0972,control_oct
19,3181.3976,control_oct
35,3181.6979,control_oct
1,3181.9981,control_oct
18,3182.2985,control_oct
12,3182.5988,control_oct
11,3182.8991,control_oct
8,3183.1994,control_oct
25,3183.4997,control_oct
10,3183.8001,control_oct
37,3184.1004,control_oct
13,3184.4007,control_oct
11,3184.701,control_oct
36,3185.0013,control_oct
12,3185.3016,control_oct
35,3185.6019,control_oct
15,3185.9022,control_oct
19,3186.2025,control_oct
15,3186.5029,control_oct
12,3186.8032,control_oct
11,3187.1035,control_oct
35,3187.4038,control_oct
11,3187.7041,control_oct
12,3188.0045,control_oct
35,3188.3048,control_oct
35,3188.6051,control_oct
13,3188.9054,control_oct
36,3189.2057,control_oct
16,3189.506,control_oct
12,3189.8063,control_oct
36,3190.1066,control_oct
16,3190.4069,control_oct
16,3190.7073,control_oct
17,3191.0076,control_oct
8,3191.3078,control_oct
11,3191.6082,control_oct
35,3191.9085,control_oct
35,3192.2088,control_oct
16,3192.5091,control_oct
11,3192.8094,control_oct
35,3193.1098,control_oct
16,3193.41,control_oct
16,3193.7104,control_oct
17,3194.0107,control_oct
8,3194.3109,control_oct
8,3194.6113,control_oct
16,3194.9116,control_oct
36,3195.2119,control_oct
19,3195.5122,control_oct
12,3195.8125,control_oct
35,3196.1128,control_oct
36,3196.4132,control_oct
36,3196.7135,control_oct
12,3197.0138,control_oct
35,3197.3141,control_oct
11,3197.6145,control_oct
11,3197.9147,control_oct
35,3198.215,control_oct
35,3198.5204,control_oct
35,3198.8156,control_oct
35,3199.116,control_oct
11,3199.4163,control_oct
19,3199.7166,control_oct
20,3200.0169,control_oct
7,3200.3173,control_oct
7,3200.6175,control_oct
32,3200.9178,control_oct
15,3201.2181,control_oct
19,3201.5185,control_oct
12,3201.8188,control_oct
16,3202.1191,control_oct
36,3202.4194,control_oct
1,3202.7197,control_oct
15,3203.0201,control_oct
35,3203.3204,control_oct
19,3203.6206,control_oct
35,3203.9209,control_oct
11,3204.2213,control_oct
15,3204.5215,control_oct
19,3204.822,control_oct
15,3205.1222,control_oct
7,3205.4225,control_oct
7,3205.7228,control_oct
19,3206.0231,control_oct
15,3206.3234,control_oct
19,3206.6238,control_oct
19,3206.924,control_oct
11,3207.2244,control_oct
9,3207.5247,control_oct
4,3207.825,control_oct
9,3208.1253,control_oct
19,3208.4256,control_oct
35,3208.726,control_oct
35,3209.0262,control_oct
35,3209.3266,control_oct
35,3209.6269,control_oct
8,3209.9272,control_oct
19,3210.2275,control_oct
35,3210.5278,control_oct
35,3210.8282,control_oct
19,3211.1284,control_oct
15,3211.4288,control_oct
35,3211.7291,control_oct
19,3212.0293,control_oct
20,3212.3297,control_oct
32,3212.6299,control_oct
32,3212.9302,control_oct
18,3213.2306,control_oct
18,3213.5309,control_oct
18,3213.8312,control_oct
13,3214.1315,control_oct
25,3214.4319,control_oct
16,3214.7322,control_oct
17,3215.0325,control_oct
8,3215.3328,control_oct
24,3215.6331,control_oct
36,3215.9334,control_oct
13,3216.2337,control_oct
13,3216.534,control_oct
25,3216.8343,control_oct
10,3217.1347,control_oct
10,3217.435,control_oct
37,3217.7353,control_oct
13,3218.0356,control_oct
18,3218.3359,control_oct
13,3218.6362,control_oct
13,3218.9366,control_oct
13,3219.2368,control_oct
35,3219.5372,control_oct
11,3219.8375,control_oct
6,3220.1378,control_oct
18,3220.4381,control_oct
13,3220.7384,control_oct
13,3221.0387,control_oct
18,3221.339,control_oct
18,3221.6393,control_oct
31,3221.9396,control_oct
26,3222.2399,control_oct
26,3222.5403,control_oct
26,3222.8405,control_oct
26,3223.1408,control_oct
37,3223.4412,control_oct
24,3223.7415,control_oct
4,3224.0418,control_oct
24,3224.3421,control_oct
11,3224.6425,control_oct
11,3224.9428,control_oct
31,3225.2431,control_oct
26,3225.5434,control_oct
26,3225.8436,control_oct
26,3226.144,control_oct
26,3226.4443,control_oct
26,3226.7446,control_oct
37,3227.0449,control_oct
11,3227.3452,control_oct
36,3227.6455,control_oct
16,3227.9459,control_oct
16,3228.2462,control_oct
35,3228.5465,control_oct
15,3228.8468,control_oct
15,3229.1471,control_oct
1,3229.4474,control_oct
1,3229.7477,control_oct
7,3230.048,control_oct
15,3230.3484,control_oct
15,3230.6486,control_oct
35,3230.949,control_oct
24,3231.2493,control_oct
24,3231.5496,control_oct
36,3231.8499,control_oct
17,3232.1502,control_oct
16,3232.4506,control_oct
12,3232.7508,control_oct
15,3233.0511,control_oct
36,3233.3515,control_oct
11,3233.6518,control_oct
13,3233.9521,control_oct
37,3234.2524,control_oct
24,3234.5527,control_oct
24,3234.853,control_oct
13,3235.1534,control_oct
31,3235.4536,control_oct
31,3235.754,control_oct
6,3236.0543,control_oct
6,3236.3546,control_oct
12,3236.6549,control_oct
19,3236.9553,control_oct
35,3237.2556,control_oct
19,3237.5558,control_oct
19,3237.8562,control_oct
35,3238.1565,control_oct
19,3238.4568,control_oct
35,3238.7571,control_oct
11,3239.0574,control_oct
11,3239.3577,control_oct
35,3239.658,control_oct
12,3239.9584,control_oct
11,3240.2587,control_oct
11,3240.5589,control_oct
11,3240.8592,control_oct
15,3241.1596,control_oct
19,3241.46,control_oct
14,3241.7627,control_oct
31,3242.0605,control_oct
14,3242.3608,control_oct
7,3242.6612,control_oct
7,3242.9614,control_oct
7,3243.2618,control_oct
7,3243.5621,control_oct
7,3243.8624,control_oct
7,3244.1627,control_oct
31,3244.463,control_oct
37,3244.7633,control_oct
19,3245.0636,control_oct
35,3245.364,control_oct
11,3245.6643,control_oct
19,3245.9646,control_oct
35,3246.2649,control_oct
11,3246.5652,control_oct
35,3246.8655,control_oct
11,3247.1658,control_oct
35,3247.4661,control_oct
35,3247.7664,control_oct
35,3248.0668,control_oct
11,3248.3671,control_oct
35,3248.6674,control_oct
19,3248.9677,control_oct
35,3249.268,control_oct
35,3249.5683,control_oct
35,3249.8686,control_oct
19,3250.169,control_oct
11,3250.4692,control_oct
11,3250.7696,control_oct
11,3251.0699,control_oct
24,3251.3702,control_oct
8,3251.6705,control_oct
36,3251.9708,control_oct
35,3252.2712,control_oct
8,3252.5714,control_oct
35,3252.8717,control_oct
12,3253.1721,control_oct
35,3253.4724,control_oct
35,3253.7726,control_oct
36,3254.073,control_oct
35,3254.3733,control_oct
35,3254.6736,control_oct
11,3254.974,control_oct
35,3255.2742,control_oct
11,3255.5746,control_oct
11,3255.8749,control_oct
35,3256.1752,control_oct
1,3256.4755,control_oct
12,3256.7758,control_oct
19,3257.0762,control_oct
19,3257.3764,control_oct
36,3257.6767,control_oct
12,3257.977,control_oct
11,3258.2774,control_oct
35,3258.5777,control_oct
11,3258.878,control_oct
12,3259.1783,control_oct
11,3259.4786,control_oct
11,3259.7789,control_oct
12,3260.0792,control_oct
17,3260.3796,control_oct
25,3260.6799,control_oct
37,3260.9802,control_oct
15,3261.2805,control_oct
15,3261.5866,control_oct
15,3261.8811,control_oct
19,3262.1814,control_oct
19,3262.4817,control_oct
19,3262.782,control_oct
35,3263.0823,control_oct
17,3263.3827,control_oct
36,3263.683,control_oct
8,3263.9833,control_oct
11,3264.2836,control_oct
11,3264.5839,control_oct
35,3264.8842,control_oct
36,3265.1845,control_oct
36,3265.4848,control_oct
12,3265.7852,control_oct
19,3266.0854,control_oct
19,3266.3858,control_oct
35,3266.6861,control_oct
16,3266.9864,control_oct
35,3267.2867,control_oct
19,3267.587,control_oct
11,3267.8873,control_oct
19,3268.1876,control_oct
35,3268.488,control_oct
19,3268.7883,control_oct
19,3269.0886,control_oct
11,3269.389,control_oct
35,3269.6892,control_oct
19,3269.9895,control_oct
15,3270.2898,control_oct
12,3270.5901,control_oct
19,3270.8904,control_oct
35,3271.1908,control_oct
19,3271.4911,control_oct
11,3271.7914,control_oct
19,3272.0917,control_oct
19,3272.392,control_oct
11,3272.6923,control_oct
19,3272.9927,control_oct
11,3273.2929,control_oct
19,3273.5933,control_oct
19,3273.8935,control_oct
35,3274.1939,control_oct
12,3274.4942,control_oct
1,3274.7945,control_oct
19,3275.0948,control_oct
15,3275.3951,control_oct
14,3275.6954,control_oct
1,3275.9958,control_oct
19,3276.296,control_oct
15,3276.5963,control_oct
15,3276.8967,control_oct
15,3277.197,control_oct
15,3277.4973,control_oct
32,3277.7976,control_oct
15,3278.0979,control_oct
7,3278.3981,control_oct
7,3278.6985,control_oct
32,3278.9988,control_oct
1,3279.2991,control_oct
7,3279.5995,control_oct
7,3279.8997,control_oct
7,3280.2001,control_oct
18,3280.5004,control_oct
18,3280.8007,control_oct
13,3281.101,control_oct
37,3281.4013,control_oct
18,3281.7016,control_oct
26,3282.002,control_oct
37,3282.3023,control_oct
26,3282.6026,control_oct
18,3282.9029,control_oct
18,3283.2032,control_oct
31,3283.5035,control_oct
27,3283.8038,control_oct
31,3284.1041,control_oct
18,3284.4044,control_oct
37,3284.7047,control_oct
13,3285.0051,control_oct
13,3285.3054,control_oct
37,3285.6057,control_oct
35,3285.906,control_oct
16,3286.2063,control_oct
12,3286.5067,control_oct
19,3286.8069,control_oct
36,3287.1072,control_oct
12,3287.4076,control_oct
19,3287.7079,control_oct
8,3288.0082,control_oct
18,3288.3085,control_oct
26,3288.6088,control_oct
26,3288.9091,control_oct
26,3289.2095,control_oct
32,3289.5097,control_oct
26,3289.81,control_oct
37,3290.1103,control_oct
11,3290.4107,control_oct
17,3290.711,control_oct
36,3291.0113,control_oct
16,3291.3116,control_oct
19,3291.6119,control_oct
11,3291.9123,control_oct
17,3292.2126,control_oct
16,3292.5129,control_oct
17,3292.8132,control_oct
8,3293.4138,control_oct
8,3293.7141,control_oct
11,3294.0144,control_oct
17,3294.3148,control_oct
8,3294.615,control_oct
35,3294.9153,control_oct
12,3295.2157,control_oct
8,3295.516,control_oct
12,3295.8172,control_oct
16,3296.1166,control_oct
16,3296.4169,control_oct
16,3296.7173,control_oct
8,3297.0175,control_oct
35,3297.3179,control_oct
35,3297.6182,control_oct
35,3297.9185,control_oct
12,3298.2188,control_oct
35,3298.5191,control_oct
35,3298.8194,control_oct
12,3299.1197,control_oct
36,3299.42,control_oct
35,3299.7204,control_oct
35,3300.0207,control_oct
11,3300.321,control_oct
35,3300.6213,control_oct
11,3300.9216,control_oct
35,3301.2219,control_oct
15,3301.5222,control_oct
14,3301.8225,control_oct
15,3302.1228,control_oct
15,3302.4231,control_oct
11,3302.7235,control_oct
19,3303.0238,control_oct
11,3303.3241,control_oct
35,3303.6244,control_oct
17,3303.9247,control_oct
8,3304.2251,control_oct
16,3304.5254,control_oct
8,3304.8257,control_oct
16,3305.126,control_oct
16,3305.4263,control_oct
16,3305.7266,control_oct
17,3306.0269,control_oct
8,3306.3272,control_oct
27,3306.6275,control_oct
21,3306.9278,control_oct
21,3307.2282,control_oct
21,3307.5284,control_oct
21,3307.8288,control_oct
21,3308.1291,control_oct
21,3308.4294,control_oct
21,3308.7297,control_oct
21,3309.03,control_oct
21,3309.3303,control_oct
21,3309.6306,control_oct
21,3309.931,control_oct
21,3310.2312,control_oct
21,3310.5316,control_oct
21,3310.8319,control_oct
21,3311.1322,control_oct
21,3311.4325,control_oct
21,3311.7328,control_oct
21,3312.0332,control_oct
21,3312.3334,control_oct
21,3312.6338,control_oct
14,3312.934,control_oct
37,3313.2344,control_oct
19,3313.5347,control_oct
16,3314.1353,control_oct
1,3314.4356,control_oct
15,3314.736,control_oct
15,3315.0363,control_oct
12,3315.3374,control_oct
35,3315.6369,control_oct
11,3315.9372,control_oct
7,3316.2375,control_oct
7,3316.5378,control_oct
27,3316.8381,control_oct
27,3317.1384,control_oct
27,3317.4387,control_oct
7,3317.739,control_oct
32,3318.0394,control_oct
7,3318.3397,control_oct
5,3318.64,control_oct
11,3318.9403,control_oct
36,3319.2406,control_oct
5,3319.5409,control_oct
5,3319.8412,control_oct
5,3320.1415,control_oct
5,3320.4418,control_oct
5,3320.7422,control_oct
5,3321.0425,control_oct
5,3321.3428,control_oct
11,3321.6432,control_oct
19,3321.9434,control_oct
35,3322.2437,control_oct
1,3322.544,control_oct
23,3322.8444,control_oct
20,3323.1446,control_oct
20,3323.445,control_oct
29,3323.7452,control_oct
14,3324.0456,control_oct
14,3324.3459,control_oct
23,3324.6462,control_oct
23,3324.9474,control_oct
20,3325.2468,control_oct
7,3325.5471,control_oct
20,3325.8475,control_oct
20,3326.1477,control_oct
23,3326.4481,control_oct
7,3326.7484,control_oct
1,3327.0487,control_oct
15,3327.349,control_oct
1,3327.6493,control_oct
31,3327.9496,control_oct
29,3328.2499,control_oct
14,3328.5503,control_oct
31,3328.8505,control_oct
26,3329.1509,control_oct
20,3329.4512,control_oct
23,3329.7516,control_oct
20,3330.0568,control_oct
7,3330.3521,control_oct
20,3330.6524,control_oct
23,3330.9527,control_oct
20,3331.2531,control_oct
28,3331.5534,control_oct
28,3331.8537,control_oct
28,3332.154,control_oct
28,3332.4543,control_oct
28,3332.7546,control_oct
28,3333.0549,control_oct
28,3333.3553,control_oct
29,3333.6556,control_oct
29,3333.9559,control_oct
29,3334.2562,control_oct
29,3334.5565,control_oct
29,3334.8568,control_oct
29,3335.1572,control_oct
29,3335.4574,control_oct
29,3335.7577,control_oct
37,3336.058,control_oct
12,3336.3583,control_oct
23,3336.6587,control_oct
20,3336.959,control_oct
23,3337.2593,control_oct
14,3337.5596,control_oct
20,3337.8599,control_oct
20,3338.1603,control_oct
23,3338.4605,control_oct
20,3338.7608,control_oct
23,3339.0612,control_oct
20,3339.3615,control_oct
1,3339.6618,control_oct
29,3339.9621,control_oct
14,3340.2624,control_oct
31,3340.5628,control_oct
23,3340.863,control_oct
1,3341.1634,control_oct
5,3341.4637,control_oct
20,3341.764,control_oct
28,3342.0643,control_oct
20,3342.3646,control_oct
19,3342.6649,control_oct
12,3342.9652,control_oct
12,3343.2656,control_oct
11,3343.5659,control_oct
11,3343.8661,control_oct
8,3344.1665,control_oct
16,3344.4676,control_oct
36,3344.7671,control_oct
16,3345.0674,control_oct
16,3345.3677,control_oct
17,3345.668,control_oct
16,3345.9684,control_oct
16,3346.2687,control_oct
36,3346.569,control_oct
8,3346.8693,control_oct
35,3347.1696,control_oct
19,3347.4699,control_oct
36,3347.7702,control_oct
16,3348.0705,control_oct
36,3348.3708,control_oct
16,3348.6711,control_oct
36,3348.9715,control_oct
36,3349.2718,control_oct
17,3349.5721,control_oct
16,3349.8724,control_oct
17,3350.1727,control_oct
17,3350.4731,control_oct
12,3350.7733,control_oct
19,3351.0737,control_oct
35,3351.374,control_oct
19,3351.6743,control_oct
36,3351.9746,control_oct
16,3352.2749,control_oct
16,3352.5752,control_oct
16,3352.8756,control_oct
12,3353.1758,control_oct
16,3353.4762,control_oct
10,3353.7764,control_oct
6,3354.0768,control_oct
35,3354.3771,control_oct
25,3354.6774,control_oct
10,3354.9777,control_oct
13,3355.278,control_oct
35,3355.5783,control_oct
17,3355.8787,control_oct
17,3356.179,control_oct
8,3356.4793,control_oct
11,3356.7796,control_oct
35,3357.0799,control_oct
8,3357.3803,control_oct
35,3357.6806,control_oct
35,3357.9809,control_oct
31,3358.2811,control_oct
7,3358.5815,control_oct
12,3358.8818,control_oct
35,3359.1821,control_oct
35,3359.4824,control_oct
16,3359.7828,control_oct
35,3360.0831,control_oct
12,3360.3833,control_oct
11,3360.6837,control_oct
6,3360.984,control_oct
21,3361.2843,control_oct
21,3361.5846,control_oct
21,3361.8849,control_oct
31,3362.1852,control_oct
13,3362.4855,control_oct
35,3362.7859,control_oct
19,3363.0861,control_oct
35,3363.3865,control_oct
35,3363.6868,control_oct
35,3363.988,control_oct
12,3364.2874,control_oct
36,3364.5877,control_oct
16,3364.888,control_oct
36,3365.1883,control_oct
16,3365.4887,control_oct
16,3365.789,control_oct
35,3366.0893,control_oct
36,3366.3896,control_oct
36,3366.6899,control_oct
11,3366.9903,control_oct
17,3367.2906,control_oct
35,3367.5908,control_oct
1,3367.8912,control_oct
35,3368.1915,control_oct
11,3368.4918,control_oct
35,3368.7921,control_oct
11,3369.0924,control_oct
11,3369.3927,control_oct
19,3369.693,control_oct
11,3369.9934,control_oct
15,3370.2937,control_oct
19,3370.594,control_oct
1,3370.8943,control_oct
31,3371.1946,control_oct
2,3371.4949,control_oct
2,3371.7952,control_oct
26,3372.0955,control_oct
13,3372.3959,control_oct
31,3372.6962,control_oct
26,3372.9965,control_oct
15,3373.2968,control_oct
6,3373.5971,control_oct
6,3373.8974,control_oct
36,3374.1978,control_oct
36,3374.498,control_oct
36,3374.7984,control_oct
36,3375.0987,control_oct
8,3375.399,control_oct
35,3375.6993,control_oct
12,3375.9996,control_oct
8,3376.2999,control_oct
35,3376.6003,control_oct
35,3376.9006,control_oct
19,3377.2009,control_oct
35,3377.5012,control_oct
35,3377.8015,control_oct
11,3378.1018,control_oct
18,3378.4021,control_oct
14,3378.7025,control_oct
14,3379.0028,control_oct
13,3379.303,control_oct
37,3379.6034,control_oct
18,3379.9037,control_oct
13,3380.204,control_oct
18,3380.5043,control_oct
18,3380.8046,control_oct
13,3381.105,control_oct
37,3381.4053,control_oct
15,3381.7055,control_oct
35,3382.0059,control_oct
12,3382.3062,control_oct
19,3382.6065,control_oct
11,3382.9068,control_oct
35,3383.2071,control_oct
35,3383.5075,control_oct
6,3383.8077,control_oct
13,3384.1081,control_oct
35,3384.4084,control_oct
12,3384.7087,control_oct
19,3385.0091,control_oct
35,3385.3093,control_oct
19,3385.6097,control_oct
11,3385.91,control_oct
11,3386.2103,control_oct
19,3386.5106,control_oct
8,3386.8109,control_oct
35,3387.1112,control_oct
35,3387.4116,control_oct
19,3387.7119,control_oct
11,3388.0122,control_oct
12,3388.3124,control_oct
15,3388.6128,control_oct
19,3388.9131,control_oct
35,3389.2134,control_oct
35,3389.5137,control_oct
35,3389.814,control_oct
36,3390.1144,control_oct
12,3390.4146,control_oct
19,3390.7149,control_oct
19,3391.0153,control_oct
35,3391.3156,control_oct
11,3391.6159,control_oct
35,3391.9162,control_oct
19,3392.2165,control_oct
35,3392.5169,control_oct
11,3392.8172,control_oct
11,3393.1175,control_oct
11,3393.4177,control_oct
11,3393.718,control_oct
12,3394.0184,control_oct
12,3394.3188,control_oct
17,3394.619,control_oct
36,3394.9193,control_oct
17,3395.2196,control_oct
17,3395.5199,control_oct
36,3395.8203,control_oct
19,3396.1205,control_oct
35,3396.4209,control_oct
35,3396.7212,control_oct
12,3397.0224,control_oct
11,3397.3218,control_oct
11,3397.6222,control_oct
11,3397.9225,control_oct
11,3398.2228,control_oct
19,3398.5231,control_oct
6,3398.8234,control_oct
25,3399.1237,control_oct
13,3399.424,control_oct
10,3399.7243,control_oct
37,3400.0246,control_oct
23,3400.325,control_oct
23,3400.6252,control_oct
14,3400.9255,control_oct
21,3401.2259,control_oct
21,3401.5262,control_oct
37,3401.8265,control_oct
31,3402.1268,control_oct
37,3402.4272,control_oct
18,3402.7274,control_oct
18,3403.0278,control_oct
13,3403.3281,control_oct
19,3403.6284,control_oct
12,3403.9287,control_oct
12,3404.2291,control_oct
11,3404.5293,control_oct
15,3404.8296,control_oct
1,3405.1299,control_oct
11,3405.4303,control_oct
35,3405.7305,control_oct
35,3406.0309,control_oct
19,3406.3312,control_oct
15,3406.6315,control_oct
7,3406.9317,control_oct
15,3407.2321,control_oct
11,3407.5324,control_oct
17,3407.8328,control_oct
19,3408.1331,control_oct
13,3408.4333,control_oct
10,3408.7337,control_oct
10,3409.034,control_oct
10,3409.3343,control_oct
6,3409.6346,control_oct
10,3409.9349,control_oct
37,3410.2403,control_oct
18,3410.5356,control_oct
19,3410.8359,control_oct
35,3411.1362,control_oct
13,3411.4365,control_oct
6,3411.7368,control_oct
37,3412.0371,control_oct
14,3412.3374,control_oct
31,3412.6377,control_oct
37,3412.938,control_oct
18,3413.2384,control_oct
14,3413.5387,control_oct
14,3413.839,control_oct
19,3414.1393,control_oct
19,3414.4396,control_oct
19,3414.7399,control_oct
19,3415.0402,control_oct
19,3415.3405,control_oct
11,3415.6408,control_oct
19,3415.9412,control_oct
35,3416.2415,control_oct
19,3416.5417,control_oct
19,3416.8421,control_oct
19,3417.1424,control_oct
35,3417.4427,control_oct
19,3417.743,control_oct
1,3418.0433,control_oct
19,3418.3436,control_oct
15,3418.644,control_oct
15,3418.9443,control_oct
18,3419.2445,control_oct
27,3419.5448,control_oct
14,3419.8452,control_oct
31,3420.1455,control_oct
31,3420.4458,control_oct
23,3420.7461,control_oct
15,3421.0465,control_oct
19,3421.3468,control_oct
19,3421.6471,control_oct
19,3421.9474,control_oct
15,3422.2477,control_oct
1,3422.5489,control_oct
15,3422.8483,control_oct
19,3423.1486,control_oct
19,3423.4489,control_oct
19,3423.7492,control_oct
19,3424.0496,control_oct
15,3424.3499,control_oct
19,3424.6502,control_oct
32,3424.9504,control_oct
15,3425.2508,control_oct
15,3425.5511,control_oct
1,3425.8514,control_oct
1,3426.1517,control_oct
7,3426.452,control_oct
23,3426.7523,control_oct
5,3427.0526,control_oct
5,3427.353,control_oct
7,3427.6533,control_oct
7,3427.9535,control_oct
18,3428.2538,control_oct
2,3428.5542,control_oct
4,3428.8545,control_oct
9,3429.1548,control_oct
9,3429.4552,control_oct
4,3429.7555,control_oct
4,3430.0557,control_oct
4,3430.356,control_oct
4,3430.6563,control_oct
4,3430.9567,control_oct
4,3431.257,control_oct
4,3431.5573,control_oct
4,3431.8576,control_oct
9,3432.1579,control_oct
4,3432.4582,control_oct
2,3432.7586,control_oct
37,3433.0588,control_oct
7,3433.3591,control_oct
7,3433.6594,control_oct
7,3433.9597,control_oct
19,3434.2602,control_oct
15,3434.5604,control_oct
1,3434.8607,control_oct
5,3435.1611,control_oct
5,3435.4614,control_oct
28,3435.7617,control_oct
28,3436.0619,control_oct
30,3436.3623,control_oct
30,3436.6626,control_oct
30,3436.9629,control_oct
30,3437.2632,control_oct
30,3437.5635,control_oct
30,3437.8638,control_oct
30,3438.1641,control_oct
30,3438.4644,control_oct
30,3438.7648,control_oct
19,3439.0651,control_oct
13,3439.3654,control_oct
36,3439.6657,control_oct
16,3439.9661,control_oct
11,3440.2663,control_oct
36,3440.5667,control_oct
16,3440.8669,control_oct
17,3441.1673,control_oct
17,3441.4676,control_oct
17,3441.7679,control_oct
16,3442.0682,control_oct
17,3442.3686,control_oct
24,3442.6689,control_oct
24,3442.9692,control_oct
17,3443.2695,control_oct
17,3443.5697,control_oct
36,3443.8701,control_oct
8,3444.1704,control_oct
11,3444.4707,control_oct
11,3444.771,control_oct
36,3445.0714,control_oct
12,3445.3716,control_oct
16,3445.6719,control_oct
12,3445.9723,control_oct
19,3446.2725,control_oct
15,3446.5729,control_oct
35,3446.8732,control_oct
19,3447.1736,control_oct
19,3447.4739,control_oct
19,3447.7741,control_oct
36,3448.0744,control_oct
8,3448.3748,control_oct
36,3448.6751,control_oct
8,3448.9763,control_oct
16,3449.2757,control_oct
1,3449.576,control_oct
27,3449.8763,control_oct
30,3450.1766,control_oct
30,3450.477,control_oct
30,3450.7772,control_oct
30,3451.0776,control_oct
30,3451.3779,control_oct
30,3451.6781,control_oct
30,3451.9786,control_oct
30,3452.2788,control_oct
30,3452.5791,control_oct
19,3452.8795,control_oct
11,3453.1798,control_oct
15,3453.4801,control_oct
31,3453.7804,control_oct
27,3454.0807,control_oct
27,3454.381,control_oct
27,3454.6813,control_oct
22,3454.9816,control_oct
27,3455.2819,control_oct
27,3455.5822,control_oct
22,3455.8826,control_oct
7,3456.1829,control_oct
20,3456.4832,control_oct
1,3456.7835,control_oct
7,3457.0838,control_oct
12,3457.3841,control_oct
11,3457.6845,control_oct
36,3457.9848,control_oct
16,3458.2851,control_oct
16,3458.5854,control_oct
17,3458.8857,control_oct
36,3459.186,control_oct
17,3459.4864,control_oct
19,3459.7867,control_oct
11,3460.0869,control_oct
12,3460.3873,control_oct
36,3460.6876,control_oct
35,3460.9879,control_oct
35,3461.2883,control_oct
8,3461.5894,control_oct
16,3461.8888,control_oct
12,3462.1892,control_oct
17,3462.4894,control_oct
17,3462.7898,control_oct
16,3463.0901,control_oct
16,3463.3904,control_oct
17,3463.6907,control_oct
16,3463.991,control_oct
16,3464.2913,control_oct
17,3464.5916,control_oct
36,3464.892,control_oct
8,3465.1923,control_oct
17,3465.4926,control_oct
16,3465.7929,control_oct
17,3466.0932,control_oct
16,3466.3936,control_oct
36,3466.6939,control_oct
16,3466.9942,control_oct
35,3467.2945,control_oct
15,3467.5948,control_oct
11,3467.8951,control_oct
11,3468.1954,control_oct
35,3468.4957,control_oct
17,3468.796,control_oct
24,3469.0964,control_oct
17,3469.3967,control_oct
17,3469.6969,control_oct
35,3469.9973,control_oct
35,3470.2976,control_oct
35,3470.5979,control_oct
12,3470.8983,control_oct
35,3471.1986,control_oct
16,3471.4988,control_oct
35,3471.7992,control_oct
19,3472.0995,control_oct
12,3472.3998,control_oct
8,3472.7002,control_oct
19,3473.0004,control_oct
35,3473.3007,control_oct
11,3473.6011,control_oct
16,3473.9014,control_oct
17,3474.2017,control_oct
17,3474.502,control_oct
36,3474.8023,control_oct
17,3475.1026,control_oct
36,3475.4029,control_oct
8,3475.7033,control_oct
19,3476.0036,control_oct
8,3476.3039,control_oct
12,3476.6042,control_oct
35,3476.9045,control_oct
35,3477.2048,control_oct
15,3477.5052,control_oct
15,3477.8054,control_oct
7,3478.1058,control_oct
15,3478.406,control_oct
11,3478.7064,control_oct
11,3479.0067,control_oct
16,3479.307,control_oct
16,3479.6074,control_oct
17,3479.9076,control_oct
16,3480.208,control_oct
8,3480.5083,control_oct
15,3480.8086,control_oct
15,3481.1089,control_oct
20,3481.4092,control_oct
5,3481.7096,control_oct
5,3482.0099,control_oct
5,3482.3101,control_oct
19,3482.6105,control_oct
18,3482.9108,control_oct
18,3483.2111,control_oct
18,3483.5115,control_oct
37,3483.8118,control_oct
37,3484.112,control_oct
18,3484.4124,control_oct
18,3484.7127,control_oct
37,3485.013,control_oct
6,3485.3132,control_oct
18,3485.6136,control_oct
18,3485.9139,control_oct
18,3486.2142,control_oct
25,3486.5145,control_oct
37,3486.8149,control_oct
19,3487.1152,control_oct
11,3487.4155,control_oct
31,3487.7158,control_oct
20,3488.0161,control_oct
18,3488.3164,control_oct
18,3488.6167,control_oct
37,3488.917,control_oct
13,3489.2174,control_oct
6,3489.5177,control_oct
13,3489.818,control_oct
24,3490.1183,control_oct
13,3490.4186,control_oct
37,3490.7189,control_oct
13,3491.0193,control_oct
13,3491.3195,control_oct
19,3491.6199,control_oct
24,3491.9202,control_oct
11,3492.2205,control_oct
11,3492.5208,control_oct
15,3492.8212,control_oct
19,3493.1214,control_oct
19,3493.4217,control_oct
19,3493.722,control_oct
11,3494.0224,control_oct
18,3494.3227,control_oct
13,3494.623,control_oct
31,3494.9233,control_oct
13,3495.2236,control_oct
12,3495.524,control_oct
1,3495.8243,control_oct
18,3496.1245,control_oct
13,3496.4249,control_oct
31,3496.7252,control_oct
37,3497.0255,control_oct
37,3497.3258,control_oct
19,3497.6261,control_oct
35,3497.9265,control_oct
19,3498.2268,control_oct
11,3498.5271,control_oct
11,3498.8274,control_oct
17,3499.1278,control_oct
10,3499.428,control_oct
10,3499.7284,control_oct
10,3500.0287,control_oct
37,3500.3289,control_oct
35,3500.6293,control_oct
35,3500.9296,control_oct
11,3501.2299,control_oct
12,3501.5303,control_oct
35,3501.8306,control_oct
11,3502.1309,control_oct
35,3502.4311,control_oct
11,3502.7315,control_oct
19,3503.0318,control_oct
36,3503.3321,control_oct
8,3503.6324,control_oct
35,3503.9328,control_oct
11,3504.233,control_oct
35,3504.5333,control_oct
11,3504.8336,control_oct
35,3505.134,control_oct
11,3505.4343,control_oct
12,3505.7346,control_oct
19,3506.0349,control_oct
35,3506.3352,control_oct
11,3506.6356,control_oct
11,3506.9358,control_oct
17,3507.2362,control_oct
35,3507.5365,control_oct
11,3507.8368,control_oct
11,3508.1371,control_oct
6,3508.4374,control_oct
13,3508.7378,control_oct
25,3509.0381,control_oct
6,3509.3434,control_oct
37,3509.6387,control_oct
13,3509.9389,control_oct
10,3510.2393,control_oct
25,3510.5396,control_oct
37,3510.8399,control_oct
18,3511.1402,control_oct
10,3511.4406,control_oct
10,3511.7409,control_oct
25,3512.0412,control_oct
10,3512.3415,control_oct
10,3512.6418,control_oct
10,3512.9421,control_oct
10,3513.2424,control_oct
10,3513.5428,control_oct
13,3513.843,control_oct
13,3514.1434,control_oct
10,3514.4437,control_oct
10,3514.744,control_oct
10,3515.0444,control_oct
10,3515.3446,control_oct
10,3515.6449,control_oct
10,3515.9453,control_oct
6,3516.2456,control_oct
10,3516.5459,control_oct
25,3516.8462,control_oct
13,3517.1465,control_oct
6,3517.4468,control_oct
10,3517.7472,control_oct
10,3518.0475,control_oct
10,3518.3477,control_oct
10,3518.6481,control_oct
36,3518.9484,control_oct
35,3519.2487,control_oct
11,3519.5491,control_oct
13,3519.8493,control_oct
35,3520.1496,control_oct
35,3520.45,control_oct
13,3520.7503,control_oct
13,3521.0506,control_oct
25,3521.351,control_oct
10,3521.6512,control_oct
13,3521.9515,control_oct
13,3522.2519,control_oct
13,3522.5522,control_oct
13,3522.8525,control_oct
6,3523.1528,control_oct
6,3523.4531,control_oct
25,3523.7534,control_oct
13,3524.0537,control_oct
13,3524.354,control_oct
18,3524.6543,control_oct
13,3524.9547,control_oct
13,3525.255,control_oct
6,3525.5553,control_oct
25,3525.8556,control_oct
13,3526.1559,control_oct
13,3526.4563,control_oct
10,3526.7566,control_oct
13,3527.0569,control_oct
11,3527.3572,control_oct
6,3527.6575,control_oct
10,3527.9578,control_oct
10,3528.2581,control_oct
25,3528.5585,control_oct
10,3528.8588,control_oct
10,3529.1591,control_oct
13,3529.4603,control_oct
13,3529.7597,control_oct
18,3530.06,control_oct
13,3530.3603,control_oct
13,3530.6607,control_oct
13,3530.9609,control_oct
18,3531.2613,control_oct
18,3531.5616,control_oct
18,3531.8619,control_oct
6,3532.1622,control_oct
25,3532.4625,control_oct
13,3532.7629,control_oct
18,3533.0631,control_oct
13,3533.3635,control_oct
18,3533.6638,control_oct
18,3533.9641,control_oct
18,3534.2644,control_oct
37,3534.5647,control_oct
6,3534.865,control_oct
25,3535.1654,control_oct
13,3535.4656,control_oct
13,3535.766,control_oct
13,3536.0662,control_oct
6,3536.3666,control_oct
12,3536.6669,control_oct
19,3536.9672,control_oct
35,3537.2676,control_oct
35,3537.5678,control_oct
11,3537.8681,control_oct
19,3538.1684,control_oct
13,3538.4688,control_oct
13,3538.7691,control_oct
15,3539.0693,control_oct
35,3539.3697,control_oct
12,3539.67,control_oct
11,3539.9703,control_oct
6,3540.2707,control_oct
18,3540.571,control_oct
15,3540.8713,control_oct
14,3541.1716,control_oct
5,3541.4719,control_oct
23,3541.7722,control_oct
26,3542.0725,control_oct
31,3542.3728,control_oct
31,3542.6732,control_oct
37,3542.9734,control_oct
31,3543.2738,control_oct
26,3543.574,control_oct
15,3543.8744,control_oct
11,3544.1747,control_oct
19,3544.475,control_oct
15,3544.7753,control_oct
17,3545.0756,control_oct
24,3545.376,control_oct
4,3545.6763,control_oct
4,3545.9766,control_oct
24,3546.2769,control_oct
11,3546.5772,control_oct
24,3546.8775,control_oct
12,3547.1779,control_oct
36,3547.4781,control_oct
16,3547.7785,control_oct
17,3548.0813,control_oct
17,3548.3791,control_oct
8,3548.6794,control_oct
19,3548.9797,control_oct
12,3549.2801,control_oct
12,3549.5804,control_oct
19,3549.8807,control_oct
17,3550.181,control_oct
35,3550.4813,control_oct
8,3550.7816,control_oct
12,3551.0819,control_oct
35,3551.3822,control_oct
35,3551.6825,control_oct
19,3551.9828,control_oct
19,3552.2832,control_oct
19,3552.5835,control_oct
35,3552.8838,control_oct
35,3553.1841,control_oct
19,3553.4844,control_oct
35,3553.7847,control_oct
35,3554.0851,control_oct
35,3554.3853,control_oct
11,3554.6857,control_oct
11,3554.986,control_oct
35,3555.2862,control_oct
11,3555.5866,control_oct
17,3555.8869,control_oct
36,3556.1872,control_oct
16,3556.4876,control_oct
36,3556.7878,control_oct
17,3557.0881,control_oct
16,3557.3884,control_oct
8,3557.6887,control_oct
1,3557.9891,control_oct
35,3558.2894,control_oct
35,3558.5897,control_oct
19,3558.89,control_oct
12,3559.1904,control_oct
19,3559.4906,control_oct
1,3559.791,control_oct
19,3560.093,control_oct
31,3560.3916,control_oct
37,3560.6919,control_oct
11,3560.9923,control_oct
36,3561.2925,control_oct
19,3561.5928,control_oct
11,3561.8932,control_oct
35,3562.1934,control_oct
35,3562.4938,control_oct
19,3562.7941,control_oct
35,3563.0944,control_oct
11,3563.3947,control_oct
6,3563.695,control_oct
6,3563.9954,control_oct
35,3564.2957,control_oct
35,3564.596,control_oct
8,3564.8963,control_oct
19,3565.1965,control_oct
11,3565.4969,control_oct
12,3565.7972,control_oct
36,3566.0975,control_oct
36,3566.3978,control_oct
11,3566.6982,control_oct
36,3566.9984,control_oct
16,3567.2988,control_oct
36,3567.5991,control_oct
17,3567.8994,control_oct
17,3568.1997,control_oct
17,3568.5009,control_oct
17,3568.8004,control_oct
24,3569.1007,control_oct
17,3569.401,control_oct
24,3569.7012,control_oct
10,3570.0016,control_oct
11,3570.3019,control_oct
17,3570.6022,control_oct
36,3570.9026,control_oct
36,3571.2029,control_oct
17,3571.5031,control_oct
36,3571.8034,control_oct
11,3572.1038,control_oct
11,3572.404,control_oct
19,3572.7044,control_oct
35,3573.0047,control_oct
35,3573.3051,control_oct
17,3573.6053,control_oct
15,3573.9057,control_oct
11,3574.206,control_oct
15,3574.5062,control_oct
19,3574.8066,control_oct
19,3575.1069,control_oct
19,3575.4072,control_oct
11,3575.7075,control_oct
37,3576.0078,control_oct
18,3576.3081,control_oct
18,3576.6084,control_oct
18,3576.9087,control_oct
10,3577.2091,control_oct
25,3577.5094,control_oct
15,3577.8097,control_oct
19,3578.11,control_oct
19,3578.4103,control_oct
11,3578.7107,control_oct
19,3579.011,control_oct
35,3579.3113,control_oct
19,3579.6116,control_oct
15,3579.9119,control_oct
15,3580.2122,control_oct
15,3580.5125,control_oct
5,3580.8128,control_oct
11,3581.1132,control_oct
15,3581.4135,control_oct
1,3581.7137,control_oct
8,3582.014,control_oct
19,3582.3143,control_oct
6,3582.6147,control_oct
6,3582.915,control_oct
37,3583.2153,control_oct
18,3583.5156,control_oct
26,3583.8159,control_oct
26,3584.1162,control_oct
18,3584.4165,control_oct
18,3584.7169,control_oct
1,3585.0172,control_oct
20,3585.3175,control_oct
19,3585.6178,control_oct
11,3585.9181,control_oct
11,3586.2184,control_oct
18,3586.5188,control_oct
31,3586.819,control_oct
33,3587.1194,control_oct
21,3587.4196,control_oct
21,3587.72,control_oct
21,3588.0203,control_oct
21,3588.3206,control_oct
21,3588.6209,control_oct
21,3588.9213,control_oct
21,3589.2215,control_oct
21,3589.5219,control_oct
21,3589.8222,control_oct
21,3590.1225,control_oct
21,3590.4228,control_oct
31,3590.7231,control_oct
37,3591.0235,control_oct
37,3591.3237,control_oct
23,3591.6241,control_oct
1,3591.9244,control_oct
7,3592.2247,control_oct
1,3592.525,control_oct
32,3592.8253,control_oct
26,3593.1256,control_oct
2,3593.4259,control_oct
26,3593.7262,control_oct
26,3594.0265,control_oct
26,3594.3268,control_oct
27,3594.6272,control_oct
31,3594.9275,control_oct
7,3595.2278,control_oct
7,3595.5281,control_oct
7,3595.8285,control_oct
5,3596.1287,control_oct
5,3596.429,control_oct
5,3596.7293,control_oct
5,3597.0297,control_oct
5,3597.33,control_oct
5,3597.6303,control_oct
36,3597.9306,control_oct
36,3598.2309,control_oct
8,3598.5313,control_oct
36,3598.8316,control_oct
36,3599.1319,control_oct
8,3599.4322,control_oct
35,3599.7325,control_oct
8,3600.0329,control_oct
19,3600.3332,control_oct
11,3600.6334,control_oct
35,3600.9337,control_oct
8,3601.234,control_oct
6,3601.5343,control_oct
13,3601.8347,control_oct
31,3602.1349,control_oct
26,3602.4353,control_oct
26,3602.7356,control_oct
18,3603.036,control_oct
37,3603.3363,control_oct
18,3603.6366,control_oct
31,3603.9369,control_oct
31,3604.2372,control_oct
2,3604.5375,control_oct
26,3604.8378,control_oct
18,3605.1381,control_oct
18,3605.4384,control_oct
10,3605.7387,control_oct
18,3606.0391,control_oct
18,3606.3394,control_oct
18,3606.6397,control_oct
6,3606.94,control_oct
36,3607.2404,control_oct
16,3607.5407,control_oct
16,3607.841,control_oct
12,3608.1413,control_oct
1,3608.4416,control_oct
35,3608.7419,control_oct
15,3609.0422,control_oct
31,3609.3425,control_oct
14,3609.6428,control_oct
12,3609.9431,control_oct
18,3610.2435,control_oct
6,3610.5438,control_oct
6,3610.8441,control_oct
25,3611.1444,control_oct
25,3611.4447,control_oct
37,3611.745,control_oct
19,3612.0453,control_oct
1,3612.3457,control_oct
19,3612.646,control_oct
15,3612.9463,control_oct
19,3613.2466,control_oct
15,3613.5469,control_oct
19,3613.8472,control_oct
11,3614.1475,control_oct
17,3614.4478,control_oct
11,3614.7481,control_oct
19,3615.0485,control_oct
19,3615.3488,control_oct
15,3615.6491,control_oct
13,3615.9494,control_oct
12,3616.2498,control_oct
18,3616.55,control_oct
10,3616.8503,control_oct
10,3617.1515,control_oct
10,3617.451,control_oct
25,3617.7513,control_oct
18,3618.0516,control_oct
37,3618.3519,control_oct
13,3618.6522,control_oct
13,3618.9525,control_oct
31,3619.2529,control_oct
14,3619.5532,control_oct
26,3619.8534,control_oct
37,3620.1538,control_oct
18,3620.4541,control_oct
18,3620.7544,control_oct
6,3621.0547,control_oct
25,3621.355,control_oct
31,3621.6554,control_oct
31,3621.9556,control_oct
31,3622.256,control_oct
18,3622.5563,control_oct
18,3622.8567,control_oct
18,3623.1569,control_oct
37,3623.4572,control_oct
18,3623.7576,control_oct
18,3624.0579,control_oct
1,3624.3581,control_oct
31,3624.6585,control_oct
18,3624.9588,control_oct
37,3625.2591,control_oct
27,3625.5594,control_oct
26,3625.8597,control_oct
31,3626.1601,control_oct
13,3626.4604,control_oct
35,3626.7607,control_oct
15,3627.061,control_oct
18,3627.3613,control_oct
37,3627.6616,control_oct
18,3627.9619,control_oct
19,3628.2623,control_oct
1,3628.5626,control_oct
1,3628.8629,control_oct
19,3629.1631,control_oct
19,3629.4636,control_oct
35,3629.7638,control_oct
19,3630.0641,control_oct
12,3630.3645,control_oct
15,3630.6648,control_oct
8,3630.9651,control_oct
11,3631.2654,control_oct
11,3631.5656,control_oct
19,3631.866,control_oct
7,3632.1663,control_oct
7,3632.4666,control_oct
15,3632.7669,control_oct
9,3633.0672,control_oct
4,3633.3675,control_oct
26,3633.6678,control_oct
18,3633.9682,control_oct
13,3634.2685,control_oct
35,3634.5689,control_oct
7,3634.8691,control_oct
23,3635.1694,control_oct
19,3635.4697,control_oct
11,3635.77,control_oct
35,3636.0704,control_oct
12,3636.3707,control_oct
19,3636.671,control_oct
35,3636.9714,control_oct
19,3637.2716,control_oct
19,3637.5719,control_oct
19,3637.8723,control_oct
15,3638.1725,control_oct
15,3638.4729,control_oct
11,3638.7732,control_oct
19,3639.0735,control_oct
19,3639.3738,control_oct
19,3639.6741,control_oct
19,3639.9744,control_oct
19,3640.2748,control_oct
35,3640.5751,control_oct
1,3640.8754,control_oct
11,3641.1757,control_oct
12,3641.476,control_oct
8,3641.7764,control_oct
35,3642.0766,control_oct
19,3642.377,control_oct
19,3642.6773,control_oct
11,3642.9775,control_oct
19,3643.2779,control_oct
13,3643.5782,control_oct
6,3643.8785,control_oct
37,3644.1788,control_oct
18,3644.4791,control_oct
26,3644.7795,control_oct
26,3645.0797,control_oct
27,3645.3801,control_oct
26,3645.6804,control_oct
31,3645.9807,control_oct
31,3646.2819,control_oct
26,3646.5813,control_oct
26,3646.8817,control_oct
37,3647.1819,control_oct
10,3647.4822,control_oct
6,3647.7826,control_oct
13,3648.0829,control_oct
18,3648.3832,control_oct
15,3648.6836,control_oct
7,3648.9838,control_oct
1,3649.2841,control_oct
18,3649.5869,control_oct
18,3649.8848,control_oct
18,3650.1851,control_oct
18,3650.4854,control_oct
10,3650.7857,control_oct
36,3651.086,control_oct
16,3651.3864,control_oct
17,3651.6866,control_oct
8,3651.987,control_oct
1,3652.2873,control_oct
18,3652.5876,control_oct
31,3652.8879,control_oct
27,3653.1882,control_oct
31,3653.4885,control_oct
18,3653.7889,control_oct
31,3654.0891,control_oct
37,3654.3894,control_oct
18,3654.6898,control_oct
26,3654.99,control_oct
18,3655.2904,control_oct
26,3655.5908,control_oct
31,3655.8919,control_oct
18,3656.1914,control_oct
19,3656.4917,control_oct
19,3656.792,control_oct
35,3657.0923,control_oct
1,3657.3926,control_oct
19,3657.693,control_oct
35,3657.9932,control_oct
35,3658.2935,control_oct
35,3658.5939,control_oct
36,3658.8941,control_oct
12,3659.1945,control_oct
35,3659.4948,control_oct
11,3659.7951,control_oct
1,3660.0954,control_oct
12,3660.3958,control_oct
16,3660.6961,control_oct
17,3660.9964,control_oct
6,3661.2966,control_oct
25,3661.597,control_oct
36,3661.8973,control_oct
36,3662.1977,control_oct
17,3662.498,control_oct
17,3662.7983,control_oct
17,3663.0985,control_oct
17,3663.3989,control_oct
17,3663.6991,control_oct
24,3663.9995,control_oct
17,3664.2998,control_oct
17,3664.6001,control_oct
16,3664.9004,control_oct
15,3665.2007,control_oct
35,3665.5011,control_oct
35,3665.8014,control_oct
12,3666.1017,control_oct
12,3666.402,control_oct
16,3666.7023,control_oct
12,3667.0027,control_oct
12,3667.303,control_oct
35,3667.6033,control_oct
19,3667.9036,control_oct
12,3668.2039,control_oct
36,3668.5042,control_oct
15,3668.8045,control_oct
1,3669.1048,control_oct
11,3669.4052,control_oct
12,3669.7055,control_oct
35,3670.0057,control_oct
19,3670.306,control_oct
36,3670.6064,control_oct
11,3670.9067,control_oct
19,3671.207,control_oct
19,3671.5073,control_oct
12,3671.8076,control_oct
11,3672.108,control_oct
11,3672.4083,control_oct
15,3672.7085,control_oct
8,3673.0089,control_oct
19,3673.3092,control_oct
15,3673.6095,control_oct
35,3673.9098,control_oct
17,3674.2101,control_oct
17,3674.5104,control_oct
11,3674.8108,control_oct
17,3675.1111,control_oct
15,3675.4114,control_oct
32,3675.7117,control_oct
9,3676.012,control_oct
2,3676.3123,control_oct
2,3676.6127,control_oct
1,3676.913,control_oct
7,3677.2132,control_oct
19,3677.5136,control_oct
15,3677.8139,control_oct
19,3678.1142,control_oct
17,3678.4145,control_oct
35,3678.7148,control_oct
8,3679.0152,control_oct
17,3679.3155,control_oct
17,3679.6158,control_oct
36,3679.9161,control_oct
11,3680.2164,control_oct
11,3680.5167,control_oct
19,3680.8171,control_oct
19,3681.1173,control_oct
19,3681.4176,control_oct
12,3681.718,control_oct
6,3682.0182,control_oct
14,3682.3186,control_oct
31,3682.6189,control_oct
26,3682.9192,control_oct
26,3683.2195,control_oct
37,3683.5198,control_oct
26,3683.8202,control_oct
26,3684.1205,control_oct
18,3684.4208,control_oct
18,3684.7211,control_oct
20,3685.0214,control_oct
7,3685.3217,control_oct
1,3685.622,control_oct
20,3685.9224,control_oct
7,3686.2227,control_oct
7,3686.523,control_oct
7,3686.8233,control_oct
1,3687.1236,control_oct
14,3687.4239,control_oct
12,3687.7243,control_oct
12,3688.0245,control_oct
15,3688.3248,control_oct
19,3688.6252,control_oct
11,3688.9255,control_oct
15,3689.2258,control_oct
15,3689.5261,control_oct
2,3689.8264,control_oct
26,3690.1267,control_oct
37,3690.427,control_oct
12,3690.7273,control_oct
32,3691.0277,control_oct
9,3691.328,control_oct
4,3691.6283,control_oct
9,3691.9286,control_oct
32,3692.2289,control_oct
15,3692.5292,control_oct
11,3692.8296,control_oct
1,3693.1299,control_oct
1,3693.4302,control_oct
32,3693.7305,control_oct
7,3694.0308,control_oct
15,3694.3312,control_oct
18,3694.6314,control_oct
18,3694.9317,control_oct
6,3695.2321,control_oct
6,3695.5324,control_oct
6,3695.8327,control_oct
10,3696.133,control_oct
10,3696.4333,control_oct
24,3696.7336,control_oct
24,3697.034,control_oct
10,3697.3342,control_oct
13,3697.6346,control_oct
18,3697.9349,control_oct
35,3698.2352,control_oct
12,3698.5356,control_oct
8,3698.8358,control_oct
8,3699.1361,control_oct
35,3699.4365,control_oct
12,3699.7368,control_oct
11,3700.0371,control_oct
19,3700.3374,control_oct
11,3700.6377,control_oct
11,3700.938,control_oct
19,3701.2383,control_oct
11,3701.5386,control_oct
19,3701.839,control_oct
11,3702.1393,control_oct
11,3702.4396,control_oct
16,3702.7399,control_oct
11,3703.0403,control_oct
18,3703.3405,control_oct
10,3703.6409,control_oct
37,3703.9412,control_oct
26,3704.2415,control_oct
18,3704.5418,control_oct
26,3704.847,control_oct
15,3705.1424,control_oct
1,3705.4427,control_oct
35,3705.7431,control_oct
37,3706.0434,control_oct
12,3706.3437,control_oct
36,3706.644,control_oct
16,3706.9443,control_oct
8,3707.2446,control_oct
35,3707.5449,control_oct
13,3707.8452,control_oct
13,3708.1456,control_oct
13,3708.4459,control_oct
13,3708.7462,control_oct
15,3709.0465,control_oct
12,3709.3468,control_oct
8,3709.6471,control_oct
35,3709.9475,control_oct
19,3710.2478,control_oct
11,3710.5481,control_oct
35,3710.8484,control_oct
17,3711.1487,control_oct
15,3711.4491,control_oct
7,3711.7493,control_oct
7,3712.0497,control_oct
7,3712.3499,control_oct
7,3712.6502,control_oct
12,3712.9506,control_oct
36,3713.2509,control_oct
35,3713.5512,control_oct
19,3713.8516,control_oct
35,3714.1527,control_oct
19,3714.4522,control_oct
19,3714.7524,control_oct
19,3715.0528,control_oct
19,3715.3531,control_oct
1,3715.6534,control_oct
19,3715.9537,control_oct
15,3716.254,control_oct
15,3716.5543,control_oct
15,3716.8547,control_oct
15,3717.155,control_oct
18,3717.4553,control_oct
11,3717.7556,control_oct
18,3718.0559,control_oct
35,3718.3562,control_oct
11,3718.6566,control_oct
19,3718.9569,control_oct
11,3719.2572,control_oct
11,3719.5575,control_oct
18,3719.8578,control_oct
37,3720.1581,control_oct
19,3720.4584,control_oct
37,3720.7588,control_oct
11,3721.0591,control_oct
1,3721.3594,control_oct
19,3721.6597,control_oct
18,3721.96,control_oct
18,3722.2603,control_oct
37,3722.5606,control_oct
18,3722.861,control_oct
18,3723.1613,control_oct
11,3723.4616,control_oct
37,3723.7619,control_oct
13,3724.0622,control_oct
18,3724.3625,control_oct
37,3724.6628,control_oct
6,3724.9631,control_oct
37,3725.2635,control_oct
13,3725.5637,control_oct
13,3725.8641,control_oct
6,3726.1644,control_oct
18,3726.4647,control_oct
37,3726.765,control_oct
37,3727.0653,control_oct
26,3727.3656,control_oct
37,3727.6659,control_oct
13,3727.9663,control_oct
10,3728.2666,control_oct
36,3728.5669,control_oct
10,3728.8672,control_oct
36,3729.1675,control_oct
10,3729.4678,control_oct
14,3729.7682,control_oct
26,3730.0685,control_oct
15,3730.3687,control_oct
1,3730.6691,control_oct
19,3730.9694,control_oct
19,3731.2697,control_oct
35,3731.57,control_oct
36,3731.8703,control_oct
11,3732.1707,control_oct
35,3732.4709,control_oct
6,3732.7713,control_oct
18,3733.0716,control_oct
37,3733.3719,control_oct
37,3733.6722,control_oct
12,3733.9725,control_oct
1,3734.2728,control_oct
19,3734.5731,control_oct
11,3734.8735,control_oct
7,3735.1738,control_oct
15,3735.4741,control_oct
15,3735.7744,control_oct
18,3736.0747,control_oct
37,3736.375,control_oct
1,3736.6754,control_oct
1,3736.9757,control_oct
19,3737.276,control_oct
12,3737.5763,control_oct
19,3737.8765,control_oct
12,3738.1769,control_oct
19,3738.4772,control_oct
35,3738.7776,control_oct
19,3739.0778,control_oct
19,3739.3781,control_oct
6,3739.6784,control_oct
13,3739.9788,control_oct
12,3740.2791,control_oct
15,3740.5794,control_oct
11,3740.8797,control_oct
36,3741.18,control_oct
17,3741.4804,control_oct
17,3741.7806,control_oct
10,3742.081,control_oct
37,3742.3813,control_oct
11,3742.6816,control_oct
35,3742.9819,control_oct
12,3743.2822,control_oct
11,3743.5826,control_oct
35,3743.8828,control_oct
15,3744.1831,control_oct
5,3744.4835,control_oct
1,3744.7838,control_oct
35,3745.0841,control_oct
11,3745.3844,control_oct
12,3745.6848,control_oct
35,3745.9851,control_oct
36,3746.2853,control_oct
16,3746.5856,control_oct
13,3746.886,control_oct
37,3747.1863,control_oct
11,3747.4866,control_oct
11,3747.7869,control_oct
11,3748.0872,control_oct
12,3748.3876,control_oct
17,3748.6878,control_oct
35,3748.9881,control_oct
8,3749.2885,control_oct
15,3749.5888,control_oct
7,3749.8891,control_oct
15,3750.1894,control_oct
12,3750.4898,control_oct
16,3750.79,control_oct
12,3751.0904,control_oct
18,3751.3907,control_oct
6,3751.691,control_oct
10,3751.9913,control_oct
11,3752.2916,control_oct
35,3752.5919,control_oct
35,3752.8923,control_oct
11,3753.1925,control_oct
19,3753.4929,control_oct
19,3753.7931,control_oct
37,3754.0935,control_oct
18,3754.3938,control_oct
18,3754.6941,control_oct
18,3754.9944,control_oct
37,3755.2948,control_oct
18,3755.595,control_oct
18,3755.8953,control_oct
18,3756.1957,control_oct
26,3756.496,control_oct
26,3756.7963,control_oct
20,3757.0966,control_oct
19,3757.3969,control_oct
12,3757.6972,control_oct
12,3757.9976,control_oct
17,3758.2979,control_oct
16,3758.5982,control_oct
17,3758.8985,control_oct
35,3759.1988,control_oct
16,3759.4991,control_oct
16,3759.7994,control_oct
36,3760.0998,control_oct
11,3760.4,control_oct
35,3760.7003,control_oct
35,3761.0006,control_oct
35,3761.301,control_oct
11,3761.6013,control_oct
11,3761.9016,control_oct
11,3762.202,control_oct
11,3762.5022,control_oct
11,3762.8026,control_oct
11,3763.1029,control_oct
19,3763.4031,control_oct
12,3763.7035,control_oct
36,3764.0038,control_oct
16,3764.3041,control_oct
10,3764.6044,control_oct
25,3764.9047,control_oct
12,3765.205,control_oct
13,3765.5054,control_oct
6,3765.8057,control_oct
13,3766.1059,control_oct
10,3766.4063,control_oct
10,3766.7066,control_oct
6,3767.0069,control_oct
25,3767.3072,control_oct
10,3767.6076,control_oct
13,3767.9078,control_oct
25,3768.2082,control_oct
13,3768.5085,control_oct
25,3768.8088,control_oct
18,3769.1091,control_oct
37,3769.4094,control_oct
13,3769.7098,control_oct
18,3770.01,control_oct
37,3770.3103,control_oct
11,3770.6107,control_oct
12,3770.911,control_oct
17,3771.2113,control_oct
10,3771.5116,control_oct
25,3771.8119,control_oct
37,3772.1122,control_oct
7,3772.4125,control_oct
18,3772.7128,control_oct
6,3773.0132,control_oct
10,3773.3135,control_oct
25,3773.6138,control_oct
17,3773.9141,control_oct
36,3774.2144,control_oct
8,3774.5147,control_oct
19,3774.815,control_oct
35,3775.1153,control_oct
19,3775.4157,control_oct
19,3775.716,control_oct
35,3776.0163,control_oct
11,3776.3166,control_oct
15,3776.6169,control_oct
19,3776.9172,control_oct
19,3777.2175,control_oct
19,3777.5179,control_oct
11,3777.8182,control_oct
11,3778.1185,control_oct
11,3778.4188,control_oct
19,3778.7191,control_oct
15,3779.0195,control_oct
1,3779.3197,control_oct
15,3779.6201,control_oct
11,3779.9204,control_oct
19,3780.2206,control_oct
19,3780.521,control_oct
11,3780.8213,control_oct
11,3781.1216,control_oct
31,3781.4219,control_oct
26,3781.7222,control_oct
26,3782.0234,control_oct
37,3782.3228,control_oct
15,3782.6231,control_oct
15,3782.9235,control_oct
15,3783.2238,control_oct
15,3783.5241,control_oct
36,3783.8244,control_oct
10,3784.1247,control_oct
25,3784.4251,control_oct
18,3784.7253,control_oct
26,3785.0256,control_oct
18,3785.326,control_oct
31,3785.6263,control_oct
7,3785.9266,control_oct
20,3786.2269,control_oct
28,3786.5272,control_oct
34,3786.8276,control_oct
34,3787.1279,control_oct
34,3787.4281,control_oct
34,3787.7284,control_oct
34,3788.0288,control_oct
34,3788.3291,control_oct
34,3788.6294,control_oct
34,3788.9297,control_oct
34,3789.23,control_oct
34,3789.5303,control_oct
34,3789.8307,control_oct
23,3790.131,control_oct
8,3790.4313,control_oct
8,3790.7316,control_oct
12,3791.0319,control_oct
35,3791.3322,control_oct
8,3791.6325,control_oct
11,3791.9328,control_oct
12,3792.2332,control_oct
12,3792.5335,control_oct
12,3792.8338,control_oct
16,3793.1341,control_oct
16,3793.4344,control_oct
17,3793.7347,control_oct
10,3794.035,control_oct
37,3794.3353,control_oct
37,3794.6356,control_oct
18,3794.9359,control_oct
37,3795.2362,control_oct
14,3795.5366,control_oct
27,3795.8369,control_oct
29,3796.1372,control_oct
27,3796.4375,control_oct
27,3796.7378,control_oct
7,3797.0381,control_oct
7,3797.3384,control_oct
32,3797.6388,control_oct
5,3797.9391,control_oct
5,3798.2394,control_oct
5,3798.5397,control_oct
5,3798.84,control_oct
5,3799.1403,control_oct
5,3799.4406,control_oct
5,3799.7409,control_oct
28,3800.0412,control_oct
1,3800.3416,control_oct
7,3800.6418,control_oct
32,3800.9422,control_oct
5,3801.2425,control_oct
5,3801.5428,control_oct
5,3801.8431,control_oct
8,3802.1434,control_oct
7,3802.4437,control_oct
12,3802.744,control_oct
20,3803.0444,control_oct
23,3803.3447,control_oct
31,3803.645,control_oct
15,3803.9453,control_oct
20,3804.2457,control_oct
15,3804.546,control_oct
11,3804.8463,control_oct
36,3805.1466,control_oct
17,3805.4468,control_oct
36,3805.7472,control_oct
16,3806.0475,control_oct
16,3806.3478,control_oct
16,3806.6482,control_oct
12,3806.9484,control_oct
15,3807.2487,control_oct
24,3807.5491,control_oct
11,3807.8493,control_oct
11,3808.1497,control_oct
19,3808.45,control_oct
15,3808.7503,control_oct
23,3809.0506,control_oct
7,3809.3509,control_oct
14,3809.6513,control_oct
7,3809.9524,control_oct
1,3810.2518,control_oct
31,3810.5522,control_oct
31,3810.8524,control_oct
37,3811.1528,control_oct
14,3811.4531,control_oct
23,3811.7534,control_oct
20,3812.0538,control_oct
20,3812.354,control_oct
20,3812.6543,control_oct
20,3812.9547,control_oct
1,3813.255,control_oct
1,3813.5553,control_oct
20,3813.8556,control_oct
23,3814.1559,control_oct
20,3814.4563,control_oct
7,3814.7566,control_oct
23,3815.0569,control_oct
27,3815.3572,control_oct
23,3815.6574,control_oct
31,3815.9578,control_oct
27,3816.2581,control_oct
31,3816.5584,control_oct
20,3816.8588,control_oct
23,3817.159,control_oct
20,3817.4594,control_oct
20,3817.7597,control_oct
28,3818.06,control_oct
14,3818.3604,control_oct
23,3818.6606,control_oct
14,3818.961,control_oct
31,3819.2613,control_oct
18,3819.5616,control_oct
25,3819.8619,control_oct
36,3820.1622,control_oct
11,3820.4625,control_oct
15,3820.7628,control_oct
24,3821.0631,control_oct
4,3821.3643,control_oct
9,3821.6637,control_oct
24,3821.9641,control_oct
11,3822.2644,control_oct
15,3822.5647,control_oct
7,3822.865,control_oct
32,3823.1653,control_oct
32,3823.4657,control_oct
15,3823.766,control_oct
19,3824.0663,control_oct
36,3824.3666,control_oct
8,3824.6668,control_oct
19,3824.9672,control_oct
11,3825.2675,control_oct
11,3825.5678,control_oct
12,3825.8681,control_oct
8,3826.1685,control_oct
13,3826.4687,control_oct
10,3826.7691,control_oct
25,3827.0694,control_oct
6,3827.3697,control_oct
26,3827.67,control_oct
37,3827.9703,control_oct
6,3828.2706,control_oct
24,3828.571,control_oct
24,3828.8713,control_oct
24,3829.1716,control_oct
10,3829.4719,control_oct
13,3829.7722,control_oct
10,3830.0725,control_oct
10,3830.3729,control_oct
6,3830.6732,control_oct
10,3830.9735,control_oct
10,3831.2738,control_oct
37,3831.5741,control_oct
1,3831.8744,control_oct
18,3832.1747,control_oct
26,3832.4751,control_oct
26,3832.7753,control_oct
26,3833.0756,control_oct
31,3833.376,control_oct
7,3833.6763,control_oct
20,3834.2769,control_oct
1,3834.5773,control_oct
8,3834.8776,control_oct
11,3835.1779,control_oct
36,3835.4782,control_oct
24,3835.7785,control_oct
17,3836.0788,control_oct
24,3836.3792,control_oct
24,3836.6794,control_oct
17,3836.9797,control_oct
17,3837.2801,control_oct
36,3837.5804,control_oct
17,3837.8807,control_oct
15,3838.181,control_oct
11,3838.4813,control_oct
24,3838.7817,control_oct
17,3839.082,control_oct
17,3839.3823,control_oct
24,3839.6826,control_oct
24,3839.9829,control_oct
24,3840.2832,control_oct
17,3840.5836,control_oct
17,3840.8838,control_oct
17,3841.1842,control_oct
24,3841.4845,control_oct
24,3841.7848,control_oct
24,3842.0851,control_oct
36,3842.3855,control_oct
16,3842.6858,control_oct
17,3842.9861,control_oct
15,3843.2864,control_oct
15,3843.5867,control_oct
15,3843.887,control_oct
7,3844.1874,control_oct
15,3844.4877,control_oct
20,3844.788,control_oct
20,3845.0883,control_oct
15,3845.3886,control_oct
20,3845.6889,control_oct
23,3845.9892,control_oct
7,3846.2895,control_oct
35,3846.5899,control_oct
16,3846.8902,control_oct
36,3847.1905,control_oct
36,3847.4908,control_oct
11,3847.7912,control_oct
19,3848.0915,control_oct
11,3848.3917,control_oct
11,3848.6921,control_oct
19,3848.9924,control_oct
19,3849.2928,control_oct
23,3849.593,control_oct
14,3849.8933,control_oct
20,3850.1945,control_oct
23,3850.494,control_oct
29,3850.7943,control_oct
20,3851.0946,control_oct
5,3851.3949,control_oct
14,3851.6952,control_oct
34,3851.9955,control_oct
28,3852.2958,control_oct
23,3852.5962,control_oct
15,3852.8965,control_oct
13,3853.1968,control_oct
11,3853.4971,control_oct
16,3853.7974,control_oct
35,3854.0978,control_oct
23,3854.398,control_oct
20,3854.6983,control_oct
1,3854.9987,control_oct
16,3855.299,control_oct
18,3855.5993,control_oct
23,3855.8996,control_oct
31,3856.1999,control_oct
29,3856.5003,control_oct
31,3856.8006,control_oct
11,3857.1009,control_oct
19,3857.4012,control_oct
20,3857.7015,control_oct
23,3858.0018,control_oct
31,3858.3022,control_oct
29,3858.6025,control_oct
8,3858.9028,control_oct
16,3859.2031,control_oct
35,3859.5034,control_oct
12,3859.8037,control_oct
35,3860.104,control_oct
20,3860.4044,control_oct
31,3860.7046,control_oct
23,3861.005,control_oct
14,3861.3053,control_oct
20,3861.6056,control_oct
28,3861.9059,control_oct
20,3862.2062,control_oct
20,3862.5066,control_oct
7,3862.8069,control_oct
29,3863.1072,control_oct
29,3863.4075,control_oct
20,3863.7078,control_oct
23,3864.0081,control_oct
20,3864.3084,control_oct
23,3864.6088,control_oct
20,3864.9091,control_oct
23,3865.2094,control_oct
20,3865.5097,control_oct
31,3865.81,control_oct
23,3866.1103,control_oct
31,3866.4107,control_oct
31,3866.7109,control_oct
31,3867.0113,control_oct
31,3867.3116,control_oct
31,3867.6119,control_oct
31,3867.9122,control_oct
18,3868.2125,control_oct
31,3868.5128,control_oct
23,3868.8131,control_oct
29,3869.1135,control_oct
20,3869.4138,control_oct
28,3869.7142,control_oct
28,3870.0145,control_oct
28,3870.3147,control_oct
28,3870.6151,control_oct
28,3870.9154,control_oct
28,3871.2157,control_oct
28,3871.516,control_oct
20,3871.8163,control_oct
20,3872.1166,control_oct
23,3872.4169,control_oct
31,3872.7173,control_oct
31,3873.0176,control_oct
33,3873.3179,control_oct
33,3873.6182,control_oct
29,3873.9185,control_oct
29,3874.2188,control_oct
33,3874.5192,control_oct
33,3874.8195,control_oct
33,3875.1197,control_oct
33,3875.4201,control_oct
33,3875.7204,control_oct
33,3876.0207,control_oct
33,3876.321,control_oct
33,3876.6213,control_oct
29,3876.9217,control_oct
29,3877.222,control_oct
37,3877.5223,control_oct
15,3877.8226,control_oct
23,3878.1229,control_oct
1,3878.4233,control_oct
29,3878.7235,control_oct
37,3879.0239,control_oct
20,3879.325,control_oct
23,3879.6245,control_oct
29,3879.9248,control_oct
33,3880.2251,control_oct
29,3880.5254,control_oct
33,3880.8257,control_oct
33,3881.126,control_oct
33,3881.4264,control_oct
29,3881.7267,control_oct
29,3882.027,control_oct
29,3882.3273,control_oct
29,3882.6276,control_oct
29,3882.9279,control_oct
14,3883.2282,control_oct
37,3883.5286,control_oct
12,3883.8289,control_oct
17,3884.1292,control_oct
17,3884.4295,control_oct
17,3884.7299,control_oct
36,3885.0302,control_oct
19,3885.3305,control_oct
11,3885.6308,control_oct
8,3885.9311,control_oct
18,3886.2364,control_oct
11,3886.5317,control_oct
35,3886.832,control_oct
35,3887.1323,control_oct
1,3887.4326,control_oct
35,3887.733,control_oct
31,3888.3336,control_oct
29,3888.6339,control_oct
37,3888.9342,control_oct
37,3889.2345,control_oct
29,3889.5348,control_oct
20,3889.8352,control_oct
29,3890.1355,control_oct
20,3890.4358,control_oct
5,3890.7362,control_oct
5,3891.0365,control_oct
5,3891.3367,control_oct
5,3891.6371,control_oct
1,3891.9374,control_oct
14,3892.2377,control_oct
37,3892.538,control_oct
12,3892.8383,control_oct
12,3893.1386,control_oct
36,3893.4389,control_oct
17,3893.7393,control_oct
17,3894.0396,control_oct
17,3894.3399,control_oct
17,3894.6402,control_oct
36,3894.9405,control_oct
17,3895.2409,control_oct
36,3895.5411,control_oct
16,3895.8414,control_oct
19,3896.1418,control_oct
18,3896.4421,control_oct
18,3896.7424,control_oct
37,3897.0427,control_oct
18,3897.343,control_oct
6,3897.6434,control_oct
13,3897.9437,control_oct
13,3898.244,control_oct
37,3898.5443,control_oct
13,3898.8445,control_oct
13,3899.1449,control_oct
13,3899.4452,control_oct
13,3899.7456,control_oct
10,3900.0459,control_oct
10,3900.3462,control_oct
25,3900.6465,control_oct
18,3900.9468,control_oct
18,3901.2471,control_oct
18,3901.5475,control_oct
13,3901.8478,control_oct
37,3902.1481,control_oct
6,3902.4484,control_oct
6,3902.7487,control_oct
13,3903.049,control_oct
37,3903.3494,control_oct
18,3903.6497,control_oct
13,3903.95,control_oct
18,3904.2503,control_oct
27,3904.5506,control_oct
37,3904.8509,control_oct
37,3905.1513,control_oct
6,3905.4516,control_oct
10,3905.7519,control_oct
18,3906.0522,control_oct
6,3906.3525,control_oct
31,3906.6529,control_oct
31,3906.9531,control_oct
31,3907.2534,control_oct
31,3907.5538,control_oct
26,3907.8541,control_oct
31,3908.1544,control_oct
37,3908.4547,control_oct
18,3908.7551,control_oct
37,3909.0554,control_oct
35,3909.3557,control_oct
20,3909.656,control_oct
1,3909.9563,control_oct
14,3910.2566,control_oct
20,3910.5569,control_oct
23,3910.8572,control_oct
14,3911.1575,control_oct
20,3911.4579,control_oct
1,3911.7582,control_oct
14,3912.0585,control_oct
23,3912.3588,control_oct
31,3912.6591,control_oct
14,3912.9594,control_oct
23,3913.2597,control_oct
37,3913.5601,control_oct
14,3913.8604,control_oct
23,3914.1606,control_oct
14,3914.461,control_oct
20,3914.7613,control_oct
23,3915.0616,control_oct
20,3915.362,control_oct
23,3915.6623,control_oct
31,3915.9626,control_oct
14,3916.2629,control_oct
14,3916.5633,control_oct
23,3916.8635,control_oct
31,3917.1639,control_oct
20,3917.4642,control_oct
20,3917.7645,control_oct
23,3918.0648,control_oct
14,3918.3651,control_oct
5,3918.6655,control_oct
23,3918.9657,control_oct
31,3919.2661,control_oct
18,3919.5664,control_oct
7,3919.8667,control_oct
15,3920.167,control_oct
12,3920.4674,control_oct
15,3920.7676,control_oct
7,3921.068,control_oct
7,3921.3683,control_oct
7,3921.6686,control_oct
32,3921.9689,control_oct
37,3922.2692,control_oct
18,3922.5695,control_oct
2,3922.8698,control_oct
37,3923.1702,control_oct
10,3923.4705,control_oct
6,3923.7708,control_oct
31,3924.0711,control_oct
14,3924.3714,control_oct
14,3924.6717,control_oct
23,3924.9721,control_oct
23,3925.2724,control_oct
14,3925.5727,control_oct
13,3925.873,control_oct
25,3926.1733,control_oct
13,3926.4736,control_oct
31,3926.774,control_oct
32,3927.0742,control_oct
15,3927.3746,control_oct
19,3927.6749,control_oct
15,3927.9752,control_oct
11,3928.2756,control_oct
36,3928.5758,control_oct
35,3928.8762,control_oct
19,3929.1764,control_oct
36,3929.4768,control_oct
36,3929.7771,control_oct
11,3930.0774,control_oct
11,3930.3778,control_oct
12,3930.678,control_oct
1,3930.9784,control_oct
19,3931.2787,control_oct
11,3931.579,control_oct
19,3931.8793,control_oct
35,3932.1796,control_oct
11,3932.4799,control_oct
11,3932.7803,control_oct
11,3933.0806,control_oct
15,3933.3809,control_oct
5,3933.6812,control_oct
11,3933.9815,control_oct
8,3934.2818,control_oct
15,3934.5822,control_oct
1,3934.8825,control_oct
15,3935.1828,control_oct
11,3935.4831,control_oct
11,3935.7834,control_oct
19,3936.0837,control_oct
19,3936.3841,control_oct
36,3936.6844,control_oct
1,3936.9846,control_oct
15,3937.285,control_oct
11,3937.5853,control_oct
16,3937.8857,control_oct
17,3938.186,control_oct
17,3938.4862,control_oct
36,3938.7866,control_oct
17,3939.0869,control_oct
17,3939.3872,control_oct
17,3939.6875,control_oct
36,3939.9878,control_oct
17,3940.2882,control_oct
16,3940.5885,control_oct
10,3940.8888,control_oct
6,3941.1891,control_oct
8,3941.4894,control_oct
19,3941.7897,control_oct
13,3942.09,control_oct
26,3942.3904,control_oct
31,3942.6907,control_oct
26,3942.991,control_oct
26,3943.2913,control_oct
26,3943.5916,control_oct
26,3943.8919,control_oct
14,3944.1922,control_oct
37,3944.4926,control_oct
26,3944.7929,control_oct
14,3945.0932,control_oct
31,3945.3935,control_oct
14,3945.6938,control_oct
20,3945.9941,control_oct
5,3946.2945,control_oct
5,3946.5948,control_oct
7,3946.8951,control_oct
1,3947.1954,control_oct
31,3947.4957,control_oct
37,3947.796,control_oct
26,3948.0964,control_oct
26,3948.3967,control_oct
18,3948.697,control_oct
10,3948.9973,control_oct
16,3949.2977,control_oct
16,3949.598,control_oct
17,3949.8982,control_oct
17,3950.1985,control_oct
16,3950.4989,control_oct
15,3950.7992,control_oct
20,3951.0995,control_oct
23,3951.3998,control_oct
27,3951.7002,control_oct
27,3952.0004,control_oct
22,3952.3008,control_oct
27,3952.6011,control_oct
31,3952.9014,control_oct
27,3953.2017,control_oct
7,3953.502,control_oct
29,3953.8023,control_oct
20,3954.1027,control_oct
23,3954.403,control_oct
20,3954.7033,control_oct
20,3955.0036,control_oct
20,3955.3039,control_oct
23,3955.6042,control_oct
37,3955.9045,control_oct
37,3956.2049,control_oct
13,3956.5052,control_oct
10,3956.8055,control_oct
25,3957.1058,control_oct
36,3957.4062,control_oct
10,3957.7065,control_oct
10,3958.0068,control_oct
11,3958.3071,control_oct
11,3958.6074,control_oct
24,3958.9077,control_oct
11,3959.208,control_oct
36,3959.5083,control_oct
17,3959.8087,control_oct
17,3960.109,control_oct
36,3960.4093,control_oct
11,3960.7096,control_oct
26,3961.0099,control_oct
26,3961.3102,control_oct
26,3961.6105,control_oct
26,3961.9108,control_oct
26,3962.2112,control_oct
24,3962.5115,control_oct
17,3962.8118,control_oct
24,3963.1122,control_oct
24,3963.4124,control_oct
9,3963.7127,control_oct
24,3964.0131,control_oct
24,3964.3134,control_oct
8,3964.6137,control_oct
10,3964.914,control_oct
6,3965.2144,control_oct
13,3965.5147,control_oct
37,3965.8409,control_oct
12,3966.1154,control_oct
16,3966.4156,control_oct
36,3966.7159,control_oct
36,3967.0163,control_oct
35,3967.3166,control_oct
17,3967.6169,control_oct
36,3967.9172,control_oct
16,3968.2175,control_oct
16,3968.5179,control_oct
24,3968.8182,control_oct
17,3969.1185,control_oct
19,3969.4188,control_oct
35,3969.7191,control_oct
11,3970.0194,control_oct
17,3970.3197,control_oct
11,3970.6276,control_oct
17,3970.9204,control_oct
36,3971.2207,control_oct
35,3971.521,control_oct
20,3971.8213,control_oct
5,3972.1216,control_oct
34,3972.422,control_oct
28,3972.7222,control_oct
23,3973.0226,control_oct
31,3973.3229,control_oct
13,3973.6233,control_oct
36,3973.9236,control_oct
16,3974.2239,control_oct
16,3974.5242,control_oct
36,3974.8245,control_oct
36,3975.1249,control_oct
16,3975.4252,control_oct
16,3975.7255,control_oct
16,3976.0258,control_oct
19,3976.326,control_oct
11,3976.6264,control_oct
35,3976.9267,control_oct
18,3977.227,control_oct
6,3977.5274,control_oct
36,3977.8276,control_oct
15,3978.128,control_oct
20,3978.4283,control_oct
23,3978.7286,control_oct
20,3979.029,control_oct
14,3979.3293,control_oct
5,3979.6296,control_oct
23,3979.9299,control_oct
14,3980.2302,control_oct
35,3980.5306,control_oct
36,3980.8308,control_oct
12,3981.1312,control_oct
36,3981.4315,control_oct
12,3981.7318,control_oct
35,3982.0321,control_oct
11,3982.3324,control_oct
35,3982.6327,control_oct
6,3982.933,control_oct
12,3983.2334,control_oct
19,3983.5337,control_oct
11,3983.834,control_oct
19,3984.1343,control_oct
35,3984.4346,control_oct
12,3984.7349,control_oct
1,3985.0353,control_oct
18,3985.3356,control_oct
12,3985.6359,control_oct
12,3985.9362,control_oct
15,3986.2365,control_oct
19,3986.5368,control_oct
35,3986.8372,control_oct
19,3987.1374,control_oct
19,3987.4379,control_oct
19,3987.7381,control_oct
11,3988.0384,control_oct
12,3988.3388,control_oct
16,3988.639,control_oct
35,3988.9394,control_oct
19,3989.2397,control_oct
11,3989.54,control_oct
35,3989.8403,control_oct
11,3990.1432,control_oct
35,3990.441,control_oct
11,3990.7413,control_oct
35,3991.0416,control_oct
12,3991.342,control_oct
11,3991.6422,control_oct
11,3991.9425,control_oct
11,3992.2428,control_oct
11,3992.5432,control_oct
19,3992.8435,control_oct
12,3993.1438,control_oct
19,3993.4441,control_oct
12,3993.7444,control_oct
12,3994.0448,control_oct
11,3994.345,control_oct
15,3994.6454,control_oct
20,3994.9457,control_oct
30,3995.246,control_oct
30,3995.5463,control_oct
20,3995.8466,control_oct
27,3996.1469,control_oct
27,3996.4472,control_oct
31,3996.7476,control_oct
37,3997.0479,control_oct
15,3997.3482,control_oct
35,3997.6485,control_oct
19,3997.9489,control_oct
11,3998.2491,control_oct
35,3998.5494,control_oct
25,3998.8498,control_oct
11,3999.15,control_oct
19,3999.4504,control_oct
36,3999.7507,control_oct
36,4000.0511,control_oct
17,4000.3514,control_oct
17,4000.6517,control_oct
25,4000.952,control_oct
10,4001.2523,control_oct
10,4001.5526,control_oct
24,4001.8529,control_oct
10,4002.1532,control_oct
10,4002.4536,control_oct
26,4002.7539,control_oct
31,4003.0542,control_oct
31,4003.3545,control_oct
7,4003.6548,control_oct
7,4003.9551,control_oct
7,4004.2554,control_oct
7,4004.5557,control_oct
19,4004.8561,control_oct
37,4005.1564,control_oct
19,4005.4567,control_oct
1,4005.757,control_oct
1,4006.0573,control_oct
7,4006.3576,control_oct
7,4006.658,control_oct
7,4006.9583,control_oct
19,4007.2586,control_oct
15,4007.5589,control_oct
19,4007.8592,control_oct
8,4008.1596,control_oct
15,4008.4599,control_oct
18,4008.7602,control_oct
31,4009.0605,control_oct
18,4009.3608,control_oct
18,4009.6611,control_oct
10,4009.9615,control_oct
6,4010.2617,control_oct
13,4010.5621,control_oct
13,4010.8624,control_oct
6,4011.1627,control_oct
10,4011.463,control_oct
25,4011.7633,control_oct
10,4012.0636,control_oct
13,4012.364,control_oct
18,4012.6643,control_oct
6,4012.9646,control_oct
10,4013.2649,control_oct
10,4013.5652,control_oct
10,4013.8656,control_oct
10,4014.1659,control_oct
13,4014.4661,control_oct
24,4014.7665,control_oct
24,4015.0668,control_oct
10,4015.3671,control_oct
25,4015.6674,control_oct
10,4015.9678,control_oct
11,4016.2681,control_oct
19,4016.5684,control_oct
35,4016.8687,control_oct
1,4017.169,control_oct
1,4017.4693,control_oct
19,4017.7697,control_oct
8,4018.0699,control_oct
17,4018.3703,control_oct
35,4018.6706,control_oct
15,4018.9708,control_oct
20,4019.2712,control_oct
15,4019.5715,control_oct
31,4019.8718,control_oct
27,4020.1722,control_oct
31,4020.4724,control_oct
15,4020.7728,control_oct
7,4021.0731,control_oct
7,4021.3734,control_oct
37,4021.6738,control_oct
31,4021.974,control_oct
37,4022.2794,control_oct
10,4022.5747,control_oct
10,4022.875,control_oct
17,4023.1753,control_oct
17,4023.4756,control_oct
17,4023.7759,control_oct
17,4024.0763,control_oct
35,4024.3766,control_oct
11,4024.6769,control_oct
35,4024.9772,control_oct
15,4025.2775,control_oct
15,4025.5779,control_oct
15,4025.8781,control_oct
7,4026.1785,control_oct
19,4026.4788,control_oct
35,4026.7791,control_oct
15,4027.0794,control_oct
18,4027.3798,control_oct
1,4027.68,control_oct
14,4027.9804,control_oct
15,4028.2806,control_oct
15,4028.581,control_oct
35,4028.8813,control_oct
8,4029.1842,control_oct
20,4029.4819,control_oct
7,4029.7823,control_oct
20,4030.0826,control_oct
14,4030.3829,control_oct
15,4030.6832,control_oct
11,4030.9835,control_oct
35,4031.2838,control_oct
19,4031.5841,control_oct
14,4031.8845,control_oct
31,4032.1848,control_oct
31,4032.4851,control_oct
14,4032.7854,control_oct
7,4033.0857,control_oct
7,4033.386,control_oct
7,4033.6863,control_oct
11,4033.9867,control_oct
11,4034.287,control_oct
7,4034.5873,control_oct
7,4034.8876,control_oct
19,4035.1879,control_oct
35,4035.4883,control_oct
6,4035.7886,control_oct
13,4036.0889,control_oct
35,4036.3892,control_oct
16,4036.6895,control_oct
11,4036.9898,control_oct
17,4037.2901,control_oct
17,4037.5905,control_oct
36,4037.8908,control_oct
36,4038.1911,control_oct
16,4038.4914,control_oct
17,4038.7917,control_oct
17,4039.092,control_oct
17,4039.3924,control_oct
17,4039.6926,control_oct
12,4039.993,control_oct
36,4040.2933,control_oct
25,4040.5936,control_oct
10,4040.8939,control_oct
8,4041.1943,control_oct
16,4041.4946,control_oct
36,4041.7948,control_oct
11,4042.0952,control_oct
35,4042.3955,control_oct
11,4042.6959,control_oct
11,4042.9961,control_oct
19,4043.2965,control_oct
6,4043.5968,control_oct
13,4043.8971,control_oct
13,4044.1974,control_oct
37,4044.4977,control_oct
35,4044.798,control_oct
35,4045.0983,control_oct
35,4045.3987,control_oct
11,4045.6989,control_oct
11,4045.9993,control_oct
8,4046.2996,control_oct
35,4046.5999,control_oct
12,4046.9002,control_oct
35,4047.2006,control_oct
12,4047.5009,control_oct
11,4047.8012,control_oct
35,4048.1015,control_oct
35,4048.4018,control_oct
35,4048.7021,control_oct
12,4049.0024,control_oct
35,4049.3028,control_oct
25,4049.6031,control_oct
6,4049.9034,control_oct
17,4050.2037,control_oct
11,4050.504,control_oct
12,4050.8044,control_oct
19,4051.1047,control_oct
19,4051.405,control_oct
8,4051.7052,control_oct
19,4052.0056,control_oct
19,4052.3059,control_oct
19,4052.6063,control_oct
19,4052.9066,control_oct
15,4053.2068,control_oct
7,4053.5072,control_oct
1,4053.8075,control_oct
19,4054.1078,control_oct
1,4054.4082,control_oct
7,4054.7084,control_oct
8,4055.0087,control_oct
37,4055.3091,control_oct
6,4055.6093,control_oct
13,4055.9097,control_oct
19,4056.21,control_oct
12,4056.5103,control_oct
19,4056.8107,control_oct
1,4057.1109,control_oct
19,4057.4113,control_oct
18,4057.7116,control_oct
18,4058.0119,control_oct
37,4058.3122,control_oct
18,4058.6125,control_oct
31,4058.9128,control_oct
31,4059.2131,control_oct
31,4059.5135,control_oct
26,4059.8138,control_oct
15,4060.1141,control_oct
11,4060.4144,control_oct
15,4060.7148,control_oct
15,4061.015,control_oct
26,4061.3154,control_oct
15,4061.6157,control_oct
15,4061.916,control_oct
26,4062.2163,control_oct
31,4062.5166,control_oct
19,4062.8169,control_oct
12,4063.1172,control_oct
35,4063.4176,control_oct
17,4063.7179,control_oct
17,4064.0182,control_oct
36,4064.3185,control_oct
7,4064.6188,control_oct
31,4064.9191,control_oct
31,4065.2194,control_oct
26,4065.5197,control_oct
11,4065.8201,control_oct
2,4066.1204,control_oct
35,4066.4207,control_oct
19,4066.721,control_oct
8,4067.0213,control_oct
6,4067.3217,control_oct
37,4067.622,control_oct
18,4067.9223,control_oct
14,4068.2226,control_oct
19,4068.5229,control_oct
19,4068.8232,control_oct
35,4069.1236,control_oct
19,4069.4238,control_oct
11,4069.7242,control_oct
11,4070.0245,control_oct
35,4070.3248,control_oct
10,4070.6251,control_oct
6,4070.9254,control_oct
17,4071.2257,control_oct
35,4071.526,control_oct
19,4071.8264,control_oct
11,4072.1267,control_oct
8,4072.427,control_oct
19,4072.7273,control_oct
11,4073.0276,control_oct
18,4073.3279,control_oct
18,4073.6283,control_oct
13,4073.9286,control_oct
36,4074.2289,control_oct
15,4074.5292,control_oct
19,4074.8295,control_oct
11,4075.1298,control_oct
15,4075.4302,control_oct
15,4075.7304,control_oct
19,4076.0308,control_oct
19,4076.3311,control_oct
1,4076.6314,control_oct
1,4076.9317,control_oct
15,4077.232,control_oct
7,4077.5324,control_oct
7,4077.8326,control_oct
19,4078.1329,control_oct
18,4078.4332,control_oct
37,4078.7336,control_oct
37,4079.0339,control_oct
15,4079.3342,control_oct
19,4079.6346,control_oct
36,4079.9348,control_oct
35,4080.2351,control_oct
35,4080.5355,control_oct
35,4080.8358,control_oct
36,4081.1361,control_oct
16,4081.4365,control_oct
11,4081.7367,control_oct
11,4082.0371,control_oct
19,4082.3373,control_oct
11,4082.6377,control_oct
19,4082.938,control_oct
11,4083.2383,control_oct
1,4083.5387,control_oct
1,4083.8389,control_oct
15,4084.1392,control_oct
1,4084.4395,control_oct
7,4084.7399,control_oct
7,4085.0402,control_oct
15,4085.3405,control_oct
19,4085.6408,control_oct
18,4085.9411,control_oct
18,4086.2414,control_oct
31,4086.5418,control_oct
31,4086.8421,control_oct
14,4087.1424,control_oct
26,4087.4427,control_oct
18,4087.743,control_oct
31,4088.0433,control_oct
26,4088.3436,control_oct
14,4088.6439,control_oct
31,4088.9443,control_oct
18,4089.2446,control_oct
10,4089.5449,control_oct
6,4089.8452,control_oct
18,4090.1455,control_oct
31,4090.4459,control_oct
1,4090.7461,control_oct
18,4091.0465,control_oct
14,4091.3468,control_oct
5,4091.6471,control_oct
23,4091.9474,control_oct
31,4092.2477,control_oct
37,4092.548,control_oct
11,4092.8484,control_oct
20,4093.1487,control_oct
1,4093.449,control_oct
19,4093.7493,control_oct
19,4094.0496,control_oct
15,4094.3499,control_oct
35,4094.6502,control_oct
36,4094.9506,control_oct
35,4095.2509,control_oct
16,4095.5512,control_oct
16,4095.8516,control_oct
11,4096.1518,control_oct
11,4096.4521,control_oct
6,4096.7524,control_oct
37,4097.0527,control_oct
11,4097.3531,control_oct
19,4097.6534,control_oct
12,4097.9537,control_oct
37,4098.254,control_oct
13,4098.5543,control_oct
18,4098.8546,control_oct
37,4099.1549,control_oct
18,4099.4552,control_oct
31,4099.7556,control_oct
37,4100.0559,control_oct
26,4100.3562,control_oct
26,4100.6565,control_oct
37,4100.9568,control_oct
18,4101.258,control_oct
6,4101.5574,control_oct
6,4101.8577,control_oct
19,4102.1581,control_oct
7,4102.4584,control_oct
7,4102.7587,control_oct
26,4103.059,control_oct
15,4103.3593,control_oct
2,4103.6596,control_oct
3,4103.96,control_oct
7,4104.2603,control_oct
1,4104.5605,control_oct
1,4104.8609,control_oct
26,4105.1612,control_oct
31,4105.4615,control_oct
31,4105.7618,control_oct
31,4106.0621,control_oct
12,4106.3625,control_oct
19,4106.6628,control_oct
19,4106.9632,control_oct
19,4107.2635,control_oct
35,4107.5637,control_oct
15,4107.864,control_oct
7,4108.1644,control_oct
15,4108.4647,control_oct
19,4108.7649,control_oct
19,4109.0653,control_oct
19,4109.3656,control_oct
19,4109.6659,control_oct
15,4109.9687,control_oct
37,4110.2665,control_oct
14,4110.5669,control_oct
15,4110.8672,control_oct
15,4111.1675,control_oct
15,4111.4678,control_oct
23,4111.7681,control_oct
15,4112.0684,control_oct
37,4112.3687,control_oct
18,4112.6691,control_oct
15,4112.9694,control_oct
1,4113.2697,control_oct
1,4113.57,control_oct
23,4113.8703,control_oct
26,4114.1707,control_oct
31,4114.4709,control_oct
31,4114.7712,control_oct
37,4115.0716,control_oct
15,4115.3719,control_oct
19,4115.6722,control_oct
1,4115.9725,control_oct
20,4116.2728,control_oct
1,4116.5732,control_oct
20,4116.8735,control_oct
1,4117.1737,control_oct
35,4117.474,control_oct
36,4117.7744,control_oct
12,4118.0748,control_oct
36,4118.375,control_oct
15,4118.6753,control_oct
11,4118.9756,control_oct
36,4119.276,control_oct
10,4119.5763,control_oct
6,4119.8766,control_oct
18,4120.1769,control_oct
6,4120.4772,control_oct
31,4120.7776,control_oct
31,4121.0779,control_oct
31,4121.3782,control_oct
15,4121.6785,control_oct
19,4121.9788,control_oct
7,4122.2791,control_oct
7,4122.5794,control_oct
15,4122.8797,control_oct
15,4123.18,control_oct
15,4123.4804,control_oct
18,4123.7806,control_oct
31,4124.081,control_oct
27,4124.3813,control_oct
31,4124.6816,control_oct
6,4124.9819,control_oct
37,4125.2822,control_oct
27,4125.5826,control_oct
31,4125.8828,control_oct
6,4126.1832,control_oct
13,4126.4835,control_oct
16,4126.7838,control_oct
11,4127.0842,control_oct
35,4127.3844,control_oct
13,4127.6847,control_oct
6,4127.9851,control_oct
15,4128.2854,control_oct
1,4128.5857,control_oct
7,4128.886,control_oct
7,4129.1863,control_oct
15,4129.4866,control_oct
15,4129.7869,control_oct
1,4130.0872,control_oct
11,4130.3876,control_oct
11,4130.6878,control_oct
35,4130.9882,control_oct
19,4131.2885,control_oct
19,4131.5888,control_oct
18,4131.8891,control_oct
31,4132.1894,control_oct
13,4132.4898,control_oct
35,4132.7901,control_oct
11,4133.0904,control_oct
37,4133.3907,control_oct
18,4133.691,control_oct
18,4133.9913,control_oct
31,4134.2916,control_oct
26,4134.592,control_oct
11,4134.8923,control_oct
17,4135.1926,control_oct
11,4135.4929,control_oct
20,4135.7932,control_oct
15,4136.0935,control_oct
19,4136.3938,control_oct
35,4136.6941,control_oct
35,4136.9945,control_oct
19,4137.2948,control_oct
36,4137.5951,control_oct
15,4137.8954,control_oct
1,4138.1957,control_oct
11,4138.496,control_oct
15,4138.7964,control_oct
19,4139.0967,control_oct
19,4139.4126,control_oct
15,4139.6972,control_oct
15,4139.9976,control_oct
19,4140.3087,control_oct
19,4140.5982,control_oct
35,4140.8985,control_oct
35,4141.1989,control_oct
19,4141.4992,control_oct
19,4141.7995,control_oct
15,4142.0998,control_oct
1,4142.4001,control_oct
1,4142.7004,control_oct
7,4143.0007,control_oct
7,4143.301,control_oct
7,4143.6014,control_oct
32,4143.9016,control_oct
7,4144.202,control_oct
15,4144.5023,control_oct
15,4144.8026,control_oct
17,4145.1029,control_oct
17,4145.4032,control_oct
19,4145.7036,control_oct
32,4146.0038,control_oct
15,4146.3041,control_oct
7,4146.6045,control_oct
26,4146.9048,control_oct
15,4147.2051,control_oct
32,4147.5054,control_oct
7,4147.8057,control_oct
19,4148.106,control_oct
12,4148.4063,control_oct
11,4148.7066,control_oct
35,4149.007,control_oct
36,4149.3073,control_oct
8,4149.6076,control_oct
15,4149.9079,control_oct
35,4150.2082,control_oct
15,4150.5085,control_oct
19,4150.8088,control_oct
19,4151.1092,control_oct
35,4151.4095,control_oct
11,4151.7098,control_oct
8,4152.0101,control_oct
11,4152.3104,control_oct
11,4152.6107,control_oct
12,4152.9111,control_oct
17,4153.2114,control_oct
7,4153.5117,control_oct
19,4153.812,control_oct
11,4154.1123,control_oct
17,4154.4126,control_oct
15,4154.7129,control_oct
1,4155.0132,control_oct
31,4155.3135,control_oct
18,4155.6138,control_oct
31,4155.9142,control_oct
31,4156.2145,control_oct
7,4156.5148,control_oct
19,4156.8151,control_oct
19,4157.1154,control_oct
18,4157.4157,control_oct
31,4157.7161,control_oct
7,4158.0164,control_oct
15,4158.3167,control_oct
19,4158.617,control_oct
19,4158.9173,control_oct
15,4159.2193,control_oct
15,4159.8183,control_oct
19,4160.1186,control_oct
19,4160.4189,control_oct
15,4160.7192,control_oct
32,4161.0195,control_oct
15,4161.3198,control_oct
15,4161.6201,control_oct
15,4161.9204,control_oct
15,4162.2207,control_oct
1,4162.5211,control_oct
12,4162.8214,control_oct
19,4163.1217,control_oct
8,4163.422,control_oct
16,4163.7223,control_oct
16,4164.0227,control_oct
36,4164.3229,control_oct
25,4164.6233,control_oct
14,4164.9236,control_oct
37,4165.2239,control_oct
12,4165.5242,control_oct
1,4165.8245,control_oct
7,4166.1249,control_oct
7,4166.4251,control_oct
18,4166.7255,control_oct
37,4167.0258,control_oct
13,4167.3261,control_oct
18,4167.6264,control_oct
18,4167.9267,control_oct
19,4168.227,control_oct
1,4168.5273,control_oct
1,4168.8277,control_oct
7,4169.1279,control_oct
7,4169.4283,control_oct
1,4169.7286,control_oct
27,4170.0289,control_oct
14,4170.3292,control_oct
18,4170.6296,control_oct
37,4170.9298,control_oct
15,4171.2301,control_oct
7,4171.5305,control_oct
1,4171.8308,control_oct
35,4172.1311,control_oct
19,4172.4314,control_oct
35,4172.7317,control_oct
35,4173.032,control_oct
12,4173.3324,control_oct
35,4173.6326,control_oct
11,4173.933,control_oct
11,4174.2333,control_oct
11,4174.5336,control_oct
11,4174.8339,control_oct
11,4175.1343,control_oct
19,4175.4346,control_oct
19,4175.7348,control_oct
15,4176.0352,control_oct
7,4176.3354,control_oct
7,4176.6358,control_oct
7,4176.9361,control_oct
15,4177.2364,control_oct
7,4177.5367,control_oct
1,4177.8371,control_oct
11,4178.1374,control_oct
35,4178.4377,control_oct
16,4178.738,control_oct
17,4179.0383,control_oct
36,4179.3386,control_oct
16,4179.6389,control_oct
10,4179.9392,control_oct
10,4180.2396,control_oct
10,4180.5399,control_oct
10,4180.8402,control_oct
10,4181.1404,control_oct
36,4181.4408,control_oct
17,4181.7411,control_oct
16,4182.0414,control_oct
10,4182.3418,control_oct
11,4182.6421,control_oct
36,4182.9423,control_oct
17,4183.2427,control_oct
12,4183.543,control_oct
36,4183.8433,control_oct
24,4184.1436,control_oct
24,4184.4439,control_oct
17,4184.7443,control_oct
17,4185.0445,control_oct
24,4185.3449,control_oct
17,4185.6452,control_oct
24,4185.9455,control_oct
36,4186.2459,control_oct
16,4186.5461,control_oct
17,4186.8465,control_oct
36,4187.1468,control_oct
36,4187.4471,control_oct
36,4187.7474,control_oct
35,4188.0477,control_oct
36,4188.348,control_oct
12,4188.6484,control_oct
35,4188.9487,control_oct
35,4189.249,control_oct
16,4189.5493,control_oct
15,4189.8496,control_oct
35,4190.1499,control_oct
35,4190.4502,control_oct
35,4190.7505,control_oct
11,4191.0508,control_oct
35,4191.3512,control_oct
12,4191.6515,control_oct
35,4191.9518,control_oct
11,4192.2521,control_oct
35,4192.5533,control_oct
12,4192.8528,control_oct
6,4193.1531,control_oct
11,4193.4534,control_oct
35,4193.7537,control_oct
35,4194.054,control_oct
16,4194.3543,control_oct
35,4194.6547,control_oct
35,4194.9549,control_oct
11,4195.2552,control_oct
19,4195.5555,control_oct
18,4195.8558,control_oct
18,4196.1562,control_oct
6,4196.4565,control_oct
35,4196.7568,control_oct
35,4197.0571,control_oct
11,4197.3574,control_oct
11,4197.6578,control_oct
11,4197.958,control_oct
35,4198.2593,control_oct
15,4198.5587,control_oct
12,4198.859,control_oct
19,4199.1594,control_oct
8,4199.4596,control_oct
11,4199.7599,control_oct
19,4200.0603,control_oct
35,4200.3606,control_oct
19,4200.6609,control_oct
19,4200.9612,control_oct
35,4201.2615,control_oct
19,4201.5619,control_oct
19,4201.8621,control_oct
19,4202.1625,control_oct
15,4202.4628,control_oct
15,4202.7631,control_oct
7,4203.0634,control_oct
1,4203.3636,control_oct
19,4203.664,control_oct
12,4203.9643,control_oct
1,4204.2646,control_oct
37,4204.5649,control_oct
18,4204.8652,control_oct
31,4205.1656,control_oct
1,4205.4659,control_oct
15,4205.7662,control_oct
19,4206.0665,control_oct
8,4206.3668,control_oct
24,4206.6672,control_oct
2,4206.9675,control_oct
19,4207.2677,control_oct
35,4207.5681,control_oct
19,4207.8684,control_oct
19,4208.1687,control_oct
12,4208.469,control_oct
1,4208.7693,control_oct
23,4209.0696,control_oct
19,4209.37,control_oct
18,4209.6703,control_oct
18,4209.9706,control_oct
13,4210.2709,control_oct
18,4210.5712,control_oct
18,4210.8715,control_oct
18,4211.1718,control_oct
31,4211.4721,control_oct
37,4211.7724,control_oct
19,4212.0728,control_oct
19,4212.3731,control_oct
35,4212.6734,control_oct
35,4212.9737,control_oct
36,4213.274,control_oct
15,4213.5743,control_oct
32,4213.8747,control_oct
1,4214.1749,control_oct
1,4214.4752,control_oct
7,4214.7756,control_oct
20,4215.0759,control_oct
7,4215.3761,control_oct
31,4215.6765,control_oct
18,4215.9768,control_oct
31,4216.2771,control_oct
31,4216.5774,control_oct
15,4216.8778,control_oct
1,4217.1781,control_oct
11,4217.4784,control_oct
19,4217.7787,control_oct
15,4218.079,control_oct
35,4218.3793,control_oct
35,4218.6796,control_oct
1,4218.9799,control_oct
11,4219.2802,control_oct
18,4219.5806,control_oct
18,4219.8808,control_oct
18,4220.1812,control_oct
37,4220.4815,control_oct
37,4220.7818,control_oct
19,4221.0821,control_oct
1,4221.3824,control_oct
37,4221.6827,control_oct
37,4221.9831,control_oct
15,4222.2834,control_oct
19,4222.5837,control_oct
1,4222.884,control_oct
19,4223.1843,control_oct
15,4223.4846,control_oct
19,4223.7849,control_oct
19,4224.0852,control_oct
19,4224.3856,control_oct
19,4224.6858,control_oct
19,4224.9862,control_oct
15,4225.2865,control_oct
31,4225.5868,control_oct
7,4225.8871,control_oct
7,4226.1874,control_oct
15,4226.4877,control_oct
15,4226.788,control_oct
1,4227.0884,control_oct
1,4227.3887,control_oct
15,4227.689,control_oct
19,4227.9893,control_oct
35,4228.2896,control_oct
19,4228.59,control_oct
11,4228.8902,control_oct
15,4229.1906,control_oct
15,4229.4908,control_oct
1,4229.7911,control_oct
19,4230.0915,control_oct
15,4230.3918,control_oct
15,4230.6921,control_oct
19,4230.9924,control_oct
35,4231.2927,control_oct
35,4231.5931,control_oct
11,4231.8933,control_oct
11,4232.1936,control_oct
19,4232.494,control_oct
11,4232.7943,control_oct
35,4233.0946,control_oct
35,4233.3949,control_oct
15,4233.6953,control_oct
11,4233.9955,control_oct
35,4234.2958,control_oct
17,4234.5961,control_oct
36,4234.8964,control_oct
35,4235.1968,control_oct
13,4235.4971,control_oct
36,4235.7974,control_oct
25,4236.0977,control_oct
10,4236.398,control_oct
6,4236.6983,control_oct
25,4236.9987,control_oct
10,4237.2989,control_oct
13,4237.5993,control_oct
11,4237.8996,control_oct
35,4238.1999,control_oct
11,4238.5002,control_oct
19,4238.8005,control_oct
19,4239.1008,control_oct
19,4239.4011,control_oct
12,4239.7014,control_oct
13,4240.0018,control_oct
25,4240.302,control_oct
18,4240.6024,control_oct
6,4240.9026,control_oct
25,4241.203,control_oct
14,4241.5033,control_oct
27,4241.8036,control_oct
1,4242.1039,control_oct
19,4242.4042,control_oct
12,4242.7045,control_oct
19,4243.0049,control_oct
35,4243.3052,control_oct
19,4243.6055,control_oct
7,4243.9058,control_oct
15,4244.2061,control_oct
19,4244.5064,control_oct
19,4244.8067,control_oct
19,4245.107,control_oct
15,4245.4073,control_oct
15,4245.7076,control_oct
15,4246.008,control_oct
19,4246.3083,control_oct
15,4246.6086,control_oct
1,4246.9089,control_oct
7,4247.2092,control_oct
15,4247.5095,control_oct
1,4247.8098,control_oct
1,4248.1101,control_oct
37,4248.4104,control_oct
31,4248.7107,control_oct
15,4249.011,control_oct
7,4249.3114,control_oct
7,4249.6117,control_oct
15,4249.912,control_oct
23,4250.2123,control_oct
1,4250.5126,control_oct
19,4250.8129,control_oct
19,4251.1132,control_oct
15,4251.4135,control_oct
15,4251.7139,control_oct
15,4252.0142,control_oct
1,4252.3145,control_oct
20,4252.6148,control_oct
15,4252.9151,control_oct
19,4253.2155,control_oct
19,4253.5157,control_oct
11,4253.8161,control_oct
18,4254.1164,control_oct
26,4254.4167,control_oct
7,4254.717,control_oct
19,4255.0172,control_oct
11,4255.3175,control_oct
19,4255.6179,control_oct
14,4255.9182,control_oct
14,4256.2185,control_oct
15,4256.5189,control_oct
1,4256.8191,control_oct
15,4257.1204,control_oct
37,4257.4198,control_oct
15,4257.7201,control_oct
19,4258.0204,control_oct
15,4258.3207,control_oct
8,4258.621,control_oct
6,4258.9213,control_oct
37,4259.2217,control_oct
1,4259.522,control_oct
1,4259.8223,control_oct
37,4260.1226,control_oct
18,4260.4229,control_oct
31,4260.7232,control_oct
7,4261.0235,control_oct
37,4261.3238,control_oct
26,4261.6242,control_oct
20,4261.9245,control_oct
1,4262.2248,control_oct
27,4262.5251,control_oct
26,4262.8254,control_oct
18,4263.1257,control_oct
14,4263.426,control_oct
19,4263.7263,control_oct
19,4264.0266,control_oct
19,4264.3269,control_oct
20,4264.6273,control_oct
14,4264.9276,control_oct
7,4265.2279,control_oct
1,4265.5282,control_oct
20,4265.8285,control_oct
1,4266.1288,control_oct
23,4266.4291,control_oct
1,4266.7294,control_oct
18,4267.0298,control_oct
37,4267.3301,control_oct
31,4267.6303,control_oct
1,4267.9307,control_oct
31,4268.231,control_oct
37,4268.5313,control_oct
2,4268.8316,control_oct
31,4269.1319,control_oct
26,4269.4322,control_oct
7,4269.7326,control_oct
32,4270.0328,control_oct
7,4270.3331,control_oct
18,4270.6335,control_oct
13,4270.9338,control_oct
19,4271.2341,control_oct
1,4271.5344,control_oct
14,4271.8347,control_oct
26,4272.135,control_oct
37,4272.4354,control_oct
18,4272.7357,control_oct
18,4273.036,control_oct
18,4273.3362,control_oct
6,4273.6365,control_oct
25,4273.9369,control_oct
18,4274.2372,control_oct
18,4274.5375,control_oct
6,4274.8379,control_oct
25,4275.1382,control_oct
36,4275.4384,control_oct
12,4275.7388,control_oct
36,4276.0391,control_oct
16,4276.3394,control_oct
16,4276.6397,control_oct
10,4276.94,control_oct
25,4277.2403,control_oct
10,4277.5406,control_oct
26,4277.8409,control_oct
18,4278.1412,control_oct
36,4278.4415,control_oct
36,4278.7419,control_oct
16,4279.0422,control_oct
16,4279.3425,control_oct
13,4279.6428,control_oct
18,4279.9431,control_oct
13,4280.2434,control_oct
13,4280.5437,control_oct
16,4280.844,control_oct
16,4281.1444,control_oct
35,4281.4484,control_oct
16,4281.745,control_oct
16,4282.0453,control_oct
17,4282.3456,control_oct
25,4282.6459,control_oct
18,4282.9462,control_oct
25,4283.2465,control_oct
13,4283.5468,control_oct
13,4283.8472,control_oct
6,4284.1475,control_oct
6,4284.4478,control_oct
25,4284.7481,control_oct
13,4285.0484,control_oct
13,4285.3487,control_oct
13,4285.649,control_oct
37,4285.9494,control_oct
15,4286.2497,control_oct
19,4286.55,control_oct
12,4286.8503,control_oct
12,4287.1506,control_oct
16,4287.4509,control_oct
36,4287.7512,control_oct
10,4288.0515,control_oct
25,4288.3518,control_oct
10,4288.6522,control_oct
6,4288.9524,control_oct
11,4289.2528,control_oct
35,4289.5531,control_oct
19,4289.8533,control_oct
35,4290.1537,control_oct
35,4290.4541,control_oct
12,4290.7543,control_oct
35,4291.0546,control_oct
8,4291.3549,control_oct
19,4291.6553,control_oct
19,4291.9556,control_oct
11,4292.2559,control_oct
6,4292.5562,control_oct
17,4292.8574,control_oct
11,4293.1568,control_oct
11,4293.4572,control_oct
19,4293.7575,control_oct
12,4294.0578,control_oct
35,4294.358,control_oct
19,4294.6584,control_oct
19,4294.9587,control_oct
12,4295.259,control_oct
35,4295.5593,control_oct
16,4295.8596,control_oct
36,4296.1599,control_oct
10,4296.4603,control_oct
36,4296.7605,control_oct
8,4297.0609,control_oct
19,4297.3612,control_oct
19,4297.6615,control_oct
11,4297.9618,control_oct
15,4298.2621,control_oct
7,4298.5624,control_oct
7,4298.8627,control_oct
7,4299.1631,control_oct
15,4299.4634,control_oct
7,4299.7637,control_oct
7,4300.064,control_oct
7,4300.3643,control_oct
7,4300.6646,control_oct
7,4300.9649,control_oct
1,4301.2652,control_oct
19,4301.5655,control_oct
19,4301.8658,control_oct
1,4302.1661,control_oct
7,4302.4664,control_oct
31,4302.7667,control_oct
37,4303.067,control_oct
6,4303.3674,control_oct
37,4303.6677,control_oct
19,4303.968,control_oct
19,4304.2683,control_oct
19,4304.5686,control_oct
19,4304.8689,control_oct
35,4305.1693,control_oct
35,4305.4696,control_oct
35,4305.7708,control_oct
35,4306.0702,control_oct
19,4306.3705,control_oct
15,4306.6708,control_oct
36,4306.9712,control_oct
36,4307.2715,control_oct
17,4307.5717,control_oct
17,4307.8721,control_oct
17,4308.1724,control_oct
8,4308.4727,control_oct
1,4308.773,control_oct
37,4309.0733,control_oct
37,4309.3736,control_oct
19,4309.6739,control_oct
31,4309.9742,control_oct
14,4310.2745,control_oct
31,4310.5748,control_oct
37,4310.8751,control_oct
1,4311.1755,control_oct
19,4311.4758,control_oct
35,4311.7761,control_oct
6,4312.0764,control_oct
10,4312.3767,control_oct
11,4312.677,control_oct
17,4312.9773,control_oct
36,4313.2776,control_oct
16,4313.578,control_oct
17,4313.8782,control_oct
24,4314.1786,control_oct
24,4314.4789,control_oct
8,4314.7792,control_oct
35,4315.0796,control_oct
35,4315.3798,control_oct
6,4315.6801,control_oct
12,4315.9804,control_oct
1,4316.2807,control_oct
11,4316.5811,control_oct
31,4316.8813,control_oct
31,4317.1817,control_oct
18,4317.482,control_oct
12,4317.7823,control_oct
19,4318.0826,control_oct
19,4318.3829,control_oct
23,4318.6832,control_oct
32,4318.9836,control_oct
1,4319.2838,control_oct
5,4319.5842,control_oct
15,4319.8844,control_oct
5,4320.1848,control_oct
5,4320.4851,control_oct
1,4320.7855,control_oct
5,4321.0857,control_oct
5,4321.386,control_oct
20,4321.6863,control_oct
30,4322.287,control_oct
15,4322.5873,control_oct
15,4322.8876,control_oct
35,4323.1879,control_oct
17,4323.4882,control_oct
16,4323.7885,control_oct
16,4324.0888,control_oct
36,4324.3892,control_oct
36,4324.6894,control_oct
15,4324.9898,control_oct
11,4325.2901,control_oct
11,4325.5904,control_oct
17,4325.8907,control_oct
16,4326.191,control_oct
36,4326.4913,control_oct
10,4326.7917,control_oct
36,4327.0919,control_oct
11,4327.3923,control_oct
17,4327.6925,control_oct
17,4327.9928,control_oct
17,4328.2932,control_oct
10,4328.5935,control_oct
17,4328.8938,control_oct
36,4329.1942,control_oct
15,4329.4944,control_oct
24,4329.7948,control_oct
24,4330.0951,control_oct
24,4330.3953,control_oct
17,4330.6957,control_oct
16,4330.996,control_oct
17,4331.2963,control_oct
17,4331.5966,control_oct
17,4331.8969,control_oct
36,4332.1972,control_oct
25,4332.4976,control_oct
13,4332.7978,control_oct
6,4333.0982,control_oct
35,4333.3985,control_oct
12,4333.6988,control_oct
16,4333.9991,control_oct
25,4334.2995,control_oct
17,4334.5997,control_oct
19,4334.9001,control_oct
11,4335.2004,control_oct
17,4335.5007,control_oct
12,4335.801,control_oct
35,4336.1013,control_oct
35,4336.4016,control_oct
8,4336.7019,control_oct
16,4337.0022,control_oct
16,4337.3026,control_oct
11,4337.6029,control_oct
35,4337.9032,control_oct
35,4338.2035,control_oct
16,4338.5038,control_oct
35,4338.8042,control_oct
19,4339.1044,control_oct
8,4339.4047,control_oct
12,4339.7051,control_oct
35,4340.0053,control_oct
6,4340.3057,control_oct
36,4340.606,control_oct
36,4340.9063,control_oct
8,4341.2066,control_oct
36,4341.5069,control_oct
8,4341.8072,control_oct
16,4342.1076,control_oct
36,4342.4079,control_oct
12,4342.7082,control_oct
17,4343.0085,control_oct
16,4343.3088,control_oct
35,4343.6091,control_oct
35,4343.9094,control_oct
36,4344.2097,control_oct
16,4344.5101,control_oct
17,4344.8104,control_oct
36,4345.1107,control_oct
16,4345.411,control_oct
8,4345.7113,control_oct
35,4346.0116,control_oct
36,4346.3119,control_oct
16,4346.6122,control_oct
17,4346.9126,control_oct
17,4347.2129,control_oct
35,4347.5132,control_oct
35,4347.8135,control_oct
35,4348.1138,control_oct
35,4348.4141,control_oct
16,4348.7144,control_oct
11,4349.0147,control_oct
35,4349.315,control_oct
35,4349.6153,control_oct
11,4349.9156,control_oct
11,4350.216,control_oct
36,4350.5163,control_oct
16,4350.8166,control_oct
25,4351.1169,control_oct
25,4351.4172,control_oct
6,4351.7175,control_oct
14,4352.0179,control_oct
13,4352.3181,control_oct
13,4352.6185,control_oct
10,4352.9188,control_oct
10,4353.2191,control_oct
10,4353.5194,control_oct
6,4353.8197,control_oct
11,4354.12,control_oct
8,4354.4204,control_oct
35,4354.7207,control_oct
35,4355.021,control_oct
11,4355.3213,control_oct
19,4355.6216,control_oct
35,4355.9219,control_oct
19,4356.2223,control_oct
19,4356.5226,control_oct
7,4356.8228,control_oct
7,4357.1231,control_oct
1,4357.4235,control_oct
18,4357.7238,control_oct
37,4358.0241,control_oct
18,4358.3244,control_oct
37,4358.6247,control_oct
19,4358.925,control_oct
8,4359.2253,control_oct
12,4359.5257,control_oct
35,4359.826,control_oct
11,4360.1263,control_oct
11,4360.4266,control_oct
11,4360.7269,control_oct
1,4361.0272,control_oct
11,4361.3275,control_oct
1,4361.6278,control_oct
19,4361.9281,control_oct
6,4362.2284,control_oct
6,4362.5287,control_oct
37,4362.8291,control_oct
7,4363.1294,control_oct
18,4363.4297,control_oct
18,4363.73,control_oct
18,4364.0303,control_oct
13,4364.3306,control_oct
18,4364.6309,control_oct
18,4364.9313,control_oct
37,4365.2316,control_oct
37,4365.5319,control_oct
37,4365.8322,control_oct
19,4366.1325,control_oct
24,4366.4328,control_oct
2,4366.7331,control_oct
8,4367.0334,control_oct
11,4367.3338,control_oct
19,4367.6341,control_oct
18,4367.9343,control_oct
37,4368.2347,control_oct
37,4368.535,control_oct
37,4368.8353,control_oct
19,4369.1356,control_oct
35,4369.4359,control_oct
18,4369.7363,control_oct
37,4370.0365,control_oct
18,4370.3369,control_oct
18,4370.6371,control_oct
18,4370.9374,control_oct
18,4371.2378,control_oct
26,4371.5381,control_oct
26,4371.8384,control_oct
18,4372.1387,control_oct
18,4372.439,control_oct
6,4372.7394,control_oct
10,4373.0396,control_oct
16,4373.34,control_oct
25,4373.6403,control_oct
19,4373.9406,control_oct
13,4374.2409,control_oct
37,4374.5412,control_oct
11,4374.8415,control_oct
35,4375.1419,control_oct
35,4375.4422,control_oct
35,4375.7425,control_oct
19,4376.0428,control_oct
19,4376.3431,control_oct
19,4376.6434,control_oct
19,4376.9437,control_oct
13,4377.2441,control_oct
13,4377.5443,control_oct
11,4377.8447,control_oct
35,4378.1449,control_oct
35,4378.4453,control_oct
11,4378.7456,control_oct
11,4379.0459,control_oct
18,4379.3462,control_oct
6,4379.6465,control_oct
12,4379.9468,control_oct
19,4380.2471,control_oct
19,4380.5475,control_oct
11,4380.8477,control_oct
32,4381.148,control_oct
19,4381.4484,control_oct
12,4381.7487,control_oct
17,4382.0491,control_oct
17,4382.3493,control_oct
35,4382.6496,control_oct
1,4382.9499,control_oct
17,4383.2503,control_oct
10,4383.5506,control_oct
25,4383.8509,control_oct
10,4384.1512,control_oct
10,4384.4515,control_oct
36,4384.7518,control_oct
36,4385.0522,control_oct
16,4385.3525,control_oct
36,4385.6528,control_oct
6,4386.5537,control_oct
18,4386.854,control_oct
18,4387.1543,control_oct
24,4387.4546,control_oct
37,4387.7549,control_oct
18,4388.0552,control_oct
15,4388.3556,control_oct
20,4388.6559,control_oct
15,4388.9562,control_oct
19,4389.2565,control_oct
16,4389.5569,control_oct
16,4389.8571,control_oct
35,4390.1574,control_oct
35,4390.4578,control_oct
16,4390.758,control_oct
16,4391.0584,control_oct
16,4391.3588,control_oct
16,4391.659,control_oct
16,4391.9593,control_oct
36,4392.2597,control_oct
35,4392.56,control_oct
19,4392.8603,control_oct
35,4393.1605,control_oct
35,4393.4609,control_oct
35,4393.7612,control_oct
12,4394.0615,control_oct
17,4394.3619,control_oct
16,4394.6621,control_oct
16,4394.9624,control_oct
36,4395.2628,control_oct
19,4395.563,control_oct
19,4395.8633,control_oct
12,4396.1637,control_oct
16,4396.464,control_oct
35,4396.7643,control_oct
35,4397.0646,control_oct
16,4397.365,control_oct
17,4397.6653,control_oct
36,4397.9656,control_oct
17,4398.2659,control_oct
36,4398.5661,control_oct
35,4398.8665,control_oct
17,4399.1668,control_oct
24,4399.4671,control_oct
11,4400.0678,control_oct
17,4400.368,control_oct
35,4400.6684,control_oct
36,4400.9687,control_oct
17,4401.269,control_oct
12,4401.5693,control_oct
8,4401.8696,control_oct
6,4402.1699,control_oct
36,4402.4702,control_oct
35,4402.7705,control_oct
36,4403.0708,control_oct
17,4403.3712,control_oct
35,4403.6724,control_oct
35,4403.9718,control_oct
35,4404.2721,control_oct
16,4404.5724,control_oct
12,4404.8727,control_oct
11,4405.1731,control_oct
19,4405.4733,control_oct
35,4405.7736,control_oct
36,4406.074,control_oct
12,4406.3743,control_oct
35,4406.6746,control_oct
11,4406.975,control_oct
6,4407.2752,control_oct
6,4407.5756,control_oct
26,4407.8759,control_oct
18,4408.1762,control_oct
26,4408.4765,control_oct
37,4408.7768,control_oct
11,4409.0771,control_oct
19,4409.3774,control_oct
11,4409.6777,control_oct
11,4409.978,control_oct
36,4410.2783,control_oct
12,4410.5787,control_oct
35,4410.879,control_oct
19,4411.1793,control_oct
1,4411.4796,control_oct
12,4411.7799,control_oct
8,4412.0802,control_oct
6,4412.3805,control_oct
37,4412.6808,control_oct
31,4412.9811,control_oct
26,4413.2814,control_oct
37,4413.5818,control_oct
37,4413.882,control_oct
19,4414.1824,control_oct
35,4414.4828,control_oct
19,4414.783,control_oct
19,4415.0833,control_oct
18,4415.3837,control_oct
19,4415.684,control_oct
19,4415.9843,control_oct
15,4416.2846,control_oct
7,4416.5849,control_oct
1,4416.8852,control_oct
37,4417.1855,control_oct
18,4417.4858,control_oct
31,4417.7861,control_oct
31,4418.0865,control_oct
15,4418.3868,control_oct
7,4418.6871,control_oct
15,4418.9874,control_oct
12,4419.2877,control_oct
15,4419.588,control_oct
1,4419.8884,control_oct
7,4420.1886,control_oct
18,4420.4889,control_oct
18,4420.7893,control_oct
37,4421.0896,control_oct
12,4421.3899,control_oct
11,4421.6903,control_oct
17,4421.9905,control_oct
8,4422.2908,control_oct
17,4422.5912,control_oct
15,4422.8914,control_oct
35,4423.1918,control_oct
19,4423.492,control_oct
15,4423.7923,control_oct
11,4424.0927,control_oct
15,4424.393,control_oct
7,4424.6933,control_oct
15,4424.9936,control_oct
15,4425.294,control_oct
20,4425.5942,control_oct
1,4425.8945,control_oct
11,4426.1949,control_oct
1,4426.4952,control_oct
1,4426.7955,control_oct
27,4427.0957,control_oct
14,4427.3961,control_oct
18,4427.6964,control_oct
15,4427.9967,control_oct
15,4428.297,control_oct
15,4428.5974,control_oct
12,4428.8977,control_oct
12,4429.198,control_oct
12,4429.4983,control_oct
12,4429.7986,control_oct
17,4430.3992,control_oct
15,4430.6996,control_oct
19,4430.9999,control_oct
1,4431.3002,control_oct
15,4431.6005,control_oct
20,4431.9008,control_oct
19,4432.2011,control_oct
31,4432.5014,control_oct
31,4432.8017,control_oct
31,4433.102,control_oct
18,4433.4023,control_oct
12,4433.7027,control_oct
1,4434.0029,control_oct
1,4434.3032,control_oct
1,4434.6036,control_oct
19,4434.9039,control_oct
14,4435.2042,control_oct
19,4435.5045,control_oct
19,4435.8048,control_oct
20,4436.1051,control_oct
26,4436.4054,control_oct
26,4436.7058,control_oct
18,4437.006,control_oct
18,4437.3064,control_oct
15,4437.6067,control_oct
15,4437.907,control_oct
11,4438.2073,control_oct
11,4438.5076,control_oct
18,4438.8079,control_oct
11,4439.1082,control_oct
19,4439.4085,control_oct
7,4439.7088,control_oct
15,4440.0092,control_oct
1,4440.3094,control_oct
18,4440.6097,control_oct
18,4440.9101,control_oct
6,4441.2104,control_oct
37,4441.5107,control_oct
18,4441.811,control_oct
12,4442.1114,control_oct
16,4442.4116,control_oct
19,4442.7128,control_oct
19,4443.0123,control_oct
8,4443.3126,control_oct
8,4443.6129,control_oct
36,4443.9132,control_oct
35,4444.2135,control_oct
12,4444.5138,control_oct
19,4444.8141,control_oct
8,4445.1144,control_oct
35,4445.4148,control_oct
35,4445.7151,control_oct
19,4446.0154,control_oct
11,4446.3157,control_oct
16,4446.616,control_oct
16,4446.9163,control_oct
36,4447.2166,control_oct
8,4447.5169,control_oct
15,4447.8172,control_oct
15,4448.1176,control_oct
35,4448.4179,control_oct
35,4448.7182,control_oct
16,4449.0185,control_oct
16,4449.3188,control_oct
17,4449.6191,control_oct
36,4449.9194,control_oct
8,4450.2197,control_oct
11,4450.52,control_oct
35,4450.8204,control_oct
35,4451.1206,control_oct
12,4451.421,control_oct
12,4451.7213,control_oct
16,4452.0216,control_oct
19,4452.3219,control_oct
11,4452.6222,control_oct
18,4452.9226,control_oct
14,4453.2228,control_oct
26,4453.5231,control_oct
31,4453.8235,control_oct
31,4454.1237,control_oct
31,4454.4241,control_oct
31,4454.7244,control_oct
14,4455.0247,control_oct
26,4455.325,control_oct
18,4455.6253,control_oct
13,4455.9256,control_oct
13,4456.226,control_oct
6,4456.5262,control_oct
13,4456.8266,control_oct
25,4457.1269,control_oct
11,4457.4272,control_oct
1,4457.7275,control_oct
23,4458.0278,control_oct
1,4458.3281,control_oct
23,4458.6284,control_oct
15,4458.9287,control_oct
7,4459.229,control_oct
7,4459.5293,control_oct
31,4459.8296,control_oct
37,4460.13,control_oct
14,4460.4303,control_oct
14,4460.7306,control_oct
31,4461.0308,control_oct
18,4461.3312,control_oct
18,4461.6315,control_oct
6,4461.9318,control_oct
10,4462.233,control_oct
10,4462.5324,control_oct
36,4462.8328,control_oct
16,4463.1331,control_oct
16,4463.4334,control_oct
16,4463.7337,control_oct
16,4464.034,control_oct
36,4464.3343,control_oct
19,4464.6346,control_oct
17,4464.9349,control_oct
24,4465.2352,control_oct
6,4465.5356,control_oct
16,4465.8359,control_oct
17,4466.1362,control_oct
35,4466.4365,control_oct
6,4466.7368,control_oct
36,4467.0371,control_oct
36,4467.3374,control_oct
16,4467.6377,control_oct
35,4467.938,control_oct
36,4468.2383,control_oct
36,4468.5387,control_oct
16,4468.839,control_oct
16,4469.1393,control_oct
11,4469.4396,control_oct
8,4469.7399,control_oct
17,4470.0402,control_oct
16,4470.3405,control_oct
17,4470.6408,control_oct
11,4470.9412,control_oct
35,4471.2415,control_oct
13,4471.5418,control_oct
12,4471.8421,control_oct
8,4472.1424,control_oct
16,4472.4427,control_oct
12,4472.743,control_oct
35,4473.0434,control_oct
12,4473.3436,control_oct
12,4473.644,control_oct
11,4473.9443,control_oct
35,4474.2446,control_oct
12,4474.5449,control_oct
16,4474.8452,control_oct
16,4475.1455,control_oct
17,4475.4458,control_oct
35,4475.7461,control_oct
35,4476.0465,control_oct
35,4476.3468,control_oct
16,4476.6471,control_oct
16,4476.9473,control_oct
35,4477.2477,control_oct
17,4477.5547,control_oct
16,4477.8483,control_oct
16,4478.1486,control_oct
17,4478.4489,control_oct
11,4478.7492,control_oct
11,4479.0496,control_oct
36,4479.3499,control_oct
12,4479.6502,control_oct
31,4479.9504,control_oct
31,4480.2508,control_oct
15,4480.5511,control_oct
35,4480.8514,control_oct
19,4481.1516,control_oct
19,4481.4521,control_oct
11,4481.7523,control_oct
12,4482.0526,control_oct
19,4482.353,control_oct
11,4482.6533,control_oct
19,4482.9536,control_oct
19,4483.254,control_oct
19,4483.5542,control_oct
19,4483.8545,control_oct
18,4484.1548,control_oct
31,4484.4551,control_oct
14,4484.7554,control_oct
18,4485.0557,control_oct
18,4485.3561,control_oct
24,4485.6564,control_oct
37,4485.9567,control_oct
18,4486.257,control_oct
31,4486.5573,control_oct
37,4486.8576,control_oct
37,4487.158,control_oct
19,4487.4583,control_oct
15,4487.7586,control_oct
15,4488.0589,control_oct
1,4488.3592,control_oct
7,4488.6595,control_oct
7,4488.9598,control_oct
7,4489.2601,control_oct
7,4489.5604,control_oct
15,4489.8607,control_oct
11,4490.161,control_oct
12,4490.4613,control_oct
1,4490.7617,control_oct
19,4491.062,control_oct
18,4491.3622,control_oct
18,4491.6626,control_oct
26,4491.9628,control_oct
13,4492.2632,control_oct
11,4492.5635,control_oct
11,4492.8638,control_oct
19,4493.1641,control_oct
1,4493.4644,control_oct
1,4493.7647,control_oct
26,4494.065,control_oct
18,4494.3653,control_oct
31,4494.6657,control_oct
26,4494.966,control_oct
14,4495.2663,control_oct
18,4495.5666,control_oct
15,4495.8669,control_oct
19,4496.1672,control_oct
1,4496.4676,control_oct
11,4496.7679,control_oct
15,4497.0682,control_oct
15,4497.3685,control_oct
1,4497.6688,control_oct
18,4497.9691,control_oct
27,4498.2694,control_oct
26,4498.5697,control_oct
37,4498.87,control_oct
19,4499.1703,control_oct
15,4499.4706,control_oct
20,4500.0713,control_oct
15,4500.3716,control_oct
15,4500.6719,control_oct
1,4500.9722,control_oct
7,4501.2725,control_oct
23,4501.5729,control_oct
15,4501.8731,control_oct
7,4502.1735,control_oct
31,4502.4738,control_oct
37,4502.774,control_oct
37,4503.0744,control_oct
19,4503.3747,control_oct
19,4503.675,control_oct
11,4503.9753,control_oct
35,4504.2756,control_oct
35,4504.5759,control_oct
35,4504.8762,control_oct
36,4505.1765,control_oct
12,4505.4769,control_oct
19,4505.7772,control_oct
19,4506.0775,control_oct
36,4506.3778,control_oct
36,4506.6781,control_oct
16,4506.9784,control_oct
16,4507.2788,control_oct
17,4507.579,control_oct
36,4507.8793,control_oct
17,4508.1796,control_oct
17,4508.48,control_oct
10,4508.7803,control_oct
10,4509.0806,control_oct
10,4509.3809,control_oct
8,4509.6812,control_oct
8,4509.9815,control_oct
18,4510.2818,control_oct
26,4510.5822,control_oct
31,4510.8824,control_oct
31,4511.1828,control_oct
26,4511.4831,control_oct
37,4511.7834,control_oct
27,4512.0836,control_oct
32,4512.384,control_oct
32,4512.6843,control_oct
26,4512.9846,control_oct
26,4513.285,control_oct
2,4513.5852,control_oct
26,4513.8855,control_oct
26,4514.1859,control_oct
26,4514.4862,control_oct
32,4514.7865,control_oct
26,4515.0868,control_oct
2,4515.3871,control_oct
26,4515.6874,control_oct
26,4515.9877,control_oct
31,4516.288,control_oct
31,4516.5884,control_oct
31,4516.8887,control_oct
26,4517.1889,control_oct
26,4517.4892,control_oct
27,4517.7896,control_oct
31,4518.0899,control_oct
26,4518.3901,control_oct
7,4518.6905,control_oct
7,4518.9908,control_oct
2,4519.2911,control_oct
7,4519.5915,control_oct
7,4519.8917,control_oct
7,4520.1921,control_oct
7,4520.4924,control_oct
7,4520.7927,control_oct
31,4521.0939,control_oct
23,4521.3933,control_oct
31,4521.6936,control_oct
37,4521.994,control_oct
25,4522.2942,control_oct
25,4522.5946,control_oct
10,4522.8948,control_oct
10,4523.1952,control_oct
37,4523.4955,control_oct
7,4523.7958,control_oct
7,4524.0961,control_oct
1,4524.3964,control_oct
20,4524.6968,control_oct
28,4524.997,control_oct
7,4525.2973,control_oct
23,4525.5977,control_oct
14,4525.898,control_oct
20,4526.1983,control_oct
23,4526.4986,control_oct
23,4526.7989,control_oct
20,4527.0992,control_oct
23,4527.3995,control_oct
29,4527.6998,control_oct
20,4528.0001,control_oct
30,4528.3005,control_oct
30,4528.6008,control_oct
30,4528.9011,control_oct
30,4529.2014,control_oct
30,4529.5017,control_oct
30,4529.802,control_oct
30,4530.1024,control_oct
30,4530.4027,control_oct
30,4530.703,control_oct
30,4531.0033,control_oct
30,4531.3036,control_oct
30,4531.6038,control_oct
22,4531.9042,control_oct
22,4532.2045,control_oct
22,4532.5048,control_oct
30,4532.8051,control_oct
27,4533.1054,control_oct
27,4533.4058,control_oct
27,4533.706,control_oct
37,4534.0064,control_oct
37,4534.3067,control_oct
25,4534.6069,control_oct
10,4534.9073,control_oct
10,4535.2076,control_oct
10,4535.5079,control_oct
10,4535.8082,control_oct
25,4536.1085,control_oct
11,4536.4089,control_oct
13,4536.7092,control_oct
11,4537.0094,control_oct
11,4537.3098,control_oct
10,4537.6101,control_oct
10,4537.9104,control_oct
37,4538.2107,control_oct
10,4538.511,control_oct
25,4538.8113,control_oct
10,4539.1116,control_oct
6,4539.412,control_oct
18,4539.7122,control_oct
18,4540.0126,control_oct
13,4540.3129,control_oct
13,4540.6132,control_oct
25,4540.9135,control_oct
13,4541.2138,control_oct
16,4541.5141,control_oct
16,4541.8145,control_oct
16,4542.1148,control_oct
17,4542.415,control_oct
35,4542.7154,control_oct
11,4543.0157,control_oct
12,4543.316,control_oct
11,4543.6163,control_oct
35,4543.9166,control_oct
15,4544.217,control_oct
11,4544.5172,control_oct
35,4544.8176,control_oct
8,4545.1179,control_oct
18,4545.4181,control_oct
13,4545.7185,control_oct
18,4546.0188,control_oct
6,4546.3191,control_oct
31,4546.6194,control_oct
31,4546.9197,control_oct
26,4547.2201,control_oct
37,4547.5204,control_oct
12,4547.8207,control_oct
12,4548.121,control_oct
36,4548.4213,control_oct
13,4548.7216,control_oct
25,4549.0219,control_oct
10,4549.3222,control_oct
13,4549.6226,control_oct
13,4549.9229,control_oct
6,4550.2231,control_oct
6,4550.5235,control_oct
17,4550.8238,control_oct
36,4551.1242,control_oct
16,4551.4244,control_oct
16,4551.7248,control_oct
10,4552.0251,control_oct
10,4552.3253,control_oct
10,4552.6257,control_oct
10,4552.926,control_oct
10,4553.2263,control_oct
6,4553.5266,control_oct
19,4553.8269,control_oct
19,4554.1272,control_oct
35,4554.4275,control_oct
19,4554.7279,control_oct
35,4555.0282,control_oct
12,4555.3285,control_oct
36,4555.6288,control_oct
11,4555.9291,control_oct
8,4556.2294,control_oct
25,4556.5297,control_oct
10,4556.8301,control_oct
6,4557.1303,control_oct
11,4557.4307,control_oct
11,4557.731,control_oct
24,4558.0312,control_oct
24,4558.3316,control_oct
8,4558.6319,control_oct
17,4558.9323,control_oct
36,4559.2325,control_oct
36,4559.5328,control_oct
37,4559.8332,control_oct
18,4560.1343,control_oct
6,4560.4338,control_oct
17,4560.7341,control_oct
16,4561.0344,control_oct
11,4561.3347,control_oct
18,4561.635,control_oct
13,4561.9353,control_oct
37,4562.2357,control_oct
13,4562.536,control_oct
13,4562.8363,control_oct
12,4563.1366,control_oct
35,4563.4369,control_oct
19,4563.7372,control_oct
13,4564.0426,control_oct
18,4564.3379,control_oct
13,4564.6382,control_oct
37,4564.9385,control_oct
6,4565.2388,control_oct
13,4565.5391,control_oct
6,4565.8394,control_oct
18,4566.1397,control_oct
18,4566.44,control_oct
18,4566.7403,control_oct
18,4567.0406,control_oct
37,4567.3409,control_oct
18,4567.6413,control_oct
1,4567.9441,control_oct
1,4568.2419,control_oct
19,4568.5422,control_oct
19,4568.8425,control_oct
15,4569.1428,control_oct
18,4569.4431,control_oct
19,4569.7435,control_oct
19,4570.0438,control_oct
13,4570.3441,control_oct
18,4570.6444,control_oct
13,4570.9447,control_oct
13,4571.2451,control_oct
35,4571.5453,control_oct
19,4571.8456,control_oct
12,4572.1459,control_oct
19,4572.4463,control_oct
19,4572.7466,control_oct
19,4573.0468,control_oct
19,4573.3471,control_oct
19,4573.6475,control_oct
19,4573.9478,control_oct
11,4574.2481,control_oct
19,4574.5485,control_oct
35,4574.8488,control_oct
11,4575.1491,control_oct
19,4575.4493,control_oct
15,4575.7497,control_oct
7,4576.05,control_oct
15,4576.3503,control_oct
18,4576.6506,control_oct
37,4576.9509,control_oct
35,4577.2513,control_oct
19,4577.5516,control_oct
11,4577.8519,control_oct
12,4578.1522,control_oct
11,4578.4525,control_oct
11,4578.7528,control_oct
11,4579.0531,control_oct
12,4579.3534,control_oct
12,4579.6538,control_oct
24,4579.954,control_oct
24,4580.2544,control_oct
2,4580.5547,control_oct
24,4580.8549,control_oct
36,4581.1553,control_oct
8,4581.4556,control_oct
12,4581.7559,control_oct
35,4582.0562,control_oct
17,4582.3565,control_oct
11,4582.6568,control_oct
24,4582.9572,control_oct
17,4583.2574,control_oct
17,4583.5578,control_oct
17,4583.8581,control_oct
36,4584.1584,control_oct
16,4584.4587,control_oct
36,4584.759,control_oct
16,4585.0593,control_oct
11,4585.3596,control_oct
6,4585.66,control_oct
6,4585.9603,control_oct
10,4586.2605,control_oct
10,4586.5609,control_oct
6,4586.8612,control_oct
10,4587.1615,control_oct
11,4587.4618,control_oct
35,4587.7621,control_oct
36,4588.0624,control_oct
13,4588.3628,control_oct
16,4588.6631,control_oct
16,4588.9634,control_oct
11,4589.2637,control_oct
11,4589.564,control_oct
36,4589.8643,control_oct
35,4590.1646,control_oct
16,4590.4649,control_oct
11,4590.7653,control_oct
6,4591.0656,control_oct
6,4591.3658,control_oct
16,4591.6662,control_oct
36,4591.9665,control_oct
36,4592.2668,control_oct
17,4592.5671,control_oct
19,4592.8674,control_oct
6,4593.1677,control_oct
25,4593.468,control_oct
35,4593.7684,control_oct
11,4594.0687,control_oct
11,4594.369,control_oct
11,4594.6693,control_oct
19,4594.9696,control_oct
15,4595.2699,control_oct
7,4595.5702,control_oct
7,4595.8705,control_oct
15,4596.1709,control_oct
19,4596.4712,control_oct
13,4596.7715,control_oct
18,4597.0717,control_oct
18,4597.3771,control_oct
26,4597.6724,control_oct
7,4597.9728,control_oct
1,4598.273,control_oct
12,4598.5733,control_oct
16,4598.8737,control_oct
16,4599.174,control_oct
36,4599.4743,control_oct
35,4599.7746,control_oct
35,4600.0748,control_oct
36,4600.3752,control_oct
11,4600.6755,control_oct
24,4600.9758,control_oct
11,4601.2762,control_oct
17,4601.5765,control_oct
16,4601.8768,control_oct
16,4602.1771,control_oct
11,4602.4774,control_oct
36,4602.7777,control_oct
16,4603.078,control_oct
17,4603.3783,control_oct
16,4603.6787,control_oct
11,4603.9789,control_oct
11,4604.2793,control_oct
19,4604.5796,control_oct
12,4604.8799,control_oct
36,4605.1802,control_oct
12,4605.4805,control_oct
11,4605.7809,control_oct
19,4606.0811,control_oct
11,4606.3815,control_oct
11,4606.6818,control_oct
11,4606.982,control_oct
35,4607.2823,control_oct
11,4607.5827,control_oct
13,4607.883,control_oct
18,4608.1833,control_oct
37,4608.4837,control_oct
6,4608.784,control_oct
6,4609.0843,control_oct
6,4609.3845,control_oct
25,4609.6849,control_oct
6,4609.9852,control_oct
10,4610.2855,control_oct
10,4610.5858,control_oct
10,4610.8861,control_oct
12,4611.1864,control_oct
14,4611.4868,control_oct
35,4611.7871,control_oct
12,4612.0982,control_oct
35,4612.3876,control_oct
12,4612.688,control_oct
35,4612.9883,control_oct
35,4613.2886,control_oct
35,4613.5889,control_oct
19,4613.8892,control_oct
28,4614.1895,control_oct
5,4614.4899,control_oct
5,4614.7902,control_oct
15,4615.0905,control_oct
15,4615.3908,control_oct
7,4615.6911,control_oct
7,4615.9914,control_oct
7,4616.2917,control_oct
32,4616.592,control_oct
18,4616.8923,control_oct
37,4617.1926,control_oct
6,4617.493,control_oct
19,4617.7933,control_oct
19,4618.0936,control_oct
1,4618.3939,control_oct
1,4618.695,control_oct
19,4618.9945,control_oct
11,4619.2948,control_oct
19,4619.5951,control_oct
35,4619.8955,control_oct
19,4620.1957,control_oct
19,4620.4961,control_oct
19,4620.7964,control_oct
35,4621.0967,control_oct
12,4621.397,control_oct
19,4621.6973,control_oct
19,4621.9976,control_oct
35,4622.2979,control_oct
19,4622.5982,control_oct
35,4622.8986,control_oct
35,4623.1989,control_oct
19,4623.4992,control_oct
19,4623.7995,control_oct
19,4624.0998,control_oct
11,4624.4001,control_oct
18,4624.7004,control_oct
10,4625.0007,control_oct
37,4625.301,control_oct
18,4625.6013,control_oct
13,4625.9016,control_oct
13,4626.202,control_oct
6,4626.5023,control_oct
37,4626.8026,control_oct
37,4627.1029,control_oct
18,4627.4032,control_oct
18,4627.7036,control_oct
18,4628.0038,control_oct
18,4628.3042,control_oct
37,4628.6044,control_oct
19,4628.9048,control_oct
35,4629.205,control_oct
11,4629.5054,control_oct
15,4629.8057,control_oct
19,4630.106,control_oct
1,4630.4063,control_oct
9,4630.7066,control_oct
4,4631.0069,control_oct
4,4631.3072,control_oct
4,4631.6075,control_oct
9,4631.9079,control_oct
15,4632.2081,control_oct
15,4632.5085,control_oct
32,4632.8088,control_oct
32,4633.1091,control_oct
7,4633.4094,control_oct
32,4633.7097,control_oct
7,4634.01,control_oct
18,4634.3103,control_oct
13,4634.6107,control_oct
10,4634.9109,control_oct
18,4635.2113,control_oct
15,4635.5115,control_oct
37,4635.8118,control_oct
18,4636.1122,control_oct
26,4636.4124,control_oct
24,4636.7128,control_oct
2,4637.0132,control_oct
26,4637.3135,control_oct
10,4637.6138,control_oct
13,4637.9141,control_oct
10,4638.2143,control_oct
13,4638.5147,control_oct
6,4638.815,control_oct
6,4639.1153,control_oct
25,4639.4156,control_oct
25,4639.716,control_oct
25,4640.0163,control_oct
37,4640.3166,control_oct
13,4640.6169,control_oct
25,4640.9172,control_oct
10,4641.2175,control_oct
13,4641.5178,control_oct
13,4641.8181,control_oct
26,4642.1184,control_oct
26,4642.4188,control_oct
26,4642.719,control_oct
37,4643.0194,control_oct
36,4643.3196,control_oct
35,4643.62,control_oct
35,4643.9203,control_oct
8,4644.2206,control_oct
16,4644.5209,control_oct
17,4644.8212,control_oct
15,4645.1215,control_oct
11,4645.4219,control_oct
7,4645.7222,control_oct
14,4646.0225,control_oct
11,4646.3228,control_oct
12,4646.6231,control_oct
12,4646.9234,control_oct
17,4647.2237,control_oct
16,4647.524,control_oct
17,4647.8243,control_oct
10,4648.1246,control_oct
11,4648.425,control_oct
15,4648.7253,control_oct
20,4649.0256,control_oct
7,4649.3259,control_oct
7,4649.6262,control_oct
7,4649.9266,control_oct
7,4650.2268,control_oct
15,4650.5271,control_oct
15,4650.8274,control_oct
11,4651.1278,control_oct
11,4651.4281,control_oct
36,4651.7284,control_oct
17,4652.0288,control_oct
24,4652.329,control_oct
17,4652.6293,control_oct
11,4652.9296,control_oct
15,4653.23,control_oct
7,4653.5303,control_oct
7,4653.8306,control_oct
7,4654.1308,control_oct
11,4654.4312,control_oct
17,4654.7315,control_oct
16,4655.0318,control_oct
16,4655.3321,control_oct
17,4655.6324,control_oct
8,4655.9327,control_oct
36,4656.2331,control_oct
11,4656.5334,control_oct
15,4656.8337,control_oct
11,4657.134,control_oct
35,4657.4343,control_oct
8,4657.7346,control_oct
36,4658.0349,control_oct
36,4658.3352,control_oct
16,4658.6356,control_oct
35,4658.9359,control_oct
11,4659.2362,control_oct
17,4659.5364,control_oct
24,4659.8368,control_oct
10,4660.1371,control_oct
24,4660.4374,control_oct
10,4660.7378,control_oct
10,4661.038,control_oct
6,4661.3383,control_oct
10,4661.6387,control_oct
25,4661.9389,control_oct
12,4662.2393,control_oct
10,4662.5396,control_oct
18,4662.8399,control_oct
13,4663.1402,control_oct
16,4663.4405,control_oct
35,4663.7409,control_oct
36,4664.0412,control_oct
16,4664.3415,control_oct
16,4664.6418,control_oct
17,4664.9421,control_oct
17,4665.2424,control_oct
16,4665.5427,control_oct
24,4665.8431,control_oct
17,4666.1434,control_oct
36,4666.4436,control_oct
35,4666.744,control_oct
35,4667.0443,control_oct
11,4667.3446,control_oct
11,4667.645,control_oct
18,4667.946,control_oct
18,4668.2455,control_oct
13,4668.5459,control_oct
6,4668.8461,control_oct
25,4669.1465,control_oct
11,4669.4468,control_oct
16,4669.7471,control_oct
36,4670.0474,control_oct
10,4670.3477,control_oct
13,4670.648,control_oct
10,4670.9484,control_oct
25,4671.2487,control_oct
6,4671.5489,control_oct
10,4671.8492,control_oct
13,4672.1496,control_oct
35,4672.45,control_oct
12,4672.7502,control_oct
35,4673.0505,control_oct
12,4673.3508,control_oct
12,4673.6512,control_oct
15,4673.9514,control_oct
1,4674.2517,control_oct
1,4674.5521,control_oct
12,4674.8524,control_oct
35,4675.1527,control_oct
35,4675.4531,control_oct
35,4675.7533,control_oct
36,4676.0537,control_oct
19,4676.354,control_oct
11,4676.6542,control_oct
35,4676.9547,control_oct
35,4677.2549,control_oct
11,4677.5552,control_oct
11,4677.8555,control_oct
17,4678.1558,control_oct
36,4678.4562,control_oct
19,4678.7564,control_oct
12,4679.0568,control_oct
19,4679.3571,control_oct
1,4679.6574,control_oct
1,4679.9577,control_oct
7,4680.258,control_oct
7,4680.5583,control_oct
15,4680.8587,control_oct
8,4681.1589,control_oct
6,4681.4593,control_oct
13,4681.7596,control_oct
18,4682.0599,control_oct
18,4682.3602,control_oct
37,4682.6605,control_oct
19,4682.9608,control_oct
1,4683.2611,control_oct
1,4683.5614,control_oct
31,4683.8618,control_oct
31,4684.162,control_oct
26,4684.4623,control_oct
31,4684.7627,control_oct
26,4685.063,control_oct
15,4685.3633,control_oct
11,4685.6636,control_oct
11,4685.9639,control_oct
11,4686.2643,control_oct
19,4686.5646,control_oct
15,4686.8649,control_oct
15,4687.1652,control_oct
19,4687.4664,control_oct
19,4687.7658,control_oct
19,4688.0661,control_oct
12,4688.3664,control_oct
36,4688.6667,control_oct
10,4688.967,control_oct
37,4689.2674,control_oct
15,4689.5677,control_oct
15,4689.868,control_oct
15,4690.1683,control_oct
7,4690.4686,control_oct
23,4690.7689,control_oct
14,4691.0692,control_oct
37,4691.3696,control_oct
15,4691.6699,control_oct
19,4691.9701,control_oct
11,4692.2705,control_oct
35,4692.5708,control_oct
19,4692.8711,control_oct
35,4693.1714,control_oct
11,4693.4718,control_oct
1,4693.7721,control_oct
1,4694.0724,control_oct
18,4694.3727,control_oct
6,4694.673,control_oct
13,4694.9733,control_oct
25,4695.2736,control_oct
12,4695.5739,control_oct
6,4695.8742,control_oct
19,4696.1745,control_oct
35,4696.4748,control_oct
12,4696.7752,control_oct
1,4697.0754,control_oct
19,4697.3758,control_oct
35,4697.6761,control_oct
15,4697.9764,control_oct
7,4698.2767,control_oct
15,4698.577,control_oct
19,4698.8773,control_oct
15,4699.1776,control_oct
6,4699.4779,control_oct
18,4699.7782,control_oct
13,4700.0786,control_oct
13,4700.3789,control_oct
16,4700.6792,control_oct
35,4700.9796,control_oct
11,4701.2798,control_oct
12,4701.5802,control_oct
36,4701.8804,control_oct
16,4702.1808,control_oct
35,4702.4811,control_oct
36,4702.7814,control_oct
13,4703.0817,control_oct
10,4703.382,control_oct
6,4703.6823,control_oct
10,4703.9826,control_oct
6,4704.283,control_oct
13,4704.5833,control_oct
6,4704.8836,control_oct
10,4705.1839,control_oct
12,4705.4842,control_oct
13,4705.7845,control_oct
6,4706.0848,control_oct
18,4706.3851,control_oct
18,4706.6854,control_oct
13,4706.9858,control_oct
25,4707.2861,control_oct
18,4707.5863,control_oct
18,4707.8867,control_oct
18,4708.1869,control_oct
24,4708.4873,control_oct
25,4708.7876,control_oct
25,4709.3482,control_oct
13,4709.6485,control_oct
18,4709.9488,control_oct
18,4710.2492,control_oct
6,4710.5494,control_oct
6,4710.8498,control_oct
10,4711.15,control_oct
10,4711.4504,control_oct
36,4711.7507,control_oct
17,4712.051,control_oct
16,4712.3513,control_oct
25,4712.6516,control_oct
15,4712.9519,control_oct
11,4713.2522,control_oct
12,4713.5526,control_oct
19,4713.8529,control_oct
11,4714.1532,control_oct
19,4714.4535,control_oct
19,4714.7538,control_oct
18,4715.0541,control_oct
13,4715.3544,control_oct
18,4715.6547,control_oct
13,4715.955,control_oct
18,4716.2554,control_oct
18,4716.5556,control_oct
37,4716.856,control_oct
18,4717.1563,control_oct
18,4717.4566,control_oct
31,4717.7569,control_oct
27,4718.0572,control_oct
18,4718.3575,control_oct
26,4718.6578,control_oct
19,4718.9582,control_oct
13,4719.2593,control_oct
18,4719.5588,control_oct
18,4719.8591,control_oct
18,4720.1594,control_oct
37,4720.4597,control_oct
6,4720.76,control_oct
12,4721.0604,control_oct
11,4721.3607,control_oct
16,4721.661,control_oct
36,4721.9612,control_oct
36,4722.2616,control_oct
36,4722.562,control_oct
16,4722.8622,control_oct
17,4723.1625,control_oct
17,4723.4628,control_oct
16,4723.7632,control_oct
17,4724.0635,control_oct
1,4724.3638,control_oct
19,4724.6641,control_oct
19,4724.9643,control_oct
19,4725.2646,control_oct
37,4725.565,control_oct
13,4725.8653,control_oct
13,4726.1656,control_oct
13,4726.466,control_oct
6,4726.7662,control_oct
18,4727.0666,control_oct
13,4727.3668,control_oct
13,4727.6672,control_oct
6,4727.9675,control_oct
10,4728.2678,control_oct
13,4728.5682,control_oct
13,4728.8684,control_oct
18,4729.1687,control_oct
14,4729.469,control_oct
14,4729.7694,control_oct
1,4730.0696,control_oct
15,4730.37,control_oct
15,4730.6703,control_oct
1,4730.9707,control_oct
11,4731.2709,control_oct
13,4731.5712,control_oct
26,4731.8715,control_oct
26,4732.1718,control_oct
15,4732.4722,control_oct
15,4732.7725,control_oct
15,4733.0727,control_oct
1,4733.3731,control_oct
12,4733.6734,control_oct
15,4733.9737,control_oct
7,4734.274,control_oct
5,4734.5743,control_oct
20,4734.8746,control_oct
5,4735.175,control_oct
5,4735.4753,control_oct
1,4735.7756,control_oct
8,4736.0759,control_oct
18,4736.3762,control_oct
37,4736.6765,control_oct
14,4736.9768,control_oct
5,4737.2771,control_oct
5,4737.5774,control_oct
5,4737.8778,control_oct
5,4738.1781,control_oct
32,4738.4784,control_oct
23,4738.7787,control_oct
1,4739.079,control_oct
1,4739.3793,control_oct
31,4739.6796,control_oct
18,4739.9799,control_oct
13,4740.2803,control_oct
18,4740.5805,control_oct
37,4740.8809,control_oct
35,4741.1812,control_oct
35,4741.4815,control_oct
16,4741.7818,control_oct
16,4742.0821,control_oct
35,4742.3825,control_oct
15,4742.6828,control_oct
35,4742.983,control_oct
35,4743.2834,control_oct
35,4743.5836,control_oct
1,4743.884,control_oct
14,4744.1843,control_oct
18,4744.4846,control_oct
15,4744.7849,control_oct
15,4745.0852,control_oct
11,4745.3856,control_oct
7,4745.6859,control_oct
7,4745.987,control_oct
15,4746.2865,control_oct
15,4746.5868,control_oct
15,4746.8871,control_oct
1,4747.1874,control_oct
32,4747.4877,control_oct
20,4747.788,control_oct
19,4748.0884,control_oct
1,4748.3887,control_oct
1,4748.6889,control_oct
19,4748.9892,control_oct
15,4749.2896,control_oct
15,4749.5899,control_oct
1,4749.8902,control_oct
7,4750.1905,control_oct
20,4750.4908,control_oct
1,4750.7912,control_oct
5,4751.0915,control_oct
5,4751.3918,control_oct
1,4751.6921,control_oct
1,4751.9924,control_oct
18,4752.2927,control_oct
37,4752.593,control_oct
18,4752.8933,control_oct
18,4753.1937,control_oct
18,4753.494,control_oct
18,4753.7943,control_oct
18,4754.0945,control_oct
18,4754.3949,control_oct
26,4754.6952,control_oct
31,4754.9955,control_oct
14,4755.2958,control_oct
12,4755.5961,control_oct
12,4755.8964,control_oct
1,4756.1967,control_oct
5,4756.4971,control_oct
7,4756.7974,control_oct
7,4757.0977,control_oct
7,4757.398,control_oct
2,4757.6983,control_oct
2,4757.9987,control_oct
32,4758.2989,control_oct
32,4758.5992,control_oct
7,4758.8996,control_oct
15,4759.1999,control_oct
1,4759.5002,control_oct
35,4759.8005,control_oct
35,4760.1009,control_oct
19,4760.4012,control_oct
19,4760.7014,control_oct
15,4761.0017,control_oct
12,4761.3021,control_oct
15,4761.6024,control_oct
32,4761.9027,control_oct
5,4762.203,control_oct
5,4762.5033,control_oct
5,4762.8036,control_oct
23,4763.1039,control_oct
15,4763.4042,control_oct
12,4763.7046,control_oct
8,4764.0049,control_oct
31,4764.3052,control_oct
37,4764.6055,control_oct
37,4764.9058,control_oct
19,4765.2061,control_oct
35,4765.5064,control_oct
19,4765.8068,control_oct
19,4766.1071,control_oct
18,4766.4074,control_oct
14,4766.7077,control_oct
26,4767.008,control_oct
18,4767.3083,control_oct
18,4767.6086,control_oct
31,4767.9089,control_oct
37,4768.2093,control_oct
20,4768.5095,control_oct
20,4768.8099,control_oct
5,4769.1102,control_oct
5,4769.4105,control_oct
23,4769.7108,control_oct
31,4770.0111,control_oct
37,4770.3115,control_oct
13,4770.6117,control_oct
10,4770.9121,control_oct
10,4771.2124,control_oct
10,4771.5127,control_oct
10,4771.813,control_oct
18,4772.1133,control_oct
18,4772.4136,control_oct
25,4772.714,control_oct
18,4773.0142,control_oct
18,4773.3145,control_oct
37,4773.6149,control_oct
6,4773.9152,control_oct
25,4774.2155,control_oct
25,4774.5158,control_oct
10,4774.8161,control_oct
10,4775.1164,control_oct
10,4775.4167,control_oct
10,4775.7171,control_oct
6,4776.0174,control_oct
31,4776.3177,control_oct
26,4776.618,control_oct
32,4776.9183,control_oct
26,4777.2186,control_oct
26,4777.5189,control_oct
27,4777.8193,control_oct
31,4778.1196,control_oct
20,4778.4198,control_oct
1,4778.7202,control_oct
15,4779.0205,control_oct
18,4779.3209,control_oct
14,4779.6212,control_oct
19,4779.9214,control_oct
5,4780.2217,control_oct
28,4780.5221,control_oct
20,4780.8224,control_oct
5,4781.1227,control_oct
5,4781.423,control_oct
1,4781.7233,control_oct
7,4782.0237,control_oct
7,4782.3239,control_oct
19,4782.6242,control_oct
19,4782.9246,control_oct
19,4783.2248,control_oct
15,4783.5252,control_oct
15,4783.8255,control_oct
36,4784.1258,control_oct
16,4784.4262,control_oct
16,4784.7265,control_oct
16,4785.0268,control_oct
36,4785.3271,control_oct
35,4785.9276,control_oct
36,4786.228,control_oct
36,4786.5283,control_oct
8,4786.8286,control_oct
35,4787.129,control_oct
16,4787.4293,control_oct
36,4787.7296,control_oct
12,4788.0299,control_oct
8,4788.3302,control_oct
35,4788.6306,control_oct
6,4788.9308,control_oct
6,4789.2311,control_oct
36,4789.5315,control_oct
17,4789.8318,control_oct
36,4790.1321,control_oct
16,4790.4324,control_oct
17,4790.7327,control_oct
17,4791.033,control_oct
17,4791.3333,control_oct
17,4791.6336,control_oct
36,4791.934,control_oct
36,4792.2343,control_oct
17,4792.5346,control_oct
11,4792.8349,control_oct
35,4793.1352,control_oct
36,4793.4356,control_oct
12,4793.7359,control_oct
6,4794.0362,control_oct
13,4794.3365,control_oct
10,4794.6368,control_oct
36,4794.9371,control_oct
10,4795.2375,control_oct
25,4795.5378,control_oct
10,4795.838,control_oct
10,4796.1383,control_oct
10,4796.4387,control_oct
10,4796.739,control_oct
6,4797.0393,control_oct
15,4797.3396,control_oct
36,4797.6399,control_oct
16,4797.9402,control_oct
36,4798.2405,control_oct
17,4798.5409,control_oct
36,4798.8412,control_oct
35,4799.1415,control_oct
17,4799.4418,control_oct
35,4799.7421,control_oct
35,4800.0424,control_oct
36,4800.3428,control_oct
17,4800.6431,control_oct
16,4800.9434,control_oct
6,4801.2437,control_oct
36,4801.544,control_oct
17,4801.8443,control_oct
36,4802.1446,control_oct
36,4802.4449,control_oct
10,4802.7452,control_oct
6,4803.3459,control_oct
36,4803.6462,control_oct
36,4803.9466,control_oct
17,4804.2468,control_oct
17,4804.5472,control_oct
16,4804.8475,control_oct
11,4805.1478,control_oct
17,4805.4481,control_oct
17,4805.7484,control_oct
17,4806.0487,control_oct
16,4806.349,control_oct
17,4806.6493,control_oct
16,4806.9497,control_oct
8,4807.25,control_oct
11,4807.5503,control_oct
35,4807.8506,control_oct
35,4808.1509,control_oct
36,4808.4512,control_oct
11,4808.7515,control_oct
35,4809.0518,control_oct
11,4809.3522,control_oct
12,4809.6525,control_oct
15,4809.9527,control_oct
17,4810.2531,control_oct
16,4810.5534,control_oct
12,4810.8537,control_oct
35,4811.154,control_oct
12,4811.4544,control_oct
35,4811.7547,control_oct
16,4812.055,control_oct
36,4812.3553,control_oct
16,4812.6556,control_oct
16,4812.9559,control_oct
17,4813.2562,control_oct
36,4813.5565,control_oct
11,4813.8569,control_oct
11,4814.1572,control_oct
35,4814.4575,control_oct
35,4814.7578,control_oct
35,4815.0682,control_oct
17,4815.3585,control_oct
36,4815.6588,control_oct
36,4815.9591,control_oct
12,4816.2594,control_oct
11,4816.5597,control_oct
11,4816.86,control_oct
11,4817.1604,control_oct
8,4817.4606,control_oct
11,4817.761,control_oct
19,4818.0612,control_oct
35,4818.3616,control_oct
6,4818.6619,control_oct
6,4818.9622,control_oct
10,4819.2625,control_oct
10,4819.5628,control_oct
35,4819.8632,control_oct
12,4820.1635,control_oct
19,4820.4638,control_oct
8,4820.7641,control_oct
35,4821.0644,control_oct
35,4821.3647,control_oct
35,4821.665,control_oct
11,4821.9653,control_oct
11,4822.2657,control_oct
25,4822.566,control_oct
37,4822.8662,control_oct
37,4823.1666,control_oct
18,4823.4669,control_oct
18,4823.7672,control_oct
26,4824.0684,control_oct
18,4824.3678,control_oct
37,4824.6681,control_oct
6,4824.9684,control_oct
35,4825.2688,control_oct
12,4825.5691,control_oct
35,4825.8694,control_oct
16,4826.1697,control_oct
17,4826.47,control_oct
16,4826.7704,control_oct
35,4827.0707,control_oct
6,4827.3709,control_oct
24,4827.6713,control_oct
24,4827.9716,control_oct
26,4828.2719,control_oct
10,4828.5722,control_oct
24,4828.8725,control_oct
24,4829.1728,control_oct
13,4829.4731,control_oct
11,4829.7735,control_oct
24,4830.0737,control_oct
36,4830.3741,control_oct
11,4830.6744,control_oct
12,4830.9748,control_oct
17,4831.275,control_oct
11,4831.5753,control_oct
36,4831.8757,control_oct
17,4832.1759,control_oct
16,4832.4763,control_oct
35,4832.7766,control_oct
19,4833.0769,control_oct
12,4833.3772,control_oct
19,4833.6776,control_oct
12,4833.9779,control_oct
16,4834.2782,control_oct
36,4834.5785,control_oct
35,4834.8788,control_oct
11,4835.1791,control_oct
35,4835.4794,control_oct
13,4835.7798,control_oct
6,4836.0801,control_oct
13,4836.3804,control_oct
13,4836.6806,control_oct
6,4836.981,control_oct
25,4837.2813,control_oct
13,4837.5816,control_oct
25,4837.8819,control_oct
13,4838.1822,control_oct
37,4838.4826,control_oct
37,4838.7829,control_oct
36,4839.0832,control_oct
35,4839.3835,control_oct
35,4839.6838,control_oct
19,4839.9842,control_oct
35,4840.2844,control_oct
19,4840.5848,control_oct
19,4840.8851,control_oct
19,4841.1854,control_oct
15,4841.4857,control_oct
15,4841.786,control_oct
19,4842.0863,control_oct
1,4842.3867,control_oct
1,4842.6869,control_oct
15,4842.9873,control_oct
1,4843.2876,control_oct
26,4843.5879,control_oct
31,4843.8882,control_oct
26,4844.1885,control_oct
26,4844.4888,control_oct
31,4844.7891,control_oct
31,4845.0894,control_oct
37,4845.3898,control_oct
11,4845.6901,control_oct
17,4845.9904,control_oct
36,4846.2907,control_oct
35,4846.591,control_oct
25,4846.8913,control_oct
10,4847.1916,control_oct
25,4847.4919,control_oct
37,4847.7922,control_oct
6,4848.0926,control_oct
25,4848.3929,control_oct
25,4848.6932,control_oct
10,4848.9935,control_oct
13,4849.2938,control_oct
18,4849.5941,control_oct
13,4849.8944,control_oct
13,4850.1948,control_oct
13,4850.495,control_oct
13,4850.7954,control_oct
6,4851.0956,control_oct
25,4851.396,control_oct
6,4851.6963,control_oct
13,4851.9966,control_oct
13,4852.297,control_oct
10,4852.5973,control_oct
6,4852.8975,control_oct
6,4853.1979,control_oct
37,4853.4982,control_oct
37,4853.7985,control_oct
13,4854.0988,control_oct
10,4854.3991,control_oct
6,4854.6994,control_oct
6,4854.9997,control_oct
13,4855.3,control_oct
31,4855.6004,control_oct
14,4855.9007,control_oct
37,4856.201,control_oct
19,4856.5013,control_oct
35,4856.8016,control_oct
12,4857.1019,control_oct
35,4857.4023,control_oct
19,4857.7026,control_oct
19,4858.0029,control_oct
19,4858.3032,control_oct
12,4858.6035,control_oct
19,4858.9038,control_oct
35,4859.2041,control_oct
11,4859.5044,control_oct
35,4859.8047,control_oct
12,4860.105,control_oct
1,4860.4053,control_oct
7,4860.7057,control_oct
15,4861.006,control_oct
31,4861.3063,control_oct
27,4861.6075,control_oct
31,4861.9069,control_oct
37,4862.2073,control_oct
6,4862.5075,control_oct
10,4862.8079,control_oct
36,4863.1081,control_oct
12,4863.4085,control_oct
19,4863.7088,control_oct
19,4864.0091,control_oct
19,4864.3094,control_oct
35,4864.6097,control_oct
19,4864.91,control_oct
18,4865.2104,control_oct
14,4865.5107,control_oct
27,4865.811,control_oct
27,4866.1113,control_oct
27,4866.4116,control_oct
27,4866.7119,control_oct
2,4867.0122,control_oct
7,4867.3126,control_oct
30,4867.6129,control_oct
32,4867.9132,control_oct
7,4868.2135,control_oct
7,4868.5138,control_oct
7,4868.8141,control_oct
7,4869.1144,control_oct
7,4869.4147,control_oct
20,4869.715,control_oct
7,4870.0153,control_oct
7,4870.3156,control_oct
7,4870.6159,control_oct
32,4870.9162,control_oct
7,4871.2166,control_oct
7,4871.5169,control_oct
30,4871.8172,control_oct
7,4872.1175,control_oct
20,4872.4178,control_oct
27,4872.7181,control_oct
31,4873.0184,control_oct
23,4873.3188,control_oct
14,4873.6191,control_oct
29,4873.9195,control_oct
31,4874.2197,control_oct
14,4874.52,control_oct
23,4874.8203,control_oct
27,4875.1206,control_oct
27,4875.421,control_oct
31,4875.7213,control_oct
29,4876.0216,control_oct
27,4876.3219,control_oct
31,4876.6222,control_oct
27,4876.9225,control_oct
27,4877.2228,control_oct
29,4877.5231,control_oct
20,4877.8235,control_oct
20,4878.1238,control_oct
23,4878.4241,control_oct
31,4878.7244,control_oct
31,4879.0247,control_oct
20,4879.325,control_oct
1,4879.6253,control_oct
18,4879.9256,control_oct
18,4880.226,control_oct
20,4880.5263,control_oct
23,4880.8266,control_oct
14,4881.1269,control_oct
31,4881.4272,control_oct
31,4881.7275,control_oct
31,4882.0278,control_oct
14,4882.329,control_oct
20,4882.6284,control_oct
23,4882.9288,control_oct
20,4883.2291,control_oct
23,4883.5294,control_oct
31,4883.8297,control_oct
29,4884.13,control_oct
20,4884.4303,control_oct
23,4884.7356,control_oct
20,4885.031,control_oct
20,4885.3313,control_oct
30,4885.6316,control_oct
23,4885.9319,control_oct
29,4886.2322,control_oct
29,4886.5325,control_oct
29,4886.8328,control_oct
33,4887.1332,control_oct
29,4887.4335,control_oct
33,4887.7338,control_oct
29,4888.0341,control_oct
29,4888.3344,control_oct
29,4888.6347,control_oct
29,4888.935,control_oct
29,4889.2353,control_oct
29,4889.5356,control_oct
29,4889.8359,control_oct
29,4890.1363,control_oct
29,4890.4365,control_oct
28,4890.7369,control_oct
29,4891.0372,control_oct
30,4891.3375,control_oct
20,4891.6379,control_oct
30,4891.9381,control_oct
28,4892.2384,control_oct
30,4892.5388,control_oct
20,4892.8391,control_oct
20,4893.1394,control_oct
29,4893.4397,control_oct
29,4893.74,control_oct
29,4894.0404,control_oct
29,4894.3407,control_oct
29,4894.641,control_oct
29,4894.9412,control_oct
29,4895.2416,control_oct
29,4895.5419,control_oct
29,4895.8422,control_oct
29,4896.1426,control_oct
29,4896.4428,control_oct
29,4896.7431,control_oct
29,4897.0435,control_oct
29,4897.3438,control_oct
29,4897.6441,control_oct
20,4897.9444,control_oct
28,4898.2447,control_oct
29,4898.5451,control_oct
20,4898.8453,control_oct
28,4899.1456,control_oct
29,4899.446,control_oct
29,4899.7463,control_oct
29,4900.0466,control_oct
14,4900.3469,control_oct
18,4900.6472,control_oct
13,4900.9475,control_oct
16,4901.2479,control_oct
35,4901.5481,control_oct
17,4901.8485,control_oct
24,4902.1488,control_oct
17,4902.4491,control_oct
17,4902.7494,control_oct
17,4903.0497,control_oct
1,4903.35,control_oct
29,4903.6504,control_oct
7,4903.9507,control_oct
20,4904.251,control_oct
23,4904.5513,control_oct
29,4904.8516,control_oct
20,4905.1519,control_oct
23,4905.4522,control_oct
29,4905.7525,control_oct
20,4906.0528,control_oct
20,4906.3532,control_oct
23,4906.6535,control_oct
29,4906.9538,control_oct
20,4907.2541,control_oct
20,4907.5544,control_oct
23,4907.8547,control_oct
29,4908.155,control_oct
28,4908.4554,control_oct
28,4908.7557,control_oct
29,4909.056,control_oct
29,4909.3563,control_oct
29,4909.6566,control_oct
29,4909.9569,control_oct
29,4910.2572,control_oct
29,4910.5575,control_oct
33,4910.8579,control_oct
33,4911.1582,control_oct
33,4911.4585,control_oct
33,4911.7588,control_oct
33,4912.0591,control_oct
33,4912.3594,control_oct
33,4912.6597,control_oct
33,4912.96,control_oct
33,4913.2604,control_oct
29,4913.5607,control_oct
33,4913.861,control_oct
29,4914.1613,control_oct
29,4914.4616,control_oct
29,4914.7619,control_oct
33,4915.0622,control_oct
31,4915.3626,control_oct
33,4915.6628,control_oct
33,4915.9631,control_oct
21,4916.2635,control_oct
27,4916.5638,control_oct
27,4916.8641,control_oct
27,4917.1644,control_oct
29,4917.4647,control_oct
37,4917.7651,control_oct
11,4918.0653,control_oct
16,4918.3657,control_oct
17,4918.6659,control_oct
11,4918.9663,control_oct
15,4919.2666,control_oct
7,4919.5669,control_oct
7,4919.8672,control_oct
29,4920.1675,control_oct
14,4920.4678,control_oct
20,4920.7682,control_oct
20,4921.0685,control_oct
23,4921.3688,control_oct
20,4921.6691,control_oct
23,4921.9695,control_oct
20,4922.2697,control_oct
29,4922.57,control_oct
29,4922.8704,control_oct
23,4923.1707,control_oct
14,4923.471,control_oct
33,4923.7713,control_oct
33,4924.0716,control_oct
33,4924.3719,control_oct
29,4924.6723,control_oct
33,4924.9725,control_oct
33,4925.2729,control_oct
33,4925.5732,control_oct
33,4925.8735,control_oct
33,4926.1738,control_oct
33,4926.4741,control_oct
33,4926.7744,control_oct
33,4927.0748,control_oct
37,4927.3751,control_oct
33,4927.6754,control_oct
33,4927.9807,control_oct
33,4928.2759,control_oct
29,4928.5763,control_oct
33,4928.8766,control_oct
29,4929.1769,control_oct
33,4929.4772,control_oct
29,4929.7776,control_oct
29,4930.0779,control_oct
29,4930.3781,control_oct
29,4930.6785,control_oct
29,4930.9796,control_oct
29,4931.2791,control_oct
23,4931.5795,control_oct
27,4931.8797,control_oct
27,4932.18,control_oct
21,4932.4804,control_oct
21,4932.7807,control_oct
21,4933.081,control_oct
21,4933.3813,control_oct
21,4933.6816,control_oct
21,4933.9819,control_oct
21,4934.2823,control_oct
21,4934.5825,control_oct
21,4934.8828,control_oct
21,4935.1832,control_oct
21,4935.4835,control_oct
21,4935.7838,control_oct
21,4936.0841,control_oct
21,4936.3844,control_oct
21,4936.6848,control_oct
33,4936.9851,control_oct
33,4937.2853,control_oct
33,4937.5857,control_oct
37,4937.886,control_oct
18,4938.1863,control_oct
18,4938.4866,control_oct
33,4938.7869,control_oct
33,4939.0873,control_oct
33,4939.3876,control_oct
33,4939.6879,control_oct
33,4939.9882,control_oct
33,4940.2885,control_oct
33,4940.5888,control_oct
33,4940.8892,control_oct
33,4941.1894,control_oct
33,4941.4898,control_oct
29,4941.79,control_oct
29,4942.0903,control_oct
29,4942.3907,control_oct
31,4942.691,control_oct
23,4942.9913,control_oct
23,4943.2916,control_oct
1,4943.5919,control_oct
20,4943.8922,control_oct
5,4944.1926,control_oct
5,4944.4929,control_oct
5,4944.7932,control_oct
34,4945.0935,control_oct
32,4945.3938,control_oct
32,4945.6941,control_oct
32,4945.9945,control_oct
5,4946.2948,control_oct
5,4946.5951,control_oct
5,4946.8954,control_oct
1,4947.1957,control_oct
19,4947.4961,control_oct
8,4947.7963,control_oct
12,4948.0967,control_oct
16,4948.3969,control_oct
12,4948.6973,control_oct
23,4948.9976,control_oct
1,4949.2979,control_oct
29,4949.5982,control_oct
14,4949.8985,control_oct
23,4950.1988,control_oct
20,4950.4992,control_oct
29,4950.7995,control_oct
20,4951.0998,control_oct
29,4951.4001,control_oct
27,4951.7004,control_oct
37,4952.0007,control_oct
15,4952.301,control_oct
32,4952.6013,control_oct
15,4952.9016,control_oct
15,4953.202,control_oct
23,4953.5023,control_oct
20,4953.8026,control_oct
20,4954.1029,control_oct
28,4954.4032,control_oct
34,4954.7035,control_oct
28,4955.0038,control_oct
28,4955.3042,control_oct
28,4955.6045,control_oct
28,4955.9048,control_oct
28,4956.2051,control_oct
28,4956.5054,control_oct
28,4956.8057,control_oct
28,4957.106,control_oct
28,4957.4063,control_oct
28,4957.7066,control_oct
28,4958.007,control_oct
28,4958.3072,control_oct
28,4958.6076,control_oct
28,4958.9079,control_oct
28,4959.2082,control_oct
28,4959.5085,control_oct
28,4959.8089,control_oct
20,4960.1092,control_oct
20,4960.4095,control_oct
23,4960.7098,control_oct
20,4961.0101,control_oct
14,4961.3104,control_oct
34,4961.6107,control_oct
28,4961.911,control_oct
20,4962.2113,control_oct
20,4962.5117,control_oct
31,4962.812,control_oct
21,4963.1123,control_oct
21,4963.4126,control_oct
21,4963.7129,control_oct
21,4964.0132,control_oct
21,4964.3135,control_oct
21,4964.6139,control_oct
21,4964.9141,control_oct
21,4965.2145,control_oct
21,4965.5148,control_oct
21,4965.8151,control_oct
21,4966.1154,control_oct
27,4966.4158,control_oct
27,4966.716,control_oct
26,4967.0164,control_oct
26,4967.3167,control_oct
27,4967.617,control_oct
27,4967.9173,control_oct
22,4968.2176,control_oct
27,4968.518,control_oct
14,4968.8183,control_oct
7,4969.1186,control_oct
7,4969.4189,control_oct
7,4969.7192,control_oct
7,4970.0195,control_oct
7,4970.3198,control_oct
20,4970.6201,control_oct
20,4970.9205,control_oct
27,4971.2207,control_oct
21,4971.5211,control_oct
37,4971.8213,control_oct
31,4972.1217,control_oct
27,4972.422,control_oct
27,4972.7223,control_oct
27,4973.0226,control_oct
20,4973.323,control_oct
20,4973.6233,control_oct
23,4973.9236,control_oct
20,4974.2239,control_oct
8,4974.5242,control_oct
23,4974.8245,control_oct
15,4975.1249,control_oct
8,4975.4251,control_oct
16,4975.7255,control_oct
16,4976.0258,control_oct
16,4976.3261,control_oct
1,4976.6264,control_oct
23,4976.9268,control_oct
20,4977.227,control_oct
14,4977.5274,control_oct
28,4977.8276,control_oct
23,4978.128,control_oct
20,4978.4283,control_oct
23,4978.7336,control_oct
20,4979.0289,control_oct
23,4979.3292,control_oct
20,4979.6295,control_oct
23,4979.9298,control_oct
20,4980.2302,control_oct
20,4980.5304,control_oct
23,4980.8308,control_oct
20,4981.1311,control_oct
34,4981.4315,control_oct
23,4981.7317,control_oct
31,4982.0321,control_oct
14,4982.3324,control_oct
23,4982.6327,control_oct
21,4982.933,control_oct
33,4983.2333,control_oct
29,4983.5336,control_oct
21,4983.834,control_oct
14,4984.1342,control_oct
20,4984.4346,control_oct
20,4984.7349,control_oct
20,4985.0351,control_oct
13,4985.3355,control_oct
18,4985.6358,control_oct
31,4985.9361,control_oct
10,4986.2364,control_oct
14,4986.5368,control_oct
23,4986.8371,control_oct
20,4987.1374,control_oct
23,4987.4377,control_oct
23,4987.738,control_oct
31,4988.0383,control_oct
20,4988.3386,control_oct
20,4988.6389,control_oct
1,4988.9392,control_oct
18,4989.2396,control_oct
31,4989.5408,control_oct
31,4989.8402,control_oct
14,4990.1405,control_oct
23,4990.4408,control_oct
29,4990.7412,control_oct
27,4991.0415,control_oct
27,4991.3418,control_oct
31,4991.6421,control_oct
29,4991.9424,control_oct
29,4992.2427,control_oct
29,4992.543,control_oct
29,4992.8433,control_oct
29,4993.1436,control_oct
29,4993.444,control_oct
31,4993.7443,control_oct
29,4994.0446,control_oct
29,4994.3449,control_oct
29,4994.6452,control_oct
29,4994.9455,control_oct
29,4995.2458,control_oct
29,4995.5462,control_oct
29,4995.8465,control_oct
29,4996.1468,control_oct
29,4996.4471,control_oct
29,4996.7474,control_oct
27,4997.0477,control_oct
27,4997.348,control_oct
27,4997.6483,control_oct
27,4997.9487,control_oct
27,4998.249,control_oct
27,4998.5493,control_oct
27,4998.8496,control_oct
27,4999.1499,control_oct
27,4999.4502,control_oct
27,4999.7505,control_oct
22,5000.0508,control_oct
22,5000.3512,control_oct
3,5000.6515,control_oct
9,5000.9518,control_oct
3,5001.2521,control_oct
9,5001.5524,control_oct
22,5001.8527,control_oct
3,5002.153,control_oct
3,5002.4533,control_oct
22,5002.7537,control_oct
9,5003.054,control_oct
9,5003.3543,control_oct
22,5003.6546,control_oct
27,5003.9549,control_oct
22,5004.2553,control_oct
3,5004.5556,control_oct
22,5004.8559,control_oct
22,5005.1562,control_oct
22,5005.4565,control_oct
22,5005.7568,control_oct
22,5006.0572,control_oct
22,5006.3574,control_oct
27,5006.6577,control_oct
22,5006.9581,control_oct
22,5007.2584,control_oct
22,5007.5587,control_oct
2,5007.859,control_oct
22,5008.1593,control_oct
22,5008.4596,control_oct
22,5008.7599,control_oct
22,5009.0603,control_oct
22,5009.3605,control_oct
22,5009.6609,control_oct
22,5009.9612,control_oct
22,5010.2615,control_oct
27,5010.5619,control_oct
27,5010.8621,control_oct
22,5011.1625,control_oct
22,5011.4628,control_oct
2,5011.7631,control_oct
22,5012.0634,control_oct
22,5012.3637,control_oct
22,5012.664,control_oct
22,5012.9643,control_oct
22,5013.2646,control_oct
22,5013.565,control_oct
27,5013.8653,control_oct
22,5014.1656,control_oct
22,5014.4659,control_oct
22,5014.7662,control_oct
22,5015.0665,control_oct
22,5015.3669,control_oct
22,5015.6672,control_oct
22,5015.9675,control_oct
22,5016.2678,control_oct
22,5016.5681,control_oct
27,5016.8684,control_oct
27,5017.1688,control_oct
22,5017.469,control_oct
27,5017.7693,control_oct
27,5018.0696,control_oct
27,5018.37,control_oct
22,5018.6703,control_oct
22,5018.9706,control_oct
30,5019.2709,control_oct
30,5019.5712,control_oct
27,5019.8715,control_oct
22,5020.1719,control_oct
22,5020.4722,control_oct
22,5020.7725,control_oct
22,5021.0728,control_oct
27,5021.3731,control_oct
22,5021.6734,control_oct
22,5021.9738,control_oct
27,5022.2741,control_oct
27,5022.5744,control_oct
37,5022.8747,control_oct
6,5023.175,control_oct
12,5023.4753,control_oct
15,5023.7756,control_oct
11,5024.076,control_oct
20,5024.3763,control_oct
1,5024.6766,control_oct
7,5024.9769,control_oct
20,5025.2772,control_oct
20,5025.5775,control_oct
23,5025.8779,control_oct
20,5026.1781,control_oct
20,5026.4785,control_oct
15,5027.0791,control_oct
20,5027.3794,control_oct
7,5027.6797,control_oct
7,5027.98,control_oct
1,5028.2804,control_oct
31,5028.5807,control_oct
31,5028.881,control_oct
29,5029.1813,control_oct
31,5029.4816,control_oct
29,5029.7819,control_oct
27,5030.0822,control_oct
27,5030.3826,control_oct
33,5030.6828,control_oct
33,5030.9832,control_oct
33,5031.2835,control_oct
33,5031.5838,control_oct
33,5031.8841,control_oct
33,5032.1844,control_oct
33,5032.4848,control_oct
29,5032.7851,control_oct
33,5033.0854,control_oct
33,5033.3857,control_oct
33,5033.686,control_oct
33,5033.9863,control_oct
33,5034.2867,control_oct
33,5034.5869,control_oct
33,5034.8873,control_oct
33,5035.1876,control_oct
33,5035.4879,control_oct
33,5035.7882,control_oct
33,5036.0885,control_oct
33,5036.3889,control_oct
33,5036.6892,control_oct
33,5036.9895,control_oct
33,5037.2898,control_oct
33,5037.5901,control_oct
33,5037.8904,control_oct
33,5038.1907,control_oct
33,5038.4911,control_oct
33,5038.7913,control_oct
33,5039.0917,control_oct
33,5039.392,control_oct
33,5039.6923,control_oct
33,5039.9926,control_oct
31,5040.2929,control_oct
31,5040.5932,control_oct
31,5040.8935,control_oct
31,5041.1939,control_oct
21,5041.4942,control_oct
21,5041.7945,control_oct
31,5042.0948,control_oct
31,5042.3951,control_oct
31,5042.6954,control_oct
26,5042.9957,control_oct
37,5043.296,control_oct
26,5043.5964,control_oct
18,5043.8967,control_oct
29,5044.197,control_oct
23,5044.4973,control_oct
29,5044.7976,control_oct
14,5045.098,control_oct
23,5045.3982,control_oct
20,5045.6986,control_oct
23,5045.9989,control_oct
20,5046.2992,control_oct
20,5046.5995,control_oct
23,5046.8998,control_oct
23,5047.2002,control_oct
20,5047.5004,control_oct
20,5047.8008,control_oct
20,5048.1011,control_oct
20,5048.4014,control_oct
20,5048.7017,control_oct
23,5049.002,control_oct
28,5049.3023,control_oct
28,5049.6027,control_oct
28,5049.9029,control_oct
28,5050.2032,control_oct
28,5050.5036,control_oct
28,5050.8039,control_oct
28,5051.1043,control_oct
28,5051.4045,control_oct
28,5051.7049,control_oct
28,5052.0052,control_oct
29,5052.3055,control_oct
20,5052.6058,control_oct
29,5052.9061,control_oct
29,5053.2064,control_oct
29,5053.5068,control_oct
28,5053.8071,control_oct
28,5054.1074,control_oct
28,5054.4077,control_oct
28,5054.708,control_oct
28,5055.0083,control_oct
29,5055.3086,control_oct
28,5055.6089,control_oct
20,5055.9093,control_oct
28,5056.2096,control_oct
28,5056.5099,control_oct
28,5056.8102,control_oct
28,5057.1105,control_oct
28,5057.4108,control_oct
28,5057.7111,control_oct
28,5058.0114,control_oct
28,5058.3118,control_oct
28,5058.6121,control_oct
20,5058.9124,control_oct
23,5059.2127,control_oct
20,5059.5131,control_oct
7,5059.8133,control_oct
20,5060.1136,control_oct
29,5060.4139,control_oct
31,5060.7143,control_oct
29,5061.0146,control_oct
27,5061.3149,control_oct
31,5061.6152,control_oct
29,5061.9155,control_oct
14,5062.2158,control_oct
27,5062.5161,control_oct
20,5062.8165,control_oct
20,5063.1168,control_oct
20,5063.4171,control_oct
20,5063.7174,control_oct
20,5064.0177,control_oct
34,5064.318,control_oct
34,5064.6183,control_oct
28,5064.9187,control_oct
34,5065.219,control_oct
34,5065.5193,control_oct
34,5065.8196,control_oct
20,5066.12,control_oct
23,5066.4202,control_oct
14,5066.7205,control_oct
20,5067.0217,control_oct
23,5067.3212,control_oct
23,5067.6215,control_oct
26,5067.9218,control_oct
14,5068.2221,control_oct
20,5068.5224,control_oct
28,5068.8227,control_oct
34,5069.123,control_oct
23,5069.4234,control_oct
7,5069.7237,control_oct
15,5070.024,control_oct
20,5070.3243,control_oct
23,5070.6246,control_oct
20,5070.9249,control_oct
14,5071.2252,control_oct
23,5071.5256,control_oct
31,5071.8259,control_oct
14,5072.1262,control_oct
27,5072.4265,control_oct
31,5072.7268,control_oct
21,5073.0271,control_oct
31,5073.3275,control_oct
27,5073.6278,control_oct
23,5073.9281,control_oct
20,5074.2284,control_oct
20,5074.5287,control_oct
7,5074.829,control_oct
1,5075.1293,control_oct
21,5075.4297,control_oct
37,5075.73,control_oct
25,5076.0303,control_oct
16,5076.3307,control_oct
17,5076.6309,control_oct
17,5076.9312,control_oct
17,5077.2316,control_oct
16,5077.5319,control_oct
12,5077.8322,control_oct
16,5078.1325,control_oct
17,5078.4328,control_oct
17,5078.7331,control_oct
16,5079.0335,control_oct
35,5079.3338,control_oct
8,5079.634,control_oct
11,5079.9344,control_oct
16,5080.2347,control_oct
17,5080.535,control_oct
17,5080.8354,control_oct
16,5081.1356,control_oct
36,5081.436,control_oct
20,5081.7363,control_oct
28,5082.0366,control_oct
23,5082.3369,control_oct
14,5082.6372,control_oct
23,5082.9376,control_oct
14,5083.2379,control_oct
14,5083.5381,control_oct
23,5083.8385,control_oct
14,5084.1388,control_oct
13,5084.4391,control_oct
13,5084.7394,control_oct
25,5085.0397,control_oct
12,5085.3401,control_oct
15,5085.6403,control_oct
14,5085.9407,control_oct
23,5086.241,control_oct
20,5086.5413,control_oct
20,5086.8417,control_oct
23,5087.1419,control_oct
37,5087.4422,control_oct
25,5087.7426,control_oct
12,5088.0429,control_oct
20,5088.3432,control_oct
28,5088.6435,control_oct
23,5088.9439,control_oct
14,5089.2441,control_oct
20,5089.5445,control_oct
23,5089.8448,control_oct
20,5090.1451,control_oct
1,5090.4454,control_oct
15,5090.7457,control_oct
2,5091.046,control_oct
9,5091.3463,control_oct
2,5091.6466,control_oct
11,5091.947,control_oct
24,5092.2473,control_oct
9,5092.5476,control_oct
24,5092.848,control_oct
8,5093.1483,control_oct
10,5093.4486,control_oct
16,5093.7489,control_oct
11,5094.0492,control_oct
7,5094.3495,control_oct
20,5094.6498,control_oct
23,5094.9501,control_oct
20,5095.2505,control_oct
23,5095.5558,control_oct
14,5095.8511,control_oct
18,5096.1514,control_oct
6,5096.4517,control_oct
37,5096.752,control_oct
20,5097.0524,control_oct
23,5097.3526,control_oct
14,5097.653,control_oct
14,5097.9533,control_oct
20,5098.2537,control_oct
20,5098.5539,control_oct
23,5098.8543,control_oct
23,5099.1546,control_oct
14,5099.4548,control_oct
31,5099.7552,control_oct
29,5100.0555,control_oct
31,5100.3558,control_oct
26,5100.6561,control_oct
6,5100.9564,control_oct
6,5101.2568,control_oct
25,5101.5572,control_oct
13,5101.8574,control_oct
37,5102.1577,control_oct
20,5102.458,control_oct
23,5102.7583,control_oct
18,5103.0586,control_oct
1,5103.359,control_oct
7,5103.6593,control_oct
20,5103.9596,control_oct
20,5104.2599,control_oct
23,5104.5602,control_oct
14,5104.8605,control_oct
23,5105.1609,control_oct
14,5105.4612,control_oct
23,5105.7624,control_oct
20,5106.0619,control_oct
23,5106.3621,control_oct
14,5106.6624,control_oct
18,5106.9628,control_oct
14,5107.2631,control_oct
31,5107.5634,control_oct
7,5107.8637,control_oct
30,5108.164,control_oct
23,5108.4643,control_oct
1,5108.7646,control_oct
13,5109.0649,control_oct
13,5109.3653,control_oct
25,5109.6656,control_oct
25,5109.966,control_oct
31,5110.2661,control_oct
23,5110.5665,control_oct
23,5110.8668,control_oct
13,5111.1672,control_oct
10,5111.4675,control_oct
25,5111.7678,control_oct
25,5112.0681,control_oct
6,5112.3684,control_oct
13,5112.6688,control_oct
10,5112.9691,control_oct
25,5113.2694,control_oct
6,5113.5697,control_oct
25,5113.8701,control_oct
37,5114.1703,control_oct
37,5114.4706,control_oct
15,5114.7709,control_oct
15,5115.0712,control_oct
1,5115.3716,control_oct
5,5115.6719,control_oct
28,5115.9722,control_oct
23,5116.2725,control_oct
35,5116.5729,control_oct
12,5116.8732,control_oct
20,5117.1735,control_oct
23,5117.4738,control_oct
20,5117.7742,control_oct
23,5118.0744,control_oct
23,5118.3747,control_oct
31,5118.675,control_oct
14,5118.9754,control_oct
23,5119.2757,control_oct
14,5119.576,control_oct
18,5119.8763,control_oct
13,5120.1766,control_oct
29,5120.477,control_oct
37,5120.7772,control_oct
18,5121.0776,control_oct
29,5121.3779,control_oct
37,5121.6781,control_oct
29,5121.9786,control_oct
20,5122.2788,control_oct
28,5122.5791,control_oct
28,5122.8795,control_oct
28,5123.1798,control_oct
20,5123.4801,control_oct
23,5123.7804,control_oct
20,5124.0807,control_oct
18,5124.3811,control_oct
25,5124.6814,control_oct
25,5124.9826,control_oct
6,5125.282,control_oct
25,5125.5823,control_oct
6,5125.8826,control_oct
6,5126.1829,control_oct
10,5126.4833,control_oct
25,5126.7836,control_oct
16,5127.0839,control_oct
36,5127.3842,control_oct
17,5127.6846,control_oct
17,5127.9849,control_oct
17,5128.2852,control_oct
35,5128.5854,control_oct
11,5128.8858,control_oct
15,5129.1861,control_oct
15,5129.4864,control_oct
1,5129.7867,control_oct
11,5130.087,control_oct
35,5130.3874,control_oct
35,5130.6876,control_oct
35,5130.988,control_oct
25,5131.2883,control_oct
16,5131.5887,control_oct
36,5131.889,control_oct
16,5132.1892,control_oct
36,5132.4895,control_oct
35,5132.7899,control_oct
11,5133.0902,control_oct
35,5133.3905,control_oct
35,5133.6908,control_oct
37,5133.9911,control_oct
19,5134.2915,control_oct
35,5134.5918,control_oct
11,5134.892,control_oct
35,5135.1924,control_oct
12,5135.4927,control_oct
11,5135.7931,control_oct
35,5136.0934,control_oct
35,5136.3937,control_oct
19,5136.694,control_oct
19,5136.9942,control_oct
11,5137.2946,control_oct
18,5137.5949,control_oct
6,5137.8952,control_oct
6,5138.1955,control_oct
11,5138.4959,control_oct
15,5138.7962,control_oct
7,5139.0965,control_oct
1,5139.3968,control_oct
11,5139.6971,control_oct
19,5139.9974,control_oct
19,5140.2978,control_oct
20,5140.5981,control_oct
31,5140.8984,control_oct
31,5141.1987,control_oct
18,5141.499,control_oct
37,5141.7993,control_oct
13,5142.0996,control_oct
13,5142.4,control_oct
18,5142.7003,control_oct
37,5143.0006,control_oct
31,5143.3009,control_oct
31,5143.6012,control_oct
31,5143.9015,control_oct
13,5144.2019,control_oct
35,5144.5022,control_oct
12,5144.8025,control_oct
1,5145.1028,control_oct
23,5145.4031,control_oct
1,5145.7034,control_oct
35,5146.0037,control_oct
11,5146.304,control_oct
35,5146.6044,control_oct
35,5146.9047,control_oct
35,5147.205,control_oct
35,5147.5053,control_oct
12,5147.8056,control_oct
15,5148.1059,control_oct
11,5148.4062,control_oct
11,5148.7066,control_oct
11,5149.0069,control_oct
19,5149.3072,control_oct
19,5149.6076,control_oct
19,5149.9078,control_oct
15,5150.2081,control_oct
19,5150.5085,control_oct
19,5150.8088,control_oct
35,5151.1091,control_oct
11,5151.4093,control_oct
12,5151.7097,control_oct
19,5152.01,control_oct
19,5152.3103,control_oct
19,5152.6107,control_oct
18,5152.9109,control_oct
37,5153.2112,control_oct
37,5153.5116,control_oct
8,5153.8119,control_oct
15,5154.1122,control_oct
19,5154.4125,control_oct
19,5154.7128,control_oct
11,5155.0131,control_oct
19,5155.3135,control_oct
15,5155.6137,control_oct
11,5155.9141,control_oct
35,5156.2144,control_oct
35,5156.5147,control_oct
19,5156.815,control_oct
15,5157.1154,control_oct
7,5157.4157,control_oct
11,5157.7159,control_oct
12,5158.0163,control_oct
10,5158.3166,control_oct
25,5158.617,control_oct
12,5158.9172,control_oct
16,5159.2175,control_oct
12,5159.5179,control_oct
8,5159.8182,control_oct
35,5160.1185,control_oct
35,5160.4188,control_oct
25,5160.7191,control_oct
17,5161.0194,control_oct
16,5161.3197,control_oct
17,5161.62,control_oct
17,5161.9204,control_oct
36,5162.2207,control_oct
17,5162.5211,control_oct
1,5162.8213,control_oct
31,5163.1216,control_oct
11,5163.4219,control_oct
19,5163.7222,control_oct
12,5164.0225,control_oct
35,5164.3229,control_oct
36,5164.6232,control_oct
16,5164.9235,control_oct
36,5165.2238,control_oct
16,5165.5241,control_oct
11,5165.8244,control_oct
19,5166.1248,control_oct
35,5166.4251,control_oct
35,5166.7253,control_oct
35,5167.0257,control_oct
11,5167.326,control_oct
11,5167.6264,control_oct
11,5167.9266,control_oct
12,5168.2269,control_oct
11,5168.5273,control_oct
19,5168.8276,control_oct
15,5169.1279,control_oct
15,5169.4282,control_oct
15,5169.7285,control_oct
7,5170.0289,control_oct
1,5170.3292,control_oct
19,5170.6295,control_oct
35,5170.9298,control_oct
8,5171.231,control_oct
36,5171.5304,control_oct
16,5171.8307,control_oct
17,5172.131,control_oct
17,5172.4314,control_oct
17,5172.7317,control_oct
16,5173.032,control_oct
10,5173.3323,control_oct
10,5173.6326,control_oct
10,5173.933,control_oct
11,5174.2333,control_oct
6,5174.5336,control_oct
13,5174.8339,control_oct
25,5175.1342,control_oct
10,5175.4345,control_oct
25,5175.7348,control_oct
10,5176.0351,control_oct
6,5176.3355,control_oct
35,5176.6357,control_oct
36,5176.9361,control_oct
17,5177.2364,control_oct
16,5177.5367,control_oct
10,5177.837,control_oct
10,5178.1373,control_oct
6,5178.4376,control_oct
10,5178.738,control_oct
10,5179.0383,control_oct
24,5179.3386,control_oct
24,5179.6389,control_oct
10,5179.9392,control_oct
10,5180.2396,control_oct
13,5180.5398,control_oct
13,5180.8402,control_oct
10,5181.1404,control_oct
17,5181.4407,control_oct
16,5181.7411,control_oct
15,5182.0414,control_oct
20,5182.3417,control_oct
7,5182.642,control_oct
7,5182.9423,control_oct
7,5183.2427,control_oct
8,5183.543,control_oct
35,5183.8433,control_oct
35,5184.1436,control_oct
17,5184.4439,control_oct
16,5184.7443,control_oct
10,5185.0445,control_oct
10,5185.3449,control_oct
6,5185.6452,control_oct
37,5185.9455,control_oct
12,5186.2458,control_oct
35,5186.5461,control_oct
6,5186.8464,control_oct
25,5187.1468,control_oct
6,5187.4471,control_oct
10,5187.7474,control_oct
13,5188.0477,control_oct
10,5188.348,control_oct
17,5188.6483,control_oct
12,5188.9486,control_oct
19,5189.249,control_oct
11,5189.5493,control_oct
15,5189.8495,control_oct
19,5190.1499,control_oct
36,5190.4502,control_oct
17,5190.7506,control_oct
16,5191.0508,control_oct
36,5191.3511,control_oct
16,5191.6515,control_oct
36,5191.9518,control_oct
35,5192.2521,control_oct
8,5192.5524,control_oct
35,5192.8527,control_oct
16,5193.153,control_oct
16,5193.4533,control_oct
17,5193.7536,control_oct
17,5194.054,control_oct
8,5194.3542,control_oct
11,5194.6546,control_oct
11,5194.9549,control_oct
11,5195.2552,control_oct
17,5195.5556,control_oct
16,5195.8559,control_oct
10,5196.1562,control_oct
25,5196.4565,control_oct
13,5196.7568,control_oct
25,5197.0571,control_oct
13,5197.3574,control_oct
10,5197.6577,control_oct
25,5197.958,control_oct
37,5198.2584,control_oct
14,5198.5587,control_oct
37,5198.8589,control_oct
19,5199.1593,control_oct
19,5199.4596,control_oct
11,5199.7599,control_oct
11,5200.0602,control_oct
35,5200.3606,control_oct
11,5200.6609,control_oct
35,5200.9612,control_oct
11,5201.2615,control_oct
1,5201.5618,control_oct
5,5201.8621,control_oct
5,5202.1624,control_oct
5,5202.4628,control_oct
1,5202.7631,control_oct
1,5203.0634,control_oct
7,5203.3637,control_oct
7,5203.664,control_oct
11,5203.9644,control_oct
36,5204.2646,control_oct
36,5204.565,control_oct
8,5204.8652,control_oct
11,5205.1656,control_oct
12,5205.4659,control_oct
19,5205.7662,control_oct
1,5206.0665,control_oct
37,5206.3668,control_oct
31,5206.6671,control_oct
26,5206.9675,control_oct
37,5207.2677,control_oct
13,5207.568,control_oct
10,5207.8684,control_oct
6,5208.1687,control_oct
36,5208.469,control_oct
37,5208.7693,control_oct
26,5209.0696,control_oct
26,5209.3699,control_oct
26,5209.6703,control_oct
26,5209.9706,control_oct
9,5210.2709,control_oct
15,5210.5712,control_oct
7,5210.8715,control_oct
19,5211.1719,control_oct
11,5211.4722,control_oct
8,5211.7725,control_oct
19,5212.0728,control_oct
15,5212.3731,control_oct
15,5212.6734,control_oct
7,5212.9737,control_oct
36,5213.274,control_oct
17,5213.5743,control_oct
25,5213.8747,control_oct
19,5214.175,control_oct
31,5214.4753,control_oct
37,5214.7756,control_oct
31,5215.0759,control_oct
26,5215.3762,control_oct
31,5215.6765,control_oct
1,5215.9769,control_oct
12,5216.2772,control_oct
11,5216.5775,control_oct
35,5216.8778,control_oct
18,5217.1781,control_oct
31,5217.4784,control_oct
37,5217.7787,control_oct
11,5218.0791,control_oct
20,5218.3794,control_oct
7,5218.6796,control_oct
7,5218.98,control_oct
7,5219.2803,control_oct
19,5219.5806,control_oct
15,5219.8809,control_oct
1,5220.1813,control_oct
7,5220.4815,control_oct
1,5220.7819,control_oct
1,5221.0821,control_oct
15,5221.3825,control_oct
18,5221.6828,control_oct
18,5221.9831,control_oct
7,5222.2834,control_oct
1,5222.5837,control_oct
8,5222.8841,control_oct
11,5223.1852,control_oct
11,5223.4847,control_oct
35,5223.785,control_oct
12,5224.0853,control_oct
35,5224.3856,control_oct
35,5224.6859,control_oct
11,5224.9862,control_oct
11,5225.2866,control_oct
35,5225.5869,control_oct
36,5225.8872,control_oct
16,5226.1875,control_oct
10,5226.4878,control_oct
10,5226.7881,control_oct
10,5227.0885,control_oct
6,5227.3888,control_oct
36,5227.6891,control_oct
8,5227.9894,control_oct
19,5228.2897,control_oct
35,5228.59,control_oct
35,5228.8903,control_oct
35,5229.1907,control_oct
11,5229.4909,control_oct
12,5229.7913,control_oct
19,5230.0916,control_oct
19,5230.3919,control_oct
35,5230.6922,control_oct
35,5230.9925,control_oct
12,5231.2928,control_oct
35,5231.594,control_oct
36,5231.8934,control_oct
35,5232.1938,control_oct
16,5232.4941,control_oct
12,5232.7944,control_oct
8,5233.0947,control_oct
35,5233.395,control_oct
35,5233.6953,control_oct
35,5233.9956,control_oct
35,5234.2959,control_oct
17,5234.5962,control_oct
17,5234.8966,control_oct
17,5235.1969,control_oct
17,5235.4972,control_oct
15,5235.7975,control_oct
1,5236.0978,control_oct
11,5236.3982,control_oct
19,5236.6985,control_oct
13,5236.9988,control_oct
31,5237.299,control_oct
15,5237.5994,control_oct
35,5237.8997,control_oct
19,5238.2,control_oct
19,5238.5003,control_oct
35,5238.8006,control_oct
19,5239.101,control_oct
19,5239.4013,control_oct
19,5239.7016,control_oct
35,5240.0019,control_oct
15,5240.3022,control_oct
19,5240.9028,control_oct
12,5241.2031,control_oct
18,5241.5035,control_oct
31,5241.8038,control_oct
37,5242.1041,control_oct
26,5242.4044,control_oct
37,5242.7047,control_oct
35,5243.0051,control_oct
36,5243.3053,control_oct
1,5243.6056,control_oct
19,5243.906,control_oct
19,5244.2062,control_oct
35,5244.5066,control_oct
8,5244.8069,control_oct
36,5245.1072,control_oct
36,5245.4075,control_oct
16,5245.7079,control_oct
8,5246.0081,control_oct
37,5246.3084,control_oct
37,5246.6087,control_oct
19,5246.9091,control_oct
11,5247.2094,control_oct
11,5247.5097,control_oct
11,5247.81,control_oct
35,5248.1204,control_oct
35,5248.4107,control_oct
37,5248.7109,control_oct
19,5249.0113,control_oct
6,5249.3116,control_oct
6,5249.6119,control_oct
13,5249.9122,control_oct
6,5250.2125,control_oct
18,5250.5128,control_oct
31,5250.8131,control_oct
37,5251.1134,control_oct
37,5251.4138,control_oct
2,5251.714,control_oct
2,5252.0144,control_oct
26,5252.3146,control_oct
37,5252.615,control_oct
19,5252.9153,control_oct
11,5253.2157,control_oct
19,5253.5159,control_oct
31,5253.8163,control_oct
15,5254.1165,control_oct
26,5254.4168,control_oct
26,5254.7172,control_oct
26,5255.0175,control_oct
4,5255.3178,control_oct
7,5255.6181,control_oct
7,5255.9184,control_oct
1,5256.2187,control_oct
32,5256.519,control_oct
32,5256.8194,control_oct
7,5257.1197,control_oct
7,5257.42,control_oct
15,5257.7203,control_oct
6,5258.0206,control_oct
13,5258.3209,control_oct
13,5258.6213,control_oct
6,5258.9216,control_oct
18,5259.2219,control_oct
37,5259.5222,control_oct
7,5259.8225,control_oct
7,5260.1228,control_oct
32,5260.4231,control_oct
7,5260.7234,control_oct
15,5261.0238,control_oct
32,5261.3241,control_oct
7,5261.6244,control_oct
7,5261.9246,control_oct
15,5262.225,control_oct
19,5262.5253,control_oct
7,5262.8256,control_oct
19,5263.126,control_oct
12,5263.4263,control_oct
35,5263.7266,control_oct
36,5264.0269,control_oct
1,5264.3272,control_oct
1,5264.6275,control_oct
31,5264.9278,control_oct
13,5265.2281,control_oct
12,5265.5284,control_oct
8,5265.8287,control_oct
35,5266.1291,control_oct
35,5266.4294,control_oct
35,5266.7297,control_oct
35,5267.03,control_oct
35,5267.3303,control_oct
7,5267.6307,control_oct
15,5267.9309,control_oct
19,5268.2313,control_oct
19,5268.5316,control_oct
35,5268.8319,control_oct
35,5269.1322,control_oct
19,5269.4325,control_oct
7,5269.7328,control_oct
1,5270.0331,control_oct
24,5270.3334,control_oct
9,5270.6346,control_oct
19,5270.934,control_oct
15,5271.2344,control_oct
1,5271.5347,control_oct
19,5271.835,control_oct
13,5272.1353,control_oct
25,5272.4357,control_oct
35,5272.7359,control_oct
12,5273.0363,control_oct
8,5273.3365,control_oct
11,5273.6369,control_oct
19,5273.9372,control_oct
35,5274.2375,control_oct
18,5274.5378,control_oct
37,5274.8381,control_oct
37,5275.1385,control_oct
6,5275.4388,control_oct
18,5275.7391,control_oct
12,5276.0394,control_oct
35,5276.3397,control_oct
11,5276.64,control_oct
15,5276.9403,control_oct
15,5277.2407,control_oct
2,5277.5409,control_oct
32,5277.8412,control_oct
11,5278.1416,control_oct
19,5278.4419,control_oct
11,5278.7422,control_oct
11,5279.0425,control_oct
19,5279.3428,control_oct
32,5279.6432,control_oct
32,5279.9435,control_oct
9,5280.2438,control_oct
19,5280.5441,control_oct
19,5280.8444,control_oct
24,5281.1447,control_oct
11,5281.4451,control_oct
11,5281.7454,control_oct
1,5282.0457,control_oct
7,5282.346,control_oct
32,5282.6463,control_oct
9,5282.9466,control_oct
2,5283.2469,control_oct
26,5283.5472,control_oct
26,5283.8476,control_oct
26,5284.1478,control_oct
3,5284.4481,control_oct
15,5284.7484,control_oct
15,5285.0487,control_oct
7,5285.3491,control_oct
15,5285.6493,control_oct
36,5285.9497,control_oct
36,5286.25,control_oct
17,5286.5503,control_oct
17,5286.8507,control_oct
19,5287.1509,control_oct
18,5287.4513,control_oct
26,5287.7516,control_oct
26,5288.0519,control_oct
26,5288.3522,control_oct
37,5288.6525,control_oct
37,5288.9528,control_oct
17,5289.2532,control_oct
8,5289.5534,control_oct
8,5289.8538,control_oct
35,5290.1549,control_oct
36,5290.4544,control_oct
1,5290.7547,control_oct
19,5291.0551,control_oct
11,5291.3553,control_oct
1,5291.6607,control_oct
18,5291.956,control_oct
12,5292.2563,control_oct
18,5292.5566,control_oct
37,5292.8569,control_oct
18,5293.1572,control_oct
26,5293.4575,control_oct
26,5293.7578,control_oct
26,5294.0581,control_oct
26,5294.3585,control_oct
15,5294.6588,control_oct
12,5294.9591,control_oct
11,5295.2594,control_oct
19,5295.5597,control_oct
11,5295.8601,control_oct
35,5296.1604,control_oct
35,5296.4607,control_oct
7,5296.761,control_oct
15,5297.0613,control_oct
11,5297.3616,control_oct
11,5297.6619,control_oct
16,5297.9622,control_oct
11,5298.2626,control_oct
6,5298.5628,control_oct
37,5298.8631,control_oct
13,5299.1635,control_oct
13,5299.4638,control_oct
25,5299.765,control_oct
13,5300.0644,control_oct
1,5300.3648,control_oct
1,5300.665,control_oct
19,5300.9653,control_oct
19,5301.2657,control_oct
19,5301.566,control_oct
19,5301.8663,control_oct
19,5302.1666,control_oct
19,5302.4669,control_oct
19,5302.7672,control_oct
19,5303.0676,control_oct
11,5303.3678,control_oct
19,5303.6682,control_oct
19,5303.9685,control_oct
1,5304.2688,control_oct
19,5304.5691,control_oct
11,5304.8694,control_oct
19,5305.1698,control_oct
19,5305.47,control_oct
15,5305.7704,control_oct
12,5306.0707,control_oct
12,5306.371,control_oct
16,5306.6713,control_oct
17,5306.9716,control_oct
12,5307.272,control_oct
11,5307.5723,control_oct
36,5307.8726,control_oct
36,5308.1729,control_oct
8,5308.4732,control_oct
15,5308.7735,control_oct
15,5309.0739,control_oct
15,5309.3741,control_oct
19,5309.6745,control_oct
11,5309.9748,control_oct
35,5310.2751,control_oct
11,5310.5754,control_oct
16,5310.8757,control_oct
16,5311.176,control_oct
17,5311.4764,control_oct
19,5311.7766,control_oct
19,5312.0769,control_oct
35,5312.3772,control_oct
35,5312.6776,control_oct
35,5312.9779,control_oct
35,5313.2782,control_oct
11,5313.5786,control_oct
36,5313.8788,control_oct
36,5314.1791,control_oct
16,5314.4794,control_oct
12,5314.7798,control_oct
11,5315.0801,control_oct
11,5315.3804,control_oct
35,5315.6807,control_oct
11,5315.981,control_oct
11,5316.2813,control_oct
36,5316.5816,control_oct
36,5316.882,control_oct
15,5317.1822,control_oct
15,5317.4826,control_oct
15,5317.7829,control_oct
15,5318.0832,control_oct
32,5318.3835,control_oct
7,5318.6838,control_oct
7,5318.9841,control_oct
19,5319.2845,control_oct
32,5319.5847,control_oct
18,5319.885,control_oct
37,5320.1853,control_oct
35,5320.4857,control_oct
35,5320.786,control_oct
8,5321.0863,control_oct
15,5321.3866,control_oct
31,5321.6869,control_oct
15,5321.9873,control_oct
12,5322.2876,control_oct
8,5322.5879,control_oct
35,5322.8882,control_oct
13,5323.1884,control_oct
14,5323.4888,control_oct
11,5323.7892,control_oct
19,5324.0894,control_oct
35,5324.3898,control_oct
19,5324.6901,control_oct
35,5324.9904,control_oct
35,5325.2907,control_oct
19,5325.5909,control_oct
35,5325.8913,control_oct
16,5326.1917,control_oct
36,5326.492,control_oct
16,5326.7923,control_oct
16,5327.0926,control_oct
36,5327.3929,control_oct
16,5327.6932,control_oct
15,5327.9934,control_oct
15,5328.2938,control_oct
7,5328.594,control_oct
14,5328.8944,control_oct
37,5329.1948,control_oct
35,5329.4951,control_oct
16,5329.7954,control_oct
16,5330.0957,control_oct
10,5330.396,control_oct
36,5330.6963,control_oct
16,5330.9966,control_oct
16,5331.297,control_oct
17,5331.5972,control_oct
36,5331.8975,control_oct
11,5332.1979,control_oct
35,5332.4982,control_oct
35,5332.7985,control_oct
12,5333.0988,control_oct
36,5333.3991,control_oct
36,5333.6994,control_oct
36,5333.9997,control_oct
17,5334.3,control_oct
16,5334.6004,control_oct
10,5334.9007,control_oct
10,5335.201,control_oct
10,5335.5013,control_oct
10,5335.8016,control_oct
10,5336.1019,control_oct
10,5336.4023,control_oct
6,5336.7025,control_oct
6,5337.0028,control_oct
35,5337.3032,control_oct
19,5337.6035,control_oct
35,5337.9038,control_oct
19,5338.2041,control_oct
6,5338.5044,control_oct
6,5338.8056,control_oct
15,5339.105,control_oct
7,5339.4053,control_oct
15,5339.7056,control_oct
7,5340.006,control_oct
7,5340.3063,control_oct
32,5340.6066,control_oct
9,5340.9069,control_oct
7,5341.2072,control_oct
37,5341.5076,control_oct
37,5341.8078,control_oct
18,5342.1082,control_oct
26,5342.4085,control_oct
26,5342.7088,control_oct
37,5343.0091,control_oct
13,5343.3094,control_oct
12,5343.6097,control_oct
6,5343.91,control_oct
6,5344.2103,control_oct
25,5344.5107,control_oct
6,5344.811,control_oct
6,5345.1138,control_oct
13,5345.4116,control_oct
11,5345.7119,control_oct
10,5346.0122,control_oct
35,5346.3126,control_oct
13,5346.6128,control_oct
6,5346.9132,control_oct
25,5347.2135,control_oct
25,5347.5138,control_oct
13,5347.8141,control_oct
18,5348.1144,control_oct
6,5348.4147,control_oct
13,5348.715,control_oct
13,5349.0154,control_oct
10,5349.3157,control_oct
13,5349.6159,control_oct
10,5349.9163,control_oct
6,5350.2166,control_oct
13,5350.5169,control_oct
6,5350.8172,control_oct
13,5351.1175,control_oct
6,5351.4178,control_oct
25,5351.7182,control_oct
13,5352.0185,control_oct
16,5352.3188,control_oct
35,5352.6191,control_oct
35,5352.9195,control_oct
35,5353.2197,control_oct
35,5353.52,control_oct
11,5353.8203,control_oct
11,5354.1207,control_oct
35,5354.421,control_oct
11,5354.7213,control_oct
19,5355.0216,control_oct
12,5355.3219,control_oct
11,5355.6223,control_oct
11,5355.9226,control_oct
12,5356.2229,control_oct
16,5356.5232,control_oct
17,5356.8234,control_oct
36,5357.1238,control_oct
15,5357.4241,control_oct
15,5357.7244,control_oct
5,5358.0247,control_oct
19,5358.325,control_oct
19,5358.6253,control_oct
19,5358.9257,control_oct
12,5359.226,control_oct
19,5359.5262,control_oct
15,5359.8266,control_oct
15,5360.1269,control_oct
19,5360.4272,control_oct
15,5360.7275,control_oct
19,5361.0278,control_oct
19,5361.3282,control_oct
15,5361.6284,control_oct
19,5361.9288,control_oct
19,5362.2291,control_oct
19,5362.5294,control_oct
15,5362.8297,control_oct
32,5363.13,control_oct
5,5363.4303,control_oct
32,5363.7306,control_oct
31,5364.0309,control_oct
26,5364.3313,control_oct
18,5364.6316,control_oct
26,5364.9319,control_oct
26,5365.2322,control_oct
23,5365.5325,control_oct
19,5365.8328,control_oct
11,5366.1332,control_oct
35,5366.4335,control_oct
19,5366.7338,control_oct
11,5367.0341,control_oct
19,5367.3344,control_oct
11,5367.6347,control_oct
15,5367.935,control_oct
23,5368.2353,control_oct
23,5368.5356,control_oct
15,5368.8359,control_oct
18,5369.1363,control_oct
18,5369.4365,control_oct
18,5369.7369,control_oct
37,5370.0372,control_oct
37,5370.3375,control_oct
6,5370.6378,control_oct
37,5370.9381,control_oct
37,5371.2384,control_oct
19,5371.5388,control_oct
18,5371.839,control_oct
18,5372.1394,control_oct
31,5372.4396,control_oct
26,5372.74,control_oct
31,5373.0403,control_oct
26,5373.3406,control_oct
18,5373.6409,control_oct
2,5373.9412,control_oct
4,5374.2415,control_oct
26,5374.5419,control_oct
13,5374.8422,control_oct
6,5375.1425,control_oct
13,5375.4428,control_oct
13,5375.7431,control_oct
37,5376.0435,control_oct
31,5376.3437,control_oct
31,5376.644,control_oct
31,5376.9444,control_oct
19,5377.2446,control_oct
36,5377.545,control_oct
18,5377.8453,control_oct
31,5378.1456,control_oct
26,5378.4459,control_oct
31,5378.7462,control_oct
31,5379.0465,control_oct
31,5379.3468,control_oct
31,5379.6471,control_oct
18,5379.9474,control_oct
31,5380.2478,control_oct
26,5380.5481,control_oct
37,5380.8484,control_oct
24,5381.1488,control_oct
4,5381.449,control_oct
18,5381.7493,control_oct
13,5382.0496,control_oct
36,5382.35,control_oct
16,5382.6503,control_oct
16,5382.9506,control_oct
1,5383.2508,control_oct
23,5383.5512,control_oct
23,5383.8515,control_oct
14,5384.1518,control_oct
14,5384.4522,control_oct
31,5384.7524,control_oct
31,5385.0527,control_oct
26,5385.353,control_oct
31,5385.6534,control_oct
8,5385.9537,control_oct
35,5386.254,control_oct
12,5386.5544,control_oct
16,5387.155,control_oct
16,5387.4553,control_oct
10,5387.7556,control_oct
10,5388.0559,control_oct
18,5388.3562,control_oct
18,5388.6564,control_oct
18,5388.9568,control_oct
2,5389.2571,control_oct
9,5389.5574,control_oct
24,5389.8578,control_oct
36,5390.1581,control_oct
36,5390.4584,control_oct
18,5390.7587,control_oct
13,5391.059,control_oct
13,5391.3593,control_oct
23,5391.6596,control_oct
1,5391.9599,control_oct
12,5392.2603,control_oct
19,5392.5605,control_oct
19,5392.8609,control_oct
19,5393.1612,control_oct
15,5393.4615,control_oct
19,5393.7618,control_oct
1,5394.0621,control_oct
26,5394.3624,control_oct
1,5394.6628,control_oct
7,5394.9631,control_oct
7,5395.2633,control_oct
7,5395.5636,control_oct
9,5395.8639,control_oct
32,5396.1643,control_oct
15,5396.4646,control_oct
7,5396.7649,control_oct
7,5397.0652,control_oct
1,5397.3665,control_oct
7,5397.6659,control_oct
7,5397.9662,control_oct
15,5398.2664,control_oct
35,5398.5668,control_oct
11,5398.8671,control_oct
15,5399.1674,control_oct
7,5399.4677,control_oct
15,5399.768,control_oct
11,5400.0684,control_oct
19,5400.3686,control_oct
15,5400.669,control_oct
15,5400.9693,control_oct
19,5401.2696,control_oct
36,5401.5699,control_oct
8,5401.8702,control_oct
31,5402.1705,control_oct
18,5402.4708,control_oct
26,5402.7711,control_oct
26,5403.0714,control_oct
26,5403.3717,control_oct
26,5403.6721,control_oct
15,5403.9724,control_oct
12,5404.2727,control_oct
17,5404.573,control_oct
16,5404.8733,control_oct
6,5405.1736,control_oct
13,5405.474,control_oct
31,5405.7742,control_oct
31,5406.0746,control_oct
31,5406.3749,control_oct
37,5406.6752,control_oct
31,5406.9755,control_oct
15,5407.2758,control_oct
15,5407.5762,control_oct
1,5407.8764,control_oct
37,5408.1767,control_oct
18,5408.4771,control_oct
37,5408.7774,control_oct
37,5409.0777,control_oct
19,5409.378,control_oct
1,5409.6783,control_oct
35,5409.9787,control_oct
35,5410.279,control_oct
35,5410.5792,control_oct
11,5410.8796,control_oct
35,5411.1799,control_oct
16,5411.4802,control_oct
36,5411.7805,control_oct
17,5412.0808,control_oct
16,5412.3811,control_oct
16,5412.6814,control_oct
16,5412.9818,control_oct
36,5413.282,control_oct
8,5413.5824,control_oct
11,5413.8827,control_oct
12,5414.183,control_oct
36,5414.4833,control_oct
17,5414.7836,control_oct
17,5415.0839,control_oct
36,5415.3842,control_oct
1,5415.6845,control_oct
15,5415.9849,control_oct
19,5416.2852,control_oct
15,5416.5855,control_oct
19,5416.8858,control_oct
19,5417.1861,control_oct
19,5417.4865,control_oct
11,5417.7868,control_oct
11,5418.0871,control_oct
35,5418.3873,control_oct
19,5418.6876,control_oct
19,5418.988,control_oct
19,5419.2883,control_oct
19,5419.5886,control_oct
19,5419.8889,control_oct
19,5420.1892,control_oct
26,5420.4896,control_oct
26,5420.7898,control_oct
9,5421.0901,control_oct
9,5421.3904,control_oct
26,5421.6908,control_oct
37,5421.9911,control_oct
16,5422.2914,control_oct
12,5422.5917,control_oct
37,5422.892,control_oct
37,5423.1923,control_oct
18,5423.4926,control_oct
24,5423.793,control_oct
4,5424.0933,control_oct
9,5424.3936,control_oct
9,5424.6939,control_oct
2,5424.9942,control_oct
25,5425.2945,control_oct
6,5425.5948,control_oct
37,5425.8951,control_oct
7,5426.1955,control_oct
32,5426.4958,control_oct
32,5426.7961,control_oct
7,5427.0964,control_oct
7,5427.3967,control_oct
15,5427.702,control_oct
7,5427.9973,control_oct
7,5428.2976,control_oct
32,5428.5979,control_oct
32,5428.8982,control_oct
32,5429.1986,control_oct
7,5429.4988,control_oct
7,5429.7992,control_oct
7,5430.0995,control_oct
7,5430.3998,control_oct
32,5430.7001,control_oct
5,5431.0004,control_oct
32,5431.3008,control_oct
5,5431.6011,control_oct
5,5431.9014,control_oct
1,5432.2017,control_oct
5,5432.502,control_oct
5,5432.8023,control_oct
15,5433.1026,control_oct
7,5433.4029,control_oct
7,5433.7032,control_oct
7,5434.0036,control_oct
7,5434.3039,control_oct
7,5434.6042,control_oct
7,5434.9045,control_oct
7,5435.2048,control_oct
1,5435.5051,control_oct
7,5435.8104,control_oct
11,5436.1057,control_oct
13,5436.406,control_oct
20,5436.7064,control_oct
30,5437.0067,control_oct
7,5437.307,control_oct
1,5437.6073,control_oct
1,5437.9076,control_oct
6,5438.208,control_oct
10,5438.5083,control_oct
6,5438.8086,control_oct
36,5439.1088,control_oct
16,5439.4092,control_oct
18,5439.7095,control_oct
18,5440.0098,control_oct
19,5440.3101,control_oct
35,5440.6104,control_oct
6,5440.9107,control_oct
13,5441.211,control_oct
35,5441.5114,control_oct
11,5441.8117,control_oct
11,5442.112,control_oct
35,5442.4124,control_oct
11,5442.7126,control_oct
11,5443.013,control_oct
35,5443.3133,control_oct
35,5443.6136,control_oct
35,5443.9138,control_oct
36,5444.2142,control_oct
15,5444.5145,control_oct
35,5444.8148,control_oct
15,5445.1151,control_oct
15,5445.4155,control_oct
5,5445.7157,control_oct
5,5446.0161,control_oct
1,5446.3164,control_oct
8,5446.6167,control_oct
36,5446.917,control_oct
16,5447.2173,control_oct
36,5447.5177,control_oct
17,5447.818,control_oct
17,5448.1183,control_oct
16,5448.4186,control_oct
17,5448.7189,control_oct
17,5449.0192,control_oct
36,5449.3195,control_oct
8,5449.6198,control_oct
11,5449.9201,control_oct
11,5450.2204,control_oct
10,5450.5207,control_oct
6,5450.8211,control_oct
25,5451.1214,control_oct
6,5451.4217,control_oct
16,5451.722,control_oct
12,5452.0223,control_oct
6,5452.3226,control_oct
10,5452.6229,control_oct
16,5452.9233,control_oct
15,5453.2236,control_oct
35,5453.5238,control_oct
8,5453.8242,control_oct
12,5454.1245,control_oct
19,5454.4248,control_oct
6,5454.7252,control_oct
18,5455.0255,control_oct
15,5455.3258,control_oct
19,5455.6261,control_oct
7,5455.9264,control_oct
15,5456.2267,control_oct
19,5456.527,control_oct
19,5456.8273,control_oct
19,5457.1277,control_oct
35,5457.4279,control_oct
6,5457.7282,control_oct
37,5458.0286,control_oct
35,5458.3289,control_oct
8,5458.6292,control_oct
36,5458.9295,control_oct
16,5459.2299,control_oct
17,5459.5301,control_oct
19,5459.8304,control_oct
19,5460.1308,control_oct
11,5460.4311,control_oct
19,5460.7314,control_oct
19,5461.0316,control_oct
12,5461.3321,control_oct
35,5461.6324,control_oct
36,5461.9326,control_oct
17,5462.233,control_oct
12,5462.5333,control_oct
8,5462.8336,control_oct
11,5463.1339,control_oct
16,5463.4342,control_oct
17,5463.7345,control_oct
17,5464.0348,control_oct
17,5464.3351,control_oct
17,5464.6355,control_oct
17,5464.9357,control_oct
17,5465.2361,control_oct
17,5465.5389,control_oct
24,5465.8367,control_oct
24,5466.1371,control_oct
24,5466.4373,control_oct
16,5466.7377,control_oct
16,5467.038,control_oct
11,5467.3383,control_oct
19,5467.6386,control_oct
35,5467.9389,control_oct
36,5468.2392,control_oct
36,5468.5395,control_oct
16,5468.8399,control_oct
16,5469.1402,control_oct
11,5469.4405,control_oct
36,5469.7408,control_oct
16,5470.0411,control_oct
17,5470.3414,control_oct
11,5470.6417,control_oct
11,5470.942,control_oct
17,5471.2423,control_oct
11,5471.5427,control_oct
11,5471.843,control_oct
12,5472.1433,control_oct
17,5472.4436,control_oct
25,5472.7439,control_oct
13,5473.0442,control_oct
37,5473.3446,control_oct
19,5473.6448,control_oct
24,5473.9451,control_oct
35,5474.2455,control_oct
36,5474.5458,control_oct
17,5474.847,control_oct
35,5475.1464,control_oct
5,5475.4468,control_oct
19,5475.7471,control_oct
8,5476.0474,control_oct
7,5476.3476,control_oct
37,5476.6479,control_oct
8,5476.9483,control_oct
36,5477.2486,control_oct
12,5477.5489,control_oct
35,5477.8492,control_oct
35,5478.1496,control_oct
17,5478.4499,control_oct
12,5478.7502,control_oct
8,5479.0505,control_oct
11,5479.3508,control_oct
35,5479.6511,control_oct
16,5479.9514,control_oct
16,5480.2518,control_oct
10,5480.552,control_oct
25,5480.8524,control_oct
37,5481.1526,control_oct
6,5481.453,control_oct
25,5481.7533,control_oct
10,5482.0536,control_oct
25,5482.354,control_oct
10,5482.6543,control_oct
11,5482.9546,control_oct
13,5483.2549,control_oct
10,5483.5552,control_oct
25,5483.8555,control_oct
10,5484.1558,control_oct
10,5484.4562,control_oct
10,5484.7564,control_oct
10,5485.0567,control_oct
8,5485.3571,control_oct
16,5485.6574,control_oct
36,5485.9577,control_oct
36,5486.258,control_oct
17,5486.5583,control_oct
8,5486.8587,control_oct
8,5487.159,control_oct
12,5487.4593,control_oct
36,5487.7596,control_oct
8,5488.0599,control_oct
12,5488.3603,control_oct
17,5488.6606,control_oct
17,5488.9609,control_oct
17,5489.2612,control_oct
8,5489.5615,control_oct
11,5489.8618,control_oct
11,5490.1621,control_oct
35,5490.4624,control_oct
35,5490.7627,control_oct
11,5491.063,control_oct
35,5491.3633,control_oct
36,5491.6636,control_oct
35,5491.964,control_oct
11,5492.2643,control_oct
17,5492.5646,control_oct
8,5492.8649,control_oct
11,5493.1652,control_oct
17,5493.4655,control_oct
19,5493.7658,control_oct
32,5494.0662,control_oct
19,5494.3665,control_oct
35,5494.6668,control_oct
8,5494.9671,control_oct
35,5495.2674,control_oct
36,5495.5677,control_oct
12,5495.8681,control_oct
35,5496.1684,control_oct
36,5496.4686,control_oct
35,5496.769,control_oct
15,5497.0692,control_oct
19,5497.3696,control_oct
8,5497.6699,control_oct
8,5497.9702,control_oct
11,5498.2706,control_oct
15,5498.5708,control_oct
12,5498.8712,control_oct
19,5499.1715,control_oct
19,5499.4718,control_oct
35,5499.7721,control_oct
16,5500.0724,control_oct
16,5500.3727,control_oct
10,5500.6756,control_oct
10,5500.9733,control_oct
6,5501.2737,control_oct
15,5501.574,control_oct
11,5501.8743,control_oct
35,5502.1746,control_oct
35,5502.4749,control_oct
11,5502.7752,control_oct
35,5503.0756,control_oct
35,5503.3758,control_oct
35,5503.6762,control_oct
19,5503.9765,control_oct
7,5504.2768,control_oct
7,5504.577,control_oct
7,5504.8774,control_oct
7,5505.1777,control_oct
7,5505.478,control_oct
19,5505.7784,control_oct
11,5506.0787,control_oct
2,5506.379,control_oct
9,5506.6793,control_oct
9,5506.9796,control_oct
6,5507.2799,control_oct
18,5507.5802,control_oct
13,5507.8805,control_oct
1,5508.1808,control_oct
1,5508.4812,control_oct
19,5508.7815,control_oct
1,5509.0818,control_oct
32,5509.382,control_oct
7,5509.6824,control_oct
15,5509.9827,control_oct
11,5510.283,control_oct
12,5510.5833,control_oct
35,5510.8836,control_oct
18,5511.184,control_oct
26,5511.4843,control_oct
26,5511.7846,control_oct
31,5512.0849,control_oct
26,5512.3852,control_oct
11,5512.6855,control_oct
11,5512.9859,control_oct
12,5513.2862,control_oct
11,5513.5865,control_oct
24,5513.8868,control_oct
16,5514.1871,control_oct
25,5514.4874,control_oct
25,5514.7877,control_oct
15,5515.088,control_oct
35,5515.3883,control_oct
36,5515.6887,control_oct
16,5515.989,control_oct
16,5516.2893,control_oct
16,5516.5896,control_oct
36,5516.8899,control_oct
17,5517.1902,control_oct
17,5517.4905,control_oct
16,5517.7908,control_oct
36,5518.0911,control_oct
8,5518.3915,control_oct
16,5518.6918,control_oct
36,5518.9921,control_oct
25,5519.2924,control_oct
10,5519.5928,control_oct
13,5519.8931,control_oct
18,5520.1933,control_oct
13,5520.4937,control_oct
25,5520.794,control_oct
36,5521.0943,control_oct
17,5521.3947,control_oct
35,5521.6949,control_oct
12,5521.9952,control_oct
35,5522.2956,control_oct
36,5522.5958,control_oct
36,5522.8962,control_oct
36,5523.1965,control_oct
16,5523.4968,control_oct
36,5523.7971,control_oct
16,5524.0974,control_oct
6,5524.3977,control_oct
35,5524.698,control_oct
12,5524.9984,control_oct
36,5525.2987,control_oct
8,5525.599,control_oct
35,5525.8993,control_oct
16,5526.1996,control_oct
16,5526.4999,control_oct
10,5526.8003,control_oct
6,5527.1005,control_oct
19,5527.4008,control_oct
7,5527.7012,control_oct
15,5528.0015,control_oct
19,5528.3018,control_oct
24,5528.6021,control_oct
19,5528.9024,control_oct
12,5529.2028,control_oct
17,5529.503,control_oct
36,5529.8034,control_oct
12,5530.1037,control_oct
35,5530.404,control_oct
16,5530.7043,control_oct
12,5531.0046,control_oct
11,5531.3049,control_oct
11,5531.6052,control_oct
11,5531.9055,control_oct
35,5532.2059,control_oct
17,5532.5062,control_oct
17,5532.8065,control_oct
16,5533.1068,control_oct
12,5533.4071,control_oct
12,5533.7075,control_oct
35,5534.0086,control_oct
12,5534.3081,control_oct
35,5534.6084,control_oct
11,5534.9087,control_oct
35,5535.209,control_oct
11,5535.5093,control_oct
35,5535.8096,control_oct
35,5536.11,control_oct
35,5536.4103,control_oct
19,5536.7106,control_oct
13,5537.0109,control_oct
6,5537.3112,control_oct
13,5537.6115,control_oct
13,5537.9118,control_oct
18,5538.2121,control_oct
6,5538.5124,control_oct
13,5538.8128,control_oct
18,5539.1131,control_oct
18,5539.4133,control_oct
13,5539.7137,control_oct
26,5540.014,control_oct
18,5540.3143,control_oct
15,5540.6146,control_oct
18,5540.9149,control_oct
18,5541.2152,control_oct
18,5541.5156,control_oct
26,5541.8159,control_oct
37,5542.1162,control_oct
36,5542.7168,control_oct
36,5543.0171,control_oct
36,5543.3174,control_oct
17,5543.6186,control_oct
13,5543.918,control_oct
37,5544.2183,control_oct
26,5544.5187,control_oct
26,5544.819,control_oct
18,5545.1193,control_oct
8,5545.4196,control_oct
16,5545.72,control_oct
36,5546.0202,control_oct
16,5546.3205,control_oct
10,5546.6209,control_oct
25,5546.9212,control_oct
25,5547.2215,control_oct
10,5547.5218,control_oct
10,5547.8221,control_oct
24,5548.1224,control_oct
10,5548.4227,control_oct
6,5548.7231,control_oct
37,5549.0234,control_oct
37,5549.3237,control_oct
18,5549.624,control_oct
6,5549.9243,control_oct
18,5550.2246,control_oct
37,5550.5249,control_oct
10,5550.8252,control_oct
10,5551.1256,control_oct
25,5551.4259,control_oct
6,5551.7262,control_oct
25,5552.0265,control_oct
10,5552.9274,control_oct
10,5553.2278,control_oct
10,5553.5281,control_oct
10,5553.8284,control_oct
13,5554.1287,control_oct
37,5554.429,control_oct
26,5554.7293,control_oct
23,5555.0296,control_oct
19,5555.3299,control_oct
19,5555.6303,control_oct
19,5555.9306,control_oct
11,5556.2309,control_oct
19,5556.5312,control_oct
19,5556.8316,control_oct
13,5557.1318,control_oct
13,5557.4321,control_oct
13,5557.7324,control_oct
13,5558.0328,control_oct
13,5558.3331,control_oct
13,5558.6334,control_oct
18,5558.9337,control_oct
18,5559.234,control_oct
31,5559.5343,control_oct
26,5559.8346,control_oct
37,5560.135,control_oct
26,5560.4353,control_oct
37,5560.7356,control_oct
18,5561.0358,control_oct
18,5561.3362,control_oct
18,5561.6365,control_oct
37,5561.9368,control_oct
12,5562.2372,control_oct
19,5562.5374,control_oct
19,5562.8378,control_oct
15,5563.1389,control_oct
15,5563.4384,control_oct
19,5563.7388,control_oct
15,5564.039,control_oct
15,5564.3393,control_oct
15,5564.6396,control_oct
19,5564.9399,control_oct
15,5565.2403,control_oct
4,5565.5405,control_oct
9,5565.8409,control_oct
9,5566.1412,control_oct
2,5566.4415,control_oct
9,5566.7418,control_oct
11,5567.0421,control_oct
1,5567.3425,control_oct
15,5567.6428,control_oct
20,5567.9431,control_oct
7,5568.2434,control_oct
1,5568.5437,control_oct
37,5568.844,control_oct
13,5569.1443,control_oct
13,5569.4446,control_oct
18,5569.745,control_oct
37,5570.0453,control_oct
23,5570.3456,control_oct
7,5570.6459,control_oct
1,5570.9462,control_oct
1,5571.2465,control_oct
7,5571.5468,control_oct
7,5571.8471,control_oct
15,5572.1475,control_oct
18,5572.4478,control_oct
18,5572.749,control_oct
18,5573.0484,control_oct
26,5573.3487,control_oct
2,5573.649,control_oct
2,5573.9493,control_oct
26,5574.2496,control_oct
31,5574.55,control_oct
26,5574.8503,control_oct
26,5575.1506,control_oct
26,5575.4509,control_oct
37,5575.7512,control_oct
4,5576.0516,control_oct
4,5576.3518,control_oct
4,5576.6521,control_oct
4,5576.9524,control_oct
4,5577.2527,control_oct
4,5577.5531,control_oct
4,5577.8534,control_oct
4,5578.1537,control_oct
9,5578.454,control_oct
26,5578.7543,control_oct
37,5579.0547,control_oct
31,5579.355,control_oct
18,5579.6553,control_oct
10,5579.9556,control_oct
37,5580.2559,control_oct
15,5580.5563,control_oct
18,5580.8565,control_oct
23,5581.1568,control_oct
26,5581.4571,control_oct
31,5581.7575,control_oct
26,5582.0578,control_oct
31,5582.3581,control_oct
18,5582.6585,control_oct
37,5582.9588,control_oct
15,5583.2591,control_oct
7,5583.5594,control_oct
7,5583.8597,control_oct
32,5584.16,control_oct
32,5584.4603,control_oct
2,5584.7606,control_oct
4,5585.0609,control_oct
32,5585.3612,control_oct
15,5585.6616,control_oct
24,5585.9619,control_oct
9,5586.2622,control_oct
11,5586.5625,control_oct
12,5586.8628,control_oct
35,5587.1632,control_oct
7,5587.4635,control_oct
7,5587.7638,control_oct
7,5588.0641,control_oct
17,5588.3644,control_oct
16,5588.6647,control_oct
16,5588.965,control_oct
16,5589.2653,control_oct
16,5589.5657,control_oct
36,5589.866,control_oct
16,5590.1663,control_oct
1,5590.4666,control_oct
15,5590.7669,control_oct
15,5591.0672,control_oct
35,5591.3675,control_oct
35,5591.6678,control_oct
19,5591.9682,control_oct
13,5592.2685,control_oct
13,5592.5688,control_oct
13,5592.8691,control_oct
31,5593.1694,control_oct
37,5593.4697,control_oct
18,5593.77,control_oct
10,5594.0704,control_oct
17,5594.3707,control_oct
16,5594.671,control_oct
17,5594.9713,control_oct
17,5595.2716,control_oct
6,5595.5719,control_oct
31,5595.8722,control_oct
26,5596.1726,control_oct
18,5596.4728,control_oct
37,5596.7732,control_oct
12,5597.0735,control_oct
11,5597.3738,control_oct
15,5597.6741,control_oct
1,5597.9744,control_oct
31,5598.2747,control_oct
26,5598.575,control_oct
37,5598.8754,control_oct
18,5599.1756,control_oct
37,5599.476,control_oct
13,5599.7763,control_oct
15,5600.0766,control_oct
18,5600.3769,control_oct
10,5600.6773,control_oct
10,5600.9776,control_oct
11,5601.2779,control_oct
15,5601.5782,control_oct
11,5601.8785,control_oct
6,5602.1788,control_oct
18,5602.4791,control_oct
19,5602.7795,control_oct
12,5603.0798,control_oct
13,5603.3801,control_oct
6,5603.6804,control_oct
13,5603.9806,control_oct
25,5604.281,control_oct
25,5604.5813,control_oct
13,5604.8816,control_oct
13,5605.182,control_oct
13,5605.4822,control_oct
10,5605.7826,control_oct
6,5606.0829,control_oct
6,5606.3832,control_oct
13,5606.6835,control_oct
6,5606.9838,control_oct
13,5607.2841,control_oct
35,5607.5844,control_oct
11,5607.8848,control_oct
35,5608.1851,control_oct
17,5608.4854,control_oct
12,5608.7858,control_oct
11,5609.086,control_oct
11,5609.3864,control_oct
11,5609.6867,control_oct
11,5609.9869,control_oct
24,5610.2873,control_oct
11,5610.5876,control_oct
24,5610.8879,control_oct
24,5611.1882,control_oct
24,5611.4885,control_oct
17,5611.7889,control_oct
11,5612.0892,control_oct
24,5612.3895,control_oct
16,5612.6898,control_oct
36,5612.9901,control_oct
36,5613.2904,control_oct
35,5613.5907,control_oct
8,5613.891,control_oct
16,5614.1914,control_oct
36,5614.4917,control_oct
8,5614.792,control_oct
18,5615.0923,control_oct
13,5615.3926,control_oct
19,5615.6929,control_oct
19,5615.9932,control_oct
15,5616.2935,control_oct
18,5616.5938,control_oct
10,5616.8942,control_oct
17,5617.1945,control_oct
8,5617.4948,control_oct
31,5617.7951,control_oct
13,5618.0954,control_oct
8,5618.3957,control_oct
12,5618.6961,control_oct
11,5618.9963,control_oct
8,5619.2967,control_oct
11,5619.597,control_oct
12,5619.8973,control_oct
35,5620.1977,control_oct
12,5620.498,control_oct
35,5620.7982,control_oct
8,5621.0986,control_oct
8,5621.3988,control_oct
16,5621.6992,control_oct
35,5621.9995,control_oct
35,5622.2999,control_oct
35,5622.6001,control_oct
35,5622.9004,control_oct
35,5623.2008,control_oct
8,5623.5011,control_oct
19,5623.8014,control_oct
11,5624.1017,control_oct
15,5624.402,control_oct
19,5624.7023,control_oct
19,5625.0026,control_oct
15,5625.3029,control_oct
19,5625.6033,control_oct
8,5625.9036,control_oct
11,5626.2039,control_oct
36,5626.5042,control_oct
35,5626.8046,control_oct
17,5627.1048,control_oct
11,5627.4052,control_oct
35,5627.7055,control_oct
35,5628.0058,control_oct
12,5628.3061,control_oct
8,5628.6064,control_oct
35,5628.9068,control_oct
35,5629.2071,control_oct
35,5629.5074,control_oct
19,5629.8077,control_oct
11,5630.108,control_oct
17,5630.4083,control_oct
16,5630.7086,control_oct
12,5631.009,control_oct
35,5631.3092,control_oct
11,5631.6096,control_oct
19,5631.9099,control_oct
15,5632.2102,control_oct
36,5632.5105,control_oct
17,5632.8108,control_oct
36,5633.1111,control_oct
16,5633.4114,control_oct
1,5633.7117,control_oct
19,5634.012,control_oct
36,5634.3123,control_oct
15,5634.6127,control_oct
1,5634.913,control_oct
12,5635.2133,control_oct
1,5635.5136,control_oct
15,5635.814,control_oct
7,5636.1142,control_oct
1,5636.4145,control_oct
35,5636.7149,control_oct
19,5637.0152,control_oct
19,5637.3155,control_oct
11,5637.6158,control_oct
11,5637.9161,control_oct
35,5638.2164,control_oct
36,5638.5167,control_oct
36,5638.817,control_oct
16,5639.1174,control_oct
12,5639.4177,control_oct
36,5639.718,control_oct
36,5640.0183,control_oct
35,5640.3186,control_oct
11,5640.6189,control_oct
35,5640.9193,control_oct
35,5641.2196,control_oct
19,5641.5199,control_oct
35,5641.8203,control_oct
35,5642.1205,control_oct
19,5642.4208,control_oct
19,5642.7211,control_oct
32,5643.0214,control_oct
19,5643.3217,control_oct
35,5643.6221,control_oct
18,5643.9223,control_oct
37,5644.2227,control_oct
37,5644.523,control_oct
13,5644.8233,control_oct
10,5645.1236,control_oct
36,5645.4239,control_oct
19,5645.7243,control_oct
35,5646.0245,control_oct
36,5646.3249,control_oct
36,5646.6252,control_oct
19,5646.9255,control_oct
19,5647.2258,control_oct
35,5647.5261,control_oct
35,5647.8265,control_oct
35,5648.1268,control_oct
35,5648.4271,control_oct
35,5648.7274,control_oct
8,5649.0277,control_oct
11,5649.328,control_oct
35,5649.6283,control_oct
36,5649.9286,control_oct
36,5650.2289,control_oct
12,5650.5293,control_oct
35,5650.8296,control_oct
8,5651.1299,control_oct
36,5651.4302,control_oct
35,5651.7305,control_oct
35,5652.0308,control_oct
11,5652.6314,control_oct
11,5652.9317,control_oct
19,5653.2321,control_oct
12,5653.5324,control_oct
24,5653.8327,control_oct
19,5654.133,control_oct
19,5654.4333,control_oct
11,5654.7336,control_oct
12,5655.034,control_oct
35,5655.3342,control_oct
35,5655.6346,control_oct
35,5655.9349,control_oct
11,5656.2352,control_oct
15,5656.5355,control_oct
15,5656.8358,control_oct
7,5657.1361,control_oct
7,5657.4364,control_oct
1,5657.7367,control_oct
15,5658.0371,control_oct
11,5658.3374,control_oct
19,5658.6376,control_oct
15,5658.938,control_oct
11,5659.2383,control_oct
19,5659.5387,control_oct
35,5659.8389,control_oct
35,5660.1401,control_oct
15,5660.4396,control_oct
19,5660.7399,control_oct
14,5661.0402,control_oct
1,5661.3405,control_oct
12,5661.6408,control_oct
20,5661.9411,control_oct
14,5662.2414,control_oct
37,5662.5417,control_oct
13,5662.842,control_oct
37,5663.1424,control_oct
37,5663.4427,control_oct
18,5663.743,control_oct
18,5664.0433,control_oct
18,5664.3436,control_oct
18,5664.6439,control_oct
25,5664.9443,control_oct
6,5665.2445,control_oct
13,5665.5449,control_oct
10,5665.8452,control_oct
25,5666.1455,control_oct
18,5666.4458,control_oct
13,5666.7461,control_oct
6,5667.0465,control_oct
13,5667.3468,control_oct
6,5667.6471,control_oct
13,5667.9473,control_oct
13,5668.2477,control_oct
18,5668.548,control_oct
37,5668.8483,control_oct
31,5669.1486,control_oct
26,5669.4489,control_oct
26,5669.7492,control_oct
2,5670.0545,control_oct
26,5670.3498,control_oct
26,5670.6501,control_oct
37,5670.9505,control_oct
13,5671.2508,control_oct
12,5671.5511,control_oct
8,5671.8514,control_oct
19,5672.1517,control_oct
35,5672.452,control_oct
35,5673.0526,control_oct
12,5673.353,control_oct
12,5673.6533,control_oct
19,5673.9536,control_oct
8,5674.2539,control_oct
15,5674.5542,control_oct
19,5674.8545,control_oct
19,5675.1548,control_oct
19,5675.4551,control_oct
15,5675.7554,control_oct
15,5676.0558,control_oct
1,5676.3561,control_oct
19,5676.6564,control_oct
19,5676.9567,control_oct
1,5677.257,control_oct
11,5677.5573,control_oct
11,5677.8576,control_oct
1,5678.158,control_oct
31,5678.4582,control_oct
14,5678.7585,control_oct
18,5679.0588,control_oct
1,5679.3592,control_oct
15,5679.6595,control_oct
1,5679.9598,control_oct
19,5680.2601,control_oct
11,5680.5604,control_oct
15,5680.8607,control_oct
11,5681.161,control_oct
19,5681.4613,control_oct
11,5681.7617,control_oct
35,5682.062,control_oct
12,5682.3623,control_oct
35,5682.6626,control_oct
35,5682.9629,control_oct
15,5683.2633,control_oct
35,5683.5636,control_oct
35,5683.8638,control_oct
11,5684.1641,control_oct
36,5684.4645,control_oct
16,5684.7648,control_oct
17,5685.0651,control_oct
11,5685.3704,control_oct
19,5685.6657,control_oct
35,5685.966,control_oct
18,5686.2663,control_oct
13,5686.5667,control_oct
6,5686.8669,control_oct
13,5687.1673,control_oct
37,5687.4676,control_oct
31,5687.7679,control_oct
37,5688.0682,control_oct
26,5688.3685,control_oct
18,5688.6688,control_oct
13,5688.9692,control_oct
10,5689.2694,control_oct
25,5689.5697,control_oct
13,5689.8701,control_oct
37,5690.1704,control_oct
37,5690.4707,control_oct
31,5690.771,control_oct
26,5691.0713,control_oct
18,5691.3716,control_oct
26,5691.6719,control_oct
31,5691.9723,control_oct
19,5692.2725,control_oct
19,5692.5728,control_oct
11,5692.8732,control_oct
35,5693.1734,control_oct
18,5693.4738,control_oct
18,5693.7741,control_oct
26,5694.0744,control_oct
18,5694.3747,control_oct
37,5694.6751,control_oct
7,5694.9754,control_oct
1,5695.2757,control_oct
19,5695.576,control_oct
31,5695.8763,control_oct
20,5696.1766,control_oct
19,5696.4769,control_oct
15,5696.7772,control_oct
19,5697.0775,control_oct
19,5697.3779,control_oct
19,5697.6781,control_oct
19,5697.9785,control_oct
14,5698.2788,control_oct
19,5698.5791,control_oct
15,5698.8794,control_oct
20,5699.1797,control_oct
15,5699.4808,control_oct
15,5699.7803,control_oct
20,5700.0806,control_oct
19,5700.381,control_oct
19,5700.6813,control_oct
37,5700.9815,control_oct
19,5701.2819,control_oct
27,5701.5821,control_oct
14,5701.8825,control_oct
14,5702.1828,control_oct
13,5702.4831,control_oct
6,5702.7834,control_oct
6,5703.0837,control_oct
26,5703.384,control_oct
6,5703.6844,control_oct
6,5703.9846,control_oct
13,5704.285,control_oct
25,5704.5853,control_oct
25,5704.8856,control_oct
25,5705.1859,control_oct
6,5705.4862,control_oct
25,5705.7865,control_oct
6,5706.0868,control_oct
25,5706.3871,control_oct
10,5706.6875,control_oct
25,5706.9878,control_oct
36,5707.2881,control_oct
6,5707.5884,control_oct
10,5707.8887,control_oct
10,5708.189,control_oct
10,5708.4893,control_oct
18,5708.7896,control_oct
11,5709.09,control_oct
17,5709.3903,control_oct
12,5709.6906,control_oct
6,5709.9908,control_oct
13,5710.2912,control_oct
25,5710.5915,control_oct
10,5710.8918,control_oct
25,5711.1921,control_oct
10,5711.4924,control_oct
25,5711.7927,control_oct
10,5712.093,control_oct
10,5712.3933,control_oct
13,5712.6936,control_oct
13,5712.994,control_oct
25,5713.2943,control_oct
6,5713.5946,control_oct
11,5713.8949,control_oct
6,5714.1952,control_oct
6,5714.4955,control_oct
6,5714.7958,control_oct
6,5715.0961,control_oct
10,5715.3964,control_oct
13,5715.6968,control_oct
25,5715.9971,control_oct
6,5716.2974,control_oct
13,5716.5977,control_oct
6,5716.898,control_oct
25,5717.1983,control_oct
13,5717.4986,control_oct
6,5717.799,control_oct
13,5718.0993,control_oct
6,5718.3996,control_oct
6,5718.6999,control_oct
13,5719.0002,control_oct
6,5719.3005,control_oct
13,5719.6008,control_oct
18,5719.9011,control_oct
13,5720.2015,control_oct
13,5720.5018,control_oct
6,5720.802,control_oct
10,5721.1024,control_oct
10,5721.4027,control_oct
25,5721.703,control_oct
16,5722.0033,control_oct
17,5722.3036,control_oct
16,5722.604,control_oct
36,5722.9043,control_oct
17,5723.2046,control_oct
36,5723.5049,control_oct
31,5723.8052,control_oct
19,5724.1055,control_oct
19,5724.4058,control_oct
19,5724.7061,control_oct
19,5725.0064,control_oct
18,5725.3068,control_oct
37,5725.607,control_oct
18,5725.9074,control_oct
18,5726.2076,control_oct
37,5726.508,control_oct
1,5726.8083,control_oct
19,5727.1086,control_oct
19,5727.4089,control_oct
35,5727.7092,control_oct
11,5728.0095,control_oct
19,5728.3099,control_oct
11,5728.6102,control_oct
35,5728.9105,control_oct
12,5729.2108,control_oct
36,5729.511,control_oct
17,5729.8114,control_oct
17,5730.1117,control_oct
17,5730.412,control_oct
36,5730.7123,control_oct
12,5731.0126,control_oct
17,5731.313,control_oct
36,5731.6133,control_oct
24,5731.9136,control_oct
17,5732.2139,control_oct
36,5732.5142,control_oct
8,5732.8145,control_oct
35,5733.1148,control_oct
16,5733.4152,control_oct
16,5733.7155,control_oct
36,5734.0157,control_oct
35,5734.3161,control_oct
11,5734.6164,control_oct
16,5734.9167,control_oct
35,5735.2169,control_oct
7,5735.5173,control_oct
20,5735.8176,control_oct
7,5736.1179,control_oct
12,5736.4182,control_oct
19,5736.7186,control_oct
19,5737.0188,control_oct
19,5737.3192,control_oct
15,5737.6195,control_oct
19,5737.9198,control_oct
19,5738.2201,control_oct
7,5738.5204,control_oct
7,5738.8207,control_oct
32,5739.121,control_oct
32,5739.4213,control_oct
15,5739.7216,control_oct
1,5740.0219,control_oct
26,5740.3222,control_oct
26,5740.6226,control_oct
32,5740.9228,control_oct
7,5741.2231,control_oct
19,5741.5235,control_oct
19,5741.8238,control_oct
26,5742.1241,control_oct
31,5742.4244,control_oct
15,5742.7247,control_oct
17,5743.025,control_oct
18,5743.3254,control_oct
31,5743.6257,control_oct
31,5743.926,control_oct
26,5744.2263,control_oct
9,5744.5266,control_oct
2,5744.8269,control_oct
18,5745.1272,control_oct
15,5745.4275,control_oct
7,5745.7278,control_oct
7,5746.0281,control_oct
15,5746.3285,control_oct
15,5746.6288,control_oct
26,5746.9291,control_oct
18,5747.2294,control_oct
37,5747.5297,control_oct
37,5747.83,control_oct
35,5748.1303,control_oct
35,5748.4306,control_oct
19,5748.7309,control_oct
11,5749.0312,control_oct
8,5749.3316,control_oct
35,5749.6319,control_oct
35,5749.9322,control_oct
17,5750.2325,control_oct
16,5750.5328,control_oct
16,5750.8332,control_oct
16,5751.1334,control_oct
17,5751.4338,control_oct
15,5751.734,control_oct
1,5752.0343,control_oct
19,5752.3347,control_oct
37,5752.635,control_oct
31,5752.9353,control_oct
31,5753.2356,control_oct
37,5753.5359,control_oct
18,5753.8362,control_oct
37,5754.1365,control_oct
13,5754.4368,control_oct
18,5754.7372,control_oct
18,5755.0374,control_oct
37,5755.3378,control_oct
18,5755.6381,control_oct
18,5755.9384,control_oct
31,5756.2387,control_oct
26,5756.539,control_oct
2,5756.8393,control_oct
2,5757.1396,control_oct
26,5757.4399,control_oct
31,5757.7403,control_oct
11,5758.0405,control_oct
37,5758.3409,control_oct
37,5758.6411,control_oct
18,5758.9415,control_oct
18,5759.2418,control_oct
26,5759.5421,control_oct
31,5759.8424,control_oct
18,5760.1428,control_oct
31,5760.4431,control_oct
19,5760.7434,control_oct
19,5761.0437,control_oct
11,5761.344,control_oct
19,5761.6443,control_oct
15,5761.9446,control_oct
15,5762.2449,control_oct
19,5762.5452,control_oct
11,5762.8455,control_oct
11,5763.1459,control_oct
19,5763.4461,control_oct
11,5763.7465,control_oct
12,5764.0468,control_oct
35,5764.3471,control_oct
35,5764.6475,control_oct
11,5764.9477,control_oct
35,5765.2481,control_oct
13,5765.5484,control_oct
18,5765.8486,control_oct
13,5766.149,control_oct
37,5766.4492,control_oct
15,5766.7496,control_oct
15,5767.0499,control_oct
6,5767.3502,control_oct
18,5767.6505,control_oct
6,5767.9508,control_oct
37,5768.2511,control_oct
18,5768.5514,control_oct
6,5768.8518,control_oct
36,5769.152,control_oct
16,5769.4524,control_oct
8,5769.7527,control_oct
19,5770.053,control_oct
19,5770.3533,control_oct
15,5770.6536,control_oct
11,5770.9539,control_oct
24,5771.2543,control_oct
2,5771.5546,control_oct
19,5771.8548,control_oct
36,5772.1551,control_oct
24,5772.4556,control_oct
24,5772.7558,control_oct
36,5773.0561,control_oct
17,5773.3564,control_oct
36,5773.6567,control_oct
16,5773.9571,control_oct
36,5774.2573,control_oct
16,5774.5577,control_oct
19,5774.858,control_oct
19,5775.1583,control_oct
8,5775.4586,control_oct
16,5775.7589,control_oct
35,5776.0592,control_oct
35,5776.3596,control_oct
35,5776.6598,control_oct
11,5776.9601,control_oct
11,5777.2605,control_oct
11,5777.5608,control_oct
19,5777.8611,control_oct
11,5778.1614,control_oct
19,5778.4617,control_oct
12,5778.762,control_oct
12,5779.0623,control_oct
12,5779.3626,control_oct
6,5779.6629,control_oct
6,5779.9632,control_oct
13,5780.2636,control_oct
37,5780.5639,control_oct
15,5780.8642,control_oct
35,5781.1645,control_oct
35,5781.4648,control_oct
8,5781.7651,control_oct
11,5782.0654,control_oct
16,5782.3658,control_oct
35,5782.6661,control_oct
35,5782.9664,control_oct
19,5783.2667,control_oct
16,5783.567,control_oct
36,5783.8673,control_oct
35,5784.1676,control_oct
36,5784.4679,control_oct
12,5784.7682,control_oct
11,5785.0685,control_oct
35,5785.3689,control_oct
35,5785.6692,control_oct
19,5785.9694,control_oct
12,5786.2697,control_oct
15,5786.5701,control_oct
15,5786.8704,control_oct
19,5787.1707,control_oct
7,5787.4709,control_oct
15,5787.7713,control_oct
11,5788.0716,control_oct
32,5788.3719,control_oct
32,5788.6722,control_oct
15,5788.9726,control_oct
7,5789.2729,control_oct
7,5789.5732,control_oct
11,5789.8735,control_oct
11,5790.1738,control_oct
18,5790.4741,control_oct
12,5790.7744,control_oct
7,5791.0747,control_oct
1,5791.375,control_oct
31,5791.6753,control_oct
18,5791.9756,control_oct
15,5792.276,control_oct
19,5792.5763,control_oct
19,5792.8766,control_oct
19,5793.1769,control_oct
11,5793.4772,control_oct
11,5793.7775,control_oct
35,5794.0778,control_oct
8,5794.3781,control_oct
11,5794.6785,control_oct
35,5794.9788,control_oct
35,5795.2791,control_oct
35,5795.5794,control_oct
19,5795.8797,control_oct
19,5796.18,control_oct
35,5796.4803,control_oct
35,5796.7806,control_oct
35,5797.0809,control_oct
12,5797.3812,control_oct
35,5797.6816,control_oct
19,5797.9819,control_oct
11,5798.2822,control_oct
11,5798.5825,control_oct
35,5798.8828,control_oct
35,5799.1831,control_oct
11,5799.4834,control_oct
15,5799.7837,control_oct
19,5800.084,control_oct
19,5800.3844,control_oct
10,5800.6846,control_oct
10,5800.985,control_oct
10,5801.2853,control_oct
10,5801.5856,control_oct
36,5801.8859,control_oct
1,5802.1862,control_oct
19,5802.4865,control_oct
31,5802.7868,control_oct
26,5803.0871,control_oct
11,5803.3875,control_oct
11,5803.6878,control_oct
19,5803.9881,control_oct
11,5804.2884,control_oct
11,5804.5887,control_oct
11,5804.889,control_oct
19,5805.1893,control_oct
12,5805.4896,control_oct
1,5805.7899,control_oct
15,5806.0902,control_oct
1,5806.3905,control_oct
19,5806.6909,control_oct
19,5806.9912,control_oct
19,5807.2915,control_oct
35,5807.5918,control_oct
12,5807.8921,control_oct
16,5808.1924,control_oct
36,5808.4927,control_oct
1,5808.793,control_oct
15,5809.0933,control_oct
19,5809.3936,control_oct
8,5809.6939,control_oct
17,5809.9942,control_oct
11,5810.2946,control_oct
11,5810.5949,control_oct
8,5810.8952,control_oct
15,5811.1955,control_oct
11,5811.4958,control_oct
15,5811.7961,control_oct
23,5812.0964,control_oct
19,5812.3967,control_oct
19,5812.697,control_oct
37,5812.9973,control_oct
6,5813.2976,control_oct
13,5813.598,control_oct
13,5813.8983,control_oct
37,5814.1986,control_oct
1,5814.4988,control_oct
35,5814.7992,control_oct
19,5815.0996,control_oct
19,5815.3999,control_oct
19,5815.7001,control_oct
31,5816.0004,control_oct
32,5816.3008,control_oct
7,5816.601,control_oct
31,5816.9014,control_oct
26,5817.2017,control_oct
9,5817.502,control_oct
26,5817.8022,control_oct
18,5818.1035,control_oct
31,5818.4029,control_oct
15,5818.7032,control_oct
18,5819.0035,control_oct
18,5819.3038,control_oct
14,5819.6041,control_oct
18,5819.9044,control_oct
37,5820.2048,control_oct
15,5820.5051,control_oct
1,5820.8054,control_oct
15,5821.1057,control_oct
1,5821.406,control_oct
19,5821.7063,control_oct
11,5822.0066,control_oct
19,5822.3069,control_oct
8,5822.6072,control_oct
11,5822.9076,control_oct
36,5823.2078,control_oct
17,5823.5082,control_oct
12,5823.8085,control_oct
15,5824.1088,control_oct
35,5824.4091,control_oct
35,5824.7093,control_oct
11,5825.0097,control_oct
15,5825.31,control_oct
19,5825.6103,control_oct
36,5825.9107,control_oct
36,5826.211,control_oct
17,5826.5113,control_oct
24,5826.8116,control_oct
24,5827.1119,control_oct
24,5827.4122,control_oct
24,5827.7125,control_oct
24,5828.0128,control_oct
24,5828.3131,control_oct
24,5828.6134,control_oct
17,5828.9138,control_oct
15,5829.214,control_oct
15,5829.5143,control_oct
1,5829.8147,control_oct
15,5830.1149,control_oct
19,5830.4153,control_oct
11,5830.7156,control_oct
11,5831.0159,control_oct
35,5831.3162,control_oct
35,5831.6165,control_oct
20,5831.9168,control_oct
15,5832.2172,control_oct
35,5832.5175,control_oct
11,5832.8178,control_oct
17,5833.118,control_oct
11,5833.4184,control_oct
11,5833.7187,control_oct
11,5834.019,control_oct
18,5834.3193,control_oct
18,5834.6196,control_oct
26,5834.9199,control_oct
26,5835.2202,control_oct
37,5835.5205,control_oct
26,5835.8209,control_oct
26,5836.1212,control_oct
26,5836.4215,control_oct
18,5836.7218,control_oct
13,5837.0221,control_oct
15,5837.3224,control_oct
1,5837.6227,control_oct
7,5837.923,control_oct
7,5838.2233,control_oct
7,5838.5236,control_oct
15,5838.824,control_oct
6,5839.1243,control_oct
10,5839.4245,control_oct
10,5839.7249,control_oct
11,5840.0252,control_oct
7,5840.3255,control_oct
7,5840.6259,control_oct
7,5840.9262,control_oct
23,5841.2264,control_oct
31,5841.5268,control_oct
26,5841.8271,control_oct
15,5842.1274,control_oct
19,5842.4277,control_oct
15,5842.728,control_oct
19,5843.0284,control_oct
31,5843.3286,control_oct
1,5843.6289,control_oct
14,5843.9292,control_oct
27,5844.2295,control_oct
27,5844.5298,control_oct
14,5844.8301,control_oct
31,5845.1305,control_oct
7,5845.4308,control_oct
20,5845.7311,control_oct
7,5846.0314,control_oct
7,5846.3317,control_oct
7,5846.632,control_oct
27,5846.9323,control_oct
37,5847.2326,control_oct
13,5847.533,control_oct
37,5847.8332,control_oct
1,5848.1336,control_oct
23,5848.4339,control_oct
14,5848.7342,control_oct
31,5849.0345,control_oct
7,5849.3348,control_oct
7,5849.6351,control_oct
20,5849.9354,control_oct
7,5850.2357,control_oct
1,5850.536,control_oct
19,5850.8364,control_oct
35,5851.1367,control_oct
35,5851.437,control_oct
15,5851.7373,control_oct
31,5852.0376,control_oct
37,5852.3379,control_oct
14,5852.6382,control_oct
1,5852.9385,control_oct
7,5853.2388,control_oct
7,5853.5392,control_oct
7,5853.8395,control_oct
15,5854.1398,control_oct
37,5854.4401,control_oct
18,5854.7404,control_oct
7,5855.0407,control_oct
23,5855.341,control_oct
1,5855.6413,control_oct
14,5855.9416,control_oct
31,5856.242,control_oct
31,5856.5422,control_oct
31,5856.8425,control_oct
31,5857.1428,control_oct
31,5857.4432,control_oct
31,5857.7435,control_oct
14,5858.0438,control_oct
18,5858.3441,control_oct
14,5858.6444,control_oct
1,5858.9447,control_oct
1,5859.2451,control_oct
20,5859.5453,control_oct
5,5859.8457,control_oct
14,5860.146,control_oct
5,5860.4463,control_oct
5,5860.7466,control_oct
5,5861.0469,control_oct
32,5861.3473,control_oct
2,5861.6475,control_oct
2,5861.9478,control_oct
2,5862.2482,control_oct
5,5862.5484,control_oct
1,5862.8488,control_oct
5,5863.149,control_oct
5,5863.4494,control_oct
5,5863.7497,control_oct
32,5864.05,control_oct
5,5864.3503,control_oct
5,5864.6506,control_oct
1,5864.9509,control_oct
7,5865.2512,control_oct
18,5865.5516,control_oct
26,5865.8519,control_oct
37,5866.153,control_oct
18,5866.4525,control_oct
26,5866.7528,control_oct
26,5867.0531,control_oct
26,5867.3534,control_oct
31,5867.6538,control_oct
26,5867.954,control_oct
7,5868.2544,control_oct
7,5868.5547,control_oct
32,5868.855,control_oct
7,5869.1553,control_oct
7,5869.4556,control_oct
1,5869.7559,control_oct
37,5870.0562,control_oct
15,5870.3565,control_oct
15,5870.6568,control_oct
11,5870.9572,control_oct
11,5871.2574,control_oct
18,5871.5577,control_oct
31,5871.8581,control_oct
15,5872.1584,control_oct
7,5872.4588,control_oct
7,5872.759,control_oct
31,5873.0593,control_oct
26,5873.3596,control_oct
26,5873.66,control_oct
26,5873.9603,control_oct
26,5874.2606,control_oct
32,5874.5609,control_oct
9,5874.8612,control_oct
3,5875.1615,control_oct
2,5875.4618,control_oct
7,5875.7621,control_oct
1,5876.0625,control_oct
1,5876.3628,control_oct
11,5876.6631,control_oct
17,5876.9634,control_oct
17,5877.2638,control_oct
35,5877.564,control_oct
36,5877.8643,control_oct
17,5878.1647,control_oct
8,5878.4649,control_oct
6,5878.7652,control_oct
25,5879.0656,control_oct
6,5879.3659,control_oct
25,5879.6662,control_oct
11,5879.9665,control_oct
6,5880.2668,control_oct
37,5880.5671,control_oct
7,5880.8674,control_oct
27,5881.1677,control_oct
18,5881.4681,control_oct
35,5881.7684,control_oct
35,5882.0687,control_oct
11,5882.369,control_oct
17,5882.6693,control_oct
6,5882.9696,control_oct
6,5883.2699,control_oct
26,5883.5703,control_oct
37,5883.8706,control_oct
26,5884.1708,control_oct
13,5884.4712,control_oct
25,5884.7715,control_oct
13,5885.0718,control_oct
25,5885.3721,control_oct
10,5885.6724,control_oct
6,5885.9728,control_oct
37,5886.273,control_oct
11,5886.5734,control_oct
12,5886.8737,control_oct
36,5887.174,control_oct
11,5887.4743,control_oct
12,5887.7746,control_oct
17,5888.0749,control_oct
36,5888.3752,control_oct
11,5888.6755,control_oct
11,5888.9758,control_oct
11,5889.2762,control_oct
18,5889.5765,control_oct
6,5889.8768,control_oct
18,5890.1771,control_oct
25,5890.4774,control_oct
37,5890.7778,control_oct
12,5891.0781,control_oct
8,5891.3783,control_oct
8,5891.6787,control_oct
12,5891.979,control_oct
8,5892.2793,control_oct
36,5892.5796,control_oct
36,5892.8799,control_oct
36,5893.1802,control_oct
36,5893.4805,control_oct
12,5893.7808,control_oct
36,5894.0812,control_oct
11,5894.3815,control_oct
8,5894.6818,control_oct
36,5894.9821,control_oct
16,5895.2824,control_oct
35,5895.5828,control_oct
36,5895.883,control_oct
36,5896.1833,control_oct
11,5896.4837,control_oct
24,5896.7839,control_oct
11,5897.0842,control_oct
17,5897.3846,control_oct
16,5897.6849,control_oct
17,5897.9852,control_oct
17,5898.2856,control_oct
8,5898.5858,control_oct
17,5898.8861,control_oct
17,5899.1864,control_oct
12,5899.4868,control_oct
6,5899.7871,control_oct
35,5900.0874,control_oct
12,5900.3877,control_oct
19,5900.688,control_oct
19,5900.9883,control_oct
1,5901.2886,control_oct
15,5901.589,control_oct
19,5901.8942,control_oct
15,5902.1896,control_oct
7,5902.4899,control_oct
32,5902.7902,control_oct
19,5903.0905,control_oct
32,5903.3908,control_oct
4,5903.6911,control_oct
4,5903.9914,control_oct
18,5904.2918,control_oct
18,5904.592,control_oct
37,5904.8924,control_oct
31,5905.1926,control_oct
26,5905.493,control_oct
2,5905.7933,control_oct
26,5906.0936,control_oct
18,5906.3939,control_oct
11,5906.6943,control_oct
10,5906.9945,control_oct
11,5907.2948,control_oct
11,5907.5952,control_oct
23,5907.8955,control_oct
19,5908.1958,control_oct
19,5908.4962,control_oct
19,5908.7964,control_oct
35,5909.0968,control_oct
11,5909.3971,control_oct
20,5909.6974,control_oct
5,5909.9977,control_oct
5,5910.298,control_oct
19,5910.5983,control_oct
9,5910.8986,control_oct
2,5911.1989,control_oct
5,5911.4992,control_oct
12,5911.7996,control_oct
11,5912.0999,control_oct
15,5912.4002,control_oct
7,5912.7005,control_oct
11,5913.0008,control_oct
11,5913.3011,control_oct
8,5913.6014,control_oct
11,5913.9017,control_oct
8,5914.202,control_oct
12,5914.5023,control_oct
35,5914.8027,control_oct
35,5915.103,control_oct
35,5915.4033,control_oct
35,5915.7036,control_oct
36,5916.0039,control_oct
16,5916.3043,control_oct
24,5916.6045,control_oct
17,5916.9049,control_oct
24,5917.2052,control_oct
17,5917.5055,control_oct
24,5917.8058,control_oct
36,5918.1061,control_oct
15,5918.4064,control_oct
35,5918.7068,control_oct
17,5919.0071,control_oct
11,5919.3074,control_oct
35,5919.6077,control_oct
12,5919.908,control_oct
20,5920.2083,control_oct
1,5920.5086,control_oct
7,5920.8089,control_oct
27,5921.1092,control_oct
30,5921.4096,control_oct
30,5921.7099,control_oct
30,5922.0102,control_oct
30,5922.3104,control_oct
5,5922.6108,control_oct
5,5922.9111,control_oct
5,5923.2115,control_oct
5,5923.5117,control_oct
5,5923.8121,control_oct
5,5924.1124,control_oct
28,5924.4126,control_oct
1,5924.7129,control_oct
7,5925.0133,control_oct
20,5925.3136,control_oct
7,5925.6139,control_oct
7,5925.9143,control_oct
30,5926.2146,control_oct
5,5926.5148,control_oct
5,5926.8152,control_oct
5,5927.1155,control_oct
5,5927.4158,control_oct
5,5927.7161,control_oct
5,5928.0164,control_oct
5,5928.3167,control_oct
5,5928.617,control_oct
5,5928.9173,control_oct
15,5929.2177,control_oct
19,5929.518,control_oct
16,5929.8183,control_oct
36,5930.1186,control_oct
35,5930.4188,control_oct
35,5930.7192,control_oct
11,5931.0196,control_oct
19,5931.3198,control_oct
35,5931.6202,control_oct
35,5931.9204,control_oct
35,5932.2208,control_oct
19,5932.5211,control_oct
11,5932.8214,control_oct
11,5933.1218,control_oct
19,5933.422,control_oct
20,5933.7223,control_oct
12,5934.0227,control_oct
8,5934.323,control_oct
8,5934.6233,control_oct
36,5934.9236,control_oct
36,5935.2238,control_oct
36,5935.5242,control_oct
35,5935.8245,control_oct
35,5936.1249,control_oct
13,5936.4251,control_oct
10,5936.7255,control_oct
10,5937.0258,control_oct
25,5937.3261,control_oct
37,5937.6264,control_oct
10,5937.9267,control_oct
25,5938.227,control_oct
25,5938.5274,control_oct
35,5938.8276,control_oct
35,5939.128,control_oct
12,5939.4283,control_oct
8,5939.7286,control_oct
35,5940.0289,control_oct
11,5940.3292,control_oct
8,5940.6295,control_oct
12,5940.9299,control_oct
8,5941.2302,control_oct
12,5941.5304,control_oct
35,5941.8307,control_oct
35,5942.1311,control_oct
35,5942.4315,control_oct
35,5942.7317,control_oct
35,5943.032,control_oct
35,5943.3324,control_oct
35,5943.6326,control_oct
35,5943.933,control_oct
35,5944.2333,control_oct
35,5944.5336,control_oct
11,5944.8339,control_oct
11,5945.1342,control_oct
35,5945.4345,control_oct
35,5945.7348,control_oct
36,5946.036,control_oct
36,5946.3355,control_oct
8,5946.6357,control_oct
12,5946.9361,control_oct
15,5947.2364,control_oct
1,5947.5366,control_oct
19,5947.837,control_oct
26,5948.1373,control_oct
26,5948.4376,control_oct
18,5948.738,control_oct
6,5949.0382,control_oct
12,5949.3386,control_oct
36,5949.6389,control_oct
35,5949.9393,control_oct
36,5950.2396,control_oct
16,5950.5398,control_oct
8,5950.8402,control_oct
15,5951.1404,control_oct
19,5951.4407,control_oct
7,5951.741,control_oct
1,5952.0413,control_oct
11,5952.3417,control_oct
1,5952.642,control_oct
23,5952.9423,control_oct
26,5953.2427,control_oct
18,5953.5429,control_oct
2,5953.8432,control_oct
9,5954.1436,control_oct
37,5954.4439,control_oct
13,5954.7443,control_oct
13,5955.0445,control_oct
18,5955.3449,control_oct
18,5955.6452,control_oct
26,5955.9454,control_oct
18,5956.2458,control_oct
26,5956.546,control_oct
26,5956.8464,control_oct
26,5957.1467,control_oct
26,5957.447,control_oct
27,5957.7473,control_oct
27,5958.0476,control_oct
27,5958.3479,control_oct
37,5958.6483,control_oct
15,5958.9486,control_oct
15,5959.2489,control_oct
15,5959.5492,control_oct
12,5959.8495,control_oct
36,5960.1498,control_oct
11,5960.4501,control_oct
11,5960.7505,control_oct
8,5961.0508,control_oct
26,5961.3511,control_oct
6,5961.6514,control_oct
18,5961.9517,control_oct
37,5962.252,control_oct
18,5962.5523,control_oct
37,5962.8526,control_oct
37,5963.1529,control_oct
10,5963.4533,control_oct
13,5963.7536,control_oct
26,5964.0539,control_oct
26,5964.3542,control_oct
31,5964.6546,control_oct
10,5964.9548,control_oct
12,5965.2552,control_oct
19,5965.5555,control_oct
35,5965.8558,control_oct
19,5966.1561,control_oct
13,5966.4564,control_oct
13,5966.7567,control_oct
13,5967.057,control_oct
6,5967.3573,control_oct
10,5967.6576,control_oct
25,5967.958,control_oct
25,5968.2582,control_oct
13,5968.5586,control_oct
6,5968.8589,control_oct
13,5969.1592,control_oct
25,5969.4595,control_oct
10,5969.7598,control_oct
6,5970.0602,control_oct
25,5970.3605,control_oct
6,5970.6608,control_oct
25,5970.9611,control_oct
25,5971.2614,control_oct
13,5971.5617,control_oct
13,5971.862,control_oct
13,5972.1623,control_oct
10,5972.4627,control_oct
25,5972.763,control_oct
10,5973.0633,control_oct
10,5973.3636,control_oct
10,5973.6639,control_oct
17,5973.9642,control_oct
25,5974.2645,control_oct
13,5974.5648,control_oct
13,5974.8652,control_oct
13,5975.1655,control_oct
13,5975.4658,control_oct
35,5975.7661,control_oct
35,5976.0664,control_oct
17,5976.3667,control_oct
16,5976.667,control_oct
19,5976.9673,control_oct
8,5977.2677,control_oct
35,5977.5679,control_oct
10,5977.8683,control_oct
10,5978.1686,control_oct
17,5978.4689,control_oct
11,5978.7692,control_oct
16,5979.0695,control_oct
17,5979.3699,control_oct
36,5979.6701,control_oct
11,5979.9705,control_oct
35,5980.2708,control_oct
11,5980.5711,control_oct
17,5980.8714,control_oct
25,5981.1718,control_oct
10,5981.472,control_oct
10,5981.7724,control_oct
10,5982.0727,control_oct
18,5982.373,control_oct
31,5982.6732,control_oct
37,5982.9736,control_oct
13,5983.2739,control_oct
10,5983.5742,control_oct
13,5983.8745,control_oct
11,5984.1749,control_oct
8,5984.4751,control_oct
11,5984.7755,control_oct
35,5985.0758,control_oct
35,5985.376,control_oct
35,5985.6764,control_oct
12,5985.9767,control_oct
6,5986.277,control_oct
13,5986.5773,control_oct
12,5986.8777,control_oct
17,5987.178,control_oct
6,5987.4783,control_oct
37,5987.7786,control_oct
6,5988.0789,control_oct
10,5988.3792,control_oct
6,5988.6796,control_oct
36,5988.9799,control_oct
17,5989.2802,control_oct
16,5989.5805,control_oct
17,5989.8808,control_oct
8,5990.1811,control_oct
35,5990.4814,control_oct
19,5990.7817,control_oct
19,5991.0821,control_oct
15,5991.3823,control_oct
7,5991.6827,control_oct
7,5991.983,control_oct
1,5992.2833,control_oct
35,5992.5836,control_oct
35,5992.8839,control_oct
19,5993.1851,control_oct
19,5993.4845,control_oct
18,5993.7848,control_oct
6,5994.0852,control_oct
6,5994.3855,control_oct
36,5994.6858,control_oct
16,5994.9861,control_oct
36,5995.2864,control_oct
36,5995.5867,control_oct
18,5995.887,control_oct
13,5996.1873,control_oct
25,5996.4876,control_oct
36,5996.788,control_oct
16,5997.0883,control_oct
36,5997.3886,control_oct
17,5997.6889,control_oct
17,5997.9892,control_oct
17,5998.2895,control_oct
16,5998.5898,control_oct
17,5998.8901,control_oct
10,5999.1905,control_oct
36,5999.4908,control_oct
36,5999.7911,control_oct
10,6000.0914,control_oct
10,6000.3917,control_oct
10,6000.692,control_oct
36,6000.9924,control_oct
16,6001.2927,control_oct
17,6001.593,control_oct
17,6001.8933,control_oct
13,6002.1936,control_oct
6,6002.4947,control_oct
18,6002.7942,control_oct
35,6003.0945,control_oct
36,6003.3948,control_oct
16,6003.6952,control_oct
18,6003.9954,control_oct
6,6004.2958,control_oct
13,6004.5961,control_oct
18,6004.8964,control_oct
37,6005.1967,control_oct
11,6005.497,control_oct
12,6005.7973,control_oct
20,6006.0977,control_oct
19,6006.398,control_oct
19,6006.7105,control_oct
36,6006.9986,control_oct
36,6007.2989,control_oct
12,6007.5992,control_oct
1,6007.9046,control_oct
8,6008.1998,control_oct
10,6008.5002,control_oct
25,6008.8005,control_oct
18,6009.1008,control_oct
15,6009.402,control_oct
26,6009.7014,control_oct
31,6010.0017,control_oct
37,6010.3021,control_oct
13,6010.6023,control_oct
13,6010.9027,control_oct
13,6011.203,control_oct
25,6011.5033,control_oct
10,6011.8036,control_oct
10,6012.1039,control_oct
10,6012.4042,control_oct
10,6012.7046,control_oct
10,6013.0049,control_oct
10,6013.3052,control_oct
18,6013.6055,control_oct
25,6013.9058,control_oct
6,6014.2061,control_oct
13,6014.5064,control_oct
25,6014.8068,control_oct
13,6015.1071,control_oct
13,6015.4074,control_oct
25,6015.7077,control_oct
1,6016.008,control_oct
23,6016.3083,control_oct
19,6016.6086,control_oct
35,6016.9089,control_oct
35,6017.2092,control_oct
12,6017.5096,control_oct
12,6017.8099,control_oct
1,6018.1102,control_oct
1,6018.4105,control_oct
15,6018.7108,control_oct
18,6019.0111,control_oct
26,6019.3115,control_oct
37,6019.6117,control_oct
6,6019.9121,control_oct
18,6020.2124,control_oct
25,6020.5127,control_oct
16,6020.813,control_oct
12,6021.1134,control_oct
35,6021.4136,control_oct
17,6021.714,control_oct
36,6022.0143,control_oct
12,6022.3146,control_oct
36,6022.6149,control_oct
8,6022.9152,control_oct
35,6023.2156,control_oct
35,6023.5158,control_oct
35,6023.8162,control_oct
35,6024.1165,control_oct
8,6024.4168,control_oct
11,6024.7171,control_oct
11,6025.0174,control_oct
19,6025.3178,control_oct
7,6025.618,control_oct
15,6025.9184,control_oct
15,6026.2186,control_oct
5,6026.519,control_oct
1,6026.8193,control_oct
7,6027.1196,control_oct
15,6027.4199,control_oct
12,6027.7202,control_oct
16,6028.0206,control_oct
25,6028.3209,control_oct
25,6028.6212,control_oct
25,6028.9215,control_oct
31,6029.2218,control_oct
19,6029.5221,control_oct
35,6029.8224,control_oct
8,6030.1228,control_oct
11,6030.4231,control_oct
11,6030.7234,control_oct
7,6031.0237,control_oct
7,6031.3239,control_oct
26,6031.6243,control_oct
26,6031.9246,control_oct
18,6032.2249,control_oct
13,6032.5252,control_oct
10,6032.8255,control_oct
10,6033.1259,control_oct
13,6033.4262,control_oct
10,6033.7265,control_oct
10,6034.0268,control_oct
10,6034.3271,control_oct
13,6034.6274,control_oct
13,6034.9277,control_oct
13,6035.228,control_oct
18,6035.5284,control_oct
13,6035.8287,control_oct
6,6036.129,control_oct
13,6036.4293,control_oct
13,6036.7296,control_oct
6,6037.0299,control_oct
37,6037.3303,control_oct
25,6037.6306,control_oct
18,6037.9309,control_oct
18,6038.2312,control_oct
13,6038.5315,control_oct
13,6038.8318,control_oct
25,6039.1322,control_oct
36,6039.4324,control_oct
36,6039.7328,control_oct
15,6040.0331,control_oct
23,6040.3334,control_oct
19,6040.6337,control_oct
35,6040.934,control_oct
12,6041.2344,control_oct
19,6041.5347,control_oct
35,6041.835,control_oct
12,6042.1353,control_oct
35,6042.4356,control_oct
11,6042.736,control_oct
36,6043.0363,control_oct
35,6043.3365,control_oct
11,6043.6368,control_oct
12,6043.9372,control_oct
11,6044.2375,control_oct
11,6044.5378,control_oct
35,6044.8381,control_oct
11,6045.1384,control_oct
20,6045.4388,control_oct
23,6045.739,control_oct
7,6046.0393,control_oct
7,6046.3396,control_oct
26,6046.64,control_oct
26,6046.9403,control_oct
31,6047.2406,control_oct
27,6047.5409,control_oct
27,6047.8412,control_oct
27,6048.1415,control_oct
22,6048.4418,control_oct
27,6048.7422,control_oct
27,6049.0425,control_oct
27,6049.3428,control_oct
27,6049.6431,control_oct
27,6049.9434,control_oct
27,6050.2437,control_oct
30,6050.5441,control_oct
15,6050.8444,control_oct
7,6051.1447,control_oct
7,6051.445,control_oct
5,6051.7453,control_oct
20,6052.0456,control_oct
7,6052.346,control_oct
7,6052.6462,control_oct
20,6052.9465,control_oct
20,6053.2468,control_oct
20,6053.5472,control_oct
23,6053.8475,control_oct
23,6054.1478,control_oct
20,6054.4481,control_oct
1,6054.7484,control_oct
23,6055.0487,control_oct
14,6055.3491,control_oct
15,6055.6493,control_oct
35,6055.9496,control_oct
12,6056.25,control_oct
19,6056.5503,control_oct
23,6056.8506,control_oct
14,6057.1509,control_oct
31,6057.4512,control_oct
20,6057.7516,control_oct
7,6058.0519,control_oct
31,6058.3522,control_oct
7,6058.6525,control_oct
7,6058.9528,control_oct
7,6059.254,control_oct
32,6059.5535,control_oct
32,6059.8538,control_oct
2,6060.154,control_oct
32,6060.4544,control_oct
7,6060.7547,control_oct
32,6061.055,control_oct
32,6061.3553,control_oct
5,6061.6556,control_oct
32,6061.9559,control_oct
32,6062.2563,control_oct
5,6062.5566,control_oct
5,6062.8568,control_oct
1,6063.1572,control_oct
8,6063.4575,control_oct
35,6063.7578,control_oct
36,6064.0581,control_oct
16,6064.3585,control_oct
17,6064.6588,control_oct
16,6064.9591,control_oct
1,6065.2594,control_oct
7,6065.5597,control_oct
20,6065.86,control_oct
1,6066.1603,control_oct
15,6066.4607,control_oct
20,6066.7609,control_oct
1,6067.0612,control_oct
1,6067.3616,control_oct
19,6067.6619,control_oct
1,6067.9622,control_oct
20,6068.2625,control_oct
1,6068.5628,control_oct
28,6068.8631,control_oct
23,6069.1635,control_oct
20,6069.4638,control_oct
20,6069.7641,control_oct
28,6070.0644,control_oct
28,6070.3647,control_oct
28,6070.6651,control_oct
20,6070.9653,control_oct
20,6071.2656,control_oct
20,6071.566,control_oct
23,6071.8663,control_oct
14,6072.1666,control_oct
1,6072.4669,control_oct
20,6072.7672,control_oct
1,6073.0675,control_oct
20,6073.3678,control_oct
20,6073.6681,control_oct
28,6073.9685,control_oct
20,6074.2688,control_oct
34,6074.5691,control_oct
28,6074.8694,control_oct
20,6075.1697,control_oct
23,6075.47,control_oct
7,6075.7703,control_oct
27,6076.0707,control_oct
37,6076.371,control_oct
18,6076.6713,control_oct
16,6076.9716,control_oct
16,6077.2719,control_oct
20,6077.5723,control_oct
1,6077.8725,control_oct
23,6078.1729,control_oct
7,6078.4732,control_oct
20,6078.7735,control_oct
20,6079.0739,control_oct
28,6079.3741,control_oct
28,6079.6744,control_oct
28,6079.9747,control_oct
28,6080.2751,control_oct
28,6080.5754,control_oct
28,6080.8756,control_oct
20,6081.176,control_oct
28,6081.4763,control_oct
28,6081.7766,control_oct
28,6082.0769,control_oct
28,6082.3772,control_oct
27,6082.6775,control_oct
20,6082.9779,control_oct
29,6083.2782,control_oct
29,6083.5785,control_oct
29,6083.8788,control_oct
29,6084.1791,control_oct
29,6084.4794,control_oct
29,6084.7797,control_oct
29,6085.0801,control_oct
27,6085.3804,control_oct
29,6085.6807,control_oct
27,6085.981,control_oct
27,6086.2813,control_oct
27,6086.5816,control_oct
27,6086.8819,control_oct
27,6087.1822,control_oct
27,6087.4825,control_oct
29,6087.7828,control_oct
29,6088.0832,control_oct
27,6088.3835,control_oct
22,6088.6838,control_oct
27,6088.9841,control_oct
22,6089.2844,control_oct
27,6089.5847,control_oct
27,6089.885,control_oct
27,6090.1853,control_oct
22,6090.4857,control_oct
22,6090.786,control_oct
22,6091.0913,control_oct
22,6091.3866,control_oct
30,6091.6869,control_oct
30,6091.9872,control_oct
30,6092.2876,control_oct
30,6092.5879,control_oct
30,6092.8882,control_oct
30,6093.1885,control_oct
30,6093.4888,control_oct
30,6093.7891,control_oct
2,6094.0894,control_oct
30,6094.3897,control_oct
30,6094.6901,control_oct
30,6094.9904,control_oct
22,6095.2907,control_oct
22,6095.591,control_oct
22,6095.8913,control_oct
22,6096.1916,control_oct
22,6096.492,control_oct
22,6096.7922,control_oct
22,6097.0926,control_oct
22,6097.3929,control_oct
22,6097.6931,control_oct
22,6097.9935,control_oct
22,6098.2938,control_oct
22,6098.5941,control_oct
22,6098.8944,control_oct
27,6099.1948,control_oct
22,6099.4951,control_oct
22,6099.7954,control_oct
22,6100.0956,control_oct
22,6100.396,control_oct
22,6100.6963,control_oct
22,6100.9966,control_oct
22,6101.2969,control_oct
22,6101.5972,control_oct
22,6101.8975,control_oct
22,6102.1979,control_oct
27,6102.4982,control_oct
27,6102.7985,control_oct
22,6103.0988,control_oct
22,6103.3991,control_oct
22,6103.6995,control_oct
22,6103.9997,control_oct
27,6104.3001,control_oct
22,6104.6004,control_oct
2,6104.9007,control_oct
22,6105.2011,control_oct
27,6105.5013,control_oct
27,6105.8016,control_oct
22,6106.102,control_oct
22,6106.4023,control_oct
22,6106.7026,control_oct
30,6107.0029,control_oct
30,6107.3032,control_oct
30,6107.6035,control_oct
30,6107.9038,control_oct
22,6108.2041,control_oct
27,6108.5044,control_oct
27,6108.8048,control_oct
22,6109.1051,control_oct
27,6109.4054,control_oct
27,6109.7057,control_oct
27,6110.006,control_oct
27,6110.3063,control_oct
20,6110.6066,control_oct
15,6110.907,control_oct
11,6111.2073,control_oct
8,6111.5076,control_oct
12,6111.808,control_oct
35,6112.1083,control_oct
36,6112.4086,control_oct
35,6112.7089,control_oct
1,6113.0092,control_oct
7,6113.3095,control_oct
15,6113.6098,control_oct
11,6113.9101,control_oct
12,6114.2105,control_oct
11,6114.5108,control_oct
11,6114.811,control_oct
36,6115.1114,control_oct
36,6115.4117,control_oct
16,6115.712,control_oct
17,6116.0124,control_oct
16,6116.3126,control_oct
17,6116.613,control_oct
16,6116.9133,control_oct
19,6117.2135,control_oct
15,6117.5139,control_oct
23,6117.8142,control_oct
15,6118.1145,control_oct
20,6118.4148,control_oct
8,6118.7151,control_oct
6,6119.0154,control_oct
17,6119.3158,control_oct
17,6119.6161,control_oct
16,6119.9164,control_oct
1,6120.2167,control_oct
1,6120.517,control_oct
23,6120.8173,control_oct
14,6121.1177,control_oct
20,6121.418,control_oct
20,6121.7183,control_oct
23,6122.0186,control_oct
29,6122.3189,control_oct
23,6122.6192,control_oct
20,6122.9195,control_oct
5,6123.2199,control_oct
15,6123.5202,control_oct
1,6123.8205,control_oct
8,6124.1208,control_oct
36,6124.4212,control_oct
17,6124.7214,control_oct
16,6125.0218,control_oct
16,6125.3221,control_oct
16,6125.6224,control_oct
16,6125.9227,control_oct
16,6126.2229,control_oct
11,6126.5233,control_oct
11,6126.8236,control_oct
35,6127.124,control_oct
36,6127.4242,control_oct
35,6127.7246,control_oct
15,6128.0249,control_oct
20,6128.3252,control_oct
1,6128.6255,control_oct
11,6128.9259,control_oct
16,6129.2261,control_oct
17,6129.5264,control_oct
16,6129.8268,control_oct
19,6130.1271,control_oct
1,6130.4274,control_oct
20,6130.7277,control_oct
23,6131.028,control_oct
20,6131.3284,control_oct
23,6131.6287,control_oct
15,6131.929,control_oct
28,6132.2293,control_oct
28,6132.5296,control_oct
28,6132.8299,control_oct
20,6133.1302,control_oct
1,6133.4305,control_oct
1,6133.7308,control_oct
14,6134.0312,control_oct
23,6134.3315,control_oct
37,6134.6318,control_oct
14,6134.9322,control_oct
23,6135.2324,control_oct
31,6135.5328,control_oct
14,6135.8331,control_oct
23,6136.1334,control_oct
31,6136.4337,control_oct
31,6136.734,control_oct
20,6137.0343,control_oct
23,6137.3346,control_oct
7,6137.635,control_oct
31,6137.9352,control_oct
37,6138.2356,control_oct
37,6138.5359,control_oct
1,6138.8362,control_oct
27,6139.1365,control_oct
21,6139.4368,control_oct
21,6139.7372,control_oct
33,6140.0375,control_oct
21,6140.3378,control_oct
14,6140.6381,control_oct
31,6140.9384,control_oct
36,6141.2387,control_oct
17,6141.5391,control_oct
16,6141.8394,control_oct
16,6142.1397,control_oct
17,6142.44,control_oct
15,6142.7403,control_oct
11,6143.0406,control_oct
11,6143.3409,control_oct
17,6143.6413,control_oct
36,6143.9416,control_oct
8,6144.2419,control_oct
36,6144.5422,control_oct
16,6144.8425,control_oct
35,6145.1428,control_oct
36,6145.4431,control_oct
36,6145.7434,control_oct
36,6146.0437,control_oct
17,6146.3441,control_oct
17,6146.6444,control_oct
16,6146.9447,control_oct
11,6147.245,control_oct
12,6147.5453,control_oct
8,6147.8456,control_oct
36,6148.1468,control_oct
36,6148.4463,control_oct
12,6148.7466,control_oct
35,6149.0469,control_oct
36,6149.3472,control_oct
8,6149.6476,control_oct
19,6149.9478,control_oct
8,6150.2482,control_oct
36,6150.5485,control_oct
35,6150.8488,control_oct
35,6151.1492,control_oct
8,6151.4494,control_oct
16,6151.7498,control_oct
36,6152.05,control_oct
35,6152.3504,control_oct
36,6152.6507,control_oct
16,6152.951,control_oct
36,6153.2513,control_oct
8,6153.5516,control_oct
11,6153.852,control_oct
35,6154.1523,control_oct
12,6154.4526,control_oct
19,6154.7529,control_oct
35,6155.0532,control_oct
35,6155.3535,control_oct
35,6155.6539,control_oct
11,6155.9542,control_oct
11,6156.2545,control_oct
8,6156.5548,control_oct
8,6156.8551,control_oct
35,6157.1555,control_oct
12,6157.4557,control_oct
35,6157.756,control_oct
35,6158.0564,control_oct
35,6158.3567,control_oct
35,6158.657,control_oct
35,6158.9573,control_oct
36,6159.2576,control_oct
16,6159.558,control_oct
16,6159.8583,control_oct
17,6160.1586,control_oct
11,6160.4589,control_oct
15,6160.7592,control_oct
12,6161.0596,control_oct
16,6161.3598,control_oct
36,6161.6601,control_oct
17,6161.9604,control_oct
17,6162.2608,control_oct
12,6162.5611,control_oct
20,6162.8614,control_oct
15,6163.1618,control_oct
19,6163.462,control_oct
19,6163.7623,control_oct
35,6164.0627,control_oct
35,6164.3629,control_oct
35,6164.6633,control_oct
11,6164.9636,control_oct
36,6165.2639,control_oct
16,6165.5643,control_oct
35,6165.8645,control_oct
35,6166.1649,control_oct
36,6166.4652,control_oct
11,6166.7655,control_oct
35,6167.0658,control_oct
12,6167.3661,control_oct
36,6167.6664,control_oct
16,6167.9668,control_oct
17,6168.2671,control_oct
10,6168.5674,control_oct
10,6168.8677,control_oct
10,6169.168,control_oct
31,6169.4683,control_oct
12,6169.7687,control_oct
35,6170.069,control_oct
36,6170.3693,control_oct
12,6170.6696,control_oct
35,6170.9699,control_oct
12,6171.2702,control_oct
36,6171.5705,control_oct
16,6171.8708,control_oct
35,6172.1711,control_oct
14,6172.4714,control_oct
35,6172.7718,control_oct
12,6173.0721,control_oct
11,6173.3724,control_oct
35,6173.6727,control_oct
10,6174.2734,control_oct
25,6174.5737,control_oct
13,6174.874,control_oct
18,6175.1743,control_oct
31,6175.4746,control_oct
31,6175.7749,control_oct
26,6176.0752,control_oct
31,6176.3756,control_oct
13,6176.6759,control_oct
25,6176.9762,control_oct
6,6177.2765,control_oct
13,6177.5768,control_oct
13,6177.8771,control_oct
6,6178.1774,control_oct
25,6178.4778,control_oct
10,6178.778,control_oct
10,6179.0784,control_oct
10,6179.3787,control_oct
10,6179.679,control_oct
10,6179.9794,control_oct
6,6180.2796,control_oct
18,6180.5799,control_oct
13,6180.8803,control_oct
10,6181.1805,control_oct
10,6181.4809,control_oct
13,6181.7812,control_oct
25,6182.0815,control_oct
25,6182.3818,control_oct
10,6182.6821,control_oct
37,6182.9825,control_oct
6,6183.2828,control_oct
10,6183.5831,control_oct
12,6183.8834,control_oct
11,6184.1837,control_oct
1,6184.484,control_oct
1,6184.7844,control_oct
35,6185.0847,control_oct
35,6185.385,control_oct
19,6185.6853,control_oct
19,6185.9856,control_oct
19,6186.2859,control_oct
31,6186.5862,control_oct
31,6186.8865,control_oct
31,6187.1869,control_oct
27,6187.4872,control_oct
27,6187.7875,control_oct
27,6188.0878,control_oct
26,6188.3881,control_oct
7,6188.6884,control_oct
7,6188.9887,control_oct
1,6189.2891,control_oct
23,6189.5894,control_oct
12,6189.8897,control_oct
19,6190.19,control_oct
19,6190.4903,control_oct
5,6190.7906,control_oct
5,6191.0909,control_oct
5,6191.3912,control_oct
5,6191.6916,control_oct
5,6191.9919,control_oct
11,6192.2922,control_oct
19,6192.5925,control_oct
6,6192.8928,control_oct
10,6193.1932,control_oct
10,6193.4935,control_oct
6,6193.7937,control_oct
6,6194.0941,control_oct
19,6194.3944,control_oct
11,6194.6947,control_oct
35,6194.9951,control_oct
11,6195.2954,control_oct
35,6195.5957,control_oct
35,6195.896,control_oct
35,6196.1963,control_oct
35,6196.4966,control_oct
35,6196.7969,control_oct
11,6197.0972,control_oct
35,6197.3975,control_oct
11,6197.6979,control_oct
20,6197.9982,control_oct
15,6198.2985,control_oct
15,6198.5988,control_oct
15,6198.8991,control_oct
5,6199.1995,control_oct
5,6199.4997,control_oct
7,6199.8001,control_oct
19,6200.1004,control_oct
16,6200.4007,control_oct
25,6200.701,control_oct
37,6201.0014,control_oct
25,6201.3017,control_oct
25,6201.602,control_oct
12,6201.9022,control_oct
8,6202.2026,control_oct
15,6202.5029,control_oct
7,6202.8032,control_oct
1,6203.1035,control_oct
27,6203.4038,control_oct
37,6203.7041,control_oct
6,6204.0044,control_oct
37,6204.3048,control_oct
25,6204.6051,control_oct
25,6204.9054,control_oct
35,6205.2057,control_oct
1,6205.5061,control_oct
35,6205.8064,control_oct
35,6206.1075,control_oct
35,6206.407,control_oct
1,6206.7073,control_oct
15,6207.0076,control_oct
7,6207.308,control_oct
1,6207.6082,control_oct
18,6207.9085,control_oct
37,6208.2089,control_oct
24,6208.5091,control_oct
2,6208.8095,control_oct
8,6209.1098,control_oct
17,6209.4101,control_oct
17,6209.7105,control_oct
17,6210.0108,control_oct
17,6210.3111,control_oct
17,6210.6113,control_oct
17,6210.9117,control_oct
8,6211.212,control_oct
11,6211.5123,control_oct
15,6211.8126,control_oct
15,6212.1129,control_oct
35,6212.4133,control_oct
11,6212.7136,control_oct
17,6213.0139,control_oct
12,6213.3142,control_oct
12,6213.6145,control_oct
10,6213.9148,control_oct
10,6214.2151,control_oct
25,6214.5155,control_oct
13,6214.8158,control_oct
6,6215.1161,control_oct
25,6215.4164,control_oct
17,6215.7167,control_oct
36,6216.017,control_oct
36,6216.3174,control_oct
17,6216.6177,control_oct
8,6216.918,control_oct
35,6217.2183,control_oct
35,6217.5186,control_oct
11,6217.8189,control_oct
35,6218.1192,control_oct
19,6218.4195,control_oct
12,6218.7199,control_oct
11,6219.0202,control_oct
12,6219.3205,control_oct
15,6219.6208,control_oct
7,6219.9211,control_oct
19,6220.2215,control_oct
15,6220.5218,control_oct
11,6220.822,control_oct
11,6221.1224,control_oct
35,6221.4227,control_oct
15,6221.723,control_oct
19,6222.0233,control_oct
36,6222.3236,control_oct
8,6222.624,control_oct
36,6222.9242,control_oct
12,6223.2246,control_oct
11,6223.5249,control_oct
11,6223.8252,control_oct
18,6224.1255,control_oct
31,6224.4259,control_oct
27,6224.7261,control_oct
33,6225.0265,control_oct
33,6225.3268,control_oct
33,6225.6271,control_oct
33,6225.9274,control_oct
33,6226.2277,control_oct
33,6226.528,control_oct
33,6226.8283,control_oct
33,6227.1287,control_oct
33,6227.429,control_oct
33,6227.7293,control_oct
14,6228.0296,control_oct
19,6228.33,control_oct
7,6228.6302,control_oct
35,6228.9306,control_oct
11,6229.2309,control_oct
8,6229.5312,control_oct
36,6229.8315,control_oct
8,6230.1318,control_oct
12,6230.4322,control_oct
36,6230.7324,control_oct
36,6231.0328,control_oct
12,6231.3331,control_oct
36,6231.6333,control_oct
11,6231.9337,control_oct
36,6232.234,control_oct
17,6232.5344,control_oct
36,6232.8347,control_oct
35,6233.135,control_oct
36,6233.4353,control_oct
16,6233.7356,control_oct
16,6234.0359,control_oct
17,6234.3362,control_oct
16,6234.6365,control_oct
25,6234.9368,control_oct
25,6235.238,control_oct
37,6235.5374,control_oct
37,6235.8378,control_oct
13,6236.1381,control_oct
13,6236.4384,control_oct
18,6236.7387,control_oct
6,6237.039,control_oct
6,6237.3393,control_oct
37,6237.6396,control_oct
37,6237.94,control_oct
18,6238.2403,control_oct
18,6238.5406,control_oct
18,6238.8409,control_oct
18,6239.1412,control_oct
13,6239.4433,control_oct
6,6239.7418,control_oct
13,6240.0422,control_oct
31,6240.3425,control_oct
18,6240.6428,control_oct
6,6240.9431,control_oct
6,6241.2434,control_oct
18,6241.5437,control_oct
14,6241.844,control_oct
20,6242.1444,control_oct
1,6242.4447,control_oct
7,6242.745,control_oct
32,6243.0453,control_oct
32,6243.3457,control_oct
7,6243.646,control_oct
7,6243.9463,control_oct
36,6244.2466,control_oct
36,6244.5468,control_oct
35,6244.8472,control_oct
35,6245.1476,control_oct
16,6245.4478,control_oct
25,6245.7482,control_oct
10,6246.0485,control_oct
13,6246.3488,control_oct
25,6246.6491,control_oct
10,6246.9494,control_oct
10,6247.2498,control_oct
10,6247.5501,control_oct
36,6247.8504,control_oct
8,6248.1507,control_oct
8,6248.451,control_oct
35,6248.7513,control_oct
35,6249.0516,control_oct
12,6249.3519,control_oct
35,6249.6523,control_oct
12,6249.9526,control_oct
16,6250.2529,control_oct
17,6250.5532,control_oct
17,6250.8535,control_oct
8,6251.1538,control_oct
8,6251.4541,control_oct
36,6251.7544,control_oct
16,6252.0548,control_oct
16,6252.3551,control_oct
16,6252.6554,control_oct
16,6252.9557,control_oct
16,6253.256,control_oct
8,6253.5564,control_oct
12,6253.8566,control_oct
11,6254.1586,control_oct
8,6254.4573,control_oct
35,6254.7576,control_oct
35,6255.0579,control_oct
11,6255.3582,control_oct
35,6255.9588,control_oct
35,6256.2592,control_oct
11,6256.5595,control_oct
35,6256.8598,control_oct
36,6257.1601,control_oct
12,6257.4604,control_oct
19,6257.7607,control_oct
6,6258.0611,control_oct
13,6258.3613,control_oct
6,6258.6617,control_oct
13,6258.962,control_oct
13,6259.2623,control_oct
13,6259.5626,control_oct
27,6259.8629,control_oct
31,6260.1632,control_oct
13,6260.4635,control_oct
13,6260.7638,control_oct
10,6261.0642,control_oct
10,6261.3644,control_oct
6,6261.6648,control_oct
10,6261.9651,control_oct
10,6262.2654,control_oct
10,6262.5658,control_oct
10,6262.8661,control_oct
10,6263.1664,control_oct
13,6263.4667,control_oct
13,6263.767,control_oct
13,6264.0673,control_oct
13,6264.3676,control_oct
11,6264.6679,control_oct
19,6264.9683,control_oct
19,6265.2686,control_oct
19,6265.5689,control_oct
19,6265.8692,control_oct
35,6266.1695,control_oct
20,6266.4698,control_oct
34,6266.7702,control_oct
5,6267.0705,control_oct
5,6267.3708,control_oct
1,6267.6711,control_oct
1,6267.9714,control_oct
18,6268.2717,control_oct
6,6268.572,control_oct
25,6268.8724,control_oct
25,6269.1727,control_oct
13,6269.473,control_oct
13,6269.7733,control_oct
18,6270.0736,control_oct
10,6270.3739,control_oct
6,6270.6742,control_oct
6,6270.9745,control_oct
25,6271.2749,control_oct
26,6271.5751,control_oct
26,6271.8755,control_oct
15,6272.1758,control_oct
11,6272.4762,control_oct
11,6272.7764,control_oct
23,6273.0767,control_oct
19,6273.3771,control_oct
11,6273.6774,control_oct
19,6273.9785,control_oct
35,6274.278,control_oct
35,6274.5783,control_oct
11,6274.8787,control_oct
35,6275.179,control_oct
35,6275.4793,control_oct
35,6275.7796,control_oct
35,6276.0799,control_oct
35,6276.3802,control_oct
11,6276.6806,control_oct
16,6276.9809,control_oct
11,6277.2812,control_oct
17,6277.5815,control_oct
36,6277.8818,control_oct
12,6278.1821,control_oct
17,6278.4824,control_oct
16,6278.7827,control_oct
17,6279.083,control_oct
36,6279.3833,control_oct
8,6279.6837,control_oct
1,6279.9839,control_oct
18,6280.2843,control_oct
18,6280.5846,control_oct
18,6280.8849,control_oct
26,6281.1852,control_oct
1,6281.4855,control_oct
19,6281.7859,control_oct
1,6282.0861,control_oct
35,6282.3865,control_oct
25,6282.6868,control_oct
37,6282.9871,control_oct
37,6283.2875,control_oct
18,6283.5877,control_oct
6,6283.888,control_oct
13,6284.1884,control_oct
6,6284.4887,control_oct
6,6284.789,control_oct
16,6285.0893,control_oct
17,6285.3897,control_oct
17,6285.69,control_oct
17,6285.9902,control_oct
17,6286.3062,control_oct
11,6286.5909,control_oct
1,6286.8912,control_oct
18,6287.1915,control_oct
18,6287.4918,control_oct
18,6287.7921,control_oct
18,6288.0924,control_oct
18,6288.3927,control_oct
37,6288.6931,control_oct
37,6288.9934,control_oct
10,6289.2937,control_oct
17,6289.594,control_oct
17,6289.8943,control_oct
17,6290.1947,control_oct
10,6290.4949,control_oct
25,6290.7953,control_oct
10,6291.0956,control_oct
10,6291.3959,control_oct
13,6291.6962,control_oct
31,6291.9965,control_oct
15,6292.2968,control_oct
15,6292.5972,control_oct
7,6292.8974,control_oct
19,6293.1978,control_oct
8,6293.4981,control_oct
36,6293.7984,control_oct
36,6294.0987,control_oct
17,6294.3991,control_oct
17,6294.6993,control_oct
8,6294.9996,control_oct
6,6295.3,control_oct
16,6295.6004,control_oct
16,6295.9006,control_oct
36,6296.2009,control_oct
8,6296.5012,control_oct
11,6296.8015,control_oct
18,6297.1019,control_oct
18,6297.4022,control_oct
13,6297.7025,control_oct
13,6298.0028,control_oct
13,6298.3031,control_oct
6,6298.6034,control_oct
10,6298.9037,control_oct
6,6299.204,control_oct
13,6299.5044,control_oct
13,6299.8046,control_oct
6,6300.105,control_oct
13,6300.4053,control_oct
31,6300.7056,control_oct
26,6301.0059,control_oct
26,6301.3062,control_oct
26,6301.6065,control_oct
37,6301.9068,control_oct
6,6302.2072,control_oct
18,6302.5075,control_oct
18,6302.8078,control_oct
26,6303.1081,control_oct
31,6303.4084,control_oct
18,6303.7087,control_oct
11,6304.009,control_oct
16,6304.3094,control_oct
16,6304.6097,control_oct
35,6304.91,control_oct
35,6305.2103,control_oct
15,6305.5106,control_oct
7,6305.8109,control_oct
19,6306.1113,control_oct
36,6306.4116,control_oct
11,6306.7119,control_oct
13,6307.0122,control_oct
13,6307.3125,control_oct
37,6307.6128,control_oct
18,6307.9131,control_oct
18,6308.2135,control_oct
6,6308.5138,control_oct
36,6308.814,control_oct
25,6309.1144,control_oct
14,6309.4147,control_oct
6,6309.7151,control_oct
10,6310.0153,control_oct
13,6310.3157,control_oct
13,6310.616,control_oct
37,6310.9163,control_oct
37,6311.2166,control_oct
13,6311.5169,control_oct
6,6311.8172,control_oct
18,6312.1175,control_oct
18,6312.4178,control_oct
19,6312.7181,control_oct
15,6313.0185,control_oct
19,6313.3188,control_oct
19,6313.6191,control_oct
19,6313.9194,control_oct
17,6314.2197,control_oct
8,6314.52,control_oct
6,6314.8204,control_oct
19,6315.1207,control_oct
19,6315.421,control_oct
19,6315.7213,control_oct
11,6316.0216,control_oct
19,6316.3219,control_oct
19,6316.6222,control_oct
11,6316.9226,control_oct
15,6317.2229,control_oct
1,6317.5232,control_oct
19,6317.8235,control_oct
12,6318.1239,control_oct
19,6318.4241,control_oct
15,6318.7244,control_oct
19,6319.0248,control_oct
1,6319.3251,control_oct
23,6319.6254,control_oct
18,6319.9257,control_oct
10,6320.226,control_oct
10,6320.5263,control_oct
25,6320.8266,control_oct
10,6321.1269,control_oct
10,6321.4273,control_oct
10,6321.7276,control_oct
10,6322.0279,control_oct
10,6322.3282,control_oct
10,6322.6285,control_oct
10,6322.9289,control_oct
6,6323.2291,control_oct
8,6323.5295,control_oct
15,6323.8298,control_oct
15,6324.1301,control_oct
11,6324.4371,control_oct
35,6324.7307,control_oct
35,6325.031,control_oct
35,6325.3314,control_oct
19,6325.6317,control_oct
5,6325.932,control_oct
19,6326.2323,control_oct
1,6326.5326,control_oct
19,6326.8329,control_oct
17,6327.1332,control_oct
11,6327.4336,control_oct
15,6327.7338,control_oct
13,6328.0342,control_oct
25,6328.3344,control_oct
6,6328.6348,control_oct
37,6328.9351,control_oct
18,6329.2354,control_oct
18,6329.5357,control_oct
37,6329.836,control_oct
18,6330.1363,control_oct
10,6330.4366,control_oct
10,6330.737,control_oct
10,6331.0373,control_oct
10,6331.3376,control_oct
10,6331.638,control_oct
36,6331.9382,control_oct
19,6332.2395,control_oct
35,6332.5388,control_oct
11,6332.8392,control_oct
35,6333.1395,control_oct
11,6333.4398,control_oct
11,6333.7402,control_oct
16,6334.0405,control_oct
16,6334.3408,control_oct
36,6334.6411,control_oct
17,6334.9414,control_oct
36,6335.2417,control_oct
16,6335.542,control_oct
17,6335.8423,control_oct
8,6336.1427,control_oct
19,6336.4429,control_oct
11,6336.7433,control_oct
35,6337.0436,control_oct
35,6337.3439,control_oct
35,6337.6443,control_oct
35,6337.9445,control_oct
35,6338.2449,control_oct
35,6338.5452,control_oct
11,6338.8455,control_oct
35,6339.1458,control_oct
19,6339.4461,control_oct
35,6339.7464,control_oct
11,6340.0468,control_oct
35,6340.347,control_oct
11,6340.6474,control_oct
8,6340.9477,control_oct
17,6341.248,control_oct
19,6341.5483,control_oct
19,6341.8486,control_oct
7,6342.149,control_oct
1,6342.4492,control_oct
37,6342.7495,control_oct
26,6343.0499,control_oct
37,6343.3501,control_oct
19,6343.6505,control_oct
19,6343.9508,control_oct
11,6344.2511,control_oct
17,6344.5515,control_oct
16,6344.8517,control_oct
36,6345.1521,control_oct
16,6345.4524,control_oct
16,6345.7527,control_oct
17,6346.053,control_oct
17,6346.3533,control_oct
17,6346.6536,control_oct
16,6346.954,control_oct
15,6347.2542,control_oct
7,6347.5546,control_oct
15,6347.8548,control_oct
32,6348.1552,control_oct
15,6348.4555,control_oct
2,6348.7558,control_oct
4,6349.0561,control_oct
4,6349.3564,control_oct
5,6349.6567,control_oct
5,6349.9571,control_oct
11,6350.2574,control_oct
11,6350.5577,control_oct
17,6350.858,control_oct
17,6351.1583,control_oct
17,6351.4587,control_oct
17,6351.7589,control_oct
17,6352.0593,control_oct
17,6352.3596,control_oct
8,6352.6599,control_oct
16,6352.9602,control_oct
16,6353.2605,control_oct
36,6353.5608,control_oct
8,6353.8612,control_oct
19,6354.1614,control_oct
35,6354.4618,control_oct
19,6354.7621,control_oct
35,6355.0624,control_oct
35,6355.3627,control_oct
35,6355.663,control_oct
35,6355.9633,control_oct
35,6356.2636,control_oct
11,6356.564,control_oct
19,6356.8643,control_oct
7,6357.1646,control_oct
7,6357.465,control_oct
19,6357.7652,control_oct
11,6358.0656,control_oct
36,6358.3659,control_oct
35,6358.6662,control_oct
17,6358.9665,control_oct
36,6359.2668,control_oct
8,6359.5671,control_oct
11,6359.8674,control_oct
36,6360.1678,control_oct
17,6360.468,control_oct
24,6360.7684,control_oct
16,6361.0687,control_oct
12,6361.369,control_oct
11,6361.6693,control_oct
35,6361.9696,control_oct
15,6362.27,control_oct
19,6362.5702,control_oct
15,6362.8706,control_oct
1,6363.1708,control_oct
1,6363.4712,control_oct
7,6363.7715,control_oct
15,6364.0718,control_oct
15,6364.3722,control_oct
35,6364.6725,control_oct
19,6364.9727,control_oct
26,6365.2731,control_oct
18,6365.5734,control_oct
27,6365.8737,control_oct
31,6366.174,control_oct
26,6366.4743,control_oct
13,6366.7746,control_oct
11,6367.075,control_oct
17,6367.3752,control_oct
35,6367.6756,control_oct
7,6367.9759,control_oct
7,6368.2762,control_oct
7,6368.5766,control_oct
7,6368.8768,control_oct
19,6369.1772,control_oct
35,6369.4775,control_oct
11,6369.7778,control_oct
36,6370.0781,control_oct
16,6370.3784,control_oct
25,6370.6788,control_oct
10,6370.979,control_oct
10,6371.2793,control_oct
10,6371.5797,control_oct
12,6371.88,control_oct
35,6372.1803,control_oct
20,6372.4806,control_oct
1,6372.7809,control_oct
15,6373.0812,control_oct
15,6373.3815,control_oct
8,6373.6818,control_oct
36,6373.9822,control_oct
36,6374.2825,control_oct
17,6374.5828,control_oct
17,6374.8832,control_oct
36,6375.1834,control_oct
35,6375.4837,control_oct
11,6375.7841,control_oct
19,6376.0844,control_oct
36,6376.3847,control_oct
19,6376.685,control_oct
19,6376.9853,control_oct
36,6377.2856,control_oct
16,6377.586,control_oct
10,6377.8863,control_oct
10,6378.1866,control_oct
10,6378.4869,control_oct
10,6378.7872,control_oct
17,6379.0875,control_oct
17,6379.3878,control_oct
8,6379.6881,control_oct
17,6379.9885,control_oct
17,6380.2888,control_oct
17,6380.5891,control_oct
24,6380.8894,control_oct
36,6381.1897,control_oct
24,6381.49,control_oct
24,6381.7903,control_oct
17,6382.0907,control_oct
35,6382.391,control_oct
16,6382.6913,control_oct
6,6382.9916,control_oct
6,6383.2919,control_oct
13,6383.5923,control_oct
12,6383.8925,control_oct
35,6384.1928,control_oct
15,6384.4932,control_oct
17,6384.7935,control_oct
35,6385.0938,control_oct
19,6385.3941,control_oct
6,6385.6945,control_oct
10,6385.9948,control_oct
35,6386.2951,control_oct
35,6386.5954,control_oct
8,6386.8957,control_oct
16,6387.196,control_oct
35,6387.4963,control_oct
35,6387.7966,control_oct
10,6388.0969,control_oct
6,6388.3972,control_oct
8,6388.6976,control_oct
16,6388.9979,control_oct
35,6389.2982,control_oct
8,6389.5985,control_oct
8,6389.8988,control_oct
16,6390.1991,control_oct
11,6390.4995,control_oct
35,6390.7997,control_oct
11,6391.1,control_oct
11,6391.4004,control_oct
35,6391.7008,control_oct
8,6392.0011,control_oct
8,6392.3014,control_oct
11,6392.6016,control_oct
35,6392.902,control_oct
15,6393.2023,control_oct
11,6393.5027,control_oct
1,6393.8029,control_oct
11,6394.1032,control_oct
12,6394.4036,control_oct
11,6394.7038,control_oct
13,6395.0042,control_oct
25,6395.3045,control_oct
6,6395.6047,control_oct
10,6395.9051,control_oct
10,6396.2054,control_oct
10,6396.5057,control_oct
13,6396.806,control_oct
31,6397.1064,control_oct
19,6397.4067,control_oct
12,6397.707,control_oct
11,6398.0073,control_oct
19,6398.3076,control_oct
19,6398.6079,control_oct
19,6398.9083,control_oct
11,6399.2086,control_oct
11,6399.5089,control_oct
11,6399.8092,control_oct
35,6400.1095,control_oct
35,6400.4098,control_oct
8,6400.7101,control_oct
36,6401.0104,control_oct
35,6401.3108,control_oct
36,6401.611,control_oct
16,6401.9114,control_oct
12,6402.2117,control_oct
35,6402.512,control_oct
36,6402.8123,control_oct
16,6403.1126,control_oct
17,6403.413,control_oct
17,6403.7132,control_oct
11,6404.0136,control_oct
11,6404.3139,control_oct
17,6404.6142,control_oct
17,6404.9145,control_oct
17,6405.2148,control_oct
17,6405.5151,control_oct
36,6405.8155,control_oct
17,6406.1157,control_oct
16,6406.4161,control_oct
17,6406.7164,control_oct
17,6407.0167,control_oct
17,6407.317,control_oct
8,6407.6173,control_oct
19,6407.9177,control_oct
11,6408.2179,control_oct
35,6408.5183,control_oct
19,6408.8186,control_oct
19,6409.1189,control_oct
19,6409.4192,control_oct
19,6409.7195,control_oct
19,6410.0199,control_oct
19,6410.3202,control_oct
11,6410.6204,control_oct
19,6410.9208,control_oct
12,6411.2211,control_oct
19,6411.5214,control_oct
1,6411.8217,control_oct
1,6412.122,control_oct
18,6412.4224,control_oct
37,6412.7227,control_oct
37,6413.023,control_oct
6,6413.3233,control_oct
6,6413.6236,control_oct
25,6413.9239,control_oct
25,6414.2243,control_oct
13,6414.5245,control_oct
10,6414.8248,control_oct
13,6415.1252,control_oct
12,6415.4255,control_oct
12,6415.7258,control_oct
8,6416.0261,control_oct
35,6416.3264,control_oct
35,6416.6268,control_oct
35,6416.927,control_oct
1,6417.2273,control_oct
7,6417.5277,control_oct
32,6417.828,control_oct
19,6418.1283,control_oct
11,6418.4286,control_oct
11,6418.7289,control_oct
15,6419.0292,control_oct
15,6419.3295,control_oct
15,6419.6299,control_oct
15,6419.9301,control_oct
31,6420.2305,control_oct
31,6420.5308,control_oct
31,6420.8311,control_oct
31,6421.1314,control_oct
26,6421.4317,control_oct
18,6421.732,control_oct
18,6422.0324,control_oct
13,6422.3327,control_oct
31,6422.6329,control_oct
37,6422.9333,control_oct
26,6423.2336,control_oct
26,6423.5339,control_oct
7,6423.8342,control_oct
26,6424.1346,control_oct
31,6424.4348,control_oct
7,6424.7352,control_oct
7,6425.0355,control_oct
1,6425.3358,control_oct
11,6425.6361,control_oct
16,6425.9364,control_oct
16,6426.2367,control_oct
17,6426.5371,control_oct
16,6426.8374,control_oct
11,6427.1377,control_oct
11,6427.438,control_oct
24,6427.7383,control_oct
24,6428.0386,control_oct
11,6428.3389,control_oct
24,6428.6393,control_oct
24,6428.9395,control_oct
24,6429.2398,control_oct
19,6429.5402,control_oct
17,6429.8405,control_oct
11,6430.1408,control_oct
12,6430.4411,control_oct
11,6430.7414,control_oct
1,6431.0417,control_oct
6,6431.342,control_oct
25,6431.6424,control_oct
13,6431.9427,control_oct
13,6432.243,control_oct
13,6432.5434,control_oct
13,6432.8436,control_oct
13,6433.1439,control_oct
11,6433.4443,control_oct
13,6433.7445,control_oct
18,6434.0449,control_oct
13,6434.3452,control_oct
6,6434.6454,control_oct
31,6434.9458,control_oct
31,6435.2461,control_oct
15,6435.5464,control_oct
15,6435.8468,control_oct
5,6436.1471,control_oct
5,6436.4474,control_oct
28,6436.7477,control_oct
28,6437.048,control_oct
7,6437.3483,control_oct
1,6437.6486,control_oct
37,6437.9489,control_oct
13,6438.2492,control_oct
6,6438.5496,control_oct
13,6438.8499,control_oct
25,6439.1502,control_oct
18,6439.4505,control_oct
13,6439.7508,control_oct
18,6440.0512,control_oct
13,6440.3515,control_oct
12,6440.6518,control_oct
19,6440.9521,control_oct
35,6441.2524,control_oct
35,6441.5527,control_oct
11,6441.853,control_oct
13,6442.1533,control_oct
37,6442.4537,control_oct
31,6442.754,control_oct
27,6443.0543,control_oct
14,6443.3546,control_oct
31,6443.6549,control_oct
32,6443.9552,control_oct
32,6444.2555,control_oct
15,6444.5558,control_oct
7,6444.8561,control_oct
7,6445.1564,control_oct
15,6445.4567,control_oct
11,6445.7571,control_oct
19,6446.0573,control_oct
10,6446.3577,control_oct
11,6446.658,control_oct
18,6446.9583,control_oct
27,6447.2587,control_oct
7,6447.5589,control_oct
12,6447.8593,control_oct
12,6448.1596,control_oct
35,6448.4599,control_oct
36,6448.7602,control_oct
16,6449.0605,control_oct
36,6449.3608,control_oct
35,6449.6612,control_oct
15,6449.9614,control_oct
7,6450.2618,control_oct
31,6450.5621,control_oct
14,6450.8624,control_oct
37,6451.1627,control_oct
13,6451.4655,control_oct
13,6451.7634,control_oct
35,6452.0636,control_oct
18,6452.364,control_oct
13,6452.6643,control_oct
13,6452.9646,control_oct
37,6453.2649,control_oct
6,6453.5652,control_oct
18,6453.8655,control_oct
18,6454.1659,control_oct
13,6454.4662,control_oct
6,6454.7665,control_oct
6,6455.0667,control_oct
13,6455.3671,control_oct
18,6455.6674,control_oct
35,6455.9677,control_oct
17,6456.268,control_oct
35,6456.5684,control_oct
23,6456.8686,control_oct
19,6457.1689,control_oct
19,6457.4692,control_oct
35,6457.7695,control_oct
19,6458.0699,control_oct
35,6458.3702,control_oct
12,6458.6705,control_oct
19,6458.9708,control_oct
19,6459.2712,control_oct
20,6459.5715,control_oct
20,6459.8717,control_oct
7,6460.1721,control_oct
7,6460.4724,control_oct
7,6460.7727,control_oct
32,6461.073,control_oct
32,6461.3733,control_oct
32,6461.6736,control_oct
7,6461.974,control_oct
2,6462.2742,control_oct
7,6462.5746,control_oct
7,6462.8749,control_oct
32,6463.1752,control_oct
32,6463.4755,control_oct
32,6463.7758,control_oct
32,6464.0762,control_oct
32,6464.3764,control_oct
15,6464.6768,control_oct
32,6464.977,control_oct
15,6465.2774,control_oct
15,6465.5777,control_oct
32,6465.878,control_oct
32,6466.1783,control_oct
32,6466.4787,control_oct
7,6466.7789,control_oct
7,6467.0792,control_oct
7,6467.3796,control_oct
7,6467.6799,control_oct
15,6467.9802,control_oct
11,6468.2814,control_oct
19,6468.5808,control_oct
19,6468.8811,control_oct
7,6469.1814,control_oct
7,6469.4818,control_oct
7,6469.782,control_oct
14,6470.0824,control_oct
7,6470.3827,control_oct
20,6470.683,control_oct
31,6470.9833,control_oct
13,6471.2836,control_oct
13,6471.5839,control_oct
13,6471.8843,control_oct
25,6472.1846,control_oct
12,6472.4849,control_oct
19,6472.7852,control_oct
12,6473.0855,control_oct
35,6473.3858,control_oct
31,6473.6861,control_oct
14,6473.9864,control_oct
31,6474.2868,control_oct
15,6474.5871,control_oct
15,6474.8874,control_oct
19,6475.1877,control_oct
31,6475.488,control_oct
31,6475.7883,control_oct
31,6476.0886,control_oct
31,6476.389,control_oct
26,6476.6892,control_oct
13,6476.9896,control_oct
18,6477.2899,control_oct
37,6477.5902,control_oct
1,6477.8914,control_oct
19,6478.1908,control_oct
19,6478.4911,control_oct
15,6478.7915,control_oct
19,6479.0917,control_oct
36,6479.392,control_oct
17,6479.6924,control_oct
16,6479.9927,control_oct
17,6480.293,control_oct
19,6480.5933,control_oct
20,6480.8937,control_oct
15,6481.194,control_oct
11,6481.4942,control_oct
19,6481.7946,control_oct
11,6482.0948,control_oct
35,6482.3952,control_oct
19,6482.6955,control_oct
35,6482.9958,control_oct
35,6483.2961,control_oct
35,6483.5964,control_oct
17,6483.8968,control_oct
17,6484.1971,control_oct
35,6484.4973,control_oct
6,6484.7976,control_oct
13,6485.098,control_oct
25,6485.3983,control_oct
37,6485.6987,control_oct
13,6485.9989,control_oct
37,6486.2992,control_oct
6,6486.5996,control_oct
6,6486.8999,control_oct
35,6487.2002,control_oct
12,6487.5005,control_oct
16,6487.8017,control_oct
16,6488.1011,control_oct
17,6488.4015,control_oct
17,6488.7018,control_oct
16,6489.0021,control_oct
36,6489.3024,control_oct
8,6489.6027,control_oct
1,6489.903,control_oct
1,6490.2034,control_oct
19,6490.5036,control_oct
11,6490.804,control_oct
1,6491.1043,control_oct
1,6491.4046,control_oct
19,6491.7049,control_oct
19,6492.0052,control_oct
11,6492.3055,control_oct
13,6492.6058,control_oct
6,6492.9061,control_oct
12,6493.2065,control_oct
35,6493.5068,control_oct
13,6493.807,control_oct
6,6494.1074,control_oct
6,6494.4077,control_oct
25,6494.7081,control_oct
6,6495.0083,control_oct
6,6495.3086,control_oct
25,6495.609,control_oct
25,6495.9092,control_oct
10,6496.2096,control_oct
10,6496.5099,control_oct
36,6496.8102,control_oct
8,6497.1105,control_oct
17,6497.4108,control_oct
35,6497.7112,control_oct
12,6498.0114,control_oct
36,6498.3118,control_oct
6,6498.6121,control_oct
6,6498.9124,control_oct
10,6499.2127,control_oct
8,6499.513,control_oct
13,6499.8133,control_oct
25,6500.1137,control_oct
10,6500.414,control_oct
10,6500.7143,control_oct
6,6501.0145,control_oct
8,6501.3149,control_oct
36,6501.6152,control_oct
11,6501.9155,control_oct
11,6502.2158,control_oct
35,6502.5162,control_oct
8,6502.8164,control_oct
17,6503.1168,control_oct
35,6503.4171,control_oct
17,6503.7174,control_oct
16,6504.0177,control_oct
17,6504.318,control_oct
16,6504.6183,control_oct
36,6504.9187,control_oct
19,6505.2189,control_oct
35,6505.5193,control_oct
8,6505.8196,control_oct
19,6506.1199,control_oct
19,6506.4202,control_oct
19,6506.7205,control_oct
11,6507.0208,control_oct
19,6507.3211,control_oct
19,6507.6223,control_oct
19,6507.9218,control_oct
7,6508.2221,control_oct
23,6508.5224,control_oct
1,6508.8227,control_oct
15,6509.123,control_oct
1,6509.4233,control_oct
1,6509.7236,control_oct
26,6510.0239,control_oct
31,6510.3243,control_oct
15,6510.6246,control_oct
19,6510.9249,control_oct
15,6511.2252,control_oct
7,6511.5255,control_oct
15,6511.8258,control_oct
15,6512.1261,control_oct
19,6512.4264,control_oct
11,6512.7267,control_oct
18,6513.0271,control_oct
37,6513.3274,control_oct
13,6513.6277,control_oct
19,6513.928,control_oct
11,6514.2284,control_oct
19,6514.5286,control_oct
18,6514.8289,control_oct
27,6515.1292,control_oct
7,6515.4295,control_oct
19,6515.7299,control_oct
35,6516.0302,control_oct
35,6516.3305,control_oct
35,6516.6308,control_oct
35,6516.9311,control_oct
17,6517.2314,control_oct
17,6517.5318,control_oct
17,6517.832,control_oct
1,6518.1324,control_oct
32,6518.4327,control_oct
35,6518.733,control_oct
17,6519.0333,control_oct
19,6519.3336,control_oct
23,6519.6339,control_oct
20,6519.9342,control_oct
5,6520.2346,control_oct
5,6520.5348,control_oct
5,6520.8352,control_oct
34,6521.1355,control_oct
34,6521.4358,control_oct
5,6521.7361,control_oct
5,6522.0364,control_oct
5,6522.3368,control_oct
5,6522.637,control_oct
5,6522.9373,control_oct
5,6523.2377,control_oct
34,6523.538,control_oct
34,6523.8383,control_oct
34,6524.1386,control_oct
34,6524.4389,control_oct
34,6524.7392,control_oct
34,6525.0396,control_oct
34,6525.3399,control_oct
34,6525.6402,control_oct
34,6525.9405,control_oct
34,6526.2408,control_oct
34,6526.5411,control_oct
34,6526.8414,control_oct
34,6527.1418,control_oct
34,6527.442,control_oct
34,6527.7424,control_oct
34,6528.0427,control_oct
34,6528.343,control_oct
34,6528.6433,control_oct
34,6528.9436,control_oct
34,6529.2439,control_oct
34,6529.5443,control_oct
34,6529.8445,control_oct
34,6530.1448,control_oct
34,6530.4452,control_oct
34,6530.7454,control_oct
34,6531.0458,control_oct
34,6531.3461,control_oct
34,6531.6464,control_oct
34,6531.9467,control_oct
34,6532.247,control_oct
34,6532.5473,control_oct
34,6532.8476,control_oct
34,6533.148,control_oct
32,6533.4483,control_oct
34,6533.7486,control_oct
34,6534.0489,control_oct
34,6534.3492,control_oct
34,6534.6495,control_oct
34,6534.9499,control_oct
34,6535.2501,control_oct
34,6535.5505,control_oct
34,6535.8508,control_oct
34,6536.1511,control_oct
34,6536.4523,control_oct
34,6536.7517,control_oct
34,6537.052,control_oct
5,6537.3524,control_oct
5,6537.6526,control_oct
8,6537.9529,control_oct
15,6538.2533,control_oct
15,6538.5535,control_oct
19,6538.8539,control_oct
35,6539.1542,control_oct
12,6539.4545,control_oct
19,6539.7548,control_oct
19,6540.0552,control_oct
35,6540.3554,control_oct
36,6540.6557,control_oct
17,6540.9561,control_oct
17,6541.2564,control_oct
24,6541.5567,control_oct
17,6541.8571,control_oct
11,6542.1623,control_oct
5,6542.4576,control_oct
34,6542.758,control_oct
34,6543.0583,control_oct
28,6543.3586,control_oct
34,6543.6589,control_oct
34,6543.9592,control_oct
34,6544.2595,control_oct
34,6544.5598,control_oct
34,6544.8602,control_oct
34,6545.1605,control_oct
34,6545.4608,control_oct
9,6545.7611,control_oct
34,6546.0614,control_oct
34,6546.3617,control_oct
34,6546.662,control_oct
34,6546.9623,control_oct
34,6547.2627,control_oct
34,6547.563,control_oct
34,6547.8633,control_oct
34,6548.1636,control_oct
34,6548.4639,control_oct
34,6548.7642,control_oct
34,6549.0646,control_oct
34,6549.3648,control_oct
34,6549.6651,control_oct
34,6549.9655,control_oct
34,6550.2658,control_oct
34,6550.5661,control_oct
34,6550.8664,control_oct
34,6551.1668,control_oct
34,6551.4671,control_oct
34,6551.7674,control_oct
34,6552.0677,control_oct
34,6552.368,control_oct
34,6552.6683,control_oct
34,6552.9686,control_oct
34,6553.2689,control_oct
34,6553.5693,control_oct
34,6553.8696,control_oct
34,6554.1699,control_oct
34,6554.4702,control_oct
34,6554.7705,control_oct
34,6555.0708,control_oct
34,6555.3711,control_oct
34,6555.6714,control_oct
34,6555.9717,control_oct
34,6556.272,control_oct
34,6556.5724,control_oct
34,6556.8727,control_oct
34,6557.173,control_oct
34,6557.4733,control_oct
34,6557.7736,control_oct
34,6558.0739,control_oct
34,6558.3743,control_oct
34,6558.6745,control_oct
34,6558.9749,control_oct
34,6559.2752,control_oct
34,6559.5755,control_oct
34,6559.8758,control_oct
34,6560.1761,control_oct
5,6560.4764,control_oct
5,6560.7768,control_oct
7,6561.077,control_oct
15,6561.3773,control_oct
15,6561.6776,control_oct
19,6561.978,control_oct
35,6562.2783,control_oct
36,6562.5786,control_oct
19,6562.8789,control_oct
7,6563.1792,control_oct
7,6563.4796,control_oct
7,6563.7798,control_oct
7,6564.0802,control_oct
7,6564.3805,control_oct
7,6564.6808,control_oct
7,6564.9812,control_oct
7,6565.2814,control_oct
32,6565.5818,control_oct
7,6565.882,control_oct
7,6566.1823,control_oct
1,6566.4827,control_oct
15,6566.783,control_oct
20,6567.0833,control_oct
20,6567.3836,control_oct
23,6567.6839,control_oct
7,6567.9843,control_oct
20,6568.2845,control_oct
20,6568.5849,control_oct
20,6568.8852,control_oct
7,6569.1855,control_oct
7,6569.4858,control_oct
1,6569.7861,control_oct
15,6570.0865,control_oct
15,6570.3867,control_oct
15,6570.6871,control_oct
23,6570.9874,control_oct
23,6571.2877,control_oct
20,6571.588,control_oct
20,6571.8883,control_oct
28,6572.1886,control_oct
20,6572.489,control_oct
20,6572.7893,control_oct
28,6573.0896,control_oct
28,6573.3899,control_oct
28,6573.6902,control_oct
28,6573.9905,control_oct
20,6574.2908,control_oct
20,6574.5911,control_oct
23,6574.8915,control_oct
14,6575.1918,control_oct
14,6575.4922,control_oct
29,6575.7924,control_oct
29,6576.0927,control_oct
29,6576.393,control_oct
23,6576.6933,control_oct
29,6576.9937,control_oct
33,6577.294,control_oct
33,6577.5943,control_oct
29,6577.8946,control_oct
29,6578.1949,control_oct
29,6578.4952,control_oct
22,6578.7955,control_oct
20,6579.0958,control_oct
1,6579.3962,control_oct
20,6579.6964,control_oct
30,6579.9968,control_oct
28,6580.2971,control_oct
20,6580.5974,control_oct
34,6580.8977,control_oct
34,6581.198,control_oct
23,6581.4983,control_oct
21,6581.7987,control_oct
21,6582.099,control_oct
21,6582.3993,control_oct
21,6582.6996,control_oct
21,6582.9999,control_oct
21,6583.3002,control_oct
21,6583.6005,control_oct
21,6583.9008,control_oct
21,6584.2012,control_oct
21,6584.5015,control_oct
21,6584.8018,control_oct
21,6585.1021,control_oct
21,6585.4024,control_oct
21,6585.7028,control_oct
21,6586.003,control_oct
21,6586.3034,control_oct
21,6586.6037,control_oct
21,6586.904,control_oct
21,6587.2043,control_oct
21,6587.5046,control_oct
21,6587.8049,control_oct
21,6588.1052,control_oct
21,6588.4056,control_oct
21,6588.7059,control_oct
21,6589.0061,control_oct
21,6589.3065,control_oct
21,6589.6068,control_oct
21,6589.9071,control_oct
21,6590.2075,control_oct
21,6590.5077,control_oct
21,6590.8081,control_oct
21,6591.1084,control_oct
33,6591.4087,control_oct
14,6591.709,control_oct
26,6592.0093,control_oct
13,6592.3096,control_oct
12,6592.61,control_oct
11,6592.9103,control_oct
1,6593.2106,control_oct
32,6593.5109,control_oct
1,6593.8112,control_oct
15,6594.1116,control_oct
1,6594.4118,control_oct
27,6594.7121,control_oct
31,6595.0124,control_oct
18,6595.3127,control_oct
31,6595.6131,control_oct
31,6595.9134,control_oct
31,6596.2137,control_oct
31,6596.514,control_oct
7,6596.8143,control_oct
1,6597.1147,control_oct
14,6597.4149,control_oct
1,6597.7153,control_oct
1,6598.0156,control_oct
26,6598.3159,control_oct
20,6598.6162,control_oct
15,6598.9165,control_oct
5,6599.2169,control_oct
1,6599.5172,control_oct
1,6599.8174,control_oct
35,6600.1178,control_oct
12,6600.4181,control_oct
12,6600.7184,control_oct
34,6601.0188,control_oct
34,6601.3191,control_oct
34,6601.6194,control_oct
34,6601.9197,control_oct
34,6602.22,control_oct
28,6602.5203,control_oct
28,6602.8206,control_oct
28,6603.1209,control_oct
28,6603.4212,control_oct
28,6603.7216,control_oct
28,6604.0219,control_oct
28,6604.3222,control_oct
28,6604.6225,control_oct
28,6604.9228,control_oct
28,6605.2231,control_oct
28,6605.5234,control_oct
28,6605.8237,control_oct
28,6606.1241,control_oct
28,6606.4244,control_oct
34,6606.7247,control_oct
28,6607.025,control_oct
28,6607.3253,control_oct
28,6607.6256,control_oct
28,6607.926,control_oct
28,6608.2263,control_oct
28,6608.5266,control_oct
28,6608.8269,control_oct
28,6609.1272,control_oct
28,6609.4275,control_oct
28,6609.7278,control_oct
28,6610.0282,control_oct
28,6610.3284,control_oct
5,6610.6288,control_oct
28,6610.9291,control_oct
5,6611.2294,control_oct
28,6611.5297,control_oct
28,6611.8301,control_oct
8,6612.1303,control_oct
36,6612.4306,control_oct
17,6612.731,control_oct
17,6613.0313,control_oct
36,6613.3316,control_oct
17,6613.6319,control_oct
17,6613.9322,control_oct
15,6614.2325,control_oct
7,6614.5328,control_oct
23,6614.8331,control_oct
20,6615.1335,control_oct
23,6615.4338,control_oct
20,6615.7341,control_oct
20,6616.0344,control_oct
29,6616.3347,control_oct
20,6616.635,control_oct
23,6616.9354,control_oct
28,6617.2357,control_oct
28,6617.546,control_oct
29,6617.8363,control_oct
29,6618.1366,control_oct
29,6618.4369,control_oct
23,6618.7372,control_oct
20,6619.0375,control_oct
28,6619.3379,control_oct
20,6619.6382,control_oct
23,6619.9385,control_oct
20,6620.2388,control_oct
20,6620.5391,control_oct
29,6620.8394,control_oct
29,6621.1397,control_oct
29,6621.4401,control_oct
29,6621.7421,control_oct
30,6622.0407,control_oct
30,6622.341,control_oct
20,6622.6413,control_oct
30,6622.9416,control_oct
30,6623.2419,control_oct
20,6623.5422,control_oct
22,6623.8425,control_oct
30,6624.1428,control_oct
2,6624.4431,control_oct
2,6624.7435,control_oct
30,6625.0438,control_oct
30,6625.3441,control_oct
30,6625.6444,control_oct
30,6626.245,control_oct
30,6626.5454,control_oct
2,6626.8457,control_oct
2,6627.146,control_oct
2,6627.4463,control_oct
2,6627.7467,control_oct
30,6628.0469,control_oct
2,6628.3473,control_oct
9,6628.6476,control_oct
9,6628.9479,control_oct
2,6629.2482,control_oct
30,6629.5485,control_oct
22,6629.8497,control_oct
30,6630.1492,control_oct
22,6630.4494,control_oct
9,6630.7498,control_oct
3,6631.05,control_oct
2,6631.3504,control_oct
2,6631.6507,control_oct
2,6631.951,control_oct
30,6632.2513,control_oct
22,6632.5516,control_oct
20,6632.852,control_oct
30,6633.1522,control_oct
30,6633.4526,control_oct
30,6633.7529,control_oct
2,6634.0532,control_oct
2,6634.3535,control_oct
2,6634.6539,control_oct
2,6634.9541,control_oct
9,6635.2545,control_oct
3,6635.5548,control_oct
22,6635.855,control_oct
3,6636.1554,control_oct
30,6636.4557,control_oct
30,6636.7561,control_oct
30,6637.0563,control_oct
27,6637.3566,control_oct
27,6637.657,control_oct
27,6637.9573,control_oct
12,6638.2576,control_oct
12,6638.558,control_oct
8,6638.8582,control_oct
35,6639.1586,control_oct
15,6639.4588,control_oct
11,6639.7592,control_oct
17,6640.0595,control_oct
36,6640.3598,control_oct
17,6640.6601,control_oct
24,6640.9604,control_oct
17,6641.2608,control_oct
24,6641.5611,control_oct
17,6641.8613,control_oct
17,6642.1617,control_oct
36,6642.462,control_oct
31,6642.7623,control_oct
37,6643.0626,control_oct
31,6643.3629,control_oct
20,6643.6633,control_oct
1,6643.9636,control_oct
29,6644.2639,control_oct
31,6644.5642,control_oct
15,6644.8645,control_oct
23,6645.1648,control_oct
23,6645.4652,control_oct
31,6645.7655,control_oct
29,6646.0657,control_oct
7,6646.3661,control_oct
20,6646.6664,control_oct
5,6646.9667,control_oct
5,6647.267,control_oct
23,6647.5674,control_oct
14,6647.8677,control_oct
5,6648.168,control_oct
28,6648.4683,control_oct
7,6648.7686,control_oct
35,6649.0689,control_oct
8,6649.3692,control_oct
11,6649.6696,control_oct
20,6649.9699,control_oct
20,6650.2702,control_oct
14,6650.5705,control_oct
23,6650.8708,control_oct
31,6651.1711,control_oct
21,6651.4714,control_oct
14,6651.7717,control_oct
1,6652.0721,control_oct
26,6652.3723,control_oct
14,6652.6727,control_oct
18,6652.9739,control_oct
18,6653.2733,control_oct
14,6653.5736,control_oct
31,6653.874,control_oct
1,6654.1743,control_oct
14,6654.4746,control_oct
31,6654.7748,control_oct
1,6655.0752,control_oct
14,6655.3756,control_oct
27,6655.6758,control_oct
31,6655.9761,control_oct
14,6656.2764,control_oct
13,6656.5768,control_oct
20,6656.8771,control_oct
23,6657.1774,control_oct
20,6657.4777,control_oct
29,6657.778,control_oct
20,6658.0784,control_oct
29,6658.3787,control_oct
31,6658.679,control_oct
23,6658.9793,control_oct
14,6659.2796,control_oct
27,6659.5799,control_oct
29,6659.8803,control_oct
28,6660.1805,control_oct
28,6660.4809,control_oct
5,6660.7812,control_oct
5,6661.0815,control_oct
5,6661.3818,control_oct
5,6661.6821,control_oct
5,6661.9824,control_oct
34,6662.2828,control_oct
34,6662.5831,control_oct
34,6662.8834,control_oct
34,6663.1837,control_oct
34,6663.484,control_oct
34,6663.7843,control_oct
34,6664.0846,control_oct
34,6664.385,control_oct
28,6664.6852,control_oct
28,6664.9856,control_oct
28,6665.2859,control_oct
28,6665.5862,control_oct
28,6665.8865,control_oct
28,6666.1868,control_oct
28,6666.4871,control_oct
23,6666.7875,control_oct
5,6667.0878,control_oct
35,6667.3881,control_oct
1,6667.6884,control_oct
12,6667.9888,control_oct
35,6668.289,control_oct
35,6668.5894,control_oct
23,6668.8897,control_oct
14,6669.19,control_oct
14,6669.4902,control_oct
29,6669.7906,control_oct
31,6670.0909,control_oct
20,6670.3912,control_oct
20,6670.6916,control_oct
1,6670.9918,control_oct
20,6671.2922,control_oct
28,6671.5925,control_oct
28,6671.8928,control_oct
28,6672.1931,control_oct
29,6672.4935,control_oct
29,6672.7938,control_oct
29,6673.0941,control_oct
29,6673.3944,control_oct
29,6673.6947,control_oct
29,6673.995,control_oct
29,6674.2953,control_oct
29,6674.5956,control_oct
33,6674.8959,control_oct
33,6675.1963,control_oct
33,6675.4965,control_oct
33,6675.7969,control_oct
29,6676.0972,control_oct
29,6676.3975,control_oct
29,6676.6979,control_oct
29,6676.9982,control_oct
29,6677.2984,control_oct
29,6677.5988,control_oct
33,6677.8991,control_oct
33,6678.1994,control_oct
33,6678.4997,control_oct
29,6678.8,control_oct
29,6679.1003,control_oct
29,6679.4007,control_oct
33,6679.7009,control_oct
33,6680.0013,control_oct
33,6680.3016,control_oct
33,6680.6019,control_oct
33,6680.9022,control_oct
33,6681.2025,control_oct
33,6681.5028,control_oct
33,6681.8031,control_oct
29,6682.1043,control_oct
29,6682.4038,control_oct
33,6682.7041,control_oct
33,6683.0044,control_oct
33,6683.3047,control_oct
33,6683.605,control_oct
33,6683.9053,control_oct
33,6684.2057,control_oct
33,6684.506,control_oct
29,6684.8063,control_oct
29,6685.1066,control_oct
33,6685.4069,control_oct
29,6685.7072,control_oct
29,6686.0076,control_oct
29,6686.3078,control_oct
29,6686.6082,control_oct
29,6686.9085,control_oct
27,6687.2088,control_oct
27,6687.5091,control_oct
27,6687.8094,control_oct
27,6688.1097,control_oct
27,6688.4101,control_oct
27,6688.7104,control_oct
27,6689.0107,control_oct
27,6689.311,control_oct
31,6689.6113,control_oct
13,6689.9116,control_oct
13,6690.2119,control_oct
13,6690.5123,control_oct
37,6690.8125,control_oct
6,6691.1129,control_oct
6,6691.4132,control_oct
10,6691.7135,control_oct
37,6692.0138,control_oct
15,6692.3141,control_oct
11,6692.6144,control_oct
11,6692.9148,control_oct
12,6693.2151,control_oct
1,6693.5154,control_oct
29,6693.8157,control_oct
14,6694.116,control_oct
23,6694.4163,control_oct
23,6694.7166,control_oct
20,6695.017,control_oct
7,6695.3172,control_oct
23,6695.6176,control_oct
18,6695.9179,control_oct
26,6696.2182,control_oct
21,6696.5185,control_oct
21,6696.8188,control_oct
21,6697.1191,control_oct
27,6697.4194,control_oct
31,6697.7198,control_oct
7,6698.0201,control_oct
7,6698.3204,control_oct
11,6698.6208,control_oct
36,6698.9211,control_oct
36,6699.2213,control_oct
1,6699.5216,control_oct
29,6699.822,control_oct
20,6700.1223,control_oct
7,6700.4226,control_oct
12,6700.7229,control_oct
35,6701.0232,control_oct
8,6701.3236,control_oct
20,6701.6238,control_oct
23,6701.9242,control_oct
14,6702.2245,control_oct
14,6702.5248,control_oct
23,6702.8252,control_oct
29,6703.1254,control_oct
14,6703.4258,control_oct
23,6703.7261,control_oct
29,6704.0264,control_oct
23,6704.3267,control_oct
29,6704.627,control_oct
14,6704.9273,control_oct
14,6705.2276,control_oct
29,6705.5279,control_oct
20,6705.8282,control_oct
30,6706.1285,control_oct
20,6706.4289,control_oct
23,6706.7292,control_oct
20,6707.0295,control_oct
28,6707.3298,control_oct
28,6707.6301,control_oct
28,6707.9305,control_oct
28,6708.2308,control_oct
28,6708.5311,control_oct
28,6708.8314,control_oct
28,6709.1317,control_oct
28,6709.432,control_oct
28,6709.7324,control_oct
28,6710.0327,control_oct
28,6710.333,control_oct
28,6710.6333,control_oct
34,6710.9336,control_oct
34,6711.2339,control_oct
28,6711.5342,control_oct
28,6711.8346,control_oct
28,6712.1348,control_oct
28,6712.4352,control_oct
28,6712.7355,control_oct
20,6713.0358,control_oct
20,6713.3361,control_oct
20,6713.6364,control_oct
23,6713.9367,control_oct
29,6714.237,control_oct
14,6714.5373,control_oct
20,6714.8377,control_oct
14,6715.138,control_oct
5,6715.4383,control_oct
28,6715.7386,control_oct
20,6716.0389,control_oct
1,6716.3393,control_oct
36,6716.6396,control_oct
36,6716.9399,control_oct
17,6717.2402,control_oct
19,6717.5405,control_oct
19,6717.8408,control_oct
19,6718.1412,control_oct
23,6718.4414,control_oct
20,6718.7417,control_oct
5,6719.042,control_oct
23,6719.3424,control_oct
20,6719.6427,control_oct
5,6719.943,control_oct
23,6720.2433,control_oct
20,6720.5436,control_oct
20,6720.844,control_oct
5,6721.1443,control_oct
34,6721.4446,control_oct
34,6721.7449,control_oct
34,6722.0452,control_oct
34,6722.3455,control_oct
34,6722.6458,control_oct
5,6722.9462,control_oct
20,6723.2464,control_oct
20,6723.5468,control_oct
20,6723.8471,control_oct
20,6724.1474,control_oct
20,6724.4477,control_oct
23,6724.7481,control_oct
14,6725.0483,control_oct
21,6725.3487,control_oct
26,6725.649,control_oct
14,6725.9492,control_oct
11,6726.2496,control_oct
16,6726.5499,control_oct
12,6726.8502,control_oct
23,6727.1505,control_oct
31,6727.4508,control_oct
21,6727.7512,control_oct
14,6728.0515,control_oct
7,6728.3518,control_oct
27,6728.6521,control_oct
27,6728.9524,control_oct
23,6729.2527,control_oct
20,6729.5531,control_oct
20,6729.8533,control_oct
5,6730.1537,control_oct
35,6730.454,control_oct
8,6730.7543,control_oct
17,6731.0546,control_oct
16,6731.3549,control_oct
16,6731.6553,control_oct
6,6731.9556,control_oct
16,6732.2559,control_oct
10,6732.5562,control_oct
10,6732.8565,control_oct
10,6733.1568,control_oct
31,6733.4572,control_oct
29,6733.7574,control_oct
14,6734.0577,control_oct
28,6734.3581,control_oct
20,6734.6584,control_oct
28,6734.9587,control_oct
7,6735.259,control_oct
23,6735.5594,control_oct
7,6735.8596,control_oct
20,6736.16,control_oct
23,6736.4603,control_oct
20,6736.7606,control_oct
29,6737.0609,control_oct
29,6737.3613,control_oct
29,6737.6615,control_oct
20,6737.9619,control_oct
23,6738.2622,control_oct
29,6738.5625,control_oct
29,6738.8628,control_oct
29,6739.1631,control_oct
29,6739.4635,control_oct
29,6739.7637,control_oct
33,6740.0649,control_oct
33,6740.3644,control_oct
21,6740.6647,control_oct
21,6740.965,control_oct
21,6741.2653,control_oct
21,6741.5656,control_oct
21,6741.8659,control_oct
21,6742.1662,control_oct
33,6742.4665,control_oct
31,6742.7669,control_oct
29,6743.0672,control_oct
29,6743.3675,control_oct
29,6743.6678,control_oct
20,6743.9681,control_oct
30,6744.2684,control_oct
20,6744.5688,control_oct
27,6744.8691,control_oct
14,6745.1694,control_oct
14,6745.4697,control_oct
23,6745.77,control_oct
23,6746.0703,control_oct
29,6746.3707,control_oct
20,6746.6709,control_oct
20,6746.9712,control_oct
23,6747.2716,control_oct
20,6747.5719,control_oct
20,6747.8722,control_oct
23,6748.1725,control_oct
20,6748.4728,control_oct
23,6748.7732,control_oct
20,6749.0735,control_oct
23,6749.3738,control_oct
8,6749.6741,control_oct
35,6749.9744,control_oct
18,6750.2747,control_oct
31,6750.5751,control_oct
1,6750.8754,control_oct
14,6751.1756,control_oct
23,6751.476,control_oct
14,6751.7763,control_oct
29,6752.0766,control_oct
14,6752.377,control_oct
29,6752.6772,control_oct
23,6752.9775,control_oct
31,6753.2779,control_oct
29,6753.5782,control_oct
23,6753.8785,control_oct
20,6754.1788,control_oct
20,6754.4791,control_oct
23,6754.7795,control_oct
14,6755.0798,control_oct
1,6755.38,control_oct
31,6755.6804,control_oct
31,6755.9807,control_oct
15,6756.2811,control_oct
15,6756.5813,control_oct
18,6756.8816,control_oct
29,6757.182,control_oct
20,6757.4823,control_oct
28,6757.7826,control_oct
28,6758.0829,control_oct
28,6758.3832,control_oct
28,6758.6835,control_oct
23,6758.9839,control_oct
28,6759.2842,control_oct
34,6759.5853,control_oct
34,6759.8848,control_oct
34,6760.1851,control_oct
34,6760.4854,control_oct
34,6760.7858,control_oct
34,6761.086,control_oct
34,6761.3864,control_oct
34,6761.6867,control_oct
34,6761.987,control_oct
28,6762.2873,control_oct
19,6762.5876,control_oct
19,6762.8879,control_oct
19,6763.1883,control_oct
19,6763.4885,control_oct
1,6763.7888,control_oct
19,6764.0892,control_oct
19,6764.3895,control_oct
19,6764.6898,control_oct
19,6764.9901,control_oct
19,6765.2905,control_oct
19,6765.5908,control_oct
1,6765.8911,control_oct
15,6766.1914,control_oct
1,6766.4917,control_oct
15,6766.792,control_oct
15,6767.0924,control_oct
32,6767.3926,control_oct
32,6767.693,control_oct
5,6767.9932,control_oct
5,6768.2936,control_oct
20,6768.5939,control_oct
28,6768.8942,control_oct
34,6769.1945,control_oct
34,6769.4948,control_oct
34,6769.7951,control_oct
34,6770.0955,control_oct
34,6770.3958,control_oct
34,6770.6961,control_oct
34,6770.9964,control_oct
34,6771.2967,control_oct
34,6771.5971,control_oct
34,6771.8973,control_oct
34,6772.1977,control_oct
34,6772.498,control_oct
34,6772.7983,control_oct
28,6773.0986,control_oct
28,6773.3989,control_oct
28,6773.6992,control_oct
28,6773.9996,control_oct
28,6774.2999,control_oct
28,6774.6002,control_oct
28,6774.9005,control_oct
28,6775.2008,control_oct
28,6775.5011,control_oct
28,6775.8014,control_oct
28,6776.1018,control_oct
28,6776.4021,control_oct
28,6776.7024,control_oct
28,6777.0027,control_oct
20,6777.303,control_oct
28,6777.6034,control_oct
20,6777.9036,control_oct
28,6778.204,control_oct
28,6778.5043,control_oct
28,6778.8046,control_oct
28,6779.1049,control_oct
28,6779.4052,control_oct
28,6779.7055,control_oct
20,6780.0058,control_oct
5,6780.3061,control_oct
5,6780.6065,control_oct
5,6780.9068,control_oct
5,6781.2071,control_oct
5,6781.5074,control_oct
5,6781.8078,control_oct
5,6782.108,control_oct
5,6782.4084,control_oct
5,6782.7087,control_oct
5,6783.009,control_oct
5,6783.3093,control_oct
5,6783.6096,control_oct
5,6783.9099,control_oct
5,6784.2102,control_oct
5,6784.5105,control_oct
5,6784.8108,control_oct
5,6785.1112,control_oct
5,6785.4115,control_oct
5,6785.7118,control_oct
5,6786.0121,control_oct
5,6786.3124,control_oct
5,6786.6128,control_oct
5,6786.9131,control_oct
5,6787.2133,control_oct
5,6787.5137,control_oct
5,6787.814,control_oct
34,6788.1143,control_oct
5,6788.4147,control_oct
5,6788.715,control_oct
5,6789.0153,control_oct
28,6789.3156,control_oct
5,6789.6159,control_oct
20,6789.9162,control_oct
11,6790.2165,control_oct
8,6790.5168,control_oct
35,6790.8172,control_oct
35,6791.1175,control_oct
19,6791.4178,control_oct
36,6791.7181,control_oct
12,6792.0184,control_oct
20,6792.3188,control_oct
23,6792.6191,control_oct
1,6792.9194,control_oct
20,6793.2197,control_oct
23,6793.52,control_oct
29,6793.8203,control_oct
31,6794.1206,control_oct
29,6794.421,control_oct
23,6794.7212,control_oct
20,6795.0215,control_oct
23,6795.3244,control_oct
20,6795.6222,control_oct
23,6795.9225,control_oct
28,6796.2228,control_oct
29,6796.5231,control_oct
28,6796.8234,control_oct
29,6797.1238,control_oct
20,6797.4241,control_oct
23,6797.7244,control_oct
20,6798.0247,control_oct
30,6798.3259,control_oct
20,6798.6253,control_oct
30,6798.9256,control_oct
30,6799.226,control_oct
30,6799.5263,control_oct
30,6799.8266,control_oct
20,6800.1269,control_oct
28,6800.4272,control_oct
28,6800.7276,control_oct
20,6801.0278,control_oct
29,6801.3281,control_oct
29,6801.6285,control_oct
20,6801.9288,control_oct
28,6802.2291,control_oct
29,6802.5294,control_oct
29,6802.8297,control_oct
28,6803.1301,control_oct
30,6803.4304,control_oct
30,6803.7307,control_oct
28,6804.031,control_oct
28,6804.3313,control_oct
29,6804.6316,control_oct
30,6804.9319,control_oct
30,6805.2322,control_oct
30,6805.5325,control_oct
30,6805.8329,control_oct
30,6806.1332,control_oct
30,6806.4335,control_oct
30,6806.7338,control_oct
30,6807.0342,control_oct
30,6807.3345,control_oct
30,6807.6347,control_oct
30,6807.9351,control_oct
30,6808.2354,control_oct
30,6808.5356,control_oct
30,6808.836,control_oct
30,6809.1364,control_oct
30,6809.4367,control_oct
30,6809.737,control_oct
30,6810.0373,control_oct
30,6810.3376,control_oct
30,6810.6379,control_oct
2,6810.9383,control_oct
30,6811.2386,control_oct
2,6811.5389,control_oct
30,6811.8391,control_oct
30,6812.1395,control_oct
30,6812.4398,control_oct
30,6812.7401,control_oct
30,6813.0404,control_oct
30,6813.3408,control_oct
30,6813.6411,control_oct
30,6813.9413,control_oct
30,6814.2416,control_oct
30,6814.5419,control_oct
30,6814.8423,control_oct
30,6815.1426,control_oct
30,6815.4429,control_oct
30,6815.7432,control_oct
30,6816.0435,control_oct
30,6816.3438,control_oct
30,6816.6442,control_oct
30,6816.9445,control_oct
30,6817.2448,control_oct
30,6817.5451,control_oct
30,6817.8454,control_oct
30,6818.1458,control_oct
30,6818.446,control_oct
30,6818.7464,control_oct
30,6819.0467,control_oct
30,6819.347,control_oct
30,6819.6473,control_oct
30,6819.9476,control_oct
30,6820.248,control_oct
30,6820.5482,control_oct
30,6820.8486,control_oct
30,6821.1489,control_oct
30,6821.4492,control_oct
5,6821.7495,control_oct
30,6822.0498,control_oct
28,6822.3501,control_oct
23,6822.6505,control_oct
29,6822.9508,control_oct
27,6823.2511,control_oct
27,6823.5514,control_oct
27,6823.8517,control_oct
22,6824.152,control_oct
27,6824.4523,control_oct
27,6824.7527,control_oct
30,6825.053,control_oct
30,6825.3533,control_oct
30,6825.6536,control_oct
27,6825.9539,control_oct
27,6826.2542,control_oct
27,6826.5546,control_oct
27,6826.8548,control_oct
30,6827.1552,control_oct
30,6827.4555,control_oct
30,6827.7558,control_oct
30,6828.0561,control_oct
30,6828.3564,control_oct
30,6828.6567,control_oct
27,6828.9571,control_oct
20,6829.2574,control_oct
23,6829.5577,control_oct
7,6829.858,control_oct
11,6830.1583,control_oct
8,6830.4586,control_oct
36,6830.759,control_oct
36,6831.0593,control_oct
36,6831.3596,control_oct
16,6831.6599,control_oct
36,6831.9602,control_oct
7,6832.2605,control_oct
7,6832.5609,control_oct
7,6832.8612,control_oct
7,6833.1615,control_oct
7,6833.4618,control_oct
29,6833.7621,control_oct
27,6834.0624,control_oct
20,6834.3627,control_oct
29,6834.663,control_oct
1,6834.9633,control_oct
20,6835.2637,control_oct
14,6835.564,control_oct
19,6835.8643,control_oct
14,6836.1646,control_oct
23,6836.4649,control_oct
20,6836.7652,control_oct
1,6837.0664,control_oct
14,6837.3658,control_oct
12,6837.6662,control_oct
7,6837.9665,control_oct
15,6838.2668,control_oct
15,6838.5671,control_oct
19,6838.8675,control_oct
8,6839.1677,control_oct
36,6839.4681,control_oct
36,6839.7684,control_oct
36,6840.0687,control_oct
17,6840.3691,control_oct
15,6840.6693,control_oct
23,6840.9696,control_oct
5,6841.27,control_oct
5,6841.5703,control_oct
15,6841.8706,control_oct
5,6842.1709,control_oct
20,6842.4713,control_oct
30,6842.7716,control_oct
7,6843.0719,control_oct
15,6843.3722,control_oct
11,6843.6725,control_oct
15,6843.9728,control_oct
5,6844.2731,control_oct
5,6844.5734,control_oct
5,6844.8737,control_oct
5,6845.174,control_oct
5,6845.4744,control_oct
30,6845.7747,control_oct
27,6846.075,control_oct
37,6846.3753,control_oct
37,6846.6756,control_oct
15,6846.9759,control_oct
12,6847.2763,control_oct
16,6847.5766,control_oct
11,6847.8769,control_oct
11,6848.1772,control_oct
19,6848.4775,control_oct
15,6848.7778,control_oct
7,6849.0781,control_oct
19,6849.3785,control_oct
15,6849.6788,control_oct
1,6849.9791,control_oct
15,6850.2794,control_oct
15,6850.5797,control_oct
8,6850.8801,control_oct
35,6851.1804,control_oct
16,6851.4807,control_oct
35,6851.781,control_oct
11,6852.0813,control_oct
8,6852.3816,control_oct
16,6852.682,control_oct
17,6852.9823,control_oct
36,6853.2826,control_oct
36,6853.5829,control_oct
12,6853.8832,control_oct
11,6854.1836,control_oct
35,6854.4839,control_oct
35,6854.7842,control_oct
35,6855.0844,control_oct
19,6855.3848,control_oct
20,6855.6851,control_oct
23,6855.9854,control_oct
28,6856.2858,control_oct
14,6856.5861,control_oct
23,6856.8864,control_oct
19,6857.1867,control_oct
35,6857.487,control_oct
8,6857.7873,control_oct
12,6858.0876,control_oct
11,6858.3879,control_oct
17,6858.6883,control_oct
11,6858.9886,control_oct
36,6859.2889,control_oct
36,6859.5892,control_oct
36,6859.8896,control_oct
19,6860.1899,control_oct
12,6860.4902,control_oct
16,6860.7905,control_oct
8,6861.0908,control_oct
35,6861.3911,control_oct
11,6861.6914,control_oct
19,6861.9917,control_oct
19,6862.292,control_oct
35,6862.5924,control_oct
35,6862.8927,control_oct
35,6863.193,control_oct
19,6863.4933,control_oct
35,6863.7936,control_oct
12,6864.094,control_oct
35,6864.3943,control_oct
17,6864.6946,control_oct
15,6864.9949,control_oct
11,6865.2952,control_oct
11,6865.5956,control_oct
19,6865.8958,control_oct
19,6866.1961,control_oct
19,6866.4965,control_oct
31,6866.7968,control_oct
27,6867.0971,control_oct
26,6867.3974,control_oct
26,6867.6977,control_oct
15,6867.998,control_oct
14,6868.2984,control_oct
5,6868.5987,control_oct
23,6868.8989,control_oct
20,6869.1993,control_oct
23,6869.4996,control_oct
31,6869.7999,control_oct
14,6870.1003,control_oct
28,6870.4005,control_oct
28,6870.7009,control_oct
7,6871.0012,control_oct
7,6871.3015,control_oct
11,6871.6018,control_oct
8,6871.9022,control_oct
12,6872.2025,control_oct
19,6872.5028,control_oct
19,6872.8031,control_oct
15,6873.1034,control_oct
1,6873.4037,control_oct
19,6873.7041,control_oct
11,6874.0043,control_oct
15,6874.3047,control_oct
7,6874.605,control_oct
7,6874.9153,control_oct
7,6875.2056,control_oct
15,6875.5059,control_oct
19,6875.8062,control_oct
11,6876.1065,control_oct
11,6876.4069,control_oct
17,6876.7072,control_oct
15,6877.0075,control_oct
15,6877.3078,control_oct
7,6877.6082,control_oct
7,6877.9084,control_oct
15,6878.2087,control_oct
15,6878.5091,control_oct
15,6878.8093,control_oct
15,6879.1097,control_oct
7,6879.41,control_oct
31,6879.7103,control_oct
18,6880.0106,control_oct
12,6880.3109,control_oct
1,6880.6112,control_oct
7,6880.9115,control_oct
19,6881.2118,control_oct
19,6881.5122,control_oct
35,6881.8125,control_oct
20,6882.1128,control_oct
15,6882.4132,control_oct
19,6882.7134,control_oct
11,6883.0138,control_oct
35,6883.314,control_oct
7,6883.6144,control_oct
7,6883.9147,control_oct
19,6884.215,control_oct
8,6884.5153,control_oct
36,6884.8157,control_oct
36,6885.116,control_oct
16,6885.4163,control_oct
17,6885.7166,control_oct
17,6886.0169,control_oct
11,6886.3172,control_oct
11,6886.6175,control_oct
12,6886.9178,control_oct
8,6887.2181,control_oct
16,6887.5185,control_oct
16,6887.8188,control_oct
17,6888.1191,control_oct
17,6888.4194,control_oct
8,6888.7197,control_oct
35,6889.0201,control_oct
12,6889.3204,control_oct
24,6889.6207,control_oct
17,6889.921,control_oct
24,6890.2213,control_oct
17,6890.5216,control_oct
17,6890.8219,control_oct
24,6891.1222,control_oct
36,6891.4226,control_oct
17,6891.7229,control_oct
24,6892.0231,control_oct
36,6892.3235,control_oct
17,6892.6238,control_oct
17,6892.9241,control_oct
12,6893.2244,control_oct
19,6893.5247,control_oct
12,6893.8251,control_oct
19,6894.1253,control_oct
19,6894.4257,control_oct
13,6894.726,control_oct
11,6895.0272,control_oct
13,6895.3267,control_oct
6,6895.627,control_oct
6,6895.9273,control_oct
10,6896.2276,control_oct
10,6896.5279,control_oct
13,6896.8282,control_oct
10,6897.1285,control_oct
10,6897.4288,control_oct
10,6897.7291,control_oct
17,6898.0295,control_oct
12,6898.3298,control_oct
1,6898.6301,control_oct
6,6898.9304,control_oct
25,6899.2308,control_oct
6,6899.531,control_oct
13,6899.8314,control_oct
6,6900.1317,control_oct
35,6900.432,control_oct
19,6900.7323,control_oct
18,6901.0326,control_oct
27,6901.3329,control_oct
31,6901.6332,control_oct
37,6901.9336,control_oct
19,6902.2339,control_oct
1,6902.5341,control_oct
18,6902.8345,control_oct
13,6903.1348,control_oct
12,6903.4351,control_oct
35,6903.7354,control_oct
35,6904.0358,control_oct
15,6904.3361,control_oct
19,6904.6364,control_oct
12,6904.9367,control_oct
19,6905.237,control_oct
12,6905.5373,control_oct
11,6905.8377,control_oct
35,6906.138,control_oct
8,6906.4383,control_oct
12,6906.7386,control_oct
12,6907.0389,control_oct
11,6907.3392,control_oct
17,6907.6395,control_oct
17,6907.9398,control_oct
17,6908.2402,control_oct
24,6908.5405,control_oct
36,6908.8408,control_oct
8,6909.1411,control_oct
11,6909.4414,control_oct
11,6909.7417,control_oct
35,6910.042,control_oct
12,6910.3424,control_oct
35,6910.6427,control_oct
11,6910.943,control_oct
11,6911.2433,control_oct
11,6911.5436,control_oct
8,6911.8439,control_oct
19,6912.1443,control_oct
12,6912.4445,control_oct
16,6912.7449,control_oct
35,6913.0451,control_oct
11,6913.3455,control_oct
12,6913.6458,control_oct
35,6913.9461,control_oct
35,6914.2465,control_oct
36,6914.5467,control_oct
12,6914.847,control_oct
35,6915.1473,control_oct
35,6915.4476,control_oct
19,6915.748,control_oct
19,6916.0483,control_oct
15,6916.3486,control_oct
35,6916.6489,control_oct
36,6916.9493,control_oct
12,6917.2496,control_oct
36,6917.5498,control_oct
17,6917.8502,control_oct
36,6918.1505,control_oct
16,6918.4508,control_oct
16,6918.7511,control_oct
36,6919.0514,control_oct
12,6919.3517,control_oct
36,6919.6521,control_oct
36,6919.9524,control_oct
16,6920.2527,control_oct
17,6920.553,control_oct
16,6920.8533,control_oct
10,6921.1537,control_oct
13,6921.4539,control_oct
13,6921.7543,control_oct
24,6922.0546,control_oct
36,6922.3549,control_oct
19,6922.6552,control_oct
12,6922.9555,control_oct
36,6923.2558,control_oct
36,6923.5561,control_oct
17,6923.8564,control_oct
10,6924.1567,control_oct
25,6924.4571,control_oct
10,6924.7574,control_oct
37,6925.0577,control_oct
6,6925.358,control_oct
12,6925.6583,control_oct
17,6925.9586,control_oct
36,6926.2589,control_oct
36,6926.5592,control_oct
12,6926.8596,control_oct
12,6927.1599,control_oct
8,6927.4602,control_oct
11,6927.7605,control_oct
6,6928.0608,control_oct
18,6928.3612,control_oct
6,6928.6614,control_oct
35,6928.9618,control_oct
35,6929.262,control_oct
16,6929.5624,control_oct
17,6929.8627,control_oct
17,6930.163,control_oct
17,6930.4633,control_oct
17,6930.7636,control_oct
17,6931.064,control_oct
17,6931.3643,control_oct
17,6931.6646,control_oct
16,6931.9649,control_oct
17,6932.2652,control_oct
17,6932.5655,control_oct
35,6932.8658,control_oct
17,6933.1661,control_oct
11,6933.4665,control_oct
24,6933.7668,control_oct
36,6934.0671,control_oct
8,6934.3674,control_oct
12,6934.6677,control_oct
16,6934.968,control_oct
36,6935.2683,control_oct
16,6935.5687,control_oct
11,6935.869,control_oct
35,6936.1693,control_oct
11,6936.4696,control_oct
35,6936.7699,control_oct
17,6937.0702,control_oct
17,6937.3705,control_oct
36,6937.6708,control_oct
11,6937.9712,control_oct
19,6938.2715,control_oct
19,6938.5718,control_oct
35,6938.8722,control_oct
35,6939.1724,control_oct
11,6939.4728,control_oct
11,6939.773,control_oct
11,6940.0734,control_oct
12,6940.3737,control_oct
19,6940.674,control_oct
19,6940.9743,control_oct
19,6941.2747,control_oct
11,6941.5749,control_oct
19,6941.8752,control_oct
11,6942.1755,control_oct
11,6942.4759,control_oct
19,6942.7762,control_oct
11,6943.0764,control_oct
35,6943.3768,control_oct
35,6943.6805,control_oct
19,6943.9774,control_oct
12,6944.2778,control_oct
35,6944.5781,control_oct
12,6944.8784,control_oct
15,6945.1787,control_oct
15,6945.479,control_oct
18,6945.7793,control_oct
25,6946.0796,control_oct
10,6946.3799,control_oct
6,6946.6803,control_oct
18,6946.9805,control_oct
12,6947.2809,control_oct
19,6947.5812,control_oct
15,6947.8815,control_oct
19,6948.1818,control_oct
35,6948.4821,control_oct
35,6948.7824,control_oct
35,6949.0827,control_oct
11,6949.3831,control_oct
12,6949.6834,control_oct
19,6949.9837,control_oct
11,6950.284,control_oct
19,6950.5843,control_oct
20,6950.8846,control_oct
20,6951.185,control_oct
19,6951.4852,control_oct
1,6951.7855,control_oct
11,6952.0859,control_oct
18,6952.3862,control_oct
14,6952.6865,control_oct
14,6952.9868,control_oct
14,6953.2879,control_oct
31,6953.5874,control_oct
32,6953.8877,control_oct
1,6954.188,control_oct
18,6954.4884,control_oct
12,6954.7887,control_oct
1,6955.089,control_oct
19,6955.3893,control_oct
35,6955.6896,control_oct
36,6955.99,control_oct
8,6956.2903,control_oct
35,6956.5906,control_oct
35,6956.8909,control_oct
36,6957.1912,control_oct
16,6957.4915,control_oct
16,6957.7918,control_oct
36,6958.0921,control_oct
11,6958.3924,control_oct
19,6958.6927,control_oct
1,6958.9931,control_oct
19,6959.2933,control_oct
35,6959.5937,control_oct
35,6959.894,control_oct
17,6960.1943,control_oct
35,6960.4946,control_oct
12,6960.7949,control_oct
15,6961.0952,control_oct
19,6961.3955,control_oct
35,6961.6958,control_oct
12,6961.9962,control_oct
36,6962.2965,control_oct
35,6962.5968,control_oct
17,6962.8971,control_oct
36,6963.1974,control_oct
16,6963.4977,control_oct
11,6963.798,control_oct
11,6964.0984,control_oct
11,6964.3986,control_oct
19,6964.6989,control_oct
19,6964.9993,control_oct
35,6965.2996,control_oct
11,6965.5999,control_oct
35,6965.9002,control_oct
17,6966.2005,control_oct
12,6966.5008,control_oct
36,6966.8012,control_oct
17,6967.1015,control_oct
10,6967.4018,control_oct
16,6967.7021,control_oct
10,6968.0024,control_oct
25,6968.3027,control_oct
37,6968.603,control_oct
13,6968.9033,control_oct
35,6969.2036,control_oct
11,6969.5039,control_oct
35,6969.8043,control_oct
8,6970.1046,control_oct
36,6970.4049,control_oct
16,6970.7052,control_oct
36,6971.0055,control_oct
36,6971.3059,control_oct
16,6971.6061,control_oct
11,6971.9065,control_oct
17,6972.2067,control_oct
8,6972.507,control_oct
36,6972.8074,control_oct
16,6973.1077,control_oct
17,6973.4081,control_oct
17,6973.7083,control_oct
35,6974.0086,control_oct
15,6974.3089,control_oct
19,6974.6092,control_oct
35,6974.9096,control_oct
8,6975.2099,control_oct
11,6975.5102,control_oct
19,6975.8105,control_oct
19,6976.1108,control_oct
19,6976.4112,control_oct
12,6976.7114,control_oct
15,6977.0118,control_oct
7,6977.3121,control_oct
13,6977.6124,control_oct
6,6977.9127,control_oct
6,6978.213,control_oct
6,6978.5133,control_oct
25,6978.8136,control_oct
36,6979.1139,control_oct
36,6979.4142,control_oct
36,6979.7146,control_oct
17,6980.0149,control_oct
17,6980.3151,control_oct
17,6980.6155,control_oct
17,6980.9158,control_oct
17,6981.2161,control_oct
17,6981.5164,control_oct
17,6981.8167,control_oct
10,6982.1171,control_oct
10,6982.4174,control_oct
10,6982.7177,control_oct
36,6983.018,control_oct
36,6983.3183,control_oct
11,6983.6186,control_oct
17,6983.9189,control_oct
6,6984.2192,control_oct
6,6984.5195,control_oct
10,6984.8199,control_oct
17,6985.1202,control_oct
10,6985.4205,control_oct
37,6985.7208,control_oct
6,6986.0211,control_oct
12,6986.3214,control_oct
12,6986.6218,control_oct
6,6986.922,control_oct
10,6987.2223,control_oct
10,6987.5227,control_oct
12,6987.823,control_oct
35,6988.1233,control_oct
12,6988.4236,control_oct
11,6988.7239,control_oct
15,6989.0242,control_oct
7,6989.3245,control_oct
5,6989.6249,control_oct
19,6989.9302,control_oct
12,6990.2255,control_oct
19,6990.5258,control_oct
19,6990.8261,control_oct
12,6991.1264,control_oct
16,6991.4267,control_oct
16,6991.727,control_oct
6,6992.0273,control_oct
35,6992.3285,control_oct
35,6992.628,control_oct
36,6992.9283,control_oct
35,6993.2285,control_oct
16,6993.5289,control_oct
19,6993.8292,control_oct
11,6994.1295,control_oct
35,6994.4298,control_oct
11,6994.7301,control_oct
35,6995.0304,control_oct
11,6995.3307,control_oct
35,6995.631,control_oct
19,6995.9314,control_oct
35,6996.2317,control_oct
8,6996.532,control_oct
35,6996.8323,control_oct
17,6997.1326,control_oct
35,6997.433,control_oct
11,6997.7332,control_oct
11,6998.0335,control_oct
35,6998.3338,control_oct
11,6998.6342,control_oct
6,6998.9345,control_oct
6,6999.2348,control_oct
6,6999.5351,control_oct
36,6999.8354,control_oct
16,7000.1357,control_oct
17,7000.436,control_oct
17,7000.7364,control_oct
19,7001.0367,control_oct
1,7001.337,control_oct
18,7001.6372,control_oct
6,7001.9376,control_oct
6,7002.2388,control_oct
6,7002.5382,control_oct
10,7002.8386,control_oct
10,7003.1388,control_oct
6,7003.4392,control_oct
10,7003.7395,control_oct
25,7004.0397,control_oct
10,7004.3401,control_oct
35,7004.6404,control_oct
17,7004.9407,control_oct
19,7005.241,control_oct
13,7005.5413,control_oct
6,7005.8416,control_oct
6,7006.1419,control_oct
13,7006.4423,control_oct
6,7006.7426,control_oct
10,7007.0429,control_oct
16,7007.3432,control_oct
37,7007.6435,control_oct
6,7007.9438,control_oct
12,7008.2442,control_oct
19,7008.5444,control_oct
6,7008.8448,control_oct
6,7009.1451,control_oct
6,7009.4454,control_oct
36,7009.7457,control_oct
16,7010.046,control_oct
17,7010.3463,control_oct
8,7010.6466,control_oct
17,7010.9469,control_oct
17,7011.2472,control_oct
11,7011.5476,control_oct
17,7011.8479,control_oct
35,7012.1482,control_oct
12,7012.4485,control_oct
19,7012.7489,control_oct
6,7013.0492,control_oct
6,7013.3494,control_oct
10,7013.6498,control_oct
12,7013.9501,control_oct
13,7014.2504,control_oct
13,7014.5507,control_oct
6,7014.8509,control_oct
25,7015.1513,control_oct
10,7015.4516,control_oct
17,7015.7519,control_oct
17,7016.0522,control_oct
16,7016.3525,control_oct
36,7016.6528,control_oct
8,7016.9532,control_oct
36,7017.2535,control_oct
16,7017.5537,control_oct
16,7017.8541,control_oct
17,7018.1544,control_oct
8,7018.4547,control_oct
15,7018.755,control_oct
19,7019.0554,control_oct
12,7019.6559,control_oct
36,7019.9563,control_oct
20,7020.2565,control_oct
19,7020.5569,control_oct
12,7020.8572,control_oct
12,7021.1575,control_oct
17,7021.4578,control_oct
17,7021.7581,control_oct
19,7022.0584,control_oct
19,7022.3587,control_oct
15,7022.6591,control_oct
19,7022.9594,control_oct
11,7023.2597,control_oct
19,7023.5599,control_oct
19,7023.8603,control_oct
19,7024.1606,control_oct
19,7024.4609,control_oct
11,7024.7612,control_oct
11,7025.0615,control_oct
19,7025.3618,control_oct
15,7025.6621,control_oct
11,7025.9624,control_oct
11,7026.2627,control_oct
12,7026.5631,control_oct
12,7026.8634,control_oct
8,7027.1637,control_oct
11,7027.464,control_oct
11,7027.7643,control_oct
11,7028.0647,control_oct
19,7028.365,control_oct
12,7028.6653,control_oct
18,7028.9655,control_oct
18,7029.2659,control_oct
31,7029.5662,control_oct
26,7029.8665,control_oct
26,7030.1668,control_oct
26,7030.4672,control_oct
26,7030.7674,control_oct
9,7031.0677,control_oct
9,7031.368,control_oct
37,7031.6684,control_oct
15,7031.9687,control_oct
15,7032.2691,control_oct
15,7032.5693,control_oct
32,7032.8696,control_oct
2,7033.1699,control_oct
7,7033.4702,control_oct
15,7033.7705,control_oct
11,7034.0708,control_oct
35,7034.3711,control_oct
17,7034.6715,control_oct
35,7034.9718,control_oct
8,7035.2721,control_oct
35,7035.5724,control_oct
35,7035.8727,control_oct
35,7036.173,control_oct
11,7036.4733,control_oct
35,7036.7737,control_oct
11,7037.074,control_oct
11,7037.3742,control_oct
11,7037.6746,control_oct
11,7037.9748,control_oct
13,7038.2752,control_oct
10,7038.5755,control_oct
6,7038.8758,control_oct
10,7039.1761,control_oct
37,7039.4764,control_oct
1,7039.7767,control_oct
19,7040.077,control_oct
35,7040.3773,control_oct
35,7040.6777,control_oct
19,7040.978,control_oct
19,7041.2782,control_oct
15,7041.5786,control_oct
5,7041.8789,control_oct
5,7042.1792,control_oct
5,7042.4795,control_oct
7,7042.7798,control_oct
15,7043.0801,control_oct
18,7043.3804,control_oct
18,7043.6807,control_oct
18,7043.9811,control_oct
13,7044.2813,control_oct
10,7044.5817,control_oct
6,7044.882,control_oct
13,7045.1823,control_oct
25,7045.4826,control_oct
13,7045.7829,control_oct
6,7046.0832,control_oct
16,7046.3836,control_oct
1,7046.6839,control_oct
6,7046.9841,control_oct
6,7047.2845,control_oct
13,7047.5848,control_oct
37,7047.8851,control_oct
1,7048.1854,control_oct
7,7048.4857,control_oct
18,7048.786,control_oct
13,7049.0863,control_oct
15,7049.3866,control_oct
18,7049.6869,control_oct
6,7049.9873,control_oct
13,7050.2876,control_oct
13,7050.5879,control_oct
31,7050.8882,control_oct
31,7051.1893,control_oct
37,7051.4888,control_oct
12,7051.7891,control_oct
35,7052.0894,control_oct
35,7052.3898,control_oct
7,7052.69,control_oct
6,7052.9904,control_oct
6,7053.2907,control_oct
10,7053.591,control_oct
10,7053.8913,control_oct
13,7054.1916,control_oct
11,7054.4919,control_oct
7,7054.7922,control_oct
15,7055.0926,control_oct
18,7055.3929,control_oct
6,7055.6932,control_oct
25,7055.9935,control_oct
25,7056.2938,control_oct
13,7056.5941,control_oct
10,7056.8943,control_oct
36,7057.1947,control_oct
19,7057.495,control_oct
19,7057.7953,control_oct
1,7058.0956,control_oct
37,7058.3959,control_oct
19,7058.6963,control_oct
15,7058.9965,control_oct
7,7059.2968,control_oct
1,7059.5972,control_oct
18,7059.8975,control_oct
18,7060.1978,control_oct
18,7060.4981,control_oct
31,7060.7984,control_oct
37,7061.0987,control_oct
13,7061.399,control_oct
6,7061.6993,control_oct
10,7061.9996,control_oct
16,7062.3,control_oct
17,7062.6002,control_oct
17,7062.9006,control_oct
17,7063.2008,control_oct
36,7063.5012,control_oct
36,7063.8015,control_oct
17,7064.1019,control_oct
16,7064.4021,control_oct
11,7064.7024,control_oct
18,7065.0027,control_oct
6,7065.303,control_oct
10,7065.6034,control_oct
36,7065.9036,control_oct
35,7066.204,control_oct
11,7066.5043,control_oct
36,7066.8046,control_oct
17,7067.1049,control_oct
35,7067.4052,control_oct
6,7067.7055,control_oct
6,7068.0058,control_oct
12,7068.3062,control_oct
18,7068.6065,control_oct
6,7068.9068,control_oct
10,7069.207,control_oct
8,7069.5074,control_oct
35,7069.8076,control_oct
16,7070.108,control_oct
12,7070.4084,control_oct
36,7070.7086,control_oct
36,7071.009,control_oct
8,7071.3092,control_oct
7,7071.6095,control_oct
15,7071.9099,control_oct
11,7072.2101,control_oct
36,7072.5105,control_oct
12,7072.8108,control_oct
1,7073.1111,control_oct
15,7073.4114,control_oct
1,7073.7116,control_oct
35,7074.0121,control_oct
36,7074.3123,control_oct
35,7074.6127,control_oct
11,7074.913,control_oct
8,7075.2132,control_oct
6,7075.5135,control_oct
12,7075.8139,control_oct
19,7076.1141,control_oct
19,7076.4145,control_oct
1,7076.7148,control_oct
15,7077.0201,control_oct
19,7077.3154,control_oct
15,7077.6157,control_oct
1,7077.916,control_oct
15,7078.2164,control_oct
11,7078.5167,control_oct
11,7078.817,control_oct
9,7079.1173,control_oct
4,7079.4176,control_oct
12,7079.7179,control_oct
19,7080.0182,control_oct
15,7080.3186,control_oct
15,7080.6188,control_oct
35,7080.9192,control_oct
18,7081.2195,control_oct
14,7081.5197,control_oct
26,7081.8201,control_oct
14,7082.1204,control_oct
37,7082.4207,control_oct
11,7082.721,control_oct
19,7083.0213,control_oct
18,7083.3217,control_oct
31,7083.6219,control_oct
27,7083.9222,control_oct
26,7084.2225,control_oct
31,7084.5228,control_oct
11,7084.8232,control_oct
18,7085.1235,control_oct
27,7085.4238,control_oct
26,7085.7241,control_oct
15,7086.0244,control_oct
31,7086.3247,control_oct
31,7086.625,control_oct
18,7086.9253,control_oct
18,7087.2256,control_oct
15,7087.526,control_oct
26,7087.8263,control_oct
20,7088.1266,control_oct
19,7088.4269,control_oct
11,7088.7272,control_oct
36,7089.0275,control_oct
11,7089.3278,control_oct
31,7089.6281,control_oct
14,7089.9284,control_oct
31,7090.2287,control_oct
7,7090.5291,control_oct
15,7090.8293,control_oct
15,7091.1297,control_oct
7,7091.43,control_oct
15,7091.7303,control_oct
19,7092.0306,control_oct
15,7092.3309,control_oct
19,7092.6313,control_oct
15,7092.9315,control_oct
19,7093.2318,control_oct
15,7093.5322,control_oct
19,7093.8324,control_oct
19,7094.1328,control_oct
19,7094.4331,control_oct
19,7094.7334,control_oct
19,7095.0336,control_oct
19,7095.334,control_oct
7,7095.6343,control_oct
5,7095.9347,control_oct
5,7096.2349,control_oct
19,7096.5352,control_oct
15,7096.8355,control_oct
7,7097.1358,control_oct
12,7097.4362,control_oct
18,7097.7365,control_oct
21,7098.0368,control_oct
21,7098.3371,control_oct
21,7098.6374,control_oct
21,7098.9377,control_oct
21,7099.238,control_oct
21,7099.5383,control_oct
21,7099.8387,control_oct
21,7100.1389,control_oct
21,7100.4401,control_oct
21,7100.7396,control_oct
21,7101.0399,control_oct
21,7101.3402,control_oct
21,7101.6405,control_oct
21,7101.9408,control_oct
21,7102.2411,control_oct
21,7102.5414,control_oct
21,7102.8417,control_oct
21,7103.142,control_oct
21,7103.4423,control_oct
21,7103.7427,control_oct
21,7104.0429,control_oct
21,7104.3432,control_oct
21,7104.6436,control_oct
21,7104.9439,control_oct
21,7105.2442,control_oct
21,7105.5445,control_oct
21,7105.8449,control_oct
21,7106.1451,control_oct
21,7106.4454,control_oct
21,7106.7457,control_oct
21,7107.046,control_oct
21,7107.3463,control_oct
21,7107.6467,control_oct
21,7107.9469,control_oct
21,7108.2473,control_oct
21,7108.5476,control_oct
21,7108.8479,control_oct
21,7109.1483,control_oct
21,7109.4485,control_oct
21,7109.7488,control_oct
21,7110.0491,control_oct
21,7110.3495,control_oct
21,7110.6498,control_oct
21,7110.95,control_oct
21,7111.2504,control_oct
25,7111.5507,control_oct
25,7111.851,control_oct
37,7112.1513,control_oct
27,7112.4516,control_oct
21,7112.7519,control_oct
21,7113.0523,control_oct
21,7113.3526,control_oct
21,7113.6529,control_oct
33,7113.9532,control_oct
21,7114.2535,control_oct
21,7114.5538,control_oct
21,7114.8541,control_oct
37,7115.1544,control_oct
37,7115.4547,control_oct
20,7115.755,control_oct
7,7116.0553,control_oct
27,7116.3556,control_oct
30,7116.6559,control_oct
27,7116.9563,control_oct
27,7117.2565,control_oct
27,7117.5569,control_oct
30,7117.8572,control_oct
30,7118.1575,control_oct
7,7118.4578,control_oct
7,7118.7581,control_oct
7,7119.0585,control_oct
32,7119.3587,control_oct
5,7119.659,control_oct
5,7119.9602,control_oct
5,7120.2596,control_oct
5,7120.56,control_oct
7,7120.8603,control_oct
7,7121.1606,control_oct
7,7121.4609,control_oct
7,7121.7612,control_oct
1,7122.0615,control_oct
8,7122.3618,control_oct
11,7122.6621,control_oct
15,7122.9625,control_oct
30,7123.2628,control_oct
20,7123.5631,control_oct
30,7123.8634,control_oct
27,7124.1637,control_oct
30,7124.464,control_oct
19,7124.7643,control_oct
12,7125.0646,control_oct
36,7125.365,control_oct
16,7125.6652,control_oct
16,7125.9656,control_oct
11,7126.2659,control_oct
35,7126.5662,control_oct
11,7126.8666,control_oct
24,7127.1668,control_oct
11,7127.4671,control_oct
11,7127.7675,control_oct
12,7128.0677,control_oct
11,7128.3681,control_oct
36,7128.6684,control_oct
36,7128.9687,control_oct
16,7129.269,control_oct
16,7129.5692,control_oct
17,7129.8696,control_oct
17,7130.1699,control_oct
36,7130.4702,control_oct
1,7130.7705,control_oct
19,7131.0708,control_oct
15,7131.3711,control_oct
8,7131.6714,control_oct
35,7131.9718,control_oct
35,7132.2721,control_oct
35,7132.5724,control_oct
16,7132.8727,control_oct
35,7133.173,control_oct
35,7133.4733,control_oct
36,7133.7737,control_oct
16,7134.0739,control_oct
16,7134.3742,control_oct
11,7134.6745,control_oct
11,7134.9748,control_oct
35,7135.2752,control_oct
35,7135.5755,control_oct
35,7135.8758,control_oct
8,7136.1761,control_oct
36,7136.4764,control_oct
16,7136.7768,control_oct
36,7137.0771,control_oct
17,7137.3774,control_oct
17,7137.6777,control_oct
35,7137.978,control_oct
1,7138.2783,control_oct
19,7138.5786,control_oct
35,7138.8789,control_oct
11,7139.1792,control_oct
11,7139.4795,control_oct
11,7139.7799,control_oct
24,7140.0801,control_oct
15,7140.3805,control_oct
15,7140.6808,control_oct
15,7140.9811,control_oct
1,7141.2814,control_oct
19,7141.5817,control_oct
32,7141.882,control_oct
11,7142.1823,control_oct
15,7142.4826,control_oct
15,7142.7829,control_oct
5,7143.0832,control_oct
1,7143.3836,control_oct
19,7143.6839,control_oct
19,7143.9842,control_oct
18,7144.2845,control_oct
15,7144.5848,control_oct
18,7144.8851,control_oct
18,7145.1853,control_oct
37,7145.4858,control_oct
25,7145.786,control_oct
25,7146.0863,control_oct
10,7146.3867,control_oct
25,7146.6869,control_oct
12,7146.9873,control_oct
16,7147.2876,control_oct
12,7147.5879,control_oct
36,7147.8882,control_oct
16,7148.1885,control_oct
17,7148.4888,control_oct
17,7148.7892,control_oct
36,7149.0895,control_oct
17,7149.3898,control_oct
17,7149.6901,control_oct
16,7149.9904,control_oct
17,7150.2907,control_oct
36,7150.591,control_oct
1,7150.8913,control_oct
15,7151.1916,control_oct
11,7151.492,control_oct
11,7151.7923,control_oct
11,7152.0925,control_oct
17,7152.3929,control_oct
19,7152.6965,control_oct
12,7152.9935,control_oct
12,7153.2938,control_oct
36,7153.5941,control_oct
35,7153.8944,control_oct
11,7154.1948,control_oct
19,7154.495,control_oct
11,7154.7954,control_oct
12,7155.0957,control_oct
36,7155.396,control_oct
36,7155.6963,control_oct
16,7155.9966,control_oct
16,7156.2969,control_oct
16,7156.5972,control_oct
17,7156.8976,control_oct
36,7157.1978,control_oct
11,7157.4982,control_oct
24,7157.7985,control_oct
16,7158.0988,control_oct
17,7158.3991,control_oct
36,7158.6994,control_oct
16,7158.9997,control_oct
17,7159.3001,control_oct
36,7159.6004,control_oct
17,7159.9007,control_oct
16,7160.201,control_oct
35,7160.5012,control_oct
11,7160.8016,control_oct
24,7161.1019,control_oct
24,7161.4022,control_oct
24,7161.7025,control_oct
17,7162.0028,control_oct
17,7162.3031,control_oct
24,7162.6035,control_oct
17,7162.9037,control_oct
17,7163.2041,control_oct
17,7163.5044,control_oct
16,7163.8047,control_oct
17,7164.105,control_oct
17,7164.4053,control_oct
36,7164.7056,control_oct
11,7165.006,control_oct
16,7165.3063,control_oct
17,7165.6066,control_oct
17,7165.9069,control_oct
17,7166.2072,control_oct
16,7166.5076,control_oct
16,7166.8078,control_oct
8,7167.1081,control_oct
12,7167.4085,control_oct
12,7167.7088,control_oct
36,7168.0091,control_oct
36,7168.3094,control_oct
12,7168.6097,control_oct
11,7168.91,control_oct
8,7169.2103,control_oct
16,7169.5107,control_oct
17,7169.8109,control_oct
36,7170.1113,control_oct
17,7170.4116,control_oct
17,7170.7119,control_oct
11,7171.0122,control_oct
17,7171.3125,control_oct
36,7171.6128,control_oct
8,7171.9131,control_oct
36,7172.2134,control_oct
16,7172.5138,control_oct
35,7172.814,control_oct
35,7173.1143,control_oct
36,7173.4147,control_oct
17,7173.715,control_oct
16,7174.0153,control_oct
11,7174.3156,control_oct
11,7174.6159,control_oct
8,7174.9162,control_oct
16,7175.2165,control_oct
12,7175.5169,control_oct
15,7175.8172,control_oct
8,7176.1175,control_oct
35,7176.4178,control_oct
24,7176.7181,control_oct
16,7177.0184,control_oct
16,7177.3187,control_oct
35,7177.6191,control_oct
17,7177.9194,control_oct
11,7178.2197,control_oct
11,7178.52,control_oct
36,7178.8203,control_oct
19,7179.1206,control_oct
19,7179.4209,control_oct
19,7179.7212,control_oct
35,7180.0216,control_oct
17,7180.3219,control_oct
16,7180.6222,control_oct
16,7180.9225,control_oct
19,7181.2228,control_oct
19,7181.5231,control_oct
11,7181.8234,control_oct
11,7182.1237,control_oct
11,7182.424,control_oct
19,7182.7244,control_oct
19,7183.0247,control_oct
19,7183.325,control_oct
1,7183.6253,control_oct
12,7183.9256,control_oct
11,7184.2259,control_oct
19,7184.5262,control_oct
19,7184.8265,control_oct
11,7185.1269,control_oct
15,7185.4272,control_oct
19,7185.7275,control_oct
19,7186.0278,control_oct
37,7186.3281,control_oct
18,7186.6284,control_oct
18,7186.9287,control_oct
24,7187.229,control_oct
24,7187.5293,control_oct
6,7187.8296,control_oct
8,7188.13,control_oct
11,7188.4303,control_oct
15,7188.7306,control_oct
1,7189.0309,control_oct
7,7189.3311,control_oct
32,7189.6315,control_oct
32,7189.9318,control_oct
7,7190.2322,control_oct
18,7190.5324,control_oct
37,7190.8328,control_oct
9,7191.133,control_oct
18,7191.4334,control_oct
18,7191.7337,control_oct
13,7192.034,control_oct
37,7192.3343,control_oct
1,7192.6347,control_oct
19,7192.9349,control_oct
1,7193.2352,control_oct
1,7193.5355,control_oct
26,7193.8359,control_oct
26,7194.1362,control_oct
9,7194.4365,control_oct
31,7194.7368,control_oct
1,7195.0371,control_oct
31,7195.3375,control_oct
1,7195.6377,control_oct
15,7195.9381,control_oct
32,7196.2384,control_oct
19,7196.5387,control_oct
19,7196.839,control_oct
19,7197.1393,control_oct
12,7197.4396,control_oct
15,7197.7399,control_oct
37,7198.0402,control_oct
18,7198.3406,control_oct
37,7198.6408,control_oct
7,7198.9412,control_oct
15,7199.2415,control_oct
18,7199.5418,control_oct
37,7199.8421,control_oct
6,7200.1424,control_oct
37,7200.4427,control_oct
15,7200.743,control_oct
19,7201.0434,control_oct
10,7201.3437,control_oct
13,7201.644,control_oct
18,7201.9443,control_oct
37,7202.2446,control_oct
37,7202.5449,control_oct
18,7202.8452,control_oct
12,7203.1456,control_oct
12,7203.4459,control_oct
1,7203.7461,control_oct
20,7204.0465,control_oct
1,7204.3468,control_oct
19,7204.6471,control_oct
19,7204.9474,control_oct
19,7205.2477,control_oct
19,7205.548,control_oct
19,7205.8483,control_oct
12,7206.1487,control_oct
12,7206.449,control_oct
19,7206.7492,control_oct
11,7207.0496,control_oct
35,7207.3499,control_oct
11,7207.6502,control_oct
11,7207.9506,control_oct
35,7208.2508,control_oct
11,7208.5511,control_oct
15,7208.8515,control_oct
7,7209.1517,control_oct
7,7209.4521,control_oct
7,7209.7524,control_oct
5,7210.0527,control_oct
5,7210.353,control_oct
5,7210.6533,control_oct
2,7210.9536,control_oct
2,7211.2539,control_oct
1,7211.5542,control_oct
