ClusterIdx,Timestamp,Folder_Name
1,415.476,mp_oct
1,415.7764,mp_oct
1,416.0766,mp_oct
1,416.377,mp_oct
1,416.6772,mp_oct
1,416.9775,mp_oct
1,417.2779,mp_oct
1,417.5837,mp_oct
1,417.8841,mp_oct
1,418.1843,mp_oct
1,418.4891,mp_oct
1,418.7893,mp_oct
1,419.0897,mp_oct
1,419.39,mp_oct
1,419.6903,mp_oct
1,419.9906,mp_oct
1,420.2909,mp_oct
1,420.5912,mp_oct
1,420.8915,mp_oct
1,421.1968,mp_oct
1,421.4971,mp_oct
1,421.7974,mp_oct
1,422.0977,mp_oct
1,422.398,mp_oct
1,422.6984,mp_oct
1,422.9987,mp_oct
1,423.304,mp_oct
1,423.6043,mp_oct
1,423.9046,mp_oct
1,424.2049,mp_oct
1,424.5109,mp_oct
1,424.8155,mp_oct
1,425.1208,mp_oct
1,425.4212,mp_oct
1,425.7215,mp_oct
1,426.0218,mp_oct
1,426.3221,mp_oct
1,426.6223,mp_oct
1,426.9227,mp_oct
1,427.223,mp_oct
1,427.5233,mp_oct
1,427.8286,mp_oct
1,428.129,mp_oct
1,428.4292,mp_oct
1,428.7351,mp_oct
1,429.0356,mp_oct
1,429.3358,mp_oct
1,429.6361,mp_oct
1,429.9364,mp_oct
1,430.2367,mp_oct
1,430.5371,mp_oct
1,430.8374,mp_oct
1,431.1421,mp_oct
1,431.4424,mp_oct
1,431.7427,mp_oct
1,432.043,mp_oct
1,432.3434,mp_oct
1,432.6486,mp_oct
1,432.949,mp_oct
1,433.2492,mp_oct
1,433.5496,mp_oct
1,433.8499,mp_oct
1,434.1502,mp_oct
1,434.4505,mp_oct
1,434.7508,mp_oct
1,435.0511,mp_oct
1,435.3515,mp_oct
1,435.6517,mp_oct
1,435.9521,mp_oct
1,436.2524,mp_oct
1,436.5526,mp_oct
1,436.853,mp_oct
1,437.1533,mp_oct
1,437.4536,mp_oct
1,437.7539,mp_oct
1,438.0543,mp_oct
1,438.3546,mp_oct
1,438.6549,mp_oct
1,438.9552,mp_oct
1,439.2555,mp_oct
1,439.5558,mp_oct
1,439.8562,mp_oct
1,440.1564,mp_oct
1,440.4568,mp_oct
1,440.7571,mp_oct
1,441.0574,mp_oct
1,441.3578,mp_oct
1,441.658,mp_oct
1,441.9583,mp_oct
1,442.2586,mp_oct
1,442.5589,mp_oct
1,442.8593,mp_oct
1,443.1596,mp_oct
1,443.46,mp_oct
1,443.7602,mp_oct
1,444.0605,mp_oct
1,444.3609,mp_oct
1,444.6612,mp_oct
1,444.9615,mp_oct
1,445.2618,mp_oct
1,445.5621,mp_oct
1,445.8624,mp_oct
1,446.1627,mp_oct
1,446.4631,mp_oct
1,446.7634,mp_oct
1,447.0637,mp_oct
1,447.3639,mp_oct
1,447.6643,mp_oct
1,447.9646,mp_oct
1,448.265,mp_oct
1,448.5653,mp_oct
1,448.8655,mp_oct
1,449.1659,mp_oct
1,449.4662,mp_oct
1,449.7665,mp_oct
1,450.0668,mp_oct
1,450.3672,mp_oct
1,450.6675,mp_oct
1,450.9678,mp_oct
1,451.2681,mp_oct
1,451.5734,mp_oct
1,451.8737,mp_oct
1,452.174,mp_oct
1,452.4743,mp_oct
1,452.7748,mp_oct
1,453.075,mp_oct
1,453.3754,mp_oct
1,453.6756,mp_oct
1,453.9759,mp_oct
1,454.2763,mp_oct
1,454.5765,mp_oct
1,454.8769,mp_oct
1,455.1772,mp_oct
1,455.4775,mp_oct
1,455.7778,mp_oct
1,456.0781,mp_oct
1,456.3785,mp_oct
1,456.6788,mp_oct
1,456.9791,mp_oct
1,457.2795,mp_oct
1,457.5797,mp_oct
1,457.88,mp_oct
1,458.1804,mp_oct
1,458.4807,mp_oct
1,458.7811,mp_oct
1,459.0813,mp_oct
1,459.3816,mp_oct
1,459.682,mp_oct
1,459.9823,mp_oct
1,460.2826,mp_oct
1,460.5829,mp_oct
1,460.8832,mp_oct
1,461.1836,mp_oct
1,461.4839,mp_oct
1,461.7842,mp_oct
1,462.0845,mp_oct
1,462.3848,mp_oct
1,462.6852,mp_oct
1,462.9854,mp_oct
1,463.2858,mp_oct
1,463.5861,mp_oct
1,463.8864,mp_oct
1,464.1867,mp_oct
1,464.487,mp_oct
1,464.7873,mp_oct
1,465.0877,mp_oct
1,465.388,mp_oct
1,465.6883,mp_oct
1,465.9886,mp_oct
1,466.2889,mp_oct
1,466.5892,mp_oct
1,466.8895,mp_oct
1,467.1899,mp_oct
1,467.4902,mp_oct
1,467.7905,mp_oct
1,468.0909,mp_oct
1,468.3911,mp_oct
1,468.6915,mp_oct
1,468.9974,mp_oct
1,469.2978,mp_oct
1,469.5981,mp_oct
1,469.9028,mp_oct
1,470.2031,mp_oct
1,470.5034,mp_oct
1,470.8036,mp_oct
1,471.1091,mp_oct
1,471.4093,mp_oct
1,471.7147,mp_oct
1,472.015,mp_oct
1,472.3153,mp_oct
1,472.6156,mp_oct
1,472.9159,mp_oct
1,473.2163,mp_oct
1,473.5165,mp_oct
1,473.817,mp_oct
1,474.1172,mp_oct
1,474.4176,mp_oct
1,474.7179,mp_oct
1,475.0182,mp_oct
1,475.3241,mp_oct
1,475.6244,mp_oct
1,475.9248,mp_oct
1,476.2251,mp_oct
1,476.5253,mp_oct
1,476.8257,mp_oct
1,477.126,mp_oct
1,477.4264,mp_oct
1,477.7266,mp_oct
1,478.0269,mp_oct
1,478.3272,mp_oct
1,478.6276,mp_oct
1,478.928,mp_oct
1,479.2326,mp_oct
1,479.533,mp_oct
1,479.8332,mp_oct
1,480.1336,mp_oct
1,480.434,mp_oct
1,480.7393,mp_oct
1,481.0396,mp_oct
1,481.3449,mp_oct
1,481.6452,mp_oct
1,481.9455,mp_oct
1,482.2459,mp_oct
1,482.5461,mp_oct
1,482.8464,mp_oct
1,483.1468,mp_oct
1,483.4471,mp_oct
1,483.7474,mp_oct
1,484.0478,mp_oct
1,484.348,mp_oct
1,484.6484,mp_oct
1,484.9487,mp_oct
1,485.2491,mp_oct
1,485.5494,mp_oct
1,485.8497,mp_oct
1,486.15,mp_oct
1,486.4503,mp_oct
1,486.7506,mp_oct
1,487.051,mp_oct
1,487.3512,mp_oct
1,487.6516,mp_oct
1,487.952,mp_oct
1,488.2522,mp_oct
1,488.5526,mp_oct
1,488.8529,mp_oct
1,489.1532,mp_oct
1,489.4592,mp_oct
1,489.7595,mp_oct
1,490.0598,mp_oct
1,490.3601,mp_oct
1,490.6604,mp_oct
1,490.9607,mp_oct
1,491.2611,mp_oct
1,491.5613,mp_oct
1,491.8617,mp_oct
1,492.162,mp_oct
1,492.4623,mp_oct
1,492.7627,mp_oct
1,493.063,mp_oct
1,493.3633,mp_oct
1,493.6636,mp_oct
1,493.9639,mp_oct
1,494.2642,mp_oct
1,494.5645,mp_oct
1,494.8648,mp_oct
1,495.1652,mp_oct
1,495.4655,mp_oct
1,495.7658,mp_oct
1,496.0661,mp_oct
1,496.3664,mp_oct
1,496.6668,mp_oct
1,496.9671,mp_oct
1,497.2674,mp_oct
1,497.5678,mp_oct
1,497.8681,mp_oct
1,498.1684,mp_oct
1,498.4687,mp_oct
1,498.7691,mp_oct
1,499.0738,mp_oct
1,499.3741,mp_oct
1,499.6794,mp_oct
1,499.9797,mp_oct
1,500.28,mp_oct
1,500.5804,mp_oct
1,500.8807,mp_oct
1,501.181,mp_oct
1,501.4813,mp_oct
1,501.7816,mp_oct
1,502.082,mp_oct
1,502.3823,mp_oct
1,502.6826,mp_oct
1,502.9829,mp_oct
1,503.2832,mp_oct
1,503.5836,mp_oct
1,503.8839,mp_oct
1,504.1842,mp_oct
1,504.4845,mp_oct
1,504.7849,mp_oct
1,505.0852,mp_oct
1,505.3855,mp_oct
1,505.6858,mp_oct
1,505.9861,mp_oct
1,506.2864,mp_oct
1,506.5868,mp_oct
1,506.8871,mp_oct
1,507.1874,mp_oct
1,507.4877,mp_oct
1,507.788,mp_oct
1,508.0884,mp_oct
1,508.3937,mp_oct
1,508.694,mp_oct
1,508.9944,mp_oct
1,509.2947,mp_oct
1,509.595,mp_oct
1,509.8953,mp_oct
1,510.1957,mp_oct
1,510.4959,mp_oct
1,510.7963,mp_oct
1,511.0966,mp_oct
1,511.3969,mp_oct
1,511.6973,mp_oct
1,511.9975,mp_oct
1,512.2979,mp_oct
1,512.5982,mp_oct
1,512.8985,mp_oct
1,513.1988,mp_oct
1,513.4992,mp_oct
1,513.7995,mp_oct
1,514.0998,mp_oct
1,514.4001,mp_oct
1,514.7005,mp_oct
1,515.0016,mp_oct
1,515.3011,mp_oct
1,515.6014,mp_oct
1,515.9017,mp_oct
1,516.202,mp_oct
1,516.5023,mp_oct
1,516.8027,mp_oct
1,517.103,mp_oct
1,517.4034,mp_oct
1,517.7095,mp_oct
1,518.014,mp_oct
1,518.3143,mp_oct
1,518.6147,mp_oct
1,518.915,mp_oct
1,519.2153,mp_oct
1,519.5156,mp_oct
1,519.8159,mp_oct
1,520.1163,mp_oct
1,520.4166,mp_oct
1,520.7169,mp_oct
1,521.0172,mp_oct
1,521.3176,mp_oct
1,521.6228,mp_oct
1,521.9232,mp_oct
1,522.2341,mp_oct
1,522.5344,mp_oct
1,522.8348,mp_oct
1,523.1351,mp_oct
1,523.4354,mp_oct
1,523.7358,mp_oct
1,524.0361,mp_oct
1,524.3364,mp_oct
1,524.6367,mp_oct
1,524.937,mp_oct
1,525.2374,mp_oct
1,525.5377,mp_oct
1,525.838,mp_oct
1,526.1384,mp_oct
1,526.4386,mp_oct
1,526.739,mp_oct
1,527.0393,mp_oct
1,527.344,mp_oct
1,527.6443,mp_oct
1,527.9447,mp_oct
1,528.2649,mp_oct
1,528.5652,mp_oct
1,528.8656,mp_oct
1,529.166,mp_oct
1,529.4663,mp_oct
1,529.7666,mp_oct
1,530.0669,mp_oct
1,530.3672,mp_oct
1,530.6676,mp_oct
1,530.9679,mp_oct
1,531.2683,mp_oct
1,531.5686,mp_oct
1,531.8739,mp_oct
1,532.1741,mp_oct
1,532.4745,mp_oct
1,532.7748,mp_oct
1,533.0752,mp_oct
1,533.3755,mp_oct
1,533.6758,mp_oct
1,533.9762,mp_oct
1,534.2764,mp_oct
1,534.5767,mp_oct
1,534.8771,mp_oct
1,535.1824,mp_oct
1,535.4827,mp_oct
1,535.7831,mp_oct
1,536.0934,mp_oct
1,536.3938,mp_oct
1,536.694,mp_oct
1,536.9944,mp_oct
1,537.2947,mp_oct
1,537.6508,mp_oct
1,537.951,mp_oct
1,538.2513,mp_oct
1,538.5561,mp_oct
1,538.8564,mp_oct
1,539.1567,mp_oct
1,539.457,mp_oct
1,539.7573,mp_oct
1,540.0577,mp_oct
1,540.358,mp_oct
1,540.6583,mp_oct
1,540.9587,mp_oct
1,541.2589,mp_oct
1,541.5592,mp_oct
1,541.8596,mp_oct
1,542.1599,mp_oct
1,542.4602,mp_oct
1,542.7605,mp_oct
1,543.0609,mp_oct
1,543.3612,mp_oct
1,543.6615,mp_oct
1,543.9619,mp_oct
1,544.2622,mp_oct
1,544.5626,mp_oct
1,544.8628,mp_oct
1,545.1631,mp_oct
1,545.4635,mp_oct
1,545.7638,mp_oct
1,546.0641,mp_oct
1,546.3644,mp_oct
1,546.6647,mp_oct
1,546.9651,mp_oct
1,547.2654,mp_oct
1,547.5658,mp_oct
1,547.8661,mp_oct
1,548.1664,mp_oct
1,548.4968,mp_oct
1,548.7971,mp_oct
1,549.0974,mp_oct
1,549.3977,mp_oct
1,549.698,mp_oct
1,550.004,mp_oct
1,550.3043,mp_oct
1,550.6046,mp_oct
1,550.905,mp_oct
1,551.2052,mp_oct
1,551.5056,mp_oct
1,551.8059,mp_oct
1,552.1062,mp_oct
1,552.4066,mp_oct
1,552.7113,mp_oct
1,553.0116,mp_oct
1,553.3119,mp_oct
1,553.6123,mp_oct
1,553.9126,mp_oct
1,554.2129,mp_oct
1,554.5132,mp_oct
1,554.8136,mp_oct
1,555.1139,mp_oct
1,555.4192,mp_oct
1,555.7196,mp_oct
1,556.0199,mp_oct
1,556.3202,mp_oct
1,556.6205,mp_oct
1,556.9208,mp_oct
1,557.2212,mp_oct
1,557.5214,mp_oct
1,557.8218,mp_oct
1,558.1221,mp_oct
1,558.4224,mp_oct
1,558.7228,mp_oct
1,559.0231,mp_oct
1,559.3284,mp_oct
1,559.6288,mp_oct
1,559.9291,mp_oct
1,560.2294,mp_oct
1,560.5353,mp_oct
1,560.8356,mp_oct
1,561.136,mp_oct
1,561.4363,mp_oct
1,561.7366,mp_oct
1,562.0369,mp_oct
1,562.3373,mp_oct
1,562.6376,mp_oct
1,562.9379,mp_oct
1,563.2383,mp_oct
1,563.5386,mp_oct
1,563.8433,mp_oct
1,564.1436,mp_oct
1,564.4489,mp_oct
1,564.7492,mp_oct
1,565.0496,mp_oct
1,565.35,mp_oct
1,565.6502,mp_oct
1,565.9505,mp_oct
1,566.2559,mp_oct
1,566.5562,mp_oct
1,566.8565,mp_oct
1,567.1569,mp_oct
1,567.4572,mp_oct
1,567.7575,mp_oct
1,568.0578,mp_oct
1,568.3581,mp_oct
1,568.6642,mp_oct
1,568.9645,mp_oct
1,569.2649,mp_oct
1,569.5652,mp_oct
1,569.8655,mp_oct
1,570.1658,mp_oct
6,570.4661,mp_oct
1,570.7665,mp_oct
1,571.0668,mp_oct
1,571.3671,mp_oct
1,571.6675,mp_oct
1,571.9677,mp_oct
1,572.2681,mp_oct
1,572.5684,mp_oct
1,572.8687,mp_oct
1,573.169,mp_oct
1,573.4736,mp_oct
1,573.774,mp_oct
1,574.0793,mp_oct
1,574.3796,mp_oct
1,574.6799,mp_oct
1,574.9803,mp_oct
6,575.2806,mp_oct
1,575.5809,mp_oct
1,575.8812,mp_oct
1,576.1815,mp_oct
1,576.4819,mp_oct
1,576.7822,mp_oct
1,577.0825,mp_oct
1,577.3828,mp_oct
1,577.6832,mp_oct
1,577.9835,mp_oct
1,578.2838,mp_oct
1,578.5842,mp_oct
1,578.8845,mp_oct
1,579.1848,mp_oct
1,579.4851,mp_oct
1,579.7854,mp_oct
1,580.0858,mp_oct
1,580.3861,mp_oct
1,580.6864,mp_oct
1,580.9917,mp_oct
1,581.2921,mp_oct
1,581.5924,mp_oct
1,581.8927,mp_oct
1,582.193,mp_oct
1,582.4933,mp_oct
1,582.7937,mp_oct
1,583.1041,mp_oct
1,583.4044,mp_oct
1,583.7047,mp_oct
1,584.005,mp_oct
1,584.3054,mp_oct
1,584.6057,mp_oct
1,584.906,mp_oct
1,585.2063,mp_oct
1,585.5067,mp_oct
1,585.807,mp_oct
1,586.1073,mp_oct
1,586.4076,mp_oct
1,586.7079,mp_oct
1,587.0132,mp_oct
1,587.3136,mp_oct
1,587.6189,mp_oct
1,587.9192,mp_oct
1,588.2196,mp_oct
1,588.5198,mp_oct
1,588.8202,mp_oct
1,589.1205,mp_oct
1,589.4208,mp_oct
1,589.7212,mp_oct
1,590.0271,mp_oct
1,590.3275,mp_oct
1,590.6278,mp_oct
1,590.9281,mp_oct
1,591.2284,mp_oct
1,591.5288,mp_oct
1,591.8291,mp_oct
1,592.1294,mp_oct
1,592.4391,mp_oct
1,592.7395,mp_oct
1,593.0398,mp_oct
1,593.3401,mp_oct
1,593.6404,mp_oct
1,593.9407,mp_oct
1,594.2411,mp_oct
1,594.5413,mp_oct
1,594.8418,mp_oct
1,595.142,mp_oct
1,595.4424,mp_oct
1,595.7477,mp_oct
1,596.0536,mp_oct
1,596.354,mp_oct
1,596.6543,mp_oct
1,596.9546,mp_oct
1,597.2549,mp_oct
1,597.5552,mp_oct
1,597.8556,mp_oct
1,598.1559,mp_oct
1,598.4562,mp_oct
1,598.7565,mp_oct
1,599.0568,mp_oct
1,599.3572,mp_oct
1,599.6575,mp_oct
1,599.9578,mp_oct
1,600.2581,mp_oct
1,600.5585,mp_oct
1,600.8632,mp_oct
1,601.1636,mp_oct
1,601.4639,mp_oct
1,601.7642,mp_oct
1,602.0695,mp_oct
1,602.3699,mp_oct
1,602.6752,mp_oct
1,602.9755,mp_oct
1,603.2758,mp_oct
1,603.5761,mp_oct
1,603.8765,mp_oct
1,604.1769,mp_oct
1,604.4771,mp_oct
1,604.7775,mp_oct
1,605.0778,mp_oct
1,605.3781,mp_oct
1,605.6785,mp_oct
1,605.9788,mp_oct
1,606.2791,mp_oct
1,606.5794,mp_oct
1,606.8797,mp_oct
1,607.1801,mp_oct
1,607.4804,mp_oct
1,607.7807,mp_oct
1,608.0811,mp_oct
1,608.3814,mp_oct
1,608.6817,mp_oct
1,608.982,mp_oct
1,609.2824,mp_oct
1,609.5827,mp_oct
1,609.883,mp_oct
1,610.1834,mp_oct
1,610.4836,mp_oct
1,610.784,mp_oct
1,611.0844,mp_oct
1,611.3902,mp_oct
1,611.695,mp_oct
1,611.9953,mp_oct
1,612.3006,mp_oct
1,612.616,mp_oct
1,612.9213,mp_oct
1,613.2216,mp_oct
1,613.5228,mp_oct
1,613.8273,mp_oct
1,614.1276,mp_oct
1,614.428,mp_oct
1,614.7283,mp_oct
1,615.0286,mp_oct
1,615.3289,mp_oct
1,615.6293,mp_oct
1,615.9296,mp_oct
1,616.23,mp_oct
1,616.5302,mp_oct
1,616.8306,mp_oct
1,617.1308,mp_oct
1,617.4312,mp_oct
1,617.7316,mp_oct
1,618.0319,mp_oct
1,618.3322,mp_oct
1,618.6325,mp_oct
1,618.9329,mp_oct
1,619.2332,mp_oct
1,619.5335,mp_oct
1,619.8339,mp_oct
1,620.1341,mp_oct
1,620.4345,mp_oct
1,620.7348,mp_oct
1,621.0352,mp_oct
1,621.3355,mp_oct
1,621.6358,mp_oct
1,621.9361,mp_oct
1,622.2364,mp_oct
1,622.5367,mp_oct
1,622.8371,mp_oct
1,623.143,mp_oct
1,623.4433,mp_oct
1,623.7436,mp_oct
1,624.044,mp_oct
1,624.3443,mp_oct
1,624.6446,mp_oct
1,624.9449,mp_oct
1,625.2453,mp_oct
1,625.5456,mp_oct
1,625.846,mp_oct
1,626.1463,mp_oct
1,626.4466,mp_oct
1,626.7469,mp_oct
1,627.0472,mp_oct
1,627.3476,mp_oct
1,627.6479,mp_oct
1,627.9482,mp_oct
1,628.2485,mp_oct
1,628.5489,mp_oct
1,628.8492,mp_oct
1,629.1495,mp_oct
1,629.4499,mp_oct
1,629.7502,mp_oct
1,630.0505,mp_oct
1,630.3509,mp_oct
1,630.6512,mp_oct
1,630.9515,mp_oct
1,631.2518,mp_oct
1,631.5521,mp_oct
1,631.8524,mp_oct
1,632.1528,mp_oct
1,632.4531,mp_oct
1,632.7534,mp_oct
1,633.0537,mp_oct
1,633.354,mp_oct
1,633.6962,mp_oct
1,633.9992,mp_oct
1,634.2996,mp_oct
1,634.5998,mp_oct
1,634.9002,mp_oct
1,635.2005,mp_oct
1,635.5009,mp_oct
1,635.8012,mp_oct
1,636.1014,mp_oct
1,636.4019,mp_oct
1,636.7021,mp_oct
1,637.0025,mp_oct
1,637.3028,mp_oct
1,637.6031,mp_oct
1,637.9035,mp_oct
1,638.2038,mp_oct
1,638.5041,mp_oct
1,638.8045,mp_oct
1,639.1048,mp_oct
1,639.4051,mp_oct
1,639.7054,mp_oct
1,640.0458,mp_oct
1,640.3461,mp_oct
1,640.6464,mp_oct
1,640.9468,mp_oct
1,641.2471,mp_oct
1,641.5474,mp_oct
1,641.8477,mp_oct
1,642.1481,mp_oct
1,642.4484,mp_oct
1,642.7487,mp_oct
1,643.049,mp_oct
1,643.3494,mp_oct
1,643.6497,mp_oct
1,643.95,mp_oct
1,644.2504,mp_oct
1,644.5507,mp_oct
1,644.851,mp_oct
1,645.1513,mp_oct
1,645.4517,mp_oct
1,645.752,mp_oct
1,646.0524,mp_oct
1,646.3526,mp_oct
1,646.653,mp_oct
1,646.9533,mp_oct
1,647.2536,mp_oct
1,647.554,mp_oct
1,647.8543,mp_oct
1,648.1546,mp_oct
1,648.455,mp_oct
1,648.7552,mp_oct
1,649.0556,mp_oct
1,649.3559,mp_oct
1,649.6563,mp_oct
1,649.9566,mp_oct
1,650.257,mp_oct
1,650.5572,mp_oct
1,650.8576,mp_oct
1,651.1579,mp_oct
1,651.4582,mp_oct
1,651.7586,mp_oct
1,652.0589,mp_oct
1,652.3592,mp_oct
1,652.6595,mp_oct
1,652.9598,mp_oct
1,653.2602,mp_oct
1,653.5605,mp_oct
1,653.8608,mp_oct
1,654.1612,mp_oct
1,654.4615,mp_oct
1,654.7619,mp_oct
1,655.0621,mp_oct
1,655.3625,mp_oct
1,655.6628,mp_oct
1,655.9631,mp_oct
1,656.2634,mp_oct
1,656.5638,mp_oct
1,656.8641,mp_oct
1,657.1644,mp_oct
1,657.4648,mp_oct
1,657.7651,mp_oct
1,658.0654,mp_oct
1,658.3657,mp_oct
1,658.666,mp_oct
1,658.9664,mp_oct
1,659.2668,mp_oct
1,659.5671,mp_oct
1,659.8674,mp_oct
1,660.1677,mp_oct
1,660.468,mp_oct
1,660.7684,mp_oct
1,661.0687,mp_oct
1,661.369,mp_oct
1,661.6694,mp_oct
1,661.9697,mp_oct
1,662.27,mp_oct
1,662.5703,mp_oct
1,662.8706,mp_oct
1,663.1709,mp_oct
1,663.4713,mp_oct
1,663.7716,mp_oct
1,664.072,mp_oct
1,664.3723,mp_oct
1,664.6726,mp_oct
1,664.973,mp_oct
1,665.2732,mp_oct
1,665.5736,mp_oct
1,665.874,mp_oct
1,666.1742,mp_oct
1,666.4746,mp_oct
1,666.7749,mp_oct
1,667.0753,mp_oct
1,667.3756,mp_oct
1,667.6759,mp_oct
1,667.9762,mp_oct
1,668.2766,mp_oct
1,668.5768,mp_oct
1,668.8772,mp_oct
1,669.1775,mp_oct
1,669.4779,mp_oct
1,669.7782,mp_oct
1,670.0785,mp_oct
1,670.3788,mp_oct
1,670.6791,mp_oct
1,670.9795,mp_oct
1,671.2798,mp_oct
1,671.5801,mp_oct
1,671.8804,mp_oct
1,672.1808,mp_oct
1,672.4812,mp_oct
1,672.7815,mp_oct
1,673.0818,mp_oct
1,673.3821,mp_oct
1,673.6824,mp_oct
1,673.9828,mp_oct
1,674.2831,mp_oct
1,674.5834,mp_oct
1,674.8837,mp_oct
1,675.1841,mp_oct
1,675.4844,mp_oct
1,675.7847,mp_oct
1,676.085,mp_oct
1,676.3854,mp_oct
1,676.6857,mp_oct
1,676.9861,mp_oct
1,677.2863,mp_oct
1,677.5867,mp_oct
1,677.8871,mp_oct
1,678.1874,mp_oct
1,678.4877,mp_oct
1,678.788,mp_oct
1,679.0883,mp_oct
1,679.3937,mp_oct
1,679.694,mp_oct
1,679.9943,mp_oct
1,680.2947,mp_oct
1,680.595,mp_oct
1,680.8953,mp_oct
1,681.1956,mp_oct
1,681.4959,mp_oct
1,681.7963,mp_oct
1,682.0966,mp_oct
1,682.3969,mp_oct
1,682.6972,mp_oct
1,682.9975,mp_oct
1,683.2979,mp_oct
1,683.5982,mp_oct
1,683.8985,mp_oct
1,684.2039,mp_oct
1,684.5042,mp_oct
1,684.8045,mp_oct
1,685.1049,mp_oct
1,685.4052,mp_oct
1,685.7055,mp_oct
1,686.0059,mp_oct
1,686.3062,mp_oct
1,686.6065,mp_oct
1,686.9069,mp_oct
1,687.2071,mp_oct
1,687.5075,mp_oct
1,687.8078,mp_oct
1,688.1081,mp_oct
1,688.4085,mp_oct
1,688.7088,mp_oct
1,689.0091,mp_oct
1,689.3095,mp_oct
1,689.6098,mp_oct
1,689.9101,mp_oct
1,690.2104,mp_oct
1,690.5108,mp_oct
1,690.811,mp_oct
1,691.1114,mp_oct
1,691.4117,mp_oct
1,691.7121,mp_oct
1,692.0124,mp_oct
1,692.3127,mp_oct
1,692.6131,mp_oct
1,692.9134,mp_oct
1,693.2137,mp_oct
1,693.5141,mp_oct
1,693.8144,mp_oct
1,694.1147,mp_oct
1,694.415,mp_oct
1,694.7154,mp_oct
1,695.0157,mp_oct
1,695.316,mp_oct
1,695.6163,mp_oct
1,695.9166,mp_oct
1,696.217,mp_oct
1,696.5173,mp_oct
1,696.8176,mp_oct
1,697.118,mp_oct
1,697.4183,mp_oct
1,697.7187,mp_oct
1,698.0189,mp_oct
1,698.3193,mp_oct
1,698.6196,mp_oct
1,698.92,mp_oct
1,699.2203,mp_oct
1,699.5206,mp_oct
1,699.8209,mp_oct
1,700.1213,mp_oct
1,700.4216,mp_oct
1,700.7219,mp_oct
1,701.0222,mp_oct
1,701.3226,mp_oct
1,701.6229,mp_oct
1,701.9232,mp_oct
1,702.2235,mp_oct
1,702.5239,mp_oct
1,702.8242,mp_oct
1,703.1245,mp_oct
1,703.4304,mp_oct
1,703.7308,mp_oct
1,704.0311,mp_oct
1,704.3314,mp_oct
1,704.6318,mp_oct
1,704.9321,mp_oct
1,705.2324,mp_oct
1,705.5328,mp_oct
1,705.833,mp_oct
1,706.1334,mp_oct
1,706.4337,mp_oct
1,706.734,mp_oct
1,707.0344,mp_oct
1,707.3391,mp_oct
1,707.6394,mp_oct
1,707.9398,mp_oct
1,708.2401,mp_oct
1,708.5405,mp_oct
1,708.8458,mp_oct
1,709.1461,mp_oct
1,709.4464,mp_oct
1,709.7467,mp_oct
1,710.0471,mp_oct
1,710.3474,mp_oct
1,710.6478,mp_oct
1,710.9481,mp_oct
1,711.2484,mp_oct
1,711.5487,mp_oct
1,711.8491,mp_oct
1,712.1494,mp_oct
1,712.4497,mp_oct
1,712.75,mp_oct
1,713.0504,mp_oct
1,713.3507,mp_oct
1,713.651,mp_oct
1,713.9513,mp_oct
1,714.2517,mp_oct
1,714.552,mp_oct
1,714.8523,mp_oct
1,715.1526,mp_oct
1,715.453,mp_oct
1,715.7533,mp_oct
1,716.0536,mp_oct
1,716.354,mp_oct
1,716.6543,mp_oct
1,716.9547,mp_oct
1,717.255,mp_oct
1,717.5553,mp_oct
1,717.8556,mp_oct
1,718.1559,mp_oct
1,718.4563,mp_oct
1,718.7566,mp_oct
1,719.0569,mp_oct
1,719.3572,mp_oct
1,719.6576,mp_oct
1,719.9579,mp_oct
1,720.2582,mp_oct
1,720.5586,mp_oct
1,720.8639,mp_oct
1,721.1643,mp_oct
1,721.4646,mp_oct
1,721.7649,mp_oct
1,722.0652,mp_oct
1,722.3655,mp_oct
1,722.6659,mp_oct
1,722.9663,mp_oct
1,723.2665,mp_oct
1,723.5668,mp_oct
1,723.8672,mp_oct
1,724.1675,mp_oct
1,724.4679,mp_oct
1,724.7682,mp_oct
1,725.0742,mp_oct
1,725.3745,mp_oct
1,725.6748,mp_oct
1,725.975,mp_oct
1,726.2755,mp_oct
1,726.5758,mp_oct
1,726.8762,mp_oct
1,727.1764,mp_oct
1,727.4768,mp_oct
1,727.777,mp_oct
1,728.0775,mp_oct
1,728.3777,mp_oct
1,728.6781,mp_oct
1,728.9784,mp_oct
1,729.2788,mp_oct
1,729.579,mp_oct
1,729.8794,mp_oct
1,730.1798,mp_oct
1,730.4801,mp_oct
1,730.7803,mp_oct
1,731.0807,mp_oct
1,731.3811,mp_oct
1,731.6814,mp_oct
1,731.9817,mp_oct
1,732.282,mp_oct
1,732.5867,mp_oct
1,732.892,mp_oct
1,733.1924,mp_oct
1,733.4928,mp_oct
1,733.7931,mp_oct
1,734.0933,mp_oct
1,734.3937,mp_oct
1,734.694,mp_oct
1,734.9944,mp_oct
1,735.2947,mp_oct
1,735.5951,mp_oct
1,735.8954,mp_oct
1,736.1957,mp_oct
1,736.496,mp_oct
1,736.7963,mp_oct
1,737.0967,mp_oct
1,737.3971,mp_oct
1,737.6973,mp_oct
1,737.9977,mp_oct
1,738.303,mp_oct
1,738.6034,mp_oct
1,738.9036,mp_oct
1,739.2096,mp_oct
1,739.51,mp_oct
1,739.8102,mp_oct
1,740.1106,mp_oct
1,740.4153,mp_oct
1,740.7156,mp_oct
1,741.016,mp_oct
1,741.3163,mp_oct
1,741.6165,mp_oct
1,741.917,mp_oct
1,742.2173,mp_oct
1,742.5176,mp_oct
1,742.8179,mp_oct
1,743.1182,mp_oct
1,743.4186,mp_oct
1,743.7189,mp_oct
1,744.0242,mp_oct
1,744.3245,mp_oct
1,744.6249,mp_oct
1,744.9252,mp_oct
1,745.2256,mp_oct
1,745.5259,mp_oct
1,745.8262,mp_oct
1,746.1265,mp_oct
1,746.4268,mp_oct
1,746.7272,mp_oct
1,747.0275,mp_oct
1,747.3278,mp_oct
1,747.6281,mp_oct
1,747.9285,mp_oct
1,748.2288,mp_oct
1,748.5292,mp_oct
1,748.8295,mp_oct
1,749.1298,mp_oct
1,749.4301,mp_oct
1,749.7304,mp_oct
1,750.0308,mp_oct
1,750.3311,mp_oct
1,750.6314,mp_oct
1,750.9318,mp_oct
1,751.2321,mp_oct
1,751.5324,mp_oct
1,751.8328,mp_oct
1,752.1331,mp_oct
1,752.4334,mp_oct
1,752.7338,mp_oct
1,753.034,mp_oct
1,753.3344,mp_oct
1,753.6347,mp_oct
1,753.9351,mp_oct
1,754.2354,mp_oct
1,754.5357,mp_oct
1,754.836,mp_oct
1,755.1364,mp_oct
1,755.4367,mp_oct
1,755.737,mp_oct
1,756.0373,mp_oct
1,756.3377,mp_oct
1,756.638,mp_oct
1,756.9383,mp_oct
1,757.2386,mp_oct
1,757.539,mp_oct
1,757.8392,mp_oct
1,758.1396,mp_oct
1,758.4399,mp_oct
1,758.7403,mp_oct
1,759.0406,mp_oct
1,759.341,mp_oct
1,759.6412,mp_oct
1,759.9416,mp_oct
1,760.242,mp_oct
1,760.5422,mp_oct
1,760.8426,mp_oct
1,761.1428,mp_oct
1,761.4432,mp_oct
1,761.7435,mp_oct
1,762.0439,mp_oct
1,762.3442,mp_oct
1,762.6445,mp_oct
1,762.9499,mp_oct
1,763.2502,mp_oct
1,763.5505,mp_oct
1,763.8509,mp_oct
1,764.1512,mp_oct
1,764.4515,mp_oct
1,764.7518,mp_oct
1,765.0578,mp_oct
1,765.3581,mp_oct
1,765.6584,mp_oct
1,765.9588,mp_oct
1,766.2591,mp_oct
1,766.5594,mp_oct
1,766.8641,mp_oct
1,767.1644,mp_oct
1,767.4648,mp_oct
1,767.7651,mp_oct
1,768.0654,mp_oct
1,768.3657,mp_oct
1,768.666,mp_oct
1,768.9664,mp_oct
1,769.2667,mp_oct
1,769.567,mp_oct
1,769.8674,mp_oct
1,770.1677,mp_oct
1,770.4681,mp_oct
1,770.7684,mp_oct
1,771.0687,mp_oct
1,771.369,mp_oct
1,771.6693,mp_oct
1,771.9697,mp_oct
1,772.2701,mp_oct
1,772.5753,mp_oct
1,772.8757,mp_oct
1,773.176,mp_oct
1,773.4763,mp_oct
1,773.7767,mp_oct
1,774.077,mp_oct
1,774.3773,mp_oct
1,774.6776,mp_oct
1,774.978,mp_oct
1,775.2783,mp_oct
1,775.5786,mp_oct
1,775.8789,mp_oct
1,776.1793,mp_oct
1,776.4796,mp_oct
1,776.78,mp_oct
1,777.0803,mp_oct
1,777.3806,mp_oct
1,777.6809,mp_oct
2,777.9812,mp_oct
2,778.2816,mp_oct
1,778.5819,mp_oct
1,778.8822,mp_oct
1,779.1876,mp_oct
1,779.4879,mp_oct
1,779.7882,mp_oct
1,780.0885,mp_oct
1,780.3989,mp_oct
1,780.6993,mp_oct
1,780.9996,mp_oct
1,781.2999,mp_oct
1,781.6002,mp_oct
1,781.9005,mp_oct
1,782.2008,mp_oct
1,782.5062,mp_oct
1,782.8065,mp_oct
1,783.1068,mp_oct
1,783.4072,mp_oct
1,783.7075,mp_oct
1,784.0079,mp_oct
1,784.3082,mp_oct
1,784.6084,mp_oct
1,784.9195,mp_oct
1,785.2198,mp_oct
1,785.5201,mp_oct
1,785.8204,mp_oct
1,786.1207,mp_oct
1,786.4211,mp_oct
1,786.7214,mp_oct
1,787.0217,mp_oct
1,787.322,mp_oct
1,787.6223,mp_oct
1,787.9227,mp_oct
1,788.223,mp_oct
1,788.5234,mp_oct
1,788.8237,mp_oct
1,789.124,mp_oct
1,789.4243,mp_oct
1,789.7247,mp_oct
1,790.025,mp_oct
1,790.3253,mp_oct
1,790.6257,mp_oct
1,790.926,mp_oct
1,791.2263,mp_oct
1,791.5266,mp_oct
1,791.827,mp_oct
1,792.1273,mp_oct
1,792.4276,mp_oct
1,792.7279,mp_oct
1,793.0283,mp_oct
1,793.3286,mp_oct
1,793.6289,mp_oct
1,793.9292,mp_oct
1,794.2296,mp_oct
1,794.53,mp_oct
1,794.8303,mp_oct
1,795.1306,mp_oct
1,795.4309,mp_oct
1,795.7312,mp_oct
1,796.0316,mp_oct
1,796.3319,mp_oct
1,796.6322,mp_oct
1,796.9325,mp_oct
1,797.2329,mp_oct
1,797.5332,mp_oct
1,797.8336,mp_oct
1,798.1339,mp_oct
1,798.4342,mp_oct
1,798.7345,mp_oct
1,799.0348,mp_oct
1,799.3351,mp_oct
1,799.6355,mp_oct
1,799.9358,mp_oct
1,800.237,mp_oct
1,800.5364,mp_oct
1,800.8368,mp_oct
1,801.1371,mp_oct
1,801.4375,mp_oct
1,801.7378,mp_oct
1,802.0381,mp_oct
1,802.3385,mp_oct
1,802.6388,mp_oct
1,802.9391,mp_oct
1,803.2395,mp_oct
1,803.5398,mp_oct
1,803.8401,mp_oct
1,804.1404,mp_oct
1,804.4407,mp_oct
1,804.7411,mp_oct
1,805.0414,mp_oct
1,805.3417,mp_oct
1,805.642,mp_oct
1,805.9424,mp_oct
1,806.2427,mp_oct
1,806.543,mp_oct
1,806.8434,mp_oct
1,807.1437,mp_oct
1,807.444,mp_oct
1,807.7444,mp_oct
1,808.0447,mp_oct
1,808.345,mp_oct
1,808.6453,mp_oct
1,808.9456,mp_oct
1,809.246,mp_oct
1,809.5463,mp_oct
1,809.8467,mp_oct
1,810.147,mp_oct
1,810.4473,mp_oct
1,810.7476,mp_oct
1,811.048,mp_oct
1,811.3484,mp_oct
1,811.6486,mp_oct
1,811.949,mp_oct
1,812.2493,mp_oct
1,812.5496,mp_oct
1,812.8499,mp_oct
1,813.1547,mp_oct
1,813.455,mp_oct
1,813.7553,mp_oct
1,814.0556,mp_oct
1,814.356,mp_oct
1,814.6563,mp_oct
1,814.9566,mp_oct
1,815.257,mp_oct
1,815.5573,mp_oct
1,815.8576,mp_oct
1,816.158,mp_oct
1,816.4583,mp_oct
1,816.7586,mp_oct
1,817.0589,mp_oct
1,817.3593,mp_oct
1,817.6596,mp_oct
1,817.96,mp_oct
1,818.2603,mp_oct
1,818.5606,mp_oct
1,818.861,mp_oct
1,819.1613,mp_oct
1,819.4615,mp_oct
1,819.762,mp_oct
1,820.0623,mp_oct
1,820.3626,mp_oct
1,820.6679,mp_oct
1,820.9733,mp_oct
1,821.2736,mp_oct
1,821.5739,mp_oct
1,821.8743,mp_oct
1,822.1746,mp_oct
1,822.4749,mp_oct
1,822.7753,mp_oct
1,823.0755,mp_oct
1,823.3759,mp_oct
1,823.6762,mp_oct
1,823.9821,mp_oct
1,824.2825,mp_oct
1,824.5828,mp_oct
1,824.8832,mp_oct
1,825.1835,mp_oct
1,825.4838,mp_oct
1,825.7885,mp_oct
1,826.0889,mp_oct
1,826.3892,mp_oct
1,826.6895,mp_oct
1,826.9899,mp_oct
1,827.2902,mp_oct
1,827.5905,mp_oct
1,827.8908,mp_oct
1,828.1911,mp_oct
1,828.4965,mp_oct
1,828.7968,mp_oct
1,829.0972,mp_oct
1,829.3975,mp_oct
1,829.6978,mp_oct
1,829.9981,mp_oct
1,830.2985,mp_oct
1,830.5988,mp_oct
1,830.8991,mp_oct
1,831.1995,mp_oct
1,831.5048,mp_oct
1,831.8051,mp_oct
1,832.1054,mp_oct
1,832.4058,mp_oct
1,832.7061,mp_oct
1,833.0065,mp_oct
1,833.3068,mp_oct
1,833.6071,mp_oct
1,833.9074,mp_oct
1,834.2077,mp_oct
1,834.5081,mp_oct
1,834.8084,mp_oct
1,835.1087,mp_oct
1,835.409,mp_oct
1,835.7094,mp_oct
1,836.0097,mp_oct
1,836.31,mp_oct
1,836.6104,mp_oct
1,836.9108,mp_oct
1,837.211,mp_oct
1,837.5114,mp_oct
1,837.8117,mp_oct
1,838.112,mp_oct
1,838.4124,mp_oct
1,838.7126,mp_oct
1,839.013,mp_oct
1,839.3133,mp_oct
1,839.6137,mp_oct
1,839.9196,mp_oct
1,840.2244,mp_oct
2,840.5247,mp_oct
1,840.825,mp_oct
1,841.1253,mp_oct
1,841.4256,mp_oct
1,841.726,mp_oct
1,842.0263,mp_oct
1,842.3267,mp_oct
1,842.627,mp_oct
1,842.9273,mp_oct
1,843.2276,mp_oct
1,843.528,mp_oct
1,843.8283,mp_oct
1,844.1286,mp_oct
1,844.434,mp_oct
1,844.7343,mp_oct
1,845.0346,mp_oct
1,845.335,mp_oct
1,845.6353,mp_oct
1,845.9356,mp_oct
1,846.236,mp_oct
1,846.5363,mp_oct
1,846.8366,mp_oct
1,847.1369,mp_oct
1,847.4373,mp_oct
1,847.7376,mp_oct
1,848.0379,mp_oct
1,848.3382,mp_oct
1,848.6386,mp_oct
1,848.9389,mp_oct
1,849.2393,mp_oct
1,849.5446,mp_oct
1,849.8449,mp_oct
1,850.1452,mp_oct
1,850.4456,mp_oct
1,850.7459,mp_oct
1,851.0463,mp_oct
1,851.3466,mp_oct
1,851.6469,mp_oct
1,851.9472,mp_oct
1,852.2475,mp_oct
1,852.5479,mp_oct
1,852.8582,mp_oct
1,853.1586,mp_oct
1,853.4589,mp_oct
1,853.7591,mp_oct
1,854.0595,mp_oct
1,854.3599,mp_oct
1,854.6602,mp_oct
1,854.9605,mp_oct
1,855.2609,mp_oct
1,855.5612,mp_oct
1,855.8615,mp_oct
1,856.1776,mp_oct
1,856.4779,mp_oct
1,856.7782,mp_oct
1,857.0786,mp_oct
1,857.3831,mp_oct
1,857.6836,mp_oct
1,857.9888,mp_oct
1,858.2892,mp_oct
1,858.5895,mp_oct
1,858.8898,mp_oct
1,859.1902,mp_oct
1,859.4905,mp_oct
1,859.7908,mp_oct
1,860.0911,mp_oct
1,860.3964,mp_oct
1,860.7024,mp_oct
1,861.0028,mp_oct
1,861.3031,mp_oct
1,861.6034,mp_oct
1,861.9082,mp_oct
1,862.2135,mp_oct
1,862.5139,mp_oct
1,862.8141,mp_oct
1,863.1144,mp_oct
1,863.4148,mp_oct
1,863.7151,mp_oct
1,864.0204,mp_oct
1,864.3209,mp_oct
1,864.6212,mp_oct
1,864.9215,mp_oct
1,865.2218,mp_oct
1,865.5221,mp_oct
1,865.8224,mp_oct
1,866.1284,mp_oct
1,866.4287,mp_oct
1,866.7291,mp_oct
1,867.0294,mp_oct
1,867.3297,mp_oct
1,867.6301,mp_oct
1,867.9304,mp_oct
1,868.2307,mp_oct
1,868.531,mp_oct
1,868.8314,mp_oct
1,869.1317,mp_oct
1,869.4321,mp_oct
1,869.7324,mp_oct
1,870.0327,mp_oct
1,870.333,mp_oct
1,870.6334,mp_oct
1,870.9337,mp_oct
1,871.2384,mp_oct
1,871.5388,mp_oct
1,871.8391,mp_oct
1,872.1394,mp_oct
1,872.4398,mp_oct
1,872.74,mp_oct
1,873.0404,mp_oct
1,873.3407,mp_oct
1,873.6411,mp_oct
1,873.9414,mp_oct
1,874.2468,mp_oct
1,874.5471,mp_oct
1,874.8524,mp_oct
1,875.1527,mp_oct
1,875.4531,mp_oct
1,875.7534,mp_oct
1,876.0637,mp_oct
1,876.3641,mp_oct
1,876.6644,mp_oct
1,876.9647,mp_oct
1,877.27,mp_oct
1,877.5704,mp_oct
1,877.8708,mp_oct
1,878.171,mp_oct
1,878.4714,mp_oct
1,878.7717,mp_oct
1,879.0721,mp_oct
1,879.3724,mp_oct
1,879.6727,mp_oct
1,879.9731,mp_oct
1,880.2784,mp_oct
1,880.5987,mp_oct
1,880.899,mp_oct
1,881.1994,mp_oct
1,881.4997,mp_oct
1,881.8,mp_oct
1,882.1003,mp_oct
1,882.4007,mp_oct
1,882.701,mp_oct
1,883.0014,mp_oct
1,883.3016,mp_oct
1,883.602,mp_oct
1,883.9023,mp_oct
1,884.2027,mp_oct
1,884.5286,mp_oct
1,884.8289,mp_oct
1,885.1292,mp_oct
1,885.4296,mp_oct
1,885.7299,mp_oct
1,886.0302,mp_oct
1,886.3307,mp_oct
1,886.6309,mp_oct
1,886.9313,mp_oct
1,887.2316,mp_oct
1,887.532,mp_oct
1,887.8322,mp_oct
1,888.1325,mp_oct
1,888.4329,mp_oct
1,888.7332,mp_oct
1,889.0336,mp_oct
1,889.3339,mp_oct
1,889.6342,mp_oct
1,889.9346,mp_oct
1,890.2349,mp_oct
1,890.5352,mp_oct
1,890.8356,mp_oct
1,891.1359,mp_oct
1,891.4362,mp_oct
1,891.7365,mp_oct
1,892.0569,mp_oct
1,892.3572,mp_oct
1,892.6576,mp_oct
1,892.9579,mp_oct
1,893.2582,mp_oct
1,893.5586,mp_oct
1,893.8589,mp_oct
1,894.1592,mp_oct
1,894.4596,mp_oct
1,894.7599,mp_oct
1,895.0602,mp_oct
1,895.3605,mp_oct
1,895.6609,mp_oct
1,895.9612,mp_oct
1,896.2615,mp_oct
1,896.5619,mp_oct
1,896.8622,mp_oct
1,897.1625,mp_oct
1,897.4722,mp_oct
1,897.7725,mp_oct
1,898.0729,mp_oct
1,898.3732,mp_oct
1,898.6736,mp_oct
1,898.9739,mp_oct
1,899.2742,mp_oct
1,899.5746,mp_oct
1,899.9055,mp_oct
1,900.2059,mp_oct
1,900.5061,mp_oct
1,900.8065,mp_oct
1,901.1069,mp_oct
1,901.4072,mp_oct
1,901.7075,mp_oct
1,902.0078,mp_oct
1,902.3082,mp_oct
1,902.6085,mp_oct
1,902.9089,mp_oct
1,903.2092,mp_oct
1,903.5095,mp_oct
1,903.8098,mp_oct
1,904.1101,mp_oct
1,904.4105,mp_oct
1,904.7108,mp_oct
1,905.0111,mp_oct
1,905.3115,mp_oct
1,905.6118,mp_oct
1,905.9121,mp_oct
1,906.2169,mp_oct
1,906.5172,mp_oct
1,906.8175,mp_oct
1,907.1179,mp_oct
1,907.4182,mp_oct
1,907.7185,mp_oct
1,908.0188,mp_oct
1,908.3192,mp_oct
1,908.6195,mp_oct
1,908.9198,mp_oct
1,909.2252,mp_oct
1,909.5255,mp_oct
1,909.8259,mp_oct
1,910.1261,mp_oct
1,910.4265,mp_oct
1,910.7268,mp_oct
1,911.0272,mp_oct
1,911.3275,mp_oct
1,911.6278,mp_oct
1,911.9282,mp_oct
1,912.2285,mp_oct
1,912.5288,mp_oct
1,912.8292,mp_oct
1,913.1295,mp_oct
1,913.4298,mp_oct
1,913.7301,mp_oct
1,914.0305,mp_oct
1,914.3308,mp_oct
1,914.6311,mp_oct
1,914.9315,mp_oct
1,915.2318,mp_oct
1,915.5321,mp_oct
1,915.8324,mp_oct
1,916.1328,mp_oct
1,916.4331,mp_oct
1,916.7335,mp_oct
1,917.0338,mp_oct
1,917.3341,mp_oct
1,917.6353,mp_oct
1,917.9348,mp_oct
1,918.2351,mp_oct
1,918.5354,mp_oct
1,918.8357,mp_oct
1,919.1361,mp_oct
1,919.4364,mp_oct
1,919.7368,mp_oct
1,920.037,mp_oct
1,920.3374,mp_oct
1,920.6377,mp_oct
1,920.938,mp_oct
1,921.2384,mp_oct
1,921.5387,mp_oct
1,921.839,mp_oct
1,922.1394,mp_oct
1,922.4397,mp_oct
1,922.74,mp_oct
1,923.0404,mp_oct
1,923.3407,mp_oct
1,923.641,mp_oct
1,923.9414,mp_oct
1,924.2417,mp_oct
1,924.542,mp_oct
1,924.8424,mp_oct
1,925.1427,mp_oct
1,925.443,mp_oct
1,925.7433,mp_oct
1,926.0437,mp_oct
1,926.344,mp_oct
1,926.6443,mp_oct
1,926.9447,mp_oct
1,927.2451,mp_oct
1,927.5453,mp_oct
1,927.8457,mp_oct
1,928.146,mp_oct
1,928.4463,mp_oct
1,928.7467,mp_oct
1,929.047,mp_oct
1,929.3473,mp_oct
1,929.6476,mp_oct
1,929.948,mp_oct
1,930.2483,mp_oct
1,930.5486,mp_oct
1,930.849,mp_oct
1,931.1493,mp_oct
1,931.4496,mp_oct
1,931.75,mp_oct
1,932.0503,mp_oct
1,932.3506,mp_oct
1,932.651,mp_oct
1,932.9513,mp_oct
1,933.2624,mp_oct
1,933.5627,mp_oct
1,933.863,mp_oct
1,934.1634,mp_oct
1,934.4637,mp_oct
1,934.764,mp_oct
1,935.0643,mp_oct
1,935.3647,mp_oct
1,935.665,mp_oct
1,935.9654,mp_oct
1,936.2658,mp_oct
1,936.566,mp_oct
0,936.8663,mp_oct
1,937.1667,mp_oct
1,937.467,mp_oct
1,937.7674,mp_oct
1,938.0677,mp_oct
1,938.368,mp_oct
1,938.6684,mp_oct
1,938.9686,mp_oct
1,939.269,mp_oct
1,939.5693,mp_oct
1,939.8697,mp_oct
1,940.17,mp_oct
1,940.4702,mp_oct
1,940.7707,mp_oct
1,941.0709,mp_oct
1,941.3713,mp_oct
1,941.6716,mp_oct
1,941.972,mp_oct
1,942.2723,mp_oct
1,942.5726,mp_oct
1,942.8729,mp_oct
1,943.1732,mp_oct
1,943.4736,mp_oct
1,943.774,mp_oct
1,944.0742,mp_oct
1,944.3746,mp_oct
1,944.6749,mp_oct
1,944.9752,mp_oct
1,945.2756,mp_oct
1,945.5759,mp_oct
1,945.8763,mp_oct
1,946.1766,mp_oct
1,946.4769,mp_oct
1,946.7772,mp_oct
1,947.0775,mp_oct
1,947.3779,mp_oct
1,947.6782,mp_oct
1,947.9785,mp_oct
1,948.2789,mp_oct
1,948.5792,mp_oct
1,948.8796,mp_oct
1,949.1799,mp_oct
1,949.4802,mp_oct
1,949.7805,mp_oct
1,950.0809,mp_oct
1,950.3812,mp_oct
1,950.6816,mp_oct
1,950.9819,mp_oct
1,951.2822,mp_oct
1,951.5825,mp_oct
1,951.8829,mp_oct
1,952.1832,mp_oct
1,952.4836,mp_oct
1,952.7839,mp_oct
1,953.0842,mp_oct
1,953.3845,mp_oct
1,953.6848,mp_oct
1,953.9852,mp_oct
1,954.2855,mp_oct
1,954.5858,mp_oct
1,954.8862,mp_oct
1,955.1865,mp_oct
1,955.4868,mp_oct
1,955.7872,mp_oct
1,956.0875,mp_oct
1,956.3878,mp_oct
1,956.6882,mp_oct
1,956.9885,mp_oct
1,957.2888,mp_oct
1,957.5891,mp_oct
1,957.8894,mp_oct
1,958.1898,mp_oct
1,958.4901,mp_oct
1,958.7905,mp_oct
1,959.0908,mp_oct
1,959.3911,mp_oct
1,959.6914,mp_oct
1,959.9918,mp_oct
1,960.2921,mp_oct
1,960.5924,mp_oct
1,960.8928,mp_oct
1,961.1931,mp_oct
1,961.4934,mp_oct
1,961.7938,mp_oct
1,962.0941,mp_oct
1,962.3944,mp_oct
1,962.6947,mp_oct
1,962.995,mp_oct
1,963.2954,mp_oct
1,963.5957,mp_oct
1,963.8961,mp_oct
1,964.1964,mp_oct
1,964.4968,mp_oct
1,964.7971,mp_oct
1,965.1117,mp_oct
1,965.412,mp_oct
1,965.7124,mp_oct
1,966.0126,mp_oct
1,966.313,mp_oct
1,966.6233,mp_oct
1,966.9236,mp_oct
1,967.224,mp_oct
1,967.5243,mp_oct
1,967.8246,mp_oct
1,968.125,mp_oct
1,968.4253,mp_oct
1,968.7257,mp_oct
1,969.026,mp_oct
1,969.3262,mp_oct
1,969.6266,mp_oct
1,969.927,mp_oct
1,970.2273,mp_oct
1,970.5276,mp_oct
1,970.8279,mp_oct
1,971.1283,mp_oct
1,971.4286,mp_oct
1,971.734,mp_oct
1,972.0342,mp_oct
1,972.3346,mp_oct
1,972.6399,mp_oct
1,972.9403,mp_oct
1,973.2406,mp_oct
1,973.5409,mp_oct
1,973.8412,mp_oct
1,974.1416,mp_oct
1,974.4419,mp_oct
1,974.7422,mp_oct
1,975.0426,mp_oct
1,975.3429,mp_oct
1,975.6489,mp_oct
1,975.9492,mp_oct
1,976.2495,mp_oct
1,976.5499,mp_oct
1,976.8502,mp_oct
1,977.1506,mp_oct
1,977.4508,mp_oct
1,977.7512,mp_oct
1,978.0515,mp_oct
1,978.3519,mp_oct
1,978.6521,mp_oct
1,978.9525,mp_oct
1,979.2528,mp_oct
1,979.5531,mp_oct
1,979.8535,mp_oct
1,980.1538,mp_oct
1,980.4542,mp_oct
1,980.7544,mp_oct
1,981.0565,mp_oct
1,981.3551,mp_oct
1,981.6555,mp_oct
1,981.9558,mp_oct
1,982.2561,mp_oct
1,982.5565,mp_oct
1,982.8568,mp_oct
1,983.1571,mp_oct
1,983.4575,mp_oct
1,983.7578,mp_oct
1,984.0582,mp_oct
1,984.3584,mp_oct
1,984.6588,mp_oct
1,984.9591,mp_oct
1,985.2594,mp_oct
1,985.5597,mp_oct
1,985.8601,mp_oct
1,986.1604,mp_oct
1,986.4607,mp_oct
1,986.7611,mp_oct
1,987.0614,mp_oct
1,987.3618,mp_oct
1,987.6621,mp_oct
1,987.9624,mp_oct
1,988.2627,mp_oct
1,988.5631,mp_oct
1,988.8635,mp_oct
1,989.1637,mp_oct
1,989.4641,mp_oct
1,989.7644,mp_oct
1,990.0647,mp_oct
1,990.365,mp_oct
1,990.6654,mp_oct
1,990.9657,mp_oct
1,991.266,mp_oct
1,991.5664,mp_oct
1,991.8667,mp_oct
1,992.1814,mp_oct
1,992.4818,mp_oct
1,992.782,mp_oct
1,993.0824,mp_oct
1,993.3827,mp_oct
1,993.683,mp_oct
1,993.9834,mp_oct
1,994.2837,mp_oct
1,994.584,mp_oct
1,994.8844,mp_oct
1,995.1846,mp_oct
1,995.485,mp_oct
1,995.7853,mp_oct
1,996.0857,mp_oct
1,996.386,mp_oct
1,996.6863,mp_oct
1,996.9866,mp_oct
1,997.287,mp_oct
1,997.5874,mp_oct
1,997.8876,mp_oct
1,998.188,mp_oct
1,998.4883,mp_oct
1,998.7886,mp_oct
1,999.0889,mp_oct
1,999.3892,mp_oct
1,999.6896,mp_oct
1,999.99,mp_oct
1,1000.2903,mp_oct
1,1000.5906,mp_oct
1,1000.8909,mp_oct
1,1001.1968,mp_oct
1,1001.4972,mp_oct
1,1001.7976,mp_oct
1,1002.0979,mp_oct
1,1002.3982,mp_oct
1,1002.6985,mp_oct
1,1002.9989,mp_oct
1,1003.2992,mp_oct
1,1003.5995,mp_oct
1,1003.8998,mp_oct
1,1004.2002,mp_oct
1,1004.5005,mp_oct
1,1004.8008,mp_oct
1,1005.1012,mp_oct
1,1005.4015,mp_oct
1,1005.7019,mp_oct
1,1006.0022,mp_oct
1,1006.3025,mp_oct
1,1006.6072,mp_oct
1,1006.9076,mp_oct
1,1007.2079,mp_oct
1,1007.5082,mp_oct
1,1007.8085,mp_oct
1,1008.1088,mp_oct
1,1008.4092,mp_oct
1,1008.7095,mp_oct
1,1009.0098,mp_oct
1,1009.3101,mp_oct
1,1009.6105,mp_oct
1,1009.9108,mp_oct
1,1010.2111,mp_oct
1,1010.5115,mp_oct
1,1010.8118,mp_oct
1,1011.1122,mp_oct
1,1011.4124,mp_oct
1,1011.7128,mp_oct
1,1012.0132,mp_oct
1,1012.3134,mp_oct
1,1012.6138,mp_oct
1,1012.9141,mp_oct
1,1013.2144,mp_oct
1,1013.5148,mp_oct
1,1013.8151,mp_oct
1,1014.1154,mp_oct
1,1014.4158,mp_oct
1,1014.7161,mp_oct
1,1015.0164,mp_oct
1,1015.3167,mp_oct
1,1015.6171,mp_oct
1,1015.9174,mp_oct
1,1016.2177,mp_oct
1,1016.5181,mp_oct
1,1016.8184,mp_oct
1,1017.1187,mp_oct
1,1017.4191,mp_oct
1,1017.7194,mp_oct
1,1018.0197,mp_oct
1,1018.3201,mp_oct
1,1018.6204,mp_oct
1,1018.9207,mp_oct
1,1019.221,mp_oct
1,1019.5213,mp_oct
1,1019.8217,mp_oct
1,1020.1221,mp_oct
1,1020.4224,mp_oct
1,1020.7227,mp_oct
1,1021.023,mp_oct
1,1021.3234,mp_oct
1,1021.6237,mp_oct
1,1021.924,mp_oct
1,1022.2243,mp_oct
1,1022.5247,mp_oct
1,1022.825,mp_oct
1,1023.1253,mp_oct
1,1023.4257,mp_oct
1,1023.726,mp_oct
1,1024.0263,mp_oct
1,1024.3266,mp_oct
1,1024.627,mp_oct
1,1024.9273,mp_oct
1,1025.2276,mp_oct
1,1025.528,mp_oct
1,1025.8282,mp_oct
1,1026.1286,mp_oct
1,1026.4289,mp_oct
1,1026.7292,mp_oct
1,1027.0296,mp_oct
1,1027.3299,mp_oct
1,1027.6303,mp_oct
1,1027.9306,mp_oct
1,1028.2309,mp_oct
1,1028.5312,mp_oct
1,1028.8316,mp_oct
1,1029.1319,mp_oct
1,1029.4322,mp_oct
1,1029.7326,mp_oct
1,1030.0329,mp_oct
1,1030.3332,mp_oct
1,1030.6335,mp_oct
1,1030.9339,mp_oct
1,1031.2342,mp_oct
1,1031.5345,mp_oct
1,1031.8349,mp_oct
1,1032.1352,mp_oct
1,1032.4355,mp_oct
1,1032.7459,mp_oct
1,1033.0462,mp_oct
1,1033.3465,mp_oct
1,1033.6468,mp_oct
1,1033.9472,mp_oct
1,1034.2475,mp_oct
1,1034.5478,mp_oct
1,1034.8482,mp_oct
1,1035.1484,mp_oct
1,1035.4488,mp_oct
1,1035.7491,mp_oct
1,1036.0551,mp_oct
1,1036.3599,mp_oct
1,1036.6601,mp_oct
1,1036.9605,mp_oct
1,1037.3008,mp_oct
1,1037.6061,mp_oct
1,1037.9065,mp_oct
1,1038.2068,mp_oct
1,1038.5072,mp_oct
1,1038.8075,mp_oct
1,1039.1078,mp_oct
1,1039.4082,mp_oct
1,1039.7085,mp_oct
1,1040.0088,mp_oct
1,1040.3092,mp_oct
1,1040.6094,mp_oct
1,1040.9148,mp_oct
1,1041.2152,mp_oct
1,1041.5155,mp_oct
1,1041.8158,mp_oct
1,1042.117,mp_oct
1,1042.4165,mp_oct
1,1042.7168,mp_oct
1,1043.0172,mp_oct
1,1043.3231,mp_oct
1,1043.6234,mp_oct
1,1043.9237,mp_oct
1,1044.2241,mp_oct
1,1044.5244,mp_oct
1,1044.8247,mp_oct
1,1045.1251,mp_oct
1,1045.4254,mp_oct
1,1045.7257,mp_oct
1,1046.026,mp_oct
1,1046.3264,mp_oct
1,1046.6267,mp_oct
1,1046.927,mp_oct
1,1047.2274,mp_oct
1,1047.5277,mp_oct
1,1047.828,mp_oct
1,1048.1284,mp_oct
1,1048.4288,mp_oct
1,1048.729,mp_oct
1,1049.0294,mp_oct
1,1049.3297,mp_oct
1,1049.6301,mp_oct
1,1049.9304,mp_oct
1,1050.2307,mp_oct
1,1050.531,mp_oct
1,1050.8314,mp_oct
1,1051.1317,mp_oct
1,1051.4321,mp_oct
1,1051.7323,mp_oct
1,1052.037,mp_oct
1,1052.3373,mp_oct
1,1052.6377,mp_oct
1,1052.938,mp_oct
1,1053.2383,mp_oct
1,1053.5387,mp_oct
1,1053.839,mp_oct
1,1054.1393,mp_oct
1,1054.4396,mp_oct
1,1054.74,mp_oct
1,1055.0403,mp_oct
1,1055.3406,mp_oct
1,1055.6419,mp_oct
1,1055.9413,mp_oct
1,1056.2417,mp_oct
1,1056.542,mp_oct
1,1056.8423,mp_oct
1,1057.1427,mp_oct
1,1057.4429,mp_oct
1,1057.7433,mp_oct
1,1058.0436,mp_oct
1,1058.3439,mp_oct
1,1058.6443,mp_oct
1,1058.9446,mp_oct
1,1059.2449,mp_oct
1,1059.5453,mp_oct
1,1059.8456,mp_oct
1,1060.1459,mp_oct
1,1060.4462,mp_oct
1,1060.7466,mp_oct
1,1061.0469,mp_oct
1,1061.3472,mp_oct
1,1061.6476,mp_oct
1,1061.9479,mp_oct
1,1062.2482,mp_oct
1,1062.5485,mp_oct
1,1062.8489,mp_oct
1,1063.1492,mp_oct
1,1063.4495,mp_oct
1,1063.7499,mp_oct
1,1064.0502,mp_oct
1,1064.3505,mp_oct
1,1064.6508,mp_oct
1,1064.9512,mp_oct
1,1065.2515,mp_oct
1,1065.5519,mp_oct
1,1065.8522,mp_oct
1,1066.1525,mp_oct
1,1066.4528,mp_oct
1,1066.7532,mp_oct
1,1067.0534,mp_oct
1,1067.3538,mp_oct
1,1067.6541,mp_oct
1,1067.9545,mp_oct
1,1068.2548,mp_oct
1,1068.5551,mp_oct
1,1068.8604,mp_oct
1,1069.1608,mp_oct
1,1069.4611,mp_oct
1,1069.7664,mp_oct
1,1070.0668,mp_oct
1,1070.3671,mp_oct
1,1070.6674,mp_oct
1,1070.9678,mp_oct
1,1071.2681,mp_oct
1,1071.5684,mp_oct
1,1071.8687,mp_oct
1,1072.1691,mp_oct
1,1072.4694,mp_oct
1,1072.7753,mp_oct
1,1073.0756,mp_oct
1,1073.376,mp_oct
1,1073.6763,mp_oct
1,1073.986,mp_oct
1,1074.2864,mp_oct
1,1074.5867,mp_oct
1,1074.887,mp_oct
1,1075.1874,mp_oct
1,1075.4927,mp_oct
1,1075.7931,mp_oct
1,1076.0933,mp_oct
1,1076.3937,mp_oct
1,1076.694,mp_oct
1,1076.9943,mp_oct
1,1077.3047,mp_oct
1,1077.6251,mp_oct
1,1077.9303,mp_oct
1,1078.2307,mp_oct
1,1078.531,mp_oct
1,1078.8313,mp_oct
1,1079.1317,mp_oct
1,1079.432,mp_oct
1,1079.7324,mp_oct
1,1080.0327,mp_oct
1,1080.333,mp_oct
1,1080.6333,mp_oct
1,1080.9336,mp_oct
1,1081.234,mp_oct
1,1081.5343,mp_oct
1,1081.8346,mp_oct
1,1082.135,mp_oct
1,1082.4353,mp_oct
1,1082.7356,mp_oct
1,1083.0359,mp_oct
1,1083.3363,mp_oct
1,1083.6366,mp_oct
1,1083.9369,mp_oct
1,1084.2372,mp_oct
1,1084.5376,mp_oct
1,1084.8379,mp_oct
1,1085.1383,mp_oct
1,1085.4386,mp_oct
1,1085.7389,mp_oct
1,1086.0392,mp_oct
1,1086.3396,mp_oct
1,1086.6399,mp_oct
1,1086.9402,mp_oct
1,1087.2405,mp_oct
1,1087.5409,mp_oct
1,1087.8412,mp_oct
1,1088.1415,mp_oct
1,1088.4419,mp_oct
1,1088.7422,mp_oct
1,1089.0425,mp_oct
1,1089.3428,mp_oct
1,1089.6432,mp_oct
1,1089.9435,mp_oct
1,1090.2438,mp_oct
1,1090.5442,mp_oct
1,1090.8445,mp_oct
1,1091.1448,mp_oct
1,1091.4452,mp_oct
1,1091.7455,mp_oct
1,1092.0458,mp_oct
1,1092.3461,mp_oct
1,1092.6515,mp_oct
1,1092.9518,mp_oct
1,1093.2521,mp_oct
1,1093.5524,mp_oct
1,1093.8528,mp_oct
1,1094.1531,mp_oct
1,1094.4535,mp_oct
1,1094.7594,mp_oct
1,1095.0641,mp_oct
1,1095.3645,mp_oct
1,1095.6648,mp_oct
1,1095.9651,mp_oct
1,1096.2654,mp_oct
1,1096.5658,mp_oct
1,1096.8661,mp_oct
1,1097.1665,mp_oct
1,1097.4668,mp_oct
1,1097.7671,mp_oct
1,1098.0674,mp_oct
1,1098.3677,mp_oct
1,1098.6731,mp_oct
1,1098.9734,mp_oct
1,1099.2737,mp_oct
1,1099.5741,mp_oct
1,1099.8744,mp_oct
1,1100.1747,mp_oct
1,1100.475,mp_oct
1,1100.7754,mp_oct
1,1101.0757,mp_oct
1,1101.376,mp_oct
1,1101.6764,mp_oct
6,1101.9767,mp_oct
1,1102.2771,mp_oct
1,1102.5773,mp_oct
1,1102.8777,mp_oct
1,1103.178,mp_oct
1,1103.4783,mp_oct
1,1103.7787,mp_oct
1,1104.079,mp_oct
1,1104.3793,mp_oct
1,1104.6796,mp_oct
1,1104.98,mp_oct
1,1105.2803,mp_oct
1,1105.5806,mp_oct
1,1105.881,mp_oct
1,1106.1813,mp_oct
1,1106.4816,mp_oct
1,1106.782,mp_oct
1,1107.0823,mp_oct
1,1107.3827,mp_oct
1,1107.688,mp_oct
1,1107.9883,mp_oct
1,1108.2943,mp_oct
1,1108.5946,mp_oct
1,1108.8993,mp_oct
1,1109.1996,mp_oct
1,1109.4999,mp_oct
1,1109.8003,mp_oct
1,1110.1006,mp_oct
1,1110.4009,mp_oct
1,1110.7013,mp_oct
1,1111.0015,mp_oct
1,1111.3019,mp_oct
1,1111.6072,mp_oct
1,1111.9125,mp_oct
1,1112.2129,mp_oct
1,1112.5133,mp_oct
1,1112.8136,mp_oct
1,1113.1139,mp_oct
1,1113.4142,mp_oct
1,1113.7145,mp_oct
1,1114.0149,mp_oct
1,1114.3161,mp_oct
1,1114.6155,mp_oct
1,1114.9159,mp_oct
1,1115.2218,mp_oct
1,1115.5221,mp_oct
1,1115.8225,mp_oct
1,1116.1228,mp_oct
1,1116.4232,mp_oct
1,1116.7235,mp_oct
1,1117.0237,mp_oct
1,1117.3242,mp_oct
1,1117.6244,mp_oct
1,1117.9247,mp_oct
1,1118.2251,mp_oct
1,1118.5255,mp_oct
1,1118.8302,mp_oct
1,1119.1305,mp_oct
1,1119.4308,mp_oct
1,1119.7311,mp_oct
1,1120.0314,mp_oct
1,1120.3368,mp_oct
1,1120.6372,mp_oct
1,1120.9375,mp_oct
1,1121.2378,mp_oct
1,1121.5431,mp_oct
1,1121.8435,mp_oct
1,1122.1438,mp_oct
1,1122.4441,mp_oct
1,1122.7445,mp_oct
1,1123.0448,mp_oct
1,1123.3451,mp_oct
1,1123.6455,mp_oct
1,1123.9458,mp_oct
1,1124.2461,mp_oct
1,1124.5465,mp_oct
1,1124.8468,mp_oct
1,1125.1471,mp_oct
1,1125.4475,mp_oct
1,1125.7478,mp_oct
1,1126.0481,mp_oct
1,1126.3485,mp_oct
1,1126.6487,mp_oct
1,1126.9491,mp_oct
1,1127.2494,mp_oct
1,1127.5497,mp_oct
1,1127.85,mp_oct
1,1128.1504,mp_oct
1,1128.4507,mp_oct
1,1128.751,mp_oct
1,1129.0514,mp_oct
1,1129.3517,mp_oct
1,1129.6521,mp_oct
1,1129.9524,mp_oct
1,1130.2527,mp_oct
1,1130.553,mp_oct
1,1130.8534,mp_oct
1,1131.1537,mp_oct
1,1131.454,mp_oct
1,1131.7543,mp_oct
1,1132.0547,mp_oct
1,1132.355,mp_oct
1,1132.6554,mp_oct
1,1132.9557,mp_oct
1,1133.2617,mp_oct
1,1133.562,mp_oct
1,1133.8623,mp_oct
1,1134.1626,mp_oct
1,1134.4629,mp_oct
1,1134.7633,mp_oct
1,1135.0636,mp_oct
1,1135.364,mp_oct
1,1135.6643,mp_oct
1,1135.9646,mp_oct
1,1136.265,mp_oct
1,1136.5653,mp_oct
1,1136.8656,mp_oct
1,1137.1659,mp_oct
1,1137.4662,mp_oct
1,1137.7666,mp_oct
1,1138.0669,mp_oct
1,1138.3673,mp_oct
1,1138.6676,mp_oct
1,1138.9679,mp_oct
1,1139.2682,mp_oct
1,1139.5685,mp_oct
1,1139.8689,mp_oct
1,1140.1736,mp_oct
1,1140.479,mp_oct
1,1140.7792,mp_oct
1,1141.0796,mp_oct
1,1141.3799,mp_oct
1,1141.6803,mp_oct
1,1141.9806,mp_oct
1,1142.2809,mp_oct
1,1142.5812,mp_oct
1,1142.8816,mp_oct
1,1143.1819,mp_oct
1,1143.4822,mp_oct
1,1143.7826,mp_oct
1,1144.0828,mp_oct
1,1144.3832,mp_oct
1,1144.6836,mp_oct
1,1144.9839,mp_oct
1,1145.2842,mp_oct
1,1145.5845,mp_oct
1,1145.8848,mp_oct
1,1146.1852,mp_oct
1,1146.4855,mp_oct
1,1146.7859,mp_oct
1,1147.0861,mp_oct
1,1147.3865,mp_oct
1,1147.6868,mp_oct
1,1147.9872,mp_oct
1,1148.2875,mp_oct
1,1148.5878,mp_oct
1,1148.8881,mp_oct
1,1149.1885,mp_oct
1,1149.4889,mp_oct
1,1149.7892,mp_oct
1,1150.0895,mp_oct
1,1150.3898,mp_oct
1,1150.6901,mp_oct
1,1150.9905,mp_oct
1,1151.2908,mp_oct
1,1151.5911,mp_oct
1,1151.8915,mp_oct
1,1152.1918,mp_oct
1,1152.4921,mp_oct
1,1152.7924,mp_oct
1,1153.0928,mp_oct
1,1153.3931,mp_oct
1,1153.6934,mp_oct
1,1153.9938,mp_oct
1,1154.294,mp_oct
1,1154.5944,mp_oct
1,1154.8948,mp_oct
1,1155.1951,mp_oct
1,1155.4954,mp_oct
1,1155.7957,mp_oct
1,1156.096,mp_oct
1,1156.3964,mp_oct
1,1156.6967,mp_oct
1,1156.9971,mp_oct
1,1157.2974,mp_oct
1,1157.5977,mp_oct
1,1157.898,mp_oct
1,1158.1984,mp_oct
1,1158.4987,mp_oct
1,1158.799,mp_oct
1,1159.0994,mp_oct
1,1159.3996,mp_oct
1,1159.7001,mp_oct
1,1160.0004,mp_oct
1,1160.3016,mp_oct
1,1160.601,mp_oct
1,1160.9014,mp_oct
1,1161.2017,mp_oct
1,1161.502,mp_oct
1,1161.8023,mp_oct
1,1162.1027,mp_oct
1,1162.403,mp_oct
1,1162.7033,mp_oct
1,1163.0036,mp_oct
1,1163.304,mp_oct
1,1163.6043,mp_oct
1,1163.9046,mp_oct
1,1164.205,mp_oct
1,1164.5053,mp_oct
1,1164.8056,mp_oct
1,1165.106,mp_oct
1,1165.4063,mp_oct
1,1165.7066,mp_oct
1,1166.0069,mp_oct
1,1166.3223,mp_oct
1,1166.6227,mp_oct
1,1166.923,mp_oct
1,1167.2233,mp_oct
1,1167.5236,mp_oct
1,1167.8239,mp_oct
1,1168.1243,mp_oct
1,1168.4246,mp_oct
1,1168.73,mp_oct
1,1169.0303,mp_oct
1,1169.3306,mp_oct
1,1169.6309,mp_oct
1,1169.9313,mp_oct
1,1170.2316,mp_oct
1,1170.5319,mp_oct
1,1170.8322,mp_oct
1,1171.1326,mp_oct
1,1171.4329,mp_oct
1,1171.7332,mp_oct
1,1172.0336,mp_oct
1,1172.3339,mp_oct
1,1172.6342,mp_oct
1,1172.9354,mp_oct
1,1173.2349,mp_oct
1,1173.5352,mp_oct
1,1173.8355,mp_oct
1,1174.1359,mp_oct
1,1174.4362,mp_oct
1,1174.7365,mp_oct
1,1175.0369,mp_oct
1,1175.3372,mp_oct
1,1175.6375,mp_oct
1,1175.9428,mp_oct
1,1176.2432,mp_oct
1,1176.5435,mp_oct
1,1176.8438,mp_oct
1,1177.1442,mp_oct
1,1177.4445,mp_oct
1,1177.7448,mp_oct
1,1178.0452,mp_oct
1,1178.3455,mp_oct
1,1178.6458,mp_oct
1,1178.9461,mp_oct
1,1179.2465,mp_oct
1,1179.5469,mp_oct
1,1179.8471,mp_oct
1,1180.1475,mp_oct
1,1180.4478,mp_oct
1,1180.7481,mp_oct
1,1181.0484,mp_oct
1,1181.3488,mp_oct
1,1181.6491,mp_oct
1,1181.9494,mp_oct
1,1182.2498,mp_oct
1,1182.5501,mp_oct
1,1182.8504,mp_oct
1,1183.1507,mp_oct
1,1183.4511,mp_oct
1,1183.7514,mp_oct
1,1184.0518,mp_oct
1,1184.3521,mp_oct
1,1184.6524,mp_oct
1,1184.9527,mp_oct
1,1185.2531,mp_oct
1,1185.5534,mp_oct
1,1185.8537,mp_oct
1,1186.1541,mp_oct
1,1186.4544,mp_oct
1,1186.7547,mp_oct
1,1187.055,mp_oct
1,1187.3554,mp_oct
1,1187.6557,mp_oct
1,1187.9561,mp_oct
1,1188.2563,mp_oct
1,1188.5567,mp_oct
1,1188.8627,mp_oct
1,1189.163,mp_oct
1,1189.4633,mp_oct
1,1189.7636,mp_oct
1,1190.0683,mp_oct
1,1190.3686,mp_oct
1,1190.669,mp_oct
1,1190.9694,mp_oct
1,1191.2696,mp_oct
1,1191.57,mp_oct
1,1191.8703,mp_oct
1,1192.1706,mp_oct
1,1192.471,mp_oct
1,1192.7713,mp_oct
1,1193.0766,mp_oct
1,1193.377,mp_oct
1,1193.6773,mp_oct
1,1193.9776,mp_oct
1,1194.2779,mp_oct
1,1194.5782,mp_oct
1,1194.8786,mp_oct
1,1195.1789,mp_oct
1,1195.4792,mp_oct
1,1195.7796,mp_oct
1,1196.0799,mp_oct
1,1196.3802,mp_oct
1,1196.6806,mp_oct
1,1196.981,mp_oct
1,1197.2812,mp_oct
1,1197.5815,mp_oct
1,1197.882,mp_oct
1,1198.1822,mp_oct
1,1198.4825,mp_oct
1,1198.7829,mp_oct
1,1199.0832,mp_oct
1,1199.3836,mp_oct
1,1199.6838,mp_oct
1,1199.9842,mp_oct
1,1200.2845,mp_oct
1,1200.5849,mp_oct
1,1200.8852,mp_oct
1,1201.1855,mp_oct
1,1201.4859,mp_oct
1,1201.7862,mp_oct
1,1202.0865,mp_oct
1,1202.3869,mp_oct
1,1202.6872,mp_oct
1,1202.9875,mp_oct
1,1203.2878,mp_oct
1,1203.5882,mp_oct
1,1203.8935,mp_oct
1,1204.1939,mp_oct
1,1204.4942,mp_oct
1,1204.7945,mp_oct
1,1205.0948,mp_oct
1,1205.3951,mp_oct
1,1205.6955,mp_oct
1,1205.9958,mp_oct
1,1206.2961,mp_oct
1,1206.5965,mp_oct
1,1206.8968,mp_oct
1,1207.1971,mp_oct
1,1207.4974,mp_oct
1,1207.7978,mp_oct
1,1208.0981,mp_oct
1,1208.3985,mp_oct
1,1208.6988,mp_oct
1,1208.9991,mp_oct
1,1209.2995,mp_oct
1,1209.5997,mp_oct
1,1209.9001,mp_oct
1,1210.2004,mp_oct
1,1210.5008,mp_oct
1,1210.8011,mp_oct
1,1211.1014,mp_oct
1,1211.4018,mp_oct
1,1211.7021,mp_oct
1,1212.0024,mp_oct
1,1212.3028,mp_oct
1,1212.6087,mp_oct
1,1212.9184,mp_oct
1,1213.2188,mp_oct
1,1213.5297,mp_oct
1,1213.83,mp_oct
1,1214.1312,mp_oct
1,1214.4307,mp_oct
1,1214.7311,mp_oct
1,1215.0313,mp_oct
1,1215.3317,mp_oct
1,1215.632,mp_oct
1,1215.9324,mp_oct
1,1216.2371,mp_oct
1,1216.5373,mp_oct
1,1216.8377,mp_oct
1,1217.138,mp_oct
1,1217.4384,mp_oct
1,1217.7387,mp_oct
1,1218.039,mp_oct
1,1218.3394,mp_oct
1,1218.6397,mp_oct
1,1218.94,mp_oct
1,1219.2404,mp_oct
1,1219.5407,mp_oct
1,1219.8411,mp_oct
1,1220.1414,mp_oct
1,1220.4417,mp_oct
1,1220.742,mp_oct
1,1221.0423,mp_oct
1,1221.3427,mp_oct
1,1221.643,mp_oct
1,1221.9433,mp_oct
1,1222.2486,mp_oct
1,1222.549,mp_oct
1,1222.8493,mp_oct
1,1223.1496,mp_oct
1,1223.4501,mp_oct
1,1223.7503,mp_oct
1,1224.0613,mp_oct
1,1224.3616,mp_oct
1,1224.662,mp_oct
1,1224.9622,mp_oct
1,1225.2626,mp_oct
1,1225.5629,mp_oct
1,1225.8632,mp_oct
1,1226.1636,mp_oct
1,1226.4639,mp_oct
1,1226.7643,mp_oct
1,1227.0645,mp_oct
1,1227.3649,mp_oct
1,1227.6652,mp_oct
1,1227.9656,mp_oct
1,1228.2659,mp_oct
1,1228.5661,mp_oct
1,1228.8665,mp_oct
1,1229.1668,mp_oct
1,1229.4672,mp_oct
1,1229.7675,mp_oct
1,1230.0679,mp_oct
1,1230.3682,mp_oct
1,1230.6729,mp_oct
1,1230.9782,mp_oct
1,1231.2836,mp_oct
1,1231.5839,mp_oct
1,1231.89,mp_oct
1,1232.1903,mp_oct
1,1232.4907,mp_oct
1,1232.791,mp_oct
1,1233.0913,mp_oct
1,1233.3917,mp_oct
1,1233.692,mp_oct
1,1233.9923,mp_oct
1,1234.2926,mp_oct
1,1234.593,mp_oct
1,1234.8934,mp_oct
1,1235.1979,mp_oct
1,1235.4982,mp_oct
1,1235.7986,mp_oct
1,1236.0989,mp_oct
1,1236.3993,mp_oct
1,1236.6996,mp_oct
1,1236.9999,mp_oct
1,1237.3002,mp_oct
1,1237.6006,mp_oct
1,1237.9008,mp_oct
1,1238.2012,mp_oct
1,1238.5015,mp_oct
1,1238.8019,mp_oct
1,1239.1022,mp_oct
1,1239.4025,mp_oct
1,1239.7028,mp_oct
1,1240.0032,mp_oct
1,1240.3035,mp_oct
1,1240.6038,mp_oct
1,1240.9042,mp_oct
1,1241.2045,mp_oct
1,1241.5048,mp_oct
1,1241.8052,mp_oct
1,1242.1055,mp_oct
1,1242.4059,mp_oct
1,1242.7062,mp_oct
1,1243.0065,mp_oct
1,1243.3068,mp_oct
1,1243.6071,mp_oct
1,1243.9075,mp_oct
1,1244.2078,mp_oct
1,1244.5081,mp_oct
1,1244.8085,mp_oct
1,1245.1088,mp_oct
1,1245.4091,mp_oct
1,1245.7095,mp_oct
1,1246.0098,mp_oct
1,1246.31,mp_oct
1,1246.6105,mp_oct
1,1246.9108,mp_oct
1,1247.2111,mp_oct
1,1247.5115,mp_oct
1,1247.8118,mp_oct
1,1248.1121,mp_oct
1,1248.4124,mp_oct
1,1248.7128,mp_oct
1,1249.0131,mp_oct
1,1249.3184,mp_oct
1,1249.6238,mp_oct
1,1249.9241,mp_oct
1,1250.2244,mp_oct
1,1250.5248,mp_oct
1,1250.8251,mp_oct
1,1251.1254,mp_oct
1,1251.4258,mp_oct
1,1251.7261,mp_oct
1,1252.0264,mp_oct
1,1252.3267,mp_oct
1,1252.627,mp_oct
1,1252.9274,mp_oct
1,1253.2277,mp_oct
1,1253.5281,mp_oct
1,1253.8284,mp_oct
1,1254.1287,mp_oct
1,1254.429,mp_oct
1,1254.7293,mp_oct
1,1255.0297,mp_oct
1,1255.33,mp_oct
1,1255.6304,mp_oct
1,1255.9307,mp_oct
1,1256.231,mp_oct
1,1256.5314,mp_oct
1,1256.8317,mp_oct
1,1257.1321,mp_oct
1,1257.4324,mp_oct
1,1257.7327,mp_oct
1,1258.033,mp_oct
1,1258.3333,mp_oct
1,1258.6337,mp_oct
1,1258.934,mp_oct
1,1259.2344,mp_oct
1,1259.5346,mp_oct
1,1259.835,mp_oct
1,1260.1353,mp_oct
1,1260.4356,mp_oct
1,1260.736,mp_oct
1,1261.0363,mp_oct
1,1261.3366,mp_oct
1,1261.637,mp_oct
1,1261.9373,mp_oct
1,1262.2377,mp_oct
1,1262.538,mp_oct
1,1262.8382,mp_oct
1,1263.1387,mp_oct
1,1263.439,mp_oct
1,1263.7393,mp_oct
1,1264.0396,mp_oct
1,1264.3399,mp_oct
1,1264.6403,mp_oct
1,1264.9406,mp_oct
1,1265.2409,mp_oct
1,1265.5421,mp_oct
1,1265.8416,mp_oct
1,1266.1476,mp_oct
1,1266.4478,mp_oct
1,1266.7482,mp_oct
1,1267.0485,mp_oct
1,1267.3489,mp_oct
1,1267.6492,mp_oct
1,1267.9495,mp_oct
1,1268.2499,mp_oct
1,1268.5502,mp_oct
1,1268.8506,mp_oct
1,1269.1552,mp_oct
1,1269.4556,mp_oct
1,1269.7559,mp_oct
1,1270.0562,mp_oct
1,1270.3566,mp_oct
1,1270.6569,mp_oct
1,1270.9572,mp_oct
1,1271.2576,mp_oct
1,1271.5628,mp_oct
1,1271.8632,mp_oct
1,1272.1636,mp_oct
1,1272.4639,mp_oct
1,1272.7643,mp_oct
1,1273.0645,mp_oct
1,1273.3649,mp_oct
1,1273.6652,mp_oct
1,1273.9656,mp_oct
1,1274.2659,mp_oct
1,1274.5662,mp_oct
1,1274.8665,mp_oct
1,1275.1668,mp_oct
1,1275.4672,mp_oct
1,1275.7675,mp_oct
1,1276.0678,mp_oct
1,1276.3682,mp_oct
1,1276.6684,mp_oct
1,1276.9688,mp_oct
1,1277.2692,mp_oct
1,1277.5694,mp_oct
1,1277.8698,mp_oct
1,1278.1701,mp_oct
1,1278.4705,mp_oct
1,1278.7708,mp_oct
1,1279.0711,mp_oct
1,1279.3715,mp_oct
1,1279.6868,mp_oct
1,1279.9872,mp_oct
1,1280.3325,mp_oct
1,1280.6436,mp_oct
1,1280.944,mp_oct
1,1281.2443,mp_oct
1,1281.5446,mp_oct
1,1281.8449,mp_oct
1,1282.1453,mp_oct
1,1282.4456,mp_oct
1,1282.746,mp_oct
1,1283.0463,mp_oct
1,1283.3466,mp_oct
1,1283.6469,mp_oct
1,1283.9472,mp_oct
1,1284.2476,mp_oct
1,1284.5479,mp_oct
1,1284.8483,mp_oct
1,1285.1486,mp_oct
1,1285.4489,mp_oct
1,1285.7492,mp_oct
1,1286.0496,mp_oct
1,1286.3499,mp_oct
1,1286.6502,mp_oct
1,1286.9505,mp_oct
1,1287.2509,mp_oct
1,1287.5512,mp_oct
1,1287.8515,mp_oct
1,1288.1519,mp_oct
1,1288.4522,mp_oct
1,1288.7525,mp_oct
1,1289.0529,mp_oct
1,1289.3532,mp_oct
1,1289.6535,mp_oct
1,1289.9539,mp_oct
1,1290.2542,mp_oct
1,1290.5944,mp_oct
1,1290.8948,mp_oct
1,1291.1951,mp_oct
1,1291.4954,mp_oct
1,1291.7958,mp_oct
1,1292.096,mp_oct
1,1292.3972,mp_oct
1,1292.6967,mp_oct
1,1292.9971,mp_oct
1,1293.2973,mp_oct
1,1293.5977,mp_oct
1,1293.898,mp_oct
1,1294.1984,mp_oct
1,1294.4987,mp_oct
1,1294.799,mp_oct
1,1295.0993,mp_oct
1,1295.3997,mp_oct
1,1295.7,mp_oct
1,1296.0003,mp_oct
1,1296.3006,mp_oct
1,1296.6009,mp_oct
1,1296.9013,mp_oct
1,1297.2016,mp_oct
1,1297.502,mp_oct
1,1297.8023,mp_oct
1,1298.1026,mp_oct
1,1298.403,mp_oct
1,1298.7033,mp_oct
1,1299.0036,mp_oct
1,1299.3039,mp_oct
1,1299.6043,mp_oct
1,1299.9046,mp_oct
1,1300.2049,mp_oct
1,1300.5052,mp_oct
1,1300.8056,mp_oct
1,1301.1059,mp_oct
1,1301.4062,mp_oct
1,1301.7066,mp_oct
1,1302.0069,mp_oct
1,1302.3072,mp_oct
1,1302.6076,mp_oct
1,1302.9079,mp_oct
1,1303.2082,mp_oct
1,1303.5129,mp_oct
1,1303.8132,mp_oct
1,1304.1136,mp_oct
1,1304.4138,mp_oct
1,1304.7142,mp_oct
1,1305.0145,mp_oct
1,1305.3149,mp_oct
1,1305.6152,mp_oct
1,1305.9155,mp_oct
1,1306.2158,mp_oct
1,1306.5162,mp_oct
1,1306.8165,mp_oct
1,1307.1168,mp_oct
1,1307.4172,mp_oct
1,1307.7175,mp_oct
1,1308.0178,mp_oct
1,1308.3181,mp_oct
1,1308.6184,mp_oct
1,1308.9238,mp_oct
1,1309.2291,mp_oct
1,1309.5295,mp_oct
1,1309.8298,mp_oct
1,1310.1302,mp_oct
1,1310.4305,mp_oct
1,1310.7309,mp_oct
1,1311.0311,mp_oct
1,1311.3315,mp_oct
1,1311.6326,mp_oct
1,1311.932,mp_oct
1,1312.2324,mp_oct
1,1312.5384,mp_oct
1,1312.8431,mp_oct
1,1313.1435,mp_oct
1,1313.4437,mp_oct
1,1313.7441,mp_oct
1,1314.0495,mp_oct
1,1314.3498,mp_oct
1,1314.6501,mp_oct
1,1314.9504,mp_oct
1,1315.2508,mp_oct
1,1315.551,mp_oct
1,1315.8514,mp_oct
1,1316.1567,mp_oct
1,1316.4571,mp_oct
1,1316.7574,mp_oct
1,1317.0577,mp_oct
1,1317.358,mp_oct
1,1317.6583,mp_oct
1,1317.9587,mp_oct
1,1318.259,mp_oct
1,1318.5594,mp_oct
1,1318.8597,mp_oct
1,1319.1601,mp_oct
1,1319.4604,mp_oct
1,1319.7607,mp_oct
1,1320.061,mp_oct
1,1320.3613,mp_oct
1,1320.6617,mp_oct
1,1320.962,mp_oct
1,1321.2623,mp_oct
1,1321.5627,mp_oct
1,1321.863,mp_oct
1,1322.1689,mp_oct
1,1322.4692,mp_oct
1,1322.7696,mp_oct
1,1323.0793,mp_oct
1,1323.3796,mp_oct
1,1323.68,mp_oct
1,1323.9803,mp_oct
1,1324.2806,mp_oct
1,1324.5809,mp_oct
1,1324.8813,mp_oct
1,1325.1816,mp_oct
1,1325.4819,mp_oct
1,1325.7823,mp_oct
1,1326.0876,mp_oct
1,1326.388,mp_oct
1,1326.6883,mp_oct
1,1326.9886,mp_oct
1,1327.289,mp_oct
1,1327.5893,mp_oct
1,1327.8896,mp_oct
1,1328.19,mp_oct
1,1328.4902,mp_oct
1,1328.7906,mp_oct
1,1329.0909,mp_oct
1,1329.3912,mp_oct
1,1329.6916,mp_oct
1,1329.9919,mp_oct
1,1330.2922,mp_oct
1,1330.5925,mp_oct
1,1330.8929,mp_oct
1,1331.1932,mp_oct
1,1331.4936,mp_oct
1,1331.7939,mp_oct
1,1332.0942,mp_oct
1,1332.3946,mp_oct
1,1332.6948,mp_oct
1,1332.9952,mp_oct
1,1333.2956,mp_oct
1,1333.5959,mp_oct
1,1333.8961,mp_oct
1,1334.1965,mp_oct
1,1334.4968,mp_oct
1,1334.7972,mp_oct
1,1335.0975,mp_oct
1,1335.3978,mp_oct
1,1335.6981,mp_oct
1,1335.9985,mp_oct
1,1336.2988,mp_oct
1,1336.5991,mp_oct
1,1336.8995,mp_oct
1,1337.1998,mp_oct
1,1337.5001,mp_oct
1,1337.8004,mp_oct
1,1338.1008,mp_oct
1,1338.4011,mp_oct
1,1338.7014,mp_oct
1,1339.0018,mp_oct
1,1339.3021,mp_oct
1,1339.6024,mp_oct
1,1339.9027,mp_oct
1,1340.203,mp_oct
1,1340.5034,mp_oct
1,1340.8037,mp_oct
1,1341.104,mp_oct
1,1341.4044,mp_oct
1,1341.7047,mp_oct
1,1342.005,mp_oct
1,1342.3054,mp_oct
1,1342.6057,mp_oct
1,1342.906,mp_oct
1,1343.2063,mp_oct
1,1343.5066,mp_oct
1,1343.807,mp_oct
1,1344.1073,mp_oct
1,1344.4076,mp_oct
1,1344.708,mp_oct
1,1345.0083,mp_oct
1,1345.3086,mp_oct
1,1345.609,mp_oct
1,1345.9093,mp_oct
1,1346.2096,mp_oct
1,1346.5099,mp_oct
1,1346.8102,mp_oct
1,1347.1106,mp_oct
1,1347.4109,mp_oct
1,1347.7113,mp_oct
1,1348.0116,mp_oct
1,1348.3119,mp_oct
1,1348.6123,mp_oct
1,1348.9126,mp_oct
1,1349.2129,mp_oct
1,1349.519,mp_oct
1,1349.8236,mp_oct
1,1350.1196,mp_oct
1,1350.4199,mp_oct
1,1350.7203,mp_oct
1,1351.0206,mp_oct
1,1351.321,mp_oct
1,1351.6212,mp_oct
1,1351.9216,mp_oct
1,1352.2219,mp_oct
1,1352.5223,mp_oct
1,1352.8226,mp_oct
1,1353.1229,mp_oct
1,1353.4233,mp_oct
1,1353.7236,mp_oct
1,1354.0239,mp_oct
1,1354.3284,mp_oct
1,1354.6288,mp_oct
1,1354.9291,mp_oct
1,1355.2295,mp_oct
1,1355.5298,mp_oct
1,1355.8301,mp_oct
1,1356.1304,mp_oct
1,1356.4308,mp_oct
1,1356.7311,mp_oct
1,1357.0315,mp_oct
1,1357.3317,mp_oct
1,1357.6321,mp_oct
1,1357.9324,mp_oct
1,1358.2378,mp_oct
1,1358.5581,mp_oct
1,1358.8584,mp_oct
1,1359.1588,mp_oct
1,1359.4591,mp_oct
1,1359.7594,mp_oct
1,1360.0598,mp_oct
1,1360.3601,mp_oct
1,1360.6604,mp_oct
1,1360.9607,mp_oct
1,1361.2611,mp_oct
1,1361.5614,mp_oct
1,1361.8617,mp_oct
1,1362.162,mp_oct
1,1362.4624,mp_oct
1,1362.7628,mp_oct
1,1363.063,mp_oct
1,1363.3634,mp_oct
1,1363.6637,mp_oct
1,1363.964,mp_oct
1,1364.2644,mp_oct
1,1364.5647,mp_oct
1,1364.865,mp_oct
1,1365.1653,mp_oct
1,1365.4657,mp_oct
1,1365.766,mp_oct
1,1366.0664,mp_oct
1,1366.3666,mp_oct
1,1366.667,mp_oct
1,1366.9673,mp_oct
1,1367.2677,mp_oct
1,1367.568,mp_oct
1,1367.8684,mp_oct
1,1368.1686,mp_oct
1,1368.469,mp_oct
1,1368.7693,mp_oct
1,1369.0696,mp_oct
1,1369.37,mp_oct
1,1369.6703,mp_oct
1,1369.9706,mp_oct
1,1370.271,mp_oct
1,1370.5713,mp_oct
1,1370.8716,mp_oct
1,1371.1719,mp_oct
1,1371.4723,mp_oct
1,1371.7726,mp_oct
1,1372.0729,mp_oct
1,1372.3732,mp_oct
1,1372.6736,mp_oct
1,1372.9739,mp_oct
1,1373.2743,mp_oct
1,1373.5746,mp_oct
1,1373.8749,mp_oct
1,1374.1753,mp_oct
1,1374.4756,mp_oct
1,1374.7759,mp_oct
1,1375.0762,mp_oct
1,1375.3765,mp_oct
1,1375.6769,mp_oct
1,1375.9772,mp_oct
1,1376.2776,mp_oct
1,1376.5779,mp_oct
1,1376.8782,mp_oct
1,1377.1785,mp_oct
1,1377.4789,mp_oct
1,1377.7792,mp_oct
1,1378.0795,mp_oct
1,1378.3798,mp_oct
1,1378.6802,mp_oct
1,1378.9805,mp_oct
1,1379.2809,mp_oct
1,1379.5812,mp_oct
1,1379.8815,mp_oct
1,1380.1818,mp_oct
1,1380.4822,mp_oct
1,1380.7824,mp_oct
1,1381.0828,mp_oct
1,1381.3832,mp_oct
1,1381.6834,mp_oct
1,1381.9838,mp_oct
1,1382.2842,mp_oct
1,1382.5845,mp_oct
1,1382.8848,mp_oct
1,1383.1851,mp_oct
1,1383.4854,mp_oct
1,1383.7858,mp_oct
1,1384.0861,mp_oct
1,1384.3865,mp_oct
1,1384.6868,mp_oct
1,1384.9871,mp_oct
1,1385.2874,mp_oct
1,1385.5877,mp_oct
1,1385.8881,mp_oct
1,1386.1884,mp_oct
1,1386.4888,mp_oct
1,1386.7891,mp_oct
1,1387.0895,mp_oct
1,1387.3898,mp_oct
1,1387.6901,mp_oct
1,1387.9904,mp_oct
1,1388.2907,mp_oct
1,1388.5911,mp_oct
1,1388.8914,mp_oct
1,1389.1917,mp_oct
1,1389.4921,mp_oct
1,1389.7924,mp_oct
1,1390.0927,mp_oct
1,1390.393,mp_oct
1,1390.6933,mp_oct
1,1390.9937,mp_oct
1,1391.294,mp_oct
1,1391.5944,mp_oct
1,1391.8947,mp_oct
1,1392.195,mp_oct
1,1392.4954,mp_oct
1,1392.8063,mp_oct
1,1393.1067,mp_oct
1,1393.407,mp_oct
1,1393.7074,mp_oct
1,1394.0076,mp_oct
1,1394.308,mp_oct
1,1394.6084,mp_oct
1,1394.9086,mp_oct
1,1395.2091,mp_oct
1,1395.5094,mp_oct
1,1395.8096,mp_oct
1,1396.11,mp_oct
1,1396.4147,mp_oct
1,1396.715,mp_oct
1,1397.0153,mp_oct
1,1397.3156,mp_oct
1,1397.6159,mp_oct
1,1397.9163,mp_oct
1,1398.2166,mp_oct
1,1398.517,mp_oct
1,1398.8173,mp_oct
1,1399.1176,mp_oct
1,1399.4179,mp_oct
1,1399.7183,mp_oct
1,1400.0187,mp_oct
1,1400.3189,mp_oct
1,1400.6193,mp_oct
1,1400.9196,mp_oct
1,1401.2199,mp_oct
1,1401.5203,mp_oct
1,1401.8206,mp_oct
1,1402.1209,mp_oct
1,1402.4213,mp_oct
1,1402.7216,mp_oct
1,1403.0219,mp_oct
1,1403.3223,mp_oct
1,1403.6226,mp_oct
1,1403.9229,mp_oct
1,1404.2232,mp_oct
1,1404.5236,mp_oct
1,1404.8238,mp_oct
1,1405.1242,mp_oct
1,1405.4246,mp_oct
1,1405.7248,mp_oct
1,1406.0251,mp_oct
1,1406.3255,mp_oct
1,1406.6258,mp_oct
1,1406.9261,mp_oct
1,1407.2265,mp_oct
1,1407.5268,mp_oct
1,1407.8271,mp_oct
1,1408.1275,mp_oct
1,1408.4278,mp_oct
1,1408.7282,mp_oct
1,1409.0284,mp_oct
1,1409.3288,mp_oct
1,1409.6291,mp_oct
1,1409.9294,mp_oct
1,1410.2298,mp_oct
1,1410.5301,mp_oct
1,1410.8304,mp_oct
1,1411.1308,mp_oct
1,1411.4311,mp_oct
1,1411.7314,mp_oct
1,1412.0317,mp_oct
1,1412.3321,mp_oct
1,1412.6324,mp_oct
1,1412.9327,mp_oct
1,1413.2331,mp_oct
1,1413.5334,mp_oct
1,1413.8338,mp_oct
1,1414.134,mp_oct
1,1414.4343,mp_oct
1,1414.7348,mp_oct
1,1415.035,mp_oct
1,1415.3354,mp_oct
1,1415.6357,mp_oct
1,1415.936,mp_oct
1,1416.2364,mp_oct
1,1416.5367,mp_oct
1,1416.837,mp_oct
1,1417.1373,mp_oct
1,1417.4377,mp_oct
1,1417.738,mp_oct
1,1418.0383,mp_oct
1,1418.3387,mp_oct
1,1418.639,mp_oct
1,1418.9393,mp_oct
1,1419.2396,mp_oct
1,1419.54,mp_oct
1,1419.8403,mp_oct
1,1420.1407,mp_oct
1,1420.441,mp_oct
1,1420.7413,mp_oct
1,1421.0416,mp_oct
1,1421.342,mp_oct
1,1421.6422,mp_oct
1,1421.9427,mp_oct
1,1422.2429,mp_oct
1,1422.5433,mp_oct
1,1422.8436,mp_oct
1,1423.1439,mp_oct
1,1423.4443,mp_oct
1,1423.7446,mp_oct
1,1424.0449,mp_oct
1,1424.3452,mp_oct
1,1424.6455,mp_oct
1,1424.9459,mp_oct
1,1425.2463,mp_oct
1,1425.5466,mp_oct
1,1425.8469,mp_oct
1,1426.1473,mp_oct
1,1426.4476,mp_oct
1,1426.7479,mp_oct
1,1427.0482,mp_oct
1,1427.3485,mp_oct
1,1427.6488,mp_oct
1,1427.9492,mp_oct
1,1428.2495,mp_oct
1,1428.5499,mp_oct
1,1428.8502,mp_oct
1,1429.1505,mp_oct
1,1429.4508,mp_oct
1,1429.7512,mp_oct
1,1430.0515,mp_oct
1,1430.3518,mp_oct
1,1430.6521,mp_oct
1,1430.9524,mp_oct
1,1431.2528,mp_oct
1,1431.5687,mp_oct
1,1431.8691,mp_oct
1,1432.1694,mp_oct
1,1432.4698,mp_oct
1,1432.7701,mp_oct
1,1433.0704,mp_oct
1,1433.3708,mp_oct
1,1433.671,mp_oct
1,1433.9714,mp_oct
1,1434.2717,mp_oct
1,1434.5721,mp_oct
1,1434.8724,mp_oct
1,1435.1727,mp_oct
1,1435.473,mp_oct
1,1435.7733,mp_oct
1,1436.0737,mp_oct
1,1436.374,mp_oct
1,1436.6743,mp_oct
1,1436.9746,mp_oct
1,1437.275,mp_oct
1,1437.5754,mp_oct
1,1437.8757,mp_oct
1,1438.176,mp_oct
1,1438.4763,mp_oct
1,1438.7767,mp_oct
1,1439.077,mp_oct
1,1439.3773,mp_oct
1,1439.6777,mp_oct
1,1439.978,mp_oct
1,1440.2783,mp_oct
1,1440.5786,mp_oct
1,1440.8789,mp_oct
1,1441.1793,mp_oct
1,1441.4796,mp_oct
1,1441.7799,mp_oct
1,1442.0803,mp_oct
1,1442.3806,mp_oct
1,1442.6809,mp_oct
1,1442.9812,mp_oct
1,1443.2816,mp_oct
1,1443.5819,mp_oct
1,1443.8822,mp_oct
1,1444.1826,mp_oct
1,1444.4829,mp_oct
1,1444.7833,mp_oct
1,1445.0836,mp_oct
1,1445.384,mp_oct
1,1445.6842,mp_oct
1,1445.9846,mp_oct
1,1446.2849,mp_oct
1,1446.5852,mp_oct
1,1446.8855,mp_oct
1,1447.1859,mp_oct
1,1447.4862,mp_oct
1,1447.7865,mp_oct
1,1448.0868,mp_oct
1,1448.3872,mp_oct
1,1448.6919,mp_oct
1,1448.9923,mp_oct
1,1449.2926,mp_oct
1,1449.5929,mp_oct
1,1449.8932,mp_oct
1,1450.1935,mp_oct
1,1450.4939,mp_oct
1,1450.7942,mp_oct
1,1451.0946,mp_oct
1,1451.3949,mp_oct
1,1451.6952,mp_oct
1,1451.9955,mp_oct
1,1452.2958,mp_oct
1,1452.6012,mp_oct
1,1452.9015,mp_oct
1,1453.2019,mp_oct
1,1453.5022,mp_oct
1,1453.8026,mp_oct
1,1454.1028,mp_oct
1,1454.4082,mp_oct
1,1454.7085,mp_oct
1,1455.0088,mp_oct
1,1455.3092,mp_oct
1,1455.6095,mp_oct
1,1455.9098,mp_oct
1,1456.2101,mp_oct
1,1456.5105,mp_oct
1,1456.8108,mp_oct
1,1457.1112,mp_oct
1,1457.4115,mp_oct
1,1457.7118,mp_oct
1,1458.0121,mp_oct
1,1458.3124,mp_oct
1,1458.6128,mp_oct
1,1458.9131,mp_oct
1,1459.2134,mp_oct
1,1459.5138,mp_oct
1,1459.8141,mp_oct
1,1460.1144,mp_oct
1,1460.4148,mp_oct
1,1460.7151,mp_oct
1,1461.0154,mp_oct
1,1461.3157,mp_oct
1,1461.616,mp_oct
1,1461.9164,mp_oct
1,1462.2167,mp_oct
1,1462.5171,mp_oct
1,1462.8174,mp_oct
1,1463.1178,mp_oct
1,1463.4236,mp_oct
1,1463.724,mp_oct
1,1464.0243,mp_oct
1,1464.3246,mp_oct
1,1464.6249,mp_oct
1,1464.9253,mp_oct
1,1465.2256,mp_oct
1,1465.526,mp_oct
1,1465.8263,mp_oct
1,1466.1266,mp_oct
1,1466.4269,mp_oct
1,1466.7273,mp_oct
1,1467.0275,mp_oct
1,1467.3279,mp_oct
1,1467.6282,mp_oct
1,1467.9286,mp_oct
1,1468.2289,mp_oct
1,1468.5292,mp_oct
1,1468.8296,mp_oct
1,1469.1299,mp_oct
1,1469.4303,mp_oct
1,1469.7305,mp_oct
1,1470.0309,mp_oct
1,1470.3312,mp_oct
1,1470.6316,mp_oct
1,1470.9319,mp_oct
1,1471.2323,mp_oct
1,1471.5325,mp_oct
1,1471.8329,mp_oct
1,1472.1332,mp_oct
1,1472.4336,mp_oct
1,1472.7339,mp_oct
1,1473.0342,mp_oct
1,1473.3346,mp_oct
1,1473.6348,mp_oct
1,1473.9352,mp_oct
1,1474.2356,mp_oct
1,1474.5359,mp_oct
1,1474.8362,mp_oct
1,1475.1366,mp_oct
1,1475.4368,mp_oct
1,1475.7372,mp_oct
1,1476.0375,mp_oct
1,1476.3379,mp_oct
1,1476.6382,mp_oct
1,1476.9385,mp_oct
1,1477.2388,mp_oct
1,1477.5391,mp_oct
1,1477.8395,mp_oct
1,1478.1398,mp_oct
1,1478.4401,mp_oct
1,1478.7404,mp_oct
1,1479.0408,mp_oct
1,1479.3411,mp_oct
1,1479.6415,mp_oct
1,1479.9418,mp_oct
1,1480.2421,mp_oct
1,1480.5424,mp_oct
1,1480.8428,mp_oct
1,1481.1431,mp_oct
1,1481.4434,mp_oct
1,1481.7438,mp_oct
1,1482.044,mp_oct
1,1482.3444,mp_oct
1,1482.6448,mp_oct
1,1482.9451,mp_oct
1,1483.2454,mp_oct
1,1483.5458,mp_oct
1,1483.8462,mp_oct
1,1484.1465,mp_oct
1,1484.4468,mp_oct
1,1484.7471,mp_oct
1,1485.0474,mp_oct
1,1485.3477,mp_oct
1,1485.6525,mp_oct
1,1485.9528,mp_oct
1,1486.2532,mp_oct
1,1486.5535,mp_oct
1,1486.8538,mp_oct
1,1487.1541,mp_oct
1,1487.4545,mp_oct
1,1487.7548,mp_oct
1,1488.0551,mp_oct
1,1488.3554,mp_oct
1,1488.6608,mp_oct
1,1488.9661,mp_oct
1,1489.2665,mp_oct
1,1489.5668,mp_oct
1,1489.8671,mp_oct
1,1490.1675,mp_oct
1,1490.4678,mp_oct
1,1490.768,mp_oct
1,1491.0684,mp_oct
1,1491.3688,mp_oct
1,1491.6691,mp_oct
1,1491.9694,mp_oct
1,1492.2698,mp_oct
1,1492.5701,mp_oct
1,1492.8704,mp_oct
1,1493.1708,mp_oct
1,1493.4711,mp_oct
1,1493.7714,mp_oct
1,1494.0717,mp_oct
1,1494.3721,mp_oct
1,1494.6724,mp_oct
1,1494.9727,mp_oct
1,1495.2731,mp_oct
1,1495.5734,mp_oct
1,1495.8737,mp_oct
1,1496.174,mp_oct
1,1496.4744,mp_oct
1,1496.7747,mp_oct
1,1497.075,mp_oct
1,1497.3754,mp_oct
1,1497.6757,mp_oct
1,1497.9761,mp_oct
1,1498.2764,mp_oct
1,1498.5767,mp_oct
1,1498.8771,mp_oct
1,1499.1774,mp_oct
1,1499.4777,mp_oct
1,1499.778,mp_oct
1,1500.0784,mp_oct
1,1500.3787,mp_oct
1,1500.679,mp_oct
1,1500.9794,mp_oct
1,1501.2797,mp_oct
1,1501.58,mp_oct
1,1501.8804,mp_oct
1,1502.1807,mp_oct
1,1502.481,mp_oct
1,1502.7813,mp_oct
1,1503.0875,mp_oct
1,1503.3878,mp_oct
1,1503.6881,mp_oct
1,1503.9884,mp_oct
1,1504.2888,mp_oct
1,1504.5891,mp_oct
1,1504.8894,mp_oct
1,1505.1898,mp_oct
1,1505.4901,mp_oct
1,1505.7904,mp_oct
1,1506.0907,mp_oct
1,1506.3911,mp_oct
1,1506.6914,mp_oct
1,1506.9917,mp_oct
1,1507.2921,mp_oct
1,1507.5924,mp_oct
1,1507.8928,mp_oct
1,1508.1931,mp_oct
1,1508.4934,mp_oct
1,1508.7937,mp_oct
1,1509.094,mp_oct
1,1509.3943,mp_oct
1,1509.6947,mp_oct
1,1509.995,mp_oct
1,1510.2953,mp_oct
1,1510.5957,mp_oct
1,1510.896,mp_oct
1,1511.1963,mp_oct
1,1511.4967,mp_oct
1,1511.797,mp_oct
1,1512.0974,mp_oct
1,1512.3977,mp_oct
1,1512.698,mp_oct
1,1512.9983,mp_oct
1,1513.2987,mp_oct
1,1513.599,mp_oct
1,1513.8993,mp_oct
1,1514.1997,mp_oct
1,1514.5,mp_oct
1,1514.8004,mp_oct
1,1515.1006,mp_oct
1,1515.401,mp_oct
1,1515.7013,mp_oct
1,1516.0017,mp_oct
1,1516.302,mp_oct
1,1516.6024,mp_oct
1,1516.9026,mp_oct
1,1517.203,mp_oct
1,1517.5033,mp_oct
1,1517.8037,mp_oct
1,1518.1039,mp_oct
1,1518.4043,mp_oct
1,1518.7047,mp_oct
1,1519.005,mp_oct
1,1519.3053,mp_oct
1,1519.6056,mp_oct
1,1519.906,mp_oct
1,1520.2063,mp_oct
1,1520.5109,mp_oct
1,1520.8112,mp_oct
1,1521.1116,mp_oct
1,1521.4119,mp_oct
1,1521.7123,mp_oct
1,1522.0125,mp_oct
1,1522.3129,mp_oct
1,1522.6182,mp_oct
1,1522.9186,mp_oct
1,1523.2188,mp_oct
1,1523.5192,mp_oct
1,1523.8195,mp_oct
1,1524.1198,mp_oct
1,1524.4202,mp_oct
1,1524.7205,mp_oct
1,1525.0209,mp_oct
1,1525.3212,mp_oct
1,1525.6215,mp_oct
1,1525.9218,mp_oct
1,1526.2222,mp_oct
1,1526.5225,mp_oct
1,1526.8228,mp_oct
1,1527.1231,mp_oct
1,1527.4235,mp_oct
1,1527.7239,mp_oct
1,1528.0242,mp_oct
1,1528.3245,mp_oct
1,1528.6248,mp_oct
1,1528.9252,mp_oct
1,1529.2255,mp_oct
1,1529.5258,mp_oct
1,1529.8261,mp_oct
1,1530.1265,mp_oct
1,1530.4268,mp_oct
1,1530.7271,mp_oct
1,1531.0275,mp_oct
1,1531.3278,mp_oct
1,1531.6282,mp_oct
1,1531.9285,mp_oct
1,1532.2288,mp_oct
1,1532.5291,mp_oct
1,1532.8295,mp_oct
1,1533.1348,mp_oct
1,1533.4351,mp_oct
1,1533.7355,mp_oct
1,1534.0358,mp_oct
1,1534.3362,mp_oct
1,1534.6365,mp_oct
1,1534.9424,mp_oct
1,1535.2428,mp_oct
1,1535.543,mp_oct
1,1535.8434,mp_oct
1,1536.1437,mp_oct
1,1536.4441,mp_oct
1,1536.7444,mp_oct
1,1537.0448,mp_oct
1,1537.3495,mp_oct
1,1537.6498,mp_oct
1,1537.9501,mp_oct
1,1538.2504,mp_oct
1,1538.5508,mp_oct
1,1538.8561,mp_oct
1,1539.1564,mp_oct
1,1539.4568,mp_oct
1,1539.7571,mp_oct
1,1540.0575,mp_oct
1,1540.3577,mp_oct
1,1540.6581,mp_oct
1,1540.9584,mp_oct
1,1541.2587,mp_oct
1,1541.559,mp_oct
1,1541.8594,mp_oct
1,1542.1597,mp_oct
1,1542.46,mp_oct
1,1542.7604,mp_oct
1,1543.0607,mp_oct
1,1543.361,mp_oct
1,1543.7815,mp_oct
1,1544.0819,mp_oct
1,1544.3872,mp_oct
1,1544.6875,mp_oct
1,1544.9879,mp_oct
1,1545.2882,mp_oct
1,1545.5885,mp_oct
1,1545.8888,mp_oct
1,1546.1892,mp_oct
1,1546.4895,mp_oct
1,1546.7898,mp_oct
1,1547.0901,mp_oct
1,1547.3906,mp_oct
1,1547.6908,mp_oct
1,1547.9912,mp_oct
1,1548.2915,mp_oct
1,1548.5918,mp_oct
1,1548.8978,mp_oct
1,1549.2025,mp_oct
1,1549.5028,mp_oct
1,1549.8031,mp_oct
1,1550.1035,mp_oct
1,1550.4038,mp_oct
1,1550.7041,mp_oct
1,1551.0045,mp_oct
1,1551.3048,mp_oct
1,1551.6052,mp_oct
1,1551.9055,mp_oct
1,1552.2058,mp_oct
1,1552.5061,mp_oct
1,1552.8065,mp_oct
1,1553.1068,mp_oct
1,1553.4071,mp_oct
1,1553.7075,mp_oct
1,1554.0078,mp_oct
1,1554.3081,mp_oct
1,1554.6084,mp_oct
1,1554.9088,mp_oct
1,1555.2141,mp_oct
1,1555.5195,mp_oct
1,1555.8198,mp_oct
1,1556.1202,mp_oct
1,1556.4204,mp_oct
1,1556.7208,mp_oct
1,1557.0211,mp_oct
1,1557.3214,mp_oct
1,1557.6218,mp_oct
1,1557.9221,mp_oct
1,1558.2225,mp_oct
1,1558.5227,mp_oct
1,1558.8232,mp_oct
1,1559.1234,mp_oct
1,1559.4237,mp_oct
1,1559.7241,mp_oct
1,1560.0244,mp_oct
1,1560.3247,mp_oct
1,1560.6251,mp_oct
1,1560.9254,mp_oct
1,1561.2258,mp_oct
1,1561.526,mp_oct
1,1561.8264,mp_oct
1,1562.1267,mp_oct
1,1562.427,mp_oct
1,1562.7274,mp_oct
1,1563.0278,mp_oct
1,1563.328,mp_oct
1,1563.6284,mp_oct
1,1563.9287,mp_oct
1,1564.229,mp_oct
1,1564.5294,mp_oct
1,1564.8297,mp_oct
1,1565.1357,mp_oct
1,1565.4404,mp_oct
1,1565.7407,mp_oct
1,1566.0411,mp_oct
1,1566.3413,mp_oct
1,1566.6417,mp_oct
1,1566.9421,mp_oct
1,1567.2423,mp_oct
1,1567.5427,mp_oct
1,1567.843,mp_oct
1,1568.1433,mp_oct
1,1568.4437,mp_oct
1,1568.744,mp_oct
1,1569.0444,mp_oct
1,1569.3447,mp_oct
1,1569.645,mp_oct
1,1569.9453,mp_oct
1,1570.2456,mp_oct
1,1570.546,mp_oct
1,1570.8463,mp_oct
1,1571.1717,mp_oct
1,1571.5227,mp_oct
1,1572.0385,mp_oct
1,1572.3781,mp_oct
1,1572.7284,mp_oct
1,1573.0538,mp_oct
1,1573.3791,mp_oct
1,1573.7596,mp_oct
1,1574.1865,mp_oct
1,1574.486,mp_oct
1,1574.7863,mp_oct
1,1575.0867,mp_oct
1,1575.387,mp_oct
1,1575.6874,mp_oct
1,1575.9876,mp_oct
1,1576.2973,mp_oct
1,1576.5977,mp_oct
1,1576.898,mp_oct
1,1577.2034,mp_oct
1,1577.5037,mp_oct
1,1577.8097,mp_oct
1,1578.11,mp_oct
1,1578.4104,mp_oct
1,1578.7107,mp_oct
1,1579.011,mp_oct
1,1579.3114,mp_oct
1,1579.6117,mp_oct
1,1579.912,mp_oct
1,1580.2124,mp_oct
1,1580.527,mp_oct
1,1580.8274,mp_oct
1,1581.1277,mp_oct
1,1581.428,mp_oct
1,1581.7284,mp_oct
1,1582.0287,mp_oct
1,1582.329,mp_oct
1,1582.6293,mp_oct
1,1582.9296,mp_oct
1,1583.23,mp_oct
1,1583.5303,mp_oct
1,1583.8307,mp_oct
1,1584.141,mp_oct
1,1584.4413,mp_oct
1,1584.7416,mp_oct
1,1585.042,mp_oct
1,1585.3423,mp_oct
1,1585.6476,mp_oct
1,1585.948,mp_oct
1,1586.2483,mp_oct
1,1586.5486,mp_oct
1,1586.849,mp_oct
1,1587.1493,mp_oct
1,1587.4497,mp_oct
1,1587.75,mp_oct
1,1588.0503,mp_oct
1,1588.3506,mp_oct
1,1588.651,mp_oct
2,1588.9513,mp_oct
2,1589.2516,mp_oct
2,1589.552,mp_oct
2,1589.8523,mp_oct
2,1590.1576,mp_oct
2,1590.4636,mp_oct
2,1590.7639,mp_oct
2,1591.0643,mp_oct
2,1591.3645,mp_oct
2,1591.6649,mp_oct
2,1591.9652,mp_oct
2,1592.2655,mp_oct
2,1592.5703,mp_oct
2,1592.8706,mp_oct
2,1593.1709,mp_oct
2,1593.4712,mp_oct
4,1593.7716,mp_oct
1,1594.0719,mp_oct
1,1594.3822,mp_oct
1,1594.6826,mp_oct
1,1594.9829,mp_oct
1,1595.2833,mp_oct
1,1595.5836,mp_oct
1,1595.884,mp_oct
1,1596.1843,mp_oct
1,1596.4846,mp_oct
1,1596.7849,mp_oct
1,1597.0852,mp_oct
1,1597.3856,mp_oct
1,1597.6859,mp_oct
1,1597.9863,mp_oct
1,1598.2866,mp_oct
1,1598.5869,mp_oct
1,1598.8872,mp_oct
1,1599.1976,mp_oct
1,1599.4979,mp_oct
1,1599.8,mp_oct
1,1600.1035,mp_oct
1,1600.4039,mp_oct
1,1600.7042,mp_oct
1,1601.0045,mp_oct
1,1601.3049,mp_oct
1,1601.6052,mp_oct
1,1601.9056,mp_oct
1,1602.2059,mp_oct
1,1602.5062,mp_oct
1,1602.8066,mp_oct
1,1603.1068,mp_oct
1,1603.4122,mp_oct
1,1603.7125,mp_oct
1,1604.0129,mp_oct
1,1604.3132,mp_oct
1,1604.6135,mp_oct
1,1604.9139,mp_oct
1,1605.2141,mp_oct
1,1605.5145,mp_oct
1,1605.8148,mp_oct
1,1606.1152,mp_oct
1,1606.4155,mp_oct
1,1606.7158,mp_oct
1,1607.0161,mp_oct
1,1607.3165,mp_oct
1,1607.6168,mp_oct
1,1607.9171,mp_oct
1,1608.2175,mp_oct
1,1608.5235,mp_oct
1,1608.8237,mp_oct
1,1609.1241,mp_oct
1,1609.4244,mp_oct
1,1609.7256,mp_oct
1,1610.0252,mp_oct
1,1610.3254,mp_oct
1,1610.6258,mp_oct
1,1610.9261,mp_oct
1,1611.2265,mp_oct
1,1611.5267,mp_oct
1,1611.8315,mp_oct
1,1612.1318,mp_oct
1,1612.4322,mp_oct
1,1612.7324,mp_oct
1,1613.0328,mp_oct
1,1613.3331,mp_oct
1,1613.6334,mp_oct
1,1613.9338,mp_oct
1,1614.2391,mp_oct
1,1614.5394,mp_oct
1,1614.8397,mp_oct
1,1615.1401,mp_oct
1,1615.4404,mp_oct
1,1615.7407,mp_oct
1,1616.0517,mp_oct
1,1616.3564,mp_oct
1,1616.6568,mp_oct
1,1616.9571,mp_oct
1,1617.2574,mp_oct
1,1617.5677,mp_oct
1,1617.8681,mp_oct
1,1618.1685,mp_oct
1,1618.4688,mp_oct
1,1618.7691,mp_oct
1,1619.0694,mp_oct
1,1619.3697,mp_oct
1,1619.6701,mp_oct
1,1619.9704,mp_oct
1,1620.2708,mp_oct
1,1620.5711,mp_oct
1,1620.8731,mp_oct
1,1621.1717,mp_oct
1,1621.4738,mp_oct
1,1621.7724,mp_oct
1,1622.0728,mp_oct
1,1622.3731,mp_oct
1,1622.6734,mp_oct
1,1622.9737,mp_oct
1,1623.2741,mp_oct
1,1623.5744,mp_oct
1,1623.8748,mp_oct
1,1624.1751,mp_oct
1,1624.481,mp_oct
1,1624.7957,mp_oct
1,1625.1061,mp_oct
1,1625.4114,mp_oct
1,1625.7118,mp_oct
1,1626.0121,mp_oct
1,1626.3124,mp_oct
1,1626.6127,mp_oct
1,1626.9131,mp_oct
1,1627.2134,mp_oct
1,1627.5137,mp_oct
1,1627.8141,mp_oct
1,1628.1144,mp_oct
1,1628.4198,mp_oct
1,1628.72,mp_oct
1,1629.0204,mp_oct
1,1629.3207,mp_oct
1,1629.6211,mp_oct
1,1629.9213,mp_oct
1,1630.2218,mp_oct
1,1630.522,mp_oct
1,1630.8374,mp_oct
1,1631.1377,mp_oct
1,1631.438,mp_oct
1,1631.7384,mp_oct
1,1632.0387,mp_oct
1,1632.3391,mp_oct
1,1632.6394,mp_oct
1,1632.9447,mp_oct
1,1633.255,mp_oct
1,1633.5604,mp_oct
1,1633.8607,mp_oct
1,1634.1661,mp_oct
1,1634.4664,mp_oct
1,1634.7668,mp_oct
1,1635.067,mp_oct
1,1635.3674,mp_oct
1,1635.6677,mp_oct
1,1635.968,mp_oct
1,1636.2684,mp_oct
1,1636.5687,mp_oct
1,1636.8691,mp_oct
1,1637.1794,mp_oct
1,1637.4797,mp_oct
1,1637.7801,mp_oct
1,1638.0804,mp_oct
1,1638.3807,mp_oct
1,1638.6811,mp_oct
1,1638.9814,mp_oct
1,1639.2817,mp_oct
1,1639.587,mp_oct
1,1639.8874,mp_oct
1,1640.1877,mp_oct
1,1640.4987,mp_oct
1,1640.7989,mp_oct
1,1641.0994,mp_oct
1,1641.3996,mp_oct
1,1641.7,mp_oct
1,1642.0003,mp_oct
1,1642.3151,mp_oct
1,1642.6154,mp_oct
1,1642.9157,mp_oct
1,1643.2161,mp_oct
1,1643.5164,mp_oct
1,1643.8167,mp_oct
1,1644.117,mp_oct
1,1644.4173,mp_oct
1,1644.7177,mp_oct
1,1645.0237,mp_oct
1,1645.3284,mp_oct
1,1645.6287,mp_oct
1,1645.929,mp_oct
1,1646.2293,mp_oct
1,1646.5297,mp_oct
1,1646.85,mp_oct
1,1647.1503,mp_oct
1,1647.4507,mp_oct
1,1647.751,mp_oct
1,1648.0514,mp_oct
1,1648.3517,mp_oct
1,1648.652,mp_oct
1,1648.9523,mp_oct
1,1649.2526,mp_oct
1,1649.553,mp_oct
1,1649.8533,mp_oct
1,1650.1536,mp_oct
1,1650.454,mp_oct
1,1650.7543,mp_oct
1,1651.0547,mp_oct
1,1651.355,mp_oct
1,1651.6554,mp_oct
1,1651.9556,mp_oct
1,1652.256,mp_oct
1,1652.5563,mp_oct
1,1652.8566,mp_oct
1,1653.157,mp_oct
1,1653.4573,mp_oct
1,1653.7577,mp_oct
1,1654.058,mp_oct
1,1654.3583,mp_oct
1,1654.6587,mp_oct
1,1654.959,mp_oct
1,1655.2594,mp_oct
1,1655.5596,mp_oct
1,1655.86,mp_oct
1,1656.1603,mp_oct
1,1656.4656,mp_oct
1,1656.7659,mp_oct
1,1657.0663,mp_oct
1,1657.3666,mp_oct
1,1657.6669,mp_oct
1,1657.9673,mp_oct
1,1658.2676,mp_oct
1,1658.568,mp_oct
1,1658.8683,mp_oct
1,1659.1686,mp_oct
1,1659.4689,mp_oct
1,1659.7843,mp_oct
1,1660.0846,mp_oct
1,1660.385,mp_oct
1,1660.6853,mp_oct
1,1660.9856,mp_oct
1,1661.286,mp_oct
1,1661.5862,mp_oct
1,1661.8866,mp_oct
1,1662.187,mp_oct
1,1662.4873,mp_oct
1,1662.7876,mp_oct
1,1663.0879,mp_oct
1,1663.3883,mp_oct
1,1663.6986,mp_oct
1,1663.9989,mp_oct
1,1664.2993,mp_oct
1,1664.5996,mp_oct
1,1664.9056,mp_oct
1,1665.2059,mp_oct
1,1665.5063,mp_oct
1,1665.8066,mp_oct
1,1666.1069,mp_oct
1,1666.4072,mp_oct
1,1666.7076,mp_oct
1,1667.0079,mp_oct
1,1667.3083,mp_oct
1,1667.6085,mp_oct
1,1667.9089,mp_oct
1,1668.2092,mp_oct
1,1668.5096,mp_oct
1,1668.8099,mp_oct
1,1669.1102,mp_oct
1,1669.4106,mp_oct
1,1669.7109,mp_oct
1,1670.0112,mp_oct
1,1670.3116,mp_oct
1,1670.6119,mp_oct
1,1670.9123,mp_oct
1,1671.2125,mp_oct
1,1671.5128,mp_oct
1,1671.8132,mp_oct
1,1672.1136,mp_oct
1,1672.4139,mp_oct
1,1672.7142,mp_oct
1,1673.0146,mp_oct
1,1673.3148,mp_oct
1,1673.6152,mp_oct
1,1673.9155,mp_oct
1,1674.2159,mp_oct
1,1674.5162,mp_oct
1,1674.8165,mp_oct
1,1675.1262,mp_oct
1,1675.4266,mp_oct
1,1675.7869,mp_oct
1,1676.0882,mp_oct
1,1676.3926,mp_oct
1,1676.6929,mp_oct
1,1676.9989,mp_oct
1,1677.2992,mp_oct
1,1677.5995,mp_oct
1,1677.8999,mp_oct
1,1678.2002,mp_oct
1,1678.5005,mp_oct
1,1678.8008,mp_oct
1,1679.1012,mp_oct
1,1679.406,mp_oct
1,1679.7062,mp_oct
1,1680.0116,mp_oct
1,1680.3119,mp_oct
1,1680.6122,mp_oct
1,1680.9126,mp_oct
1,1681.2128,mp_oct
1,1681.5132,mp_oct
1,1681.8136,mp_oct
1,1682.114,mp_oct
1,1682.4142,mp_oct
1,1682.7146,mp_oct
1,1683.0149,mp_oct
1,1683.3153,mp_oct
1,1683.6156,mp_oct
1,1683.9159,mp_oct
1,1684.2162,mp_oct
1,1684.5166,mp_oct
1,1684.8169,mp_oct
1,1685.1172,mp_oct
1,1685.4176,mp_oct
1,1685.7179,mp_oct
1,1686.0182,mp_oct
1,1686.3186,mp_oct
1,1686.6188,mp_oct
1,1686.9192,mp_oct
1,1687.2196,mp_oct
1,1687.5198,mp_oct
1,1687.8202,mp_oct
1,1688.1205,mp_oct
1,1688.4209,mp_oct
1,1688.7212,mp_oct
1,1689.0215,mp_oct
1,1689.3219,mp_oct
1,1689.6222,mp_oct
1,1689.9225,mp_oct
1,1690.2229,mp_oct
1,1690.5232,mp_oct
1,1690.8236,mp_oct
1,1691.1239,mp_oct
1,1691.4242,mp_oct
1,1691.7245,mp_oct
1,1692.0249,mp_oct
1,1692.3252,mp_oct
1,1692.6305,mp_oct
1,1692.9308,mp_oct
1,1693.2312,mp_oct
1,1693.5315,mp_oct
1,1693.8318,mp_oct
1,1694.1322,mp_oct
1,1694.4381,mp_oct
1,1694.7385,mp_oct
1,1695.0388,mp_oct
1,1695.3392,mp_oct
1,1695.6395,mp_oct
1,1695.9398,mp_oct
1,1696.2401,mp_oct
1,1696.5405,mp_oct
1,1696.8408,mp_oct
1,1697.1411,mp_oct
1,1697.4414,mp_oct
1,1697.7418,mp_oct
1,1698.0421,mp_oct
1,1698.3425,mp_oct
1,1698.6428,mp_oct
1,1698.9431,mp_oct
1,1699.2434,mp_oct
1,1699.5437,mp_oct
1,1699.8441,mp_oct
1,1700.1444,mp_oct
1,1700.4491,mp_oct
1,1700.7494,mp_oct
1,1701.0498,mp_oct
1,1701.3501,mp_oct
1,1701.6505,mp_oct
1,1701.9507,mp_oct
1,1702.256,mp_oct
1,1702.5564,mp_oct
1,1702.8568,mp_oct
1,1703.1571,mp_oct
1,1703.4575,mp_oct
1,1703.7578,mp_oct
1,1704.0581,mp_oct
1,1704.3585,mp_oct
1,1704.6588,mp_oct
1,1704.9591,mp_oct
1,1705.2594,mp_oct
1,1705.5597,mp_oct
1,1705.86,mp_oct
1,1706.1604,mp_oct
1,1706.4607,mp_oct
1,1706.7611,mp_oct
1,1707.0614,mp_oct
1,1707.3617,mp_oct
1,1707.662,mp_oct
1,1707.9624,mp_oct
1,1708.2627,mp_oct
1,1708.563,mp_oct
1,1708.8634,mp_oct
1,1709.1637,mp_oct
1,1709.4641,mp_oct
1,1709.7644,mp_oct
2,1710.0647,mp_oct
2,1710.365,mp_oct
2,1710.6654,mp_oct
1,1710.9657,mp_oct
1,1711.266,mp_oct
1,1711.5663,mp_oct
1,1711.8666,mp_oct
1,1712.167,mp_oct
1,1712.4673,mp_oct
1,1712.7677,mp_oct
1,1713.068,mp_oct
1,1713.3733,mp_oct
1,1713.6792,mp_oct
1,1713.9796,mp_oct
1,1714.2799,mp_oct
1,1714.5803,mp_oct
1,1714.8806,mp_oct
1,1715.1809,mp_oct
1,1715.4813,mp_oct
1,1715.7816,mp_oct
1,1716.0819,mp_oct
1,1716.3823,mp_oct
1,1716.6826,mp_oct
1,1716.9829,mp_oct
1,1717.2832,mp_oct
1,1717.5836,mp_oct
1,1717.8839,mp_oct
1,1718.1842,mp_oct
1,1718.4845,mp_oct
1,1718.7849,mp_oct
1,1719.0853,mp_oct
1,1719.3855,mp_oct
1,1719.6859,mp_oct
1,1719.9863,mp_oct
1,1720.2866,mp_oct
1,1720.5869,mp_oct
1,1720.8872,mp_oct
1,1721.1876,mp_oct
1,1721.4879,mp_oct
1,1721.7882,mp_oct
1,1722.0885,mp_oct
1,1722.3889,mp_oct
1,1722.6892,mp_oct
1,1722.9895,mp_oct
1,1723.2899,mp_oct
1,1723.5902,mp_oct
1,1723.8905,mp_oct
1,1724.1908,mp_oct
1,1724.4911,mp_oct
1,1724.7915,mp_oct
1,1725.0918,mp_oct
1,1725.3922,mp_oct
1,1725.6924,mp_oct
2,1725.9928,mp_oct
2,1726.2932,mp_oct
2,1726.5934,mp_oct
1,1726.8938,mp_oct
1,1727.1941,mp_oct
1,1727.4945,mp_oct
1,1727.7948,mp_oct
1,1728.0951,mp_oct
1,1728.3955,mp_oct
1,1728.6958,mp_oct
1,1728.9961,mp_oct
1,1729.2965,mp_oct
1,1729.5968,mp_oct
1,1729.8972,mp_oct
1,1730.1975,mp_oct
1,1730.4978,mp_oct
1,1730.7982,mp_oct
1,1731.0985,mp_oct
1,1731.3988,mp_oct
1,1731.6991,mp_oct
1,1731.9994,mp_oct
1,1732.2998,mp_oct
1,1732.6001,mp_oct
1,1732.9004,mp_oct
1,1733.2008,mp_oct
1,1733.501,mp_oct
1,1733.8014,mp_oct
1,1734.1017,mp_oct
1,1734.402,mp_oct
1,1734.7024,mp_oct
1,1735.0027,mp_oct
1,1735.3031,mp_oct
1,1735.6034,mp_oct
1,1735.9037,mp_oct
1,1736.204,mp_oct
1,1736.5044,mp_oct
1,1736.8047,mp_oct
1,1737.105,mp_oct
1,1737.4054,mp_oct
1,1737.7057,mp_oct
1,1738.006,mp_oct
1,1738.3064,mp_oct
1,1738.6067,mp_oct
1,1738.907,mp_oct
1,1739.2074,mp_oct
1,1739.5077,mp_oct
1,1739.808,mp_oct
2,1740.1127,mp_oct
2,1740.4181,mp_oct
2,1740.7234,mp_oct
2,1741.0237,mp_oct
2,1741.3241,mp_oct
1,1741.6244,mp_oct
1,1741.9247,mp_oct
1,1742.2251,mp_oct
1,1742.5253,mp_oct
1,1742.8257,mp_oct
1,1743.126,mp_oct
1,1743.4264,mp_oct
1,1743.7267,mp_oct
1,1744.027,mp_oct
1,1744.3273,mp_oct
1,1744.6277,mp_oct
1,1744.928,mp_oct
1,1745.2283,mp_oct
1,1745.5286,mp_oct
1,1745.829,mp_oct
1,1746.1293,mp_oct
1,1746.4297,mp_oct
1,1746.7299,mp_oct
1,1747.0304,mp_oct
1,1747.3306,mp_oct
1,1747.631,mp_oct
1,1747.9313,mp_oct
1,1748.2317,mp_oct
1,1748.532,mp_oct
1,1748.8323,mp_oct
1,1749.1326,mp_oct
1,1749.433,mp_oct
1,1749.7333,mp_oct
1,1750.0336,mp_oct
1,1750.3339,mp_oct
1,1750.6343,mp_oct
1,1750.9346,mp_oct
1,1751.235,mp_oct
1,1751.5353,mp_oct
1,1751.8356,mp_oct
1,1752.1359,mp_oct
1,1752.4362,mp_oct
1,1752.7366,mp_oct
1,1753.0425,mp_oct
1,1753.3428,mp_oct
1,1753.6432,mp_oct
1,1753.9435,mp_oct
1,1754.2532,mp_oct
1,1754.5535,mp_oct
1,1754.8538,mp_oct
1,1755.1542,mp_oct
1,1755.4545,mp_oct
1,1755.7549,mp_oct
1,1756.0552,mp_oct
1,1756.3663,mp_oct
1,1756.6666,mp_oct
1,1756.967,mp_oct
1,1757.2673,mp_oct
1,1757.5719,mp_oct
1,1757.8722,mp_oct
1,1758.1775,mp_oct
1,1758.4779,mp_oct
1,1758.7782,mp_oct
1,1759.0986,mp_oct
1,1759.3988,mp_oct
1,1759.6992,mp_oct
1,1759.9995,mp_oct
1,1760.3048,mp_oct
1,1760.6152,mp_oct
1,1760.9155,mp_oct
1,1761.2159,mp_oct
1,1761.5162,mp_oct
1,1761.8165,mp_oct
1,1762.1169,mp_oct
1,1762.4172,mp_oct
1,1762.7175,mp_oct
1,1763.0335,mp_oct
1,1763.3338,mp_oct
1,1763.6385,mp_oct
1,1763.9489,mp_oct
1,1764.2492,mp_oct
1,1764.5495,mp_oct
1,1764.8498,mp_oct
1,1765.1501,mp_oct
1,1765.4505,mp_oct
1,1765.7508,mp_oct
1,1766.0511,mp_oct
1,1766.3514,mp_oct
1,1766.6518,mp_oct
1,1766.9521,mp_oct
1,1767.2525,mp_oct
1,1767.5528,mp_oct
1,1767.8532,mp_oct
1,1768.1535,mp_oct
1,1768.4538,mp_oct
1,1768.7541,mp_oct
1,1769.0545,mp_oct
1,1769.3547,mp_oct
1,1769.6551,mp_oct
1,1769.9554,mp_oct
1,1770.2557,mp_oct
1,1770.5561,mp_oct
1,1770.8564,mp_oct
1,1771.1567,mp_oct
1,1771.4571,mp_oct
1,1771.7574,mp_oct
1,1772.0577,mp_oct
1,1772.3581,mp_oct
1,1772.6584,mp_oct
1,1772.9587,mp_oct
1,1773.2591,mp_oct
1,1773.5594,mp_oct
1,1773.8597,mp_oct
1,1774.16,mp_oct
1,1774.4604,mp_oct
1,1774.7607,mp_oct
1,1775.061,mp_oct
1,1775.3613,mp_oct
1,1775.6617,mp_oct
1,1775.962,mp_oct
1,1776.2623,mp_oct
1,1776.5627,mp_oct
1,1776.863,mp_oct
1,1777.1633,mp_oct
1,1777.4636,mp_oct
1,1777.764,mp_oct
1,1778.0643,mp_oct
1,1778.3646,mp_oct
1,1778.665,mp_oct
1,1778.9653,mp_oct
1,1779.2656,mp_oct
1,1779.5659,mp_oct
1,1779.8662,mp_oct
1,1780.1722,mp_oct
1,1780.4725,mp_oct
1,1780.7772,mp_oct
1,1781.0776,mp_oct
1,1781.3779,mp_oct
1,1781.6782,mp_oct
1,1781.9786,mp_oct
1,1782.2789,mp_oct
1,1782.5792,mp_oct
1,1782.8796,mp_oct
1,1783.1799,mp_oct
1,1783.4802,mp_oct
1,1783.7805,mp_oct
1,1784.0809,mp_oct
1,1784.3812,mp_oct
1,1784.6815,mp_oct
1,1784.9819,mp_oct
1,1785.2822,mp_oct
1,1785.5825,mp_oct
1,1785.8828,mp_oct
1,1786.1832,mp_oct
1,1786.4835,mp_oct
1,1786.7839,mp_oct
1,1787.0842,mp_oct
1,1787.3845,mp_oct
1,1787.6848,mp_oct
1,1787.9852,mp_oct
1,1788.2855,mp_oct
1,1788.5858,mp_oct
1,1788.8861,mp_oct
1,1789.1865,mp_oct
1,1789.4868,mp_oct
1,1789.7871,mp_oct
1,1790.0875,mp_oct
1,1790.3878,mp_oct
1,1790.6881,mp_oct
1,1790.9884,mp_oct
1,1791.2887,mp_oct
1,1791.5891,mp_oct
1,1791.8894,mp_oct
1,1792.1898,mp_oct
1,1792.49,mp_oct
1,1792.7904,mp_oct
1,1793.0907,mp_oct
1,1793.3911,mp_oct
1,1793.6914,mp_oct
1,1793.9917,mp_oct
1,1794.292,mp_oct
1,1794.5924,mp_oct
1,1794.8927,mp_oct
1,1795.193,mp_oct
1,1795.4933,mp_oct
1,1795.7937,mp_oct
1,1796.094,mp_oct
1,1796.3944,mp_oct
1,1796.6947,mp_oct
1,1796.995,mp_oct
1,1797.2954,mp_oct
1,1797.5957,mp_oct
1,1797.901,mp_oct
1,1798.2013,mp_oct
1,1798.5016,mp_oct
1,1798.802,mp_oct
1,1799.1023,mp_oct
1,1799.4027,mp_oct
1,1799.7029,mp_oct
1,1800.0033,mp_oct
1,1800.3036,mp_oct
1,1800.604,mp_oct
1,1800.9043,mp_oct
1,1801.2046,mp_oct
1,1801.5049,mp_oct
1,1801.8052,mp_oct
1,1802.1056,mp_oct
1,1802.4059,mp_oct
1,1802.717,mp_oct
1,1803.0173,mp_oct
1,1803.3177,mp_oct
1,1803.618,mp_oct
1,1803.9183,mp_oct
1,1804.2187,mp_oct
1,1804.519,mp_oct
1,1804.8193,mp_oct
1,1805.1196,mp_oct
1,1805.42,mp_oct
1,1805.7203,mp_oct
1,1806.0206,mp_oct
1,1806.321,mp_oct
1,1806.6213,mp_oct
1,1806.9216,mp_oct
1,1807.222,mp_oct
1,1807.5223,mp_oct
1,1807.8226,mp_oct
1,1808.1229,mp_oct
1,1808.4232,mp_oct
1,1808.7236,mp_oct
1,1809.0239,mp_oct
1,1809.3242,mp_oct
1,1809.6246,mp_oct
1,1809.9249,mp_oct
1,1810.2252,mp_oct
1,1810.5255,mp_oct
1,1810.8259,mp_oct
1,1811.1261,mp_oct
1,1811.4265,mp_oct
1,1811.7268,mp_oct
1,1812.0271,mp_oct
1,1812.3275,mp_oct
1,1812.6321,mp_oct
1,1812.9324,mp_oct
1,1813.2327,mp_oct
1,1813.5331,mp_oct
1,1813.8334,mp_oct
1,1814.1337,mp_oct
1,1814.434,mp_oct
1,1814.7344,mp_oct
1,1815.0347,mp_oct
1,1815.3351,mp_oct
1,1815.6353,mp_oct
1,1815.9357,mp_oct
1,1816.2361,mp_oct
1,1816.5364,mp_oct
1,1816.8367,mp_oct
1,1817.137,mp_oct
1,1817.4374,mp_oct
1,1817.7377,mp_oct
1,1818.038,mp_oct
1,1818.3383,mp_oct
2,1818.6387,mp_oct
2,1818.939,mp_oct
2,1819.2393,mp_oct
1,1819.5396,mp_oct
1,1819.8399,mp_oct
1,1820.1403,mp_oct
1,1820.4406,mp_oct
1,1820.746,mp_oct
1,1821.0463,mp_oct
1,1821.3466,mp_oct
1,1821.6469,mp_oct
1,1821.9472,mp_oct
1,1822.2476,mp_oct
1,1822.5479,mp_oct
1,1822.8482,mp_oct
1,1823.1485,mp_oct
1,1823.4489,mp_oct
1,1823.7492,mp_oct
1,1824.0496,mp_oct
1,1824.3499,mp_oct
1,1824.6503,mp_oct
1,1824.9506,mp_oct
1,1825.2509,mp_oct
1,1825.5512,mp_oct
1,1825.8516,mp_oct
1,1826.1518,mp_oct
1,1826.4522,mp_oct
1,1826.7526,mp_oct
1,1827.0528,mp_oct
1,1827.3532,mp_oct
1,1827.6535,mp_oct
1,1827.9539,mp_oct
1,1828.2542,mp_oct
1,1828.5545,mp_oct
1,1828.8549,mp_oct
1,1829.1552,mp_oct
1,1829.4555,mp_oct
1,1829.7558,mp_oct
1,1830.0562,mp_oct
1,1830.3565,mp_oct
1,1830.6568,mp_oct
1,1830.9572,mp_oct
1,1831.2574,mp_oct
1,1831.5578,mp_oct
1,1831.8581,mp_oct
1,1832.1585,mp_oct
1,1832.4588,mp_oct
1,1832.7591,mp_oct
1,1833.0594,mp_oct
1,1833.3598,mp_oct
1,1833.6601,mp_oct
1,1833.9604,mp_oct
1,1834.2607,mp_oct
1,1834.561,mp_oct
1,1834.8613,mp_oct
1,1835.1617,mp_oct
1,1835.462,mp_oct
1,1835.7623,mp_oct
1,1836.0627,mp_oct
1,1836.363,mp_oct
1,1836.6633,mp_oct
1,1836.9636,mp_oct
1,1837.264,mp_oct
1,1837.5644,mp_oct
1,1837.8646,mp_oct
1,1838.1649,mp_oct
1,1838.4653,mp_oct
1,1838.7706,mp_oct
1,1839.071,mp_oct
1,1839.3713,mp_oct
1,1839.6716,mp_oct
1,1839.9719,mp_oct
1,1840.2723,mp_oct
1,1840.5726,mp_oct
1,1840.8729,mp_oct
1,1841.1732,mp_oct
1,1841.4736,mp_oct
1,1841.774,mp_oct
1,1842.0743,mp_oct
1,1842.3746,mp_oct
1,1842.6749,mp_oct
1,1842.9753,mp_oct
1,1843.2756,mp_oct
1,1843.5759,mp_oct
1,1843.8762,mp_oct
1,1844.1766,mp_oct
1,1844.4769,mp_oct
1,1844.7772,mp_oct
1,1845.0775,mp_oct
1,1845.3779,mp_oct
1,1845.6782,mp_oct
1,1845.9785,mp_oct
1,1846.2788,mp_oct
1,1846.5792,mp_oct
1,1846.8795,mp_oct
1,1847.1798,mp_oct
1,1847.4802,mp_oct
1,1847.7804,mp_oct
1,1848.0808,mp_oct
1,1848.3811,mp_oct
1,1848.6814,mp_oct
1,1848.9818,mp_oct
1,1849.2821,mp_oct
1,1849.5825,mp_oct
1,1849.8828,mp_oct
1,1850.1831,mp_oct
1,1850.4834,mp_oct
1,1850.7837,mp_oct
1,1851.0841,mp_oct
1,1851.3844,mp_oct
1,1851.6847,mp_oct
1,1851.9851,mp_oct
1,1852.2854,mp_oct
1,1852.5857,mp_oct
1,1852.886,mp_oct
1,1853.1864,mp_oct
1,1853.4867,mp_oct
1,1853.787,mp_oct
1,1854.0874,mp_oct
1,1854.3876,mp_oct
1,1854.688,mp_oct
1,1854.9884,mp_oct
1,1855.2886,mp_oct
1,1855.5946,mp_oct
1,1855.8949,mp_oct
1,1856.1953,mp_oct
1,1856.4956,mp_oct
1,1856.7959,mp_oct
1,1857.0963,mp_oct
1,1857.3966,mp_oct
1,1857.6969,mp_oct
1,1857.9972,mp_oct
1,1858.2975,mp_oct
1,1858.5979,mp_oct
1,1858.8982,mp_oct
1,1859.2029,mp_oct
1,1859.5033,mp_oct
1,1859.8036,mp_oct
1,1860.1039,mp_oct
1,1860.4043,mp_oct
1,1860.7045,mp_oct
1,1861.0049,mp_oct
1,1861.3052,mp_oct
1,1861.6056,mp_oct
1,1861.9059,mp_oct
1,1862.2062,mp_oct
1,1862.5066,mp_oct
1,1862.8119,mp_oct
1,1863.1122,mp_oct
1,1863.4125,mp_oct
1,1863.7129,mp_oct
1,1864.0132,mp_oct
1,1864.3135,mp_oct
1,1864.6139,mp_oct
1,1864.9142,mp_oct
1,1865.2195,mp_oct
1,1865.5198,mp_oct
1,1865.8202,mp_oct
1,1866.1205,mp_oct
1,1866.4208,mp_oct
1,1866.8113,mp_oct
1,1867.1116,mp_oct
1,1867.4119,mp_oct
1,1867.7123,mp_oct
1,1868.0125,mp_oct
1,1868.3129,mp_oct
1,1868.6182,mp_oct
1,1868.9185,mp_oct
1,1869.2295,mp_oct
1,1869.5298,mp_oct
1,1869.8301,mp_oct
1,1870.1305,mp_oct
1,1870.4308,mp_oct
1,1870.7312,mp_oct
1,1871.0315,mp_oct
1,1871.3318,mp_oct
1,1871.6322,mp_oct
1,1871.9325,mp_oct
1,1872.2328,mp_oct
1,1872.5332,mp_oct
1,1872.8334,mp_oct
1,1873.1382,mp_oct
1,1873.4385,mp_oct
1,1873.7545,mp_oct
1,1874.0592,mp_oct
1,1874.3595,mp_oct
1,1874.6649,mp_oct
1,1874.9652,mp_oct
1,1875.2655,mp_oct
1,1875.5659,mp_oct
1,1875.8661,mp_oct
1,1876.1664,mp_oct
1,1876.4668,mp_oct
1,1876.7671,mp_oct
1,1877.0674,mp_oct
1,1877.3678,mp_oct
1,1877.6681,mp_oct
1,1877.9684,mp_oct
1,1878.2687,mp_oct
1,1878.5691,mp_oct
1,1878.8694,mp_oct
1,1879.1698,mp_oct
1,1879.4701,mp_oct
1,1879.7704,mp_oct
1,1880.0708,mp_oct
1,1880.3817,mp_oct
1,1880.682,mp_oct
1,1880.9823,mp_oct
1,1881.2827,mp_oct
1,1881.5924,mp_oct
1,1881.8977,mp_oct
1,1882.1981,mp_oct
1,1882.4984,mp_oct
1,1882.7988,mp_oct
1,1883.1048,mp_oct
1,1883.406,mp_oct
1,1883.7054,mp_oct
1,1884.0058,mp_oct
1,1884.3061,mp_oct
1,1884.6065,mp_oct
1,1884.9068,mp_oct
1,1885.2071,mp_oct
1,1885.5074,mp_oct
1,1885.8077,mp_oct
1,1886.1081,mp_oct
1,1886.4126,mp_oct
1,1886.713,mp_oct
1,1887.0133,mp_oct
1,1887.3187,mp_oct
1,1887.624,mp_oct
1,1887.9243,mp_oct
1,1888.2246,mp_oct
1,1888.525,mp_oct
1,1888.8253,mp_oct
1,1889.1257,mp_oct
1,1889.4259,mp_oct
1,1889.7263,mp_oct
1,1890.0266,mp_oct
1,1890.3269,mp_oct
1,1890.6273,mp_oct
1,1890.9276,mp_oct
1,1891.2279,mp_oct
1,1891.5339,mp_oct
1,1891.8342,mp_oct
1,1892.1345,mp_oct
1,1892.4349,mp_oct
1,1892.7396,mp_oct
1,1893.0399,mp_oct
1,1893.3403,mp_oct
1,1893.6406,mp_oct
1,1893.9409,mp_oct
1,1894.2412,mp_oct
1,1894.5415,mp_oct
1,1894.8419,mp_oct
1,1895.1422,mp_oct
1,1895.4425,mp_oct
1,1895.7428,mp_oct
1,1896.0432,mp_oct
1,1896.3485,mp_oct
1,1896.6488,mp_oct
1,1896.9492,mp_oct
1,1897.2495,mp_oct
1,1897.5498,mp_oct
1,1897.8502,mp_oct
1,1898.1513,mp_oct
1,1898.4508,mp_oct
1,1898.7512,mp_oct
1,1899.0515,mp_oct
1,1899.3518,mp_oct
1,1899.6521,mp_oct
1,1899.9524,mp_oct
1,1900.2528,mp_oct
1,1900.5532,mp_oct
1,1900.8535,mp_oct
1,1901.1538,mp_oct
1,1901.4541,mp_oct
1,1901.7544,mp_oct
1,1902.0547,mp_oct
1,1902.3551,mp_oct
1,1902.6554,mp_oct
1,1902.9557,mp_oct
1,1903.2668,mp_oct
1,1903.5671,mp_oct
1,1903.8674,mp_oct
1,1904.1677,mp_oct
1,1904.4681,mp_oct
1,1904.7684,mp_oct
1,1905.078,mp_oct
1,1905.3834,mp_oct
1,1905.6837,mp_oct
1,1905.984,mp_oct
1,1906.2844,mp_oct
1,1906.5847,mp_oct
1,1906.885,mp_oct
1,1907.1854,mp_oct
1,1907.4857,mp_oct
1,1907.786,mp_oct
1,1908.0864,mp_oct
1,1908.3867,mp_oct
1,1908.687,mp_oct
1,1908.9874,mp_oct
1,1909.2877,mp_oct
1,1909.588,mp_oct
1,1909.8883,mp_oct
1,1910.1886,mp_oct
1,1910.489,mp_oct
1,1910.7893,mp_oct
1,1911.0896,mp_oct
1,1911.3899,mp_oct
1,1911.6903,mp_oct
1,1911.9906,mp_oct
1,1912.2909,mp_oct
1,1912.5912,mp_oct
1,1912.8972,mp_oct
1,1913.1975,mp_oct
1,1913.4978,mp_oct
1,1913.7982,mp_oct
1,1914.0985,mp_oct
1,1914.3988,mp_oct
1,1914.6991,mp_oct
1,1914.9996,mp_oct
1,1915.2998,mp_oct
1,1915.6001,mp_oct
1,1915.9005,mp_oct
1,1916.2008,mp_oct
1,1916.5011,mp_oct
1,1916.8015,mp_oct
1,1917.1018,mp_oct
1,1917.4021,mp_oct
1,1917.7024,mp_oct
1,1918.0027,mp_oct
1,1918.303,mp_oct
1,1918.6035,mp_oct
1,1918.9037,mp_oct
1,1919.2041,mp_oct
1,1919.5044,mp_oct
1,1919.8046,mp_oct
1,1920.105,mp_oct
1,1920.4054,mp_oct
1,1920.7057,mp_oct
1,1921.006,mp_oct
1,1921.3063,mp_oct
1,1921.6067,mp_oct
1,1921.907,mp_oct
1,1922.2074,mp_oct
1,1922.5077,mp_oct
1,1922.808,mp_oct
1,1923.1084,mp_oct
1,1923.4086,mp_oct
1,1923.709,mp_oct
1,1924.0093,mp_oct
1,1924.3097,mp_oct
1,1924.61,mp_oct
1,1924.9103,mp_oct
1,1925.2107,mp_oct
1,1925.511,mp_oct
1,1925.8113,mp_oct
1,1926.1117,mp_oct
1,1926.412,mp_oct
1,1926.7123,mp_oct
1,1927.0126,mp_oct
1,1927.313,mp_oct
1,1927.6133,mp_oct
1,1927.9136,mp_oct
1,1928.2139,mp_oct
1,1928.5142,mp_oct
1,1928.8146,mp_oct
1,1929.115,mp_oct
1,1929.4153,mp_oct
1,1929.7156,mp_oct
1,1930.0159,mp_oct
1,1930.3162,mp_oct
1,1930.6166,mp_oct
1,1930.9169,mp_oct
1,1931.2172,mp_oct
1,1931.5175,mp_oct
1,1931.8178,mp_oct
1,1932.1182,mp_oct
1,1932.4229,mp_oct
1,1932.7332,mp_oct
1,1933.0336,mp_oct
1,1933.3339,mp_oct
1,1933.6342,mp_oct
1,1933.9346,mp_oct
1,1934.2349,mp_oct
1,1934.5352,mp_oct
1,1934.8355,mp_oct
1,1935.1359,mp_oct
14,1935.4418,mp_oct
0,1935.7422,mp_oct
1,1936.0425,mp_oct
1,1936.3522,mp_oct
1,1936.6525,mp_oct
1,1936.9529,mp_oct
1,1937.2532,mp_oct
1,1937.5535,mp_oct
1,1937.8646,mp_oct
1,1938.1649,mp_oct
1,1938.4652,mp_oct
1,1938.7656,mp_oct
1,1939.0659,mp_oct
1,1939.3662,mp_oct
1,1939.6666,mp_oct
1,1939.9668,mp_oct
1,1940.2671,mp_oct
1,1940.5718,mp_oct
1,1940.8772,mp_oct
1,1941.1775,mp_oct
1,1941.4778,mp_oct
1,1941.7831,mp_oct
1,1942.0835,mp_oct
1,1942.3837,mp_oct
1,1942.6841,mp_oct
1,1942.9844,mp_oct
1,1943.2848,mp_oct
1,1943.5851,mp_oct
1,1943.8854,mp_oct
1,1944.1957,mp_oct
1,1944.496,mp_oct
1,1944.7964,mp_oct
1,1945.0968,mp_oct
1,1945.3971,mp_oct
1,1945.6974,mp_oct
1,1945.9977,mp_oct
1,1946.2981,mp_oct
1,1946.5984,mp_oct
1,1946.8988,mp_oct
1,1947.1991,mp_oct
1,1947.4994,mp_oct
1,1947.7997,mp_oct
1,1948.1,mp_oct
1,1948.4004,mp_oct
1,1948.7007,mp_oct
1,1949.0011,mp_oct
1,1949.3013,mp_oct
1,1949.6017,mp_oct
1,1949.902,mp_oct
1,1950.2023,mp_oct
1,1950.5027,mp_oct
1,1950.803,mp_oct
1,1951.1083,mp_oct
1,1951.4136,mp_oct
1,1951.714,mp_oct
1,1952.0143,mp_oct
1,1952.3147,mp_oct
1,1952.6149,mp_oct
1,1952.9153,mp_oct
1,1953.2156,mp_oct
1,1953.516,mp_oct
1,1953.8162,mp_oct
1,1954.1166,mp_oct
1,1954.4169,mp_oct
1,1954.7173,mp_oct
1,1955.0176,mp_oct
1,1955.3179,mp_oct
1,1955.6183,mp_oct
1,1955.9186,mp_oct
1,1956.2188,mp_oct
1,1956.5192,mp_oct
1,1956.8196,mp_oct
1,1957.1199,mp_oct
1,1957.4202,mp_oct
1,1957.7205,mp_oct
1,1958.0209,mp_oct
1,1958.3212,mp_oct
1,1958.6224,mp_oct
1,1958.9219,mp_oct
1,1959.2221,mp_oct
1,1959.5225,mp_oct
1,1959.8286,mp_oct
1,1960.1382,mp_oct
1,1960.4385,mp_oct
1,1960.7388,mp_oct
1,1961.0392,mp_oct
1,1961.3396,mp_oct
1,1961.6398,mp_oct
1,1961.9401,mp_oct
1,1962.2405,mp_oct
1,1962.5408,mp_oct
1,1962.8411,mp_oct
1,1963.1415,mp_oct
1,1963.4418,mp_oct
1,1963.7421,mp_oct
1,1964.0424,mp_oct
1,1964.3428,mp_oct
1,1964.643,mp_oct
1,1964.9434,mp_oct
1,1965.2437,mp_oct
1,1965.5441,mp_oct
1,1965.8444,mp_oct
1,1966.1448,mp_oct
1,1966.4451,mp_oct
1,1966.7453,mp_oct
1,1967.0457,mp_oct
1,1967.346,mp_oct
1,1967.6463,mp_oct
1,1967.9467,mp_oct
1,1968.247,mp_oct
1,1968.5473,mp_oct
1,1968.8476,mp_oct
1,1969.148,mp_oct
1,1969.4533,mp_oct
1,1969.7536,mp_oct
1,1970.054,mp_oct
1,1970.3543,mp_oct
1,1970.6546,mp_oct
1,1970.955,mp_oct
1,1971.2553,mp_oct
1,1971.5556,mp_oct
1,1971.8559,mp_oct
1,1972.1563,mp_oct
1,1972.4566,mp_oct
1,1972.7569,mp_oct
1,1973.0572,mp_oct
1,1973.3576,mp_oct
1,1973.6579,mp_oct
1,1973.9583,mp_oct
1,1974.2586,mp_oct
1,1974.5589,mp_oct
1,1974.8592,mp_oct
1,1975.1595,mp_oct
1,1975.4599,mp_oct
1,1975.7602,mp_oct
1,1976.0605,mp_oct
1,1976.3609,mp_oct
1,1976.6612,mp_oct
1,1976.9615,mp_oct
1,1977.2619,mp_oct
1,1977.5678,mp_oct
1,1977.8682,mp_oct
1,1978.1684,mp_oct
1,1978.4688,mp_oct
1,1978.7692,mp_oct
1,1979.0739,mp_oct
1,1979.3741,mp_oct
1,1979.6745,mp_oct
1,1979.9748,mp_oct
1,1980.2752,mp_oct
1,1980.5755,mp_oct
1,1980.8758,mp_oct
1,1981.1761,mp_oct
1,1981.4765,mp_oct
1,1981.7768,mp_oct
1,1982.0772,mp_oct
1,1982.3774,mp_oct
1,1982.6778,mp_oct
1,1982.9781,mp_oct
1,1983.2784,mp_oct
1,1983.5788,mp_oct
1,1983.879,mp_oct
1,1984.1794,mp_oct
1,1984.4797,mp_oct
1,1984.7801,mp_oct
1,1985.0804,mp_oct
1,1985.3807,mp_oct
1,1985.6811,mp_oct
1,1985.9814,mp_oct
1,1986.2817,mp_oct
1,1986.582,mp_oct
1,1986.8873,mp_oct
1,1987.1876,mp_oct
1,1987.4879,mp_oct
1,1987.7884,mp_oct
1,1988.0886,mp_oct
1,1988.389,mp_oct
1,1988.6893,mp_oct
1,1988.9897,mp_oct
1,1989.29,mp_oct
1,1989.5902,mp_oct
1,1989.8906,mp_oct
2,1990.1909,mp_oct
1,1990.4913,mp_oct
1,1990.7916,mp_oct
1,1991.0919,mp_oct
1,1991.3923,mp_oct
1,1991.6925,mp_oct
1,1991.9929,mp_oct
1,1992.2932,mp_oct
1,1992.5936,mp_oct
1,1992.8989,mp_oct
1,1993.1992,mp_oct
1,1993.4995,mp_oct
1,1993.7998,mp_oct
1,1994.1002,mp_oct
1,1994.4005,mp_oct
1,1994.7008,mp_oct
1,1995.0012,mp_oct
1,1995.3015,mp_oct
1,1995.6018,mp_oct
1,1995.9022,mp_oct
1,1996.2081,mp_oct
1,1996.5084,mp_oct
1,1996.8231,mp_oct
1,1997.1235,mp_oct
1,1997.4238,mp_oct
1,1997.7242,mp_oct
1,1998.0244,mp_oct
1,1998.3248,mp_oct
1,1998.6252,mp_oct
1,1998.9255,mp_oct
1,1999.2258,mp_oct
1,1999.5261,mp_oct
1,1999.8264,mp_oct
1,2000.1268,mp_oct
1,2000.4328,mp_oct
1,2000.7731,mp_oct
1,2001.0778,mp_oct
1,2001.3781,mp_oct
1,2001.6785,mp_oct
1,2001.9788,mp_oct
1,2002.2791,mp_oct
1,2002.5795,mp_oct
1,2002.8798,mp_oct
1,2003.1801,mp_oct
1,2003.4804,mp_oct
1,2003.7808,mp_oct
1,2004.0811,mp_oct
1,2004.3814,mp_oct
1,2004.6817,mp_oct
1,2004.9921,mp_oct
1,2005.2924,mp_oct
1,2005.6028,mp_oct
1,2005.9031,mp_oct
1,2006.2034,mp_oct
1,2006.5037,mp_oct
1,2006.804,mp_oct
1,2007.1044,mp_oct
1,2007.4047,mp_oct
1,2007.7051,mp_oct
1,2008.0054,mp_oct
1,2008.3057,mp_oct
1,2008.606,mp_oct
1,2008.9063,mp_oct
1,2009.2067,mp_oct
1,2009.507,mp_oct
1,2009.8124,mp_oct
1,2010.1126,mp_oct
1,2010.413,mp_oct
1,2010.7133,mp_oct
1,2011.0137,mp_oct
1,2011.314,mp_oct
1,2011.6143,mp_oct
1,2011.9147,mp_oct
1,2012.25,mp_oct
1,2012.5503,mp_oct
1,2012.8507,mp_oct
1,2013.151,mp_oct
1,2013.4513,mp_oct
1,2013.7516,mp_oct
1,2014.052,mp_oct
1,2014.3523,mp_oct
1,2014.6526,mp_oct
1,2014.953,mp_oct
1,2015.2583,mp_oct
1,2015.5586,mp_oct
1,2015.8589,mp_oct
1,2016.1593,mp_oct
1,2016.4596,mp_oct
1,2016.7599,mp_oct
1,2017.0602,mp_oct
1,2017.3605,mp_oct
1,2017.6659,mp_oct
1,2017.9663,mp_oct
1,2018.2666,mp_oct
1,2018.5668,mp_oct
1,2018.8672,mp_oct
1,2019.1675,mp_oct
1,2019.4678,mp_oct
1,2019.7682,mp_oct
1,2020.0685,mp_oct
1,2020.3744,mp_oct
1,2020.6792,mp_oct
1,2020.9795,mp_oct
1,2021.2798,mp_oct
1,2021.5802,mp_oct
1,2021.8805,mp_oct
1,2022.1808,mp_oct
1,2022.4812,mp_oct
1,2022.7815,mp_oct
1,2023.0818,mp_oct
1,2023.3821,mp_oct
1,2023.6825,mp_oct
1,2023.9828,mp_oct
1,2024.2881,mp_oct
1,2024.5935,mp_oct
1,2024.8994,mp_oct
1,2025.2141,mp_oct
1,2025.5145,mp_oct
1,2025.8148,mp_oct
1,2026.1151,mp_oct
1,2026.4154,mp_oct
1,2026.7157,mp_oct
1,2027.0161,mp_oct
1,2027.342,mp_oct
1,2027.6423,mp_oct
1,2027.9427,mp_oct
1,2028.2574,mp_oct
1,2028.5578,mp_oct
1,2028.8581,mp_oct
1,2029.1684,mp_oct
1,2029.4687,mp_oct
1,2029.769,mp_oct
1,2030.0694,mp_oct
1,2030.3697,mp_oct
1,2030.6701,mp_oct
1,2030.986,mp_oct
1,2031.2863,mp_oct
1,2031.5866,mp_oct
1,2031.8869,mp_oct
1,2032.1873,mp_oct
1,2032.4876,mp_oct
1,2032.788,mp_oct
1,2033.0883,mp_oct
1,2033.3886,mp_oct
1,2033.6889,mp_oct
1,2033.9892,mp_oct
1,2034.2895,mp_oct
1,2034.59,mp_oct
1,2034.8902,mp_oct
1,2035.1905,mp_oct
1,2035.4908,mp_oct
1,2035.7912,mp_oct
1,2036.0916,mp_oct
1,2036.3919,mp_oct
1,2036.6922,mp_oct
1,2036.9925,mp_oct
1,2037.2929,mp_oct
1,2037.5932,mp_oct
1,2037.8935,mp_oct
1,2038.1939,mp_oct
1,2038.4941,mp_oct
1,2038.7945,mp_oct
1,2039.0948,mp_oct
1,2039.3951,mp_oct
1,2039.6955,mp_oct
1,2039.9957,mp_oct
1,2040.2961,mp_oct
1,2040.5964,mp_oct
1,2040.8967,mp_oct
1,2041.1971,mp_oct
1,2041.4974,mp_oct
1,2041.7978,mp_oct
1,2042.0981,mp_oct
1,2042.3984,mp_oct
1,2042.6987,mp_oct
1,2042.999,mp_oct
1,2043.2994,mp_oct
1,2043.5997,mp_oct
1,2043.9001,mp_oct
1,2044.2004,mp_oct
1,2044.5007,mp_oct
1,2044.8011,mp_oct
1,2045.1013,mp_oct
1,2045.4017,mp_oct
1,2045.702,mp_oct
1,2046.0023,mp_oct
1,2046.3027,mp_oct
1,2046.603,mp_oct
1,2046.9033,mp_oct
1,2047.2036,mp_oct
1,2047.5039,mp_oct
1,2047.8042,mp_oct
1,2048.1046,mp_oct
1,2048.4049,mp_oct
1,2048.7052,mp_oct
1,2049.0056,mp_oct
1,2049.3059,mp_oct
1,2049.6062,mp_oct
1,2049.9066,mp_oct
1,2050.2068,mp_oct
1,2050.5072,mp_oct
1,2050.8076,mp_oct
1,2051.1079,mp_oct
1,2051.4082,mp_oct
1,2051.7085,mp_oct
1,2052.0088,mp_oct
1,2052.3092,mp_oct
1,2052.6095,mp_oct
1,2052.9099,mp_oct
1,2053.2102,mp_oct
1,2053.5105,mp_oct
1,2053.8108,mp_oct
1,2054.1111,mp_oct
1,2054.4115,mp_oct
1,2054.7118,mp_oct
1,2055.0121,mp_oct
1,2055.3124,mp_oct
1,2055.6128,mp_oct
1,2055.9131,mp_oct
1,2056.2134,mp_oct
1,2056.5182,mp_oct
1,2056.8185,mp_oct
1,2057.1188,mp_oct
1,2057.4192,mp_oct
1,2057.7195,mp_oct
1,2058.0198,mp_oct
1,2058.3201,mp_oct
1,2058.6205,mp_oct
1,2058.9208,mp_oct
1,2059.2212,mp_oct
1,2059.5215,mp_oct
1,2059.8268,mp_oct
1,2060.1271,mp_oct
1,2060.4324,mp_oct
1,2060.7328,mp_oct
1,2061.0331,mp_oct
1,2061.3391,mp_oct
1,2061.6437,mp_oct
1,2061.9441,mp_oct
1,2062.2444,mp_oct
1,2062.5447,mp_oct
6,2062.8451,mp_oct
6,2063.1454,mp_oct
1,2063.4457,mp_oct
1,2063.746,mp_oct
0,2064.0464,mp_oct
0,2064.3467,mp_oct
0,2064.647,mp_oct
0,2064.9524,mp_oct
0,2065.2526,mp_oct
0,2065.553,mp_oct
0,2065.8583,mp_oct
0,2066.1643,mp_oct
0,2066.4646,mp_oct
0,2066.7649,mp_oct
0,2067.0652,mp_oct
0,2067.3655,mp_oct
1,2067.6659,mp_oct
1,2067.9662,mp_oct
1,2068.2665,mp_oct
1,2068.5669,mp_oct
1,2068.8673,mp_oct
1,2069.1676,mp_oct
1,2069.4679,mp_oct
1,2069.7682,mp_oct
1,2070.0685,mp_oct
1,2070.3741,mp_oct
1,2070.6786,mp_oct
1,2070.9789,mp_oct
1,2071.2792,mp_oct
1,2071.5795,mp_oct
1,2071.8799,mp_oct
1,2072.1802,mp_oct
1,2072.4805,mp_oct
1,2072.7809,mp_oct
1,2073.0812,mp_oct
1,2073.3815,mp_oct
6,2073.6868,mp_oct
1,2073.9872,mp_oct
1,2074.2931,mp_oct
1,2074.5934,mp_oct
1,2074.8938,mp_oct
13,2075.1941,mp_oct
0,2075.4944,mp_oct
13,2075.7948,mp_oct
1,2076.0951,mp_oct
6,2076.3954,mp_oct
1,2076.6958,mp_oct
1,2076.9961,mp_oct
0,2077.2964,mp_oct
0,2077.5968,mp_oct
1,2077.8971,mp_oct
0,2078.1973,mp_oct
0,2078.4977,mp_oct
0,2078.798,mp_oct
0,2079.1028,mp_oct
0,2079.403,mp_oct
0,2079.7084,mp_oct
0,2080.0087,mp_oct
13,2080.3091,mp_oct
0,2080.6094,mp_oct
0,2080.9098,mp_oct
0,2081.21,mp_oct
0,2081.5103,mp_oct
13,2081.8108,mp_oct
15,2082.111,mp_oct
13,2082.4114,mp_oct
13,2082.7117,mp_oct
15,2083.017,mp_oct
1,2083.3173,mp_oct
1,2083.6177,mp_oct
1,2083.9238,mp_oct
1,2084.2241,mp_oct
1,2084.5244,mp_oct
1,2084.8248,mp_oct
1,2085.1251,mp_oct
1,2085.4254,mp_oct
1,2085.7258,mp_oct
1,2086.0261,mp_oct
1,2086.3264,mp_oct
1,2086.631,mp_oct
1,2086.9313,mp_oct
1,2087.2316,mp_oct
1,2087.532,mp_oct
1,2087.8322,mp_oct
1,2088.1326,mp_oct
1,2088.4379,mp_oct
1,2088.7489,mp_oct
1,2089.0536,mp_oct
1,2089.354,mp_oct
1,2089.6542,mp_oct
1,2089.9546,mp_oct
1,2090.2549,mp_oct
1,2090.5602,mp_oct
1,2090.8606,mp_oct
1,2091.1609,mp_oct
1,2091.4612,mp_oct
1,2091.7615,mp_oct
1,2092.0618,mp_oct
1,2092.3622,mp_oct
1,2092.6625,mp_oct
1,2092.9628,mp_oct
1,2093.2632,mp_oct
1,2093.5635,mp_oct
1,2093.8638,mp_oct
1,2094.1642,mp_oct
1,2094.4645,mp_oct
1,2094.7648,mp_oct
1,2095.0652,mp_oct
1,2095.3654,mp_oct
1,2095.6658,mp_oct
1,2095.9661,mp_oct
1,2096.2665,mp_oct
1,2096.5668,mp_oct
1,2096.8721,mp_oct
1,2097.1724,mp_oct
1,2097.4728,mp_oct
1,2097.7788,mp_oct
1,2098.079,mp_oct
1,2098.3794,mp_oct
0,2098.6797,mp_oct
13,2098.9801,mp_oct
0,2099.2804,mp_oct
13,2099.5807,mp_oct
15,2099.881,mp_oct
1,2100.1813,mp_oct
1,2100.4817,mp_oct
1,2100.782,mp_oct
1,2101.0823,mp_oct
1,2101.3827,mp_oct
1,2101.683,mp_oct
1,2101.9834,mp_oct
1,2102.2836,mp_oct
1,2102.584,mp_oct
1,2102.8844,mp_oct
1,2103.1847,mp_oct
1,2103.485,mp_oct
1,2103.7853,mp_oct
1,2104.0856,mp_oct
1,2104.386,mp_oct
1,2104.6863,mp_oct
1,2104.9867,mp_oct
1,2105.2869,mp_oct
1,2105.5873,mp_oct
1,2105.8876,mp_oct
1,2106.1879,mp_oct
1,2106.4892,mp_oct
1,2106.7885,mp_oct
1,2107.089,mp_oct
1,2107.3892,mp_oct
13,2107.6895,mp_oct
13,2107.9899,mp_oct
13,2108.2902,mp_oct
13,2108.5905,mp_oct
13,2108.8908,mp_oct
13,2109.1912,mp_oct
13,2109.4915,mp_oct
13,2109.7918,mp_oct
13,2110.0922,mp_oct
0,2110.3925,mp_oct
0,2110.6928,mp_oct
13,2110.9931,mp_oct
13,2111.2934,mp_oct
13,2111.5938,mp_oct
13,2111.8941,mp_oct
13,2112.1945,mp_oct
13,2112.4948,mp_oct
13,2112.7951,mp_oct
13,2113.0954,mp_oct
13,2113.3958,mp_oct
13,2113.6961,mp_oct
13,2113.9964,mp_oct
13,2114.2968,mp_oct
13,2114.5972,mp_oct
13,2114.8974,mp_oct
13,2115.1978,mp_oct
13,2115.4981,mp_oct
13,2115.7984,mp_oct
15,2116.0988,mp_oct
14,2116.4034,mp_oct
14,2116.7038,mp_oct
1,2117.0041,mp_oct
1,2117.3094,mp_oct
1,2117.6097,mp_oct
1,2117.9101,mp_oct
1,2118.2104,mp_oct
1,2118.5107,mp_oct
1,2118.811,mp_oct
1,2119.1114,mp_oct
1,2119.4117,mp_oct
1,2119.712,mp_oct
1,2120.0124,mp_oct
1,2120.3127,mp_oct
1,2120.6236,mp_oct
1,2120.9248,mp_oct
1,2121.2243,mp_oct
1,2121.5246,mp_oct
1,2121.825,mp_oct
1,2122.1253,mp_oct
1,2122.4256,mp_oct
1,2122.7259,mp_oct
1,2123.0262,mp_oct
1,2123.3266,mp_oct
1,2123.627,mp_oct
1,2123.9272,mp_oct
1,2124.2275,mp_oct
1,2124.5279,mp_oct
1,2124.8282,mp_oct
1,2125.1285,mp_oct
1,2125.4289,mp_oct
1,2125.7292,mp_oct
1,2126.0295,mp_oct
1,2126.3299,mp_oct
1,2126.6302,mp_oct
1,2126.9305,mp_oct
1,2127.2308,mp_oct
1,2127.5312,mp_oct
1,2127.8315,mp_oct
1,2128.1318,mp_oct
1,2128.4322,mp_oct
1,2128.7324,mp_oct
1,2129.0328,mp_oct
1,2129.3332,mp_oct
1,2129.6479,mp_oct
1,2129.9482,mp_oct
1,2130.2485,mp_oct
1,2130.5489,mp_oct
1,2130.8492,mp_oct
1,2131.1795,mp_oct
1,2131.4955,mp_oct
1,2131.7958,mp_oct
1,2132.1256,mp_oct
1,2132.4509,mp_oct
1,2132.7569,mp_oct
1,2133.0572,mp_oct
1,2133.382,mp_oct
1,2133.6823,mp_oct
1,2133.9826,mp_oct
1,2134.2829,mp_oct
1,2134.5833,mp_oct
1,2134.8836,mp_oct
1,2135.184,mp_oct
1,2135.4999,mp_oct
1,2135.8002,mp_oct
1,2136.1006,mp_oct
1,2136.4008,mp_oct
1,2136.7012,mp_oct
1,2137.0015,mp_oct
1,2137.3018,mp_oct
1,2137.6116,mp_oct
1,2137.9626,mp_oct
1,2138.2629,mp_oct
1,2138.5632,mp_oct
1,2138.8635,mp_oct
1,2139.1639,mp_oct
1,2139.4642,mp_oct
1,2139.7645,mp_oct
1,2140.0649,mp_oct
1,2140.3652,mp_oct
1,2140.6655,mp_oct
1,2140.9659,mp_oct
1,2141.2662,mp_oct
1,2141.5665,mp_oct
1,2141.8668,mp_oct
1,2142.1672,mp_oct
1,2142.4675,mp_oct
1,2142.7678,mp_oct
1,2143.0682,mp_oct
1,2143.3685,mp_oct
1,2143.6688,mp_oct
1,2143.9735,mp_oct
1,2144.2739,mp_oct
1,2144.5742,mp_oct
1,2144.8745,mp_oct
1,2145.1748,mp_oct
1,2145.4752,mp_oct
1,2145.7756,mp_oct
1,2146.0758,mp_oct
1,2146.3762,mp_oct
1,2146.6764,mp_oct
1,2146.9768,mp_oct
1,2147.2771,mp_oct
1,2147.5775,mp_oct
1,2147.8779,mp_oct
1,2148.1781,mp_oct
1,2148.4785,mp_oct
1,2148.7788,mp_oct
1,2149.0791,mp_oct
1,2149.3795,mp_oct
1,2149.6797,mp_oct
1,2149.9801,mp_oct
1,2150.2804,mp_oct
1,2150.5808,mp_oct
1,2150.8811,mp_oct
1,2151.1814,mp_oct
1,2151.4818,mp_oct
1,2151.7821,mp_oct
1,2152.0824,mp_oct
1,2152.3828,mp_oct
1,2152.6831,mp_oct
1,2152.9834,mp_oct
1,2153.2837,mp_oct
1,2153.584,mp_oct
1,2153.8844,mp_oct
1,2154.1847,mp_oct
1,2154.485,mp_oct
1,2154.7854,mp_oct
1,2155.0857,mp_oct
1,2155.386,mp_oct
1,2155.6864,mp_oct
1,2155.9867,mp_oct
1,2156.287,mp_oct
1,2156.5873,mp_oct
1,2156.8876,mp_oct
1,2157.188,mp_oct
1,2157.4933,mp_oct
1,2157.7937,mp_oct
1,2158.094,mp_oct
1,2158.3943,mp_oct
1,2158.6947,mp_oct
1,2158.9949,mp_oct
1,2159.2953,mp_oct
1,2159.5956,mp_oct
1,2159.896,mp_oct
1,2160.1963,mp_oct
1,2160.4966,mp_oct
1,2160.7969,mp_oct
1,2161.0973,mp_oct
1,2161.4176,mp_oct
1,2161.718,mp_oct
1,2162.0182,mp_oct
1,2162.3186,mp_oct
1,2162.6189,mp_oct
1,2162.9192,mp_oct
1,2163.2196,mp_oct
1,2163.5199,mp_oct
1,2163.8203,mp_oct
1,2164.1206,mp_oct
1,2164.4209,mp_oct
1,2164.7213,mp_oct
1,2165.0216,mp_oct
1,2165.3219,mp_oct
1,2165.6222,mp_oct
1,2165.9226,mp_oct
1,2166.2229,mp_oct
1,2166.5232,mp_oct
1,2166.8236,mp_oct
1,2167.1239,mp_oct
1,2167.4242,mp_oct
1,2167.7245,mp_oct
1,2168.0249,mp_oct
1,2168.3252,mp_oct
1,2168.6255,mp_oct
1,2168.9259,mp_oct
1,2169.2261,mp_oct
1,2169.5265,mp_oct
1,2169.8268,mp_oct
1,2170.1271,mp_oct
1,2170.4275,mp_oct
1,2170.7278,mp_oct
1,2171.0281,mp_oct
1,2171.3284,mp_oct
1,2171.6287,mp_oct
1,2171.9291,mp_oct
1,2172.2294,mp_oct
1,2172.5298,mp_oct
1,2172.8406,mp_oct
1,2173.141,mp_oct
1,2173.4413,mp_oct
1,2173.7417,mp_oct
1,2174.042,mp_oct
1,2174.3423,mp_oct
1,2174.6427,mp_oct
1,2174.943,mp_oct
1,2175.2433,mp_oct
1,2175.5436,mp_oct
1,2175.844,mp_oct
1,2176.1443,mp_oct
1,2176.4447,mp_oct
1,2176.745,mp_oct
1,2177.0453,mp_oct
1,2177.3456,mp_oct
1,2177.646,mp_oct
1,2177.9463,mp_oct
1,2178.2467,mp_oct
1,2178.5469,mp_oct
1,2178.8473,mp_oct
1,2179.1476,mp_oct
1,2179.4479,mp_oct
1,2179.7482,mp_oct
1,2180.0486,mp_oct
1,2180.3489,mp_oct
1,2180.6536,mp_oct
1,2180.954,mp_oct
1,2181.2543,mp_oct
1,2181.5546,mp_oct
1,2181.855,mp_oct
1,2182.1553,mp_oct
1,2182.4557,mp_oct
1,2182.7559,mp_oct
1,2183.0563,mp_oct
1,2183.3566,mp_oct
1,2183.657,mp_oct
1,2183.9573,mp_oct
1,2184.2576,mp_oct
1,2184.5579,mp_oct
1,2184.8583,mp_oct
1,2185.1586,mp_oct
1,2185.4589,mp_oct
1,2185.7592,mp_oct
1,2186.0596,mp_oct
1,2186.3599,mp_oct
1,2186.6603,mp_oct
1,2186.9606,mp_oct
1,2187.2609,mp_oct
1,2187.5612,mp_oct
1,2187.8616,mp_oct
1,2188.1618,mp_oct
1,2188.4622,mp_oct
1,2188.7626,mp_oct
1,2189.0629,mp_oct
1,2189.3682,mp_oct
1,2189.6685,mp_oct
1,2189.9688,mp_oct
1,2190.2692,mp_oct
1,2190.5694,mp_oct
1,2190.8699,mp_oct
1,2191.1701,mp_oct
1,2191.4705,mp_oct
1,2191.7708,mp_oct
1,2192.0711,mp_oct
1,2192.3715,mp_oct
1,2192.6718,mp_oct
1,2192.9721,mp_oct
1,2193.2724,mp_oct
1,2193.5728,mp_oct
1,2193.8731,mp_oct
1,2194.1734,mp_oct
1,2194.4737,mp_oct
1,2194.7741,mp_oct
1,2195.0745,mp_oct
1,2195.3747,mp_oct
1,2195.6751,mp_oct
1,2195.9755,mp_oct
1,2196.2757,mp_oct
1,2196.5761,mp_oct
1,2196.8764,mp_oct
1,2197.1767,mp_oct
1,2197.4771,mp_oct
1,2197.7773,mp_oct
1,2198.0777,mp_oct
1,2198.378,mp_oct
1,2198.6784,mp_oct
1,2198.9787,mp_oct
1,2199.279,mp_oct
1,2199.5794,mp_oct
1,2199.8797,mp_oct
1,2200.18,mp_oct
1,2200.4803,mp_oct
1,2200.7807,mp_oct
1,2201.081,mp_oct
1,2201.3813,mp_oct
1,2201.6816,mp_oct
1,2201.9819,mp_oct
1,2202.2823,mp_oct
1,2202.5827,mp_oct
1,2202.883,mp_oct
1,2203.1832,mp_oct
1,2203.4836,mp_oct
1,2203.7839,mp_oct
1,2204.0843,mp_oct
1,2204.3846,mp_oct
1,2204.6849,mp_oct
1,2204.9852,mp_oct
1,2205.2856,mp_oct
1,2205.5859,mp_oct
1,2205.8862,mp_oct
1,2206.1865,mp_oct
1,2206.4869,mp_oct
1,2206.7873,mp_oct
1,2207.0925,mp_oct
1,2207.3929,mp_oct
1,2207.6932,mp_oct
1,2207.9935,mp_oct
1,2208.2939,mp_oct
1,2208.5941,mp_oct
1,2208.8945,mp_oct
1,2209.1948,mp_oct
1,2209.4952,mp_oct
1,2209.7955,mp_oct
1,2210.0958,mp_oct
1,2210.3962,mp_oct
1,2210.6965,mp_oct
1,2210.9968,mp_oct
1,2211.2971,mp_oct
1,2211.5974,mp_oct
1,2211.8978,mp_oct
1,2212.1981,mp_oct
1,2212.5084,mp_oct
1,2212.8088,mp_oct
1,2213.1091,mp_oct
1,2213.4144,mp_oct
1,2213.7148,mp_oct
1,2214.0151,mp_oct
1,2214.3154,mp_oct
1,2214.6158,mp_oct
1,2214.9161,mp_oct
1,2215.2164,mp_oct
1,2215.5167,mp_oct
1,2215.8171,mp_oct
1,2216.1175,mp_oct
1,2216.4178,mp_oct
1,2216.7181,mp_oct
1,2217.0184,mp_oct
1,2217.3187,mp_oct
1,2217.619,mp_oct
1,2217.9194,mp_oct
1,2218.2197,mp_oct
1,2218.5201,mp_oct
1,2218.8203,mp_oct
1,2219.1206,mp_oct
1,2219.421,mp_oct
1,2219.7213,mp_oct
1,2220.0217,mp_oct
1,2220.322,mp_oct
1,2220.6223,mp_oct
1,2220.9277,mp_oct
1,2221.2336,mp_oct
1,2221.534,mp_oct
1,2221.8343,mp_oct
1,2222.1346,mp_oct
1,2222.4349,mp_oct
1,2222.7397,mp_oct
1,2223.04,mp_oct
1,2223.3404,mp_oct
1,2223.6406,mp_oct
1,2223.941,mp_oct
1,2224.2413,mp_oct
1,2224.5416,mp_oct
1,2224.842,mp_oct
1,2225.1423,mp_oct
1,2225.4426,mp_oct
1,2225.7429,mp_oct
1,2226.0433,mp_oct
1,2226.3486,mp_oct
1,2226.649,mp_oct
1,2226.9493,mp_oct
1,2227.2496,mp_oct
1,2227.5499,mp_oct
1,2227.8503,mp_oct
1,2228.1506,mp_oct
1,2228.4509,mp_oct
1,2228.7513,mp_oct
1,2229.0516,mp_oct
1,2229.3519,mp_oct
1,2229.6523,mp_oct
1,2229.9526,mp_oct
1,2230.2529,mp_oct
1,2230.5532,mp_oct
1,2230.8536,mp_oct
1,2231.1539,mp_oct
1,2231.4542,mp_oct
1,2231.7545,mp_oct
1,2232.0549,mp_oct
1,2232.3552,mp_oct
1,2232.6555,mp_oct
1,2232.9559,mp_oct
1,2233.2563,mp_oct
1,2233.5565,mp_oct
1,2233.8569,mp_oct
1,2234.1572,mp_oct
1,2234.4575,mp_oct
1,2234.7578,mp_oct
1,2235.0582,mp_oct
1,2235.3585,mp_oct
1,2235.6589,mp_oct
1,2235.9592,mp_oct
1,2236.2595,mp_oct
1,2236.5598,mp_oct
1,2236.8602,mp_oct
1,2237.1604,mp_oct
1,2237.4608,mp_oct
1,2237.7612,mp_oct
1,2238.0615,mp_oct
1,2238.3619,mp_oct
1,2238.6621,mp_oct
1,2238.9625,mp_oct
1,2239.2628,mp_oct
1,2239.5632,mp_oct
1,2239.8635,mp_oct
1,2240.1639,mp_oct
1,2240.4692,mp_oct
1,2240.7695,mp_oct
1,2241.0698,mp_oct
1,2241.3701,mp_oct
1,2241.6705,mp_oct
1,2241.9708,mp_oct
1,2242.2711,mp_oct
1,2242.5715,mp_oct
1,2242.8718,mp_oct
1,2243.1721,mp_oct
1,2243.4724,mp_oct
1,2243.7727,mp_oct
1,2244.0731,mp_oct
1,2244.3734,mp_oct
1,2244.6737,mp_oct
1,2244.974,mp_oct
1,2245.2743,mp_oct
1,2245.5747,mp_oct
1,2245.875,mp_oct
1,2246.1754,mp_oct
1,2246.4757,mp_oct
1,2246.776,mp_oct
1,2247.0764,mp_oct
1,2247.3767,mp_oct
1,2247.677,mp_oct
1,2247.9774,mp_oct
1,2248.2777,mp_oct
1,2248.578,mp_oct
1,2248.8783,mp_oct
1,2249.1843,mp_oct
1,2249.4846,mp_oct
1,2249.7849,mp_oct
1,2250.0853,mp_oct
1,2250.3856,mp_oct
1,2250.686,mp_oct
1,2250.9862,mp_oct
1,2251.2866,mp_oct
1,2251.5869,mp_oct
1,2251.8873,mp_oct
1,2252.1876,mp_oct
1,2252.4879,mp_oct
1,2252.7882,mp_oct
1,2253.0886,mp_oct
1,2253.4033,mp_oct
1,2253.7037,mp_oct
1,2254.004,mp_oct
1,2254.3043,mp_oct
1,2254.6047,mp_oct
1,2254.905,mp_oct
1,2255.2053,mp_oct
1,2255.5056,mp_oct
1,2255.8059,mp_oct
1,2256.1063,mp_oct
1,2256.4066,mp_oct
1,2256.7069,mp_oct
1,2257.0073,mp_oct
1,2257.3133,mp_oct
1,2257.6179,mp_oct
1,2257.9182,mp_oct
1,2258.2236,mp_oct
1,2258.5239,mp_oct
1,2258.8243,mp_oct
1,2259.1246,mp_oct
1,2259.4249,mp_oct
1,2259.7252,mp_oct
1,2260.0256,mp_oct
1,2260.3259,mp_oct
1,2260.6262,mp_oct
1,2260.9266,mp_oct
1,2261.2269,mp_oct
1,2261.5272,mp_oct
1,2261.8381,mp_oct
1,2262.1429,mp_oct
1,2262.4432,mp_oct
1,2262.7485,mp_oct
1,2263.0489,mp_oct
1,2263.3542,mp_oct
1,2263.6545,mp_oct
1,2263.9549,mp_oct
1,2264.2552,mp_oct
1,2264.5555,mp_oct
1,2264.8558,mp_oct
1,2265.1562,mp_oct
1,2265.4566,mp_oct
1,2265.7569,mp_oct
1,2266.0572,mp_oct
1,2266.3575,mp_oct
1,2266.6579,mp_oct
1,2266.9638,mp_oct
1,2267.2685,mp_oct
1,2267.5738,mp_oct
1,2267.8741,mp_oct
1,2268.1745,mp_oct
1,2268.4748,mp_oct
1,2268.7751,mp_oct
1,2269.0805,mp_oct
1,2269.3808,mp_oct
1,2269.6811,mp_oct
1,2269.9815,mp_oct
1,2270.2874,mp_oct
1,2270.5877,mp_oct
1,2270.888,mp_oct
1,2271.1884,mp_oct
1,2271.4887,mp_oct
1,2271.7891,mp_oct
1,2272.0893,mp_oct
1,2272.3897,mp_oct
1,2272.69,mp_oct
1,2272.9903,mp_oct
1,2273.2907,mp_oct
1,2273.591,mp_oct
1,2273.8914,mp_oct
1,2274.1916,mp_oct
1,2274.492,mp_oct
1,2274.7923,mp_oct
1,2275.0927,mp_oct
1,2275.393,mp_oct
1,2275.6933,mp_oct
1,2275.9937,mp_oct
1,2276.2984,mp_oct
1,2276.5987,mp_oct
1,2276.899,mp_oct
1,2277.1994,mp_oct
1,2277.4997,mp_oct
1,2277.8,mp_oct
1,2278.1004,mp_oct
1,2278.4006,mp_oct
1,2278.701,mp_oct
1,2279.0013,mp_oct
1,2279.3016,mp_oct
1,2279.602,mp_oct
1,2279.9023,mp_oct
1,2280.2026,mp_oct
1,2280.503,mp_oct
1,2280.8033,mp_oct
1,2281.1036,mp_oct
1,2281.404,mp_oct
1,2281.7043,mp_oct
1,2282.0047,mp_oct
1,2282.305,mp_oct
1,2282.6053,mp_oct
1,2282.9056,mp_oct
1,2283.206,mp_oct
1,2283.5063,mp_oct
1,2283.8066,mp_oct
1,2284.1069,mp_oct
1,2284.4073,mp_oct
1,2284.7076,mp_oct
1,2285.0079,mp_oct
1,2285.3083,mp_oct
1,2285.6086,mp_oct
1,2285.9089,mp_oct
1,2286.2092,mp_oct
1,2286.5095,mp_oct
1,2286.8099,mp_oct
1,2287.1102,mp_oct
1,2287.4106,mp_oct
1,2287.7109,mp_oct
1,2288.0112,mp_oct
1,2288.3116,mp_oct
1,2288.6119,mp_oct
1,2288.9122,mp_oct
1,2289.2126,mp_oct
1,2289.5129,mp_oct
1,2289.8132,mp_oct
1,2290.1135,mp_oct
1,2290.4138,mp_oct
1,2290.7141,mp_oct
1,2291.0145,mp_oct
1,2291.3148,mp_oct
1,2291.6151,mp_oct
1,2291.9155,mp_oct
1,2292.2158,mp_oct
1,2292.5162,mp_oct
1,2292.8215,mp_oct
1,2293.1218,mp_oct
1,2293.4221,mp_oct
1,2293.7225,mp_oct
1,2294.0228,mp_oct
1,2294.3232,mp_oct
1,2294.6235,mp_oct
1,2294.9238,mp_oct
1,2295.2291,mp_oct
1,2295.5295,mp_oct
1,2295.8298,mp_oct
1,2296.1302,mp_oct
1,2296.4305,mp_oct
1,2296.7308,mp_oct
1,2297.0311,mp_oct
1,2297.3315,mp_oct
1,2297.6318,mp_oct
1,2297.9321,mp_oct
1,2298.2324,mp_oct
1,2298.5384,mp_oct
1,2298.8387,mp_oct
1,2299.139,mp_oct
1,2299.4394,mp_oct
1,2299.7397,mp_oct
1,2300.04,mp_oct
1,2300.3404,mp_oct
1,2300.6407,mp_oct
1,2300.941,mp_oct
1,2301.2414,mp_oct
1,2301.5417,mp_oct
1,2301.842,mp_oct
1,2302.1423,mp_oct
1,2302.4427,mp_oct
1,2302.743,mp_oct
1,2303.0433,mp_oct
1,2303.3436,mp_oct
1,2303.644,mp_oct
1,2303.9443,mp_oct
1,2304.2446,mp_oct
1,2304.545,mp_oct
1,2304.8452,mp_oct
1,2305.1456,mp_oct
1,2305.4459,mp_oct
1,2305.7463,mp_oct
1,2306.0466,mp_oct
1,2306.3469,mp_oct
1,2306.6472,mp_oct
1,2306.9476,mp_oct
1,2307.2479,mp_oct
1,2307.5483,mp_oct
1,2307.8486,mp_oct
1,2308.1489,mp_oct
1,2308.4492,mp_oct
1,2308.7495,mp_oct
1,2309.0499,mp_oct
1,2309.3502,mp_oct
1,2309.6506,mp_oct
1,2309.9509,mp_oct
1,2310.2512,mp_oct
1,2310.5515,mp_oct
1,2310.8519,mp_oct
1,2311.1523,mp_oct
1,2311.4525,mp_oct
1,2311.7528,mp_oct
1,2312.0532,mp_oct
1,2312.3535,mp_oct
1,2312.6539,mp_oct
1,2312.9542,mp_oct
1,2313.2546,mp_oct
1,2313.5548,mp_oct
1,2313.8551,mp_oct
1,2314.1555,mp_oct
1,2314.4559,mp_oct
1,2314.7562,mp_oct
1,2315.0565,mp_oct
1,2315.3568,mp_oct
1,2315.6572,mp_oct
1,2315.9575,mp_oct
1,2316.2578,mp_oct
1,2316.5582,mp_oct
1,2316.8585,mp_oct
1,2317.1588,mp_oct
1,2317.4591,mp_oct
1,2317.7595,mp_oct
1,2318.0598,mp_oct
1,2318.3601,mp_oct
1,2318.6604,mp_oct
1,2318.9607,mp_oct
1,2319.2611,mp_oct
1,2319.5615,mp_oct
1,2319.8618,mp_oct
1,2320.1621,mp_oct
1,2320.4624,mp_oct
1,2320.7627,mp_oct
1,2321.0631,mp_oct
1,2321.3635,mp_oct
1,2321.6638,mp_oct
1,2321.9641,mp_oct
1,2322.2644,mp_oct
1,2322.5647,mp_oct
1,2322.8651,mp_oct
1,2323.1654,mp_oct
1,2323.4657,mp_oct
1,2323.7661,mp_oct
1,2324.0664,mp_oct
1,2324.3667,mp_oct
1,2324.6671,mp_oct
1,2324.9674,mp_oct
1,2325.2677,mp_oct
1,2325.5681,mp_oct
1,2325.8684,mp_oct
1,2326.1687,mp_oct
1,2326.4691,mp_oct
1,2326.7694,mp_oct
1,2327.0697,mp_oct
1,2327.37,mp_oct
1,2327.6703,mp_oct
1,2327.9708,mp_oct
1,2328.271,mp_oct
1,2328.5714,mp_oct
1,2328.8717,mp_oct
1,2329.172,mp_oct
1,2329.4724,mp_oct
1,2329.7726,mp_oct
1,2330.0731,mp_oct
1,2330.3734,mp_oct
1,2330.6738,mp_oct
1,2330.974,mp_oct
1,2331.2744,mp_oct
1,2331.5747,mp_oct
1,2331.875,mp_oct
1,2332.1753,mp_oct
1,2332.4757,mp_oct
1,2332.776,mp_oct
1,2333.0763,mp_oct
1,2333.3767,mp_oct
1,2333.677,mp_oct
1,2333.9773,mp_oct
1,2334.2777,mp_oct
1,2334.578,mp_oct
1,2334.8783,mp_oct
1,2335.1786,mp_oct
1,2335.4789,mp_oct
1,2335.7793,mp_oct
1,2336.0796,mp_oct
1,2336.38,mp_oct
1,2336.6803,mp_oct
1,2336.9806,mp_oct
1,2337.281,mp_oct
1,2337.5813,mp_oct
1,2337.8816,mp_oct
1,2338.182,mp_oct
1,2338.4823,mp_oct
1,2338.7826,mp_oct
1,2339.0829,mp_oct
1,2339.3833,mp_oct
1,2339.6836,mp_oct
1,2339.9839,mp_oct
1,2340.2843,mp_oct
1,2340.5846,mp_oct
1,2340.8849,mp_oct
1,2341.1852,mp_oct
1,2341.4856,mp_oct
1,2341.786,mp_oct
1,2342.0862,mp_oct
0,2342.3866,mp_oct
0,2342.6914,mp_oct
1,2342.9916,mp_oct
6,2343.292,mp_oct
1,2343.5923,mp_oct
1,2343.8926,mp_oct
1,2344.193,mp_oct
1,2344.4933,mp_oct
1,2344.7936,mp_oct
1,2345.0939,mp_oct
1,2345.3942,mp_oct
1,2345.6946,mp_oct
1,2345.9949,mp_oct
1,2346.3003,mp_oct
1,2346.6006,mp_oct
1,2346.9009,mp_oct
1,2347.2012,mp_oct
1,2347.5016,mp_oct
1,2347.8019,mp_oct
1,2348.1023,mp_oct
1,2348.4026,mp_oct
1,2348.7029,mp_oct
1,2349.0032,mp_oct
1,2349.3036,mp_oct
1,2349.6038,mp_oct
1,2349.9042,mp_oct
1,2350.2045,mp_oct
1,2350.5049,mp_oct
1,2350.8052,mp_oct
1,2351.1055,mp_oct
1,2351.4059,mp_oct
1,2351.7062,mp_oct
1,2352.0066,mp_oct
1,2352.3069,mp_oct
1,2352.6072,mp_oct
1,2352.9125,mp_oct
1,2353.2129,mp_oct
1,2353.5132,mp_oct
1,2353.8136,mp_oct
1,2354.1139,mp_oct
1,2354.4142,mp_oct
1,2354.7146,mp_oct
1,2355.0149,mp_oct
1,2355.3152,mp_oct
1,2355.6155,mp_oct
1,2355.9158,mp_oct
1,2356.2162,mp_oct
1,2356.5165,mp_oct
1,2356.8169,mp_oct
1,2357.1172,mp_oct
1,2357.4174,mp_oct
1,2357.7178,mp_oct
1,2358.0181,mp_oct
1,2358.3185,mp_oct
1,2358.6188,mp_oct
1,2358.9192,mp_oct
1,2359.2195,mp_oct
1,2359.5198,mp_oct
1,2359.8202,mp_oct
1,2360.1205,mp_oct
1,2360.4266,mp_oct
1,2360.7312,mp_oct
1,2361.0315,mp_oct
1,2361.3318,mp_oct
1,2361.6322,mp_oct
1,2361.9324,mp_oct
1,2362.2328,mp_oct
1,2362.5331,mp_oct
1,2362.8334,mp_oct
1,2363.1338,mp_oct
1,2363.4341,mp_oct
1,2363.7344,mp_oct
1,2364.0348,mp_oct
1,2364.3351,mp_oct
1,2364.6355,mp_oct
1,2364.9357,mp_oct
1,2365.2361,mp_oct
1,2365.5364,mp_oct
1,2365.8368,mp_oct
1,2366.1371,mp_oct
1,2366.4383,mp_oct
1,2366.7378,mp_oct
1,2367.0381,mp_oct
1,2367.3384,mp_oct
1,2367.6387,mp_oct
1,2367.939,mp_oct
1,2368.2394,mp_oct
1,2368.5397,mp_oct
1,2368.8401,mp_oct
1,2369.1404,mp_oct
1,2369.4407,mp_oct
1,2369.7411,mp_oct
1,2370.0414,mp_oct
1,2370.3417,mp_oct
1,2370.642,mp_oct
1,2370.9524,mp_oct
1,2371.2527,mp_oct
1,2371.5531,mp_oct
1,2371.8533,mp_oct
1,2372.1536,mp_oct
1,2372.454,mp_oct
1,2372.7544,mp_oct
1,2373.0547,mp_oct
1,2373.355,mp_oct
1,2373.6553,mp_oct
1,2373.9556,mp_oct
1,2374.256,mp_oct
1,2374.5563,mp_oct
1,2374.8566,mp_oct
1,2375.157,mp_oct
1,2375.4573,mp_oct
1,2375.7576,mp_oct
1,2376.0579,mp_oct
1,2376.3583,mp_oct
1,2376.6586,mp_oct
1,2376.9589,mp_oct
1,2377.2593,mp_oct
1,2377.5596,mp_oct
1,2377.8599,mp_oct
1,2378.1603,mp_oct
1,2378.4606,mp_oct
1,2378.7609,mp_oct
1,2379.0612,mp_oct
1,2379.3616,mp_oct
1,2379.662,mp_oct
1,2379.9622,mp_oct
1,2380.2625,mp_oct
1,2380.5629,mp_oct
1,2380.8633,mp_oct
1,2381.1635,mp_oct
1,2381.4639,mp_oct
1,2381.7642,mp_oct
1,2382.0645,mp_oct
1,2382.3649,mp_oct
1,2382.6652,mp_oct
1,2382.9656,mp_oct
1,2383.2659,mp_oct
1,2383.5662,mp_oct
1,2383.8665,mp_oct
1,2384.1668,mp_oct
1,2384.4671,mp_oct
1,2384.7675,mp_oct
1,2385.0678,mp_oct
1,2385.3682,mp_oct
1,2385.6685,mp_oct
1,2385.9688,mp_oct
1,2386.2692,mp_oct
1,2386.5695,mp_oct
1,2386.8698,mp_oct
1,2387.1701,mp_oct
1,2387.4705,mp_oct
1,2387.7708,mp_oct
1,2388.0711,mp_oct
1,2388.3715,mp_oct
1,2388.6718,mp_oct
1,2388.9721,mp_oct
1,2389.2724,mp_oct
1,2389.5728,mp_oct
1,2389.8731,mp_oct
1,2390.1734,mp_oct
1,2390.4737,mp_oct
1,2390.7741,mp_oct
1,2391.0744,mp_oct
1,2391.3748,mp_oct
1,2391.6751,mp_oct
1,2391.9754,mp_oct
1,2392.2757,mp_oct
1,2392.5761,mp_oct
1,2392.8764,mp_oct
1,2393.1767,mp_oct
1,2393.4771,mp_oct
1,2393.7774,mp_oct
1,2394.0778,mp_oct
1,2394.3781,mp_oct
1,2394.6784,mp_oct
1,2394.9787,mp_oct
1,2395.279,mp_oct
1,2395.5794,mp_oct
1,2395.8797,mp_oct
1,2396.18,mp_oct
1,2396.4804,mp_oct
1,2396.7806,mp_oct
1,2397.081,mp_oct
1,2397.3813,mp_oct
1,2397.6817,mp_oct
1,2397.982,mp_oct
1,2398.2823,mp_oct
1,2398.5826,mp_oct
1,2398.883,mp_oct
1,2399.1833,mp_oct
1,2399.4836,mp_oct
1,2399.784,mp_oct
1,2400.0843,mp_oct
1,2400.3846,mp_oct
1,2400.685,mp_oct
1,2400.9853,mp_oct
1,2401.2856,mp_oct
1,2401.5859,mp_oct
1,2401.8863,mp_oct
1,2402.1866,mp_oct
1,2402.4869,mp_oct
1,2402.7929,mp_oct
1,2403.0932,mp_oct
1,2403.3935,mp_oct
1,2403.6938,mp_oct
1,2403.9942,mp_oct
1,2404.2945,mp_oct
1,2404.5948,mp_oct
1,2404.8951,mp_oct
1,2405.1955,mp_oct
1,2405.4958,mp_oct
1,2405.7961,mp_oct
1,2406.0964,mp_oct
1,2406.3967,mp_oct
1,2406.6971,mp_oct
1,2406.9974,mp_oct
1,2407.2978,mp_oct
1,2407.5981,mp_oct
1,2407.8985,mp_oct
1,2408.1988,mp_oct
1,2408.4991,mp_oct
1,2408.7994,mp_oct
1,2409.0997,mp_oct
1,2409.4,mp_oct
1,2409.7004,mp_oct
1,2410.0007,mp_oct
1,2410.3011,mp_oct
1,2410.6014,mp_oct
1,2410.9017,mp_oct
1,2411.2065,mp_oct
1,2411.5318,mp_oct
1,2411.8321,mp_oct
1,2412.1325,mp_oct
1,2412.4378,mp_oct
1,2412.7437,mp_oct
1,2413.0485,mp_oct
1,2413.3488,mp_oct
1,2413.6491,mp_oct
1,2413.9495,mp_oct
1,2414.2498,mp_oct
1,2414.5501,mp_oct
1,2414.8505,mp_oct
1,2415.1508,mp_oct
1,2415.4511,mp_oct
1,2415.7514,mp_oct
1,2416.0518,mp_oct
1,2416.3521,mp_oct
1,2416.6524,mp_oct
1,2416.9527,mp_oct
1,2417.2531,mp_oct
1,2417.5534,mp_oct
1,2417.8538,mp_oct
1,2418.1541,mp_oct
1,2418.4543,mp_oct
1,2418.7547,mp_oct
1,2419.055,mp_oct
1,2419.3554,mp_oct
1,2419.6556,mp_oct
1,2419.956,mp_oct
1,2420.2564,mp_oct
1,2420.5567,mp_oct
1,2420.857,mp_oct
1,2421.1573,mp_oct
1,2421.4577,mp_oct
1,2421.758,mp_oct
1,2422.0584,mp_oct
1,2422.3587,mp_oct
1,2422.659,mp_oct
1,2422.9593,mp_oct
1,2423.2596,mp_oct
1,2423.56,mp_oct
1,2423.8603,mp_oct
1,2424.1607,mp_oct
1,2424.461,mp_oct
1,2424.7613,mp_oct
1,2425.0616,mp_oct
1,2425.362,mp_oct
1,2425.6623,mp_oct
1,2425.9626,mp_oct
1,2426.263,mp_oct
1,2426.5633,mp_oct
1,2426.8636,mp_oct
1,2427.1639,mp_oct
1,2427.4642,mp_oct
1,2427.7646,mp_oct
1,2428.065,mp_oct
1,2428.3652,mp_oct
1,2428.6656,mp_oct
1,2428.9659,mp_oct
1,2429.2662,mp_oct
1,2429.5665,mp_oct
1,2429.8669,mp_oct
1,2430.1672,mp_oct
1,2430.4675,mp_oct
1,2430.7678,mp_oct
1,2431.0682,mp_oct
1,2431.3685,mp_oct
1,2431.6689,mp_oct
1,2431.9692,mp_oct
1,2432.2695,mp_oct
1,2432.5698,mp_oct
1,2432.8701,mp_oct
1,2433.1705,mp_oct
1,2433.4708,mp_oct
1,2433.7712,mp_oct
1,2434.0715,mp_oct
1,2434.3718,mp_oct
1,2434.6722,mp_oct
1,2434.9724,mp_oct
1,2435.2728,mp_oct
1,2435.5732,mp_oct
1,2435.8734,mp_oct
1,2436.1738,mp_oct
1,2436.4741,mp_oct
1,2436.7744,mp_oct
1,2437.0748,mp_oct
1,2437.3751,mp_oct
1,2437.6754,mp_oct
1,2437.9757,mp_oct
1,2438.276,mp_oct
1,2438.5764,mp_oct
1,2438.8767,mp_oct
1,2439.1771,mp_oct
1,2439.4774,mp_oct
1,2439.7777,mp_oct
1,2440.0781,mp_oct
1,2440.3784,mp_oct
1,2440.6787,mp_oct
1,2440.979,mp_oct
1,2441.2793,mp_oct
1,2441.5797,mp_oct
1,2441.88,mp_oct
1,2442.1804,mp_oct
1,2442.4806,mp_oct
1,2442.781,mp_oct
1,2443.0813,mp_oct
1,2443.3816,mp_oct
1,2443.682,mp_oct
1,2443.9823,mp_oct
1,2444.2827,mp_oct
1,2444.583,mp_oct
1,2444.8833,mp_oct
1,2445.1836,mp_oct
1,2445.4839,mp_oct
1,2445.7843,mp_oct
1,2446.0846,mp_oct
1,2446.3849,mp_oct
1,2446.6852,mp_oct
1,2446.9856,mp_oct
1,2447.286,mp_oct
1,2447.5863,mp_oct
1,2447.8866,mp_oct
1,2448.1869,mp_oct
1,2448.4872,mp_oct
1,2448.7876,mp_oct
1,2449.0929,mp_oct
1,2449.3933,mp_oct
1,2449.6936,mp_oct
1,2449.994,mp_oct
1,2450.2943,mp_oct
1,2450.5945,mp_oct
1,2450.8949,mp_oct
1,2451.1952,mp_oct
1,2451.4955,mp_oct
1,2451.7959,mp_oct
1,2452.0962,mp_oct
1,2452.3965,mp_oct
1,2452.6969,mp_oct
1,2452.9971,mp_oct
1,2453.2975,mp_oct
1,2453.5978,mp_oct
1,2453.9088,mp_oct
1,2454.2091,mp_oct
1,2454.5094,mp_oct
1,2454.8098,mp_oct
1,2455.1101,mp_oct
1,2455.4104,mp_oct
1,2455.7108,mp_oct
1,2456.0111,mp_oct
1,2456.3208,mp_oct
1,2456.7063,mp_oct
1,2457.0066,mp_oct
1,2457.3069,mp_oct
1,2457.6073,mp_oct
1,2457.9075,mp_oct
1,2458.2079,mp_oct
1,2458.5083,mp_oct
1,2458.8086,mp_oct
1,2459.1089,mp_oct
1,2459.4092,mp_oct
1,2459.7096,mp_oct
1,2460.0099,mp_oct
1,2460.3102,mp_oct
1,2460.6105,mp_oct
1,2460.9108,mp_oct
1,2461.2112,mp_oct
1,2461.5115,mp_oct
1,2461.8118,mp_oct
1,2462.1122,mp_oct
1,2462.4125,mp_oct
1,2462.7128,mp_oct
1,2463.0132,mp_oct
1,2463.3135,mp_oct
1,2463.6139,mp_oct
1,2463.9141,mp_oct
1,2464.2144,mp_oct
1,2464.5148,mp_oct
1,2464.8151,mp_oct
1,2465.1154,mp_oct
1,2465.4158,mp_oct
1,2465.7161,mp_oct
1,2466.0164,mp_oct
1,2466.3168,mp_oct
1,2466.6171,mp_oct
1,2466.9174,mp_oct
1,2467.2178,mp_oct
1,2467.518,mp_oct
1,2467.8184,mp_oct
1,2468.1187,mp_oct
1,2468.4199,mp_oct
1,2468.7194,mp_oct
1,2469.0197,mp_oct
1,2469.3257,mp_oct
1,2469.626,mp_oct
1,2469.9264,mp_oct
1,2470.2266,mp_oct
1,2470.5269,mp_oct
1,2470.8273,mp_oct
1,2471.1276,mp_oct
1,2471.4279,mp_oct
1,2471.7283,mp_oct
1,2472.0286,mp_oct
1,2472.3289,mp_oct
1,2472.6337,mp_oct
1,2472.9399,mp_oct
1,2473.2394,mp_oct
1,2473.5397,mp_oct
1,2473.8399,mp_oct
1,2474.1403,mp_oct
1,2474.4406,mp_oct
1,2474.741,mp_oct
1,2475.0413,mp_oct
1,2475.3416,mp_oct
1,2475.642,mp_oct
1,2475.9423,mp_oct
1,2476.2534,mp_oct
1,2476.5538,mp_oct
1,2476.854,mp_oct
1,2477.1544,mp_oct
1,2477.4547,mp_oct
1,2477.755,mp_oct
1,2478.0554,mp_oct
1,2478.3557,mp_oct
1,2478.6561,mp_oct
1,2478.9564,mp_oct
1,2479.2566,mp_oct
1,2479.557,mp_oct
1,2479.8574,mp_oct
1,2480.1576,mp_oct
1,2480.4672,mp_oct
1,2480.7675,mp_oct
1,2481.0679,mp_oct
1,2481.3682,mp_oct
1,2481.6685,mp_oct
1,2481.9689,mp_oct
1,2482.2692,mp_oct
1,2482.5695,mp_oct
1,2482.8699,mp_oct
1,2483.1702,mp_oct
1,2483.4705,mp_oct
1,2483.7708,mp_oct
1,2484.0761,mp_oct
1,2484.3765,mp_oct
1,2484.6769,mp_oct
1,2484.9772,mp_oct
1,2485.2774,mp_oct
1,2485.5779,mp_oct
1,2485.8781,mp_oct
1,2486.1784,mp_oct
1,2486.4788,mp_oct
1,2486.7791,mp_oct
1,2487.0794,mp_oct
1,2487.3798,mp_oct
1,2487.6801,mp_oct
1,2487.9804,mp_oct
1,2488.2808,mp_oct
1,2488.5811,mp_oct
1,2488.8814,mp_oct
1,2489.1818,mp_oct
1,2489.482,mp_oct
1,2489.7824,mp_oct
1,2490.0827,mp_oct
1,2490.3831,mp_oct
1,2490.6834,mp_oct
1,2490.9837,mp_oct
1,2491.2841,mp_oct
1,2491.5844,mp_oct
1,2491.8847,mp_oct
1,2492.185,mp_oct
1,2492.4854,mp_oct
1,2492.7857,mp_oct
1,2493.086,mp_oct
1,2493.3863,mp_oct
1,2493.6867,mp_oct
1,2493.987,mp_oct
1,2494.2874,mp_oct
1,2494.5876,mp_oct
1,2494.888,mp_oct
1,2495.1884,mp_oct
1,2495.4887,mp_oct
1,2495.789,mp_oct
1,2496.0893,mp_oct
1,2496.3896,mp_oct
1,2496.6899,mp_oct
1,2496.9903,mp_oct
1,2497.2906,mp_oct
1,2497.5909,mp_oct
1,2497.8913,mp_oct
1,2498.1916,mp_oct
1,2498.4919,mp_oct
1,2498.7923,mp_oct
1,2499.0926,mp_oct
1,2499.3929,mp_oct
1,2499.6932,mp_oct
1,2499.9935,mp_oct
1,2500.2939,mp_oct
1,2500.5942,mp_oct
1,2500.8946,mp_oct
1,2501.1948,mp_oct
1,2501.4952,mp_oct
1,2501.7955,mp_oct
1,2502.0959,mp_oct
2,2502.3962,mp_oct
1,2502.6965,mp_oct
1,2502.9968,mp_oct
1,2503.2972,mp_oct
2,2503.5975,mp_oct
1,2503.8978,mp_oct
1,2504.1981,mp_oct
1,2504.4984,mp_oct
1,2504.7988,mp_oct
1,2505.0992,mp_oct
1,2505.3995,mp_oct
2,2505.6998,mp_oct
2,2506.0001,mp_oct
2,2506.3004,mp_oct
2,2506.6008,mp_oct
1,2506.9011,mp_oct
1,2507.2014,mp_oct
1,2507.5018,mp_oct
1,2507.802,mp_oct
1,2508.1024,mp_oct
1,2508.4028,mp_oct
1,2508.7031,mp_oct
1,2509.0034,mp_oct
1,2509.3037,mp_oct
1,2509.604,mp_oct
1,2509.9044,mp_oct
1,2510.2047,mp_oct
1,2510.5051,mp_oct
1,2510.8053,mp_oct
1,2511.1056,mp_oct
1,2511.406,mp_oct
1,2511.7063,mp_oct
2,2512.0066,mp_oct
1,2512.307,mp_oct
1,2512.6073,mp_oct
2,2512.9076,mp_oct
1,2513.2079,mp_oct
1,2513.5083,mp_oct
1,2513.8086,mp_oct
1,2514.1089,mp_oct
1,2514.4093,mp_oct
1,2514.7096,mp_oct
1,2515.0099,mp_oct
1,2515.3102,mp_oct
1,2515.6106,mp_oct
1,2515.9109,mp_oct
1,2516.2112,mp_oct
1,2516.5115,mp_oct
1,2516.8119,mp_oct
1,2517.1122,mp_oct
1,2517.4125,mp_oct
1,2517.7128,mp_oct
1,2518.0132,mp_oct
1,2518.3135,mp_oct
1,2518.6139,mp_oct
1,2518.9142,mp_oct
1,2519.2145,mp_oct
1,2519.5148,mp_oct
1,2519.8151,mp_oct
1,2520.1155,mp_oct
1,2520.4159,mp_oct
1,2520.7161,mp_oct
1,2521.0164,mp_oct
1,2521.3168,mp_oct
1,2521.6171,mp_oct
1,2521.9175,mp_oct
1,2522.2178,mp_oct
1,2522.5181,mp_oct
1,2522.824,mp_oct
1,2523.1244,mp_oct
1,2523.4247,mp_oct
1,2523.725,mp_oct
1,2524.0253,mp_oct
1,2524.3257,mp_oct
1,2524.626,mp_oct
1,2524.9263,mp_oct
1,2525.2267,mp_oct
1,2525.5269,mp_oct
1,2525.8273,mp_oct
1,2526.1276,mp_oct
1,2526.4373,mp_oct
1,2526.7377,mp_oct
1,2527.038,mp_oct
1,2527.3383,mp_oct
1,2527.6387,mp_oct
1,2527.939,mp_oct
1,2528.2393,mp_oct
1,2528.5397,mp_oct
1,2528.8401,mp_oct
1,2529.1403,mp_oct
1,2529.4456,mp_oct
1,2529.746,mp_oct
1,2530.0463,mp_oct
1,2530.3466,mp_oct
1,2530.6469,mp_oct
1,2530.9472,mp_oct
1,2531.2476,mp_oct
1,2531.5479,mp_oct
1,2531.8482,mp_oct
1,2532.1485,mp_oct
1,2532.4489,mp_oct
1,2532.7592,mp_oct
1,2533.0596,mp_oct
1,2533.36,mp_oct
1,2533.6603,mp_oct
1,2533.9605,mp_oct
1,2534.2609,mp_oct
1,2534.5612,mp_oct
1,2534.8615,mp_oct
1,2535.1619,mp_oct
1,2535.4622,mp_oct
1,2535.7625,mp_oct
1,2536.0628,mp_oct
1,2536.3632,mp_oct
1,2536.6635,mp_oct
1,2536.9638,mp_oct
1,2537.2641,mp_oct
1,2537.5645,mp_oct
1,2537.8648,mp_oct
1,2538.1651,mp_oct
1,2538.4655,mp_oct
1,2538.7658,mp_oct
1,2539.0662,mp_oct
1,2539.3665,mp_oct
1,2539.6668,mp_oct
1,2539.9671,mp_oct
1,2540.2674,mp_oct
1,2540.5677,mp_oct
1,2540.8681,mp_oct
1,2541.1684,mp_oct
1,2541.4687,mp_oct
1,2541.7691,mp_oct
1,2542.0694,mp_oct
1,2542.3697,mp_oct
1,2542.67,mp_oct
1,2542.9704,mp_oct
1,2543.2707,mp_oct
1,2543.5709,mp_oct
1,2543.8714,mp_oct
1,2544.1716,mp_oct
1,2544.472,mp_oct
1,2544.7724,mp_oct
1,2545.0727,mp_oct
1,2545.373,mp_oct
1,2545.6733,mp_oct
1,2545.9736,mp_oct
1,2546.274,mp_oct
1,2546.5743,mp_oct
1,2546.8747,mp_oct
1,2547.1749,mp_oct
1,2547.4753,mp_oct
1,2547.7756,mp_oct
1,2548.0759,mp_oct
1,2548.3763,mp_oct
1,2548.6766,mp_oct
1,2548.9769,mp_oct
1,2549.2772,mp_oct
1,2549.5776,mp_oct
1,2549.8779,mp_oct
1,2550.1782,mp_oct
1,2550.4785,mp_oct
1,2550.7789,mp_oct
1,2551.0792,mp_oct
1,2551.3796,mp_oct
1,2551.6799,mp_oct
1,2551.9803,mp_oct
1,2552.2805,mp_oct
1,2552.5808,mp_oct
1,2552.8812,mp_oct
1,2553.1815,mp_oct
1,2553.4818,mp_oct
1,2553.7978,mp_oct
1,2554.0981,mp_oct
1,2554.3984,mp_oct
1,2554.6987,mp_oct
1,2554.999,mp_oct
1,2555.2994,mp_oct
1,2555.5997,mp_oct
1,2555.9,mp_oct
1,2556.2004,mp_oct
1,2556.5006,mp_oct
1,2556.801,mp_oct
1,2557.1013,mp_oct
1,2557.4016,mp_oct
1,2557.702,mp_oct
1,2558.0023,mp_oct
1,2558.3026,mp_oct
1,2558.603,mp_oct
1,2558.9033,mp_oct
1,2559.2036,mp_oct
1,2559.504,mp_oct
1,2559.8043,mp_oct
1,2560.1046,mp_oct
1,2560.4049,mp_oct
1,2560.7053,mp_oct
1,2561.0056,mp_oct
1,2561.3059,mp_oct
1,2561.6062,mp_oct
1,2561.9066,mp_oct
1,2562.2069,mp_oct
1,2562.5072,mp_oct
1,2562.8076,mp_oct
1,2563.1079,mp_oct
1,2563.4082,mp_oct
1,2563.7085,mp_oct
1,2564.0089,mp_oct
1,2564.3092,mp_oct
1,2564.6096,mp_oct
1,2564.9098,mp_oct
1,2565.2102,mp_oct
1,2565.5114,mp_oct
1,2565.8108,mp_oct
1,2566.1111,mp_oct
1,2566.4115,mp_oct
1,2566.7118,mp_oct
1,2567.0121,mp_oct
1,2567.3124,mp_oct
1,2567.6128,mp_oct
1,2567.9131,mp_oct
1,2568.2134,mp_oct
1,2568.5138,mp_oct
1,2568.8141,mp_oct
13,2569.1188,mp_oct
0,2569.4192,mp_oct
13,2569.7195,mp_oct
13,2570.0198,mp_oct
0,2570.3201,mp_oct
13,2570.6204,mp_oct
13,2570.9208,mp_oct
13,2571.221,mp_oct
13,2571.5214,mp_oct
13,2571.8218,mp_oct
13,2572.1221,mp_oct
13,2572.4224,mp_oct
13,2572.7228,mp_oct
13,2573.0231,mp_oct
13,2573.3234,mp_oct
13,2573.6237,mp_oct
13,2573.9241,mp_oct
13,2574.2244,mp_oct
13,2574.5246,mp_oct
13,2574.825,mp_oct
13,2575.1254,mp_oct
0,2575.4257,mp_oct
13,2575.726,mp_oct
0,2576.0263,mp_oct
0,2576.3266,mp_oct
0,2576.6269,mp_oct
1,2576.9273,mp_oct
1,2577.2276,mp_oct
1,2577.528,mp_oct
1,2577.8283,mp_oct
1,2578.1287,mp_oct
1,2578.4289,mp_oct
1,2578.7292,mp_oct
1,2579.0296,mp_oct
1,2579.3299,mp_oct
1,2579.6303,mp_oct
1,2579.9306,mp_oct
1,2580.2309,mp_oct
1,2580.5312,mp_oct
1,2580.8316,mp_oct
1,2581.1319,mp_oct
1,2581.4322,mp_oct
0,2581.7325,mp_oct
1,2582.0329,mp_oct
14,2582.3332,mp_oct
14,2582.6335,mp_oct
0,2582.9389,mp_oct
14,2583.2392,mp_oct
0,2583.5395,mp_oct
0,2583.8398,mp_oct
0,2584.1401,mp_oct
0,2584.4404,mp_oct
14,2584.7408,mp_oct
0,2585.0412,mp_oct
0,2585.3414,mp_oct
0,2585.6418,mp_oct
1,2585.9421,mp_oct
1,2586.2424,mp_oct
1,2586.5428,mp_oct
1,2586.8431,mp_oct
1,2587.1434,mp_oct
1,2587.4437,mp_oct
1,2587.7441,mp_oct
1,2588.0444,mp_oct
1,2588.3447,mp_oct
1,2588.6451,mp_oct
1,2588.9453,mp_oct
0,2589.2457,mp_oct
0,2589.546,mp_oct
1,2589.8464,mp_oct
0,2590.1467,mp_oct
1,2590.447,mp_oct
0,2590.7473,mp_oct
0,2591.0477,mp_oct
0,2591.3479,mp_oct
0,2591.6483,mp_oct
0,2591.9486,mp_oct
0,2592.249,mp_oct
0,2592.5599,mp_oct
0,2592.8646,mp_oct
0,2593.165,mp_oct
0,2593.4652,mp_oct
0,2593.7656,mp_oct
0,2594.066,mp_oct
0,2594.3663,mp_oct
0,2594.6666,mp_oct
13,2594.9669,mp_oct
15,2595.2672,mp_oct
0,2595.5675,mp_oct
13,2595.8679,mp_oct
0,2596.1682,mp_oct
13,2596.4686,mp_oct
1,2596.7688,mp_oct
1,2597.0692,mp_oct
0,2597.3695,mp_oct
13,2597.6699,mp_oct
13,2597.9702,mp_oct
0,2598.2705,mp_oct
13,2598.5708,mp_oct
13,2598.8712,mp_oct
13,2599.1715,mp_oct
13,2599.4718,mp_oct
13,2599.7721,mp_oct
13,2600.0724,mp_oct
13,2600.3778,mp_oct
13,2600.6782,mp_oct
13,2600.9785,mp_oct
13,2601.2788,mp_oct
0,2601.5791,mp_oct
15,2601.8795,mp_oct
13,2602.1798,mp_oct
13,2602.4801,mp_oct
15,2602.7804,mp_oct
15,2603.0807,mp_oct
0,2603.3811,mp_oct
13,2603.6814,mp_oct
13,2603.9817,mp_oct
13,2604.282,mp_oct
13,2604.5824,mp_oct
13,2604.8827,mp_oct
13,2605.1831,mp_oct
13,2605.4834,mp_oct
0,2605.7837,mp_oct
13,2606.084,mp_oct
0,2606.3844,mp_oct
0,2606.6846,mp_oct
0,2606.985,mp_oct
13,2607.2854,mp_oct
13,2607.5857,mp_oct
0,2607.886,mp_oct
6,2608.1863,mp_oct
1,2608.4867,mp_oct
1,2608.787,mp_oct
1,2609.0874,mp_oct
1,2609.3876,mp_oct
1,2609.6879,mp_oct
1,2609.9883,mp_oct
1,2610.2886,mp_oct
1,2610.5889,mp_oct
1,2610.8893,mp_oct
1,2611.1896,mp_oct
1,2611.4899,mp_oct
1,2611.7902,mp_oct
1,2612.0906,mp_oct
1,2612.3908,mp_oct
6,2612.6912,mp_oct
0,2612.9915,mp_oct
0,2613.2919,mp_oct
0,2613.5922,mp_oct
0,2613.8925,mp_oct
0,2614.1929,mp_oct
15,2614.4931,mp_oct
15,2614.7935,mp_oct
13,2615.0938,mp_oct
13,2615.3941,mp_oct
15,2615.6945,mp_oct
0,2615.9948,mp_oct
1,2616.2952,mp_oct
1,2616.5955,mp_oct
1,2616.8958,mp_oct
1,2617.1961,mp_oct
1,2617.4964,mp_oct
1,2617.7968,mp_oct
1,2618.0971,mp_oct
1,2618.3974,mp_oct
1,2618.6977,mp_oct
1,2618.9981,mp_oct
1,2619.2984,mp_oct
1,2619.5988,mp_oct
1,2619.899,mp_oct
1,2620.1994,mp_oct
1,2620.4997,mp_oct
1,2620.8001,mp_oct
1,2621.1004,mp_oct
1,2621.4008,mp_oct
1,2621.701,mp_oct
1,2622.0014,mp_oct
1,2622.3017,mp_oct
1,2622.602,mp_oct
1,2622.9024,mp_oct
1,2623.2027,mp_oct
1,2623.503,mp_oct
1,2623.8033,mp_oct
1,2624.1036,mp_oct
6,2624.404,mp_oct
1,2624.7043,mp_oct
1,2625.0047,mp_oct
1,2625.305,mp_oct
1,2625.6303,mp_oct
1,2625.9307,mp_oct
1,2626.2309,mp_oct
1,2626.5313,mp_oct
1,2626.8316,mp_oct
1,2627.132,mp_oct
1,2627.4379,mp_oct
1,2627.7382,mp_oct
1,2628.0385,mp_oct
1,2628.3388,mp_oct
1,2628.6392,mp_oct
1,2628.949,mp_oct
1,2629.2492,mp_oct
1,2629.5495,mp_oct
1,2629.8499,mp_oct
1,2630.1502,mp_oct
1,2630.4506,mp_oct
1,2630.7509,mp_oct
13,2631.0512,mp_oct
13,2631.3516,mp_oct
0,2631.6519,mp_oct
13,2631.9522,mp_oct
13,2632.2525,mp_oct
13,2632.5529,mp_oct
13,2632.8532,mp_oct
13,2633.1535,mp_oct
0,2633.4538,mp_oct
0,2633.7648,mp_oct
14,2634.0651,mp_oct
14,2634.3654,mp_oct
14,2634.6658,mp_oct
0,2634.9661,mp_oct
14,2635.2664,mp_oct
14,2635.5668,mp_oct
14,2635.8671,mp_oct
14,2636.1675,mp_oct
14,2636.4678,mp_oct
14,2636.7681,mp_oct
0,2637.0684,mp_oct
14,2637.3687,mp_oct
14,2637.6691,mp_oct
14,2637.9694,mp_oct
14,2638.2697,mp_oct
14,2638.57,mp_oct
14,2638.8704,mp_oct
0,2639.1707,mp_oct
0,2639.471,mp_oct
0,2639.7714,mp_oct
0,2640.0716,mp_oct
0,2640.372,mp_oct
0,2640.6724,mp_oct
0,2640.9726,mp_oct
0,2641.273,mp_oct
13,2641.5733,mp_oct
13,2641.8737,mp_oct
13,2642.174,mp_oct
0,2642.4787,mp_oct
0,2642.7789,mp_oct
13,2643.0794,mp_oct
0,2643.3797,mp_oct
13,2643.68,mp_oct
13,2643.9803,mp_oct
0,2644.2807,mp_oct
13,2644.581,mp_oct
0,2644.8813,mp_oct
13,2645.1816,mp_oct
13,2645.482,mp_oct
13,2645.7823,mp_oct
13,2646.0826,mp_oct
13,2646.3829,mp_oct
13,2646.6833,mp_oct
0,2646.9836,mp_oct
13,2647.284,mp_oct
13,2647.5843,mp_oct
0,2647.8846,mp_oct
13,2648.1849,mp_oct
0,2648.4853,mp_oct
13,2648.7856,mp_oct
13,2649.0859,mp_oct
13,2649.3913,mp_oct
0,2649.6916,mp_oct
13,2649.9919,mp_oct
13,2650.2923,mp_oct
13,2650.5925,mp_oct
13,2650.8929,mp_oct
0,2651.1933,mp_oct
0,2651.4935,mp_oct
0,2651.7939,mp_oct
0,2652.0942,mp_oct
15,2652.3946,mp_oct
13,2652.7055,mp_oct
0,2653.0058,mp_oct
13,2653.3061,mp_oct
0,2653.6064,mp_oct
13,2653.9068,mp_oct
13,2654.2071,mp_oct
0,2654.5075,mp_oct
17,2654.8078,mp_oct
13,2655.1081,mp_oct
17,2655.4084,mp_oct
0,2655.7088,mp_oct
13,2656.0091,mp_oct
0,2656.3139,mp_oct
0,2656.6141,mp_oct
13,2656.9145,mp_oct
0,2657.2148,mp_oct
13,2657.5151,mp_oct
0,2657.8155,mp_oct
0,2658.1158,mp_oct
13,2658.4162,mp_oct
13,2658.7164,mp_oct
15,2659.0168,mp_oct
0,2659.3172,mp_oct
0,2659.6174,mp_oct
0,2659.9178,mp_oct
13,2660.2181,mp_oct
0,2660.5185,mp_oct
0,2660.8188,mp_oct
0,2661.1191,mp_oct
0,2661.4195,mp_oct
0,2661.7198,mp_oct
0,2662.0201,mp_oct
0,2662.3204,mp_oct
0,2662.6208,mp_oct
0,2662.9211,mp_oct
13,2663.2214,mp_oct
0,2663.5217,mp_oct
0,2663.8221,mp_oct
6,2664.1274,mp_oct
1,2664.4277,mp_oct
1,2664.7281,mp_oct
1,2665.0284,mp_oct
1,2665.3287,mp_oct
1,2665.6291,mp_oct
1,2665.9294,mp_oct
1,2666.2297,mp_oct
1,2666.5301,mp_oct
1,2666.8304,mp_oct
1,2667.1307,mp_oct
1,2667.431,mp_oct
1,2667.7313,mp_oct
1,2668.0317,mp_oct
1,2668.332,mp_oct
1,2668.6323,mp_oct
1,2668.9327,mp_oct
1,2669.233,mp_oct
1,2669.5333,mp_oct
1,2669.8337,mp_oct
1,2670.134,mp_oct
13,2670.4342,mp_oct
13,2670.7346,mp_oct
15,2671.035,mp_oct
0,2671.3353,mp_oct
15,2671.6356,mp_oct
13,2671.9359,mp_oct
13,2672.2363,mp_oct
0,2672.5366,mp_oct
0,2672.8369,mp_oct
13,2673.1373,mp_oct
13,2673.4376,mp_oct
13,2673.7379,mp_oct
0,2674.0382,mp_oct
13,2674.3386,mp_oct
0,2674.6389,mp_oct
13,2674.9392,mp_oct
13,2675.2396,mp_oct
0,2675.5399,mp_oct
13,2675.8403,mp_oct
0,2676.1405,mp_oct
13,2676.4409,mp_oct
13,2676.7412,mp_oct
0,2677.0415,mp_oct
17,2677.3418,mp_oct
17,2677.6421,mp_oct
13,2677.9425,mp_oct
17,2678.2429,mp_oct
17,2678.5431,mp_oct
17,2678.8435,mp_oct
17,2679.1438,mp_oct
17,2679.4442,mp_oct
0,2679.7444,mp_oct
0,2680.0448,mp_oct
0,2680.3452,mp_oct
0,2680.6454,mp_oct
17,2680.9458,mp_oct
17,2681.2461,mp_oct
0,2681.5465,mp_oct
0,2681.8468,mp_oct
17,2682.1471,mp_oct
0,2682.4474,mp_oct
0,2682.7477,mp_oct
17,2683.0481,mp_oct
0,2683.3484,mp_oct
0,2683.6488,mp_oct
17,2683.9491,mp_oct
17,2684.2494,mp_oct
17,2684.5497,mp_oct
17,2684.8501,mp_oct
17,2685.1504,mp_oct
17,2685.4507,mp_oct
17,2685.751,mp_oct
17,2686.0514,mp_oct
17,2686.3517,mp_oct
0,2686.652,mp_oct
0,2686.9524,mp_oct
17,2687.2527,mp_oct
0,2687.5531,mp_oct
0,2687.8534,mp_oct
17,2688.1537,mp_oct
0,2688.454,mp_oct
0,2688.7543,mp_oct
17,2689.0547,mp_oct
17,2689.355,mp_oct
17,2689.6553,mp_oct
0,2689.9557,mp_oct
17,2690.256,mp_oct
0,2690.5564,mp_oct
17,2690.8566,mp_oct
17,2691.157,mp_oct
17,2691.4573,mp_oct
17,2691.7576,mp_oct
17,2692.058,mp_oct
17,2692.3584,mp_oct
17,2692.6587,mp_oct
0,2692.9589,mp_oct
17,2693.2593,mp_oct
17,2693.5596,mp_oct
17,2693.8599,mp_oct
17,2694.1603,mp_oct
0,2694.4606,mp_oct
12,2694.761,mp_oct
1,2695.0612,mp_oct
1,2695.3616,mp_oct
1,2695.6619,mp_oct
1,2695.9622,mp_oct
1,2696.2626,mp_oct
1,2696.5628,mp_oct
1,2696.8632,mp_oct
1,2697.1636,mp_oct
1,2697.4745,mp_oct
1,2697.7748,mp_oct
1,2698.0752,mp_oct
1,2698.3755,mp_oct
1,2698.6759,mp_oct
1,2698.9762,mp_oct
1,2699.2764,mp_oct
1,2699.5768,mp_oct
1,2699.8771,mp_oct
1,2700.1775,mp_oct
1,2700.4778,mp_oct
1,2700.7781,mp_oct
1,2701.0784,mp_oct
1,2701.3788,mp_oct
1,2701.6791,mp_oct
1,2701.9794,mp_oct
1,2702.2798,mp_oct
1,2702.5801,mp_oct
1,2702.8848,mp_oct
1,2703.1852,mp_oct
1,2703.4855,mp_oct
1,2703.7858,mp_oct
1,2704.0861,mp_oct
1,2704.3865,mp_oct
1,2704.6868,mp_oct
1,2704.9871,mp_oct
1,2705.2875,mp_oct
1,2705.5878,mp_oct
1,2705.8881,mp_oct
1,2706.1934,mp_oct
1,2706.4937,mp_oct
1,2706.7941,mp_oct
1,2707.0944,mp_oct
1,2707.3948,mp_oct
1,2707.6951,mp_oct
1,2707.9955,mp_oct
1,2708.2958,mp_oct
1,2708.5961,mp_oct
1,2708.8964,mp_oct
1,2709.1968,mp_oct
1,2709.4971,mp_oct
1,2709.7974,mp_oct
1,2710.0977,mp_oct
1,2710.398,mp_oct
1,2710.6984,mp_oct
1,2710.9987,mp_oct
1,2711.2991,mp_oct
1,2711.5994,mp_oct
1,2711.8996,mp_oct
1,2712.2,mp_oct
1,2712.5004,mp_oct
1,2712.8007,mp_oct
1,2713.101,mp_oct
1,2713.4013,mp_oct
1,2713.7017,mp_oct
1,2714.002,mp_oct
1,2714.3023,mp_oct
1,2714.6027,mp_oct
1,2714.9029,mp_oct
1,2715.2033,mp_oct
1,2715.5036,mp_oct
1,2715.804,mp_oct
1,2716.1043,mp_oct
1,2716.4046,mp_oct
1,2716.7049,mp_oct
1,2717.0053,mp_oct
1,2717.3056,mp_oct
1,2717.606,mp_oct
1,2717.9063,mp_oct
1,2718.2066,mp_oct
1,2718.5069,mp_oct
1,2718.8073,mp_oct
1,2719.1076,mp_oct
1,2719.4079,mp_oct
1,2719.7083,mp_oct
1,2720.0086,mp_oct
1,2720.3089,mp_oct
1,2720.6092,mp_oct
1,2720.9096,mp_oct
1,2721.2099,mp_oct
1,2721.5102,mp_oct
1,2721.8106,mp_oct
1,2722.1109,mp_oct
1,2722.4112,mp_oct
1,2722.7115,mp_oct
1,2723.0119,mp_oct
1,2723.3123,mp_oct
1,2723.6125,mp_oct
1,2723.9129,mp_oct
1,2724.2132,mp_oct
1,2724.5136,mp_oct
1,2724.8139,mp_oct
1,2725.1142,mp_oct
1,2725.4145,mp_oct
1,2725.7149,mp_oct
1,2726.0151,mp_oct
1,2726.3155,mp_oct
1,2726.6159,mp_oct
1,2726.9162,mp_oct
1,2727.2165,mp_oct
1,2727.5168,mp_oct
1,2727.8172,mp_oct
1,2728.1174,mp_oct
1,2728.4178,mp_oct
1,2728.7181,mp_oct
1,2729.0185,mp_oct
0,2729.3188,mp_oct
0,2729.6192,mp_oct
0,2729.9195,mp_oct
0,2730.2198,mp_oct
0,2730.5201,mp_oct
0,2730.8204,mp_oct
6,2731.1208,mp_oct
1,2731.4212,mp_oct
1,2731.7214,mp_oct
1,2732.0217,mp_oct
1,2732.3221,mp_oct
1,2732.6224,mp_oct
1,2732.9228,mp_oct
1,2733.2231,mp_oct
1,2733.5234,mp_oct
1,2733.8237,mp_oct
1,2734.1241,mp_oct
1,2734.4244,mp_oct
1,2734.7247,mp_oct
1,2735.0251,mp_oct
1,2735.3254,mp_oct
1,2735.6257,mp_oct
1,2735.926,mp_oct
1,2736.2263,mp_oct
1,2736.5267,mp_oct
1,2736.827,mp_oct
1,2737.1273,mp_oct
1,2737.4277,mp_oct
1,2737.728,mp_oct
1,2738.0284,mp_oct
1,2738.3287,mp_oct
1,2738.6291,mp_oct
1,2738.9293,mp_oct
1,2739.2347,mp_oct
1,2739.6006,mp_oct
1,2739.901,mp_oct
1,2740.2013,mp_oct
1,2740.5017,mp_oct
1,2740.802,mp_oct
1,2741.1023,mp_oct
1,2741.4027,mp_oct
1,2741.703,mp_oct
1,2742.0033,mp_oct
1,2742.3036,mp_oct
1,2742.604,mp_oct
1,2742.9043,mp_oct
1,2743.2046,mp_oct
1,2743.505,mp_oct
1,2743.8053,mp_oct
6,2744.1056,mp_oct
1,2744.4059,mp_oct
1,2744.7062,mp_oct
1,2745.0266,mp_oct
1,2745.3269,mp_oct
1,2745.6273,mp_oct
1,2745.9276,mp_oct
1,2746.228,mp_oct
1,2746.5282,mp_oct
1,2746.8286,mp_oct
1,2747.1289,mp_oct
1,2747.4292,mp_oct
1,2747.7296,mp_oct
1,2748.0299,mp_oct
1,2748.3302,mp_oct
1,2748.6306,mp_oct
1,2748.9403,mp_oct
1,2749.2406,mp_oct
1,2749.5418,mp_oct
1,2749.8412,mp_oct
1,2750.1417,mp_oct
1,2750.442,mp_oct
1,2750.7422,mp_oct
1,2751.0426,mp_oct
1,2751.3429,mp_oct
1,2751.6483,mp_oct
1,2751.9486,mp_oct
1,2752.2489,mp_oct
1,2752.5492,mp_oct
1,2752.8496,mp_oct
1,2753.1499,mp_oct
1,2753.4502,mp_oct
1,2753.7505,mp_oct
1,2754.0609,mp_oct
1,2754.537,mp_oct
1,2754.8373,mp_oct
1,2755.1377,mp_oct
1,2755.438,mp_oct
1,2755.7383,mp_oct
1,2756.0387,mp_oct
1,2756.3389,mp_oct
1,2756.6393,mp_oct
1,2756.9397,mp_oct
1,2757.24,mp_oct
1,2757.5403,mp_oct
1,2757.8406,mp_oct
1,2758.141,mp_oct
0,2758.4413,mp_oct
1,2758.7416,mp_oct
1,2759.1622,mp_oct
1,2759.4625,mp_oct
1,2759.7629,mp_oct
1,2760.0632,mp_oct
0,2760.3636,mp_oct
0,2760.6638,mp_oct
0,2760.9642,mp_oct
0,2761.2645,mp_oct
0,2761.5648,mp_oct
0,2761.8652,mp_oct
0,2762.1655,mp_oct
0,2762.4658,mp_oct
0,2762.7662,mp_oct
0,2763.0665,mp_oct
0,2763.3668,mp_oct
0,2763.6672,mp_oct
0,2763.9675,mp_oct
13,2764.2678,mp_oct
6,2764.5681,mp_oct
1,2764.8684,mp_oct
1,2765.1688,mp_oct
10,2765.4691,mp_oct
10,2765.7694,mp_oct
10,2766.0698,mp_oct
10,2766.3702,mp_oct
1,2766.6704,mp_oct
10,2766.9708,mp_oct
0,2767.2711,mp_oct
0,2767.5715,mp_oct
10,2767.8718,mp_oct
0,2768.1721,mp_oct
10,2768.4724,mp_oct
10,2768.7728,mp_oct
10,2769.0731,mp_oct
8,2769.3734,mp_oct
10,2769.6738,mp_oct
10,2769.9741,mp_oct
10,2770.2744,mp_oct
0,2770.5747,mp_oct
0,2770.875,mp_oct
10,2771.1754,mp_oct
10,2771.4757,mp_oct
0,2771.7761,mp_oct
11,2772.0764,mp_oct
12,2772.3767,mp_oct
13,2772.677,mp_oct
15,2772.9816,mp_oct
13,2773.2819,mp_oct
15,2773.5822,mp_oct
1,2773.8826,mp_oct
1,2774.1829,mp_oct
1,2774.4833,mp_oct
1,2774.7844,mp_oct
1,2775.0839,mp_oct
1,2775.3842,mp_oct
1,2775.6845,mp_oct
1,2775.9848,mp_oct
1,2776.2852,mp_oct
1,2776.5855,mp_oct
1,2776.8858,mp_oct
1,2777.1861,mp_oct
1,2777.4865,mp_oct
1,2777.7868,mp_oct
1,2778.0872,mp_oct
1,2778.3875,mp_oct
1,2778.6878,mp_oct
1,2778.9882,mp_oct
1,2779.2885,mp_oct
1,2779.5888,mp_oct
1,2779.8891,mp_oct
1,2780.1894,mp_oct
1,2780.4998,mp_oct
1,2780.8001,mp_oct
1,2781.1004,mp_oct
6,2781.4008,mp_oct
0,2781.7011,mp_oct
12,2782.0014,mp_oct
0,2782.3018,mp_oct
12,2782.6021,mp_oct
12,2782.9025,mp_oct
12,2783.2028,mp_oct
0,2783.5031,mp_oct
1,2783.8034,mp_oct
1,2784.1037,mp_oct
1,2784.4041,mp_oct
10,2784.7044,mp_oct
1,2785.0047,mp_oct
10,2785.3051,mp_oct
10,2785.6054,mp_oct
10,2785.9058,mp_oct
10,2786.206,mp_oct
10,2786.5064,mp_oct
10,2786.8067,mp_oct
10,2787.1071,mp_oct
10,2787.4074,mp_oct
10,2787.7077,mp_oct
10,2788.008,mp_oct
10,2788.3084,mp_oct
10,2788.6087,mp_oct
10,2788.909,mp_oct
10,2789.2093,mp_oct
10,2789.5096,mp_oct
10,2789.81,mp_oct
10,2790.1103,mp_oct
10,2790.4107,mp_oct
10,2790.711,mp_oct
10,2791.0114,mp_oct
10,2791.3116,mp_oct
10,2791.612,mp_oct
10,2791.9123,mp_oct
10,2792.2126,mp_oct
11,2792.5129,mp_oct
6,2792.8133,mp_oct
0,2793.1136,mp_oct
0,2793.4139,mp_oct
0,2793.7143,mp_oct
0,2794.0146,mp_oct
0,2794.3149,mp_oct
0,2794.6153,mp_oct
0,2794.9156,mp_oct
0,2795.2159,mp_oct
0,2795.5163,mp_oct
0,2795.8165,mp_oct
0,2796.1169,mp_oct
0,2796.4172,mp_oct
0,2796.7176,mp_oct
0,2797.0179,mp_oct
0,2797.3182,mp_oct
1,2797.6185,mp_oct
1,2797.9189,mp_oct
14,2798.2192,mp_oct
0,2798.5196,mp_oct
0,2798.8198,mp_oct
14,2799.1201,mp_oct
0,2799.4205,mp_oct
14,2799.7208,mp_oct
14,2800.0212,mp_oct
14,2800.3215,mp_oct
0,2800.6218,mp_oct
14,2800.9221,mp_oct
14,2801.2225,mp_oct
14,2801.5228,mp_oct
14,2801.8232,mp_oct
14,2802.1235,mp_oct
14,2802.4238,mp_oct
14,2802.7241,mp_oct
14,2803.0244,mp_oct
0,2803.3247,mp_oct
0,2803.6251,mp_oct
1,2803.9255,mp_oct
1,2804.2258,mp_oct
1,2804.526,mp_oct
1,2804.8264,mp_oct
1,2805.1267,mp_oct
1,2805.4271,mp_oct
1,2806.1478,mp_oct
1,2806.4782,mp_oct
1,2806.7786,mp_oct
1,2807.0788,mp_oct
1,2807.3792,mp_oct
1,2807.6795,mp_oct
1,2807.9798,mp_oct
1,2808.2802,mp_oct
1,2808.5805,mp_oct
1,2808.8858,mp_oct
1,2809.1912,mp_oct
1,2809.4916,mp_oct
1,2809.7918,mp_oct
1,2810.0922,mp_oct
1,2810.3925,mp_oct
1,2810.6928,mp_oct
1,2810.9932,mp_oct
1,2811.2935,mp_oct
1,2811.5939,mp_oct
1,2811.8941,mp_oct
1,2812.1944,mp_oct
1,2812.4948,mp_oct
0,2812.7952,mp_oct
1,2813.0955,mp_oct
1,2813.3958,mp_oct
1,2813.7017,mp_oct
1,2814.0021,mp_oct
0,2814.3024,mp_oct
0,2814.6027,mp_oct
0,2814.903,mp_oct
0,2815.2034,mp_oct
0,2815.5037,mp_oct
0,2815.804,mp_oct
0,2816.1044,mp_oct
13,2816.4047,mp_oct
13,2816.705,mp_oct
13,2817.0053,mp_oct
0,2817.3057,mp_oct
13,2817.606,mp_oct
0,2817.9063,mp_oct
13,2818.2067,mp_oct
17,2818.5069,mp_oct
13,2818.8073,mp_oct
0,2819.1076,mp_oct
17,2819.408,mp_oct
17,2819.7083,mp_oct
0,2820.0086,mp_oct
0,2820.309,mp_oct
0,2820.6093,mp_oct
0,2820.9096,mp_oct
0,2821.2099,mp_oct
17,2821.5102,mp_oct
17,2821.8106,mp_oct
0,2822.1109,mp_oct
17,2822.4112,mp_oct
17,2822.7116,mp_oct
17,2823.0119,mp_oct
0,2823.3123,mp_oct
17,2823.6126,mp_oct
17,2823.9128,mp_oct
17,2824.2132,mp_oct
17,2824.5135,mp_oct
17,2824.8139,mp_oct
17,2825.1142,mp_oct
17,2825.4146,mp_oct
17,2825.7149,mp_oct
17,2826.0152,mp_oct
17,2826.3155,mp_oct
17,2826.6158,mp_oct
17,2826.9162,mp_oct
17,2827.2165,mp_oct
17,2827.5168,mp_oct
17,2827.8172,mp_oct
17,2828.1175,mp_oct
17,2828.4178,mp_oct
17,2828.7182,mp_oct
0,2829.0185,mp_oct
17,2829.3188,mp_oct
17,2829.6191,mp_oct
17,2829.9195,mp_oct
17,2830.2198,mp_oct
17,2830.5201,mp_oct
17,2830.8204,mp_oct
17,2831.1208,mp_oct
17,2831.4211,mp_oct
0,2831.7215,mp_oct
0,2832.0217,mp_oct
0,2832.3221,mp_oct
15,2832.6268,mp_oct
0,2832.9321,mp_oct
0,2833.2324,mp_oct
14,2833.5329,mp_oct
14,2833.8332,mp_oct
14,2834.1335,mp_oct
0,2834.4338,mp_oct
0,2834.7341,mp_oct
14,2835.0345,mp_oct
15,2835.3348,mp_oct
14,2835.6351,mp_oct
0,2835.9354,mp_oct
0,2836.2465,mp_oct
0,2836.5468,mp_oct
0,2836.8472,mp_oct
0,2837.1475,mp_oct
0,2837.4478,mp_oct
0,2837.7482,mp_oct
0,2838.0484,mp_oct
0,2838.3488,mp_oct
0,2838.6492,mp_oct
0,2838.9495,mp_oct
0,2839.2498,mp_oct
0,2839.5501,mp_oct
0,2839.8505,mp_oct
0,2840.1508,mp_oct
0,2840.4512,mp_oct
0,2840.7557,mp_oct
0,2841.056,mp_oct
0,2841.3564,mp_oct
0,2841.6567,mp_oct
0,2841.9571,mp_oct
0,2842.2573,mp_oct
0,2842.5577,mp_oct
0,2842.858,mp_oct
0,2843.1583,mp_oct
0,2843.4596,mp_oct
0,2843.759,mp_oct
0,2844.0693,mp_oct
0,2844.3697,mp_oct
0,2844.67,mp_oct
0,2844.9703,mp_oct
0,2845.2707,mp_oct
0,2845.571,mp_oct
0,2845.8713,mp_oct
0,2846.1717,mp_oct
0,2846.472,mp_oct
0,2846.7724,mp_oct
0,2847.0726,mp_oct
0,2847.373,mp_oct
0,2847.6733,mp_oct
0,2847.9736,mp_oct
0,2848.274,mp_oct
0,2848.5743,mp_oct
0,2848.8746,mp_oct
0,2849.175,mp_oct
0,2849.4753,mp_oct
0,2849.7756,mp_oct
0,2850.0759,mp_oct
0,2850.3763,mp_oct
0,2850.6766,mp_oct
0,2850.977,mp_oct
0,2851.2772,mp_oct
0,2851.5776,mp_oct
0,2851.8779,mp_oct
0,2852.1782,mp_oct
0,2852.4786,mp_oct
0,2852.7789,mp_oct
0,2853.0792,mp_oct
0,2853.3795,mp_oct
0,2853.6799,mp_oct
0,2853.9802,mp_oct
0,2854.2805,mp_oct
0,2854.5809,mp_oct
0,2854.8812,mp_oct
0,2855.1815,mp_oct
0,2855.4818,mp_oct
0,2855.7822,mp_oct
0,2856.0825,mp_oct
0,2856.3828,mp_oct
0,2856.6832,mp_oct
0,2856.9835,mp_oct
0,2857.2838,mp_oct
0,2857.5842,mp_oct
0,2857.8845,mp_oct
0,2858.1848,mp_oct
0,2858.4851,mp_oct
0,2858.7854,mp_oct
0,2859.0858,mp_oct
0,2859.3861,mp_oct
0,2859.6865,mp_oct
0,2859.9868,mp_oct
0,2860.2871,mp_oct
15,2860.5874,mp_oct
17,2860.8878,mp_oct
17,2861.188,mp_oct
17,2861.4884,mp_oct
17,2861.7888,mp_oct
0,2862.0891,mp_oct
0,2862.3894,mp_oct
6,2862.6898,mp_oct
1,2862.99,mp_oct
1,2863.2904,mp_oct
1,2863.5907,mp_oct
1,2863.891,mp_oct
1,2864.1914,mp_oct
1,2864.4916,mp_oct
1,2864.792,mp_oct
1,2865.0923,mp_oct
1,2865.3927,mp_oct
1,2865.6931,mp_oct
1,2865.9933,mp_oct
1,2866.2937,mp_oct
1,2866.594,mp_oct
1,2866.8943,mp_oct
1,2867.1946,mp_oct
1,2867.495,mp_oct
1,2867.7953,mp_oct
1,2868.0956,mp_oct
1,2868.396,mp_oct
1,2868.7019,mp_oct
1,2869.0067,mp_oct
1,2869.3069,mp_oct
1,2869.6073,mp_oct
1,2869.9076,mp_oct
1,2870.208,mp_oct
1,2870.5083,mp_oct
1,2870.8086,mp_oct
1,2871.1089,mp_oct
1,2871.4092,mp_oct
1,2871.7096,mp_oct
13,2872.0099,mp_oct
15,2872.3103,mp_oct
15,2872.6106,mp_oct
15,2872.9109,mp_oct
13,2873.2112,mp_oct
13,2873.5116,mp_oct
13,2873.8119,mp_oct
13,2874.1222,mp_oct
13,2874.4226,mp_oct
13,2874.7229,mp_oct
0,2875.0232,mp_oct
0,2875.3236,mp_oct
17,2875.6239,mp_oct
17,2875.9242,mp_oct
17,2876.2245,mp_oct
17,2876.5249,mp_oct
17,2876.8261,mp_oct
0,2877.1255,mp_oct
0,2877.4359,mp_oct
17,2877.7362,mp_oct
17,2878.0365,mp_oct
17,2878.3368,mp_oct
17,2878.6372,mp_oct
17,2878.9375,mp_oct
17,2879.2378,mp_oct
17,2879.5381,mp_oct
17,2879.8385,mp_oct
17,2880.1388,mp_oct
17,2880.4392,mp_oct
17,2880.7395,mp_oct
17,2881.0398,mp_oct
17,2881.3401,mp_oct
17,2881.6404,mp_oct
17,2881.9407,mp_oct
17,2882.2411,mp_oct
17,2882.5415,mp_oct
17,2882.8518,mp_oct
0,2883.1521,mp_oct
0,2883.4524,mp_oct
0,2883.7527,mp_oct
0,2884.053,mp_oct
14,2884.3534,mp_oct
0,2884.6538,mp_oct
14,2884.954,mp_oct
15,2885.2544,mp_oct
13,2885.5547,mp_oct
15,2885.855,mp_oct
15,2886.161,mp_oct
13,2886.4613,mp_oct
15,2886.7616,mp_oct
15,2887.062,mp_oct
0,2887.3623,mp_oct
0,2887.6626,mp_oct
15,2887.9629,mp_oct
0,2888.2633,mp_oct
0,2888.5636,mp_oct
0,2888.8639,mp_oct
17,2889.1642,mp_oct
0,2889.4646,mp_oct
0,2889.7649,mp_oct
17,2890.0652,mp_oct
17,2890.3656,mp_oct
17,2890.666,mp_oct
17,2890.9662,mp_oct
17,2891.2665,mp_oct
17,2891.5669,mp_oct
17,2891.8672,mp_oct
17,2892.1676,mp_oct
17,2892.4679,mp_oct
17,2892.7826,mp_oct
17,2893.0829,mp_oct
17,2893.3832,mp_oct
17,2893.6836,mp_oct
17,2893.9839,mp_oct
17,2894.2843,mp_oct
17,2894.5846,mp_oct
0,2894.8849,mp_oct
17,2895.1852,mp_oct
0,2895.4856,mp_oct
0,2895.7859,mp_oct
15,2896.0863,mp_oct
13,2896.3866,mp_oct
13,2896.6869,mp_oct
17,2896.9872,mp_oct
17,2897.2875,mp_oct
17,2897.5879,mp_oct
0,2897.8882,mp_oct
17,2898.1885,mp_oct
0,2898.4889,mp_oct
0,2898.7892,mp_oct
0,2899.0895,mp_oct
0,2899.3898,mp_oct
0,2899.6902,mp_oct
17,2899.9905,mp_oct
17,2900.2908,mp_oct
0,2900.6012,mp_oct
17,2900.9015,mp_oct
17,2901.2018,mp_oct
17,2901.5022,mp_oct
17,2901.8025,mp_oct
17,2902.1028,mp_oct
17,2902.4032,mp_oct
17,2902.7035,mp_oct
0,2903.0038,mp_oct
17,2903.3041,mp_oct
17,2903.6045,mp_oct
17,2903.9048,mp_oct
17,2904.2051,mp_oct
17,2904.5054,mp_oct
17,2904.8058,mp_oct
17,2905.1061,mp_oct
17,2905.4064,mp_oct
17,2905.7068,mp_oct
17,2906.007,mp_oct
0,2906.3074,mp_oct
0,2906.6077,mp_oct
0,2906.908,mp_oct
0,2907.2084,mp_oct
0,2907.5087,mp_oct
0,2907.8091,mp_oct
0,2908.1094,mp_oct
0,2908.4097,mp_oct
14,2908.71,mp_oct
14,2909.0104,mp_oct
0,2909.3107,mp_oct
13,2909.611,mp_oct
13,2909.9114,mp_oct
13,2910.2117,mp_oct
15,2910.512,mp_oct
15,2910.8123,mp_oct
0,2911.1127,mp_oct
0,2911.413,mp_oct
13,2911.7133,mp_oct
13,2912.0137,mp_oct
0,2912.314,mp_oct
13,2912.6143,mp_oct
0,2912.9146,mp_oct
17,2913.215,mp_oct
0,2913.5153,mp_oct
0,2913.8156,mp_oct
17,2914.1159,mp_oct
0,2914.4163,mp_oct
17,2914.7166,mp_oct
0,2915.0169,mp_oct
0,2915.3173,mp_oct
13,2915.6176,mp_oct
0,2915.9179,mp_oct
0,2916.2183,mp_oct
0,2916.5186,mp_oct
0,2916.8189,mp_oct
0,2917.1192,mp_oct
0,2917.4196,mp_oct
17,2917.7199,mp_oct
0,2918.0203,mp_oct
0,2918.3205,mp_oct
17,2918.6209,mp_oct
17,2918.9212,mp_oct
17,2919.2215,mp_oct
17,2919.5219,mp_oct
17,2919.8222,mp_oct
17,2920.1225,mp_oct
17,2920.4228,mp_oct
17,2920.7232,mp_oct
17,2921.0235,mp_oct
17,2921.3238,mp_oct
17,2921.6242,mp_oct
17,2921.9245,mp_oct
17,2922.2248,mp_oct
17,2922.5252,mp_oct
17,2922.8255,mp_oct
17,2923.1258,mp_oct
17,2923.4261,mp_oct
17,2923.7265,mp_oct
17,2924.0268,mp_oct
0,2924.3272,mp_oct
0,2924.6275,mp_oct
0,2924.9278,mp_oct
6,2925.2281,mp_oct
11,2925.5284,mp_oct
3,2925.8287,mp_oct
11,2926.1291,mp_oct
11,2926.4294,mp_oct
3,2926.7298,mp_oct
3,2927.0301,mp_oct
3,2927.3304,mp_oct
3,2927.6308,mp_oct
3,2927.9311,mp_oct
3,2928.2315,mp_oct
3,2928.5318,mp_oct
16,2928.8321,mp_oct
16,2929.1324,mp_oct
16,2929.4327,mp_oct
16,2929.7331,mp_oct
16,2930.0334,mp_oct
16,2930.3338,mp_oct
16,2930.6341,mp_oct
0,2930.9344,mp_oct
16,2931.2347,mp_oct
16,2931.535,mp_oct
16,2931.8354,mp_oct
16,2932.1357,mp_oct
16,2932.4411,mp_oct
16,2932.7413,mp_oct
16,2933.0417,mp_oct
16,2933.342,mp_oct
16,2933.6424,mp_oct
16,2933.9476,mp_oct
16,2934.248,mp_oct
16,2934.5483,mp_oct
16,2934.8487,mp_oct
16,2935.149,mp_oct
16,2935.4493,mp_oct
16,2935.7496,mp_oct
16,2936.05,mp_oct
16,2936.3503,mp_oct
16,2936.6506,mp_oct
16,2936.9509,mp_oct
16,2937.2513,mp_oct
16,2937.5516,mp_oct
16,2937.852,mp_oct
16,2938.1523,mp_oct
16,2938.4526,mp_oct
16,2938.753,mp_oct
16,2939.0532,mp_oct
16,2939.3536,mp_oct
16,2939.654,mp_oct
16,2939.9542,mp_oct
16,2940.2546,mp_oct
16,2940.5549,mp_oct
16,2940.8553,mp_oct
16,2941.1556,mp_oct
16,2941.4559,mp_oct
16,2941.7562,mp_oct
16,2942.0566,mp_oct
0,2942.3569,mp_oct
16,2942.6673,mp_oct
16,2942.9676,mp_oct
16,2943.2679,mp_oct
16,2943.5682,mp_oct
16,2943.8685,mp_oct
16,2944.1689,mp_oct
16,2944.4692,mp_oct
16,2944.7695,mp_oct
16,2945.0699,mp_oct
16,2945.3702,mp_oct
16,2945.6705,mp_oct
11,2945.9708,mp_oct
1,2946.2712,mp_oct
11,2946.5715,mp_oct
11,2946.8718,mp_oct
11,2947.1722,mp_oct
0,2947.4724,mp_oct
0,2947.7728,mp_oct
0,2948.0732,mp_oct
15,2948.3735,mp_oct
15,2948.6738,mp_oct
13,2948.9741,mp_oct
13,2949.2744,mp_oct
13,2949.5797,mp_oct
17,2949.8801,mp_oct
0,2950.1804,mp_oct
0,2950.4807,mp_oct
17,2950.7811,mp_oct
0,2951.0814,mp_oct
17,2951.3817,mp_oct
0,2951.682,mp_oct
17,2951.9824,mp_oct
0,2952.2827,mp_oct
0,2952.5881,mp_oct
0,2952.8884,mp_oct
6,2953.1887,mp_oct
12,2953.4891,mp_oct
0,2953.7894,mp_oct
1,2954.0897,mp_oct
1,2954.39,mp_oct
1,2954.6903,mp_oct
1,2954.9907,mp_oct
1,2955.291,mp_oct
1,2955.5913,mp_oct
1,2955.8916,mp_oct
1,2956.192,mp_oct
11,2956.4923,mp_oct
12,2956.7927,mp_oct
0,2957.093,mp_oct
0,2957.3933,mp_oct
13,2957.6936,mp_oct
13,2957.994,mp_oct
13,2958.2943,mp_oct
13,2958.5946,mp_oct
13,2958.8949,mp_oct
0,2959.1953,mp_oct
13,2959.4956,mp_oct
13,2959.7959,mp_oct
0,2960.0963,mp_oct
0,2960.3966,mp_oct
0,2960.6969,mp_oct
15,2960.9972,mp_oct
0,2961.2976,mp_oct
15,2961.5979,mp_oct
15,2961.8982,mp_oct
15,2962.1985,mp_oct
15,2962.4989,mp_oct
0,2962.7992,mp_oct
15,2963.0996,mp_oct
0,2963.3998,mp_oct
15,2963.7002,mp_oct
15,2964.0005,mp_oct
15,2964.3008,mp_oct
15,2964.6012,mp_oct
15,2964.9015,mp_oct
15,2965.2018,mp_oct
15,2965.5021,mp_oct
15,2965.8025,mp_oct
15,2966.1028,mp_oct
15,2966.4031,mp_oct
15,2966.7035,mp_oct
15,2967.0038,mp_oct
15,2967.3041,mp_oct
15,2967.6044,mp_oct
15,2967.9048,mp_oct
15,2968.2052,mp_oct
15,2968.5055,mp_oct
15,2968.8058,mp_oct
15,2969.1061,mp_oct
15,2969.4064,mp_oct
15,2969.7068,mp_oct
15,2970.0071,mp_oct
15,2970.3074,mp_oct
15,2970.6077,mp_oct
15,2970.908,mp_oct
15,2971.2084,mp_oct
15,2971.5087,mp_oct
15,2971.8091,mp_oct
15,2972.1094,mp_oct
0,2972.4098,mp_oct
15,2972.71,mp_oct
15,2973.0104,mp_oct
15,2973.3108,mp_oct
15,2973.611,mp_oct
15,2973.9114,mp_oct
0,2974.2117,mp_oct
0,2974.512,mp_oct
0,2974.8123,mp_oct
15,2975.1127,mp_oct
15,2975.4131,mp_oct
15,2975.7133,mp_oct
15,2976.0137,mp_oct
15,2976.314,mp_oct
15,2976.6143,mp_oct
0,2976.9147,mp_oct
0,2977.215,mp_oct
0,2977.5153,mp_oct
0,2977.8157,mp_oct
0,2978.116,mp_oct
0,2978.4163,mp_oct
0,2978.7166,mp_oct
0,2979.017,mp_oct
0,2979.3173,mp_oct
0,2979.6176,mp_oct
0,2979.918,mp_oct
0,2980.2183,mp_oct
0,2980.5186,mp_oct
0,2980.8189,mp_oct
0,2981.1193,mp_oct
0,2981.4196,mp_oct
0,2981.7199,mp_oct
0,2982.0202,mp_oct
0,2982.3206,mp_oct
0,2982.6209,mp_oct
0,2982.9212,mp_oct
0,2983.2215,mp_oct
15,2983.5219,mp_oct
15,2983.8222,mp_oct
15,2984.1225,mp_oct
15,2984.4229,mp_oct
15,2984.7231,mp_oct
15,2985.0235,mp_oct
15,2985.3239,mp_oct
15,2985.6242,mp_oct
15,2985.9245,mp_oct
15,2986.2249,mp_oct
15,2986.5752,mp_oct
15,2986.9113,mp_oct
15,2987.2116,mp_oct
15,2987.512,mp_oct
15,2987.8123,mp_oct
15,2988.1177,mp_oct
15,2988.4172,mp_oct
15,2988.7176,mp_oct
15,2989.0335,mp_oct
15,2989.3338,mp_oct
15,2989.6341,mp_oct
15,2989.9345,mp_oct
15,2990.2692,mp_oct
15,2990.5796,mp_oct
15,2990.8799,mp_oct
0,2991.1803,mp_oct
1,2991.4806,mp_oct
1,2991.7809,mp_oct
1,2992.0812,mp_oct
1,2992.3816,mp_oct
1,2992.6819,mp_oct
1,2992.9822,mp_oct
1,2993.2826,mp_oct
1,2993.5829,mp_oct
1,2993.8882,mp_oct
1,2994.1885,mp_oct
1,2994.4889,mp_oct
1,2994.7892,mp_oct
1,2995.0895,mp_oct
1,2995.3899,mp_oct
6,2995.6902,mp_oct
2,2995.9905,mp_oct
2,2996.2908,mp_oct
2,2996.5911,mp_oct
2,2996.8915,mp_oct
2,2997.1977,mp_oct
2,2997.5028,mp_oct
1,2997.8031,mp_oct
1,2998.1035,mp_oct
1,2998.4037,mp_oct
1,2998.7041,mp_oct
1,2999.0044,mp_oct
2,2999.3047,mp_oct
2,2999.6051,mp_oct
1,2999.9054,mp_oct
1,3000.2057,mp_oct
2,3000.506,mp_oct
2,3000.8064,mp_oct
2,3001.1067,mp_oct
2,3001.407,mp_oct
2,3001.7074,mp_oct
2,3002.0077,mp_oct
2,3002.3124,mp_oct
2,3002.6177,mp_oct
2,3002.918,mp_oct
2,3003.2184,mp_oct
1,3003.5187,mp_oct
1,3003.819,mp_oct
1,3004.1194,mp_oct
1,3004.4196,mp_oct
1,3004.72,mp_oct
1,3005.0203,mp_oct
1,3005.3206,mp_oct
1,3005.621,mp_oct
1,3005.9213,mp_oct
1,3006.2216,mp_oct
1,3006.522,mp_oct
1,3006.8223,mp_oct
1,3007.1226,mp_oct
1,3007.4229,mp_oct
1,3007.7233,mp_oct
1,3008.0236,mp_oct
1,3008.3239,mp_oct
1,3008.6242,mp_oct
1,3008.9246,mp_oct
6,3009.2249,mp_oct
6,3009.536,mp_oct
1,3009.8363,mp_oct
2,3010.1459,mp_oct
2,3010.4463,mp_oct
2,3010.7581,mp_oct
2,3011.0619,mp_oct
2,3011.378,mp_oct
2,3011.6783,mp_oct
2,3011.9829,mp_oct
2,3012.2988,mp_oct
2,3012.5992,mp_oct
5,3012.9089,mp_oct
1,3013.2092,mp_oct
1,3013.5095,mp_oct
1,3013.8098,mp_oct
1,3014.1102,mp_oct
1,3014.4105,mp_oct
1,3014.7108,mp_oct
1,3015.0112,mp_oct
5,3015.3115,mp_oct
5,3015.6118,mp_oct
0,3015.9122,mp_oct
1,3016.2231,mp_oct
1,3016.5235,mp_oct
1,3016.8237,mp_oct
1,3017.1241,mp_oct
1,3017.4244,mp_oct
1,3017.7248,mp_oct
1,3018.0251,mp_oct
1,3018.3254,mp_oct
1,3018.6257,mp_oct
1,3018.926,mp_oct
1,3019.2264,mp_oct
1,3019.5267,mp_oct
1,3019.827,mp_oct
1,3020.1274,mp_oct
1,3020.432,mp_oct
1,3020.7324,mp_oct
1,3021.0327,mp_oct
6,3021.3331,mp_oct
1,3021.6333,mp_oct
1,3021.9336,mp_oct
1,3022.234,mp_oct
14,3022.5343,mp_oct
14,3022.8347,mp_oct
14,3023.1349,mp_oct
14,3023.4353,mp_oct
14,3023.7356,mp_oct
0,3024.046,mp_oct
0,3024.3463,mp_oct
14,3024.6466,mp_oct
0,3024.9469,mp_oct
14,3025.2473,mp_oct
14,3025.5476,mp_oct
14,3025.8479,mp_oct
14,3026.1483,mp_oct
14,3026.4485,mp_oct
14,3026.7489,mp_oct
14,3027.0492,mp_oct
14,3027.3495,mp_oct
14,3027.6499,mp_oct
0,3027.9502,mp_oct
0,3028.2506,mp_oct
0,3028.5508,mp_oct
14,3028.8511,mp_oct
14,3029.1515,mp_oct
14,3029.4518,mp_oct
14,3029.7522,mp_oct
14,3030.0525,mp_oct
14,3030.3528,mp_oct
14,3030.6532,mp_oct
14,3030.9534,mp_oct
14,3031.2538,mp_oct
14,3031.5541,mp_oct
14,3031.8544,mp_oct
0,3032.1548,mp_oct
0,3032.4551,mp_oct
15,3032.7555,mp_oct
0,3033.0557,mp_oct
0,3033.3561,mp_oct
14,3033.6564,mp_oct
14,3033.9567,mp_oct
14,3034.2571,mp_oct
14,3034.5582,mp_oct
0,3034.8577,mp_oct
14,3035.158,mp_oct
14,3035.4584,mp_oct
14,3035.7587,mp_oct
14,3036.059,mp_oct
14,3036.3594,mp_oct
14,3036.6596,mp_oct
14,3036.96,mp_oct
14,3037.2603,mp_oct
14,3037.5606,mp_oct
14,3037.861,mp_oct
14,3038.1613,mp_oct
14,3038.4617,mp_oct
14,3038.762,mp_oct
14,3039.0623,mp_oct
0,3039.3626,mp_oct
14,3039.6629,mp_oct
0,3039.9632,mp_oct
15,3040.2636,mp_oct
0,3040.5639,mp_oct
0,3040.8643,mp_oct
14,3041.1646,mp_oct
14,3041.4649,mp_oct
14,3041.7652,mp_oct
14,3042.0655,mp_oct
14,3042.3659,mp_oct
14,3042.6662,mp_oct
14,3042.9665,mp_oct
14,3043.2668,mp_oct
0,3043.5672,mp_oct
15,3043.8676,mp_oct
15,3044.1678,mp_oct
0,3044.4682,mp_oct
13,3044.7685,mp_oct
13,3045.0689,mp_oct
13,3045.3691,mp_oct
13,3045.6695,mp_oct
0,3045.9698,mp_oct
13,3046.2701,mp_oct
13,3046.5705,mp_oct
0,3046.8708,mp_oct
17,3047.1711,mp_oct
17,3047.4715,mp_oct
17,3047.7717,mp_oct
17,3048.0721,mp_oct
17,3048.3724,mp_oct
17,3048.6727,mp_oct
0,3048.9831,mp_oct
0,3049.2834,mp_oct
0,3049.5837,mp_oct
15,3049.8841,mp_oct
15,3050.1844,mp_oct
15,3050.4847,mp_oct
0,3050.785,mp_oct
1,3051.0853,mp_oct
6,3051.3857,mp_oct
6,3051.686,mp_oct
1,3051.9863,mp_oct
1,3052.2867,mp_oct
1,3052.587,mp_oct
0,3052.8873,mp_oct
1,3053.1876,mp_oct
1,3053.488,mp_oct
1,3053.7883,mp_oct
1,3054.0936,mp_oct
1,3054.394,mp_oct
2,3054.6943,mp_oct
1,3054.9946,mp_oct
2,3055.2949,mp_oct
1,3055.5953,mp_oct
1,3055.8956,mp_oct
1,3056.1959,mp_oct
0,3056.4963,mp_oct
6,3056.7966,mp_oct
1,3057.0969,mp_oct
1,3057.4023,mp_oct
1,3057.7026,mp_oct
1,3058.0029,mp_oct
1,3058.3032,mp_oct
1,3058.6036,mp_oct
1,3058.9039,mp_oct
1,3059.2042,mp_oct
1,3059.5045,mp_oct
1,3059.8049,mp_oct
1,3060.1052,mp_oct
1,3060.4055,mp_oct
1,3060.7059,mp_oct
1,3061.0061,mp_oct
1,3061.3065,mp_oct
1,3061.6068,mp_oct
1,3061.9071,mp_oct
1,3062.2075,mp_oct
1,3062.5086,mp_oct
1,3062.8082,mp_oct
2,3063.1084,mp_oct
2,3063.4088,mp_oct
1,3063.7091,mp_oct
0,3064.0094,mp_oct
0,3064.3098,mp_oct
0,3064.6101,mp_oct
0,3064.9104,mp_oct
17,3065.2107,mp_oct
15,3065.5111,mp_oct
15,3065.8114,mp_oct
15,3066.1118,mp_oct
15,3066.412,mp_oct
15,3066.7124,mp_oct
15,3067.0127,mp_oct
15,3067.313,mp_oct
15,3067.6134,mp_oct
15,3067.9137,mp_oct
15,3068.214,mp_oct
15,3068.5144,mp_oct
15,3068.8147,mp_oct
15,3069.115,mp_oct
15,3069.4154,mp_oct
0,3069.7157,mp_oct
0,3070.016,mp_oct
0,3070.3163,mp_oct
17,3070.6166,mp_oct
0,3070.917,mp_oct
0,3071.2173,mp_oct
13,3071.5177,mp_oct
1,3071.818,mp_oct
1,3072.1183,mp_oct
1,3072.4186,mp_oct
1,3072.729,mp_oct
1,3073.0293,mp_oct
1,3073.3296,mp_oct
1,3073.6299,mp_oct
1,3073.9303,mp_oct
1,3074.2306,mp_oct
1,3074.5309,mp_oct
1,3074.8312,mp_oct
1,3075.1316,mp_oct
6,3075.4319,mp_oct
6,3075.7479,mp_oct
1,3076.0482,mp_oct
1,3076.3485,mp_oct
1,3076.6489,mp_oct
1,3076.9492,mp_oct
1,3077.2495,mp_oct
1,3077.5498,mp_oct
1,3077.8902,mp_oct
6,3078.1906,mp_oct
1,3078.4908,mp_oct
1,3078.7911,mp_oct
1,3079.0915,mp_oct
1,3079.3918,mp_oct
1,3079.6921,mp_oct
1,3079.9924,mp_oct
1,3080.2928,mp_oct
1,3080.5931,mp_oct
1,3080.8935,mp_oct
1,3081.1938,mp_oct
6,3081.4942,mp_oct
0,3081.7945,mp_oct
0,3082.0948,mp_oct
0,3082.3952,mp_oct
6,3082.6955,mp_oct
1,3082.9957,mp_oct
1,3083.2961,mp_oct
1,3083.5964,mp_oct
0,3083.8968,mp_oct
0,3084.1971,mp_oct
0,3084.4974,mp_oct
15,3084.7978,mp_oct
15,3085.098,mp_oct
14,3085.3984,mp_oct
0,3085.6988,mp_oct
15,3085.9991,mp_oct
15,3086.2994,mp_oct
0,3086.5997,mp_oct
0,3086.9001,mp_oct
0,3087.2004,mp_oct
0,3087.5007,mp_oct
0,3087.801,mp_oct
0,3088.1014,mp_oct
0,3088.4017,mp_oct
15,3088.7021,mp_oct
15,3089.0024,mp_oct
0,3089.3027,mp_oct
6,3089.603,mp_oct
1,3089.9033,mp_oct
1,3090.2036,mp_oct
1,3090.504,mp_oct
1,3090.8043,mp_oct
1,3091.1046,mp_oct
6,3091.405,mp_oct
0,3091.7053,mp_oct
0,3092.0056,mp_oct
15,3092.306,mp_oct
15,3092.6063,mp_oct
15,3092.9066,mp_oct
15,3093.2069,mp_oct
15,3093.5073,mp_oct
15,3093.8076,mp_oct
15,3094.1079,mp_oct
15,3094.4082,mp_oct
15,3094.7086,mp_oct
15,3095.0089,mp_oct
15,3095.3092,mp_oct
15,3095.6096,mp_oct
15,3095.9099,mp_oct
15,3096.2102,mp_oct
15,3096.5106,mp_oct
15,3096.8109,mp_oct
15,3097.1112,mp_oct
15,3097.4116,mp_oct
15,3097.7119,mp_oct
0,3098.0122,mp_oct
0,3098.3125,mp_oct
1,3098.6128,mp_oct
1,3098.9131,mp_oct
1,3099.2134,mp_oct
1,3099.5138,mp_oct
6,3099.8142,mp_oct
0,3100.1145,mp_oct
0,3100.4148,mp_oct
15,3100.7151,mp_oct
15,3101.0155,mp_oct
15,3101.3158,mp_oct
0,3101.6162,mp_oct
15,3101.9164,mp_oct
15,3102.2168,mp_oct
15,3102.5171,mp_oct
15,3102.8174,mp_oct
15,3103.1178,mp_oct
15,3103.4181,mp_oct
15,3103.7184,mp_oct
15,3104.0187,mp_oct
15,3104.3191,mp_oct
15,3104.6194,mp_oct
0,3104.9197,mp_oct
0,3105.22,mp_oct
0,3105.5204,mp_oct
0,3105.8207,mp_oct
0,3106.1211,mp_oct
0,3106.4214,mp_oct
0,3106.7217,mp_oct
0,3107.022,mp_oct
0,3107.3223,mp_oct
0,3107.6227,mp_oct
0,3107.923,mp_oct
0,3108.2233,mp_oct
0,3108.5236,mp_oct
0,3108.8239,mp_oct
0,3109.1243,mp_oct
0,3109.4247,mp_oct
0,3109.725,mp_oct
0,3110.0253,mp_oct
15,3110.3256,mp_oct
0,3110.626,mp_oct
0,3110.9263,mp_oct
0,3111.2266,mp_oct
0,3111.5269,mp_oct
0,3111.8272,mp_oct
0,3112.1276,mp_oct
0,3112.4279,mp_oct
0,3112.7282,mp_oct
0,3113.0286,mp_oct
0,3113.3289,mp_oct
0,3113.6292,mp_oct
0,3113.9295,mp_oct
0,3114.2299,mp_oct
0,3114.5301,mp_oct
0,3114.8305,mp_oct
0,3115.1308,mp_oct
0,3115.4312,mp_oct
0,3115.7316,mp_oct
0,3116.0319,mp_oct
0,3116.3322,mp_oct
0,3116.6325,mp_oct
0,3116.9328,mp_oct
0,3117.2332,mp_oct
0,3117.5334,mp_oct
0,3117.8337,mp_oct
0,3118.1341,mp_oct
0,3118.4345,mp_oct
0,3118.7347,mp_oct
0,3119.0352,mp_oct
0,3119.3355,mp_oct
0,3119.6358,mp_oct
0,3119.9361,mp_oct
0,3120.2364,mp_oct
0,3120.5367,mp_oct
0,3120.8371,mp_oct
0,3121.1374,mp_oct
0,3121.4378,mp_oct
0,3121.738,mp_oct
0,3122.0383,mp_oct
0,3122.3387,mp_oct
0,3122.639,mp_oct
0,3122.9393,mp_oct
0,3123.2396,mp_oct
0,3123.54,mp_oct
0,3123.8404,mp_oct
0,3124.1407,mp_oct
0,3124.441,mp_oct
0,3124.7413,mp_oct
0,3125.0417,mp_oct
0,3125.342,mp_oct
0,3125.6423,mp_oct
0,3125.9426,mp_oct
0,3126.243,mp_oct
0,3126.5433,mp_oct
0,3126.8436,mp_oct
15,3127.144,mp_oct
0,3127.4443,mp_oct
6,3127.7445,mp_oct
1,3128.0449,mp_oct
1,3128.3452,mp_oct
1,3128.6456,mp_oct
1,3128.9459,mp_oct
1,3129.2462,mp_oct
1,3129.5466,mp_oct
1,3129.8469,mp_oct
1,3130.1472,mp_oct
1,3130.4475,mp_oct
1,3130.7478,mp_oct
1,3131.0482,mp_oct
1,3131.3485,mp_oct
1,3131.6488,mp_oct
1,3131.9492,mp_oct
1,3132.2495,mp_oct
1,3132.5542,mp_oct
1,3132.8546,mp_oct
1,3133.1548,mp_oct
1,3133.4552,mp_oct
1,3133.7556,mp_oct
1,3134.0558,mp_oct
1,3134.3562,mp_oct
1,3134.6564,mp_oct
1,3134.9568,mp_oct
1,3135.2572,mp_oct
1,3135.5575,mp_oct
1,3135.8578,mp_oct
1,3136.1581,mp_oct
1,3136.4584,mp_oct
1,3136.7588,mp_oct
1,3137.0592,mp_oct
1,3137.3594,mp_oct
1,3137.6598,mp_oct
1,3137.9601,mp_oct
1,3138.2604,mp_oct
1,3138.5607,mp_oct
1,3138.8611,mp_oct
1,3139.1614,mp_oct
1,3139.4618,mp_oct
1,3139.762,mp_oct
1,3140.0624,mp_oct
1,3140.3627,mp_oct
1,3140.6631,mp_oct
1,3140.9634,mp_oct
1,3141.2637,mp_oct
1,3141.564,mp_oct
1,3141.8643,mp_oct
1,3142.1646,mp_oct
1,3142.465,mp_oct
1,3142.7653,mp_oct
1,3143.0656,mp_oct
1,3143.366,mp_oct
1,3143.6663,mp_oct
1,3143.9667,mp_oct
1,3144.2669,mp_oct
1,3144.5673,mp_oct
1,3144.8676,mp_oct
1,3145.168,mp_oct
1,3145.4683,mp_oct
0,3145.7686,mp_oct
1,3146.0689,mp_oct
1,3146.3692,mp_oct
6,3146.6696,mp_oct
1,3146.9699,mp_oct
1,3147.3703,mp_oct
1,3147.6707,mp_oct
1,3147.971,mp_oct
1,3148.2713,mp_oct
6,3148.5917,mp_oct
1,3148.8921,mp_oct
0,3149.1924,mp_oct
0,3149.4927,mp_oct
15,3149.793,mp_oct
13,3150.0933,mp_oct
0,3150.3936,mp_oct
13,3150.694,mp_oct
0,3150.9943,mp_oct
0,3151.2947,mp_oct
11,3151.595,mp_oct
3,3151.8953,mp_oct
3,3152.1956,mp_oct
12,3152.4959,mp_oct
12,3152.7963,mp_oct
0,3153.0966,mp_oct
0,3153.3969,mp_oct
0,3153.6973,mp_oct
0,3153.9976,mp_oct
0,3154.298,mp_oct
12,3154.5983,mp_oct
12,3154.8986,mp_oct
0,3155.1989,mp_oct
12,3155.5001,mp_oct
6,3155.7996,mp_oct
0,3156.0999,mp_oct
0,3156.4002,mp_oct
3,3156.7005,mp_oct
0,3157.0008,mp_oct
0,3157.3012,mp_oct
17,3157.6015,mp_oct
0,3157.9018,mp_oct
17,3158.2022,mp_oct
17,3158.5025,mp_oct
17,3158.8028,mp_oct
17,3159.1031,mp_oct
17,3159.4035,mp_oct
17,3159.7038,mp_oct
17,3160.0042,mp_oct
17,3160.3044,mp_oct
17,3160.6048,mp_oct
0,3160.9051,mp_oct
17,3161.2054,mp_oct
17,3161.5058,mp_oct
17,3161.8061,mp_oct
0,3162.1064,mp_oct
0,3162.4068,mp_oct
0,3162.7071,mp_oct
17,3163.0074,mp_oct
17,3163.3078,mp_oct
17,3163.6081,mp_oct
17,3163.9084,mp_oct
17,3164.2087,mp_oct
0,3164.5091,mp_oct
17,3164.8093,mp_oct
17,3165.1097,mp_oct
17,3165.41,mp_oct
17,3165.7104,mp_oct
17,3166.0107,mp_oct
17,3166.311,mp_oct
17,3166.6114,mp_oct
0,3166.9116,mp_oct
0,3167.212,mp_oct
0,3167.5124,mp_oct
13,3167.8127,mp_oct
6,3168.113,mp_oct
1,3168.4834,mp_oct
1,3168.7838,mp_oct
1,3169.0896,mp_oct
6,3169.39,mp_oct
0,3169.6903,mp_oct
0,3169.9907,mp_oct
0,3170.291,mp_oct
0,3170.5913,mp_oct
0,3170.8916,mp_oct
0,3171.192,mp_oct
0,3171.4923,mp_oct
0,3171.7926,mp_oct
0,3172.093,mp_oct
0,3172.3933,mp_oct
0,3172.6936,mp_oct
0,3172.994,mp_oct
0,3173.2943,mp_oct
0,3173.5946,mp_oct
0,3173.8993,mp_oct
17,3174.1996,mp_oct
0,3174.5,mp_oct
0,3174.8003,mp_oct
0,3175.1006,mp_oct
17,3175.401,mp_oct
0,3175.7013,mp_oct
17,3176.0016,mp_oct
17,3176.3019,mp_oct
17,3176.6023,mp_oct
17,3176.9026,mp_oct
17,3177.203,mp_oct
17,3177.5033,mp_oct
17,3177.8036,mp_oct
0,3178.1039,mp_oct
0,3178.4042,mp_oct
17,3178.7045,mp_oct
0,3179.0049,mp_oct
0,3179.3052,mp_oct
0,3179.6055,mp_oct
0,3179.9059,mp_oct
0,3180.2062,mp_oct
0,3180.5065,mp_oct
0,3180.8069,mp_oct
0,3181.1072,mp_oct
0,3181.4075,mp_oct
17,3181.7078,mp_oct
0,3182.0082,mp_oct
0,3182.3085,mp_oct
17,3182.6088,mp_oct
0,3182.9092,mp_oct
12,3183.2095,mp_oct
0,3183.5098,mp_oct
0,3183.8101,mp_oct
17,3184.1104,mp_oct
17,3184.4108,mp_oct
17,3184.7111,mp_oct
17,3185.0115,mp_oct
0,3185.3118,mp_oct
0,3185.6121,mp_oct
0,3185.9124,mp_oct
16,3186.2127,mp_oct
12,3186.5131,mp_oct
12,3186.8134,mp_oct
0,3187.1137,mp_oct
0,3187.4141,mp_oct
17,3187.7144,mp_oct
17,3188.0147,mp_oct
0,3188.315,mp_oct
0,3188.6154,mp_oct
0,3188.9157,mp_oct
17,3189.216,mp_oct
17,3189.5214,mp_oct
0,3189.8217,mp_oct
0,3190.122,mp_oct
0,3190.4223,mp_oct
13,3190.7226,mp_oct
0,3191.023,mp_oct
0,3191.3233,mp_oct
0,3191.6237,mp_oct
0,3191.924,mp_oct
0,3192.2243,mp_oct
0,3192.5246,mp_oct
0,3192.8358,mp_oct
17,3193.1361,mp_oct
0,3193.4365,mp_oct
17,3193.7368,mp_oct
17,3194.0371,mp_oct
17,3194.3374,mp_oct
17,3194.6378,mp_oct
17,3194.9381,mp_oct
17,3195.2384,mp_oct
17,3195.5387,mp_oct
17,3195.839,mp_oct
17,3196.1436,mp_oct
17,3196.4439,mp_oct
17,3196.7443,mp_oct
17,3197.0446,mp_oct
17,3197.3449,mp_oct
17,3197.6452,mp_oct
17,3197.9456,mp_oct
17,3198.2459,mp_oct
17,3198.5462,mp_oct
17,3198.8466,mp_oct
17,3199.1469,mp_oct
0,3199.4472,mp_oct
0,3199.7475,mp_oct
0,3200.0479,mp_oct
0,3200.3482,mp_oct
0,3200.6535,mp_oct
17,3200.9539,mp_oct
0,3201.2542,mp_oct
17,3201.5545,mp_oct
0,3201.8548,mp_oct
0,3202.1552,mp_oct
0,3202.4555,mp_oct
17,3202.7558,mp_oct
17,3203.0561,mp_oct
0,3203.3564,mp_oct
15,3203.6568,mp_oct
0,3203.9677,mp_oct
0,3204.2681,mp_oct
17,3204.5684,mp_oct
17,3204.8688,mp_oct
17,3205.1691,mp_oct
17,3205.4694,mp_oct
17,3205.7697,mp_oct
0,3206.0701,mp_oct
17,3206.3704,mp_oct
17,3206.6708,mp_oct
17,3206.971,mp_oct
17,3207.2713,mp_oct
17,3207.5717,mp_oct
0,3207.872,mp_oct
0,3208.1724,mp_oct
0,3208.4727,mp_oct
17,3208.773,mp_oct
0,3209.0734,mp_oct
0,3209.3737,mp_oct
0,3209.674,mp_oct
0,3209.9743,mp_oct
17,3210.2747,mp_oct
0,3210.575,mp_oct
0,3210.8753,mp_oct
17,3211.1756,mp_oct
17,3211.476,mp_oct
0,3211.7763,mp_oct
0,3212.0767,mp_oct
17,3212.3769,mp_oct
0,3212.6773,mp_oct
17,3212.9776,mp_oct
17,3213.278,mp_oct
17,3213.5783,mp_oct
0,3213.8786,mp_oct
0,3214.1789,mp_oct
0,3214.4792,mp_oct
17,3214.7796,mp_oct
17,3215.0799,mp_oct
0,3215.3802,mp_oct
0,3215.6806,mp_oct
0,3215.9809,mp_oct
0,3216.2812,mp_oct
0,3216.5815,mp_oct
17,3216.8819,mp_oct
17,3217.1822,mp_oct
0,3217.4825,mp_oct
17,3217.7828,mp_oct
17,3218.0832,mp_oct
0,3218.3835,mp_oct
0,3218.6838,mp_oct
16,3218.9842,mp_oct
0,3219.2845,mp_oct
11,3219.5848,mp_oct
10,3219.8852,mp_oct
10,3220.1855,mp_oct
10,3220.4858,mp_oct
10,3220.7862,mp_oct
0,3221.0865,mp_oct
0,3221.3868,mp_oct
0,3221.6872,mp_oct
10,3221.9875,mp_oct
0,3222.2878,mp_oct
0,3222.588,mp_oct
0,3222.8885,mp_oct
10,3223.1887,mp_oct
9,3223.4891,mp_oct
10,3223.7894,mp_oct
8,3224.0897,mp_oct
8,3224.3909,mp_oct
8,3224.6904,mp_oct
8,3224.9908,mp_oct
0,3225.291,mp_oct
8,3225.5914,mp_oct
0,3225.8917,mp_oct
0,3226.192,mp_oct
0,3226.4924,mp_oct
0,3226.7927,mp_oct
8,3227.093,mp_oct
8,3227.3933,mp_oct
8,3227.6937,mp_oct
8,3227.994,mp_oct
0,3228.2944,mp_oct
8,3228.5947,mp_oct
0,3228.8994,mp_oct
8,3229.1997,mp_oct
8,3229.5,mp_oct
8,3229.8003,mp_oct
8,3230.1006,mp_oct
8,3230.401,mp_oct
0,3230.7013,mp_oct
0,3231.0017,mp_oct
8,3231.302,mp_oct
0,3231.6023,mp_oct
8,3231.9027,mp_oct
0,3232.203,mp_oct
11,3232.5033,mp_oct
11,3232.8036,mp_oct
0,3233.1039,mp_oct
13,3233.4043,mp_oct
0,3233.7046,mp_oct
17,3234.0149,mp_oct
17,3234.3153,mp_oct
17,3234.6156,mp_oct
0,3234.9159,mp_oct
17,3235.2163,mp_oct
17,3235.5166,mp_oct
0,3235.8169,mp_oct
17,3236.1172,mp_oct
17,3236.4176,mp_oct
17,3236.7178,mp_oct
0,3237.0182,mp_oct
17,3237.3286,mp_oct
17,3237.6297,mp_oct
17,3237.9292,mp_oct
17,3238.2295,mp_oct
17,3238.5299,mp_oct
17,3238.8302,mp_oct
17,3239.1305,mp_oct
17,3239.4309,mp_oct
17,3239.7311,mp_oct
17,3240.0315,mp_oct
17,3240.3319,mp_oct
17,3240.6321,mp_oct
0,3240.9325,mp_oct
0,3241.2328,mp_oct
0,3241.5332,mp_oct
6,3241.8334,mp_oct
1,3242.3039,mp_oct
1,3242.6099,mp_oct
15,3242.9146,mp_oct
1,3243.225,mp_oct
1,3243.5253,mp_oct
1,3243.8257,mp_oct
1,3244.1259,mp_oct
1,3244.4263,mp_oct
1,3244.7266,mp_oct
1,3245.0269,mp_oct
1,3245.3273,mp_oct
1,3245.6276,mp_oct
1,3245.9279,mp_oct
1,3246.2339,mp_oct
1,3246.5342,mp_oct
1,3246.8346,mp_oct
1,3247.1349,mp_oct
1,3247.4352,mp_oct
0,3247.7355,mp_oct
0,3248.0367,mp_oct
0,3248.3362,mp_oct
0,3248.6365,mp_oct
0,3248.9368,mp_oct
0,3249.2415,mp_oct
0,3249.5419,mp_oct
0,3249.8422,mp_oct
0,3250.1425,mp_oct
0,3250.4428,mp_oct
0,3250.7432,mp_oct
0,3251.0435,mp_oct
0,3251.3438,mp_oct
0,3251.6442,mp_oct
13,3251.9445,mp_oct
17,3252.2448,mp_oct
17,3252.5501,mp_oct
17,3252.8611,mp_oct
17,3253.1614,mp_oct
17,3253.4618,mp_oct
17,3253.762,mp_oct
17,3254.0624,mp_oct
17,3254.3627,mp_oct
0,3254.663,mp_oct
17,3254.9634,mp_oct
17,3255.2636,mp_oct
17,3255.564,mp_oct
17,3255.8643,mp_oct
17,3256.1647,mp_oct
17,3256.465,mp_oct
17,3256.7653,mp_oct
17,3257.0657,mp_oct
17,3257.366,mp_oct
0,3257.6663,mp_oct
17,3257.9667,mp_oct
17,3258.267,mp_oct
17,3258.5674,mp_oct
17,3258.8676,mp_oct
17,3259.168,mp_oct
17,3259.4683,mp_oct
17,3259.7686,mp_oct
0,3260.069,mp_oct
0,3260.3736,mp_oct
0,3260.679,mp_oct
0,3260.9793,mp_oct
0,3261.2796,mp_oct
17,3261.58,mp_oct
17,3261.8803,mp_oct
0,3262.1806,mp_oct
17,3262.4809,mp_oct
17,3262.7812,mp_oct
17,3263.0816,mp_oct
17,3263.3819,mp_oct
17,3263.6822,mp_oct
0,3263.9826,mp_oct
17,3264.2829,mp_oct
17,3264.5832,mp_oct
17,3264.8836,mp_oct
0,3265.1838,mp_oct
17,3265.4842,mp_oct
17,3265.7845,mp_oct
17,3266.0848,mp_oct
17,3266.3852,mp_oct
0,3266.6855,mp_oct
17,3266.9858,mp_oct
17,3267.2862,mp_oct
17,3267.5865,mp_oct
0,3267.8868,mp_oct
0,3268.1871,mp_oct
17,3268.4875,mp_oct
0,3268.7878,mp_oct
0,3269.0881,mp_oct
0,3269.3884,mp_oct
17,3269.6888,mp_oct
0,3269.9891,mp_oct
0,3270.2894,mp_oct
0,3270.5897,mp_oct
0,3270.8901,mp_oct
0,3271.1904,mp_oct
17,3271.4908,mp_oct
17,3271.7911,mp_oct
17,3272.0914,mp_oct
0,3272.3917,mp_oct
17,3272.6921,mp_oct
17,3272.9924,mp_oct
0,3273.2927,mp_oct
17,3273.593,mp_oct
17,3273.8933,mp_oct
0,3274.1937,mp_oct
0,3274.494,mp_oct
0,3274.7944,mp_oct
0,3275.0947,mp_oct
0,3275.395,mp_oct
0,3275.6953,mp_oct
17,3275.9956,mp_oct
0,3276.296,mp_oct
17,3276.5963,mp_oct
0,3276.8966,mp_oct
0,3277.1969,mp_oct
0,3277.4972,mp_oct
17,3277.7976,mp_oct
0,3278.0979,mp_oct
17,3278.3982,mp_oct
0,3278.6985,mp_oct
0,3278.9989,mp_oct
0,3279.2993,mp_oct
0,3279.5996,mp_oct
0,3279.8999,mp_oct
0,3280.2002,mp_oct
0,3280.5005,mp_oct
0,3280.8009,mp_oct
12,3281.1012,mp_oct
0,3281.4015,mp_oct
16,3281.7018,mp_oct
16,3282.0022,mp_oct
16,3282.3025,mp_oct
16,3282.6029,mp_oct
16,3282.9082,mp_oct
16,3283.2085,mp_oct
16,3283.5088,mp_oct
16,3283.8092,mp_oct
16,3284.1095,mp_oct
16,3284.4098,mp_oct
16,3284.7101,mp_oct
16,3285.0105,mp_oct
16,3285.3108,mp_oct
16,3285.6112,mp_oct
16,3285.9115,mp_oct
16,3286.2118,mp_oct
16,3286.5121,mp_oct
16,3286.8125,mp_oct
16,3287.1128,mp_oct
0,3287.4131,mp_oct
16,3287.7134,mp_oct
16,3288.0138,mp_oct
16,3288.3141,mp_oct
16,3288.6144,mp_oct
16,3288.9148,mp_oct
16,3289.215,mp_oct
16,3289.5154,mp_oct
16,3289.8157,mp_oct
16,3290.116,mp_oct
16,3290.4164,mp_oct
16,3290.7167,mp_oct
12,3291.017,mp_oct
12,3291.3173,mp_oct
3,3291.6177,mp_oct
3,3291.918,mp_oct
3,3292.2183,mp_oct
3,3292.5243,mp_oct
16,3292.8246,mp_oct
16,3293.125,mp_oct
16,3293.4253,mp_oct
16,3293.7256,mp_oct
16,3294.0303,mp_oct
16,3294.3306,mp_oct
16,3294.6309,mp_oct
16,3294.9313,mp_oct
16,3295.2316,mp_oct
16,3295.5319,mp_oct
16,3295.8323,mp_oct
16,3296.1326,mp_oct
16,3296.4329,mp_oct
16,3296.7333,mp_oct
16,3297.0336,mp_oct
16,3297.3348,mp_oct
16,3297.6342,mp_oct
12,3297.9346,mp_oct
6,3298.2349,mp_oct
0,3298.5352,mp_oct
0,3298.8356,mp_oct
17,3299.1359,mp_oct
17,3299.4362,mp_oct
0,3299.7365,mp_oct
0,3300.0369,mp_oct
12,3300.3372,mp_oct
3,3300.6376,mp_oct
3,3300.9379,mp_oct
3,3301.2382,mp_oct
17,3301.5385,mp_oct
16,3301.8388,mp_oct
16,3302.1392,mp_oct
17,3302.4395,mp_oct
0,3302.7398,mp_oct
0,3303.0401,mp_oct
12,3303.3405,mp_oct
0,3303.6408,mp_oct
0,3303.9412,mp_oct
0,3304.2415,mp_oct
17,3304.5418,mp_oct
0,3304.8421,mp_oct
17,3305.1425,mp_oct
17,3305.4428,mp_oct
17,3305.7431,mp_oct
0,3306.0434,mp_oct
0,3306.3438,mp_oct
17,3306.6441,mp_oct
17,3306.9444,mp_oct
0,3307.2447,mp_oct
17,3307.545,mp_oct
0,3307.8454,mp_oct
0,3308.1457,mp_oct
0,3308.446,mp_oct
0,3308.7463,mp_oct
0,3309.0467,mp_oct
0,3309.347,mp_oct
0,3309.6473,mp_oct
0,3309.9477,mp_oct
0,3310.248,mp_oct
0,3310.5483,mp_oct
0,3310.8486,mp_oct
0,3311.1489,mp_oct
0,3311.4493,mp_oct
0,3311.7496,mp_oct
16,3312.05,mp_oct
0,3312.3503,mp_oct
16,3312.6556,mp_oct
12,3312.956,mp_oct
1,3313.2563,mp_oct
1,3313.5566,mp_oct
1,3313.8569,mp_oct
1,3314.1572,mp_oct
1,3314.4576,mp_oct
1,3314.7579,mp_oct
1,3315.0583,mp_oct
1,3315.3586,mp_oct
1,3315.6589,mp_oct
0,3315.9592,mp_oct
7,3316.2596,mp_oct
3,3316.5599,mp_oct
12,3316.8602,mp_oct
0,3317.1605,mp_oct
0,3317.4608,mp_oct
0,3317.7611,mp_oct
0,3318.0624,mp_oct
0,3318.3618,mp_oct
15,3318.6621,mp_oct
13,3318.9625,mp_oct
0,3319.2628,mp_oct
17,3319.5632,mp_oct
0,3319.8635,mp_oct
0,3320.1638,mp_oct
12,3320.4691,mp_oct
12,3320.7694,mp_oct
12,3321.0698,mp_oct
0,3321.3701,mp_oct
0,3321.6705,mp_oct
17,3321.9708,mp_oct
0,3322.2711,mp_oct
0,3322.5714,mp_oct
0,3322.8725,mp_oct
0,3323.1721,mp_oct
0,3323.4724,mp_oct
17,3323.7727,mp_oct
0,3324.0731,mp_oct
17,3324.3734,mp_oct
17,3324.6737,mp_oct
0,3324.974,mp_oct
0,3325.2744,mp_oct
0,3325.5747,mp_oct
0,3325.875,mp_oct
17,3326.1753,mp_oct
17,3326.4757,mp_oct
0,3326.776,mp_oct
17,3327.0763,mp_oct
17,3327.3766,mp_oct
17,3327.677,mp_oct
17,3327.9773,mp_oct
17,3328.2776,mp_oct
0,3328.578,mp_oct
17,3328.8783,mp_oct
17,3329.1786,mp_oct
17,3329.4789,mp_oct
17,3329.7793,mp_oct
17,3330.0796,mp_oct
17,3330.3799,mp_oct
17,3330.6803,mp_oct
17,3330.9805,mp_oct
0,3331.2809,mp_oct
17,3331.5812,mp_oct
17,3331.8815,mp_oct
17,3332.1818,mp_oct
17,3332.4822,mp_oct
17,3332.7826,mp_oct
17,3333.0828,mp_oct
17,3333.3832,mp_oct
0,3333.6835,mp_oct
17,3333.9838,mp_oct
0,3334.2841,mp_oct
17,3334.5844,mp_oct
17,3334.8848,mp_oct
0,3335.1851,mp_oct
0,3335.4855,mp_oct
0,3335.7858,mp_oct
0,3336.0861,mp_oct
1,3336.3864,mp_oct
1,3336.7418,mp_oct
1,3337.0421,mp_oct
1,3337.3425,mp_oct
1,3337.6428,mp_oct
1,3337.9431,mp_oct
1,3338.2435,mp_oct
1,3338.5447,mp_oct
1,3338.8442,mp_oct
1,3339.1444,mp_oct
1,3339.4448,mp_oct
1,3339.7451,mp_oct
1,3340.0454,mp_oct
1,3340.3458,mp_oct
6,3340.6461,mp_oct
0,3340.9464,mp_oct
13,3341.2468,mp_oct
13,3341.547,mp_oct
13,3341.8474,mp_oct
0,3342.1477,mp_oct
17,3342.448,mp_oct
0,3342.7484,mp_oct
0,3343.0487,mp_oct
17,3343.3491,mp_oct
0,3343.6494,mp_oct
0,3343.9497,mp_oct
1,3344.25,mp_oct
10,3344.5504,mp_oct
10,3344.8507,mp_oct
0,3345.151,mp_oct
10,3345.4513,mp_oct
10,3345.7566,mp_oct
0,3346.057,mp_oct
0,3346.3573,mp_oct
3,3346.6577,mp_oct
3,3346.958,mp_oct
3,3347.2583,mp_oct
0,3347.5587,mp_oct
16,3347.8589,mp_oct
12,3348.1593,mp_oct
17,3348.4596,mp_oct
17,3348.7599,mp_oct
0,3349.0659,mp_oct
0,3349.3662,mp_oct
17,3349.6665,mp_oct
17,3349.9668,mp_oct
17,3350.2672,mp_oct
0,3350.5676,mp_oct
17,3350.8678,mp_oct
17,3351.1682,mp_oct
17,3351.4685,mp_oct
0,3351.7688,mp_oct
0,3352.0692,mp_oct
0,3352.3695,mp_oct
17,3352.6698,mp_oct
17,3352.9701,mp_oct
0,3353.2705,mp_oct
17,3353.5708,mp_oct
17,3353.8805,mp_oct
17,3354.1808,mp_oct
0,3354.4812,mp_oct
17,3354.7815,mp_oct
17,3355.0818,mp_oct
17,3355.383,mp_oct
0,3355.6825,mp_oct
0,3355.9828,mp_oct
0,3356.2831,mp_oct
17,3356.5835,mp_oct
17,3356.8838,mp_oct
17,3357.1841,mp_oct
17,3357.4844,mp_oct
17,3357.7848,mp_oct
0,3358.0851,mp_oct
12,3358.3854,mp_oct
11,3358.6857,mp_oct
11,3358.9861,mp_oct
0,3359.2864,mp_oct
13,3359.5867,mp_oct
17,3359.887,mp_oct
17,3360.1874,mp_oct
17,3360.4877,mp_oct
17,3360.788,mp_oct
17,3361.0884,mp_oct
17,3361.3887,mp_oct
17,3361.689,mp_oct
0,3361.9893,mp_oct
12,3362.2897,mp_oct
11,3362.6006,mp_oct
3,3362.9009,mp_oct
3,3363.2013,mp_oct
3,3363.5016,mp_oct
3,3363.802,mp_oct
3,3364.1031,mp_oct
3,3364.4026,mp_oct
3,3364.7029,mp_oct
3,3365.0032,mp_oct
3,3365.3036,mp_oct
16,3365.6039,mp_oct
16,3365.9043,mp_oct
16,3366.2045,mp_oct
12,3366.5049,mp_oct
0,3366.8052,mp_oct
17,3367.1056,mp_oct
17,3367.4059,mp_oct
0,3367.7062,mp_oct
0,3368.0065,mp_oct
0,3368.3068,mp_oct
0,3368.6072,mp_oct
0,3368.9076,mp_oct
0,3369.2078,mp_oct
12,3369.5125,mp_oct
6,3369.8129,mp_oct
12,3370.1132,mp_oct
17,3370.4135,mp_oct
16,3370.7138,mp_oct
12,3371.0142,mp_oct
3,3371.3145,mp_oct
3,3371.6148,mp_oct
3,3371.9151,mp_oct
3,3372.2154,mp_oct
3,3372.5158,mp_oct
3,3372.8261,mp_oct
3,3373.1265,mp_oct
16,3373.4268,mp_oct
16,3373.7271,mp_oct
16,3374.0274,mp_oct
16,3374.3278,mp_oct
16,3374.6281,mp_oct
16,3374.9284,mp_oct
16,3375.2287,mp_oct
16,3375.5291,mp_oct
16,3375.8294,mp_oct
16,3376.1355,mp_oct
16,3376.4359,mp_oct
16,3376.7361,mp_oct
16,3377.0364,mp_oct
16,3377.3369,mp_oct
16,3377.6371,mp_oct
16,3377.9375,mp_oct
16,3378.2378,mp_oct
16,3378.5381,mp_oct
16,3378.8385,mp_oct
16,3379.1387,mp_oct
16,3379.4391,mp_oct
16,3379.7395,mp_oct
16,3380.0398,mp_oct
16,3380.3401,mp_oct
16,3380.6446,mp_oct
16,3380.945,mp_oct
16,3381.2453,mp_oct
16,3381.5456,mp_oct
16,3381.846,mp_oct
16,3382.1462,mp_oct
16,3382.4466,mp_oct
16,3382.7469,mp_oct
16,3383.0472,mp_oct
16,3383.3476,mp_oct
16,3383.6479,mp_oct
16,3383.9482,mp_oct
16,3384.2485,mp_oct
16,3384.5488,mp_oct
16,3384.8492,mp_oct
0,3385.1495,mp_oct
4,3385.4499,mp_oct
1,3385.7502,mp_oct
11,3386.0505,mp_oct
12,3386.3508,mp_oct
0,3386.6511,mp_oct
11,3386.9515,mp_oct
11,3387.2519,mp_oct
0,3387.5522,mp_oct
0,3387.8533,mp_oct
0,3388.1528,mp_oct
0,3388.4531,mp_oct
0,3388.7534,mp_oct
0,3389.0538,mp_oct
0,3389.3541,mp_oct
0,3389.6545,mp_oct
0,3389.9547,mp_oct
8,3390.2551,mp_oct
11,3390.5554,mp_oct
7,3390.8558,mp_oct
3,3391.156,mp_oct
3,3391.4564,mp_oct
3,3391.7567,mp_oct
11,3392.057,mp_oct
12,3392.3573,mp_oct
0,3392.6577,mp_oct
15,3392.958,mp_oct
1,3393.2583,mp_oct
1,3393.5587,mp_oct
1,3393.859,mp_oct
1,3394.1593,mp_oct
1,3394.4597,mp_oct
1,3394.76,mp_oct
1,3395.0603,mp_oct
6,3395.3606,mp_oct
6,3395.661,mp_oct
1,3395.9613,mp_oct
1,3396.2616,mp_oct
1,3396.562,mp_oct
1,3396.8623,mp_oct
1,3397.1635,mp_oct
1,3397.463,mp_oct
1,3397.7632,mp_oct
1,3398.0636,mp_oct
6,3398.3796,mp_oct
0,3398.6799,mp_oct
13,3398.9802,mp_oct
15,3399.2805,mp_oct
0,3399.5808,mp_oct
1,3399.8812,mp_oct
1,3400.1815,mp_oct
1,3400.4818,mp_oct
1,3400.7821,mp_oct
1,3401.0825,mp_oct
1,3401.3828,mp_oct
1,3401.6832,mp_oct
1,3401.9834,mp_oct
1,3402.2838,mp_oct
1,3402.5841,mp_oct
1,3402.8844,mp_oct
1,3403.1847,mp_oct
1,3403.4851,mp_oct
1,3403.7854,mp_oct
0,3404.0857,mp_oct
1,3404.3861,mp_oct
0,3404.6864,mp_oct
0,3404.9867,mp_oct
0,3405.2871,mp_oct
17,3405.5874,mp_oct
17,3405.8877,mp_oct
13,3406.1881,mp_oct
13,3406.4884,mp_oct
0,3406.7887,mp_oct
13,3407.089,mp_oct
6,3407.3893,mp_oct
1,3407.6897,mp_oct
1,3407.99,mp_oct
1,3408.2904,mp_oct
1,3408.5907,mp_oct
1,3408.9004,mp_oct
11,3409.2007,mp_oct
13,3409.501,mp_oct
0,3409.8013,mp_oct
15,3410.1017,mp_oct
0,3410.402,mp_oct
1,3410.7024,mp_oct
1,3411.0027,mp_oct
1,3411.303,mp_oct
1,3411.6034,mp_oct
1,3411.9037,mp_oct
1,3412.2041,mp_oct
1,3412.5043,mp_oct
1,3412.8047,mp_oct
1,3413.105,mp_oct
1,3413.4053,mp_oct
1,3413.7056,mp_oct
2,3414.061,mp_oct
2,3414.3714,mp_oct
1,3414.6717,mp_oct
1,3414.972,mp_oct
1,3415.2724,mp_oct
1,3415.5726,mp_oct
1,3415.873,mp_oct
1,3416.1733,mp_oct
1,3416.4737,mp_oct
1,3416.774,mp_oct
1,3417.0744,mp_oct
1,3417.3804,mp_oct
1,3417.685,mp_oct
1,3417.9853,mp_oct
1,3418.3213,mp_oct
1,3418.6217,mp_oct
1,3418.922,mp_oct
1,3419.2222,mp_oct
1,3419.5226,mp_oct
1,3419.823,mp_oct
11,3420.1233,mp_oct
6,3420.4236,mp_oct
13,3420.724,mp_oct
15,3421.0242,mp_oct
15,3421.3246,mp_oct
15,3421.6249,mp_oct
1,3421.9252,mp_oct
1,3422.2256,mp_oct
1,3422.5259,mp_oct
1,3422.8262,mp_oct
1,3423.1266,mp_oct
1,3423.4269,mp_oct
1,3423.7272,mp_oct
1,3424.0276,mp_oct
1,3424.3279,mp_oct
1,3424.6282,mp_oct
1,3424.9284,mp_oct
1,3425.2288,mp_oct
1,3425.5292,mp_oct
1,3425.8295,mp_oct
1,3426.1299,mp_oct
1,3426.4395,mp_oct
1,3426.7399,mp_oct
1,3427.0402,mp_oct
12,3427.3405,mp_oct
13,3427.6408,mp_oct
0,3427.9412,mp_oct
13,3428.2415,mp_oct
0,3428.5418,mp_oct
0,3428.8421,mp_oct
0,3429.1425,mp_oct
0,3429.4428,mp_oct
17,3429.7432,mp_oct
0,3430.0435,mp_oct
0,3430.3438,mp_oct
0,3430.6441,mp_oct
6,3430.9444,mp_oct
1,3431.2447,mp_oct
1,3431.5451,mp_oct
1,3431.8454,mp_oct
1,3432.1458,mp_oct
1,3432.4461,mp_oct
1,3432.7514,mp_oct
1,3433.0517,mp_oct
10,3433.3521,mp_oct
1,3433.6525,mp_oct
1,3433.9527,mp_oct
1,3434.2531,mp_oct
1,3434.5534,mp_oct
1,3434.8537,mp_oct
1,3435.154,mp_oct
1,3435.4544,mp_oct
1,3435.7547,mp_oct
1,3436.055,mp_oct
1,3436.3554,mp_oct
1,3436.6557,mp_oct
1,3436.956,mp_oct
1,3437.2563,mp_oct
1,3437.5566,mp_oct
1,3437.9571,mp_oct
1,3438.2874,mp_oct
1,3438.5877,mp_oct
1,3438.8881,mp_oct
1,3439.1884,mp_oct
1,3439.4887,mp_oct
1,3439.7891,mp_oct
1,3440.0894,mp_oct
1,3440.3948,mp_oct
1,3440.6951,mp_oct
1,3440.9954,mp_oct
1,3441.2957,mp_oct
1,3441.5961,mp_oct
1,3441.8964,mp_oct
1,3442.1967,mp_oct
1,3442.497,mp_oct
1,3442.7974,mp_oct
1,3443.0977,mp_oct
1,3443.398,mp_oct
1,3443.6983,mp_oct
1,3443.9987,mp_oct
1,3444.299,mp_oct
1,3444.5993,mp_oct
1,3444.8996,mp_oct
1,3445.2,mp_oct
1,3445.5003,mp_oct
1,3445.8006,mp_oct
1,3446.1009,mp_oct
1,3446.4012,mp_oct
1,3446.7016,mp_oct
1,3447.002,mp_oct
1,3447.3023,mp_oct
1,3447.6026,mp_oct
1,3447.9029,mp_oct
1,3448.2032,mp_oct
1,3448.5036,mp_oct
1,3448.8039,mp_oct
1,3449.1042,mp_oct
1,3449.4046,mp_oct
1,3449.7049,mp_oct
1,3450.0052,mp_oct
1,3450.3056,mp_oct
1,3450.6059,mp_oct
1,3450.9062,mp_oct
1,3451.2065,mp_oct
1,3451.5068,mp_oct
1,3451.8072,mp_oct
1,3452.1075,mp_oct
1,3452.4078,mp_oct
1,3452.7082,mp_oct
1,3453.0084,mp_oct
1,3453.3089,mp_oct
1,3453.6091,mp_oct
1,3453.9095,mp_oct
1,3454.2098,mp_oct
1,3454.5101,mp_oct
1,3454.8105,mp_oct
1,3455.1108,mp_oct
1,3455.4111,mp_oct
1,3455.7115,mp_oct
1,3456.0118,mp_oct
1,3456.3121,mp_oct
1,3456.6124,mp_oct
1,3456.9128,mp_oct
1,3457.2131,mp_oct
1,3457.5134,mp_oct
1,3457.8137,mp_oct
1,3458.114,mp_oct
1,3458.4144,mp_oct
1,3458.7147,mp_oct
1,3459.015,mp_oct
1,3459.3153,mp_oct
1,3459.6157,mp_oct
1,3459.916,mp_oct
1,3460.2163,mp_oct
1,3460.5167,mp_oct
1,3460.817,mp_oct
1,3461.1173,mp_oct
1,3461.4176,mp_oct
1,3461.718,mp_oct
1,3462.0183,mp_oct
1,3462.3186,mp_oct
1,3462.6189,mp_oct
1,3462.9193,mp_oct
1,3463.2196,mp_oct
1,3463.5199,mp_oct
1,3463.8203,mp_oct
1,3464.1206,mp_oct
1,3464.4209,mp_oct
1,3464.7212,mp_oct
1,3465.0216,mp_oct
1,3465.3219,mp_oct
1,3465.6222,mp_oct
1,3465.9226,mp_oct
1,3466.2229,mp_oct
1,3466.5232,mp_oct
1,3466.8235,mp_oct
1,3467.1238,mp_oct
1,3467.4242,mp_oct
1,3467.7245,mp_oct
1,3468.0248,mp_oct
1,3468.3252,mp_oct
1,3468.6255,mp_oct
1,3468.9259,mp_oct
1,3469.2261,mp_oct
1,3469.5264,mp_oct
1,3469.8268,mp_oct
1,3470.1271,mp_oct
1,3470.4275,mp_oct
1,3470.7277,mp_oct
1,3471.0281,mp_oct
1,3471.3284,mp_oct
1,3471.6288,mp_oct
1,3471.9291,mp_oct
1,3472.2294,mp_oct
1,3472.5298,mp_oct
1,3472.8301,mp_oct
1,3473.1304,mp_oct
1,3473.4308,mp_oct
1,3473.731,mp_oct
1,3474.0314,mp_oct
1,3474.3317,mp_oct
1,3474.6321,mp_oct
1,3474.9324,mp_oct
1,3475.2327,mp_oct
1,3475.533,mp_oct
1,3475.8333,mp_oct
1,3476.1337,mp_oct
1,3476.434,mp_oct
1,3476.7343,mp_oct
1,3477.0347,mp_oct
1,3477.335,mp_oct
1,3477.6353,mp_oct
1,3477.9356,mp_oct
1,3478.236,mp_oct
1,3478.5363,mp_oct
1,3478.8366,mp_oct
1,3479.137,mp_oct
1,3479.4372,mp_oct
1,3479.7376,mp_oct
1,3480.0379,mp_oct
1,3480.3382,mp_oct
1,3480.6386,mp_oct
1,3480.9389,mp_oct
1,3481.2392,mp_oct
1,3481.5396,mp_oct
1,3481.8399,mp_oct
1,3482.1403,mp_oct
1,3482.4405,mp_oct
1,3482.7409,mp_oct
1,3483.0412,mp_oct
1,3483.3415,mp_oct
1,3483.6419,mp_oct
1,3483.9422,mp_oct
1,3484.2425,mp_oct
1,3484.5428,mp_oct
1,3484.8432,mp_oct
1,3485.1435,mp_oct
1,3485.4438,mp_oct
1,3485.7441,mp_oct
1,3486.0444,mp_oct
1,3486.3448,mp_oct
1,3486.6452,mp_oct
1,3486.9455,mp_oct
1,3487.2458,mp_oct
1,3487.5461,mp_oct
1,3487.8464,mp_oct
1,3488.1468,mp_oct
1,3488.4471,mp_oct
1,3488.7474,mp_oct
1,3489.0478,mp_oct
1,3489.348,mp_oct
1,3489.6484,mp_oct
1,3489.9488,mp_oct
1,3490.2491,mp_oct
1,3490.5494,mp_oct
1,3490.8497,mp_oct
1,3491.1501,mp_oct
1,3491.4504,mp_oct
1,3491.7507,mp_oct
1,3492.051,mp_oct
1,3492.3513,mp_oct
1,3492.6567,mp_oct
1,3492.957,mp_oct
1,3493.2573,mp_oct
1,3493.5577,mp_oct
1,3493.858,mp_oct
1,3494.1583,mp_oct
1,3494.4587,mp_oct
1,3494.759,mp_oct
10,3495.0593,mp_oct
10,3495.3596,mp_oct
1,3495.66,mp_oct
1,3495.9603,mp_oct
1,3496.2606,mp_oct
1,3496.561,mp_oct
1,3496.8612,mp_oct
1,3497.1616,mp_oct
1,3497.462,mp_oct
1,3497.7622,mp_oct
1,3498.0626,mp_oct
1,3498.3629,mp_oct
1,3498.6632,mp_oct
1,3498.9635,mp_oct
1,3499.2639,mp_oct
1,3499.5642,mp_oct
1,3499.8645,mp_oct
1,3500.1649,mp_oct
1,3500.4652,mp_oct
1,3500.7655,mp_oct
1,3501.0658,mp_oct
1,3501.3661,mp_oct
1,3501.6664,mp_oct
1,3501.9668,mp_oct
1,3502.2671,mp_oct
1,3502.5674,mp_oct
1,3502.8678,mp_oct
1,3503.1681,mp_oct
1,3503.4684,mp_oct
1,3503.7688,mp_oct
1,3504.0691,mp_oct
1,3504.3694,mp_oct
1,3504.6697,mp_oct
1,3504.9701,mp_oct
1,3505.2704,mp_oct
1,3505.5707,mp_oct
1,3505.871,mp_oct
1,3506.1713,mp_oct
1,3506.4717,mp_oct
1,3506.772,mp_oct
1,3507.0724,mp_oct
1,3507.3727,mp_oct
1,3507.673,mp_oct
1,3507.9733,mp_oct
1,3508.2736,mp_oct
1,3508.574,mp_oct
1,3508.8743,mp_oct
1,3509.1746,mp_oct
1,3509.475,mp_oct
1,3509.7753,mp_oct
1,3510.0756,mp_oct
1,3510.3759,mp_oct
1,3510.6763,mp_oct
1,3510.9766,mp_oct
1,3511.2769,mp_oct
1,3511.5772,mp_oct
1,3511.8776,mp_oct
1,3512.1779,mp_oct
1,3512.4782,mp_oct
1,3512.7785,mp_oct
1,3513.0789,mp_oct
1,3513.3792,mp_oct
1,3513.6795,mp_oct
1,3513.9798,mp_oct
1,3514.2802,mp_oct
1,3514.5805,mp_oct
1,3514.8808,mp_oct
1,3515.1811,mp_oct
1,3515.4814,mp_oct
1,3515.7818,mp_oct
1,3516.0821,mp_oct
1,3516.3825,mp_oct
1,3516.6828,mp_oct
1,3516.9831,mp_oct
1,3517.2835,mp_oct
1,3517.5838,mp_oct
1,3517.8841,mp_oct
1,3518.1844,mp_oct
1,3518.4847,mp_oct
1,3518.7851,mp_oct
1,3519.0854,mp_oct
1,3519.3857,mp_oct
1,3519.686,mp_oct
1,3519.9864,mp_oct
1,3520.2867,mp_oct
1,3520.587,mp_oct
1,3520.8873,mp_oct
1,3521.1877,mp_oct
1,3521.488,mp_oct
1,3521.7883,mp_oct
1,3522.0887,mp_oct
1,3522.389,mp_oct
1,3522.6893,mp_oct
1,3522.9897,mp_oct
1,3523.29,mp_oct
1,3523.5903,mp_oct
1,3523.8906,mp_oct
1,3524.191,mp_oct
1,3524.4913,mp_oct
1,3524.7916,mp_oct
1,3525.0919,mp_oct
1,3525.3922,mp_oct
1,3525.6926,mp_oct
1,3525.9929,mp_oct
1,3526.2932,mp_oct
1,3526.5935,mp_oct
1,3526.8948,mp_oct
1,3527.1943,mp_oct
1,3527.4946,mp_oct
1,3527.7949,mp_oct
1,3528.0952,mp_oct
1,3528.3955,mp_oct
1,3528.6958,mp_oct
1,3528.9962,mp_oct
1,3529.2965,mp_oct
1,3529.5968,mp_oct
1,3529.8972,mp_oct
1,3530.1974,mp_oct
1,3530.4978,mp_oct
1,3530.7981,mp_oct
1,3531.0985,mp_oct
1,3531.3988,mp_oct
1,3531.6991,mp_oct
1,3531.9994,mp_oct
1,3532.2997,mp_oct
1,3532.6,mp_oct
1,3532.9004,mp_oct
1,3533.2007,mp_oct
1,3533.5011,mp_oct
1,3533.8014,mp_oct
1,3534.1017,mp_oct
1,3534.402,mp_oct
1,3534.7024,mp_oct
1,3535.0027,mp_oct
1,3535.303,mp_oct
1,3535.6033,mp_oct
1,3535.9037,mp_oct
1,3536.204,mp_oct
1,3536.5043,mp_oct
1,3536.8046,mp_oct
1,3537.105,mp_oct
1,3537.4053,mp_oct
1,3537.7056,mp_oct
1,3538.006,mp_oct
1,3538.3062,mp_oct
1,3538.6066,mp_oct
1,3538.9069,mp_oct
1,3539.2073,mp_oct
1,3539.5076,mp_oct
1,3539.8079,mp_oct
1,3540.1083,mp_oct
1,3540.4085,mp_oct
1,3540.7089,mp_oct
1,3541.0092,mp_oct
1,3541.3095,mp_oct
1,3541.6099,mp_oct
1,3541.9102,mp_oct
1,3542.2105,mp_oct
1,3542.5108,mp_oct
1,3542.8112,mp_oct
1,3543.1115,mp_oct
1,3543.4118,mp_oct
1,3543.7121,mp_oct
1,3544.0124,mp_oct
1,3544.3128,mp_oct
1,3544.6131,mp_oct
1,3544.9135,mp_oct
1,3545.2137,mp_oct
1,3545.5141,mp_oct
1,3545.8144,mp_oct
1,3546.1148,mp_oct
1,3546.4151,mp_oct
1,3546.7154,mp_oct
1,3547.0157,mp_oct
1,3547.3161,mp_oct
1,3547.6164,mp_oct
1,3547.9167,mp_oct
1,3548.217,mp_oct
1,3548.5173,mp_oct
1,3548.8177,mp_oct
1,3549.118,mp_oct
1,3549.4241,mp_oct
1,3549.7244,mp_oct
1,3550.0256,mp_oct
1,3550.3251,mp_oct
1,3550.6254,mp_oct
1,3550.9257,mp_oct
1,3551.226,mp_oct
1,3551.5264,mp_oct
1,3551.8267,mp_oct
1,3552.127,mp_oct
1,3552.4274,mp_oct
1,3552.7319,mp_oct
1,3553.0323,mp_oct
1,3553.3326,mp_oct
1,3553.6329,mp_oct
1,3553.9332,mp_oct
1,3554.2336,mp_oct
1,3554.5339,mp_oct
1,3554.8342,mp_oct
1,3555.1345,mp_oct
1,3555.4348,mp_oct
1,3555.7352,mp_oct
1,3556.0355,mp_oct
1,3556.3359,mp_oct
1,3556.6362,mp_oct
1,3556.9365,mp_oct
1,3557.2368,mp_oct
1,3557.5372,mp_oct
1,3557.8375,mp_oct
1,3558.1378,mp_oct
1,3558.4381,mp_oct
1,3558.7385,mp_oct
1,3559.0387,mp_oct
1,3559.339,mp_oct
1,3559.6395,mp_oct
1,3559.9398,mp_oct
1,3560.2401,mp_oct
1,3560.5404,mp_oct
1,3560.8408,mp_oct
1,3561.1411,mp_oct
1,3561.4414,mp_oct
1,3561.7418,mp_oct
1,3562.042,mp_oct
1,3562.3423,mp_oct
1,3562.6427,mp_oct
1,3562.943,mp_oct
1,3563.2433,mp_oct
1,3563.5437,mp_oct
1,3563.8439,mp_oct
1,3564.1444,mp_oct
1,3564.4446,mp_oct
1,3564.7449,mp_oct
1,3565.0452,mp_oct
1,3565.3456,mp_oct
1,3565.646,mp_oct
1,3565.9462,mp_oct
1,3566.2466,mp_oct
1,3566.5469,mp_oct
1,3566.8473,mp_oct
1,3567.1476,mp_oct
1,3567.4479,mp_oct
1,3567.7482,mp_oct
1,3568.0485,mp_oct
1,3568.3489,mp_oct
1,3568.6492,mp_oct
1,3568.9495,mp_oct
1,3569.2498,mp_oct
1,3569.5502,mp_oct
1,3569.8505,mp_oct
1,3570.1508,mp_oct
1,3570.4512,mp_oct
1,3570.7515,mp_oct
1,3571.0517,mp_oct
1,3571.3521,mp_oct
1,3571.6524,mp_oct
1,3571.9528,mp_oct
1,3572.2531,mp_oct
1,3572.5533,mp_oct
1,3572.8538,mp_oct
1,3573.154,mp_oct
1,3573.4544,mp_oct
1,3573.7547,mp_oct
1,3574.0551,mp_oct
1,3574.3554,mp_oct
1,3574.6557,mp_oct
1,3574.956,mp_oct
1,3575.2563,mp_oct
1,3575.5567,mp_oct
1,3575.8571,mp_oct
1,3576.1573,mp_oct
1,3576.4576,mp_oct
1,3576.758,mp_oct
1,3577.0582,mp_oct
1,3577.3586,mp_oct
1,3577.6589,mp_oct
1,3577.9593,mp_oct
1,3578.2596,mp_oct
1,3578.5599,mp_oct
1,3578.8602,mp_oct
1,3579.1605,mp_oct
1,3579.4609,mp_oct
1,3579.7612,mp_oct
1,3580.0615,mp_oct
1,3580.3619,mp_oct
1,3580.6622,mp_oct
1,3580.9625,mp_oct
1,3581.2628,mp_oct
1,3581.5632,mp_oct
1,3581.8635,mp_oct
1,3582.1638,mp_oct
1,3582.4642,mp_oct
1,3582.7645,mp_oct
1,3583.0648,mp_oct
1,3583.3652,mp_oct
1,3583.6654,mp_oct
1,3583.9658,mp_oct
1,3584.2661,mp_oct
1,3584.5664,mp_oct
1,3584.8668,mp_oct
1,3585.1671,mp_oct
1,3585.4674,mp_oct
1,3585.7677,mp_oct
1,3586.068,mp_oct
1,3586.3684,mp_oct
1,3586.6687,mp_oct
1,3586.969,mp_oct
1,3587.2693,mp_oct
1,3587.5697,mp_oct
1,3587.87,mp_oct
1,3588.1703,mp_oct
1,3588.4706,mp_oct
1,3588.7709,mp_oct
1,3589.0713,mp_oct
1,3589.3716,mp_oct
1,3589.672,mp_oct
1,3589.9723,mp_oct
1,3590.2726,mp_oct
1,3590.5729,mp_oct
1,3590.8732,mp_oct
1,3591.1736,mp_oct
1,3591.4739,mp_oct
1,3591.7742,mp_oct
1,3592.0745,mp_oct
1,3592.3749,mp_oct
1,3592.6752,mp_oct
1,3592.9755,mp_oct
1,3593.2759,mp_oct
1,3593.5762,mp_oct
1,3593.8765,mp_oct
1,3594.1768,mp_oct
1,3594.4771,mp_oct
1,3594.7775,mp_oct
1,3595.0778,mp_oct
1,3595.3782,mp_oct
1,3595.6785,mp_oct
1,3595.9788,mp_oct
1,3596.2791,mp_oct
1,3596.5794,mp_oct
1,3596.8797,mp_oct
1,3597.1801,mp_oct
1,3597.4804,mp_oct
1,3597.7807,mp_oct
1,3598.0811,mp_oct
1,3598.3813,mp_oct
1,3598.6817,mp_oct
1,3598.982,mp_oct
1,3599.2824,mp_oct
1,3599.5827,mp_oct
1,3599.883,mp_oct
1,3600.1833,mp_oct
1,3600.4837,mp_oct
1,3600.784,mp_oct
1,3601.0843,mp_oct
1,3601.3847,mp_oct
1,3601.6849,mp_oct
1,3601.9853,mp_oct
1,3602.2856,mp_oct
1,3602.586,mp_oct
1,3602.8913,mp_oct
1,3603.1916,mp_oct
1,3603.4919,mp_oct
1,3603.7923,mp_oct
1,3604.0926,mp_oct
1,3604.3929,mp_oct
1,3604.6932,mp_oct
1,3604.9935,mp_oct
1,3605.2939,mp_oct
1,3605.5942,mp_oct
1,3605.8945,mp_oct
1,3606.1949,mp_oct
1,3606.4952,mp_oct
1,3606.7955,mp_oct
1,3607.0958,mp_oct
1,3607.3961,mp_oct
1,3607.6965,mp_oct
1,3607.9968,mp_oct
1,3608.2971,mp_oct
1,3608.5974,mp_oct
1,3608.8978,mp_oct
1,3609.1981,mp_oct
1,3609.4984,mp_oct
1,3609.7987,mp_oct
1,3610.099,mp_oct
1,3610.3994,mp_oct
1,3610.6997,mp_oct
1,3611.0,mp_oct
1,3611.3004,mp_oct
1,3611.6007,mp_oct
1,3611.901,mp_oct
1,3612.2013,mp_oct
1,3612.5017,mp_oct
1,3612.802,mp_oct
1,3613.1023,mp_oct
1,3613.4027,mp_oct
1,3613.7029,mp_oct
1,3614.0033,mp_oct
1,3614.3036,mp_oct
1,3614.604,mp_oct
1,3614.9043,mp_oct
1,3615.2046,mp_oct
1,3615.5049,mp_oct
1,3615.8052,mp_oct
1,3616.1055,mp_oct
1,3616.4059,mp_oct
1,3616.7062,mp_oct
1,3617.0065,mp_oct
1,3617.3069,mp_oct
1,3617.6072,mp_oct
1,3617.9075,mp_oct
1,3618.2078,mp_oct
1,3618.5082,mp_oct
1,3618.8085,mp_oct
1,3619.1088,mp_oct
6,3619.4092,mp_oct
1,3619.7095,mp_oct
1,3620.0098,mp_oct
1,3620.3101,mp_oct
0,3620.6105,mp_oct
1,3620.9108,mp_oct
1,3621.2111,mp_oct
1,3621.5114,mp_oct
0,3621.8117,mp_oct
1,3622.1121,mp_oct
1,3622.4124,mp_oct
1,3622.7127,mp_oct
1,3623.013,mp_oct
1,3623.3134,mp_oct
1,3623.6137,mp_oct
1,3623.914,mp_oct
1,3624.2144,mp_oct
1,3624.5147,mp_oct
1,3624.815,mp_oct
1,3625.1153,mp_oct
1,3625.4156,mp_oct
1,3625.716,mp_oct
1,3626.0163,mp_oct
1,3626.3166,mp_oct
1,3626.617,mp_oct
1,3626.9173,mp_oct
1,3627.2176,mp_oct
1,3627.5179,mp_oct
1,3627.8182,mp_oct
1,3628.1186,mp_oct
1,3628.4189,mp_oct
1,3628.7192,mp_oct
1,3629.0195,mp_oct
1,3629.3199,mp_oct
1,3629.6202,mp_oct
1,3629.9205,mp_oct
1,3630.2208,mp_oct
1,3630.5211,mp_oct
1,3630.8215,mp_oct
1,3631.1218,mp_oct
1,3631.4222,mp_oct
1,3631.7224,mp_oct
1,3632.0228,mp_oct
1,3632.3231,mp_oct
1,3632.6234,mp_oct
1,3632.9237,mp_oct
1,3633.2241,mp_oct
1,3633.5244,mp_oct
1,3633.8247,mp_oct
1,3634.1251,mp_oct
1,3634.4254,mp_oct
1,3634.7257,mp_oct
1,3635.026,mp_oct
1,3635.3264,mp_oct
1,3635.6267,mp_oct
1,3635.927,mp_oct
1,3636.2273,mp_oct
1,3636.5277,mp_oct
1,3636.828,mp_oct
1,3637.1284,mp_oct
1,3637.4286,mp_oct
1,3637.729,mp_oct
1,3638.0292,mp_oct
1,3638.3297,mp_oct
1,3638.6299,mp_oct
1,3638.9303,mp_oct
1,3639.2306,mp_oct
1,3639.5309,mp_oct
1,3639.8313,mp_oct
1,3640.1316,mp_oct
1,3640.4318,mp_oct
1,3640.7323,mp_oct
1,3641.0326,mp_oct
1,3641.3329,mp_oct
1,3641.6332,mp_oct
1,3641.9335,mp_oct
1,3642.2339,mp_oct
1,3642.5341,mp_oct
1,3642.8345,mp_oct
1,3643.1348,mp_oct
1,3643.4352,mp_oct
1,3643.7355,mp_oct
1,3644.0358,mp_oct
1,3644.3361,mp_oct
1,3644.6365,mp_oct
1,3644.9368,mp_oct
1,3645.2371,mp_oct
1,3645.5374,mp_oct
1,3645.8377,mp_oct
1,3646.138,mp_oct
1,3646.4384,mp_oct
1,3646.7387,mp_oct
1,3647.0391,mp_oct
10,3647.3394,mp_oct
10,3647.6397,mp_oct
0,3647.94,mp_oct
10,3648.2404,mp_oct
1,3648.5407,mp_oct
1,3648.841,mp_oct
1,3649.1413,mp_oct
1,3649.4417,mp_oct
1,3649.742,mp_oct
1,3650.0423,mp_oct
1,3650.3427,mp_oct
1,3650.643,mp_oct
1,3650.9433,mp_oct
1,3651.2436,mp_oct
1,3651.544,mp_oct
1,3651.8443,mp_oct
1,3652.1446,mp_oct
1,3652.4449,mp_oct
1,3652.7452,mp_oct
1,3653.0456,mp_oct
1,3653.3459,mp_oct
1,3653.6462,mp_oct
1,3653.9465,mp_oct
1,3654.2468,mp_oct
1,3654.5472,mp_oct
1,3654.8476,mp_oct
1,3655.1478,mp_oct
1,3655.4482,mp_oct
1,3655.7485,mp_oct
1,3656.0489,mp_oct
10,3656.3492,mp_oct
1,3656.6495,mp_oct
1,3656.9498,mp_oct
1,3657.2501,mp_oct
1,3657.5505,mp_oct
1,3657.8508,mp_oct
1,3658.1511,mp_oct
1,3658.4514,mp_oct
1,3658.7517,mp_oct
1,3659.0521,mp_oct
1,3659.3524,mp_oct
1,3659.6527,mp_oct
1,3659.9531,mp_oct
1,3660.2533,mp_oct
1,3660.5537,mp_oct
1,3660.854,mp_oct
1,3661.1543,mp_oct
1,3661.4546,mp_oct
1,3661.755,mp_oct
1,3662.0554,mp_oct
1,3662.3556,mp_oct
1,3662.656,mp_oct
1,3662.9563,mp_oct
1,3663.2566,mp_oct
1,3663.5569,mp_oct
1,3663.8573,mp_oct
1,3664.1576,mp_oct
1,3664.4579,mp_oct
1,3664.7582,mp_oct
1,3665.0586,mp_oct
1,3665.3588,mp_oct
1,3665.6592,mp_oct
1,3665.9595,mp_oct
1,3666.2599,mp_oct
1,3666.5602,mp_oct
1,3666.8606,mp_oct
1,3667.1609,mp_oct
1,3667.4612,mp_oct
1,3667.7615,mp_oct
1,3668.0619,mp_oct
1,3668.3621,mp_oct
1,3668.6625,mp_oct
1,3668.9628,mp_oct
1,3669.2631,mp_oct
1,3669.5634,mp_oct
1,3669.8638,mp_oct
1,3670.1641,mp_oct
1,3670.4644,mp_oct
10,3670.7648,mp_oct
1,3671.0651,mp_oct
11,3671.3654,mp_oct
6,3671.6658,mp_oct
1,3671.966,mp_oct
1,3672.2664,mp_oct
1,3672.5667,mp_oct
1,3672.867,mp_oct
1,3673.1674,mp_oct
1,3673.4677,mp_oct
1,3673.768,mp_oct
1,3674.0684,mp_oct
1,3674.3687,mp_oct
1,3674.669,mp_oct
1,3674.9693,mp_oct
1,3675.2947,mp_oct
1,3675.595,mp_oct
1,3675.8954,mp_oct
1,3676.1957,mp_oct
1,3676.496,mp_oct
1,3676.7963,mp_oct
1,3677.0966,mp_oct
1,3677.397,mp_oct
1,3677.6973,mp_oct
1,3677.9976,mp_oct
1,3678.298,mp_oct
1,3678.5983,mp_oct
1,3678.8986,mp_oct
1,3679.1989,mp_oct
1,3679.4992,mp_oct
1,3679.7996,mp_oct
1,3680.0999,mp_oct
1,3680.4059,mp_oct
1,3680.7062,mp_oct
1,3681.0074,mp_oct
1,3681.3068,mp_oct
1,3681.6072,mp_oct
1,3681.9076,mp_oct
1,3682.2078,mp_oct
1,3682.5082,mp_oct
1,3682.8085,mp_oct
1,3683.1088,mp_oct
1,3683.4091,mp_oct
1,3683.7103,mp_oct
1,3684.0098,mp_oct
1,3684.3101,mp_oct
1,3684.6105,mp_oct
1,3684.9108,mp_oct
1,3685.2111,mp_oct
1,3685.5859,mp_oct
1,3686.0213,mp_oct
1,3686.3216,mp_oct
1,3686.622,mp_oct
1,3686.9224,mp_oct
1,3687.2226,mp_oct
1,3687.5229,mp_oct
1,3687.8233,mp_oct
1,3688.1236,mp_oct
1,3688.4238,mp_oct
1,3688.7242,mp_oct
1,3689.0245,mp_oct
1,3689.3249,mp_oct
6,3689.6253,mp_oct
0,3689.9255,mp_oct
13,3690.2259,mp_oct
0,3690.5262,mp_oct
15,3690.8265,mp_oct
0,3691.1268,mp_oct
0,3691.4272,mp_oct
1,3691.7275,mp_oct
1,3692.0278,mp_oct
0,3692.3281,mp_oct
1,3692.6285,mp_oct
1,3692.9289,mp_oct
1,3693.2291,mp_oct
1,3693.5295,mp_oct
6,3693.8298,mp_oct
0,3694.1301,mp_oct
11,3694.4304,mp_oct
1,3694.7308,mp_oct
1,3695.0311,mp_oct
1,3695.3314,mp_oct
0,3695.6317,mp_oct
0,3695.9321,mp_oct
0,3696.2324,mp_oct
0,3696.5328,mp_oct
0,3696.8331,mp_oct
0,3697.1334,mp_oct
0,3697.4337,mp_oct
0,3697.734,mp_oct
0,3698.0343,mp_oct
3,3698.3347,mp_oct
3,3698.6351,mp_oct
11,3698.9353,mp_oct
11,3699.2357,mp_oct
1,3699.5359,mp_oct
1,3699.8364,mp_oct
6,3700.1366,mp_oct
0,3700.437,mp_oct
0,3700.7373,mp_oct
0,3701.0376,mp_oct
0,3701.338,mp_oct
0,3701.6383,mp_oct
0,3701.9386,mp_oct
0,3702.2389,mp_oct
0,3702.5392,mp_oct
0,3702.8396,mp_oct
3,3703.1399,mp_oct
0,3703.4402,mp_oct
3,3703.7405,mp_oct
3,3704.0409,mp_oct
3,3704.3412,mp_oct
11,3704.6415,mp_oct
1,3704.9419,mp_oct
1,3705.2422,mp_oct
6,3705.5425,mp_oct
1,3705.8428,mp_oct
0,3706.1431,mp_oct
14,3706.4435,mp_oct
1,3706.7438,mp_oct
1,3707.0441,mp_oct
0,3707.3445,mp_oct
1,3707.6448,mp_oct
1,3707.9452,mp_oct
1,3708.2454,mp_oct
1,3708.5458,mp_oct
1,3708.8461,mp_oct
1,3709.1465,mp_oct
1,3709.4468,mp_oct
1,3709.7471,mp_oct
1,3710.0474,mp_oct
1,3710.3477,mp_oct
1,3710.6481,mp_oct
1,3710.9484,mp_oct
1,3711.2487,mp_oct
1,3711.549,mp_oct
1,3711.8493,mp_oct
1,3712.1497,mp_oct
1,3712.45,mp_oct
1,3712.7503,mp_oct
1,3713.0507,mp_oct
1,3713.351,mp_oct
1,3713.6513,mp_oct
1,3713.9516,mp_oct
1,3714.2519,mp_oct
1,3714.5523,mp_oct
1,3714.8526,mp_oct
1,3715.153,mp_oct
1,3715.4533,mp_oct
1,3715.7536,mp_oct
1,3716.0539,mp_oct
1,3716.3542,mp_oct
1,3716.6546,mp_oct
1,3716.9549,mp_oct
1,3717.2552,mp_oct
15,3717.5555,mp_oct
1,3717.8558,mp_oct
1,3718.1562,mp_oct
1,3718.4565,mp_oct
1,3718.7568,mp_oct
1,3719.0571,mp_oct
1,3719.3576,mp_oct
1,3719.6578,mp_oct
1,3719.9581,mp_oct
1,3720.2584,mp_oct
1,3720.5588,mp_oct
1,3720.8591,mp_oct
1,3721.1594,mp_oct
1,3721.4598,mp_oct
1,3721.7601,mp_oct
1,3722.0604,mp_oct
1,3722.3607,mp_oct
1,3722.6611,mp_oct
1,3722.9614,mp_oct
1,3723.2617,mp_oct
1,3723.5621,mp_oct
1,3723.8624,mp_oct
1,3724.1627,mp_oct
1,3724.463,mp_oct
0,3724.7633,mp_oct
15,3725.0637,mp_oct
1,3725.364,mp_oct
1,3725.6643,mp_oct
1,3725.9646,mp_oct
14,3726.265,mp_oct
14,3726.5653,mp_oct
14,3726.8656,mp_oct
14,3727.166,mp_oct
14,3727.4663,mp_oct
0,3727.7666,mp_oct
14,3728.0669,mp_oct
14,3728.3673,mp_oct
0,3728.6676,mp_oct
1,3728.9679,mp_oct
1,3729.2732,mp_oct
1,3729.5736,mp_oct
1,3729.8739,mp_oct
1,3730.1742,mp_oct
1,3730.4746,mp_oct
1,3730.7748,mp_oct
1,3731.0752,mp_oct
1,3731.3755,mp_oct
1,3731.6758,mp_oct
1,3731.9762,mp_oct
1,3732.2765,mp_oct
1,3732.5769,mp_oct
1,3732.8872,mp_oct
1,3733.1875,mp_oct
10,3733.4878,mp_oct
10,3733.7881,mp_oct
10,3734.0884,mp_oct
10,3734.3889,mp_oct
0,3734.6892,mp_oct
0,3734.9894,mp_oct
0,3735.2898,mp_oct
0,3735.5901,mp_oct
10,3735.8904,mp_oct
10,3736.2208,mp_oct
0,3736.9889,mp_oct
0,3738.0127,mp_oct
0,3738.4032,mp_oct
8,3738.7491,mp_oct
0,3739.0538,mp_oct
8,3739.3592,mp_oct
0,3739.6595,mp_oct
8,3739.9999,mp_oct
8,3740.3603,mp_oct
0,3740.7314,mp_oct
0,3741.0861,mp_oct
8,3741.4365,mp_oct
0,3741.7768,mp_oct
0,3742.1222,mp_oct
10,3742.6477,mp_oct
0,3743.0339,mp_oct
10,3743.3835,mp_oct
10,3743.7589,mp_oct
10,3744.0593,mp_oct
10,3744.3646,mp_oct
10,3744.67,mp_oct
10,3744.9703,mp_oct
10,3745.2706,mp_oct
10,3745.5709,mp_oct
10,3745.8713,mp_oct
9,3746.1716,mp_oct
10,3746.4719,mp_oct
10,3746.7723,mp_oct
10,3747.0726,mp_oct
10,3747.3729,mp_oct
10,3747.6732,mp_oct
10,3747.9735,mp_oct
1,3748.2739,mp_oct
0,3748.5742,mp_oct
10,3748.8746,mp_oct
10,3749.1749,mp_oct
9,3749.4752,mp_oct
10,3749.7755,mp_oct
0,3750.0758,mp_oct
10,3750.3762,mp_oct
10,3750.6765,mp_oct
10,3750.9768,mp_oct
10,3751.2771,mp_oct
10,3751.5775,mp_oct
10,3751.8778,mp_oct
10,3752.1781,mp_oct
9,3752.4785,mp_oct
10,3752.7788,mp_oct
10,3753.0791,mp_oct
10,3753.3794,mp_oct
10,3753.6797,mp_oct
10,3753.9801,mp_oct
10,3754.2804,mp_oct
10,3754.5807,mp_oct
10,3754.8811,mp_oct
10,3755.1814,mp_oct
10,3755.4817,mp_oct
9,3755.782,mp_oct
10,3756.0824,mp_oct
10,3756.3827,mp_oct
10,3756.683,mp_oct
10,3756.9833,mp_oct
10,3757.2837,mp_oct
10,3757.584,mp_oct
10,3757.8844,mp_oct
10,3758.1846,mp_oct
10,3758.485,mp_oct
10,3758.7853,mp_oct
10,3759.0856,mp_oct
10,3759.386,mp_oct
10,3759.6862,mp_oct
11,3759.9867,mp_oct
10,3760.2869,mp_oct
10,3760.5872,mp_oct
0,3760.8876,mp_oct
11,3761.1879,mp_oct
11,3761.4883,mp_oct
0,3761.7885,mp_oct
11,3762.0889,mp_oct
11,3762.3892,mp_oct
6,3762.6895,mp_oct
12,3762.9899,mp_oct
0,3763.2902,mp_oct
15,3763.5905,mp_oct
15,3763.8908,mp_oct
15,3764.1912,mp_oct
13,3764.4915,mp_oct
0,3764.7918,mp_oct
0,3765.0922,mp_oct
0,3765.3925,mp_oct
17,3765.6928,mp_oct
13,3765.9931,mp_oct
0,3766.2935,mp_oct
6,3766.5938,mp_oct
1,3766.8941,mp_oct
1,3767.1944,mp_oct
6,3767.4948,mp_oct
1,3767.7951,mp_oct
0,3768.0954,mp_oct
10,3768.3957,mp_oct
0,3768.696,mp_oct
10,3768.9964,mp_oct
0,3769.2967,mp_oct
10,3769.5971,mp_oct
10,3769.8973,mp_oct
0,3770.1985,mp_oct
11,3770.498,mp_oct
0,3770.7984,mp_oct
0,3771.0987,mp_oct
0,3771.3989,mp_oct
15,3771.6993,mp_oct
15,3771.9996,mp_oct
0,3772.3,mp_oct
1,3772.6003,mp_oct
1,3772.9006,mp_oct
1,3773.2009,mp_oct
1,3773.5012,mp_oct
1,3773.8016,mp_oct
1,3774.1019,mp_oct
1,3774.4022,mp_oct
1,3774.7026,mp_oct
1,3775.0029,mp_oct
1,3775.3032,mp_oct
13,3775.6036,mp_oct
0,3775.9039,mp_oct
0,3776.2042,mp_oct
15,3776.5045,mp_oct
15,3776.8048,mp_oct
13,3777.1052,mp_oct
13,3777.4112,mp_oct
13,3777.7115,mp_oct
13,3778.0118,mp_oct
0,3778.3121,mp_oct
14,3778.6125,mp_oct
14,3778.9128,mp_oct
14,3779.2131,mp_oct
0,3779.5134,mp_oct
14,3779.8181,mp_oct
0,3780.1184,mp_oct
1,3780.4188,mp_oct
1,3780.7191,mp_oct
1,3781.0195,mp_oct
1,3781.3198,mp_oct
1,3781.6201,mp_oct
1,3781.9204,mp_oct
1,3782.2207,mp_oct
1,3782.5211,mp_oct
1,3782.8214,mp_oct
1,3783.1217,mp_oct
1,3783.4221,mp_oct
1,3783.7224,mp_oct
1,3784.0227,mp_oct
1,3784.323,mp_oct
1,3784.6234,mp_oct
1,3784.9237,mp_oct
1,3785.224,mp_oct
1,3785.5243,mp_oct
1,3785.8246,mp_oct
1,3786.125,mp_oct
1,3786.4253,mp_oct
1,3786.7256,mp_oct
1,3787.026,mp_oct
1,3787.3263,mp_oct
1,3787.6266,mp_oct
1,3787.9269,mp_oct
1,3788.2272,mp_oct
1,3788.5276,mp_oct
1,3788.8279,mp_oct
1,3789.1332,mp_oct
1,3789.4336,mp_oct
1,3789.7339,mp_oct
1,3790.0343,mp_oct
1,3790.3346,mp_oct
1,3790.6348,mp_oct
1,3790.9352,mp_oct
1,3791.2355,mp_oct
1,3791.5359,mp_oct
1,3791.8362,mp_oct
1,3792.1365,mp_oct
1,3792.4368,mp_oct
1,3792.7477,mp_oct
1,3793.0489,mp_oct
1,3793.3484,mp_oct
1,3793.6487,mp_oct
1,3793.9491,mp_oct
1,3794.2494,mp_oct
1,3794.5497,mp_oct
1,3794.8501,mp_oct
1,3795.1504,mp_oct
1,3795.4507,mp_oct
1,3795.751,mp_oct
1,3796.0514,mp_oct
1,3796.3517,mp_oct
1,3796.652,mp_oct
1,3796.9524,mp_oct
1,3797.2526,mp_oct
0,3797.553,mp_oct
1,3797.8533,mp_oct
6,3798.1537,mp_oct
1,3798.454,mp_oct
1,3798.7543,mp_oct
1,3799.0546,mp_oct
1,3799.3549,mp_oct
1,3799.6553,mp_oct
1,3799.9556,mp_oct
6,3800.2559,mp_oct
0,3800.5657,mp_oct
0,3800.866,mp_oct
0,3801.1663,mp_oct
0,3801.4666,mp_oct
12,3801.767,mp_oct
12,3802.0673,mp_oct
6,3802.3676,mp_oct
0,3802.6679,mp_oct
1,3802.9692,mp_oct
1,3803.2686,mp_oct
1,3803.569,mp_oct
0,3803.8692,mp_oct
0,3804.1696,mp_oct
15,3804.4699,mp_oct
13,3804.7703,mp_oct
0,3805.0706,mp_oct
15,3805.3709,mp_oct
0,3805.6762,mp_oct
6,3805.9766,mp_oct
1,3806.2769,mp_oct
1,3806.5772,mp_oct
1,3806.8775,mp_oct
1,3807.1778,mp_oct
1,3807.4782,mp_oct
1,3807.7785,mp_oct
1,3808.0788,mp_oct
1,3808.3792,mp_oct
1,3808.6795,mp_oct
9,3808.9799,mp_oct
9,3809.2802,mp_oct
9,3809.5804,mp_oct
10,3809.8808,mp_oct
0,3810.1811,mp_oct
9,3810.4815,mp_oct
9,3810.7818,mp_oct
10,3811.0821,mp_oct
10,3811.3824,mp_oct
11,3811.6828,mp_oct
1,3811.9831,mp_oct
6,3812.2834,mp_oct
6,3812.5837,mp_oct
0,3812.8841,mp_oct
6,3813.1844,mp_oct
6,3813.4847,mp_oct
6,3813.7851,mp_oct
0,3814.0854,mp_oct
0,3814.3857,mp_oct
13,3814.686,mp_oct
13,3814.9863,mp_oct
0,3815.2867,mp_oct
13,3815.587,mp_oct
0,3815.8873,mp_oct
0,3816.1877,mp_oct
0,3816.488,mp_oct
0,3816.7883,mp_oct
0,3817.0887,mp_oct
0,3817.389,mp_oct
13,3817.6893,mp_oct
6,3817.9896,mp_oct
0,3818.2899,mp_oct
0,3818.5903,mp_oct
0,3818.8906,mp_oct
6,3819.1909,mp_oct
1,3819.4913,mp_oct
1,3819.7916,mp_oct
1,3820.0919,mp_oct
1,3820.3922,mp_oct
1,3820.6925,mp_oct
1,3820.9929,mp_oct
9,3821.2932,mp_oct
1,3821.5936,mp_oct
10,3821.8939,mp_oct
9,3822.1942,mp_oct
10,3822.4945,mp_oct
10,3822.7948,mp_oct
11,3823.0951,mp_oct
1,3823.3955,mp_oct
11,3823.6958,mp_oct
11,3823.9961,mp_oct
0,3824.2964,mp_oct
3,3824.5968,mp_oct
3,3824.8971,mp_oct
3,3825.1974,mp_oct
3,3825.4977,mp_oct
3,3825.7981,mp_oct
12,3826.0993,mp_oct
12,3826.3987,mp_oct
6,3826.6991,mp_oct
0,3826.9994,mp_oct
0,3827.2997,mp_oct
0,3827.6,mp_oct
12,3827.9004,mp_oct
6,3828.2407,mp_oct
6,3828.5511,mp_oct
12,3828.8814,mp_oct
0,3829.1818,mp_oct
0,3829.4821,mp_oct
17,3829.7824,mp_oct
0,3830.0828,mp_oct
0,3830.383,mp_oct
3,3830.6834,mp_oct
3,3830.9837,mp_oct
3,3831.284,mp_oct
3,3831.5844,mp_oct
3,3831.8847,mp_oct
3,3832.185,mp_oct
3,3832.4954,mp_oct
3,3832.7957,mp_oct
3,3833.096,mp_oct
3,3833.3964,mp_oct
12,3833.6967,mp_oct
3,3834.007,mp_oct
3,3834.3073,mp_oct
3,3834.6076,mp_oct
3,3834.9136,mp_oct
3,3835.214,mp_oct
3,3835.5143,mp_oct
3,3835.8146,mp_oct
3,3836.1149,mp_oct
3,3836.4153,mp_oct
3,3836.7156,mp_oct
3,3837.0159,mp_oct
3,3837.3162,mp_oct
3,3837.6165,mp_oct
3,3837.9168,mp_oct
3,3838.2172,mp_oct
3,3838.5175,mp_oct
3,3838.8178,mp_oct
3,3839.1182,mp_oct
3,3839.4185,mp_oct
3,3839.7188,mp_oct
3,3840.0192,mp_oct
3,3840.3195,mp_oct
3,3840.6198,mp_oct
3,3840.9201,mp_oct
3,3841.2204,mp_oct
3,3841.5208,mp_oct
3,3841.8211,mp_oct
3,3842.1214,mp_oct
3,3842.4218,mp_oct
3,3842.7265,mp_oct
3,3843.0268,mp_oct
3,3843.3271,mp_oct
3,3843.6274,mp_oct
3,3843.9278,mp_oct
3,3844.2281,mp_oct
3,3844.5284,mp_oct
3,3844.8288,mp_oct
3,3845.129,mp_oct
3,3845.4293,mp_oct
3,3845.7297,mp_oct
3,3846.03,mp_oct
3,3846.3303,mp_oct
3,3846.6307,mp_oct
3,3846.9311,mp_oct
3,3847.2313,mp_oct
3,3847.5317,mp_oct
3,3847.832,mp_oct
3,3848.1324,mp_oct
3,3848.4326,mp_oct
3,3848.733,mp_oct
3,3849.0333,mp_oct
3,3849.3336,mp_oct
3,3849.6339,mp_oct
3,3849.9343,mp_oct
3,3850.2346,mp_oct
3,3850.5349,mp_oct
3,3850.8353,mp_oct
3,3851.1356,mp_oct
3,3851.4359,mp_oct
3,3851.7362,mp_oct
3,3852.0366,mp_oct
3,3852.3369,mp_oct
3,3852.6472,mp_oct
3,3852.9476,mp_oct
3,3853.2479,mp_oct
3,3853.5482,mp_oct
3,3853.8485,mp_oct
3,3854.1488,mp_oct
3,3854.4492,mp_oct
3,3854.7495,mp_oct
3,3855.0498,mp_oct
3,3855.3502,mp_oct
3,3855.6505,mp_oct
3,3855.9508,mp_oct
3,3856.2511,mp_oct
3,3856.5515,mp_oct
3,3856.8518,mp_oct
3,3857.1521,mp_oct
3,3857.4524,mp_oct
3,3857.7528,mp_oct
3,3858.0531,mp_oct
3,3858.3534,mp_oct
3,3858.6537,mp_oct
3,3858.954,mp_oct
3,3859.2544,mp_oct
3,3859.5547,mp_oct
3,3859.8551,mp_oct
3,3860.1554,mp_oct
3,3860.4614,mp_oct
3,3860.7618,mp_oct
3,3861.0621,mp_oct
3,3861.3624,mp_oct
11,3861.6628,mp_oct
3,3861.9631,mp_oct
3,3862.2634,mp_oct
3,3862.5638,mp_oct
3,3862.8641,mp_oct
3,3863.1644,mp_oct
3,3863.4647,mp_oct
3,3863.7651,mp_oct
3,3864.0654,mp_oct
3,3864.3657,mp_oct
3,3864.6661,mp_oct
3,3864.9664,mp_oct
3,3865.2667,mp_oct
3,3865.5671,mp_oct
3,3865.8674,mp_oct
3,3866.1677,mp_oct
3,3866.468,mp_oct
3,3866.7683,mp_oct
3,3867.0687,mp_oct
3,3867.369,mp_oct
3,3867.6693,mp_oct
3,3867.9696,mp_oct
3,3868.27,mp_oct
3,3868.5703,mp_oct
3,3868.8706,mp_oct
3,3869.171,mp_oct
3,3869.4713,mp_oct
3,3869.7716,mp_oct
3,3870.0719,mp_oct
3,3870.3722,mp_oct
3,3870.6726,mp_oct
3,3870.9729,mp_oct
3,3871.2732,mp_oct
3,3871.5735,mp_oct
3,3871.8739,mp_oct
3,3872.1742,mp_oct
3,3872.4745,mp_oct
3,3872.7748,mp_oct
3,3873.0751,mp_oct
3,3873.3755,mp_oct
3,3873.6758,mp_oct
3,3873.9761,mp_oct
3,3874.2764,mp_oct
3,3874.5769,mp_oct
3,3874.8772,mp_oct
3,3875.1775,mp_oct
3,3875.4777,mp_oct
3,3875.7781,mp_oct
3,3876.0784,mp_oct
3,3876.3787,mp_oct
3,3876.6791,mp_oct
3,3876.9794,mp_oct
3,3877.2797,mp_oct
3,3877.5801,mp_oct
3,3877.8804,mp_oct
3,3878.1807,mp_oct
3,3878.481,mp_oct
3,3878.7813,mp_oct
3,3879.0817,mp_oct
3,3879.382,mp_oct
3,3879.6823,mp_oct
3,3879.9826,mp_oct
3,3880.283,mp_oct
3,3880.5833,mp_oct
3,3880.8836,mp_oct
3,3881.184,mp_oct
3,3881.4843,mp_oct
3,3881.7846,mp_oct
3,3882.085,mp_oct
3,3882.3852,mp_oct
3,3882.6856,mp_oct
3,3882.986,mp_oct
3,3883.2862,mp_oct
3,3883.5865,mp_oct
3,3883.8869,mp_oct
3,3884.1872,mp_oct
3,3884.4876,mp_oct
3,3884.7878,mp_oct
3,3885.0882,mp_oct
3,3885.3885,mp_oct
3,3885.6888,mp_oct
3,3885.9892,mp_oct
3,3886.2903,mp_oct
3,3886.5898,mp_oct
3,3886.8902,mp_oct
3,3887.1905,mp_oct
3,3887.4908,mp_oct
3,3887.7912,mp_oct
3,3888.0915,mp_oct
3,3888.3917,mp_oct
3,3888.6921,mp_oct
3,3888.9924,mp_oct
3,3889.2928,mp_oct
3,3889.5931,mp_oct
3,3889.8934,mp_oct
3,3890.1938,mp_oct
3,3890.494,mp_oct
3,3890.7944,mp_oct
3,3891.0947,mp_oct
3,3891.395,mp_oct
3,3891.6954,mp_oct
3,3891.9957,mp_oct
3,3892.296,mp_oct
3,3892.5963,mp_oct
3,3892.8966,mp_oct
3,3893.197,mp_oct
3,3893.4973,mp_oct
3,3893.7977,mp_oct
3,3894.098,mp_oct
3,3894.3983,mp_oct
3,3894.6986,mp_oct
3,3894.999,mp_oct
3,3895.2992,mp_oct
3,3895.5996,mp_oct
3,3895.8998,mp_oct
3,3896.2003,mp_oct
3,3896.5006,mp_oct
3,3896.8009,mp_oct
3,3897.1012,mp_oct
3,3897.4015,mp_oct
3,3897.7019,mp_oct
3,3898.0022,mp_oct
3,3898.3025,mp_oct
3,3898.6028,mp_oct
3,3898.9032,mp_oct
3,3899.2035,mp_oct
3,3899.5038,mp_oct
3,3899.8042,mp_oct
3,3900.1045,mp_oct
3,3900.4048,mp_oct
3,3900.7051,mp_oct
3,3901.0055,mp_oct
3,3901.3058,mp_oct
3,3901.6061,mp_oct
3,3901.9064,mp_oct
3,3902.2067,mp_oct
3,3902.507,mp_oct
3,3902.8074,mp_oct
3,3903.1077,mp_oct
3,3903.408,mp_oct
3,3903.7083,mp_oct
3,3904.0087,mp_oct
3,3904.309,mp_oct
3,3904.6093,mp_oct
3,3904.9096,mp_oct
3,3905.21,mp_oct
3,3905.5103,mp_oct
3,3905.8106,mp_oct
3,3906.1109,mp_oct
3,3906.4113,mp_oct
3,3906.7116,mp_oct
3,3907.0119,mp_oct
3,3907.3123,mp_oct
3,3907.6125,mp_oct
3,3907.9129,mp_oct
3,3908.2132,mp_oct
3,3908.5136,mp_oct
3,3908.8139,mp_oct
3,3909.1142,mp_oct
3,3909.4145,mp_oct
3,3909.7148,mp_oct
3,3910.0152,mp_oct
3,3910.3155,mp_oct
3,3910.6158,mp_oct
3,3910.9162,mp_oct
3,3911.2165,mp_oct
3,3911.5168,mp_oct
3,3911.8172,mp_oct
3,3912.1174,mp_oct
3,3912.4178,mp_oct
3,3912.7223,mp_oct
3,3913.0227,mp_oct
3,3913.323,mp_oct
3,3913.6233,mp_oct
3,3913.9236,mp_oct
3,3914.224,mp_oct
3,3914.5243,mp_oct
3,3914.8247,mp_oct
3,3915.1249,mp_oct
11,3915.4252,mp_oct
11,3915.7256,mp_oct
1,3916.0259,mp_oct
1,3916.3362,mp_oct
1,3916.6366,mp_oct
1,3916.9369,mp_oct
1,3917.2372,mp_oct
1,3917.5376,mp_oct
1,3917.8379,mp_oct
1,3918.1382,mp_oct
1,3918.4386,mp_oct
10,3918.7389,mp_oct
10,3919.0392,mp_oct
1,3919.3395,mp_oct
1,3919.6398,mp_oct
11,3919.9402,mp_oct
11,3920.2405,mp_oct
12,3920.5465,mp_oct
12,3920.8468,mp_oct
0,3921.1471,mp_oct
12,3921.4475,mp_oct
0,3921.7478,mp_oct
12,3922.0481,mp_oct
12,3922.3484,mp_oct
0,3922.6487,mp_oct
3,3922.9491,mp_oct
3,3923.2494,mp_oct
3,3923.5497,mp_oct
0,3923.8543,mp_oct
3,3924.1597,mp_oct
3,3924.46,mp_oct
3,3924.7604,mp_oct
3,3925.0606,mp_oct
3,3925.361,mp_oct
3,3925.6613,mp_oct
3,3925.9617,mp_oct
3,3926.262,mp_oct
3,3926.5623,mp_oct
3,3926.8627,mp_oct
3,3927.163,mp_oct
3,3927.4633,mp_oct
3,3927.7636,mp_oct
3,3928.064,mp_oct
3,3928.3643,mp_oct
3,3928.6646,mp_oct
3,3928.9649,mp_oct
3,3929.2652,mp_oct
3,3929.5656,mp_oct
3,3929.8659,mp_oct
3,3930.1662,mp_oct
3,3930.4666,mp_oct
3,3930.7669,mp_oct
3,3931.0672,mp_oct
3,3931.3675,mp_oct
3,3931.6679,mp_oct
3,3931.9682,mp_oct
3,3932.2685,mp_oct
3,3932.5688,mp_oct
3,3932.8692,mp_oct
3,3933.1695,mp_oct
3,3933.4698,mp_oct
3,3933.7701,mp_oct
3,3934.0704,mp_oct
3,3934.3708,mp_oct
3,3934.6711,mp_oct
3,3934.9714,mp_oct
3,3935.2718,mp_oct
3,3935.572,mp_oct
3,3935.8724,mp_oct
3,3936.1727,mp_oct
3,3936.473,mp_oct
3,3936.7735,mp_oct
3,3937.0737,mp_oct
7,3937.374,mp_oct
7,3937.6744,mp_oct
7,3937.9747,mp_oct
7,3938.275,mp_oct
7,3938.5754,mp_oct
7,3938.8756,mp_oct
7,3939.176,mp_oct
7,3939.4764,mp_oct
7,3939.7766,mp_oct
7,3940.0769,mp_oct
7,3940.3773,mp_oct
7,3940.6776,mp_oct
7,3940.9779,mp_oct
7,3941.2783,mp_oct
7,3941.5785,mp_oct
7,3941.8789,mp_oct
7,3942.1792,mp_oct
7,3942.4796,mp_oct
7,3942.7799,mp_oct
7,3943.0802,mp_oct
7,3943.3805,mp_oct
7,3943.6808,mp_oct
7,3943.9812,mp_oct
7,3944.2815,mp_oct
0,3944.5818,mp_oct
0,3944.8822,mp_oct
8,3945.1824,mp_oct
0,3945.4828,mp_oct
8,3945.7831,mp_oct
8,3946.0834,mp_oct
0,3946.3838,mp_oct
8,3946.6841,mp_oct
8,3946.9844,mp_oct
8,3947.2848,mp_oct
8,3947.5851,mp_oct
0,3947.8854,mp_oct
0,3948.1857,mp_oct
8,3948.4861,mp_oct
8,3948.7914,mp_oct
8,3949.0917,mp_oct
8,3949.392,mp_oct
8,3949.6924,mp_oct
8,3949.9927,mp_oct
8,3950.293,mp_oct
8,3950.5933,mp_oct
8,3950.8936,mp_oct
8,3951.194,mp_oct
8,3951.4943,mp_oct
0,3951.7946,mp_oct
8,3952.0949,mp_oct
8,3952.3953,mp_oct
8,3952.6956,mp_oct
8,3952.9959,mp_oct
8,3953.2963,mp_oct
0,3953.5966,mp_oct
7,3953.9069,mp_oct
7,3954.2072,mp_oct
7,3954.5076,mp_oct
7,3954.8079,mp_oct
7,3955.1082,mp_oct
7,3955.4085,mp_oct
7,3955.7089,mp_oct
0,3956.0092,mp_oct
0,3956.3095,mp_oct
7,3956.6098,mp_oct
7,3956.911,mp_oct
7,3957.2105,mp_oct
7,3957.5158,mp_oct
7,3957.8162,mp_oct
7,3958.1165,mp_oct
7,3958.4168,mp_oct
7,3958.7171,mp_oct
7,3959.0174,mp_oct
7,3959.3178,mp_oct
7,3959.618,mp_oct
7,3959.9184,mp_oct
7,3960.2187,mp_oct
7,3960.5191,mp_oct
7,3960.8194,mp_oct
7,3961.1197,mp_oct
7,3961.42,mp_oct
7,3961.7204,mp_oct
7,3962.0207,mp_oct
7,3962.321,mp_oct
0,3962.6264,mp_oct
0,3962.9268,mp_oct
7,3963.227,mp_oct
0,3963.5273,mp_oct
8,3963.8276,mp_oct
0,3964.128,mp_oct
0,3964.4283,mp_oct
8,3964.7286,mp_oct
0,3965.0289,mp_oct
8,3965.3293,mp_oct
8,3965.6296,mp_oct
0,3965.9299,mp_oct
8,3966.2302,mp_oct
8,3966.5306,mp_oct
8,3966.8309,mp_oct
8,3967.1312,mp_oct
8,3967.4316,mp_oct
0,3967.7319,mp_oct
8,3968.0322,mp_oct
8,3968.3325,mp_oct
8,3968.6328,mp_oct
8,3968.9332,mp_oct
8,3969.2391,mp_oct
8,3969.5395,mp_oct
8,3969.8398,mp_oct
7,3970.1401,mp_oct
7,3970.4413,mp_oct
7,3970.7407,mp_oct
7,3971.0411,mp_oct
7,3971.3414,mp_oct
7,3971.6418,mp_oct
7,3971.942,mp_oct
0,3972.2424,mp_oct
7,3972.5427,mp_oct
7,3972.8524,mp_oct
7,3973.1527,mp_oct
7,3973.4531,mp_oct
7,3973.7534,mp_oct
7,3974.0537,mp_oct
7,3974.354,mp_oct
7,3974.6544,mp_oct
7,3974.9546,mp_oct
7,3975.255,mp_oct
7,3975.5553,mp_oct
7,3975.8557,mp_oct
7,3976.156,mp_oct
7,3976.4563,mp_oct
7,3976.7566,mp_oct
7,3977.057,mp_oct
7,3977.3573,mp_oct
7,3977.6576,mp_oct
7,3977.958,mp_oct
7,3978.2582,mp_oct
7,3978.5586,mp_oct
7,3978.8588,mp_oct
7,3979.1592,mp_oct
7,3979.4595,mp_oct
7,3979.7599,mp_oct
7,3980.0602,mp_oct
7,3980.3605,mp_oct
7,3980.6658,mp_oct
7,3980.9661,mp_oct
7,3981.2665,mp_oct
7,3981.5668,mp_oct
7,3981.8671,mp_oct
7,3982.1675,mp_oct
7,3982.4678,mp_oct
7,3982.7681,mp_oct
7,3983.0684,mp_oct
7,3983.3688,mp_oct
7,3983.6691,mp_oct
7,3983.9694,mp_oct
7,3984.2698,mp_oct
7,3984.5701,mp_oct
7,3984.8704,mp_oct
7,3985.1707,mp_oct
7,3985.471,mp_oct
7,3985.7714,mp_oct
7,3986.0717,mp_oct
7,3986.372,mp_oct
7,3986.6723,mp_oct
7,3986.9726,mp_oct
7,3987.273,mp_oct
7,3987.5733,mp_oct
7,3987.8737,mp_oct
7,3988.1739,mp_oct
7,3988.4743,mp_oct
7,3988.7747,mp_oct
7,3989.0749,mp_oct
7,3989.3753,mp_oct
7,3989.6756,mp_oct
7,3989.9759,mp_oct
7,3990.2763,mp_oct
7,3990.5766,mp_oct
7,3990.8769,mp_oct
7,3991.1772,mp_oct
7,3991.4775,mp_oct
7,3991.7778,mp_oct
7,3992.0782,mp_oct
7,3992.3785,mp_oct
7,3992.6788,mp_oct
7,3992.9791,mp_oct
7,3993.2795,mp_oct
7,3993.5798,mp_oct
7,3993.8801,mp_oct
7,3994.1804,mp_oct
7,3994.4808,mp_oct
7,3994.7811,mp_oct
7,3995.0814,mp_oct
7,3995.3817,mp_oct
7,3995.6821,mp_oct
7,3995.9824,mp_oct
7,3996.2827,mp_oct
7,3996.5831,mp_oct
7,3996.8834,mp_oct
7,3997.1836,mp_oct
0,3997.484,mp_oct
7,3997.7843,mp_oct
7,3998.0847,mp_oct
7,3998.385,mp_oct
7,3998.6853,mp_oct
7,3998.9856,mp_oct
7,3999.2859,mp_oct
7,3999.5863,mp_oct
7,3999.8866,mp_oct
7,4000.1869,mp_oct
7,4000.4872,mp_oct
7,4000.7876,mp_oct
7,4001.0879,mp_oct
7,4001.3883,mp_oct
7,4001.6885,mp_oct
7,4001.9888,mp_oct
7,4002.2892,mp_oct
7,4002.5895,mp_oct
7,4002.8899,mp_oct
7,4003.1902,mp_oct
7,4003.4905,mp_oct
7,4003.7908,mp_oct
7,4004.0912,mp_oct
7,4004.3914,mp_oct
7,4004.6918,mp_oct
7,4004.9921,mp_oct
7,4005.2924,mp_oct
7,4005.5928,mp_oct
7,4005.8931,mp_oct
7,4006.1934,mp_oct
7,4006.4938,mp_oct
7,4006.794,mp_oct
7,4007.0944,mp_oct
7,4007.3948,mp_oct
7,4007.695,mp_oct
7,4007.9954,mp_oct
7,4008.2957,mp_oct
7,4008.596,mp_oct
7,4008.902,mp_oct
7,4009.2023,mp_oct
7,4009.5027,mp_oct
7,4009.8029,mp_oct
7,4010.1033,mp_oct
7,4010.4036,mp_oct
7,4010.7039,mp_oct
7,4011.0042,mp_oct
7,4011.3045,mp_oct
7,4011.6049,mp_oct
7,4011.9053,mp_oct
7,4012.2056,mp_oct
7,4012.5152,mp_oct
7,4012.8155,mp_oct
7,4013.1158,mp_oct
7,4013.4163,mp_oct
7,4013.7165,mp_oct
7,4014.0168,mp_oct
7,4014.3172,mp_oct
7,4014.6175,mp_oct
7,4014.9178,mp_oct
7,4015.2181,mp_oct
7,4015.5185,mp_oct
7,4015.8188,mp_oct
7,4016.1191,mp_oct
7,4016.4194,mp_oct
8,4016.7198,mp_oct
8,4017.0201,mp_oct
8,4017.3204,mp_oct
8,4017.6207,mp_oct
8,4017.921,mp_oct
8,4018.2214,mp_oct
8,4018.5217,mp_oct
8,4018.822,mp_oct
8,4019.1224,mp_oct
8,4019.4227,mp_oct
8,4019.723,mp_oct
8,4020.0233,mp_oct
8,4020.3236,mp_oct
7,4020.624,mp_oct
8,4020.9244,mp_oct
8,4021.2246,mp_oct
0,4021.5258,mp_oct
8,4021.8253,mp_oct
0,4022.1256,mp_oct
8,4022.4259,mp_oct
0,4022.7263,mp_oct
0,4023.0266,mp_oct
8,4023.3269,mp_oct
8,4023.6272,mp_oct
8,4023.9276,mp_oct
8,4024.2278,mp_oct
0,4024.5282,mp_oct
11,4024.8285,mp_oct
0,4025.1289,mp_oct
0,4025.4292,mp_oct
0,4025.7295,mp_oct
0,4026.0298,mp_oct
8,4026.3301,mp_oct
0,4026.6305,mp_oct
0,4026.9308,mp_oct
0,4027.2311,mp_oct
11,4027.5315,mp_oct
11,4027.8318,mp_oct
11,4028.1321,mp_oct
1,4028.4324,mp_oct
1,4028.7327,mp_oct
1,4029.0331,mp_oct
10,4029.3393,mp_oct
10,4029.6445,mp_oct
0,4029.9448,mp_oct
11,4030.2452,mp_oct
11,4030.5455,mp_oct
0,4030.8458,mp_oct
3,4031.1461,mp_oct
3,4031.4465,mp_oct
3,4031.7468,mp_oct
3,4032.0471,mp_oct
3,4032.3475,mp_oct
3,4032.6519,mp_oct
3,4032.9523,mp_oct
3,4033.2526,mp_oct
3,4033.553,mp_oct
3,4033.8533,mp_oct
3,4034.1536,mp_oct
7,4034.4539,mp_oct
7,4034.7542,mp_oct
7,4035.0546,mp_oct
7,4035.3549,mp_oct
7,4035.6552,mp_oct
7,4035.9555,mp_oct
7,4036.2558,mp_oct
7,4036.5562,mp_oct
7,4036.8565,mp_oct
7,4037.1568,mp_oct
7,4037.4572,mp_oct
7,4037.7575,mp_oct
7,4038.0578,mp_oct
7,4038.3581,mp_oct
7,4038.6585,mp_oct
7,4038.9588,mp_oct
7,4039.2591,mp_oct
7,4039.5594,mp_oct
7,4039.8598,mp_oct
7,4040.16,mp_oct
7,4040.4654,mp_oct
7,4040.7657,mp_oct
7,4041.066,mp_oct
7,4041.3663,mp_oct
7,4041.6667,mp_oct
7,4041.967,mp_oct
7,4042.2674,mp_oct
7,4042.5676,mp_oct
7,4042.868,mp_oct
7,4043.1683,mp_oct
7,4043.4686,mp_oct
7,4043.7689,mp_oct
7,4044.0693,mp_oct
7,4044.3696,mp_oct
7,4044.6699,mp_oct
7,4044.9702,mp_oct
7,4045.2706,mp_oct
7,4045.5709,mp_oct
11,4045.8712,mp_oct
8,4046.1716,mp_oct
8,4046.4719,mp_oct
0,4046.7723,mp_oct
0,4047.0725,mp_oct
0,4047.3728,mp_oct
8,4047.6732,mp_oct
10,4047.9735,mp_oct
10,4048.2739,mp_oct
0,4048.5741,mp_oct
0,4048.8745,mp_oct
8,4049.1748,mp_oct
8,4049.4751,mp_oct
8,4049.7754,mp_oct
10,4050.0758,mp_oct
10,4050.3761,mp_oct
10,4050.6764,mp_oct
10,4050.9767,mp_oct
9,4051.2771,mp_oct
10,4051.5773,mp_oct
10,4051.8777,mp_oct
10,4052.178,mp_oct
10,4052.4783,mp_oct
10,4052.7787,mp_oct
9,4053.079,mp_oct
9,4053.3793,mp_oct
9,4053.6796,mp_oct
9,4053.98,mp_oct
9,4054.2803,mp_oct
10,4054.5806,mp_oct
9,4054.8809,mp_oct
9,4055.1813,mp_oct
9,4055.4824,mp_oct
9,4055.7819,mp_oct
9,4056.0822,mp_oct
9,4056.3826,mp_oct
9,4056.6829,mp_oct
9,4056.9832,mp_oct
9,4057.2835,mp_oct
9,4057.5838,mp_oct
10,4057.8842,mp_oct
10,4058.1845,mp_oct
9,4058.4848,mp_oct
9,4058.7852,mp_oct
10,4059.0854,mp_oct
10,4059.3858,mp_oct
9,4059.6861,mp_oct
10,4059.9864,mp_oct
9,4060.2868,mp_oct
9,4060.5871,mp_oct
9,4060.8874,mp_oct
9,4061.1877,mp_oct
9,4061.4881,mp_oct
9,4061.7884,mp_oct
10,4062.0887,mp_oct
10,4062.3891,mp_oct
9,4062.6894,mp_oct
9,4062.9897,mp_oct
9,4063.29,mp_oct
9,4063.5903,mp_oct
9,4063.8906,mp_oct
9,4064.191,mp_oct
9,4064.4913,mp_oct
9,4064.7916,mp_oct
9,4065.0919,mp_oct
9,4065.3923,mp_oct
9,4065.6926,mp_oct
9,4065.9929,mp_oct
9,4066.2932,mp_oct
9,4066.5936,mp_oct
10,4066.8939,mp_oct
9,4067.1942,mp_oct
10,4067.4946,mp_oct
11,4067.7949,mp_oct
10,4068.0952,mp_oct
10,4068.3956,mp_oct
10,4068.6959,mp_oct
9,4069.0068,mp_oct
9,4069.3071,mp_oct
10,4069.6075,mp_oct
9,4069.9077,mp_oct
9,4070.2081,mp_oct
9,4070.5084,mp_oct
9,4070.8088,mp_oct
9,4071.109,mp_oct
9,4071.4094,mp_oct
9,4071.7097,mp_oct
9,4072.01,mp_oct
9,4072.3104,mp_oct
0,4072.6107,mp_oct
9,4072.911,mp_oct
9,4073.2113,mp_oct
9,4073.5117,mp_oct
9,4073.812,mp_oct
9,4074.1123,mp_oct
9,4074.4126,mp_oct
9,4074.713,mp_oct
9,4075.0133,mp_oct
9,4075.3136,mp_oct
9,4075.6139,mp_oct
9,4075.9143,mp_oct
9,4076.2146,mp_oct
9,4076.5149,mp_oct
9,4076.8153,mp_oct
9,4077.1155,mp_oct
10,4077.4159,mp_oct
1,4077.7162,mp_oct
1,4078.0165,mp_oct
1,4078.3169,mp_oct
1,4078.6172,mp_oct
1,4078.9175,mp_oct
1,4079.2178,mp_oct
1,4079.5182,mp_oct
10,4079.8185,mp_oct
1,4080.1188,mp_oct
10,4080.4191,mp_oct
0,4080.7195,mp_oct
10,4081.0198,mp_oct
11,4081.3201,mp_oct
11,4081.6204,mp_oct
0,4081.9208,mp_oct
8,4082.2211,mp_oct
8,4082.5258,mp_oct
8,4082.826,mp_oct
8,4083.1264,mp_oct
8,4083.4267,mp_oct
8,4083.727,mp_oct
8,4084.0274,mp_oct
0,4084.3277,mp_oct
8,4084.628,mp_oct
8,4084.9284,mp_oct
8,4085.2287,mp_oct
8,4085.529,mp_oct
8,4085.8293,mp_oct
8,4086.1297,mp_oct
8,4086.43,mp_oct
8,4086.7303,mp_oct
8,4087.0306,mp_oct
8,4087.3309,mp_oct
8,4087.6313,mp_oct
8,4087.9316,mp_oct
8,4088.2319,mp_oct
8,4088.5323,mp_oct
8,4088.8326,mp_oct
7,4089.1329,mp_oct
7,4089.4383,mp_oct
7,4089.7386,mp_oct
7,4090.0388,mp_oct
7,4090.3392,mp_oct
0,4090.6396,mp_oct
0,4090.9398,mp_oct
7,4091.2402,mp_oct
0,4091.5405,mp_oct
0,4091.8409,mp_oct
7,4092.1412,mp_oct
7,4092.4415,mp_oct
7,4092.7525,mp_oct
7,4093.0528,mp_oct
7,4093.3531,mp_oct
7,4093.6534,mp_oct
7,4093.9538,mp_oct
7,4094.2541,mp_oct
7,4094.5544,mp_oct
7,4094.8547,mp_oct
7,4095.155,mp_oct
7,4095.4554,mp_oct
7,4095.7557,mp_oct
7,4096.056,mp_oct
7,4096.3657,mp_oct
7,4096.666,mp_oct
7,4096.9664,mp_oct
7,4097.2667,mp_oct
7,4097.567,mp_oct
7,4097.8673,mp_oct
7,4098.1677,mp_oct
7,4098.4679,mp_oct
7,4098.7683,mp_oct
7,4099.0686,mp_oct
3,4099.3689,mp_oct
3,4099.6692,mp_oct
3,4099.9696,mp_oct
3,4100.2699,mp_oct
3,4100.5753,mp_oct
3,4100.8756,mp_oct
3,4101.1759,mp_oct
3,4101.4762,mp_oct
3,4101.7765,mp_oct
3,4102.0769,mp_oct
3,4102.3772,mp_oct
3,4102.6775,mp_oct
3,4102.9778,mp_oct
3,4103.2781,mp_oct
3,4103.5785,mp_oct
3,4103.8788,mp_oct
3,4104.1791,mp_oct
3,4104.4795,mp_oct
3,4104.7798,mp_oct
3,4105.0801,mp_oct
3,4105.3804,mp_oct
3,4105.6808,mp_oct
3,4105.9811,mp_oct
7,4106.2814,mp_oct
7,4106.5817,mp_oct
7,4106.8821,mp_oct
7,4107.1824,mp_oct
7,4107.4827,mp_oct
7,4107.783,mp_oct
7,4108.0833,mp_oct
0,4108.3836,mp_oct
11,4108.684,mp_oct
0,4108.9843,mp_oct
0,4109.2846,mp_oct
0,4109.5849,mp_oct
11,4109.8853,mp_oct
8,4110.1857,mp_oct
8,4110.4859,mp_oct
0,4110.7863,mp_oct
8,4111.0866,mp_oct
0,4111.3869,mp_oct
11,4111.6873,mp_oct
0,4111.9876,mp_oct
0,4112.2879,mp_oct
8,4112.5882,mp_oct
8,4112.8885,mp_oct
8,4113.1888,mp_oct
8,4113.4892,mp_oct
8,4113.7895,mp_oct
8,4114.0898,mp_oct
8,4114.3901,mp_oct
8,4114.6905,mp_oct
11,4114.9908,mp_oct
8,4115.2911,mp_oct
8,4115.5915,mp_oct
0,4115.8918,mp_oct
11,4116.1921,mp_oct
0,4116.4932,mp_oct
8,4116.7928,mp_oct
0,4117.0931,mp_oct
0,4117.3934,mp_oct
0,4117.6937,mp_oct
3,4117.994,mp_oct
3,4118.2943,mp_oct
3,4118.5947,mp_oct
3,4118.895,mp_oct
3,4119.1953,mp_oct
3,4119.4956,mp_oct
3,4119.796,mp_oct
3,4120.0963,mp_oct
3,4120.3966,mp_oct
3,4120.697,mp_oct
3,4120.9973,mp_oct
3,4121.2976,mp_oct
3,4121.598,mp_oct
3,4121.8983,mp_oct
3,4122.1986,mp_oct
3,4122.4989,mp_oct
3,4122.7992,mp_oct
3,4123.0995,mp_oct
3,4123.3999,mp_oct
3,4123.7002,mp_oct
3,4124.0005,mp_oct
3,4124.3009,mp_oct
3,4124.6012,mp_oct
3,4124.9015,mp_oct
3,4125.2018,mp_oct
3,4125.5021,mp_oct
3,4125.8024,mp_oct
3,4126.1028,mp_oct
3,4126.4031,mp_oct
3,4126.7034,mp_oct
3,4127.0037,mp_oct
3,4127.3041,mp_oct
3,4127.6044,mp_oct
3,4127.9047,mp_oct
3,4128.2051,mp_oct
3,4128.5054,mp_oct
3,4128.8157,mp_oct
3,4129.1161,mp_oct
3,4129.4164,mp_oct
3,4129.7167,mp_oct
3,4130.017,mp_oct
3,4130.3174,mp_oct
3,4130.6177,mp_oct
3,4130.918,mp_oct
3,4131.2183,mp_oct
3,4131.5186,mp_oct
3,4131.8189,mp_oct
3,4132.1193,mp_oct
3,4132.4196,mp_oct
3,4132.7199,mp_oct
0,4133.0202,mp_oct
0,4133.3206,mp_oct
11,4133.6209,mp_oct
7,4133.9263,mp_oct
7,4134.2266,mp_oct
7,4134.5269,mp_oct
7,4134.8272,mp_oct
7,4135.1275,mp_oct
3,4135.4279,mp_oct
7,4135.7282,mp_oct
7,4136.0285,mp_oct
7,4136.3289,mp_oct
7,4136.6292,mp_oct
7,4136.9295,mp_oct
7,4137.2298,mp_oct
7,4137.5352,mp_oct
7,4137.8355,mp_oct
3,4138.1358,mp_oct
3,4138.4361,mp_oct
3,4138.7364,mp_oct
3,4139.0367,mp_oct
3,4139.3371,mp_oct
3,4139.6374,mp_oct
3,4139.9377,mp_oct
3,4140.238,mp_oct
3,4140.5384,mp_oct
3,4140.8387,mp_oct
3,4141.139,mp_oct
3,4141.4394,mp_oct
3,4141.7397,mp_oct
3,4142.04,mp_oct
3,4142.3403,mp_oct
3,4142.6406,mp_oct
3,4142.941,mp_oct
3,4143.2413,mp_oct
3,4143.5416,mp_oct
3,4143.8419,mp_oct
3,4144.1422,mp_oct
3,4144.4426,mp_oct
3,4144.7428,mp_oct
11,4145.0433,mp_oct
3,4145.3436,mp_oct
3,4145.6439,mp_oct
3,4145.9442,mp_oct
3,4146.2445,mp_oct
3,4146.5448,mp_oct
3,4146.8452,mp_oct
3,4147.1455,mp_oct
3,4147.4458,mp_oct
3,4147.7461,mp_oct
3,4148.0465,mp_oct
11,4148.3468,mp_oct
0,4148.6471,mp_oct
0,4148.9474,mp_oct
3,4149.2477,mp_oct
12,4149.5481,mp_oct
12,4149.8484,mp_oct
3,4150.1488,mp_oct
3,4150.4491,mp_oct
3,4150.7494,mp_oct
3,4151.0497,mp_oct
0,4151.35,mp_oct
3,4151.6503,mp_oct
0,4151.9507,mp_oct
0,4152.2511,mp_oct
11,4152.5514,mp_oct
0,4152.8617,mp_oct
0,4153.1619,mp_oct
11,4153.4623,mp_oct
8,4153.7626,mp_oct
8,4154.0629,mp_oct
0,4154.3633,mp_oct
8,4154.6636,mp_oct
8,4154.9639,mp_oct
8,4155.2643,mp_oct
8,4155.5646,mp_oct
8,4155.8649,mp_oct
8,4156.1652,mp_oct
0,4156.4656,mp_oct
8,4156.7659,mp_oct
8,4157.0661,mp_oct
8,4157.3665,mp_oct
8,4157.6668,mp_oct
8,4157.9672,mp_oct
8,4158.2675,mp_oct
0,4158.5678,mp_oct
8,4158.8681,mp_oct
8,4159.1684,mp_oct
8,4159.4687,mp_oct
8,4159.7691,mp_oct
8,4160.0695,mp_oct
8,4160.3748,mp_oct
8,4160.6801,mp_oct
8,4160.9804,mp_oct
8,4161.2807,mp_oct
8,4161.5811,mp_oct
8,4161.8813,mp_oct
8,4162.1817,mp_oct
8,4162.482,mp_oct
8,4162.7824,mp_oct
8,4163.0827,mp_oct
8,4163.383,mp_oct
8,4163.6833,mp_oct
8,4163.9836,mp_oct
0,4164.284,mp_oct
8,4164.5843,mp_oct
8,4164.8846,mp_oct
8,4165.1849,mp_oct
8,4165.4853,mp_oct
8,4165.7856,mp_oct
8,4166.0859,mp_oct
8,4166.3863,mp_oct
8,4166.6866,mp_oct
8,4166.9868,mp_oct
8,4167.2872,mp_oct
8,4167.5876,mp_oct
8,4167.8879,mp_oct
8,4168.1882,mp_oct
8,4168.4885,mp_oct
8,4168.7889,mp_oct
8,4169.0891,mp_oct
8,4169.3894,mp_oct
8,4169.6898,mp_oct
8,4169.9901,mp_oct
0,4170.2904,mp_oct
0,4170.5908,mp_oct
1,4170.8911,mp_oct
11,4171.1914,mp_oct
8,4171.4918,mp_oct
0,4171.792,mp_oct
8,4172.0924,mp_oct
0,4172.3927,mp_oct
0,4172.693,mp_oct
8,4172.9934,mp_oct
8,4173.2937,mp_oct
8,4173.594,mp_oct
8,4173.8944,mp_oct
8,4174.1947,mp_oct
8,4174.495,mp_oct
0,4174.7953,mp_oct
8,4175.0956,mp_oct
0,4175.3959,mp_oct
8,4175.6963,mp_oct
0,4175.9966,mp_oct
0,4176.2969,mp_oct
0,4176.5972,mp_oct
0,4176.8976,mp_oct
0,4177.1979,mp_oct
0,4177.4982,mp_oct
7,4177.7985,mp_oct
7,4178.0989,mp_oct
7,4178.3992,mp_oct
0,4178.6995,mp_oct
11,4178.9998,mp_oct
11,4179.3002,mp_oct
0,4179.6005,mp_oct
7,4179.9008,mp_oct
0,4180.2012,mp_oct
0,4180.5015,mp_oct
0,4180.8018,mp_oct
8,4181.1021,mp_oct
8,4181.4024,mp_oct
8,4181.7028,mp_oct
0,4182.0031,mp_oct
8,4182.3034,mp_oct
0,4182.6037,mp_oct
11,4182.904,mp_oct
0,4183.2044,mp_oct
0,4183.5047,mp_oct
8,4183.805,mp_oct
8,4184.1053,mp_oct
8,4184.4057,mp_oct
8,4184.706,mp_oct
8,4185.0063,mp_oct
8,4185.3066,mp_oct
8,4185.6069,mp_oct
8,4185.9073,mp_oct
8,4186.2076,mp_oct
8,4186.508,mp_oct
8,4186.8083,mp_oct
8,4187.1086,mp_oct
8,4187.4089,mp_oct
0,4187.7092,mp_oct
8,4188.0095,mp_oct
8,4188.3098,mp_oct
8,4188.6102,mp_oct
8,4188.9163,mp_oct
8,4189.2166,mp_oct
8,4189.517,mp_oct
8,4189.8172,mp_oct
8,4190.1176,mp_oct
8,4190.4179,mp_oct
8,4190.7182,mp_oct
8,4191.0186,mp_oct
8,4191.3189,mp_oct
8,4191.6192,mp_oct
8,4191.9196,mp_oct
8,4192.2199,mp_oct
8,4192.5294,mp_oct
8,4192.8297,mp_oct
8,4193.13,mp_oct
8,4193.4304,mp_oct
8,4193.7307,mp_oct
8,4194.036,mp_oct
8,4194.3364,mp_oct
8,4194.6367,mp_oct
8,4194.937,mp_oct
8,4195.2373,mp_oct
8,4195.5377,mp_oct
8,4195.8379,mp_oct
8,4196.1382,mp_oct
8,4196.4386,mp_oct
8,4196.7389,mp_oct
8,4197.0392,mp_oct
8,4197.3396,mp_oct
8,4197.6399,mp_oct
8,4197.9403,mp_oct
8,4198.2405,mp_oct
8,4198.5409,mp_oct
8,4198.8412,mp_oct
8,4199.1416,mp_oct
8,4199.4419,mp_oct
8,4199.7422,mp_oct
8,4200.0425,mp_oct
8,4200.3428,mp_oct
8,4200.6432,mp_oct
8,4200.9435,mp_oct
8,4201.2438,mp_oct
8,4201.5442,mp_oct
8,4201.8444,mp_oct
8,4202.1448,mp_oct
8,4202.4451,mp_oct
8,4202.7454,mp_oct
8,4203.0457,mp_oct
8,4203.3461,mp_oct
8,4203.6464,mp_oct
8,4203.9467,mp_oct
8,4204.2471,mp_oct
8,4204.5474,mp_oct
8,4204.8477,mp_oct
8,4205.1481,mp_oct
8,4205.4483,mp_oct
8,4205.7487,mp_oct
0,4206.049,mp_oct
11,4206.3493,mp_oct
11,4206.6496,mp_oct
11,4206.9499,mp_oct
0,4207.2503,mp_oct
0,4207.5506,mp_oct
8,4207.8509,mp_oct
8,4208.1512,mp_oct
8,4208.4515,mp_oct
10,4208.7519,mp_oct
9,4209.0522,mp_oct
9,4209.3582,mp_oct
10,4209.6585,mp_oct
9,4209.9588,mp_oct
9,4210.2592,mp_oct
10,4210.5595,mp_oct
10,4210.8598,mp_oct
1,4211.1601,mp_oct
1,4211.4604,mp_oct
1,4211.7608,mp_oct
1,4212.0611,mp_oct
10,4212.3614,mp_oct
1,4212.6661,mp_oct
1,4212.9765,mp_oct
1,4213.2768,mp_oct
1,4213.5772,mp_oct
1,4213.8775,mp_oct
1,4214.1778,mp_oct
10,4214.4781,mp_oct
10,4214.7784,mp_oct
1,4215.0788,mp_oct
10,4215.379,mp_oct
10,4215.6794,mp_oct
9,4215.9797,mp_oct
10,4216.28,mp_oct
10,4216.5804,mp_oct
10,4216.8806,mp_oct
10,4217.181,mp_oct
11,4217.4814,mp_oct
10,4217.7817,mp_oct
10,4218.0819,mp_oct
10,4218.3823,mp_oct
10,4218.6826,mp_oct
10,4218.9829,mp_oct
9,4219.2832,mp_oct
10,4219.5836,mp_oct
0,4219.8839,mp_oct
10,4220.1843,mp_oct
9,4220.4902,mp_oct
9,4220.7906,mp_oct
10,4221.0909,mp_oct
9,4221.3912,mp_oct
0,4221.6916,mp_oct
10,4221.9918,mp_oct
10,4222.2922,mp_oct
9,4222.5925,mp_oct
0,4222.8928,mp_oct
9,4223.1932,mp_oct
10,4223.4934,mp_oct
9,4223.7938,mp_oct
1,4224.0941,mp_oct
1,4224.3944,mp_oct
1,4224.6948,mp_oct
1,4224.9951,mp_oct
0,4225.2954,mp_oct
1,4225.5957,mp_oct
1,4225.8961,mp_oct
1,4226.1964,mp_oct
1,4226.4967,mp_oct
1,4226.7971,mp_oct
1,4227.0974,mp_oct
10,4227.3977,mp_oct
0,4227.698,mp_oct
10,4227.9984,mp_oct
10,4228.2987,mp_oct
10,4228.599,mp_oct
0,4228.8993,mp_oct
9,4229.1996,mp_oct
10,4229.5,mp_oct
0,4229.8003,mp_oct
10,4230.1006,mp_oct
10,4230.4009,mp_oct
10,4230.7012,mp_oct
0,4231.0015,mp_oct
9,4231.3019,mp_oct
10,4231.6022,mp_oct
10,4231.9026,mp_oct
10,4232.2028,mp_oct
9,4232.5031,mp_oct
10,4232.8035,mp_oct
10,4233.1039,mp_oct
10,4233.4042,mp_oct
10,4233.7045,mp_oct
1,4234.0048,mp_oct
0,4234.3051,mp_oct
5,4234.6055,mp_oct
5,4234.9058,mp_oct
0,4235.2061,mp_oct
5,4235.5064,mp_oct
5,4235.8067,mp_oct
5,4236.107,mp_oct
5,4236.4074,mp_oct
0,4236.7077,mp_oct
5,4237.008,mp_oct
5,4237.3084,mp_oct
0,4237.6087,mp_oct
5,4237.909,mp_oct
5,4238.2093,mp_oct
5,4238.5097,mp_oct
0,4238.81,mp_oct
5,4239.1103,mp_oct
5,4239.4107,mp_oct
5,4239.711,mp_oct
5,4240.0113,mp_oct
5,4240.3116,mp_oct
5,4240.6119,mp_oct
5,4240.9123,mp_oct
5,4241.2126,mp_oct
5,4241.5129,mp_oct
5,4241.8132,mp_oct
5,4242.1136,mp_oct
5,4242.4139,mp_oct
5,4242.7142,mp_oct
5,4243.0145,mp_oct
5,4243.3149,mp_oct
0,4243.6151,mp_oct
2,4243.9155,mp_oct
1,4244.2158,mp_oct
1,4244.5162,mp_oct
1,4244.8165,mp_oct
1,4245.1168,mp_oct
1,4245.4171,mp_oct
2,4245.7174,mp_oct
2,4246.0177,mp_oct
2,4246.3181,mp_oct
0,4246.6184,mp_oct
5,4246.9187,mp_oct
5,4247.219,mp_oct
5,4247.5194,mp_oct
4,4247.8197,mp_oct
4,4248.12,mp_oct
4,4248.4203,mp_oct
4,4248.7207,mp_oct
4,4249.021,mp_oct
4,4249.3213,mp_oct
4,4249.6217,mp_oct
4,4249.922,mp_oct
4,4250.2223,mp_oct
4,4250.5226,mp_oct
4,4250.8229,mp_oct
4,4251.1233,mp_oct
4,4251.4236,mp_oct
4,4251.7239,mp_oct
4,4252.0242,mp_oct
4,4252.3245,mp_oct
4,4252.6249,mp_oct
4,4252.9252,mp_oct
4,4253.2255,mp_oct
4,4253.5259,mp_oct
4,4253.8262,mp_oct
4,4254.1265,mp_oct
4,4254.4268,mp_oct
4,4254.7271,mp_oct
4,4255.0275,mp_oct
4,4255.3278,mp_oct
4,4255.6281,mp_oct
4,4255.9285,mp_oct
4,4256.2288,mp_oct
4,4256.5291,mp_oct
4,4256.8294,mp_oct
4,4257.1298,mp_oct
4,4257.4301,mp_oct
4,4257.7304,mp_oct
4,4258.0307,mp_oct
4,4258.331,mp_oct
4,4258.6314,mp_oct
4,4258.9317,mp_oct
4,4259.232,mp_oct
4,4259.5323,mp_oct
4,4259.8326,mp_oct
4,4260.133,mp_oct
4,4260.4333,mp_oct
4,4260.7336,mp_oct
4,4261.034,mp_oct
4,4261.3343,mp_oct
4,4261.6346,mp_oct
4,4261.9349,mp_oct
4,4262.2352,mp_oct
4,4262.5356,mp_oct
4,4262.8358,mp_oct
4,4263.1362,mp_oct
4,4263.4366,mp_oct
4,4263.7369,mp_oct
4,4264.0372,mp_oct
4,4264.3375,mp_oct
4,4264.6379,mp_oct
4,4264.9382,mp_oct
4,4265.2386,mp_oct
4,4265.5388,mp_oct
4,4265.8391,mp_oct
4,4266.1395,mp_oct
5,4266.4398,mp_oct
5,4266.7401,mp_oct
5,4267.0405,mp_oct
4,4267.3408,mp_oct
4,4267.6411,mp_oct
4,4267.9414,mp_oct
4,4268.2418,mp_oct
4,4268.542,mp_oct
4,4268.8424,mp_oct
4,4269.1427,mp_oct
4,4269.443,mp_oct
4,4269.7434,mp_oct
4,4270.0437,mp_oct
4,4270.344,mp_oct
0,4270.6443,mp_oct
4,4270.9447,mp_oct
4,4271.245,mp_oct
4,4271.5453,mp_oct
4,4271.8456,mp_oct
4,4272.146,mp_oct
4,4272.4463,mp_oct
4,4272.7509,mp_oct
4,4273.0513,mp_oct
4,4273.3516,mp_oct
4,4273.6519,mp_oct
4,4273.9522,mp_oct
4,4274.2526,mp_oct
4,4274.5529,mp_oct
4,4274.8532,mp_oct
4,4275.1535,mp_oct
4,4275.4539,mp_oct
4,4275.7541,mp_oct
4,4276.0595,mp_oct
4,4276.3598,mp_oct
4,4276.6602,mp_oct
4,4276.9605,mp_oct
4,4277.2608,mp_oct
4,4277.5611,mp_oct
4,4277.8614,mp_oct
4,4278.1618,mp_oct
4,4278.4621,mp_oct
4,4278.7624,mp_oct
4,4279.0628,mp_oct
4,4279.3631,mp_oct
4,4279.6634,mp_oct
4,4279.9637,mp_oct
4,4280.2641,mp_oct
4,4280.5644,mp_oct
4,4280.8647,mp_oct
2,4281.1651,mp_oct
4,4281.4653,mp_oct
4,4281.7657,mp_oct
4,4282.066,mp_oct
4,4282.3664,mp_oct
4,4282.6667,mp_oct
5,4282.967,mp_oct
0,4283.2672,mp_oct
5,4283.5676,mp_oct
5,4283.8786,mp_oct
5,4284.1789,mp_oct
5,4284.4793,mp_oct
5,4284.7796,mp_oct
0,4285.0799,mp_oct
5,4285.3802,mp_oct
5,4285.6805,mp_oct
5,4285.9808,mp_oct
5,4286.2811,mp_oct
5,4286.5815,mp_oct
0,4286.8818,mp_oct
5,4287.1822,mp_oct
2,4287.4825,mp_oct
5,4287.7828,mp_oct
5,4288.0831,mp_oct
5,4288.3835,mp_oct
5,4288.6837,mp_oct
5,4288.9841,mp_oct
5,4289.2844,mp_oct
4,4289.5856,mp_oct
4,4289.885,mp_oct
4,4290.1854,mp_oct
4,4290.4857,mp_oct
4,4290.786,mp_oct
5,4291.0863,mp_oct
4,4291.3867,mp_oct
2,4291.687,mp_oct
2,4291.9873,mp_oct
4,4292.2876,mp_oct
4,4292.5879,mp_oct
4,4292.8883,mp_oct
5,4293.1886,mp_oct
5,4293.4889,mp_oct
5,4293.7893,mp_oct
0,4294.0896,mp_oct
0,4294.3899,mp_oct
5,4294.6902,mp_oct
5,4294.9906,mp_oct
5,4295.2909,mp_oct
5,4295.5912,mp_oct
5,4295.8916,mp_oct
5,4296.1918,mp_oct
5,4296.4922,mp_oct
5,4296.7925,mp_oct
5,4297.0928,mp_oct
5,4297.3932,mp_oct
5,4297.6934,mp_oct
5,4297.9938,mp_oct
5,4298.2941,mp_oct
5,4298.5944,mp_oct
5,4298.8948,mp_oct
5,4299.1951,mp_oct
5,4299.4954,mp_oct
5,4299.7957,mp_oct
5,4300.0961,mp_oct
5,4300.3964,mp_oct
5,4300.6967,mp_oct
5,4300.997,mp_oct
5,4301.2973,mp_oct
5,4301.5977,mp_oct
5,4301.898,mp_oct
5,4302.1983,mp_oct
5,4302.4987,mp_oct
5,4302.799,mp_oct
5,4303.0993,mp_oct
5,4303.3996,mp_oct
5,4303.6999,mp_oct
5,4304.0003,mp_oct
5,4304.3006,mp_oct
5,4304.6009,mp_oct
5,4304.9012,mp_oct
5,4305.2016,mp_oct
5,4305.5019,mp_oct
5,4305.8022,mp_oct
5,4306.1026,mp_oct
5,4306.4028,mp_oct
5,4306.7032,mp_oct
5,4307.0035,mp_oct
5,4307.3038,mp_oct
5,4307.6042,mp_oct
5,4307.9044,mp_oct
5,4308.2048,mp_oct
5,4308.5051,mp_oct
5,4308.8055,mp_oct
5,4309.1058,mp_oct
5,4309.406,mp_oct
5,4309.7064,mp_oct
5,4310.0068,mp_oct
5,4310.307,mp_oct
5,4310.6074,mp_oct
5,4310.9077,mp_oct
5,4311.208,mp_oct
5,4311.5084,mp_oct
5,4311.8087,mp_oct
5,4312.109,mp_oct
5,4312.4093,mp_oct
5,4312.7096,mp_oct
5,4313.01,mp_oct
5,4313.3103,mp_oct
5,4313.6106,mp_oct
5,4313.9154,mp_oct
5,4314.2157,mp_oct
5,4314.5159,mp_oct
5,4314.8163,mp_oct
5,4315.1166,mp_oct
5,4315.417,mp_oct
5,4315.7172,mp_oct
5,4316.0176,mp_oct
5,4316.3179,mp_oct
5,4316.6183,mp_oct
5,4316.9186,mp_oct
5,4317.2189,mp_oct
5,4317.5192,mp_oct
5,4317.8196,mp_oct
5,4318.1199,mp_oct
5,4318.4202,mp_oct
5,4318.7205,mp_oct
5,4319.0208,mp_oct
5,4319.3212,mp_oct
0,4319.6215,mp_oct
4,4319.9218,mp_oct
4,4320.2221,mp_oct
4,4320.5225,mp_oct
4,4320.8228,mp_oct
5,4321.1231,mp_oct
4,4321.4234,mp_oct
4,4321.7238,mp_oct
5,4322.0241,mp_oct
4,4322.3244,mp_oct
5,4322.6247,mp_oct
0,4322.9251,mp_oct
4,4323.2254,mp_oct
4,4323.5257,mp_oct
4,4323.826,mp_oct
4,4324.1263,mp_oct
4,4324.4267,mp_oct
4,4324.727,mp_oct
4,4325.0274,mp_oct
4,4325.3277,mp_oct
4,4325.628,mp_oct
4,4325.9283,mp_oct
4,4326.2286,mp_oct
4,4326.529,mp_oct
1,4326.8293,mp_oct
1,4327.1296,mp_oct
1,4327.4299,mp_oct
1,4327.7303,mp_oct
4,4328.0306,mp_oct
4,4328.3309,mp_oct
4,4328.6312,mp_oct
4,4328.9316,mp_oct
4,4329.2318,mp_oct
0,4329.5322,mp_oct
0,4329.8326,mp_oct
2,4330.1329,mp_oct
0,4330.4332,mp_oct
5,4330.7335,mp_oct
5,4331.0338,mp_oct
5,4331.3341,mp_oct
5,4331.6345,mp_oct
5,4331.9348,mp_oct
5,4332.2351,mp_oct
5,4332.5354,mp_oct
4,4332.8407,mp_oct
4,4333.1411,mp_oct
4,4333.4414,mp_oct
4,4333.7417,mp_oct
4,4334.0421,mp_oct
4,4334.3423,mp_oct
4,4334.6427,mp_oct
4,4334.943,mp_oct
4,4335.2434,mp_oct
4,4335.5437,mp_oct
0,4335.844,mp_oct
5,4336.1443,mp_oct
5,4336.4446,mp_oct
5,4336.7449,mp_oct
5,4337.0453,mp_oct
5,4337.3456,mp_oct
5,4337.6459,mp_oct
5,4337.9462,mp_oct
5,4338.2466,mp_oct
5,4338.5469,mp_oct
5,4338.8472,mp_oct
5,4339.1476,mp_oct
5,4339.4478,mp_oct
5,4339.7482,mp_oct
5,4340.0485,mp_oct
5,4340.3489,mp_oct
5,4340.6541,mp_oct
5,4340.9545,mp_oct
5,4341.2548,mp_oct
2,4341.5551,mp_oct
2,4341.8555,mp_oct
1,4342.1558,mp_oct
1,4342.4561,mp_oct
1,4342.7564,mp_oct
1,4343.0568,mp_oct
4,4343.3571,mp_oct
0,4343.6574,mp_oct
4,4343.9577,mp_oct
4,4344.258,mp_oct
0,4344.5584,mp_oct
0,4344.8587,mp_oct
5,4345.159,mp_oct
5,4345.4593,mp_oct
5,4345.7596,mp_oct
5,4346.06,mp_oct
5,4346.3603,mp_oct
5,4346.6606,mp_oct
5,4346.961,mp_oct
5,4347.2613,mp_oct
5,4347.5616,mp_oct
5,4347.8619,mp_oct
5,4348.1622,mp_oct
5,4348.4625,mp_oct
5,4348.7629,mp_oct
5,4349.0632,mp_oct
5,4349.3636,mp_oct
5,4349.6638,mp_oct
5,4349.9642,mp_oct
5,4350.2645,mp_oct
5,4350.5648,mp_oct
5,4350.8652,mp_oct
5,4351.1655,mp_oct
5,4351.4658,mp_oct
5,4351.7661,mp_oct
5,4352.0665,mp_oct
5,4352.3668,mp_oct
5,4352.6671,mp_oct
5,4352.9674,mp_oct
5,4353.2677,mp_oct
5,4353.568,mp_oct
5,4353.8684,mp_oct
5,4354.1687,mp_oct
5,4354.469,mp_oct
5,4354.7693,mp_oct
5,4355.0697,mp_oct
5,4355.37,mp_oct
5,4355.6703,mp_oct
5,4355.9707,mp_oct
5,4356.271,mp_oct
5,4356.5712,mp_oct
5,4356.8716,mp_oct
5,4357.1719,mp_oct
5,4357.4723,mp_oct
5,4357.7726,mp_oct
5,4358.0729,mp_oct
5,4358.3732,mp_oct
5,4358.6736,mp_oct
5,4358.9739,mp_oct
5,4359.2742,mp_oct
5,4359.5745,mp_oct
5,4359.8757,mp_oct
5,4360.1751,mp_oct
5,4360.4755,mp_oct
5,4360.7759,mp_oct
5,4361.0762,mp_oct
5,4361.3765,mp_oct
5,4361.6768,mp_oct
5,4361.9771,mp_oct
5,4362.2774,mp_oct
5,4362.5778,mp_oct
5,4362.8781,mp_oct
5,4363.1784,mp_oct
5,4363.4787,mp_oct
5,4363.7791,mp_oct
5,4364.0794,mp_oct
5,4364.3797,mp_oct
0,4364.6801,mp_oct
4,4364.9804,mp_oct
1,4365.2807,mp_oct
1,4365.5811,mp_oct
1,4365.8813,mp_oct
0,4366.1817,mp_oct
12,4366.482,mp_oct
12,4366.7823,mp_oct
12,4367.0827,mp_oct
12,4367.383,mp_oct
12,4367.6833,mp_oct
12,4367.9836,mp_oct
12,4368.2839,mp_oct
12,4368.5843,mp_oct
0,4368.8902,mp_oct
12,4369.1906,mp_oct
12,4369.4909,mp_oct
3,4369.7912,mp_oct
3,4370.0915,mp_oct
3,4370.3919,mp_oct
3,4370.6921,mp_oct
3,4370.9925,mp_oct
3,4371.2928,mp_oct
3,4371.5931,mp_oct
3,4371.8935,mp_oct
3,4372.1938,mp_oct
3,4372.4941,mp_oct
12,4372.7944,mp_oct
12,4373.0947,mp_oct
12,4373.395,mp_oct
12,4373.6954,mp_oct
12,4373.9957,mp_oct
12,4374.296,mp_oct
0,4374.5964,mp_oct
11,4374.8967,mp_oct
11,4375.197,mp_oct
11,4375.4973,mp_oct
11,4375.7977,mp_oct
11,4376.0979,mp_oct
11,4376.3983,mp_oct
11,4376.6986,mp_oct
10,4376.9989,mp_oct
11,4377.2993,mp_oct
11,4377.5996,mp_oct
10,4377.8999,mp_oct
11,4378.2003,mp_oct
10,4378.5005,mp_oct
11,4378.8008,mp_oct
0,4379.1012,mp_oct
11,4379.4015,mp_oct
11,4379.7018,mp_oct
11,4380.0021,mp_oct
11,4380.3025,mp_oct
11,4380.6028,mp_oct
11,4380.9031,mp_oct
12,4381.2035,mp_oct
12,4381.5038,mp_oct
12,4381.8041,mp_oct
12,4382.1044,mp_oct
12,4382.4047,mp_oct
12,4382.7051,mp_oct
12,4383.0054,mp_oct
0,4383.3057,mp_oct
12,4383.606,mp_oct
12,4383.9063,mp_oct
12,4384.2067,mp_oct
12,4384.507,mp_oct
12,4384.8073,mp_oct
6,4385.1076,mp_oct
6,4385.408,mp_oct
6,4385.7083,mp_oct
6,4386.0085,mp_oct
6,4386.309,mp_oct
6,4386.6092,mp_oct
6,4386.9095,mp_oct
0,4387.2098,mp_oct
13,4387.5103,mp_oct
13,4387.8106,mp_oct
13,4388.1108,mp_oct
0,4388.4111,mp_oct
0,4388.7116,mp_oct
13,4389.0118,mp_oct
0,4389.3121,mp_oct
0,4389.6124,mp_oct
1,4389.9128,mp_oct
0,4390.2132,mp_oct
1,4390.5134,mp_oct
1,4390.8138,mp_oct
1,4391.114,mp_oct
1,4391.4144,mp_oct
1,4391.7147,mp_oct
1,4392.015,mp_oct
1,4392.3153,mp_oct
1,4392.6157,mp_oct
1,4392.916,mp_oct
1,4393.2172,mp_oct
1,4393.5166,mp_oct
1,4393.817,mp_oct
1,4394.1173,mp_oct
1,4394.4176,mp_oct
1,4394.718,mp_oct
1,4395.0182,mp_oct
1,4395.3186,mp_oct
1,4395.6189,mp_oct
1,4395.9192,mp_oct
1,4396.2196,mp_oct
0,4396.5199,mp_oct
0,4396.8202,mp_oct
6,4397.1205,mp_oct
1,4397.4209,mp_oct
2,4397.7212,mp_oct
2,4398.0215,mp_oct
2,4398.3218,mp_oct
2,4398.6222,mp_oct
2,4398.9224,mp_oct
1,4399.2228,mp_oct
1,4399.5231,mp_oct
1,4399.8234,mp_oct
1,4400.1237,mp_oct
1,4400.424,mp_oct
1,4400.7244,mp_oct
1,4401.0247,mp_oct
1,4401.3251,mp_oct
1,4401.6254,mp_oct
1,4401.9257,mp_oct
1,4402.226,mp_oct
1,4402.5263,mp_oct
1,4402.8267,mp_oct
1,4403.127,mp_oct
1,4403.4273,mp_oct
1,4403.7276,mp_oct
1,4404.0279,mp_oct
1,4404.3283,mp_oct
1,4404.6286,mp_oct
1,4404.9289,mp_oct
1,4405.2292,mp_oct
1,4405.5296,mp_oct
1,4405.83,mp_oct
1,4406.1302,mp_oct
1,4406.4305,mp_oct
1,4406.7308,mp_oct
1,4407.0312,mp_oct
1,4407.3315,mp_oct
1,4407.6318,mp_oct
1,4407.9322,mp_oct
1,4408.2325,mp_oct
1,4408.5328,mp_oct
1,4408.8332,mp_oct
1,4409.1335,mp_oct
1,4409.4338,mp_oct
1,4409.7341,mp_oct
1,4410.0344,mp_oct
1,4410.3348,mp_oct
1,4410.6351,mp_oct
1,4410.9354,mp_oct
1,4411.2357,mp_oct
1,4411.536,mp_oct
1,4411.8364,mp_oct
1,4412.1367,mp_oct
1,4412.437,mp_oct
1,4412.7373,mp_oct
1,4413.0377,mp_oct
1,4413.338,mp_oct
1,4413.6383,mp_oct
1,4413.9386,mp_oct
1,4414.2389,mp_oct
1,4414.5393,mp_oct
1,4414.8396,mp_oct
1,4415.1399,mp_oct
1,4415.4402,mp_oct
1,4415.7406,mp_oct
1,4416.0409,mp_oct
1,4416.3412,mp_oct
1,4416.6415,mp_oct
1,4416.9419,mp_oct
1,4417.2422,mp_oct
1,4417.5425,mp_oct
1,4417.8429,mp_oct
1,4418.1432,mp_oct
1,4418.4435,mp_oct
1,4418.7438,mp_oct
1,4419.0441,mp_oct
1,4419.3445,mp_oct
1,4419.6448,mp_oct
1,4419.9451,mp_oct
1,4420.2454,mp_oct
1,4420.5457,mp_oct
1,4420.8461,mp_oct
1,4421.1465,mp_oct
1,4421.4468,mp_oct
1,4421.7471,mp_oct
1,4422.0474,mp_oct
1,4422.3478,mp_oct
1,4422.6481,mp_oct
1,4422.9484,mp_oct
1,4423.2487,mp_oct
1,4423.549,mp_oct
1,4423.8493,mp_oct
1,4424.1497,mp_oct
1,4424.45,mp_oct
1,4424.7503,mp_oct
1,4425.0507,mp_oct
1,4425.351,mp_oct
1,4425.6513,mp_oct
1,4425.9516,mp_oct
1,4426.2519,mp_oct
1,4426.5523,mp_oct
1,4426.8526,mp_oct
1,4427.1529,mp_oct
1,4427.4532,mp_oct
1,4427.7536,mp_oct
1,4428.0539,mp_oct
1,4428.3543,mp_oct
1,4428.6546,mp_oct
1,4428.9643,mp_oct
1,4429.2646,mp_oct
1,4429.5649,mp_oct
1,4429.8652,mp_oct
1,4430.1656,mp_oct
1,4430.4659,mp_oct
1,4430.7662,mp_oct
1,4431.0666,mp_oct
1,4431.3677,mp_oct
1,4431.6672,mp_oct
1,4431.9675,mp_oct
1,4432.2679,mp_oct
1,4432.5682,mp_oct
1,4432.8685,mp_oct
1,4433.1688,mp_oct
1,4433.4691,mp_oct
1,4433.7745,mp_oct
1,4434.0748,mp_oct
1,4434.3751,mp_oct
1,4434.6754,mp_oct
1,4434.9757,mp_oct
1,4435.2761,mp_oct
1,4435.5765,mp_oct
1,4435.8768,mp_oct
1,4436.1771,mp_oct
1,4436.4774,mp_oct
1,4436.7777,mp_oct
1,4437.078,mp_oct
1,4437.3784,mp_oct
1,4437.6787,mp_oct
1,4437.979,mp_oct
1,4438.2794,mp_oct
1,4438.5797,mp_oct
1,4438.88,mp_oct
1,4439.1804,mp_oct
1,4439.4806,mp_oct
1,4439.781,mp_oct
1,4440.0814,mp_oct
1,4440.3817,mp_oct
1,4440.682,mp_oct
1,4440.9823,mp_oct
1,4441.2826,mp_oct
1,4441.5829,mp_oct
1,4441.8833,mp_oct
1,4442.1836,mp_oct
1,4442.4897,mp_oct
1,4442.7942,mp_oct
1,4443.0946,mp_oct
1,4443.3949,mp_oct
1,4443.6952,mp_oct
1,4443.9956,mp_oct
1,4444.2958,mp_oct
1,4444.5962,mp_oct
1,4444.8965,mp_oct
1,4445.1969,mp_oct
1,4445.4972,mp_oct
1,4445.7975,mp_oct
1,4446.1028,mp_oct
1,4446.4082,mp_oct
1,4446.7085,mp_oct
1,4447.0088,mp_oct
1,4447.3091,mp_oct
1,4447.6095,mp_oct
1,4447.9098,mp_oct
1,4448.2101,mp_oct
1,4448.5104,mp_oct
1,4448.8108,mp_oct
1,4449.1111,mp_oct
1,4449.4114,mp_oct
1,4449.7117,mp_oct
1,4450.0121,mp_oct
1,4450.3124,mp_oct
1,4450.6127,mp_oct
1,4450.9131,mp_oct
1,4451.2133,mp_oct
1,4451.5137,mp_oct
1,4451.814,mp_oct
1,4452.1143,mp_oct
1,4452.4146,mp_oct
1,4452.715,mp_oct
1,4453.0153,mp_oct
1,4453.3156,mp_oct
1,4453.616,mp_oct
1,4453.9163,mp_oct
1,4454.2166,mp_oct
1,4454.517,mp_oct
1,4454.8173,mp_oct
1,4455.1176,mp_oct
1,4455.4179,mp_oct
1,4455.7182,mp_oct
1,4456.0186,mp_oct
1,4456.3289,mp_oct
1,4456.6292,mp_oct
1,4456.9296,mp_oct
1,4457.2299,mp_oct
1,4457.5302,mp_oct
1,4458.1509,mp_oct
1,4458.4963,mp_oct
1,4458.7965,mp_oct
1,4459.0969,mp_oct
1,4459.3972,mp_oct
1,4459.6975,mp_oct
1,4459.9979,mp_oct
1,4460.2982,mp_oct
1,4460.6035,mp_oct
1,4460.9039,mp_oct
1,4461.2041,mp_oct
1,4461.5045,mp_oct
1,4461.8048,mp_oct
1,4462.1051,mp_oct
1,4462.4055,mp_oct
1,4462.7059,mp_oct
1,4463.0061,mp_oct
1,4463.3065,mp_oct
1,4463.6068,mp_oct
1,4463.9128,mp_oct
1,4464.2132,mp_oct
1,4464.5135,mp_oct
1,4464.8139,mp_oct
1,4465.1142,mp_oct
1,4465.4145,mp_oct
1,4465.7148,mp_oct
1,4466.0151,mp_oct
1,4466.3154,mp_oct
1,4466.6158,mp_oct
1,4466.9161,mp_oct
1,4467.2164,mp_oct
1,4467.5168,mp_oct
1,4467.8171,mp_oct
1,4468.1174,mp_oct
1,4468.4178,mp_oct
1,4468.718,mp_oct
1,4469.0184,mp_oct
1,4469.3188,mp_oct
1,4469.6191,mp_oct
1,4469.9194,mp_oct
1,4470.2198,mp_oct
1,4470.52,mp_oct
1,4470.8204,mp_oct
1,4471.1207,mp_oct
1,4471.4211,mp_oct
1,4471.7214,mp_oct
1,4472.0216,mp_oct
1,4472.322,mp_oct
1,4472.6223,mp_oct
1,4472.9227,mp_oct
1,4473.2229,mp_oct
1,4473.5234,mp_oct
1,4473.8237,mp_oct
1,4474.1239,mp_oct
1,4474.4243,mp_oct
1,4474.7246,mp_oct
1,4475.0249,mp_oct
1,4475.3252,mp_oct
1,4475.6256,mp_oct
1,4475.9259,mp_oct
1,4476.2263,mp_oct
1,4476.5266,mp_oct
1,4476.8269,mp_oct
1,4477.1272,mp_oct
1,4477.4276,mp_oct
1,4477.7278,mp_oct
1,4478.0282,mp_oct
1,4478.3285,mp_oct
1,4478.6288,mp_oct
1,4478.9292,mp_oct
1,4479.2295,mp_oct
1,4479.5299,mp_oct
1,4479.8302,mp_oct
1,4480.1305,mp_oct
1,4480.4308,mp_oct
1,4480.7312,mp_oct
1,4481.0315,mp_oct
1,4481.3318,mp_oct
1,4481.6322,mp_oct
1,4481.9325,mp_oct
1,4482.2328,mp_oct
1,4482.5331,mp_oct
1,4482.8334,mp_oct
1,4483.1338,mp_oct
1,4483.4341,mp_oct
1,4483.7344,mp_oct
1,4484.0347,mp_oct
1,4484.3351,mp_oct
1,4484.6354,mp_oct
1,4484.9408,mp_oct
1,4485.2403,mp_oct
1,4485.5406,mp_oct
1,4485.841,mp_oct
1,4486.1412,mp_oct
1,4486.4416,mp_oct
1,4486.742,mp_oct
1,4487.0423,mp_oct
1,4487.3426,mp_oct
1,4487.6429,mp_oct
1,4487.9432,mp_oct
1,4488.2436,mp_oct
1,4488.5438,mp_oct
1,4488.8999,mp_oct
1,4489.2297,mp_oct
1,4489.53,mp_oct
1,4489.8303,mp_oct
1,4490.1306,mp_oct
1,4490.4309,mp_oct
1,4490.7313,mp_oct
1,4491.0316,mp_oct
1,4491.3319,mp_oct
1,4491.6322,mp_oct
1,4491.9325,mp_oct
1,4492.2329,mp_oct
1,4492.5332,mp_oct
1,4492.8336,mp_oct
1,4493.1339,mp_oct
1,4493.4342,mp_oct
1,4493.7746,mp_oct
1,4494.0856,mp_oct
1,4494.3859,mp_oct
1,4494.6862,mp_oct
1,4494.9866,mp_oct
1,4495.2868,mp_oct
1,4495.5872,mp_oct
1,4495.8883,mp_oct
1,4496.1878,mp_oct
1,4496.4882,mp_oct
1,4496.7885,mp_oct
1,4497.0888,mp_oct
1,4497.3892,mp_oct
1,4497.6939,mp_oct
1,4497.9942,mp_oct
1,4498.2945,mp_oct
1,4498.5948,mp_oct
1,4498.8952,mp_oct
1,4499.1955,mp_oct
1,4499.4958,mp_oct
1,4499.7962,mp_oct
1,4500.0964,mp_oct
1,4500.3968,mp_oct
1,4500.6972,mp_oct
1,4500.9974,mp_oct
1,4501.2986,mp_oct
1,4501.598,mp_oct
1,4501.8985,mp_oct
1,4502.1988,mp_oct
1,4502.4991,mp_oct
1,4502.7994,mp_oct
1,4503.0997,mp_oct
1,4503.4001,mp_oct
1,4503.7004,mp_oct
1,4504.0007,mp_oct
1,4504.3011,mp_oct
1,4504.6013,mp_oct
1,4504.9017,mp_oct
1,4505.202,mp_oct
1,4505.5024,mp_oct
1,4505.8027,mp_oct
1,4506.103,mp_oct
1,4506.4033,mp_oct
1,4506.7036,mp_oct
1,4507.004,mp_oct
1,4507.3043,mp_oct
1,4507.6047,mp_oct
1,4507.905,mp_oct
1,4508.2053,mp_oct
1,4508.5056,mp_oct
1,4508.806,mp_oct
1,4509.1062,mp_oct
1,4509.4066,mp_oct
1,4509.7069,mp_oct
1,4510.0073,mp_oct
1,4510.3076,mp_oct
1,4510.6079,mp_oct
1,4510.9083,mp_oct
1,4511.2085,mp_oct
1,4511.5089,mp_oct
1,4511.8092,mp_oct
1,4512.1095,mp_oct
1,4512.4099,mp_oct
1,4512.7202,mp_oct
1,4513.0205,mp_oct
1,4513.3209,mp_oct
1,4513.6212,mp_oct
1,4513.9215,mp_oct
1,4514.2219,mp_oct
1,4514.5221,mp_oct
1,4514.8225,mp_oct
1,4515.1228,mp_oct
1,4515.4231,mp_oct
1,4515.7235,mp_oct
1,4516.0238,mp_oct
1,4516.3241,mp_oct
1,4516.6244,mp_oct
1,4516.9247,mp_oct
1,4517.2252,mp_oct
1,4517.5254,mp_oct
1,4517.8258,mp_oct
1,4518.1261,mp_oct
1,4518.4264,mp_oct
1,4518.7267,mp_oct
1,4519.027,mp_oct
1,4519.3274,mp_oct
1,4519.6277,mp_oct
1,4519.9281,mp_oct
1,4520.2284,mp_oct
1,4520.5387,mp_oct
1,4520.839,mp_oct
1,4521.1394,mp_oct
1,4521.4397,mp_oct
1,4521.74,mp_oct
1,4522.0403,mp_oct
1,4522.3407,mp_oct
1,4522.641,mp_oct
1,4522.9413,mp_oct
1,4523.2417,mp_oct
1,4523.542,mp_oct
1,4523.8423,mp_oct
1,4524.1427,mp_oct
1,4524.443,mp_oct
1,4524.7433,mp_oct
1,4525.0436,mp_oct
1,4525.3439,mp_oct
1,4525.6443,mp_oct
1,4525.9446,mp_oct
1,4526.2449,mp_oct
1,4526.5453,mp_oct
1,4526.8456,mp_oct
1,4527.1459,mp_oct
1,4527.4462,mp_oct
1,4527.7466,mp_oct
1,4528.0468,mp_oct
1,4528.3472,mp_oct
1,4528.6476,mp_oct
1,4528.9479,mp_oct
1,4529.2482,mp_oct
1,4529.5485,mp_oct
1,4529.8488,mp_oct
1,4530.1492,mp_oct
1,4530.4495,mp_oct
1,4530.7499,mp_oct
1,4531.0502,mp_oct
1,4531.3505,mp_oct
1,4531.6508,mp_oct
1,4531.9512,mp_oct
1,4532.2514,mp_oct
1,4532.5518,mp_oct
1,4532.8521,mp_oct
1,4533.1524,mp_oct
1,4533.4528,mp_oct
1,4533.7531,mp_oct
1,4534.0535,mp_oct
1,4534.3537,mp_oct
1,4534.6541,mp_oct
1,4534.9544,mp_oct
1,4535.2548,mp_oct
1,4535.555,mp_oct
1,4535.8554,mp_oct
1,4536.1557,mp_oct
1,4536.4561,mp_oct
1,4536.7564,mp_oct
1,4537.0567,mp_oct
1,4537.3571,mp_oct
1,4537.6574,mp_oct
1,4537.9577,mp_oct
1,4538.2589,mp_oct
1,4538.5583,mp_oct
1,4538.8587,mp_oct
1,4539.159,mp_oct
1,4539.4593,mp_oct
1,4539.7597,mp_oct
1,4540.06,mp_oct
1,4540.3603,mp_oct
1,4540.6607,mp_oct
1,4540.961,mp_oct
1,4541.2613,mp_oct
1,4541.5617,mp_oct
1,4541.862,mp_oct
1,4542.1622,mp_oct
1,4542.4627,mp_oct
1,4542.7629,mp_oct
1,4543.0633,mp_oct
1,4543.3636,mp_oct
1,4543.6639,mp_oct
1,4543.9643,mp_oct
1,4544.2646,mp_oct
1,4544.5649,mp_oct
1,4544.8652,mp_oct
1,4545.1656,mp_oct
1,4545.4659,mp_oct
1,4545.7662,mp_oct
1,4546.0665,mp_oct
1,4546.3669,mp_oct
1,4546.6672,mp_oct
1,4546.9675,mp_oct
1,4547.2679,mp_oct
1,4547.5681,mp_oct
1,4547.8685,mp_oct
1,4548.1688,mp_oct
1,4548.4692,mp_oct
1,4548.7695,mp_oct
1,4549.0699,mp_oct
1,4549.3701,mp_oct
1,4549.6704,mp_oct
1,4549.9708,mp_oct
1,4550.2711,mp_oct
1,4550.5715,mp_oct
1,4550.8718,mp_oct
1,4551.1721,mp_oct
1,4551.4724,mp_oct
1,4551.7728,mp_oct
1,4552.0732,mp_oct
1,4552.3734,mp_oct
1,4552.6738,mp_oct
1,4552.974,mp_oct
1,4553.2744,mp_oct
1,4553.5747,mp_oct
1,4553.875,mp_oct
1,4554.1754,mp_oct
1,4554.4757,mp_oct
1,4554.776,mp_oct
1,4555.0764,mp_oct
1,4555.3767,mp_oct
1,4555.677,mp_oct
1,4555.9773,mp_oct
1,4556.2777,mp_oct
1,4556.578,mp_oct
1,4556.8783,mp_oct
1,4557.1787,mp_oct
1,4557.479,mp_oct
1,4557.7793,mp_oct
1,4558.0796,mp_oct
1,4558.3799,mp_oct
1,4558.6803,mp_oct
1,4558.9806,mp_oct
1,4559.281,mp_oct
1,4559.5813,mp_oct
1,4559.8817,mp_oct
1,4560.182,mp_oct
1,4560.4823,mp_oct
1,4560.7826,mp_oct
1,4561.0829,mp_oct
1,4561.3833,mp_oct
1,4561.6836,mp_oct
1,4561.984,mp_oct
1,4562.2843,mp_oct
1,4562.5845,mp_oct
1,4562.885,mp_oct
1,4563.1852,mp_oct
1,4563.4855,mp_oct
14,4563.7858,mp_oct
14,4564.0862,mp_oct
14,4564.3866,mp_oct
14,4564.6869,mp_oct
14,4564.9871,mp_oct
14,4565.2875,mp_oct
1,4565.5878,mp_oct
1,4565.8882,mp_oct
1,4566.1885,mp_oct
14,4566.4888,mp_oct
14,4566.7892,mp_oct
1,4567.0895,mp_oct
1,4567.3898,mp_oct
1,4567.6901,mp_oct
1,4567.9904,mp_oct
1,4568.2908,mp_oct
1,4568.5912,mp_oct
1,4568.8915,mp_oct
1,4569.1918,mp_oct
1,4569.4921,mp_oct
1,4569.7924,mp_oct
1,4570.0928,mp_oct
1,4570.3931,mp_oct
1,4570.6934,mp_oct
1,4570.9938,mp_oct
1,4571.2941,mp_oct
1,4571.5944,mp_oct
1,4571.8948,mp_oct
1,4572.1951,mp_oct
1,4572.5004,mp_oct
1,4572.8007,mp_oct
1,4573.1011,mp_oct
1,4573.4014,mp_oct
1,4573.7017,mp_oct
1,4574.002,mp_oct
1,4574.3024,mp_oct
1,4574.6027,mp_oct
1,4574.903,mp_oct
1,4575.2034,mp_oct
1,4575.5037,mp_oct
1,4575.804,mp_oct
1,4576.1043,mp_oct
1,4576.4046,mp_oct
1,4576.705,mp_oct
1,4577.0053,mp_oct
1,4577.3056,mp_oct
1,4577.606,mp_oct
1,4577.9063,mp_oct
1,4578.2067,mp_oct
1,4578.507,mp_oct
1,4578.8073,mp_oct
1,4579.1076,mp_oct
1,4579.408,mp_oct
1,4579.7083,mp_oct
1,4580.0086,mp_oct
1,4580.3139,mp_oct
1,4580.6143,mp_oct
1,4580.9146,mp_oct
1,4581.2149,mp_oct
1,4581.5152,mp_oct
1,4581.8156,mp_oct
1,4582.1159,mp_oct
1,4582.4162,mp_oct
1,4582.7165,mp_oct
1,4583.0169,mp_oct
1,4583.3172,mp_oct
1,4583.6175,mp_oct
1,4583.9179,mp_oct
1,4584.2182,mp_oct
1,4584.5185,mp_oct
1,4584.8188,mp_oct
1,4585.1192,mp_oct
1,4585.4195,mp_oct
1,4585.7198,mp_oct
1,4586.0202,mp_oct
1,4586.3205,mp_oct
1,4586.6208,mp_oct
1,4586.9212,mp_oct
1,4587.2215,mp_oct
1,4587.5218,mp_oct
1,4587.8222,mp_oct
1,4588.1224,mp_oct
1,4588.4228,mp_oct
1,4588.7231,mp_oct
1,4589.0234,mp_oct
1,4589.3238,mp_oct
1,4589.6241,mp_oct
1,4589.9244,mp_oct
1,4590.2248,mp_oct
1,4590.5251,mp_oct
1,4590.8254,mp_oct
1,4591.1257,mp_oct
1,4591.4261,mp_oct
1,4591.7264,mp_oct
1,4592.0268,mp_oct
1,4592.3271,mp_oct
1,4592.6274,mp_oct
1,4592.9277,mp_oct
1,4593.228,mp_oct
1,4593.5283,mp_oct
1,4593.8287,mp_oct
1,4594.1399,mp_oct
1,4594.4394,mp_oct
1,4594.7397,mp_oct
1,4595.04,mp_oct
1,4595.3404,mp_oct
1,4595.6457,mp_oct
1,4595.946,mp_oct
1,4596.2463,mp_oct
1,4596.5467,mp_oct
1,4596.847,mp_oct
1,4597.1474,mp_oct
1,4597.4476,mp_oct
1,4597.748,mp_oct
1,4598.0483,mp_oct
1,4598.3486,mp_oct
1,4598.6498,mp_oct
1,4598.9493,mp_oct
1,4599.2496,mp_oct
1,4599.55,mp_oct
1,4599.8503,mp_oct
1,4600.1506,mp_oct
1,4600.4509,mp_oct
1,4600.7512,mp_oct
1,4601.0516,mp_oct
1,4601.352,mp_oct
1,4601.6523,mp_oct
1,4601.9526,mp_oct
1,4602.253,mp_oct
1,4602.5532,mp_oct
1,4602.8536,mp_oct
1,4603.1539,mp_oct
1,4603.4542,mp_oct
1,4603.7546,mp_oct
1,4604.0549,mp_oct
1,4604.3552,mp_oct
1,4604.6555,mp_oct
1,4604.9559,mp_oct
1,4605.2562,mp_oct
1,4605.5565,mp_oct
1,4605.8569,mp_oct
1,4606.1572,mp_oct
1,4606.4575,mp_oct
1,4606.7579,mp_oct
1,4607.0582,mp_oct
1,4607.3585,mp_oct
1,4607.6588,mp_oct
1,4607.9592,mp_oct
1,4608.2595,mp_oct
1,4608.5648,mp_oct
1,4608.8726,mp_oct
1,4609.1755,mp_oct
1,4609.4758,mp_oct
1,4609.7761,mp_oct
1,4610.0764,mp_oct
1,4610.3768,mp_oct
1,4610.6771,mp_oct
1,4610.9775,mp_oct
1,4611.2779,mp_oct
1,4611.5781,mp_oct
1,4611.8784,mp_oct
1,4612.1788,mp_oct
1,4612.48,mp_oct
1,4612.7795,mp_oct
1,4613.0797,mp_oct
1,4613.3801,mp_oct
1,4613.6804,mp_oct
1,4613.9807,mp_oct
1,4614.2811,mp_oct
1,4614.5814,mp_oct
1,4614.8817,mp_oct
1,4615.1821,mp_oct
1,4615.4824,mp_oct
1,4615.7827,mp_oct
1,4616.0831,mp_oct
1,4616.3834,mp_oct
1,4616.6837,mp_oct
1,4616.9891,mp_oct
1,4617.3444,mp_oct
1,4617.6447,mp_oct
1,4617.9451,mp_oct
1,4618.2454,mp_oct
1,4618.5457,mp_oct
1,4618.8461,mp_oct
1,4619.1464,mp_oct
1,4619.4467,mp_oct
1,4619.747,mp_oct
1,4620.0473,mp_oct
1,4620.3477,mp_oct
1,4620.648,mp_oct
1,4620.9484,mp_oct
1,4621.2487,mp_oct
1,4621.549,mp_oct
1,4621.8493,mp_oct
1,4622.1497,mp_oct
1,4622.45,mp_oct
1,4622.7503,mp_oct
1,4623.0507,mp_oct
1,4623.3509,mp_oct
1,4623.6513,mp_oct
1,4623.9516,mp_oct
1,4624.252,mp_oct
1,4624.5524,mp_oct
1,4624.8526,mp_oct
1,4625.1529,mp_oct
1,4625.4532,mp_oct
1,4625.7536,mp_oct
1,4626.054,mp_oct
1,4626.3543,mp_oct
1,4626.6546,mp_oct
1,4626.9549,mp_oct
1,4627.2552,mp_oct
1,4627.5556,mp_oct
1,4627.8559,mp_oct
1,4628.1562,mp_oct
1,4628.4565,mp_oct
1,4628.7569,mp_oct
1,4629.0572,mp_oct
1,4629.3576,mp_oct
1,4629.6579,mp_oct
1,4629.9582,mp_oct
1,4630.2585,mp_oct
1,4630.5589,mp_oct
1,4630.8591,mp_oct
1,4631.1595,mp_oct
1,4631.4598,mp_oct
1,4631.7602,mp_oct
1,4632.0605,mp_oct
1,4632.3608,mp_oct
1,4632.6661,mp_oct
1,4632.9665,mp_oct
1,4633.2668,mp_oct
1,4633.5671,mp_oct
1,4633.8675,mp_oct
1,4634.1678,mp_oct
1,4634.4681,mp_oct
1,4634.7685,mp_oct
1,4635.0688,mp_oct
1,4635.3691,mp_oct
1,4635.6694,mp_oct
1,4635.9698,mp_oct
1,4636.2751,mp_oct
1,4636.5754,mp_oct
1,4636.8758,mp_oct
1,4637.1761,mp_oct
1,4637.4764,mp_oct
1,4637.7768,mp_oct
1,4638.0771,mp_oct
1,4638.3774,mp_oct
1,4638.6778,mp_oct
1,4638.978,mp_oct
1,4639.2784,mp_oct
1,4639.5788,mp_oct
1,4639.8791,mp_oct
1,4640.1803,mp_oct
1,4640.4853,mp_oct
1,4640.7857,mp_oct
1,4641.086,mp_oct
1,4641.3863,mp_oct
1,4641.6867,mp_oct
1,4641.987,mp_oct
1,4642.2873,mp_oct
1,4642.5876,mp_oct
1,4642.8879,mp_oct
1,4643.1883,mp_oct
1,4643.4886,mp_oct
1,4643.789,mp_oct
1,4644.0893,mp_oct
1,4644.3896,mp_oct
1,4644.69,mp_oct
1,4644.9903,mp_oct
1,4645.2906,mp_oct
1,4645.5909,mp_oct
1,4645.8913,mp_oct
1,4646.1916,mp_oct
1,4646.4919,mp_oct
1,4646.7922,mp_oct
1,4647.0926,mp_oct
1,4647.3929,mp_oct
1,4647.6932,mp_oct
1,4647.9935,mp_oct
1,4648.2939,mp_oct
1,4648.5942,mp_oct
1,4648.8946,mp_oct
1,4649.1949,mp_oct
1,4649.4952,mp_oct
1,4649.7955,mp_oct
1,4650.0958,mp_oct
1,4650.3962,mp_oct
1,4650.6965,mp_oct
1,4650.9968,mp_oct
1,4651.2972,mp_oct
1,4651.5975,mp_oct
1,4651.8979,mp_oct
1,4652.1981,mp_oct
1,4652.4985,mp_oct
1,4652.7988,mp_oct
1,4653.0991,mp_oct
1,4653.3995,mp_oct
1,4653.6998,mp_oct
1,4654.0002,mp_oct
1,4654.3005,mp_oct
1,4654.6008,mp_oct
1,4654.9011,mp_oct
1,4655.2014,mp_oct
1,4655.5017,mp_oct
1,4655.802,mp_oct
1,4656.1024,mp_oct
1,4656.4028,mp_oct
1,4656.703,mp_oct
1,4657.0034,mp_oct
1,4657.3037,mp_oct
1,4657.6041,mp_oct
1,4657.9044,mp_oct
1,4658.2047,mp_oct
1,4658.5051,mp_oct
1,4658.8053,mp_oct
1,4659.1057,mp_oct
1,4659.406,mp_oct
1,4659.7063,mp_oct
1,4660.0067,mp_oct
1,4660.307,mp_oct
1,4660.6073,mp_oct
1,4660.9076,mp_oct
1,4661.208,mp_oct
1,4661.5083,mp_oct
1,4661.8087,mp_oct
1,4662.109,mp_oct
1,4662.4092,mp_oct
1,4662.7096,mp_oct
1,4663.01,mp_oct
1,4663.3102,mp_oct
1,4663.6106,mp_oct
1,4663.9109,mp_oct
1,4664.2113,mp_oct
1,4664.5116,mp_oct
1,4664.812,mp_oct
1,4665.1123,mp_oct
1,4665.4125,mp_oct
1,4665.7129,mp_oct
1,4666.0132,mp_oct
1,4666.3136,mp_oct
1,4666.6139,mp_oct
1,4666.9142,mp_oct
1,4667.2146,mp_oct
1,4667.5149,mp_oct
1,4667.8153,mp_oct
1,4668.1156,mp_oct
1,4668.4159,mp_oct
1,4668.7162,mp_oct
1,4669.0165,mp_oct
1,4669.3169,mp_oct
1,4669.6172,mp_oct
1,4669.9175,mp_oct
1,4670.2179,mp_oct
1,4670.5182,mp_oct
1,4670.8185,mp_oct
1,4671.1188,mp_oct
1,4671.4192,mp_oct
1,4671.7195,mp_oct
1,4672.0198,mp_oct
1,4672.3202,mp_oct
1,4672.6205,mp_oct
1,4672.9209,mp_oct
1,4673.2212,mp_oct
1,4673.5216,mp_oct
1,4673.8218,mp_oct
1,4674.1222,mp_oct
1,4674.4224,mp_oct
1,4674.7228,mp_oct
1,4675.0231,mp_oct
1,4675.3235,mp_oct
1,4675.6238,mp_oct
1,4675.9241,mp_oct
1,4676.2244,mp_oct
1,4676.5248,mp_oct
1,4676.8252,mp_oct
1,4677.1254,mp_oct
1,4677.4258,mp_oct
1,4677.7261,mp_oct
1,4678.0265,mp_oct
1,4678.3268,mp_oct
1,4678.6272,mp_oct
1,4678.9275,mp_oct
1,4679.2278,mp_oct
1,4679.5281,mp_oct
1,4679.8285,mp_oct
1,4680.1288,mp_oct
1,4680.4291,mp_oct
1,4680.7294,mp_oct
1,4681.0298,mp_oct
1,4681.3301,mp_oct
1,4681.6304,mp_oct
1,4681.9307,mp_oct
1,4682.2311,mp_oct
1,4682.5314,mp_oct
1,4682.8317,mp_oct
1,4683.132,mp_oct
1,4683.4324,mp_oct
1,4683.7327,mp_oct
1,4684.0331,mp_oct
1,4684.3334,mp_oct
1,4684.6337,mp_oct
1,4684.934,mp_oct
1,4685.2344,mp_oct
1,4685.5347,mp_oct
1,4685.835,mp_oct
1,4686.1354,mp_oct
1,4686.4357,mp_oct
1,4686.736,mp_oct
1,4687.0363,mp_oct
1,4687.3367,mp_oct
1,4687.637,mp_oct
1,4687.9374,mp_oct
1,4688.2377,mp_oct
1,4688.538,mp_oct
1,4688.8384,mp_oct
1,4689.1387,mp_oct
1,4689.439,mp_oct
1,4689.7393,mp_oct
1,4690.0396,mp_oct
1,4690.34,mp_oct
1,4690.6403,mp_oct
1,4690.9406,mp_oct
1,4691.241,mp_oct
1,4691.5413,mp_oct
1,4691.8416,mp_oct
1,4692.142,mp_oct
1,4692.4422,mp_oct
1,4692.7426,mp_oct
1,4693.0429,mp_oct
1,4693.3432,mp_oct
1,4693.6436,mp_oct
1,4693.9439,mp_oct
1,4694.2443,mp_oct
1,4694.5446,mp_oct
1,4694.8449,mp_oct
1,4695.1452,mp_oct
1,4695.4456,mp_oct
1,4695.7459,mp_oct
1,4696.0462,mp_oct
1,4696.3466,mp_oct
1,4696.6469,mp_oct
1,4696.9473,mp_oct
1,4697.2476,mp_oct
1,4697.5479,mp_oct
1,4697.8482,mp_oct
1,4698.1486,mp_oct
1,4698.4489,mp_oct
1,4698.7492,mp_oct
1,4699.0495,mp_oct
1,4699.3498,mp_oct
1,4699.6502,mp_oct
1,4699.9504,mp_oct
1,4700.2508,mp_oct
1,4700.5511,mp_oct
1,4700.8515,mp_oct
1,4701.1518,mp_oct
1,4701.4522,mp_oct
1,4701.7525,mp_oct
1,4702.0529,mp_oct
1,4702.3532,mp_oct
1,4702.6535,mp_oct
1,4702.9538,mp_oct
1,4703.2541,mp_oct
1,4703.5544,mp_oct
1,4703.8548,mp_oct
1,4704.155,mp_oct
1,4704.4555,mp_oct
1,4704.7557,mp_oct
1,4705.0561,mp_oct
1,4705.3564,mp_oct
1,4705.6568,mp_oct
1,4705.9571,mp_oct
1,4706.2574,mp_oct
1,4706.5578,mp_oct
1,4706.8581,mp_oct
1,4707.1584,mp_oct
1,4707.4588,mp_oct
1,4707.7591,mp_oct
1,4708.0594,mp_oct
1,4708.3598,mp_oct
1,4708.6601,mp_oct
1,4708.9604,mp_oct
1,4709.2607,mp_oct
1,4709.5611,mp_oct
1,4709.8614,mp_oct
1,4710.1618,mp_oct
1,4710.462,mp_oct
1,4710.7625,mp_oct
1,4711.0628,mp_oct
1,4711.3631,mp_oct
1,4711.6634,mp_oct
1,4711.9638,mp_oct
1,4712.2641,mp_oct
1,4712.5644,mp_oct
1,4712.8647,mp_oct
1,4713.1651,mp_oct
1,4713.4654,mp_oct
1,4713.7657,mp_oct
1,4714.0661,mp_oct
1,4714.3663,mp_oct
1,4714.6667,mp_oct
1,4714.967,mp_oct
1,4715.2673,mp_oct
1,4715.5676,mp_oct
1,4715.868,mp_oct
1,4716.1683,mp_oct
1,4716.4686,mp_oct
1,4716.769,mp_oct
1,4717.0693,mp_oct
1,4717.3696,mp_oct
1,4717.67,mp_oct
1,4717.9703,mp_oct
1,4718.2706,mp_oct
1,4718.5709,mp_oct
1,4718.8712,mp_oct
1,4719.1717,mp_oct
1,4719.472,mp_oct
1,4719.7723,mp_oct
1,4720.0727,mp_oct
1,4720.373,mp_oct
1,4720.6733,mp_oct
1,4720.9737,mp_oct
1,4721.274,mp_oct
1,4721.5743,mp_oct
1,4721.8746,mp_oct
1,4722.175,mp_oct
1,4722.4753,mp_oct
1,4722.7756,mp_oct
1,4723.076,mp_oct
1,4723.3763,mp_oct
1,4723.6766,mp_oct
1,4723.9769,mp_oct
1,4724.2773,mp_oct
1,4724.5776,mp_oct
1,4724.8779,mp_oct
1,4725.1782,mp_oct
1,4725.4786,mp_oct
1,4725.7789,mp_oct
1,4726.0793,mp_oct
1,4726.3796,mp_oct
1,4726.6799,mp_oct
1,4726.9802,mp_oct
1,4727.2806,mp_oct
1,4727.5809,mp_oct
1,4727.8812,mp_oct
1,4728.1816,mp_oct
1,4728.4819,mp_oct
1,4728.7822,mp_oct
1,4729.0826,mp_oct
1,4729.3829,mp_oct
1,4729.6832,mp_oct
1,4729.9836,mp_oct
1,4730.2839,mp_oct
1,4730.5843,mp_oct
1,4730.8845,mp_oct
1,4731.1849,mp_oct
1,4731.4852,mp_oct
1,4731.7856,mp_oct
1,4732.0858,mp_oct
1,4732.3862,mp_oct
1,4732.6866,mp_oct
1,4732.9868,mp_oct
1,4733.2871,mp_oct
1,4733.5875,mp_oct
1,4733.8878,mp_oct
1,4734.1881,mp_oct
1,4734.4884,mp_oct
1,4734.7888,mp_oct
1,4735.0891,mp_oct
1,4735.3894,mp_oct
1,4735.6898,mp_oct
1,4735.9901,mp_oct
1,4736.2904,mp_oct
1,4736.5908,mp_oct
1,4736.8911,mp_oct
1,4737.1915,mp_oct
1,4737.4918,mp_oct
1,4737.7921,mp_oct
1,4738.0925,mp_oct
1,4738.3928,mp_oct
1,4738.6932,mp_oct
1,4738.9934,mp_oct
1,4739.2938,mp_oct
1,4739.594,mp_oct
1,4739.8944,mp_oct
1,4740.1947,mp_oct
1,4740.4951,mp_oct
1,4740.7954,mp_oct
1,4741.0957,mp_oct
1,4741.396,mp_oct
1,4741.6964,mp_oct
1,4741.9968,mp_oct
1,4742.2971,mp_oct
1,4742.5974,mp_oct
1,4742.8978,mp_oct
1,4743.1981,mp_oct
1,4743.4985,mp_oct
1,4743.7988,mp_oct
1,4744.0991,mp_oct
1,4744.3994,mp_oct
1,4744.6997,mp_oct
1,4745.0,mp_oct
1,4745.3004,mp_oct
1,4745.6007,mp_oct
1,4745.9011,mp_oct
1,4746.2014,mp_oct
1,4746.5017,mp_oct
1,4746.8021,mp_oct
1,4747.1023,mp_oct
1,4747.4028,mp_oct
1,4747.7031,mp_oct
1,4748.0034,mp_oct
1,4748.3037,mp_oct
1,4748.6041,mp_oct
1,4748.9044,mp_oct
1,4749.2047,mp_oct
1,4749.505,mp_oct
1,4749.8053,mp_oct
1,4750.1057,mp_oct
1,4750.406,mp_oct
1,4750.7063,mp_oct
1,4751.0067,mp_oct
1,4751.307,mp_oct
1,4751.6073,mp_oct
1,4751.9077,mp_oct
1,4752.208,mp_oct
1,4752.5128,mp_oct
1,4752.8131,mp_oct
1,4753.1134,mp_oct
1,4753.4138,mp_oct
1,4753.7141,mp_oct
1,4754.0144,mp_oct
1,4754.3148,mp_oct
1,4754.615,mp_oct
1,4754.9154,mp_oct
1,4755.2157,mp_oct
1,4755.516,mp_oct
1,4755.8163,mp_oct
1,4756.1167,mp_oct
1,4756.417,mp_oct
1,4756.7173,mp_oct
1,4757.0177,mp_oct
1,4757.318,mp_oct
1,4757.6183,mp_oct
1,4757.9187,mp_oct
1,4758.219,mp_oct
1,4758.5194,mp_oct
1,4758.8197,mp_oct
1,4759.12,mp_oct
1,4759.4203,mp_oct
1,4759.7206,mp_oct
1,4760.021,mp_oct
1,4760.3263,mp_oct
1,4760.6267,mp_oct
1,4760.927,mp_oct
1,4761.2273,mp_oct
1,4761.5276,mp_oct
1,4761.828,mp_oct
1,4762.1283,mp_oct
1,4762.4286,mp_oct
1,4762.729,mp_oct
1,4763.0293,mp_oct
1,4763.3296,mp_oct
1,4763.63,mp_oct
1,4763.9303,mp_oct
1,4764.2306,mp_oct
1,4764.5309,mp_oct
1,4764.8313,mp_oct
1,4765.1316,mp_oct
1,4765.432,mp_oct
1,4765.7323,mp_oct
1,4766.0326,mp_oct
1,4766.3329,mp_oct
1,4766.6332,mp_oct
1,4766.9336,mp_oct
1,4767.2339,mp_oct
1,4767.5343,mp_oct
1,4767.8346,mp_oct
1,4768.1349,mp_oct
1,4768.4352,mp_oct
1,4768.7356,mp_oct
1,4769.0358,mp_oct
1,4769.3363,mp_oct
1,4769.6365,mp_oct
1,4769.9369,mp_oct
1,4770.2372,mp_oct
1,4770.5375,mp_oct
1,4770.8379,mp_oct
1,4771.1382,mp_oct
1,4771.4386,mp_oct
1,4771.7389,mp_oct
1,4772.0392,mp_oct
1,4772.3395,mp_oct
1,4772.6399,mp_oct
1,4772.9402,mp_oct
1,4773.2405,mp_oct
1,4773.5409,mp_oct
1,4773.8412,mp_oct
1,4774.1415,mp_oct
1,4774.4419,mp_oct
1,4774.7422,mp_oct
1,4775.0425,mp_oct
1,4775.3428,mp_oct
1,4775.6432,mp_oct
1,4775.9435,mp_oct
1,4776.2438,mp_oct
1,4776.5442,mp_oct
1,4776.8445,mp_oct
1,4777.1448,mp_oct
1,4777.4451,mp_oct
1,4777.7454,mp_oct
1,4778.0458,mp_oct
1,4778.3461,mp_oct
1,4778.6465,mp_oct
1,4778.9468,mp_oct
1,4779.2471,mp_oct
1,4779.5474,mp_oct
1,4779.8478,mp_oct
1,4780.1482,mp_oct
1,4780.4484,mp_oct
1,4780.7488,mp_oct
1,4781.0491,mp_oct
1,4781.3495,mp_oct
1,4781.6498,mp_oct
1,4781.9501,mp_oct
1,4782.2504,mp_oct
1,4782.5508,mp_oct
1,4782.8511,mp_oct
1,4783.1515,mp_oct
1,4783.4518,mp_oct
1,4783.7521,mp_oct
1,4784.0524,mp_oct
1,4784.3528,mp_oct
1,4784.6531,mp_oct
1,4784.9534,mp_oct
1,4785.2538,mp_oct
1,4785.5541,mp_oct
1,4785.8544,mp_oct
1,4786.1548,mp_oct
1,4786.455,mp_oct
1,4786.7554,mp_oct
1,4787.0557,mp_oct
1,4787.356,mp_oct
1,4787.6564,mp_oct
1,4787.9568,mp_oct
1,4788.2571,mp_oct
1,4788.5573,mp_oct
1,4788.8628,mp_oct
1,4789.1688,mp_oct
1,4789.4691,mp_oct
1,4789.7694,mp_oct
1,4790.0698,mp_oct
1,4790.371,mp_oct
1,4790.6704,mp_oct
1,4790.9707,mp_oct
1,4791.351,mp_oct
1,4791.6514,mp_oct
1,4791.9517,mp_oct
1,4792.252,mp_oct
1,4792.5524,mp_oct
1,4792.8729,mp_oct
1,4793.1732,mp_oct
1,4793.5628,mp_oct
1,4793.8982,mp_oct
1,4794.2036,mp_oct
1,4794.5039,mp_oct
1,4794.8043,mp_oct
1,4795.1046,mp_oct
1,4795.4049,mp_oct
1,4795.7052,mp_oct
1,4796.0056,mp_oct
1,4796.3059,mp_oct
1,4796.6062,mp_oct
1,4796.9066,mp_oct
1,4797.2069,mp_oct
1,4797.5072,mp_oct
1,4797.8075,mp_oct
1,4798.1078,mp_oct
1,4798.4082,mp_oct
1,4798.7085,mp_oct
1,4799.0089,mp_oct
1,4799.3092,mp_oct
1,4799.6095,mp_oct
1,4799.9098,mp_oct
1,4800.2101,mp_oct
1,4800.5105,mp_oct
1,4800.8108,mp_oct
1,4801.1112,mp_oct
1,4801.4115,mp_oct
1,4801.7118,mp_oct
1,4802.0122,mp_oct
1,4802.3125,mp_oct
1,4802.6128,mp_oct
1,4802.9131,mp_oct
1,4803.2135,mp_oct
1,4803.5138,mp_oct
1,4803.8141,mp_oct
1,4804.1145,mp_oct
1,4804.4148,mp_oct
1,4804.7151,mp_oct
1,4805.0154,mp_oct
1,4805.3158,mp_oct
1,4805.6161,mp_oct
1,4805.9164,mp_oct
1,4806.2167,mp_oct
1,4806.5171,mp_oct
1,4806.8174,mp_oct
1,4807.1178,mp_oct
1,4807.418,mp_oct
1,4807.7184,mp_oct
1,4808.0187,mp_oct
1,4808.3191,mp_oct
1,4808.6194,mp_oct
1,4808.9948,mp_oct
1,4809.2951,mp_oct
1,4809.6605,mp_oct
1,4809.9916,mp_oct
1,4810.3012,mp_oct
1,4810.6924,mp_oct
1,4810.9928,mp_oct
1,4811.2931,mp_oct
1,4811.5934,mp_oct
1,4811.8937,mp_oct
1,4812.194,mp_oct
1,4812.4944,mp_oct
1,4812.7948,mp_oct
1,4813.0951,mp_oct
1,4813.3954,mp_oct
1,4813.6957,mp_oct
1,4813.996,mp_oct
1,4814.2964,mp_oct
1,4814.5966,mp_oct
1,4814.897,mp_oct
1,4815.1974,mp_oct
1,4815.4977,mp_oct
1,4815.798,mp_oct
1,4816.0984,mp_oct
1,4816.3987,mp_oct
1,4816.6991,mp_oct
1,4816.9993,mp_oct
1,4817.2997,mp_oct
1,4817.6,mp_oct
1,4817.9004,mp_oct
1,4818.2007,mp_oct
1,4818.501,mp_oct
1,4818.8013,mp_oct
1,4819.1017,mp_oct
1,4819.402,mp_oct
1,4819.7023,mp_oct
1,4820.0026,mp_oct
1,4820.303,mp_oct
1,4820.6033,mp_oct
1,4820.9036,mp_oct
1,4821.204,mp_oct
1,4821.5043,mp_oct
1,4821.8046,mp_oct
1,4822.1049,mp_oct
1,4822.4052,mp_oct
1,4822.7056,mp_oct
1,4823.0059,mp_oct
1,4823.3062,mp_oct
1,4823.6066,mp_oct
1,4823.9069,mp_oct
1,4824.2072,mp_oct
1,4824.5076,mp_oct
1,4824.8079,mp_oct
1,4825.1083,mp_oct
1,4825.4086,mp_oct
1,4825.7089,mp_oct
1,4826.0092,mp_oct
1,4826.3096,mp_oct
1,4826.6099,mp_oct
1,4826.9102,mp_oct
1,4827.2106,mp_oct
1,4827.5109,mp_oct
1,4827.8112,mp_oct
1,4828.1115,mp_oct
1,4828.4118,mp_oct
1,4828.7122,mp_oct
1,4829.0124,mp_oct
1,4829.3128,mp_oct
1,4829.6132,mp_oct
1,4829.9135,mp_oct
1,4830.2138,mp_oct
1,4830.5141,mp_oct
1,4830.8145,mp_oct
1,4831.1148,mp_oct
1,4831.4152,mp_oct
1,4831.7155,mp_oct
1,4832.0158,mp_oct
1,4832.3162,mp_oct
1,4832.6165,mp_oct
1,4832.9168,mp_oct
1,4833.2172,mp_oct
1,4833.5174,mp_oct
1,4833.8178,mp_oct
1,4834.1181,mp_oct
1,4834.4185,mp_oct
1,4834.7188,mp_oct
1,4835.0191,mp_oct
1,4835.3195,mp_oct
1,4835.6198,mp_oct
1,4835.9201,mp_oct
1,4836.2205,mp_oct
6,4836.5208,mp_oct
6,4836.8212,mp_oct
1,4837.1215,mp_oct
1,4837.4218,mp_oct
1,4837.7221,mp_oct
0,4838.0224,mp_oct
1,4838.3227,mp_oct
1,4838.6231,mp_oct
1,4838.9234,mp_oct
1,4839.2237,mp_oct
1,4839.524,mp_oct
1,4839.8244,mp_oct
1,4840.1247,mp_oct
1,4840.4251,mp_oct
1,4840.7253,mp_oct
1,4841.0257,mp_oct
1,4841.326,mp_oct
1,4841.6264,mp_oct
1,4841.9267,mp_oct
1,4842.2271,mp_oct
1,4842.5274,mp_oct
1,4842.8277,mp_oct
1,4843.1281,mp_oct
1,4843.4284,mp_oct
1,4843.7287,mp_oct
1,4844.0291,mp_oct
1,4844.3294,mp_oct
1,4844.6297,mp_oct
1,4844.93,mp_oct
1,4845.2304,mp_oct
1,4845.5307,mp_oct
1,4845.831,mp_oct
1,4846.1313,mp_oct
1,4846.4316,mp_oct
1,4846.732,mp_oct
1,4847.0323,mp_oct
1,4847.3326,mp_oct
1,4847.633,mp_oct
1,4847.9333,mp_oct
1,4848.2336,mp_oct
1,4848.534,mp_oct
1,4848.8344,mp_oct
1,4849.1347,mp_oct
1,4849.4349,mp_oct
1,4849.7353,mp_oct
1,4850.0356,mp_oct
1,4850.336,mp_oct
1,4850.6363,mp_oct
1,4850.9366,mp_oct
1,4851.237,mp_oct
1,4851.5372,mp_oct
1,4851.8376,mp_oct
1,4852.138,mp_oct
1,4852.4383,mp_oct
1,4852.7386,mp_oct
1,4853.0389,mp_oct
1,4853.3392,mp_oct
1,4853.6396,mp_oct
1,4853.9399,mp_oct
1,4854.2402,mp_oct
1,4854.5406,mp_oct
1,4854.8409,mp_oct
1,4855.1412,mp_oct
1,4855.4416,mp_oct
1,4855.742,mp_oct
1,4856.0422,mp_oct
1,4856.3426,mp_oct
1,4856.6429,mp_oct
1,4856.9432,mp_oct
1,4857.2435,mp_oct
1,4857.5439,mp_oct
1,4857.8442,mp_oct
1,4858.1445,mp_oct
1,4858.4448,mp_oct
1,4858.7452,mp_oct
1,4859.0455,mp_oct
1,4859.3458,mp_oct
1,4859.6461,mp_oct
1,4859.9465,mp_oct
1,4860.2469,mp_oct
1,4860.5472,mp_oct
1,4860.8475,mp_oct
1,4861.1479,mp_oct
1,4861.4482,mp_oct
1,4861.7485,mp_oct
1,4862.0488,mp_oct
1,4862.3492,mp_oct
1,4862.6537,mp_oct
1,4862.9591,mp_oct
1,4863.2594,mp_oct
1,4863.5597,mp_oct
1,4863.86,mp_oct
1,4864.1604,mp_oct
1,4864.4607,mp_oct
1,4864.7611,mp_oct
1,4865.0614,mp_oct
1,4865.3617,mp_oct
1,4865.662,mp_oct
1,4865.9623,mp_oct
1,4866.2627,mp_oct
1,4866.563,mp_oct
1,4866.8633,mp_oct
1,4867.1636,mp_oct
1,4867.464,mp_oct
1,4867.7643,mp_oct
1,4868.0646,mp_oct
1,4868.3649,mp_oct
1,4868.6653,mp_oct
1,4868.9657,mp_oct
0,4869.2766,mp_oct
0,4869.577,mp_oct
1,4869.8772,mp_oct
1,4870.1775,mp_oct
1,4870.4923,mp_oct
1,4870.7926,mp_oct
1,4871.093,mp_oct
1,4871.3933,mp_oct
1,4871.6936,mp_oct
1,4871.994,mp_oct
1,4872.2943,mp_oct
1,4872.6003,mp_oct
1,4872.905,mp_oct
0,4873.2053,mp_oct
0,4873.5057,mp_oct
0,4873.806,mp_oct
0,4874.1062,mp_oct
0,4874.4066,mp_oct
0,4874.7069,mp_oct
0,4875.0073,mp_oct
0,4875.3076,mp_oct
0,4875.608,mp_oct
0,4875.9083,mp_oct
0,4876.2086,mp_oct
0,4876.5089,mp_oct
0,4876.8093,mp_oct
0,4877.1096,mp_oct
0,4877.4099,mp_oct
0,4877.7102,mp_oct
0,4878.0106,mp_oct
0,4878.3109,mp_oct
0,4878.6112,mp_oct
1,4878.9116,mp_oct
1,4879.2119,mp_oct
1,4879.5122,mp_oct
1,4879.8125,mp_oct
1,4880.1128,mp_oct
1,4880.4132,mp_oct
1,4880.7136,mp_oct
1,4881.0139,mp_oct
1,4881.3142,mp_oct
1,4881.6145,mp_oct
1,4881.9148,mp_oct
1,4882.2152,mp_oct
1,4882.5155,mp_oct
1,4882.8158,mp_oct
1,4883.1162,mp_oct
1,4883.4165,mp_oct
1,4883.7168,mp_oct
1,4884.0172,mp_oct
1,4884.3175,mp_oct
1,4884.6178,mp_oct
1,4884.9181,mp_oct
1,4885.2185,mp_oct
1,4885.5188,mp_oct
1,4885.8191,mp_oct
1,4886.1195,mp_oct
1,4886.4197,mp_oct
1,4886.7201,mp_oct
1,4887.0204,mp_oct
1,4887.3208,mp_oct
1,4887.6211,mp_oct
1,4887.9214,mp_oct
1,4888.2217,mp_oct
1,4888.522,mp_oct
1,4888.8224,mp_oct
1,4889.1228,mp_oct
1,4889.4231,mp_oct
1,4889.7234,mp_oct
1,4890.0237,mp_oct
1,4890.3241,mp_oct
1,4890.6244,mp_oct
1,4890.9247,mp_oct
1,4891.2251,mp_oct
1,4891.5253,mp_oct
1,4891.8257,mp_oct
1,4892.126,mp_oct
1,4892.4263,mp_oct
1,4892.7267,mp_oct
1,4893.027,mp_oct
1,4893.3274,mp_oct
1,4893.6276,mp_oct
1,4893.928,mp_oct
1,4894.2284,mp_oct
1,4894.5287,mp_oct
1,4894.8289,mp_oct
1,4895.1293,mp_oct
1,4895.4297,mp_oct
1,4895.73,mp_oct
1,4896.0303,mp_oct
1,4896.3306,mp_oct
1,4896.6309,mp_oct
1,4896.9313,mp_oct
1,4897.2316,mp_oct
1,4897.532,mp_oct
1,4897.8324,mp_oct
1,4898.1326,mp_oct
1,4898.433,mp_oct
1,4898.7333,mp_oct
1,4899.0336,mp_oct
1,4899.3339,mp_oct
1,4899.6343,mp_oct
1,4899.9346,mp_oct
1,4900.235,mp_oct
1,4900.5352,mp_oct
1,4900.8356,mp_oct
1,4901.136,mp_oct
1,4901.4362,mp_oct
1,4901.7365,mp_oct
1,4902.0369,mp_oct
1,4902.3372,mp_oct
1,4902.6576,mp_oct
1,4902.9579,mp_oct
1,4903.2583,mp_oct
1,4903.5586,mp_oct
1,4903.8589,mp_oct
1,4904.1592,mp_oct
1,4904.4596,mp_oct
1,4904.7599,mp_oct
1,4905.0602,mp_oct
1,4905.3606,mp_oct
1,4905.6609,mp_oct
1,4905.9612,mp_oct
1,4906.2615,mp_oct
1,4906.5619,mp_oct
1,4906.8622,mp_oct
1,4907.1626,mp_oct
1,4907.4628,mp_oct
1,4907.7632,mp_oct
1,4908.0635,mp_oct
1,4908.3638,mp_oct
1,4908.6642,mp_oct
1,4908.9645,mp_oct
1,4909.2648,mp_oct
1,4909.5652,mp_oct
1,4909.8655,mp_oct
1,4910.1658,mp_oct
1,4910.4662,mp_oct
1,4910.7665,mp_oct
1,4911.0668,mp_oct
1,4911.3671,mp_oct
1,4911.6675,mp_oct
1,4911.9678,mp_oct
1,4912.2682,mp_oct
1,4912.5685,mp_oct
1,4912.8688,mp_oct
1,4913.1691,mp_oct
1,4913.4695,mp_oct
1,4913.7698,mp_oct
1,4914.0701,mp_oct
1,4914.3705,mp_oct
1,4914.6708,mp_oct
1,4914.9711,mp_oct
1,4915.2714,mp_oct
1,4915.5718,mp_oct
1,4915.8721,mp_oct
1,4916.1724,mp_oct
1,4916.4727,mp_oct
1,4916.7731,mp_oct
1,4917.0734,mp_oct
1,4917.3738,mp_oct
1,4917.6741,mp_oct
1,4917.9744,mp_oct
1,4918.2748,mp_oct
1,4918.5751,mp_oct
1,4918.8754,mp_oct
1,4919.1757,mp_oct
1,4919.4761,mp_oct
1,4919.7764,mp_oct
1,4920.0767,mp_oct
1,4920.377,mp_oct
1,4920.6774,mp_oct
1,4920.9777,mp_oct
1,4921.278,mp_oct
1,4921.5784,mp_oct
1,4921.8787,mp_oct
1,4922.179,mp_oct
1,4922.4794,mp_oct
1,4922.7847,mp_oct
1,4923.085,mp_oct
1,4923.3854,mp_oct
1,4923.6857,mp_oct
1,4923.986,mp_oct
1,4924.2863,mp_oct
1,4924.5867,mp_oct
1,4924.887,mp_oct
1,4925.1873,mp_oct
1,4925.4876,mp_oct
1,4925.7879,mp_oct
1,4926.0884,mp_oct
1,4926.3887,mp_oct
1,4926.6889,mp_oct
1,4926.9893,mp_oct
1,4927.2896,mp_oct
1,4927.59,mp_oct
1,4927.8903,mp_oct
1,4928.1906,mp_oct
1,4928.4909,mp_oct
1,4928.7913,mp_oct
1,4929.0916,mp_oct
1,4929.3919,mp_oct
1,4929.6923,mp_oct
1,4929.9926,mp_oct
1,4930.2929,mp_oct
1,4930.5933,mp_oct
1,4930.8936,mp_oct
1,4931.194,mp_oct
1,4931.4942,mp_oct
1,4931.7946,mp_oct
1,4932.0949,mp_oct
1,4932.3952,mp_oct
1,4932.7006,mp_oct
1,4933.0009,mp_oct
1,4933.3012,mp_oct
1,4933.6015,mp_oct
1,4933.9019,mp_oct
1,4934.2022,mp_oct
1,4934.5025,mp_oct
1,4934.8028,mp_oct
1,4935.1032,mp_oct
1,4935.4044,mp_oct
1,4935.7039,mp_oct
1,4936.0042,mp_oct
1,4936.3195,mp_oct
1,4936.6198,mp_oct
1,4936.9202,mp_oct
1,4937.2205,mp_oct
1,4937.5209,mp_oct
1,4937.8212,mp_oct
1,4938.1323,mp_oct
1,4938.4326,mp_oct
1,4938.7329,mp_oct
1,4939.0333,mp_oct
1,4939.3336,mp_oct
1,4939.634,mp_oct
1,4939.9343,mp_oct
1,4940.2346,mp_oct
1,4940.5349,mp_oct
1,4940.8353,mp_oct
1,4941.1356,mp_oct
1,4941.4359,mp_oct
1,4941.7362,mp_oct
1,4942.0365,mp_oct
1,4942.3368,mp_oct
1,4942.6372,mp_oct
1,4942.9375,mp_oct
1,4943.2378,mp_oct
1,4943.5381,mp_oct
1,4943.8385,mp_oct
1,4944.1389,mp_oct
1,4944.4391,mp_oct
1,4944.7395,mp_oct
1,4945.0398,mp_oct
1,4945.3402,mp_oct
1,4945.6405,mp_oct
1,4945.9408,mp_oct
1,4946.2412,mp_oct
1,4946.5415,mp_oct
1,4946.8418,mp_oct
1,4947.1421,mp_oct
1,4947.4424,mp_oct
1,4947.7428,mp_oct
1,4948.0431,mp_oct
1,4948.3434,mp_oct
1,4948.6438,mp_oct
1,4948.9441,mp_oct
1,4949.2444,mp_oct
1,4949.5448,mp_oct
1,4949.8451,mp_oct
1,4950.1455,mp_oct
1,4950.4458,mp_oct
1,4950.7461,mp_oct
1,4951.0465,mp_oct
1,4951.3468,mp_oct
1,4951.6471,mp_oct
1,4951.9474,mp_oct
1,4952.2478,mp_oct
1,4952.5481,mp_oct
1,4952.8484,mp_oct
1,4953.1487,mp_oct
1,4953.4491,mp_oct
1,4953.7494,mp_oct
1,4954.0497,mp_oct
1,4954.35,mp_oct
1,4954.6504,mp_oct
1,4954.9507,mp_oct
1,4955.2511,mp_oct
1,4955.5514,mp_oct
1,4955.8517,mp_oct
1,4956.152,mp_oct
1,4956.4524,mp_oct
1,4956.7527,mp_oct
1,4957.053,mp_oct
1,4957.3533,mp_oct
1,4957.6537,mp_oct
1,4957.954,mp_oct
1,4958.2543,mp_oct
1,4958.5546,mp_oct
1,4958.855,mp_oct
1,4959.1553,mp_oct
1,4959.4556,mp_oct
1,4959.7559,mp_oct
1,4960.0563,mp_oct
1,4960.3565,mp_oct
1,4960.6569,mp_oct
1,4960.9573,mp_oct
1,4961.2576,mp_oct
1,4961.5579,mp_oct
1,4961.8582,mp_oct
1,4962.1586,mp_oct
1,4962.4588,mp_oct
1,4962.7592,mp_oct
1,4963.0596,mp_oct
1,4963.3599,mp_oct
1,4963.6603,mp_oct
1,4963.9748,mp_oct
1,4964.2752,mp_oct
1,4964.5754,mp_oct
1,4964.8757,mp_oct
1,4965.1761,mp_oct
1,4965.4765,mp_oct
1,4965.7768,mp_oct
1,4966.077,mp_oct
1,4966.3775,mp_oct
1,4966.6778,mp_oct
1,4966.9781,mp_oct
1,4967.2784,mp_oct
1,4967.5787,mp_oct
1,4967.8791,mp_oct
1,4968.1794,mp_oct
1,4968.4797,mp_oct
1,4968.7801,mp_oct
1,4969.086,mp_oct
1,4969.3864,mp_oct
1,4969.6867,mp_oct
1,4969.987,mp_oct
1,4970.2873,mp_oct
1,4970.5877,mp_oct
1,4970.888,mp_oct
1,4971.1884,mp_oct
1,4971.4886,mp_oct
1,4971.7889,mp_oct
1,4972.0892,mp_oct
1,4972.3896,mp_oct
1,4972.6899,mp_oct
1,4972.9903,mp_oct
1,4973.2906,mp_oct
1,4973.5909,mp_oct
1,4973.8913,mp_oct
1,4974.1917,mp_oct
1,4974.4919,mp_oct
1,4974.7923,mp_oct
1,4975.0926,mp_oct
1,4975.393,mp_oct
1,4975.6932,mp_oct
1,4975.9936,mp_oct
1,4976.2939,mp_oct
1,4976.5942,mp_oct
1,4976.8946,mp_oct
1,4977.1949,mp_oct
1,4977.4952,mp_oct
1,4977.7956,mp_oct
1,4978.0959,mp_oct
1,4978.3962,mp_oct
1,4978.6965,mp_oct
1,4978.9969,mp_oct
1,4979.2972,mp_oct
1,4979.5976,mp_oct
1,4979.8979,mp_oct
1,4980.1982,mp_oct
1,4980.4985,mp_oct
1,4980.7988,mp_oct
1,4981.0991,mp_oct
1,4981.3995,mp_oct
1,4981.6998,mp_oct
1,4982.0002,mp_oct
1,4982.3005,mp_oct
1,4982.6008,mp_oct
1,4982.9012,mp_oct
1,4983.2015,mp_oct
1,4983.5018,mp_oct
1,4983.8021,mp_oct
1,4984.1025,mp_oct
1,4984.4028,mp_oct
1,4984.7031,mp_oct
1,4985.0035,mp_oct
1,4985.3038,mp_oct
1,4985.605,mp_oct
1,4985.9044,mp_oct
1,4986.2047,mp_oct
1,4986.5051,mp_oct
1,4986.8053,mp_oct
1,4987.1057,mp_oct
1,4987.406,mp_oct
1,4987.7064,mp_oct
1,4988.0067,mp_oct
1,4988.307,mp_oct
1,4988.6074,mp_oct
1,4988.9077,mp_oct
1,4989.2081,mp_oct
1,4989.5084,mp_oct
1,4989.8087,mp_oct
1,4990.1091,mp_oct
1,4990.4093,mp_oct
1,4990.7097,mp_oct
1,4991.01,mp_oct
1,4991.3104,mp_oct
1,4991.6107,mp_oct
1,4991.9111,mp_oct
1,4992.2114,mp_oct
1,4992.5116,mp_oct
1,4992.8164,mp_oct
1,4993.1167,mp_oct
1,4993.4171,mp_oct
1,4993.7174,mp_oct
1,4994.0178,mp_oct
1,4994.3181,mp_oct
1,4994.6184,mp_oct
1,4994.9187,mp_oct
1,4995.219,mp_oct
1,4995.5194,mp_oct
1,4995.8197,mp_oct
1,4996.12,mp_oct
1,4996.4204,mp_oct
1,4996.7207,mp_oct
1,4997.021,mp_oct
1,4997.3213,mp_oct
1,4997.6217,mp_oct
1,4997.922,mp_oct
1,4998.2223,mp_oct
1,4998.5227,mp_oct
1,4998.823,mp_oct
1,4999.1233,mp_oct
1,4999.4236,mp_oct
1,4999.724,mp_oct
1,5000.0244,mp_oct
1,5000.3247,mp_oct
1,5000.63,mp_oct
1,5000.9304,mp_oct
1,5001.2307,mp_oct
1,5001.531,mp_oct
1,5001.8313,mp_oct
1,5002.1317,mp_oct
1,5002.4319,mp_oct
1,5002.7323,mp_oct
1,5003.0327,mp_oct
1,5003.333,mp_oct
1,5003.6333,mp_oct
1,5003.9337,mp_oct
1,5004.234,mp_oct
1,5004.5343,mp_oct
1,5004.8346,mp_oct
1,5005.135,mp_oct
1,5005.4353,mp_oct
1,5005.7356,mp_oct
1,5006.036,mp_oct
1,5006.3363,mp_oct
1,5006.6366,mp_oct
1,5006.9369,mp_oct
1,5007.2373,mp_oct
1,5007.5377,mp_oct
1,5007.838,mp_oct
1,5008.1383,mp_oct
1,5008.4386,mp_oct
1,5008.7389,mp_oct
1,5009.0392,mp_oct
1,5009.3396,mp_oct
1,5009.6399,mp_oct
1,5009.9402,mp_oct
1,5010.2406,mp_oct
1,5010.541,mp_oct
1,5010.8412,mp_oct
1,5011.1416,mp_oct
1,5011.4419,mp_oct
1,5011.7422,mp_oct
1,5012.0426,mp_oct
1,5012.3429,mp_oct
1,5012.6432,mp_oct
1,5012.9435,mp_oct
1,5013.2439,mp_oct
1,5013.5442,mp_oct
1,5013.8445,mp_oct
1,5014.1449,mp_oct
1,5014.4452,mp_oct
1,5014.7455,mp_oct
1,5015.0459,mp_oct
1,5015.3462,mp_oct
1,5015.6465,mp_oct
1,5015.9469,mp_oct
1,5016.2472,mp_oct
1,5016.5475,mp_oct
1,5016.8478,mp_oct
1,5017.1482,mp_oct
1,5017.4485,mp_oct
1,5017.7488,mp_oct
1,5018.0492,mp_oct
1,5018.3495,mp_oct
1,5018.6498,mp_oct
1,5018.9501,mp_oct
1,5019.2505,mp_oct
1,5019.5508,mp_oct
1,5019.8511,mp_oct
1,5020.1515,mp_oct
1,5020.4518,mp_oct
1,5020.7522,mp_oct
1,5021.0524,mp_oct
1,5021.3528,mp_oct
1,5021.6681,mp_oct
1,5021.9684,mp_oct
1,5022.2688,mp_oct
1,5022.5691,mp_oct
1,5022.8694,mp_oct
1,5023.1698,mp_oct
1,5023.4701,mp_oct
1,5023.7704,mp_oct
1,5024.0708,mp_oct
1,5024.3711,mp_oct
1,5024.6714,mp_oct
1,5024.9718,mp_oct
1,5025.2721,mp_oct
1,5025.5724,mp_oct
1,5025.8728,mp_oct
1,5026.1731,mp_oct
1,5026.4734,mp_oct
1,5026.7738,mp_oct
1,5027.074,mp_oct
1,5027.3744,mp_oct
1,5027.6747,mp_oct
1,5027.975,mp_oct
1,5028.2754,mp_oct
1,5028.5757,mp_oct
1,5028.8761,mp_oct
1,5029.1764,mp_oct
1,5029.4767,mp_oct
1,5029.777,mp_oct
1,5030.0774,mp_oct
1,5030.3777,mp_oct
1,5030.678,mp_oct
1,5030.9784,mp_oct
1,5031.2787,mp_oct
1,5031.579,mp_oct
1,5031.8794,mp_oct
1,5032.1797,mp_oct
1,5032.4801,mp_oct
1,5032.7804,mp_oct
1,5033.0806,mp_oct
1,5033.381,mp_oct
1,5033.6813,mp_oct
1,5033.9916,mp_oct
1,5034.292,mp_oct
1,5034.5924,mp_oct
1,5034.8927,mp_oct
1,5035.193,mp_oct
1,5035.4934,mp_oct
1,5035.7936,mp_oct
1,5036.094,mp_oct
1,5036.3943,mp_oct
1,5036.6947,mp_oct
1,5036.995,mp_oct
1,5037.2953,mp_oct
1,5037.5957,mp_oct
1,5037.896,mp_oct
1,5038.1963,mp_oct
1,5038.4967,mp_oct
1,5038.797,mp_oct
1,5039.0973,mp_oct
1,5039.3976,mp_oct
1,5039.698,mp_oct
1,5039.9983,mp_oct
1,5040.2986,mp_oct
1,5040.5989,mp_oct
1,5040.8993,mp_oct
1,5041.1996,mp_oct
1,5041.5,mp_oct
1,5041.8003,mp_oct
1,5042.1006,mp_oct
1,5042.401,mp_oct
1,5042.7012,mp_oct
1,5043.0016,mp_oct
1,5043.3019,mp_oct
1,5043.6023,mp_oct
1,5043.9026,mp_oct
1,5044.2029,mp_oct
1,5044.5033,mp_oct
1,5044.9092,mp_oct
1,5045.2096,mp_oct
1,5045.51,mp_oct
1,5045.8103,mp_oct
1,5046.1251,mp_oct
1,5046.4309,mp_oct
1,5046.7313,mp_oct
1,5047.0316,mp_oct
1,5047.3319,mp_oct
1,5047.6323,mp_oct
1,5047.9326,mp_oct
1,5048.2329,mp_oct
1,5048.5332,mp_oct
1,5048.8336,mp_oct
1,5049.134,mp_oct
1,5049.4342,mp_oct
1,5049.7346,mp_oct
1,5050.0349,mp_oct
1,5050.3353,mp_oct
1,5050.6355,mp_oct
1,5050.9359,mp_oct
1,5051.2362,mp_oct
1,5051.5366,mp_oct
1,5051.8369,mp_oct
1,5052.1372,mp_oct
1,5052.4376,mp_oct
1,5052.7422,mp_oct
1,5053.0426,mp_oct
1,5053.3429,mp_oct
1,5053.6433,mp_oct
1,5053.9436,mp_oct
1,5054.2439,mp_oct
1,5054.5443,mp_oct
1,5054.8446,mp_oct
1,5055.1499,mp_oct
1,5055.4502,mp_oct
1,5055.7506,mp_oct
1,5056.0509,mp_oct
1,5056.3512,mp_oct
1,5056.6516,mp_oct
1,5056.952,mp_oct
1,5057.2522,mp_oct
1,5057.5525,mp_oct
1,5057.8529,mp_oct
1,5058.1533,mp_oct
1,5058.4536,mp_oct
1,5058.7539,mp_oct
1,5059.0542,mp_oct
1,5059.3596,mp_oct
1,5059.6598,mp_oct
1,5059.9602,mp_oct
1,5060.2605,mp_oct
1,5060.5666,mp_oct
1,5060.867,mp_oct
1,5061.1674,mp_oct
1,5061.4676,mp_oct
1,5061.768,mp_oct
1,5062.0683,mp_oct
1,5062.3686,mp_oct
1,5062.6689,mp_oct
1,5062.9693,mp_oct
1,5063.2697,mp_oct
1,5063.5699,mp_oct
1,5063.8702,mp_oct
1,5064.1706,mp_oct
1,5064.4709,mp_oct
1,5064.7713,mp_oct
1,5065.0716,mp_oct
1,5065.3719,mp_oct
1,5065.6723,mp_oct
1,5065.9725,mp_oct
1,5066.2729,mp_oct
1,5066.5732,mp_oct
1,5066.8736,mp_oct
1,5067.1739,mp_oct
1,5067.4741,mp_oct
1,5067.7745,mp_oct
1,5068.0748,mp_oct
1,5068.3752,mp_oct
1,5068.6756,mp_oct
1,5068.9759,mp_oct
1,5069.2762,mp_oct
1,5069.5765,mp_oct
1,5069.8769,mp_oct
1,5070.1772,mp_oct
1,5070.4775,mp_oct
1,5070.7778,mp_oct
1,5071.0782,mp_oct
1,5071.3785,mp_oct
1,5071.6788,mp_oct
1,5071.9792,mp_oct
1,5072.2795,mp_oct
1,5072.5798,mp_oct
1,5072.8802,mp_oct
1,5073.1804,mp_oct
1,5073.4808,mp_oct
1,5073.7812,mp_oct
1,5074.0814,mp_oct
1,5074.3817,mp_oct
1,5074.6821,mp_oct
1,5074.9824,mp_oct
1,5075.2828,mp_oct
1,5075.5831,mp_oct
1,5075.8835,mp_oct
1,5076.1837,mp_oct
1,5076.4841,mp_oct
1,5076.7844,mp_oct
1,5077.0848,mp_oct
1,5077.3851,mp_oct
1,5077.6854,mp_oct
1,5078.0056,mp_oct
1,5078.3059,mp_oct
1,5078.6063,mp_oct
1,5078.9066,mp_oct
1,5079.2069,mp_oct
1,5079.5073,mp_oct
1,5079.8076,mp_oct
1,5080.1079,mp_oct
1,5080.4083,mp_oct
1,5080.7086,mp_oct
1,5081.0089,mp_oct
1,5081.3092,mp_oct
1,5081.6096,mp_oct
1,5081.9099,mp_oct
1,5082.2102,mp_oct
1,5082.5105,mp_oct
1,5082.8108,mp_oct
1,5083.1112,mp_oct
1,5083.4116,mp_oct
1,5083.7119,mp_oct
1,5084.0122,mp_oct
1,5084.3126,mp_oct
1,5084.613,mp_oct
1,5084.9133,mp_oct
1,5085.2136,mp_oct
1,5085.5139,mp_oct
1,5085.8142,mp_oct
1,5086.1145,mp_oct
1,5086.4149,mp_oct
1,5086.7152,mp_oct
1,5087.0155,mp_oct
1,5087.3158,mp_oct
1,5087.6161,mp_oct
1,5087.9165,mp_oct
1,5088.2168,mp_oct
1,5088.5172,mp_oct
1,5088.8175,mp_oct
1,5089.1178,mp_oct
1,5089.4181,mp_oct
1,5089.7185,mp_oct
1,5090.0188,mp_oct
1,5090.3192,mp_oct
1,5090.6194,mp_oct
1,5090.9198,mp_oct
1,5091.2201,mp_oct
1,5091.5205,mp_oct
1,5091.8208,mp_oct
1,5092.1211,mp_oct
1,5092.4215,mp_oct
1,5092.7217,mp_oct
1,5093.022,mp_oct
1,5093.3224,mp_oct
1,5093.6227,mp_oct
1,5093.923,mp_oct
1,5094.2234,mp_oct
1,5094.5237,mp_oct
1,5094.824,mp_oct
1,5095.1244,mp_oct
1,5095.4247,mp_oct
1,5095.7251,mp_oct
1,5096.0253,mp_oct
1,5096.3258,mp_oct
1,5096.6261,mp_oct
1,5096.9264,mp_oct
1,5097.2267,mp_oct
1,5097.527,mp_oct
1,5097.8274,mp_oct
1,5098.1277,mp_oct
1,5098.428,mp_oct
1,5098.7283,mp_oct
1,5099.0286,mp_oct
1,5099.329,mp_oct
1,5099.6294,mp_oct
1,5099.9296,mp_oct
1,5100.2299,mp_oct
1,5100.5303,mp_oct
1,5100.8306,mp_oct
1,5101.1309,mp_oct
1,5101.4313,mp_oct
1,5101.7317,mp_oct
1,5102.032,mp_oct
1,5102.3323,mp_oct
1,5102.6326,mp_oct
1,5102.9329,mp_oct
1,5103.2333,mp_oct
1,5103.5336,mp_oct
1,5103.8339,mp_oct
1,5104.1343,mp_oct
1,5104.4346,mp_oct
1,5104.7349,mp_oct
1,5105.0352,mp_oct
1,5105.3356,mp_oct
1,5105.636,mp_oct
1,5105.9363,mp_oct
1,5106.2366,mp_oct
1,5106.537,mp_oct
1,5106.8372,mp_oct
1,5107.1376,mp_oct
1,5107.4379,mp_oct
1,5107.7382,mp_oct
1,5108.0386,mp_oct
1,5108.3389,mp_oct
1,5108.6393,mp_oct
1,5108.9395,mp_oct
1,5109.2399,mp_oct
1,5109.5402,mp_oct
1,5109.8405,mp_oct
1,5110.1409,mp_oct
1,5110.4412,mp_oct
1,5110.7415,mp_oct
1,5111.0419,mp_oct
1,5111.3422,mp_oct
1,5111.6425,mp_oct
1,5111.9428,mp_oct
1,5112.2432,mp_oct
1,5112.5529,mp_oct
1,5112.8532,mp_oct
1,5113.1536,mp_oct
1,5113.4539,mp_oct
1,5113.7542,mp_oct
1,5114.0546,mp_oct
1,5114.3548,mp_oct
1,5114.6552,mp_oct
1,5114.9555,mp_oct
1,5115.2559,mp_oct
1,5115.5562,mp_oct
1,5115.8566,mp_oct
1,5116.1569,mp_oct
1,5116.4572,mp_oct
1,5116.7575,mp_oct
1,5117.0628,mp_oct
1,5117.3632,mp_oct
1,5117.6635,mp_oct
1,5117.9638,mp_oct
1,5118.2642,mp_oct
1,5118.5645,mp_oct
1,5118.8649,mp_oct
1,5119.1652,mp_oct
1,5119.4655,mp_oct
1,5119.7658,mp_oct
1,5120.0661,mp_oct
1,5120.3721,mp_oct
1,5120.6724,mp_oct
1,5120.9727,mp_oct
1,5121.2731,mp_oct
1,5121.5734,mp_oct
1,5121.8737,mp_oct
1,5122.1741,mp_oct
1,5122.4744,mp_oct
1,5122.7748,mp_oct
1,5123.075,mp_oct
1,5123.3754,mp_oct
1,5123.6757,mp_oct
1,5123.9761,mp_oct
1,5124.2764,mp_oct
1,5124.5767,mp_oct
1,5124.8771,mp_oct
1,5125.1773,mp_oct
1,5125.4777,mp_oct
1,5125.778,mp_oct
1,5126.0783,mp_oct
1,5126.3787,mp_oct
1,5126.679,mp_oct
1,5126.9794,mp_oct
1,5127.2797,mp_oct
1,5127.58,mp_oct
1,5127.8804,mp_oct
1,5128.1807,mp_oct
1,5128.481,mp_oct
1,5128.7813,mp_oct
1,5129.0817,mp_oct
1,5129.382,mp_oct
1,5129.6823,mp_oct
1,5129.9827,mp_oct
1,5130.283,mp_oct
1,5130.5833,mp_oct
1,5130.8836,mp_oct
1,5131.184,mp_oct
1,5131.4843,mp_oct
1,5131.7846,mp_oct
1,5132.0849,mp_oct
1,5132.3852,mp_oct
1,5132.6856,mp_oct
1,5132.9859,mp_oct
1,5133.2862,mp_oct
1,5133.5866,mp_oct
1,5133.8869,mp_oct
1,5134.1872,mp_oct
1,5134.4876,mp_oct
1,5134.7879,mp_oct
1,5135.0883,mp_oct
1,5135.3885,mp_oct
1,5135.6889,mp_oct
1,5135.9892,mp_oct
1,5136.2896,mp_oct
1,5136.5899,mp_oct
1,5136.8902,mp_oct
1,5137.1905,mp_oct
1,5137.4908,mp_oct
1,5137.7911,mp_oct
1,5138.0915,mp_oct
1,5138.3919,mp_oct
1,5138.6922,mp_oct
1,5138.9925,mp_oct
1,5139.2929,mp_oct
1,5139.5931,mp_oct
1,5139.8935,mp_oct
1,5140.1938,mp_oct
1,5140.4941,mp_oct
1,5140.7944,mp_oct
1,5141.0948,mp_oct
1,5141.3951,mp_oct
1,5141.6954,mp_oct
1,5141.9958,mp_oct
1,5142.2961,mp_oct
1,5142.5964,mp_oct
1,5142.8967,mp_oct
1,5143.1971,mp_oct
1,5143.4974,mp_oct
1,5143.7977,mp_oct
1,5144.0981,mp_oct
1,5144.3984,mp_oct
1,5144.6988,mp_oct
1,5144.9991,mp_oct
1,5145.2994,mp_oct
1,5145.5997,mp_oct
1,5145.9001,mp_oct
1,5146.2004,mp_oct
1,5146.5007,mp_oct
1,5146.8011,mp_oct
1,5147.1014,mp_oct
1,5147.4017,mp_oct
1,5147.702,mp_oct
1,5148.0024,mp_oct
1,5148.3027,mp_oct
1,5148.603,mp_oct
1,5148.9077,mp_oct
1,5149.208,mp_oct
1,5149.5083,mp_oct
1,5149.8087,mp_oct
1,5150.109,mp_oct
1,5150.4093,mp_oct
1,5150.7097,mp_oct
1,5151.01,mp_oct
1,5151.3104,mp_oct
1,5151.6107,mp_oct
1,5151.911,mp_oct
1,5152.2113,mp_oct
1,5152.5116,mp_oct
1,5152.812,mp_oct
1,5153.1124,mp_oct
1,5153.4126,mp_oct
1,5153.713,mp_oct
1,5154.0133,mp_oct
1,5154.3136,mp_oct
1,5154.614,mp_oct
1,5154.9143,mp_oct
1,5155.2146,mp_oct
1,5155.5149,mp_oct
1,5155.8152,mp_oct
1,5156.1156,mp_oct
1,5156.4159,mp_oct
1,5156.7163,mp_oct
1,5157.0166,mp_oct
1,5157.317,mp_oct
1,5157.6172,mp_oct
1,5157.9175,mp_oct
1,5158.2179,mp_oct
1,5158.5182,mp_oct
1,5158.8186,mp_oct
1,5159.1188,mp_oct
1,5159.4192,mp_oct
1,5159.7195,mp_oct
1,5160.0199,mp_oct
1,5160.3202,mp_oct
1,5160.6205,mp_oct
1,5160.9209,mp_oct
1,5161.2212,mp_oct
1,5161.5215,mp_oct
1,5161.8218,mp_oct
1,5162.1221,mp_oct
1,5162.4225,mp_oct
1,5162.7228,mp_oct
1,5163.0231,mp_oct
1,5163.3235,mp_oct
1,5163.6238,mp_oct
1,5163.9241,mp_oct
1,5164.2244,mp_oct
1,5164.5248,mp_oct
1,5164.8251,mp_oct
1,5165.1255,mp_oct
1,5165.4258,mp_oct
1,5165.7261,mp_oct
1,5166.0264,mp_oct
1,5166.3268,mp_oct
1,5166.6271,mp_oct
1,5166.9274,mp_oct
1,5167.2278,mp_oct
1,5167.5281,mp_oct
1,5167.8284,mp_oct
1,5168.1287,mp_oct
1,5168.4291,mp_oct
1,5168.7294,mp_oct
1,5169.0297,mp_oct
1,5169.33,mp_oct
1,5169.6304,mp_oct
1,5169.9307,mp_oct
1,5170.231,mp_oct
1,5170.5313,mp_oct
1,5170.8316,mp_oct
1,5171.132,mp_oct
1,5171.4323,mp_oct
1,5171.7326,mp_oct
1,5172.033,mp_oct
1,5172.3333,mp_oct
1,5172.6387,mp_oct
1,5172.939,mp_oct
1,5173.2393,mp_oct
1,5173.5396,mp_oct
1,5173.84,mp_oct
1,5174.1403,mp_oct
1,5174.4406,mp_oct
1,5174.741,mp_oct
1,5175.0413,mp_oct
1,5175.3416,mp_oct
1,5175.642,mp_oct
1,5175.9423,mp_oct
1,5176.2476,mp_oct
1,5176.5479,mp_oct
1,5176.8483,mp_oct
1,5177.1486,mp_oct
1,5177.4489,mp_oct
1,5177.7492,mp_oct
1,5178.0496,mp_oct
1,5178.35,mp_oct
1,5178.6502,mp_oct
1,5178.9505,mp_oct
1,5179.2509,mp_oct
1,5179.5512,mp_oct
1,5179.8515,mp_oct
1,5180.1519,mp_oct
1,5180.4522,mp_oct
1,5180.7525,mp_oct
1,5181.0529,mp_oct
1,5181.3532,mp_oct
1,5181.6535,mp_oct
1,5181.9538,mp_oct
1,5182.2542,mp_oct
1,5182.5545,mp_oct
1,5182.8548,mp_oct
1,5183.1552,mp_oct
1,5183.4555,mp_oct
1,5183.7558,mp_oct
1,5184.0617,mp_oct
1,5184.362,mp_oct
1,5184.6624,mp_oct
1,5184.9627,mp_oct
1,5185.263,mp_oct
1,5185.5634,mp_oct
1,5185.8637,mp_oct
1,5186.1641,mp_oct
1,5186.4644,mp_oct
1,5186.7647,mp_oct
1,5187.0651,mp_oct
1,5187.3654,mp_oct
1,5187.6657,mp_oct
1,5187.966,mp_oct
1,5188.2664,mp_oct
1,5188.5667,mp_oct
1,5188.867,mp_oct
1,5189.1674,mp_oct
1,5189.4677,mp_oct
1,5189.768,mp_oct
1,5190.0683,mp_oct
1,5190.3687,mp_oct
1,5190.669,mp_oct
1,5190.9693,mp_oct
1,5191.2697,mp_oct
1,5191.57,mp_oct
1,5191.8703,mp_oct
1,5192.1707,mp_oct
1,5192.471,mp_oct
1,5192.7713,mp_oct
1,5193.0716,mp_oct
1,5193.372,mp_oct
1,5193.6723,mp_oct
1,5193.9725,mp_oct
1,5194.2729,mp_oct
1,5194.5732,mp_oct
1,5194.8736,mp_oct
1,5195.174,mp_oct
1,5195.4742,mp_oct
1,5195.7746,mp_oct
1,5196.0749,mp_oct
1,5196.3752,mp_oct
1,5196.6755,mp_oct
1,5196.9759,mp_oct
1,5197.2762,mp_oct
1,5197.5765,mp_oct
1,5197.8769,mp_oct
1,5198.1772,mp_oct
1,5198.4775,mp_oct
1,5198.7778,mp_oct
1,5199.0782,mp_oct
1,5199.3786,mp_oct
1,5199.6788,mp_oct
1,5199.9791,mp_oct
1,5200.2795,mp_oct
1,5200.5798,mp_oct
1,5200.8801,mp_oct
1,5201.1805,mp_oct
1,5201.4808,mp_oct
1,5201.7811,mp_oct
1,5202.0815,mp_oct
1,5202.3818,mp_oct
1,5202.6822,mp_oct
1,5202.9824,mp_oct
1,5203.2828,mp_oct
1,5203.5831,mp_oct
1,5203.8835,mp_oct
1,5204.1837,mp_oct
1,5204.4841,mp_oct
1,5204.7844,mp_oct
1,5205.0848,mp_oct
1,5205.3851,mp_oct
1,5205.6854,mp_oct
1,5205.9858,mp_oct
1,5206.2861,mp_oct
1,5206.5864,mp_oct
1,5206.8867,mp_oct
1,5207.187,mp_oct
1,5207.4874,mp_oct
1,5207.7877,mp_oct
1,5208.088,mp_oct
1,5208.3884,mp_oct
1,5208.6887,mp_oct
1,5208.9891,mp_oct
1,5209.2894,mp_oct
1,5209.5897,mp_oct
1,5209.89,mp_oct
1,5210.1903,mp_oct
1,5210.4907,mp_oct
1,5210.791,mp_oct
1,5211.0913,mp_oct
1,5211.3917,mp_oct
1,5211.692,mp_oct
1,5211.9923,mp_oct
1,5212.2927,mp_oct
1,5212.593,mp_oct
1,5212.8933,mp_oct
1,5213.1936,mp_oct
1,5213.494,mp_oct
1,5213.7943,mp_oct
1,5214.0946,mp_oct
1,5214.3949,mp_oct
1,5214.6953,mp_oct
1,5214.9956,mp_oct
1,5215.2959,mp_oct
1,5215.5963,mp_oct
1,5215.8966,mp_oct
1,5216.197,mp_oct
1,5216.4972,mp_oct
1,5216.7976,mp_oct
1,5217.0979,mp_oct
1,5217.3982,mp_oct
1,5217.6986,mp_oct
1,5217.9988,mp_oct
1,5218.2992,mp_oct
1,5218.5995,mp_oct
1,5218.8999,mp_oct
1,5219.2002,mp_oct
1,5219.5005,mp_oct
1,5219.8009,mp_oct
1,5220.1011,mp_oct
1,5220.4016,mp_oct
1,5220.7018,mp_oct
1,5221.0022,mp_oct
1,5221.3026,mp_oct
1,5221.6028,mp_oct
1,5221.9032,mp_oct
1,5222.2035,mp_oct
1,5222.5038,mp_oct
1,5222.8042,mp_oct
1,5223.1045,mp_oct
1,5223.4048,mp_oct
1,5223.7051,mp_oct
1,5224.0054,mp_oct
1,5224.3057,mp_oct
1,5224.6061,mp_oct
1,5224.9064,mp_oct
1,5225.2067,mp_oct
1,5225.5071,mp_oct
1,5225.8074,mp_oct
1,5226.1077,mp_oct
1,5226.4081,mp_oct
1,5226.7084,mp_oct
1,5227.0087,mp_oct
1,5227.3091,mp_oct
1,5227.6094,mp_oct
1,5227.9098,mp_oct
1,5228.2101,mp_oct
1,5228.5103,mp_oct
1,5228.8107,mp_oct
1,5229.1111,mp_oct
1,5229.4114,mp_oct
1,5229.7116,mp_oct
1,5230.0121,mp_oct
1,5230.3124,mp_oct
1,5230.6127,mp_oct
1,5230.913,mp_oct
1,5231.2133,mp_oct
1,5231.5137,mp_oct
1,5231.814,mp_oct
1,5232.1143,mp_oct
1,5232.4146,mp_oct
1,5232.7149,mp_oct
1,5233.0153,mp_oct
1,5233.3157,mp_oct
1,5233.616,mp_oct
1,5233.9163,mp_oct
1,5234.2166,mp_oct
1,5234.517,mp_oct
1,5234.8173,mp_oct
1,5235.1176,mp_oct
1,5235.418,mp_oct
1,5235.7182,mp_oct
1,5236.0186,mp_oct
1,5236.3189,mp_oct
1,5236.6192,mp_oct
1,5236.9196,mp_oct
1,5237.2199,mp_oct
1,5237.5202,mp_oct
1,5237.8205,mp_oct
1,5238.1209,mp_oct
1,5238.4212,mp_oct
1,5238.7216,mp_oct
1,5239.0218,mp_oct
1,5239.3222,mp_oct
1,5239.6226,mp_oct
1,5239.9229,mp_oct
1,5240.2232,mp_oct
1,5240.5235,mp_oct
1,5240.8238,mp_oct
1,5241.1242,mp_oct
1,5241.4244,mp_oct
1,5241.7248,mp_oct
1,5242.0252,mp_oct
1,5242.3255,mp_oct
1,5242.6258,mp_oct
1,5242.9261,mp_oct
1,5243.2265,mp_oct
1,5243.5268,mp_oct
1,5243.8271,mp_oct
1,5244.1275,mp_oct
1,5244.4278,mp_oct
1,5244.7281,mp_oct
1,5245.0284,mp_oct
1,5245.3288,mp_oct
1,5245.6291,mp_oct
1,5245.9294,mp_oct
1,5246.2297,mp_oct
1,5246.53,mp_oct
1,5246.8304,mp_oct
1,5247.1307,mp_oct
1,5247.4311,mp_oct
1,5247.7315,mp_oct
1,5248.0317,mp_oct
1,5248.3321,mp_oct
1,5248.6324,mp_oct
1,5248.9327,mp_oct
1,5249.233,mp_oct
1,5249.5334,mp_oct
1,5249.8337,mp_oct
1,5250.134,mp_oct
1,5250.4344,mp_oct
1,5250.7347,mp_oct
1,5251.035,mp_oct
1,5251.3353,mp_oct
1,5251.6356,mp_oct
1,5251.936,mp_oct
1,5252.2363,mp_oct
1,5252.5367,mp_oct
1,5252.8369,mp_oct
1,5253.1373,mp_oct
1,5253.4376,mp_oct
1,5253.7379,mp_oct
1,5254.0382,mp_oct
1,5254.3386,mp_oct
1,5254.6389,mp_oct
1,5254.9393,mp_oct
1,5255.2396,mp_oct
1,5255.5399,mp_oct
1,5255.8402,mp_oct
1,5256.1406,mp_oct
1,5256.4409,mp_oct
1,5256.7412,mp_oct
1,5257.0416,mp_oct
1,5257.342,mp_oct
1,5257.6422,mp_oct
1,5257.9426,mp_oct
1,5258.2429,mp_oct
1,5258.5432,mp_oct
1,5258.8436,mp_oct
1,5259.1439,mp_oct
1,5259.4442,mp_oct
1,5259.7445,mp_oct
1,5260.0593,mp_oct
1,5260.3596,mp_oct
1,5260.66,mp_oct
1,5260.9603,mp_oct
1,5261.2606,mp_oct
1,5261.5609,mp_oct
1,5261.8613,mp_oct
1,5262.1616,mp_oct
1,5262.462,mp_oct
1,5262.7623,mp_oct
1,5263.0626,mp_oct
1,5263.3629,mp_oct
1,5263.6633,mp_oct
1,5263.9636,mp_oct
1,5264.2639,mp_oct
1,5264.5643,mp_oct
1,5264.8645,mp_oct
1,5265.1649,mp_oct
1,5265.4652,mp_oct
1,5265.7656,mp_oct
1,5266.0658,mp_oct
1,5266.3662,mp_oct
1,5266.6666,mp_oct
1,5266.9668,mp_oct
1,5267.2672,mp_oct
1,5267.5675,mp_oct
1,5267.8678,mp_oct
1,5268.1682,mp_oct
1,5268.4685,mp_oct
1,5268.7688,mp_oct
1,5269.0692,mp_oct
1,5269.3695,mp_oct
1,5269.6699,mp_oct
1,5269.9701,mp_oct
1,5270.2704,mp_oct
1,5270.5708,mp_oct
1,5270.8712,mp_oct
1,5271.1715,mp_oct
1,5271.4717,mp_oct
1,5271.7721,mp_oct
1,5272.0724,mp_oct
1,5272.3728,mp_oct
1,5272.6732,mp_oct
1,5272.9734,mp_oct
1,5273.2738,mp_oct
1,5273.5741,mp_oct
1,5273.8745,mp_oct
1,5274.1748,mp_oct
1,5274.4751,mp_oct
1,5274.7755,mp_oct
1,5275.0757,mp_oct
1,5275.3761,mp_oct
1,5275.6764,mp_oct
1,5275.9768,mp_oct
1,5276.277,mp_oct
1,5276.5774,mp_oct
1,5276.8777,mp_oct
1,5277.1781,mp_oct
1,5277.4784,mp_oct
1,5277.7787,mp_oct
1,5278.079,mp_oct
1,5278.3793,mp_oct
1,5278.6797,mp_oct
1,5278.9801,mp_oct
1,5279.2804,mp_oct
1,5279.5807,mp_oct
1,5279.881,mp_oct
1,5280.1814,mp_oct
1,5280.4816,mp_oct
1,5280.782,mp_oct
1,5281.0823,mp_oct
1,5281.3827,mp_oct
1,5281.683,mp_oct
1,5281.9833,mp_oct
1,5282.2836,mp_oct
1,5282.584,mp_oct
1,5282.8843,mp_oct
1,5283.1847,mp_oct
1,5283.485,mp_oct
1,5283.7853,mp_oct
1,5284.0856,mp_oct
1,5284.386,mp_oct
1,5284.6863,mp_oct
1,5284.9866,mp_oct
1,5285.2869,mp_oct
1,5285.5873,mp_oct
1,5285.8876,mp_oct
1,5286.1879,mp_oct
1,5286.4883,mp_oct
1,5286.7886,mp_oct
1,5287.0889,mp_oct
1,5287.3892,mp_oct
1,5287.6896,mp_oct
1,5287.9899,mp_oct
1,5288.2902,mp_oct
1,5288.5906,mp_oct
1,5288.8909,mp_oct
6,5289.1912,mp_oct
1,5289.4916,mp_oct
1,5289.7919,mp_oct
1,5290.0922,mp_oct
1,5290.3925,mp_oct
1,5290.6928,mp_oct
1,5290.9932,mp_oct
1,5291.2935,mp_oct
1,5291.5939,mp_oct
1,5291.8942,mp_oct
1,5292.1945,mp_oct
1,5292.4948,mp_oct
1,5292.7952,mp_oct
1,5293.0955,mp_oct
1,5293.3958,mp_oct
1,5293.6962,mp_oct
1,5293.9965,mp_oct
1,5294.2968,mp_oct
1,5294.5971,mp_oct
1,5294.8974,mp_oct
1,5295.1978,mp_oct
1,5295.4982,mp_oct
1,5295.7985,mp_oct
1,5296.0988,mp_oct
1,5296.3991,mp_oct
1,5296.6995,mp_oct
1,5296.9998,mp_oct
1,5297.3001,mp_oct
1,5297.6004,mp_oct
1,5297.9008,mp_oct
1,5298.2011,mp_oct
1,5298.5014,mp_oct
1,5298.8018,mp_oct
1,5299.1021,mp_oct
1,5299.4024,mp_oct
1,5299.7027,mp_oct
1,5300.0031,mp_oct
1,5300.3034,mp_oct
1,5300.6037,mp_oct
1,5300.904,mp_oct
1,5301.2044,mp_oct
1,5301.5047,mp_oct
1,5301.8051,mp_oct
1,5302.1054,mp_oct
1,5302.4057,mp_oct
1,5302.706,mp_oct
1,5303.0064,mp_oct
1,5303.3067,mp_oct
1,5303.607,mp_oct
1,5303.9074,mp_oct
1,5304.2076,mp_oct
1,5304.508,mp_oct
1,5304.8084,mp_oct
1,5305.1095,mp_oct
1,5305.409,mp_oct
1,5305.7093,mp_oct
1,5306.0096,mp_oct
1,5306.31,mp_oct
1,5306.6103,mp_oct
1,5306.9106,mp_oct
1,5307.211,mp_oct
1,5307.5113,mp_oct
1,5307.8116,mp_oct
1,5308.112,mp_oct
1,5308.4123,mp_oct
1,5308.7125,mp_oct
1,5309.0129,mp_oct
1,5309.3133,mp_oct
1,5309.6136,mp_oct
1,5309.914,mp_oct
1,5310.2143,mp_oct
1,5310.5146,mp_oct
1,5310.8149,mp_oct
1,5311.1152,mp_oct
1,5311.4156,mp_oct
1,5311.7159,mp_oct
1,5312.0162,mp_oct
1,5312.3165,mp_oct
1,5312.6169,mp_oct
1,5312.9172,mp_oct
1,5313.2176,mp_oct
1,5313.5179,mp_oct
1,5313.8182,mp_oct
1,5314.1185,mp_oct
1,5314.4189,mp_oct
1,5314.7192,mp_oct
1,5315.0195,mp_oct
1,5315.3199,mp_oct
1,5315.6202,mp_oct
1,5315.9205,mp_oct
1,5316.2208,mp_oct
1,5316.5212,mp_oct
1,5316.8215,mp_oct
1,5317.1218,mp_oct
1,5317.4221,mp_oct
1,5317.7225,mp_oct
1,5318.0228,mp_oct
1,5318.3231,mp_oct
1,5318.6235,mp_oct
1,5318.9238,mp_oct
1,5319.2242,mp_oct
1,5319.5245,mp_oct
1,5319.8249,mp_oct
1,5320.1252,mp_oct
1,5320.4555,mp_oct
1,5320.7558,mp_oct
1,5321.0562,mp_oct
1,5321.3565,mp_oct
1,5321.6568,mp_oct
1,5321.9572,mp_oct
1,5322.2575,mp_oct
1,5322.5578,mp_oct
1,5322.8582,mp_oct
1,5323.1585,mp_oct
1,5323.4588,mp_oct
1,5323.7591,mp_oct
1,5324.0595,mp_oct
1,5324.3598,mp_oct
1,5324.6601,mp_oct
1,5324.9604,mp_oct
1,5325.2607,mp_oct
1,5325.5611,mp_oct
1,5325.8614,mp_oct
1,5326.1617,mp_oct
1,5326.4621,mp_oct
1,5326.7624,mp_oct
1,5327.0627,mp_oct
1,5327.3631,mp_oct
1,5327.6634,mp_oct
1,5327.9637,mp_oct
1,5328.264,mp_oct
1,5328.5644,mp_oct
1,5328.8647,mp_oct
1,5329.165,mp_oct
1,5329.4654,mp_oct
1,5329.7657,mp_oct
1,5330.066,mp_oct
1,5330.3664,mp_oct
1,5330.6667,mp_oct
1,5330.967,mp_oct
1,5331.2674,mp_oct
1,5331.5677,mp_oct
1,5331.868,mp_oct
1,5332.1684,mp_oct
1,5332.4686,mp_oct
1,5332.769,mp_oct
1,5333.0693,mp_oct
1,5333.3696,mp_oct
1,5333.67,mp_oct
1,5333.9703,mp_oct
1,5334.2706,mp_oct
1,5334.571,mp_oct
1,5334.8713,mp_oct
1,5335.1716,mp_oct
1,5335.472,mp_oct
1,5335.7722,mp_oct
1,5336.0727,mp_oct
1,5336.3729,mp_oct
1,5336.6733,mp_oct
1,5336.9737,mp_oct
1,5337.274,mp_oct
1,5337.5743,mp_oct
1,5337.8746,mp_oct
1,5338.1749,mp_oct
1,5338.4753,mp_oct
1,5338.7756,mp_oct
1,5339.0759,mp_oct
1,5339.3763,mp_oct
1,5339.6765,mp_oct
1,5339.9769,mp_oct
1,5340.2772,mp_oct
1,5340.5775,mp_oct
1,5340.8779,mp_oct
1,5341.1782,mp_oct
1,5341.4786,mp_oct
1,5341.7788,mp_oct
1,5342.0793,mp_oct
1,5342.3796,mp_oct
1,5342.6799,mp_oct
1,5342.9802,mp_oct
1,5343.2805,mp_oct
1,5343.5809,mp_oct
1,5343.8812,mp_oct
1,5344.1815,mp_oct
1,5344.4819,mp_oct
1,5344.7822,mp_oct
1,5345.0825,mp_oct
1,5345.3828,mp_oct
1,5345.6831,mp_oct
1,5345.9835,mp_oct
1,5346.2838,mp_oct
1,5346.5841,mp_oct
1,5346.8845,mp_oct
1,5347.1848,mp_oct
1,5347.4852,mp_oct
1,5347.7855,mp_oct
1,5348.0859,mp_oct
1,5348.3861,mp_oct
1,5348.6865,mp_oct
1,5348.9868,mp_oct
1,5349.2872,mp_oct
1,5349.5874,mp_oct
1,5349.8878,mp_oct
1,5350.1882,mp_oct
1,5350.4885,mp_oct
1,5350.7888,mp_oct
1,5351.0891,mp_oct
1,5351.3894,mp_oct
1,5351.6898,mp_oct
1,5351.9901,mp_oct
1,5352.2904,mp_oct
1,5352.5958,mp_oct
1,5352.8961,mp_oct
1,5353.1964,mp_oct
1,5353.4967,mp_oct
1,5353.797,mp_oct
1,5354.0974,mp_oct
1,5354.3977,mp_oct
1,5354.698,mp_oct
1,5354.9984,mp_oct
1,5355.2987,mp_oct
1,5355.599,mp_oct
1,5355.8993,mp_oct
1,5356.2047,mp_oct
1,5356.5051,mp_oct
1,5356.8054,mp_oct
1,5357.1057,mp_oct
1,5357.4461,mp_oct
1,5357.8121,mp_oct
1,5358.1124,mp_oct
1,5358.4472,mp_oct
1,5358.7475,mp_oct
1,5359.0478,mp_oct
1,5359.3482,mp_oct
1,5359.6484,mp_oct
1,5359.9488,mp_oct
1,5360.2492,mp_oct
1,5360.5603,mp_oct
1,5360.8598,mp_oct
1,5361.1601,mp_oct
1,5361.4604,mp_oct
1,5361.7609,mp_oct
1,5362.0612,mp_oct
1,5362.3615,mp_oct
1,5362.6618,mp_oct
1,5362.9621,mp_oct
1,5363.2625,mp_oct
1,5363.5628,mp_oct
1,5363.8631,mp_oct
1,5364.1684,mp_oct
1,5364.4688,mp_oct
1,5364.7691,mp_oct
14,5365.0694,mp_oct
1,5365.3698,mp_oct
1,5365.6701,mp_oct
1,5365.9704,mp_oct
1,5366.2708,mp_oct
1,5366.5711,mp_oct
1,5366.8714,mp_oct
1,5367.1718,mp_oct
1,5367.4721,mp_oct
1,5367.7724,mp_oct
1,5368.0727,mp_oct
1,5368.3731,mp_oct
1,5368.6734,mp_oct
1,5368.9737,mp_oct
1,5369.274,mp_oct
1,5369.5744,mp_oct
1,5369.8747,mp_oct
1,5370.175,mp_oct
1,5370.4753,mp_oct
1,5370.7757,mp_oct
1,5371.076,mp_oct
1,5371.3763,mp_oct
1,5371.6767,mp_oct
1,5371.977,mp_oct
1,5372.2773,mp_oct
1,5372.5777,mp_oct
1,5372.878,mp_oct
1,5373.1784,mp_oct
1,5373.4787,mp_oct
1,5373.779,mp_oct
1,5374.0794,mp_oct
1,5374.3796,mp_oct
1,5374.68,mp_oct
1,5374.9803,mp_oct
1,5375.2806,mp_oct
1,5375.5809,mp_oct
1,5375.8813,mp_oct
1,5376.1816,mp_oct
1,5376.4819,mp_oct
1,5376.7823,mp_oct
1,5377.0827,mp_oct
1,5377.3829,mp_oct
1,5377.6833,mp_oct
1,5377.9836,mp_oct
1,5378.2839,mp_oct
1,5378.5842,mp_oct
1,5378.8846,mp_oct
1,5379.185,mp_oct
1,5379.4852,mp_oct
1,5379.7856,mp_oct
1,5380.0859,mp_oct
1,5380.3862,mp_oct
1,5380.6866,mp_oct
1,5380.9868,mp_oct
1,5381.2872,mp_oct
1,5381.5876,mp_oct
1,5381.8879,mp_oct
1,5382.1882,mp_oct
1,5382.4885,mp_oct
1,5382.789,mp_oct
1,5383.0892,mp_oct
1,5383.3895,mp_oct
1,5383.6899,mp_oct
1,5383.9902,mp_oct
1,5384.2905,mp_oct
1,5384.5909,mp_oct
1,5384.8912,mp_oct
1,5385.1915,mp_oct
1,5385.4918,mp_oct
1,5385.7922,mp_oct
1,5386.0925,mp_oct
1,5386.3928,mp_oct
1,5386.6932,mp_oct
1,5386.9935,mp_oct
1,5387.2938,mp_oct
1,5387.5941,mp_oct
1,5387.8945,mp_oct
1,5388.1948,mp_oct
1,5388.4952,mp_oct
1,5388.7955,mp_oct
1,5389.0958,mp_oct
1,5389.3962,mp_oct
1,5389.6965,mp_oct
1,5389.9968,mp_oct
1,5390.2971,mp_oct
1,5390.5975,mp_oct
1,5390.8978,mp_oct
1,5391.1981,mp_oct
1,5391.4985,mp_oct
1,5391.7988,mp_oct
1,5392.099,mp_oct
1,5392.3995,mp_oct
1,5392.6998,mp_oct
1,5393.0001,mp_oct
1,5393.3004,mp_oct
1,5393.6007,mp_oct
1,5393.9011,mp_oct
1,5394.2014,mp_oct
1,5394.5017,mp_oct
1,5394.802,mp_oct
1,5395.1024,mp_oct
1,5395.4027,mp_oct
1,5395.703,mp_oct
1,5396.0034,mp_oct
1,5396.3037,mp_oct
1,5396.6041,mp_oct
1,5396.9044,mp_oct
1,5397.2047,mp_oct
1,5397.505,mp_oct
1,5397.8054,mp_oct
1,5398.1057,mp_oct
1,5398.406,mp_oct
1,5398.7064,mp_oct
1,5399.0067,mp_oct
1,5399.307,mp_oct
1,5399.6074,mp_oct
1,5399.9077,mp_oct
1,5400.208,mp_oct
1,5400.5084,mp_oct
1,5400.8087,mp_oct
1,5401.109,mp_oct
1,5401.4093,mp_oct
1,5401.7096,mp_oct
1,5402.01,mp_oct
1,5402.3103,mp_oct
1,5402.6106,mp_oct
1,5402.911,mp_oct
1,5403.2113,mp_oct
1,5403.5116,mp_oct
1,5403.812,mp_oct
1,5404.1123,mp_oct
1,5404.4126,mp_oct
1,5404.713,mp_oct
1,5405.0133,mp_oct
1,5405.3136,mp_oct
1,5405.614,mp_oct
1,5405.9143,mp_oct
1,5406.2196,mp_oct
1,5406.6,mp_oct
1,5406.9004,mp_oct
1,5407.2007,mp_oct
1,5407.501,mp_oct
1,5407.8013,mp_oct
1,5408.1017,mp_oct
1,5408.402,mp_oct
1,5408.7023,mp_oct
1,5409.0027,mp_oct
1,5409.303,mp_oct
1,5409.6033,mp_oct
1,5409.9036,mp_oct
1,5410.204,mp_oct
1,5410.5043,mp_oct
1,5410.8047,mp_oct
1,5411.105,mp_oct
1,5411.4053,mp_oct
1,5411.7056,mp_oct
1,5412.006,mp_oct
1,5412.3063,mp_oct
1,5412.6123,mp_oct
1,5412.917,mp_oct
1,5413.2173,mp_oct
1,5413.5176,mp_oct
1,5413.818,mp_oct
1,5414.1183,mp_oct
1,5414.4186,mp_oct
1,5414.7189,mp_oct
1,5415.0193,mp_oct
1,5415.3196,mp_oct
1,5415.6199,mp_oct
1,5415.9202,mp_oct
1,5416.2206,mp_oct
1,5416.5209,mp_oct
1,5416.8212,mp_oct
1,5417.1216,mp_oct
1,5417.4219,mp_oct
1,5417.7222,mp_oct
1,5418.0226,mp_oct
1,5418.3229,mp_oct
1,5418.6232,mp_oct
1,5418.9236,mp_oct
1,5419.2239,mp_oct
1,5419.5242,mp_oct
1,5419.8246,mp_oct
1,5420.1249,mp_oct
1,5420.4302,mp_oct
1,5420.7306,mp_oct
1,5421.0308,mp_oct
1,5421.3312,mp_oct
1,5421.6316,mp_oct
1,5421.9319,mp_oct
1,5422.2322,mp_oct
1,5422.5325,mp_oct
1,5422.8329,mp_oct
1,5423.1332,mp_oct
1,5423.4335,mp_oct
1,5423.7339,mp_oct
1,5424.0341,mp_oct
1,5424.3345,mp_oct
1,5424.6348,mp_oct
1,5424.9352,mp_oct
1,5425.2355,mp_oct
1,5425.5358,mp_oct
1,5425.8362,mp_oct
1,5426.1365,mp_oct
1,5426.4368,mp_oct
1,5426.7372,mp_oct
1,5427.0375,mp_oct
1,5427.3378,mp_oct
1,5427.6381,mp_oct
1,5427.9384,mp_oct
1,5428.2388,mp_oct
1,5428.5391,mp_oct
1,5428.8394,mp_oct
1,5429.1398,mp_oct
1,5429.4401,mp_oct
1,5429.7404,mp_oct
1,5430.0408,mp_oct
1,5430.3411,mp_oct
1,5430.6414,mp_oct
1,5430.9417,mp_oct
1,5431.242,mp_oct
1,5431.5424,mp_oct
1,5431.8427,mp_oct
1,5432.143,mp_oct
1,5432.4434,mp_oct
1,5432.7437,mp_oct
1,5433.0441,mp_oct
1,5433.3443,mp_oct
1,5433.6447,mp_oct
1,5433.945,mp_oct
1,5434.2454,mp_oct
1,5434.5457,mp_oct
1,5434.846,mp_oct
1,5435.1463,mp_oct
1,5435.4467,mp_oct
1,5435.747,mp_oct
1,5436.0474,mp_oct
1,5436.3476,mp_oct
1,5436.648,mp_oct
1,5436.9483,mp_oct
1,5437.2486,mp_oct
1,5437.549,mp_oct
1,5437.8493,mp_oct
1,5438.1497,mp_oct
1,5438.45,mp_oct
1,5438.7503,mp_oct
1,5439.0506,mp_oct
1,5439.351,mp_oct
1,5439.6513,mp_oct
1,5439.9516,mp_oct
1,5440.252,mp_oct
1,5440.5523,mp_oct
1,5440.8526,mp_oct
1,5441.1529,mp_oct
1,5441.4533,mp_oct
1,5441.7536,mp_oct
1,5442.054,mp_oct
1,5442.3542,mp_oct
1,5442.6546,mp_oct
1,5442.9549,mp_oct
1,5443.2553,mp_oct
1,5443.5556,mp_oct
1,5443.8559,mp_oct
1,5444.1562,mp_oct
1,5444.4566,mp_oct
1,5444.7568,mp_oct
1,5445.0572,mp_oct
1,5445.3576,mp_oct
1,5445.6579,mp_oct
1,5445.9582,mp_oct
1,5446.2586,mp_oct
1,5446.5588,mp_oct
1,5446.8592,mp_oct
1,5447.1595,mp_oct
1,5447.4598,mp_oct
1,5447.7602,mp_oct
1,5448.0605,mp_oct
1,5448.3608,mp_oct
1,5448.6612,mp_oct
1,5448.9615,mp_oct
1,5449.2618,mp_oct
1,5449.5622,mp_oct
1,5449.8625,mp_oct
1,5450.1628,mp_oct
1,5450.4632,mp_oct
1,5450.7636,mp_oct
1,5451.0638,mp_oct
1,5451.3642,mp_oct
1,5451.6644,mp_oct
1,5451.9648,mp_oct
1,5452.2652,mp_oct
1,5452.5705,mp_oct
1,5452.8708,mp_oct
1,5453.1711,mp_oct
1,5453.4715,mp_oct
1,5453.7718,mp_oct
1,5454.0721,mp_oct
1,5454.3725,mp_oct
1,5454.6727,mp_oct
1,5454.9731,mp_oct
1,5455.2734,mp_oct
1,5455.5738,mp_oct
1,5455.8741,mp_oct
1,5456.1744,mp_oct
1,5456.4748,mp_oct
1,5456.7751,mp_oct
1,5457.0754,mp_oct
1,5457.3757,mp_oct
1,5457.6761,mp_oct
1,5457.9764,mp_oct
1,5458.2767,mp_oct
1,5458.5771,mp_oct
1,5458.8774,mp_oct
1,5459.1776,mp_oct
1,5459.478,mp_oct
1,5459.7783,mp_oct
1,5460.0787,mp_oct
1,5460.379,mp_oct
1,5460.6794,mp_oct
1,5460.9797,mp_oct
1,5461.28,mp_oct
1,5461.5804,mp_oct
1,5461.8807,mp_oct
1,5462.181,mp_oct
1,5462.4813,mp_oct
1,5462.7816,mp_oct
1,5463.0819,mp_oct
1,5463.3823,mp_oct
1,5463.6827,mp_oct
1,5463.9829,mp_oct
1,5464.2833,mp_oct
1,5464.5836,mp_oct
1,5464.884,mp_oct
1,5465.1843,mp_oct
1,5465.4846,mp_oct
1,5465.785,mp_oct
1,5466.0853,mp_oct
1,5466.3857,mp_oct
1,5466.686,mp_oct
1,5466.9862,mp_oct
1,5467.2866,mp_oct
1,5467.5869,mp_oct
1,5467.8873,mp_oct
1,5468.1876,mp_oct
1,5468.4879,mp_oct
1,5468.7883,mp_oct
1,5469.0886,mp_oct
1,5469.3889,mp_oct
1,5469.6892,mp_oct
1,5469.9896,mp_oct
1,5470.2899,mp_oct
1,5470.5902,mp_oct
1,5470.8906,mp_oct
1,5471.1908,mp_oct
1,5471.4912,mp_oct
1,5471.7915,mp_oct
1,5472.0918,mp_oct
1,5472.3922,mp_oct
1,5472.6925,mp_oct
1,5472.9928,mp_oct
1,5473.2932,mp_oct
1,5473.5935,mp_oct
1,5473.8938,mp_oct
1,5474.1941,mp_oct
1,5474.4945,mp_oct
1,5474.7948,mp_oct
1,5475.0951,mp_oct
1,5475.3955,mp_oct
1,5475.6957,mp_oct
1,5475.9961,mp_oct
1,5476.2964,mp_oct
1,5476.5968,mp_oct
1,5476.8971,mp_oct
1,5477.1974,mp_oct
1,5477.4977,mp_oct
1,5477.7981,mp_oct
15,5478.0984,mp_oct
0,5478.3987,mp_oct
0,5478.699,mp_oct
14,5478.9994,mp_oct
1,5479.2997,mp_oct
1,5479.6001,mp_oct
1,5479.9004,mp_oct
1,5480.2006,mp_oct
1,5480.501,mp_oct
1,5480.8013,mp_oct
1,5481.1016,mp_oct
1,5481.402,mp_oct
1,5481.7023,mp_oct
1,5482.0027,mp_oct
1,5482.303,mp_oct
1,5482.6033,mp_oct
1,5482.9036,mp_oct
1,5483.204,mp_oct
1,5483.5043,mp_oct
1,5483.8047,mp_oct
1,5484.105,mp_oct
1,5484.4052,mp_oct
1,5484.7056,mp_oct
1,5485.006,mp_oct
1,5485.3062,mp_oct
1,5485.6066,mp_oct
1,5485.9069,mp_oct
1,5486.2073,mp_oct
1,5486.5076,mp_oct
1,5486.8079,mp_oct
1,5487.1082,mp_oct
1,5487.4085,mp_oct
1,5487.7088,mp_oct
1,5488.0092,mp_oct
1,5488.3096,mp_oct
1,5488.6099,mp_oct
1,5488.9102,mp_oct
1,5489.2106,mp_oct
1,5489.5109,mp_oct
1,5489.8112,mp_oct
1,5490.1115,mp_oct
1,5490.4118,mp_oct
1,5490.7122,mp_oct
1,5491.0125,mp_oct
1,5491.3128,mp_oct
1,5491.6132,mp_oct
1,5491.9135,mp_oct
1,5492.2138,mp_oct
1,5492.5142,mp_oct
1,5492.8145,mp_oct
1,5493.1148,mp_oct
1,5493.4152,mp_oct
1,5493.7154,mp_oct
1,5494.0158,mp_oct
1,5494.3162,mp_oct
1,5494.6164,mp_oct
1,5494.9168,mp_oct
1,5495.2171,mp_oct
1,5495.5174,mp_oct
1,5495.8178,mp_oct
1,5496.1181,mp_oct
1,5496.4184,mp_oct
1,5496.7187,mp_oct
1,5497.019,mp_oct
1,5497.3194,mp_oct
1,5497.6197,mp_oct
1,5497.9201,mp_oct
1,5498.2204,mp_oct
1,5498.5207,mp_oct
1,5498.821,mp_oct
1,5499.1214,mp_oct
1,5499.4217,mp_oct
1,5499.722,mp_oct
1,5500.0223,mp_oct
1,5500.3226,mp_oct
1,5500.623,mp_oct
1,5500.9233,mp_oct
1,5501.2236,mp_oct
1,5501.524,mp_oct
1,5501.8243,mp_oct
1,5502.1247,mp_oct
1,5502.4249,mp_oct
1,5502.7253,mp_oct
1,5503.0256,mp_oct
1,5503.326,mp_oct
1,5503.6263,mp_oct
1,5503.9266,mp_oct
1,5504.2269,mp_oct
1,5504.5273,mp_oct
1,5504.8276,mp_oct
1,5505.1279,mp_oct
1,5505.4283,mp_oct
1,5505.7286,mp_oct
1,5506.0289,mp_oct
1,5506.3292,mp_oct
1,5506.6296,mp_oct
1,5506.9299,mp_oct
1,5507.2302,mp_oct
1,5507.5305,mp_oct
1,5507.8309,mp_oct
1,5508.1312,mp_oct
1,5508.4316,mp_oct
1,5508.7319,mp_oct
1,5509.0322,mp_oct
1,5509.3325,mp_oct
1,5509.6328,mp_oct
1,5509.9332,mp_oct
1,5510.2335,mp_oct
1,5510.5339,mp_oct
1,5510.8341,mp_oct
1,5511.1344,mp_oct
1,5511.4348,mp_oct
1,5511.7351,mp_oct
1,5512.0355,mp_oct
1,5512.3358,mp_oct
1,5512.6361,mp_oct
1,5512.9364,mp_oct
1,5513.2368,mp_oct
1,5513.5371,mp_oct
1,5513.8374,mp_oct
1,5514.1377,mp_oct
1,5514.4381,mp_oct
1,5514.7384,mp_oct
1,5515.0388,mp_oct
1,5515.339,mp_oct
1,5515.6394,mp_oct
1,5515.9397,mp_oct
1,5516.24,mp_oct
1,5516.5404,mp_oct
1,5516.8407,mp_oct
1,5517.1411,mp_oct
1,5517.4414,mp_oct
1,5517.7417,mp_oct
1,5518.042,mp_oct
1,5518.3424,mp_oct
1,5518.6427,mp_oct
1,5518.943,mp_oct
1,5519.2434,mp_oct
1,5519.5437,mp_oct
1,5519.844,mp_oct
1,5520.1443,mp_oct
1,5520.4446,mp_oct
1,5520.745,mp_oct
1,5521.0453,mp_oct
1,5521.3456,mp_oct
1,5521.646,mp_oct
1,5521.9463,mp_oct
1,5522.2467,mp_oct
1,5522.547,mp_oct
1,5522.8473,mp_oct
1,5523.1476,mp_oct
1,5523.4479,mp_oct
1,5523.7482,mp_oct
1,5524.0486,mp_oct
1,5524.349,mp_oct
1,5524.6492,mp_oct
1,5524.9495,mp_oct
1,5525.25,mp_oct
1,5525.5502,mp_oct
1,5525.8506,mp_oct
1,5526.1509,mp_oct
1,5526.4512,mp_oct
1,5526.7516,mp_oct
1,5527.0519,mp_oct
1,5527.3522,mp_oct
1,5527.6525,mp_oct
1,5527.9528,mp_oct
1,5528.2532,mp_oct
1,5528.5535,mp_oct
1,5528.8538,mp_oct
1,5529.1541,mp_oct
1,5529.4545,mp_oct
1,5529.7548,mp_oct
1,5530.0552,mp_oct
1,5530.3555,mp_oct
1,5530.6558,mp_oct
1,5530.9561,mp_oct
1,5531.2564,mp_oct
1,5531.5568,mp_oct
1,5531.8571,mp_oct
1,5532.1574,mp_oct
1,5532.4578,mp_oct
1,5532.7637,mp_oct
1,5533.064,mp_oct
1,5533.3644,mp_oct
1,5533.6646,mp_oct
1,5533.965,mp_oct
1,5534.2653,mp_oct
1,5534.5657,mp_oct
1,5534.866,mp_oct
1,5535.1664,mp_oct
1,5535.4667,mp_oct
1,5535.767,mp_oct
1,5536.0717,mp_oct
1,5536.3721,mp_oct
1,5536.6724,mp_oct
1,5536.9727,mp_oct
1,5537.273,mp_oct
1,5537.5733,mp_oct
1,5537.8737,mp_oct
1,5538.174,mp_oct
1,5538.4743,mp_oct
1,5538.7746,mp_oct
1,5539.075,mp_oct
1,5539.3753,mp_oct
1,5539.6756,mp_oct
1,5539.976,mp_oct
1,5540.2763,mp_oct
1,5540.5816,mp_oct
1,5540.882,mp_oct
1,5541.1823,mp_oct
1,5541.4826,mp_oct
1,5541.7829,mp_oct
1,5542.0833,mp_oct
1,5542.3836,mp_oct
1,5542.6839,mp_oct
1,5542.9842,mp_oct
1,5543.2846,mp_oct
1,5543.585,mp_oct
1,5543.896,mp_oct
1,5544.2005,mp_oct
1,5544.501,mp_oct
1,5544.8012,mp_oct
1,5545.1016,mp_oct
1,5545.4019,mp_oct
1,5545.7023,mp_oct
1,5546.0025,mp_oct
1,5546.3029,mp_oct
1,5546.6033,mp_oct
1,5546.9036,mp_oct
1,5547.2039,mp_oct
1,5547.5042,mp_oct
1,5547.8045,mp_oct
1,5548.1049,mp_oct
1,5548.4052,mp_oct
1,5548.7056,mp_oct
1,5549.0059,mp_oct
1,5549.3062,mp_oct
1,5549.6065,mp_oct
1,5549.9068,mp_oct
1,5550.2072,mp_oct
1,5550.5076,mp_oct
1,5550.8079,mp_oct
1,5551.1082,mp_oct
1,5551.4085,mp_oct
1,5551.7088,mp_oct
1,5552.0092,mp_oct
1,5552.3095,mp_oct
1,5552.6098,mp_oct
1,5552.9102,mp_oct
1,5553.2105,mp_oct
1,5553.5108,mp_oct
1,5553.8111,mp_oct
1,5554.1114,mp_oct
1,5554.4117,mp_oct
1,5554.7121,mp_oct
1,5555.0124,mp_oct
1,5555.3128,mp_oct
1,5555.6131,mp_oct
1,5555.9134,mp_oct
1,5556.2137,mp_oct
1,5556.5141,mp_oct
1,5556.8144,mp_oct
1,5557.1147,mp_oct
1,5557.415,mp_oct
1,5557.7154,mp_oct
1,5558.0157,mp_oct
1,5558.316,mp_oct
1,5558.6164,mp_oct
1,5558.9167,mp_oct
1,5559.217,mp_oct
1,5559.5173,mp_oct
1,5559.8177,mp_oct
1,5560.118,mp_oct
1,5560.4184,mp_oct
1,5560.7186,mp_oct
1,5561.019,mp_oct
1,5561.3193,mp_oct
1,5561.6196,mp_oct
1,5561.92,mp_oct
1,5562.2203,mp_oct
1,5562.5206,mp_oct
1,5562.821,mp_oct
1,5563.1213,mp_oct
1,5563.4216,mp_oct
1,5563.722,mp_oct
1,5564.0223,mp_oct
1,5564.3226,mp_oct
1,5564.6229,mp_oct
1,5564.9233,mp_oct
1,5565.3687,mp_oct
1,5565.6691,mp_oct
1,5565.9694,mp_oct
1,5566.2698,mp_oct
1,5566.57,mp_oct
1,5566.8703,mp_oct
1,5567.1707,mp_oct
1,5567.471,mp_oct
1,5567.7713,mp_oct
1,5568.0717,mp_oct
1,5568.372,mp_oct
1,5568.6724,mp_oct
1,5568.9727,mp_oct
1,5569.273,mp_oct
1,5569.5733,mp_oct
1,5569.8737,mp_oct
1,5570.174,mp_oct
1,5570.4743,mp_oct
1,5570.7747,mp_oct
1,5571.075,mp_oct
1,5571.3753,mp_oct
1,5571.6756,mp_oct
1,5571.976,mp_oct
1,5572.2763,mp_oct
1,5572.5766,mp_oct
1,5572.877,mp_oct
1,5573.1773,mp_oct
1,5573.4776,mp_oct
1,5573.778,mp_oct
1,5574.0783,mp_oct
1,5574.3786,mp_oct
1,5574.6789,mp_oct
1,5574.9793,mp_oct
1,5575.2796,mp_oct
1,5575.5799,mp_oct
1,5575.8803,mp_oct
1,5576.1806,mp_oct
1,5576.4809,mp_oct
0,5576.7812,mp_oct
0,5577.0815,mp_oct
1,5577.3868,mp_oct
1,5577.6872,mp_oct
1,5577.9876,mp_oct
1,5578.2879,mp_oct
1,5578.5882,mp_oct
1,5578.8885,mp_oct
1,5579.1888,mp_oct
1,5579.4892,mp_oct
1,5579.7895,mp_oct
1,5580.0955,mp_oct
1,5580.3958,mp_oct
1,5580.6961,mp_oct
1,5580.9964,mp_oct
1,5581.2968,mp_oct
1,5581.5971,mp_oct
1,5581.8974,mp_oct
1,5582.1978,mp_oct
1,5582.4981,mp_oct
1,5582.8078,mp_oct
1,5583.1082,mp_oct
1,5583.4085,mp_oct
1,5583.7439,mp_oct
1,5584.0442,mp_oct
1,5584.3445,mp_oct
1,5584.6448,mp_oct
1,5584.9452,mp_oct
1,5585.2455,mp_oct
1,5585.5459,mp_oct
1,5585.8461,mp_oct
1,5586.1565,mp_oct
1,5586.4624,mp_oct
1,5586.7628,mp_oct
1,5587.0631,mp_oct
1,5587.3634,mp_oct
1,5587.6637,mp_oct
1,5587.9641,mp_oct
1,5588.2644,mp_oct
1,5588.5647,mp_oct
1,5588.8651,mp_oct
1,5589.1654,mp_oct
1,5589.4701,mp_oct
1,5589.7704,mp_oct
1,5590.0708,mp_oct
1,5590.3711,mp_oct
1,5590.6714,mp_oct
1,5590.9718,mp_oct
1,5591.3321,mp_oct
1,5591.6333,mp_oct
1,5591.9328,mp_oct
1,5592.2331,mp_oct
1,5592.5384,mp_oct
1,5592.8496,mp_oct
1,5593.1499,mp_oct
1,5593.4502,mp_oct
1,5593.7505,mp_oct
1,5594.0509,mp_oct
1,5594.3512,mp_oct
1,5594.6516,mp_oct
1,5594.9519,mp_oct
1,5595.2522,mp_oct
1,5595.5525,mp_oct
1,5595.8529,mp_oct
1,5596.1532,mp_oct
1,5596.4535,mp_oct
1,5596.7539,mp_oct
1,5597.0541,mp_oct
1,5597.3545,mp_oct
1,5597.6548,mp_oct
1,5597.9552,mp_oct
1,5598.2555,mp_oct
1,5598.5558,mp_oct
1,5598.8562,mp_oct
1,5599.1565,mp_oct
1,5599.4568,mp_oct
1,5599.7571,mp_oct
1,5600.0575,mp_oct
1,5600.3578,mp_oct
1,5600.6581,mp_oct
1,5600.9584,mp_oct
1,5601.2588,mp_oct
1,5601.5591,mp_oct
1,5601.8595,mp_oct
1,5602.1597,mp_oct
1,5602.4601,mp_oct
1,5602.7604,mp_oct
1,5603.0607,mp_oct
1,5603.3611,mp_oct
1,5603.6614,mp_oct
1,5603.9618,mp_oct
1,5604.2621,mp_oct
1,5604.5624,mp_oct
1,5604.8627,mp_oct
1,5605.163,mp_oct
1,5605.4634,mp_oct
1,5605.7637,mp_oct
1,5606.0641,mp_oct
1,5606.3644,mp_oct
1,5606.6647,mp_oct
1,5606.965,mp_oct
1,5607.2653,mp_oct
1,5607.5657,mp_oct
1,5607.866,mp_oct
1,5608.1664,mp_oct
1,5608.4667,mp_oct
1,5608.767,mp_oct
1,5609.0673,mp_oct
1,5609.3676,mp_oct
1,5609.668,mp_oct
1,5609.9683,mp_oct
1,5610.2686,mp_oct
1,5610.569,mp_oct
1,5610.8693,mp_oct
1,5611.1697,mp_oct
1,5611.4699,mp_oct
1,5611.7703,mp_oct
1,5612.0706,mp_oct
1,5612.3709,mp_oct
1,5612.6713,mp_oct
1,5612.9716,mp_oct
1,5613.2719,mp_oct
1,5613.5723,mp_oct
1,5613.8726,mp_oct
1,5614.1729,mp_oct
1,5614.4732,mp_oct
1,5614.7736,mp_oct
1,5615.0739,mp_oct
1,5615.3743,mp_oct
1,5615.6746,mp_oct
1,5615.9749,mp_oct
1,5616.2752,mp_oct
1,5616.5755,mp_oct
1,5616.8759,mp_oct
1,5617.1762,mp_oct
1,5617.4765,mp_oct
1,5617.7769,mp_oct
1,5618.0772,mp_oct
1,5618.3776,mp_oct
1,5618.6779,mp_oct
1,5618.9782,mp_oct
1,5619.2785,mp_oct
1,5619.5788,mp_oct
1,5619.8792,mp_oct
1,5620.1795,mp_oct
1,5620.4798,mp_oct
1,5620.7802,mp_oct
1,5621.0805,mp_oct
1,5621.3809,mp_oct
1,5621.6811,mp_oct
1,5621.9815,mp_oct
1,5622.2818,mp_oct
1,5622.5821,mp_oct
1,5622.8825,mp_oct
1,5623.1828,mp_oct
1,5623.4831,mp_oct
1,5623.7834,mp_oct
1,5624.0838,mp_oct
1,5624.3841,mp_oct
1,5624.6844,mp_oct
1,5624.9848,mp_oct
1,5625.2851,mp_oct
1,5625.5854,mp_oct
1,5625.8858,mp_oct
1,5626.1861,mp_oct
1,5626.4864,mp_oct
1,5626.7868,mp_oct
1,5627.0871,mp_oct
1,5627.3874,mp_oct
1,5627.6877,mp_oct
1,5627.9881,mp_oct
1,5628.2884,mp_oct
1,5628.5887,mp_oct
1,5628.889,mp_oct
1,5629.1893,mp_oct
1,5629.4897,mp_oct
1,5629.79,mp_oct
1,5630.0903,mp_oct
1,5630.3907,mp_oct
1,5630.691,mp_oct
1,5630.9913,mp_oct
1,5631.2916,mp_oct
1,5631.592,mp_oct
1,5631.8923,mp_oct
1,5632.1926,mp_oct
1,5632.493,mp_oct
1,5632.7933,mp_oct
1,5633.0936,mp_oct
1,5633.3939,mp_oct
1,5633.6942,mp_oct
1,5633.9988,mp_oct
1,5634.2991,mp_oct
1,5634.5995,mp_oct
1,5634.8998,mp_oct
1,5635.2001,mp_oct
1,5635.5005,mp_oct
1,5635.8008,mp_oct
1,5636.1011,mp_oct
1,5636.4015,mp_oct
1,5636.7018,mp_oct
1,5637.0021,mp_oct
1,5637.3024,mp_oct
1,5637.6027,mp_oct
1,5637.9031,mp_oct
1,5638.2034,mp_oct
1,5638.5037,mp_oct
1,5638.804,mp_oct
1,5639.1044,mp_oct
1,5639.4047,mp_oct
1,5639.7051,mp_oct
1,5640.0053,mp_oct
1,5640.3057,mp_oct
1,5640.606,mp_oct
1,5640.9063,mp_oct
1,5641.2067,mp_oct
1,5641.507,mp_oct
1,5641.8073,mp_oct
1,5642.1076,mp_oct
1,5642.408,mp_oct
1,5642.7133,mp_oct
1,5643.0186,mp_oct
1,5643.319,mp_oct
1,5643.6193,mp_oct
1,5643.9196,mp_oct
1,5644.2199,mp_oct
1,5644.5203,mp_oct
1,5644.8206,mp_oct
1,5645.1209,mp_oct
1,5645.4212,mp_oct
1,5645.7271,mp_oct
1,5646.0319,mp_oct
1,5646.3322,mp_oct
1,5646.6326,mp_oct
1,5646.9329,mp_oct
1,5647.2332,mp_oct
1,5647.5336,mp_oct
1,5647.834,mp_oct
1,5648.1342,mp_oct
1,5648.4346,mp_oct
1,5648.7349,mp_oct
1,5649.0352,mp_oct
1,5649.3406,mp_oct
1,5649.6409,mp_oct
1,5649.9462,mp_oct
1,5650.2465,mp_oct
1,5650.5468,mp_oct
1,5650.8472,mp_oct
1,5651.1475,mp_oct
1,5651.4478,mp_oct
1,5651.7482,mp_oct
1,5652.0485,mp_oct
1,5652.3488,mp_oct
1,5652.6548,mp_oct
1,5652.9551,mp_oct
1,5653.2554,mp_oct
1,5653.5558,mp_oct
1,5653.8605,mp_oct
1,5654.1608,mp_oct
1,5654.4711,mp_oct
1,5654.7715,mp_oct
1,5655.0718,mp_oct
1,5655.3777,mp_oct
1,5655.678,mp_oct
1,5655.9784,mp_oct
1,5656.2787,mp_oct
1,5656.579,mp_oct
1,5656.8794,mp_oct
1,5657.1797,mp_oct
1,5657.48,mp_oct
1,5657.7804,mp_oct
1,5658.0807,mp_oct
1,5658.381,mp_oct
1,5658.6858,mp_oct
1,5658.991,mp_oct
1,5659.2914,mp_oct
1,5659.5917,mp_oct
1,5659.8921,mp_oct
1,5660.1974,mp_oct
1,5660.4977,mp_oct
1,5660.7981,mp_oct
1,5661.0984,mp_oct
1,5661.3987,mp_oct
1,5661.699,mp_oct
1,5661.9994,mp_oct
1,5662.2997,mp_oct
1,5662.6,mp_oct
1,5662.9004,mp_oct
1,5663.2006,mp_oct
1,5663.5066,mp_oct
1,5663.807,mp_oct
1,5664.1073,mp_oct
1,5664.4076,mp_oct
1,5664.7123,mp_oct
1,5665.0126,mp_oct
1,5665.333,mp_oct
1,5665.6333,mp_oct
1,5665.9337,mp_oct
1,5666.2697,mp_oct
1,5666.57,mp_oct
1,5666.8703,mp_oct
1,5667.1707,mp_oct
1,5667.471,mp_oct
1,5667.7757,mp_oct
1,5668.076,mp_oct
1,5668.3763,mp_oct
1,5668.6767,mp_oct
1,5668.977,mp_oct
1,5669.2823,mp_oct
1,5669.5827,mp_oct
1,5669.883,mp_oct
1,5670.1883,mp_oct
1,5670.4942,mp_oct
1,5670.7946,mp_oct
1,5671.0948,mp_oct
1,5671.3952,mp_oct
1,5671.6956,mp_oct
1,5671.9959,mp_oct
1,5672.2962,mp_oct
1,5672.5966,mp_oct
1,5672.8969,mp_oct
1,5673.1972,mp_oct
1,5673.4976,mp_oct
1,5673.7979,mp_oct
1,5674.0982,mp_oct
1,5674.3986,mp_oct
1,5674.6989,mp_oct
1,5674.9992,mp_oct
1,5675.2996,mp_oct
1,5675.5999,mp_oct
1,5675.9002,mp_oct
1,5676.2005,mp_oct
1,5676.5008,mp_oct
1,5676.8012,mp_oct
1,5677.1015,mp_oct
1,5677.4018,mp_oct
1,5677.7021,mp_oct
1,5678.0024,mp_oct
1,5678.3028,mp_oct
1,5678.6031,mp_oct
1,5678.9034,mp_oct
1,5679.2037,mp_oct
1,5679.5041,mp_oct
1,5679.8044,mp_oct
1,5680.1047,mp_oct
1,5680.4051,mp_oct
1,5680.7054,mp_oct
1,5681.0101,mp_oct
1,5681.3105,mp_oct
1,5681.6108,mp_oct
1,5681.9111,mp_oct
1,5682.2115,mp_oct
1,5682.5118,mp_oct
1,5682.8121,mp_oct
1,5683.1124,mp_oct
1,5683.4128,mp_oct
1,5683.7131,mp_oct
1,5684.0134,mp_oct
1,5684.3138,mp_oct
1,5684.6141,mp_oct
1,5684.9145,mp_oct
1,5685.2148,mp_oct
1,5685.5201,mp_oct
1,5685.8204,mp_oct
1,5686.1207,mp_oct
1,5686.421,mp_oct
1,5686.7213,mp_oct
1,5687.0217,mp_oct
1,5687.3221,mp_oct
1,5687.6224,mp_oct
1,5687.9227,mp_oct
1,5688.2231,mp_oct
1,5688.5234,mp_oct
1,5688.8237,mp_oct
1,5689.1241,mp_oct
1,5689.4244,mp_oct
1,5689.7247,mp_oct
1,5690.0251,mp_oct
1,5690.3254,mp_oct
1,5690.6257,mp_oct
1,5690.926,mp_oct
1,5691.2263,mp_oct
1,5691.5267,mp_oct
1,5691.827,mp_oct
1,5692.1273,mp_oct
1,5692.4276,mp_oct
1,5692.7279,mp_oct
1,5693.0283,mp_oct
1,5693.3286,mp_oct
1,5693.634,mp_oct
1,5693.9399,mp_oct
1,5694.2402,mp_oct
1,5694.5405,mp_oct
1,5694.8409,mp_oct
1,5695.1457,mp_oct
1,5695.446,mp_oct
1,5695.7462,mp_oct
1,5696.0466,mp_oct
1,5696.3469,mp_oct
1,5696.6523,mp_oct
1,5696.9526,mp_oct
1,5697.2529,mp_oct
1,5697.5533,mp_oct
1,5697.8536,mp_oct
1,5698.1539,mp_oct
1,5698.4542,mp_oct
1,5698.7546,mp_oct
1,5699.0549,mp_oct
1,5699.3603,mp_oct
1,5699.6663,mp_oct
1,5699.9709,mp_oct
1,5700.2713,mp_oct
1,5700.5766,mp_oct
1,5700.8769,mp_oct
1,5701.1772,mp_oct
1,5701.4776,mp_oct
1,5701.7779,mp_oct
1,5702.0782,mp_oct
1,5702.3786,mp_oct
1,5702.6789,mp_oct
1,5702.9792,mp_oct
1,5703.2796,mp_oct
1,5703.5799,mp_oct
1,5703.8803,mp_oct
1,5704.1805,mp_oct
1,5704.4809,mp_oct
1,5704.7861,mp_oct
1,5705.0865,mp_oct
1,5705.3868,mp_oct
1,5705.6871,mp_oct
1,5705.9876,mp_oct
1,5706.2878,mp_oct
1,5706.5882,mp_oct
1,5706.8885,mp_oct
1,5707.1888,mp_oct
1,5707.4891,mp_oct
1,5707.7894,mp_oct
1,5708.0898,mp_oct
1,5708.3901,mp_oct
1,5708.6904,mp_oct
1,5708.9908,mp_oct
1,5709.2911,mp_oct
1,5709.5914,mp_oct
1,5709.8918,mp_oct
1,5710.1921,mp_oct
1,5710.4925,mp_oct
1,5710.7927,mp_oct
1,5711.0931,mp_oct
1,5711.3934,mp_oct
1,5711.6938,mp_oct
1,5711.9941,mp_oct
1,5712.2944,mp_oct
1,5712.6004,mp_oct
1,5712.9051,mp_oct
1,5713.2054,mp_oct
1,5713.5058,mp_oct
1,5713.8061,mp_oct
1,5714.1064,mp_oct
1,5714.4068,mp_oct
1,5714.7071,mp_oct
1,5715.0074,mp_oct
1,5715.3077,mp_oct
1,5715.608,mp_oct
1,5715.9084,mp_oct
1,5716.2087,mp_oct
1,5716.5091,mp_oct
1,5716.8094,mp_oct
1,5717.1097,mp_oct
1,5717.41,mp_oct
1,5717.7103,mp_oct
1,5718.0107,mp_oct
1,5718.311,mp_oct
1,5718.6114,mp_oct
1,5718.9116,mp_oct
1,5719.217,mp_oct
1,5719.5173,mp_oct
1,5719.8177,mp_oct
1,5720.118,mp_oct
1,5720.4183,mp_oct
1,5720.7187,mp_oct
1,5721.019,mp_oct
6,5721.3193,mp_oct
0,5721.6196,mp_oct
0,5721.9199,mp_oct
0,5722.2253,mp_oct
0,5722.5256,mp_oct
0,5722.8359,mp_oct
0,5723.1363,mp_oct
0,5723.4416,mp_oct
0,5723.7419,mp_oct
0,5724.0423,mp_oct
0,5724.3426,mp_oct
0,5724.6429,mp_oct
0,5724.9433,mp_oct
0,5725.2436,mp_oct
0,5725.5439,mp_oct
0,5725.8442,mp_oct
0,5726.1446,mp_oct
0,5726.4449,mp_oct
0,5726.7452,mp_oct
0,5727.0456,mp_oct
0,5727.3459,mp_oct
0,5727.6462,mp_oct
0,5727.9466,mp_oct
0,5728.2469,mp_oct
0,5728.5472,mp_oct
0,5728.8476,mp_oct
0,5729.1478,mp_oct
0,5729.4482,mp_oct
0,5729.7485,mp_oct
0,5730.0489,mp_oct
0,5730.3492,mp_oct
0,5730.6495,mp_oct
0,5730.9499,mp_oct
0,5731.2502,mp_oct
0,5731.5505,mp_oct
0,5731.8508,mp_oct
0,5732.1511,mp_oct
0,5732.4514,mp_oct
0,5732.7518,mp_oct
0,5733.0521,mp_oct
0,5733.3524,mp_oct
0,5733.6528,mp_oct
0,5733.9531,mp_oct
0,5734.2534,mp_oct
0,5734.5538,mp_oct
0,5734.8541,mp_oct
0,5735.1544,mp_oct
0,5735.4547,mp_oct
0,5735.7551,mp_oct
0,5736.0554,mp_oct
0,5736.3557,mp_oct
0,5736.6561,mp_oct
0,5736.9564,mp_oct
0,5737.2568,mp_oct
1,5737.5571,mp_oct
1,5737.8573,mp_oct
1,5738.1577,mp_oct
1,5738.458,mp_oct
1,5738.7583,mp_oct
1,5739.0587,mp_oct
1,5739.359,mp_oct
1,5739.6593,mp_oct
1,5739.9596,mp_oct
1,5740.26,mp_oct
1,5740.5604,mp_oct
1,5740.8607,mp_oct
1,5741.161,mp_oct
1,5741.4613,mp_oct
1,5741.7617,mp_oct
1,5742.062,mp_oct
1,5742.3623,mp_oct
1,5742.6626,mp_oct
1,5742.9629,mp_oct
1,5743.2633,mp_oct
1,5743.5636,mp_oct
1,5743.8639,mp_oct
1,5744.1643,mp_oct
1,5744.4646,mp_oct
1,5744.7649,mp_oct
1,5745.0652,mp_oct
1,5745.3656,mp_oct
1,5745.6659,mp_oct
1,5745.9662,mp_oct
1,5746.2666,mp_oct
1,5746.5669,mp_oct
1,5746.8672,mp_oct
1,5747.1676,mp_oct
1,5747.4679,mp_oct
1,5747.7683,mp_oct
1,5748.0685,mp_oct
1,5748.3688,mp_oct
1,5748.6692,mp_oct
1,5748.9695,mp_oct
1,5749.2698,mp_oct
1,5749.5702,mp_oct
1,5749.8706,mp_oct
1,5750.1709,mp_oct
1,5750.4712,mp_oct
1,5750.7715,mp_oct
1,5751.0718,mp_oct
1,5751.3722,mp_oct
1,5751.6725,mp_oct
1,5751.9728,mp_oct
1,5752.2732,mp_oct
1,5752.5735,mp_oct
1,5752.8738,mp_oct
1,5753.1742,mp_oct
1,5753.4745,mp_oct
1,5753.7748,mp_oct
1,5754.0802,mp_oct
1,5754.3805,mp_oct
1,5754.6808,mp_oct
1,5754.9811,mp_oct
1,5755.2814,mp_oct
1,5755.5818,mp_oct
1,5755.8821,mp_oct
1,5756.1825,mp_oct
1,5756.4828,mp_oct
1,5756.7831,mp_oct
1,5757.0834,mp_oct
1,5757.3838,mp_oct
1,5757.6841,mp_oct
1,5757.9844,mp_oct
1,5758.2847,mp_oct
1,5758.5851,mp_oct
1,5758.8854,mp_oct
1,5759.1857,mp_oct
1,5759.4861,mp_oct
1,5759.7864,mp_oct
1,5760.0868,mp_oct
1,5760.3871,mp_oct
1,5760.6874,mp_oct
1,5760.9877,mp_oct
1,5761.2881,mp_oct
1,5761.5884,mp_oct
1,5761.8887,mp_oct
1,5762.189,mp_oct
1,5762.4894,mp_oct
1,5762.7897,mp_oct
1,5763.09,mp_oct
1,5763.3904,mp_oct
1,5763.6907,mp_oct
1,5763.991,mp_oct
1,5764.2913,mp_oct
1,5764.5917,mp_oct
1,5764.892,mp_oct
1,5765.1924,mp_oct
1,5765.4927,mp_oct
1,5765.793,mp_oct
1,5766.0933,mp_oct
1,5766.3937,mp_oct
1,5766.694,mp_oct
1,5766.9943,mp_oct
1,5767.3003,mp_oct
1,5767.61,mp_oct
1,5767.9103,mp_oct
1,5768.2107,mp_oct
1,5768.511,mp_oct
1,5768.8113,mp_oct
1,5769.1117,mp_oct
1,5769.412,mp_oct
1,5769.7124,mp_oct
1,5770.0127,mp_oct
1,5770.313,mp_oct
1,5770.6133,mp_oct
1,5770.9137,mp_oct
1,5771.214,mp_oct
1,5771.5143,mp_oct
1,5771.8147,mp_oct
1,5772.115,mp_oct
1,5772.4153,mp_oct
1,5772.7156,mp_oct
1,5773.016,mp_oct
1,5773.3163,mp_oct
1,5773.6166,mp_oct
1,5773.9169,mp_oct
1,5774.2173,mp_oct
1,5774.5176,mp_oct
1,5774.8179,mp_oct
1,5775.1183,mp_oct
1,5775.4186,mp_oct
1,5775.7189,mp_oct
1,5776.0193,mp_oct
1,5776.3196,mp_oct
1,5776.62,mp_oct
1,5776.9203,mp_oct
1,5777.2206,mp_oct
1,5777.5209,mp_oct
1,5777.8212,mp_oct
1,5778.1215,mp_oct
1,5778.422,mp_oct
1,5778.7223,mp_oct
1,5779.0226,mp_oct
1,5779.3229,mp_oct
1,5779.6232,mp_oct
1,5779.9236,mp_oct
1,5780.2239,mp_oct
1,5780.5243,mp_oct
1,5780.8246,mp_oct
1,5781.1249,mp_oct
1,5781.4252,mp_oct
1,5781.7255,mp_oct
1,5782.0259,mp_oct
1,5782.3262,mp_oct
1,5782.6266,mp_oct
1,5782.9269,mp_oct
1,5783.2273,mp_oct
1,5783.5275,mp_oct
1,5783.8279,mp_oct
1,5784.1282,mp_oct
1,5784.4285,mp_oct
1,5784.7289,mp_oct
1,5785.0292,mp_oct
1,5785.3295,mp_oct
1,5785.6299,mp_oct
1,5785.9302,mp_oct
1,5786.2306,mp_oct
1,5786.5309,mp_oct
1,5786.8311,mp_oct
1,5787.1316,mp_oct
1,5787.4318,mp_oct
1,5787.7321,mp_oct
1,5788.0325,mp_oct
1,5788.3329,mp_oct
1,5788.6331,mp_oct
1,5788.9335,mp_oct
1,5789.2339,mp_oct
1,5789.5341,mp_oct
1,5789.8345,mp_oct
1,5790.1348,mp_oct
1,5790.4351,mp_oct
1,5790.7355,mp_oct
1,5791.0358,mp_oct
1,5791.3362,mp_oct
1,5791.6364,mp_oct
1,5791.9368,mp_oct
1,5792.2372,mp_oct
1,5792.5374,mp_oct
1,5792.8378,mp_oct
1,5793.1381,mp_oct
1,5793.4384,mp_oct
1,5793.7388,mp_oct
1,5794.0392,mp_oct
1,5794.3395,mp_oct
1,5794.6398,mp_oct
1,5794.9401,mp_oct
1,5795.2404,mp_oct
1,5795.5408,mp_oct
1,5795.8411,mp_oct
1,5796.1414,mp_oct
1,5796.4418,mp_oct
1,5796.7421,mp_oct
1,5797.0424,mp_oct
1,5797.3428,mp_oct
1,5797.643,mp_oct
1,5797.9434,mp_oct
1,5798.2437,mp_oct
1,5798.5441,mp_oct
1,5798.8444,mp_oct
1,5799.1447,mp_oct
1,5799.4451,mp_oct
1,5799.7454,mp_oct
1,5800.0457,mp_oct
1,5800.346,mp_oct
1,5800.6464,mp_oct
1,5800.9484,mp_oct
1,5801.2479,mp_oct
1,5801.5524,mp_oct
1,5801.8527,mp_oct
1,5802.1531,mp_oct
1,5802.4534,mp_oct
1,5802.7537,mp_oct
1,5803.054,mp_oct
1,5803.3543,mp_oct
1,5803.6547,mp_oct
1,5803.955,mp_oct
1,5804.2554,mp_oct
1,5804.5557,mp_oct
1,5804.8561,mp_oct
1,5805.1564,mp_oct
1,5805.4567,mp_oct
1,5805.757,mp_oct
1,5806.0573,mp_oct
1,5806.3577,mp_oct
1,5806.658,mp_oct
1,5806.9584,mp_oct
1,5807.2587,mp_oct
1,5807.559,mp_oct
1,5807.8593,mp_oct
1,5808.1596,mp_oct
1,5808.46,mp_oct
1,5808.7604,mp_oct
1,5809.0606,mp_oct
1,5809.361,mp_oct
1,5809.6613,mp_oct
1,5809.9616,mp_oct
1,5810.262,mp_oct
1,5810.5623,mp_oct
1,5810.8627,mp_oct
1,5811.163,mp_oct
1,5811.4633,mp_oct
1,5811.7636,mp_oct
1,5812.064,mp_oct
1,5812.3699,mp_oct
1,5812.6702,mp_oct
1,5812.9706,mp_oct
1,5813.2709,mp_oct
1,5813.5713,mp_oct
1,5813.8809,mp_oct
1,5814.1812,mp_oct
1,5814.4816,mp_oct
1,5814.7819,mp_oct
1,5815.0823,mp_oct
1,5815.3826,mp_oct
1,5815.683,mp_oct
1,5815.9833,mp_oct
1,5816.2836,mp_oct
1,5816.5839,mp_oct
1,5816.8842,mp_oct
1,5817.1845,mp_oct
1,5817.4849,mp_oct
1,5817.7853,mp_oct
1,5818.0856,mp_oct
1,5818.3859,mp_oct
1,5818.6862,mp_oct
1,5818.9866,mp_oct
1,5819.2868,mp_oct
1,5819.5872,mp_oct
1,5819.8876,mp_oct
1,5820.1879,mp_oct
1,5820.4882,mp_oct
1,5820.7885,mp_oct
1,5821.0889,mp_oct
1,5821.3892,mp_oct
1,5821.6895,mp_oct
1,5821.9898,mp_oct
1,5822.2902,mp_oct
1,5822.5905,mp_oct
1,5822.8959,mp_oct
1,5823.1963,mp_oct
1,5823.4966,mp_oct
1,5823.7968,mp_oct
1,5824.0972,mp_oct
1,5824.3975,mp_oct
1,5824.6979,mp_oct
1,5824.9982,mp_oct
1,5825.2985,mp_oct
1,5825.5989,mp_oct
1,5825.8992,mp_oct
1,5826.1996,mp_oct
1,5826.4999,mp_oct
1,5826.8001,mp_oct
1,5827.1005,mp_oct
1,5827.4009,mp_oct
1,5827.7012,mp_oct
1,5828.0016,mp_oct
1,5828.3018,mp_oct
1,5828.6021,mp_oct
1,5828.9026,mp_oct
1,5829.2028,mp_oct
1,5829.5031,mp_oct
1,5829.8035,mp_oct
1,5830.1038,mp_oct
1,5830.4042,mp_oct
1,5830.7045,mp_oct
1,5831.0048,mp_oct
1,5831.3052,mp_oct
1,5831.6054,mp_oct
1,5831.9058,mp_oct
1,5832.2061,mp_oct
1,5832.5064,mp_oct
1,5832.8068,mp_oct
1,5833.1071,mp_oct
1,5833.4075,mp_oct
1,5833.7078,mp_oct
1,5834.0081,mp_oct
1,5834.3084,mp_oct
1,5834.6087,mp_oct
1,5834.9091,mp_oct
1,5835.2095,mp_oct
1,5835.5098,mp_oct
1,5835.8101,mp_oct
1,5836.1104,mp_oct
1,5836.4108,mp_oct
1,5836.7111,mp_oct
1,5837.0114,mp_oct
1,5837.3117,mp_oct
1,5837.6121,mp_oct
1,5837.9124,mp_oct
1,5838.2128,mp_oct
1,5838.5131,mp_oct
1,5838.8134,mp_oct
1,5839.1138,mp_oct
1,5839.4141,mp_oct
1,5839.7144,mp_oct
1,5840.0147,mp_oct
1,5840.3209,mp_oct
1,5840.6212,mp_oct
1,5840.9215,mp_oct
1,5841.2218,mp_oct
1,5841.5221,mp_oct
1,5841.8225,mp_oct
1,5842.1228,mp_oct
1,5842.4231,mp_oct
1,5842.7235,mp_oct
1,5843.0238,mp_oct
1,5843.3241,mp_oct
1,5843.6244,mp_oct
1,5843.9248,mp_oct
1,5844.2251,mp_oct
1,5844.5255,mp_oct
1,5844.8258,mp_oct
1,5845.1261,mp_oct
1,5845.4265,mp_oct
1,5845.7268,mp_oct
1,5846.0271,mp_oct
1,5846.3275,mp_oct
1,5846.6278,mp_oct
1,5846.9281,mp_oct
1,5847.2284,mp_oct
1,5847.5288,mp_oct
1,5847.8291,mp_oct
1,5848.1294,mp_oct
1,5848.4298,mp_oct
1,5848.7301,mp_oct
1,5849.0304,mp_oct
1,5849.3307,mp_oct
1,5849.631,mp_oct
1,5849.9314,mp_oct
1,5850.2318,mp_oct
1,5850.5321,mp_oct
1,5850.8324,mp_oct
1,5851.1327,mp_oct
1,5851.4331,mp_oct
1,5851.7334,mp_oct
1,5852.0337,mp_oct
1,5852.334,mp_oct
1,5852.6344,mp_oct
1,5852.9347,mp_oct
1,5853.2351,mp_oct
1,5853.5354,mp_oct
1,5853.8357,mp_oct
1,5854.136,mp_oct
1,5854.4363,mp_oct
1,5854.7367,mp_oct
1,5855.037,mp_oct
1,5855.3373,mp_oct
1,5855.6377,mp_oct
1,5855.938,mp_oct
1,5856.2383,mp_oct
1,5856.5387,mp_oct
1,5856.839,mp_oct
1,5857.1393,mp_oct
1,5857.4397,mp_oct
1,5857.74,mp_oct
1,5858.0403,mp_oct
1,5858.3407,mp_oct
1,5858.641,mp_oct
1,5858.9413,mp_oct
1,5859.2417,mp_oct
1,5859.542,mp_oct
1,5859.8423,mp_oct
1,5860.1426,mp_oct
1,5860.443,mp_oct
1,5860.7433,mp_oct
1,5861.0437,mp_oct
1,5861.3439,mp_oct
1,5861.6444,mp_oct
1,5861.9446,mp_oct
1,5862.245,mp_oct
1,5862.5452,mp_oct
1,5862.8456,mp_oct
1,5863.146,mp_oct
1,5863.4462,mp_oct
1,5863.7466,mp_oct
1,5864.0469,mp_oct
1,5864.3473,mp_oct
1,5864.6476,mp_oct
1,5864.9479,mp_oct
1,5865.2483,mp_oct
1,5865.5486,mp_oct
1,5865.849,mp_oct
1,5866.1492,mp_oct
1,5866.4496,mp_oct
1,5866.7499,mp_oct
1,5867.0503,mp_oct
1,5867.3506,mp_oct
1,5867.6509,mp_oct
1,5867.9512,mp_oct
1,5868.2516,mp_oct
1,5868.5519,mp_oct
1,5868.8523,mp_oct
1,5869.1525,mp_oct
1,5869.4529,mp_oct
1,5869.7532,mp_oct
1,5870.0535,mp_oct
1,5870.3539,mp_oct
1,5870.6542,mp_oct
1,5870.9545,mp_oct
1,5871.2549,mp_oct
1,5871.5552,mp_oct
1,5871.8555,mp_oct
1,5872.1559,mp_oct
1,5872.4562,mp_oct
1,5872.7566,mp_oct
1,5873.0569,mp_oct
1,5873.3572,mp_oct
1,5873.6575,mp_oct
1,5873.9621,mp_oct
1,5874.2625,mp_oct
1,5874.5628,mp_oct
1,5874.8631,mp_oct
1,5875.1635,mp_oct
1,5875.4638,mp_oct
1,5875.7941,mp_oct
1,5876.1001,mp_oct
1,5876.4004,mp_oct
1,5876.7051,mp_oct
1,5877.0055,mp_oct
1,5877.3058,mp_oct
1,5877.6061,mp_oct
1,5877.9065,mp_oct
1,5878.2068,mp_oct
1,5878.5071,mp_oct
1,5878.8075,mp_oct
1,5879.1078,mp_oct
1,5879.4082,mp_oct
1,5879.7084,mp_oct
1,5880.0088,mp_oct
1,5880.3091,mp_oct
1,5880.6095,mp_oct
1,5880.9098,mp_oct
1,5881.2101,mp_oct
1,5881.5105,mp_oct
1,5881.8108,mp_oct
1,5882.1111,mp_oct
1,5882.4115,mp_oct
1,5882.7117,mp_oct
1,5883.0121,mp_oct
1,5883.3124,mp_oct
1,5883.6128,mp_oct
1,5883.9131,mp_oct
1,5884.2134,mp_oct
1,5884.5138,mp_oct
1,5884.9899,mp_oct
1,5885.2902,mp_oct
1,5885.5905,mp_oct
1,5885.9003,mp_oct
1,5886.2057,mp_oct
1,5886.506,mp_oct
1,5886.8063,mp_oct
1,5887.1067,mp_oct
1,5887.4069,mp_oct
1,5887.7073,mp_oct
1,5888.0076,mp_oct
1,5888.3079,mp_oct
1,5888.6083,mp_oct
1,5888.9086,mp_oct
1,5889.2146,mp_oct
1,5889.515,mp_oct
1,5889.8152,mp_oct
1,5890.1156,mp_oct
1,5890.4159,mp_oct
1,5890.7163,mp_oct
1,5891.0166,mp_oct
1,5891.3169,mp_oct
1,5891.6173,mp_oct
1,5891.9176,mp_oct
1,5892.2179,mp_oct
1,5892.5182,mp_oct
1,5892.8186,mp_oct
1,5893.1189,mp_oct
1,5893.4192,mp_oct
1,5893.7196,mp_oct
1,5894.0199,mp_oct
1,5894.3203,mp_oct
1,5894.6206,mp_oct
1,5894.9209,mp_oct
1,5895.2213,mp_oct
1,5895.5215,mp_oct
1,5895.8219,mp_oct
1,5896.1266,mp_oct
1,5896.4269,mp_oct
1,5896.7272,mp_oct
1,5897.0276,mp_oct
1,5897.3279,mp_oct
1,5897.6282,mp_oct
1,5897.9286,mp_oct
1,5898.2289,mp_oct
1,5898.5292,mp_oct
1,5898.8296,mp_oct
1,5899.1299,mp_oct
1,5899.4302,mp_oct
1,5899.7306,mp_oct
1,5900.0309,mp_oct
1,5900.3313,mp_oct
1,5900.6366,mp_oct
1,5900.9369,mp_oct
1,5901.2372,mp_oct
1,5901.5376,mp_oct
1,5901.8379,mp_oct
1,5902.1382,mp_oct
1,5902.4386,mp_oct
1,5902.7389,mp_oct
1,5903.0392,mp_oct
1,5903.3395,mp_oct
1,5903.6399,mp_oct
1,5903.9402,mp_oct
1,5904.2405,mp_oct
1,5904.5409,mp_oct
1,5904.8412,mp_oct
1,5905.1415,mp_oct
1,5905.4419,mp_oct
1,5905.7422,mp_oct
1,5906.0425,mp_oct
1,5906.3429,mp_oct
1,5906.6432,mp_oct
1,5906.9435,mp_oct
1,5907.2439,mp_oct
1,5907.5442,mp_oct
1,5907.8445,mp_oct
1,5908.1449,mp_oct
1,5908.4452,mp_oct
1,5908.7455,mp_oct
1,5909.0458,mp_oct
1,5909.3461,mp_oct
1,5909.6465,mp_oct
1,5909.9468,mp_oct
1,5910.2472,mp_oct
1,5910.5475,mp_oct
1,5910.8479,mp_oct
1,5911.1482,mp_oct
1,5911.4535,mp_oct
1,5911.7538,mp_oct
1,5912.0541,mp_oct
1,5912.3645,mp_oct
1,5912.6649,mp_oct
1,5912.9652,mp_oct
1,5913.2655,mp_oct
1,5913.5659,mp_oct
1,5913.8662,mp_oct
1,5914.1665,mp_oct
1,5914.4668,mp_oct
1,5914.7671,mp_oct
1,5915.0675,mp_oct
1,5915.3728,mp_oct
1,5915.6731,mp_oct
1,5915.9735,mp_oct
1,5916.2738,mp_oct
1,5916.5742,mp_oct
1,5916.8745,mp_oct
1,5917.1748,mp_oct
1,5917.4752,mp_oct
1,5917.7755,mp_oct
1,5918.0758,mp_oct
1,5918.3762,mp_oct
1,5918.6765,mp_oct
1,5918.9769,mp_oct
1,5919.2772,mp_oct
1,5919.5774,mp_oct
1,5919.8778,mp_oct
1,5920.1782,mp_oct
1,5920.4784,mp_oct
1,5920.7788,mp_oct
1,5921.0791,mp_oct
1,5921.3795,mp_oct
1,5921.6798,mp_oct
1,5921.9802,mp_oct
1,5922.2855,mp_oct
1,5922.5858,mp_oct
1,5922.8861,mp_oct
1,5923.1865,mp_oct
1,5923.4868,mp_oct
1,5923.7871,mp_oct
1,5924.0875,mp_oct
1,5924.3934,mp_oct
1,5924.6981,mp_oct
1,5924.9985,mp_oct
1,5925.2988,mp_oct
1,5925.5992,mp_oct
1,5925.8995,mp_oct
1,5926.1998,mp_oct
1,5926.5001,mp_oct
1,5926.8004,mp_oct
1,5927.1008,mp_oct
1,5927.4011,mp_oct
1,5927.7015,mp_oct
1,5928.0018,mp_oct
1,5928.3021,mp_oct
1,5928.6025,mp_oct
1,5928.9028,mp_oct
1,5929.2081,mp_oct
1,5929.5134,mp_oct
1,5929.8138,mp_oct
1,5930.1199,mp_oct
1,5930.4202,mp_oct
1,5930.7205,mp_oct
1,5931.0209,mp_oct
1,5931.3212,mp_oct
1,5931.6215,mp_oct
1,5931.9219,mp_oct
1,5932.2223,mp_oct
1,5932.5226,mp_oct
1,5932.8229,mp_oct
1,5933.1232,mp_oct
1,5933.4278,mp_oct
1,5933.7282,mp_oct
1,5934.0335,mp_oct
1,5934.3338,mp_oct
1,5934.6341,mp_oct
1,5934.9345,mp_oct
1,5935.2348,mp_oct
1,5935.5352,mp_oct
1,5935.8355,mp_oct
1,5936.1358,mp_oct
1,5936.4362,mp_oct
1,5936.7365,mp_oct
1,5937.0418,mp_oct
1,5937.3421,mp_oct
1,5937.6481,mp_oct
1,5937.9484,mp_oct
1,5938.2487,mp_oct
1,5938.5535,mp_oct
1,5938.8588,mp_oct
1,5939.1742,mp_oct
1,5939.4745,mp_oct
1,5939.7748,mp_oct
1,5940.0751,mp_oct
1,5940.3755,mp_oct
1,5940.6758,mp_oct
1,5940.9812,mp_oct
1,5941.2815,mp_oct
1,5941.5818,mp_oct
1,5941.8821,mp_oct
1,5942.1825,mp_oct
1,5942.4828,mp_oct
1,5942.7882,mp_oct
1,5943.0885,mp_oct
1,5943.3889,mp_oct
1,5943.6892,mp_oct
1,5943.995,mp_oct
1,5944.2954,mp_oct
1,5944.5957,mp_oct
1,5944.8961,mp_oct
1,5945.1964,mp_oct
1,5945.4967,mp_oct
1,5945.7971,mp_oct
1,5946.0974,mp_oct
1,5946.4022,mp_oct
1,5946.7025,mp_oct
1,5947.0028,mp_oct
1,5947.3031,mp_oct
1,5947.6035,mp_oct
1,5947.9038,mp_oct
1,5948.2042,mp_oct
1,5948.5095,mp_oct
1,5948.8099,mp_oct
1,5949.1151,mp_oct
1,5949.4355,mp_oct
1,5949.7358,mp_oct
1,5950.0362,mp_oct
1,5950.3365,mp_oct
1,5950.6369,mp_oct
1,5950.9372,mp_oct
1,5951.2476,mp_oct
1,5951.5579,mp_oct
1,5951.8581,mp_oct
1,5952.1585,mp_oct
1,5952.4589,mp_oct
1,5952.7592,mp_oct
1,5953.0595,mp_oct
1,5953.3599,mp_oct
1,5953.6602,mp_oct
1,5953.9605,mp_oct
1,5954.2608,mp_oct
1,5954.5612,mp_oct
1,5954.8616,mp_oct
1,5955.1619,mp_oct
1,5955.4678,mp_oct
1,5955.7681,mp_oct
1,5956.0684,mp_oct
1,5956.3688,mp_oct
1,5956.6692,mp_oct
1,5956.9694,mp_oct
1,5957.2742,mp_oct
1,5957.5745,mp_oct
1,5957.8748,mp_oct
1,5958.1752,mp_oct
1,5958.4755,mp_oct
1,5958.7858,mp_oct
1,5959.0862,mp_oct
1,5959.3865,mp_oct
1,5959.6925,mp_oct
1,5959.9928,mp_oct
1,5960.2932,mp_oct
1,5960.5935,mp_oct
1,5960.8939,mp_oct
1,5961.1942,mp_oct
1,5961.4945,mp_oct
1,5961.7949,mp_oct
1,5962.0996,mp_oct
1,5962.3999,mp_oct
1,5962.7002,mp_oct
1,5963.0005,mp_oct
1,5963.3008,mp_oct
1,5963.6012,mp_oct
1,5963.9016,mp_oct
1,5964.2019,mp_oct
1,5964.5022,mp_oct
1,5964.8125,mp_oct
1,5965.1129,mp_oct
1,5965.4132,mp_oct
1,5965.7135,mp_oct
1,5966.0194,mp_oct
1,5966.3198,mp_oct
1,5966.6202,mp_oct
1,5966.9249,mp_oct
1,5967.2252,mp_oct
1,5967.5255,mp_oct
1,5967.8259,mp_oct
1,5968.1262,mp_oct
1,5968.4265,mp_oct
1,5968.7269,mp_oct
1,5969.0272,mp_oct
1,5969.3275,mp_oct
1,5969.6278,mp_oct
1,5969.9282,mp_oct
1,5970.2285,mp_oct
1,5970.5289,mp_oct
1,5970.8292,mp_oct
1,5971.1295,mp_oct
1,5971.4348,mp_oct
1,5971.7402,mp_oct
1,5972.0405,mp_oct
1,5972.3408,mp_oct
1,5972.6412,mp_oct
1,5972.9415,mp_oct
1,5973.2419,mp_oct
1,5973.5422,mp_oct
1,5973.8425,mp_oct
1,5974.1437,mp_oct
1,5974.4432,mp_oct
1,5974.7435,mp_oct
1,5975.0438,mp_oct
1,5975.3442,mp_oct
1,5975.6445,mp_oct
1,5975.9448,mp_oct
1,5976.2452,mp_oct
1,5976.5455,mp_oct
1,5976.8459,mp_oct
1,5977.1462,mp_oct
1,5977.4465,mp_oct
1,5977.7468,mp_oct
1,5978.0471,mp_oct
1,5978.3475,mp_oct
1,5978.6478,mp_oct
1,5978.9481,mp_oct
1,5979.2485,mp_oct
1,5979.5488,mp_oct
1,5979.8492,mp_oct
1,5980.1495,mp_oct
1,5980.4598,mp_oct
1,5980.7652,mp_oct
1,5981.0706,mp_oct
1,5981.3708,mp_oct
1,5981.6712,mp_oct
1,5981.9715,mp_oct
1,5982.2719,mp_oct
1,5982.5722,mp_oct
1,5982.8782,mp_oct
1,5983.1786,mp_oct
1,5983.4832,mp_oct
1,5983.7835,mp_oct
1,5984.0839,mp_oct
1,5984.3842,mp_oct
1,5984.6845,mp_oct
1,5984.9899,mp_oct
1,5985.2902,mp_oct
1,5985.5905,mp_oct
1,5985.8908,mp_oct
1,5986.1912,mp_oct
1,5986.4964,mp_oct
1,5986.8469,mp_oct
1,5987.1522,mp_oct
1,5987.4526,mp_oct
1,5987.7529,mp_oct
1,5988.0532,mp_oct
1,5988.3535,mp_oct
1,5988.6539,mp_oct
1,5988.9592,mp_oct
1,5989.2596,mp_oct
1,5989.5598,mp_oct
1,5989.8603,mp_oct
1,5990.1605,mp_oct
1,5990.4609,mp_oct
1,5990.7712,mp_oct
1,5991.0716,mp_oct
1,5991.3718,mp_oct
1,5991.6772,mp_oct
1,5991.9826,mp_oct
1,5992.2887,mp_oct
1,5992.5933,mp_oct
1,5992.8935,mp_oct
1,5993.1939,mp_oct
1,5993.4943,mp_oct
1,5993.7996,mp_oct
1,5994.0999,mp_oct
1,5994.4002,mp_oct
1,5994.7005,mp_oct
1,5995.0009,mp_oct
1,5995.3012,mp_oct
1,5995.6015,mp_oct
1,5995.9068,mp_oct
1,5996.2072,mp_oct
1,5996.5076,mp_oct
1,5996.8079,mp_oct
1,5997.1082,mp_oct
1,5997.4085,mp_oct
1,5997.7089,mp_oct
1,5998.0092,mp_oct
1,5998.3096,mp_oct
1,5998.6099,mp_oct
1,5998.9102,mp_oct
1,5999.2106,mp_oct
1,5999.5109,mp_oct
1,5999.8113,mp_oct
1,6000.1116,mp_oct
1,6000.4118,mp_oct
1,6000.7178,mp_oct
1,6001.0181,mp_oct
1,6001.3229,mp_oct
1,6001.6233,mp_oct
1,6001.9236,mp_oct
1,6002.2239,mp_oct
1,6002.5242,mp_oct
1,6002.8245,mp_oct
1,6003.1249,mp_oct
1,6003.4252,mp_oct
1,6003.7255,mp_oct
1,6004.0309,mp_oct
1,6004.3312,mp_oct
1,6004.6366,mp_oct
1,6004.9369,mp_oct
1,6005.2372,mp_oct
1,6005.5376,mp_oct
1,6005.8379,mp_oct
1,6006.1382,mp_oct
1,6006.4386,mp_oct
1,6006.7388,mp_oct
1,6007.0392,mp_oct
1,6007.3396,mp_oct
1,6007.6399,mp_oct
1,6007.9402,mp_oct
2,6008.2756,mp_oct
1,6008.5809,mp_oct
1,6008.8812,mp_oct
1,6009.1816,mp_oct
1,6009.4819,mp_oct
1,6009.7823,mp_oct
1,6010.0826,mp_oct
1,6010.3885,mp_oct
1,6010.6888,mp_oct
1,6010.9892,mp_oct
1,6011.2895,mp_oct
1,6011.5898,mp_oct
1,6011.8902,mp_oct
1,6012.1905,mp_oct
1,6012.5003,mp_oct
1,6012.8005,mp_oct
1,6013.1009,mp_oct
1,6013.4012,mp_oct
1,6013.7016,mp_oct
1,6014.0019,mp_oct
1,6014.3022,mp_oct
1,6014.6026,mp_oct
1,6014.9028,mp_oct
1,6015.2032,mp_oct
1,6015.5036,mp_oct
1,6015.8039,mp_oct
1,6016.1092,mp_oct
1,6016.4096,mp_oct
1,6016.7099,mp_oct
1,6017.0102,mp_oct
1,6017.3164,mp_oct
1,6017.6167,mp_oct
1,6017.917,mp_oct
1,6018.2182,mp_oct
1,6018.5176,mp_oct
1,6018.818,mp_oct
1,6019.1184,mp_oct
1,6019.4187,mp_oct
1,6019.719,mp_oct
1,6020.0193,mp_oct
1,6020.3197,mp_oct
1,6020.6242,mp_oct
1,6020.9245,mp_oct
1,6021.2248,mp_oct
1,6021.5252,mp_oct
1,6021.8255,mp_oct
1,6022.1309,mp_oct
1,6022.4312,mp_oct
1,6022.7315,mp_oct
1,6023.0319,mp_oct
1,6023.3322,mp_oct
1,6023.6326,mp_oct
1,6023.9329,mp_oct
1,6024.2332,mp_oct
1,6024.5335,mp_oct
1,6024.8339,mp_oct
1,6025.1342,mp_oct
1,6025.4345,mp_oct
1,6025.7349,mp_oct
1,6026.0352,mp_oct
1,6026.3355,mp_oct
1,6026.6359,mp_oct
1,6026.9362,mp_oct
1,6027.2365,mp_oct
1,6027.5369,mp_oct
2,6027.8372,mp_oct
2,6028.1375,mp_oct
2,6028.4379,mp_oct
2,6028.7381,mp_oct
2,6029.0385,mp_oct
2,6029.3389,mp_oct
2,6029.6392,mp_oct
2,6029.9395,mp_oct
2,6030.2398,mp_oct
2,6030.5402,mp_oct
2,6030.8405,mp_oct
2,6031.1408,mp_oct
2,6031.4412,mp_oct
2,6031.7415,mp_oct
1,6032.0418,mp_oct
1,6032.3421,mp_oct
1,6032.6425,mp_oct
1,6032.9428,mp_oct
1,6033.2432,mp_oct
1,6033.5435,mp_oct
1,6033.8438,mp_oct
1,6034.1442,mp_oct
1,6034.4444,mp_oct
1,6034.7448,mp_oct
1,6035.0451,mp_oct
1,6035.3455,mp_oct
1,6035.6458,mp_oct
1,6035.9461,mp_oct
1,6036.2464,mp_oct
1,6036.5468,mp_oct
1,6036.8471,mp_oct
2,6037.1474,mp_oct
2,6037.4477,mp_oct
2,6037.7481,mp_oct
2,6038.0484,mp_oct
2,6038.3487,mp_oct
2,6038.6491,mp_oct
2,6038.9494,mp_oct
2,6039.2498,mp_oct
2,6039.5501,mp_oct
2,6039.8504,mp_oct
2,6040.1507,mp_oct
2,6040.4511,mp_oct
2,6040.7664,mp_oct
2,6041.0668,mp_oct
2,6041.3721,mp_oct
2,6041.6724,mp_oct
2,6041.9777,mp_oct
2,6042.2781,mp_oct
2,6042.5784,mp_oct
1,6042.8788,mp_oct
1,6043.179,mp_oct
1,6043.4794,mp_oct
1,6043.7797,mp_oct
1,6044.08,mp_oct
1,6044.3804,mp_oct
1,6044.6807,mp_oct
1,6044.981,mp_oct
1,6045.2914,mp_oct
1,6045.5917,mp_oct
1,6045.892,mp_oct
1,6046.1923,mp_oct
1,6046.4927,mp_oct
1,6046.793,mp_oct
1,6047.0933,mp_oct
1,6047.3937,mp_oct
1,6047.694,mp_oct
1,6047.9944,mp_oct
1,6048.2946,mp_oct
1,6048.595,mp_oct
1,6048.9003,mp_oct
1,6049.2006,mp_oct
1,6049.501,mp_oct
1,6049.8013,mp_oct
1,6050.1016,mp_oct
1,6050.402,mp_oct
1,6050.7023,mp_oct
1,6051.0027,mp_oct
1,6051.303,mp_oct
1,6051.6032,mp_oct
1,6051.9036,mp_oct
1,6052.204,mp_oct
1,6052.5043,mp_oct
1,6052.8046,mp_oct
1,6053.105,mp_oct
1,6053.4053,mp_oct
1,6053.7056,mp_oct
1,6054.006,mp_oct
1,6054.3063,mp_oct
1,6054.6066,mp_oct
1,6054.9069,mp_oct
1,6055.2073,mp_oct
1,6055.5076,mp_oct
1,6055.8079,mp_oct
1,6056.1082,mp_oct
1,6056.4095,mp_oct
1,6056.7089,mp_oct
1,6057.0092,mp_oct
1,6057.3096,mp_oct
1,6057.6099,mp_oct
1,6057.9103,mp_oct
1,6058.2106,mp_oct
1,6058.5159,mp_oct
1,6058.8162,mp_oct
1,6059.1165,mp_oct
1,6059.4169,mp_oct
1,6059.7172,mp_oct
1,6060.0232,mp_oct
1,6060.3234,mp_oct
1,6060.6282,mp_oct
1,6060.9335,mp_oct
1,6061.2339,mp_oct
1,6061.5342,mp_oct
1,6061.8345,mp_oct
1,6062.1349,mp_oct
1,6062.4352,mp_oct
1,6062.7355,mp_oct
1,6063.0358,mp_oct
1,6063.3362,mp_oct
1,6063.6365,mp_oct
1,6063.9369,mp_oct
1,6064.2422,mp_oct
1,6064.5425,mp_oct
1,6064.8428,mp_oct
1,6065.1432,mp_oct
1,6065.4435,mp_oct
1,6065.7438,mp_oct
1,6066.0442,mp_oct
1,6066.3501,mp_oct
1,6066.6504,mp_oct
1,6066.9508,mp_oct
1,6067.2511,mp_oct
1,6067.5514,mp_oct
1,6067.8517,mp_oct
1,6068.1521,mp_oct
1,6068.4524,mp_oct
1,6068.7528,mp_oct
1,6069.0531,mp_oct
1,6069.3534,mp_oct
1,6069.6537,mp_oct
1,6069.9541,mp_oct
1,6070.2544,mp_oct
1,6070.5548,mp_oct
1,6070.8551,mp_oct
1,6071.1554,mp_oct
1,6071.4558,mp_oct
1,6071.7561,mp_oct
1,6072.0564,mp_oct
1,6072.3568,mp_oct
1,6072.6665,mp_oct
1,6072.9668,mp_oct
1,6073.2671,mp_oct
1,6073.5675,mp_oct
1,6073.8677,mp_oct
1,6074.1681,mp_oct
1,6074.4685,mp_oct
1,6074.7688,mp_oct
1,6075.0691,mp_oct
1,6075.3695,mp_oct
1,6075.6698,mp_oct
1,6075.9701,mp_oct
1,6076.2755,mp_oct
1,6076.5757,mp_oct
1,6076.8761,mp_oct
1,6077.1764,mp_oct
1,6077.4767,mp_oct
1,6077.7771,mp_oct
1,6078.0774,mp_oct
1,6078.3778,mp_oct
1,6078.678,mp_oct
1,6078.9784,mp_oct
1,6079.2788,mp_oct
1,6079.5791,mp_oct
1,6079.8794,mp_oct
1,6080.1797,mp_oct
1,6080.4801,mp_oct
1,6080.7812,mp_oct
1,6081.0807,mp_oct
1,6081.3811,mp_oct
1,6081.6814,mp_oct
1,6081.9817,mp_oct
1,6082.282,mp_oct
1,6082.5824,mp_oct
1,6082.8827,mp_oct
1,6083.1831,mp_oct
1,6083.4834,mp_oct
1,6083.7837,mp_oct
1,6084.084,mp_oct
1,6084.3844,mp_oct
1,6084.6847,mp_oct
1,6084.9851,mp_oct
1,6085.2853,mp_oct
1,6085.5857,mp_oct
1,6085.886,mp_oct
1,6086.1864,mp_oct
1,6086.4867,mp_oct
1,6086.787,mp_oct
1,6087.0874,mp_oct
1,6087.3877,mp_oct
1,6087.688,mp_oct
1,6087.9884,mp_oct
1,6088.2887,mp_oct
1,6088.589,mp_oct
1,6088.8893,mp_oct
1,6089.1897,mp_oct
1,6089.49,mp_oct
1,6089.7904,mp_oct
1,6090.0907,mp_oct
1,6090.391,mp_oct
1,6090.6914,mp_oct
1,6090.9917,mp_oct
1,6091.292,mp_oct
1,6091.5924,mp_oct
1,6091.8984,mp_oct
1,6092.1988,mp_oct
1,6092.4991,mp_oct
1,6092.7995,mp_oct
1,6093.0998,mp_oct
1,6093.4001,mp_oct
1,6093.7004,mp_oct
1,6094.0008,mp_oct
1,6094.3011,mp_oct
1,6094.6014,mp_oct
1,6094.9018,mp_oct
1,6095.2021,mp_oct
1,6095.5067,mp_oct
1,6095.807,mp_oct
1,6096.1073,mp_oct
1,6096.4077,mp_oct
1,6096.708,mp_oct
1,6097.0084,mp_oct
1,6097.3087,mp_oct
1,6097.609,mp_oct
1,6097.9093,mp_oct
1,6098.2097,mp_oct
1,6098.51,mp_oct
1,6098.8103,mp_oct
1,6099.1157,mp_oct
1,6099.4161,mp_oct
1,6099.7164,mp_oct
1,6100.0166,mp_oct
1,6100.317,mp_oct
1,6100.6173,mp_oct
1,6100.9177,mp_oct
1,6101.218,mp_oct
1,6101.5183,mp_oct
1,6101.8187,mp_oct
1,6102.119,mp_oct
1,6102.4193,mp_oct
1,6102.7197,mp_oct
1,6103.0199,mp_oct
1,6103.3203,mp_oct
1,6103.6207,mp_oct
1,6103.921,mp_oct
1,6104.2213,mp_oct
1,6104.5217,mp_oct
1,6104.8219,mp_oct
1,6105.1273,mp_oct
1,6105.4276,mp_oct
1,6105.728,mp_oct
1,6106.0283,mp_oct
1,6106.3286,mp_oct
1,6106.629,mp_oct
1,6106.9292,mp_oct
1,6107.2296,mp_oct
1,6107.5299,mp_oct
1,6107.8303,mp_oct
1,6108.1307,mp_oct
1,6108.4309,mp_oct
1,6108.7313,mp_oct
1,6109.0316,mp_oct
1,6109.3319,mp_oct
1,6109.6323,mp_oct
1,6109.9326,mp_oct
1,6110.2329,mp_oct
1,6110.5332,mp_oct
1,6110.8336,mp_oct
1,6111.1339,mp_oct
1,6111.4342,mp_oct
1,6111.7346,mp_oct
1,6112.0349,mp_oct
1,6112.3352,mp_oct
1,6112.6356,mp_oct
1,6112.936,mp_oct
1,6113.2362,mp_oct
1,6113.5366,mp_oct
1,6113.8369,mp_oct
1,6114.1373,mp_oct
1,6114.4376,mp_oct
1,6114.7379,mp_oct
1,6115.0382,mp_oct
1,6115.3385,mp_oct
1,6115.6389,mp_oct
1,6115.9392,mp_oct
1,6116.2396,mp_oct
1,6116.5399,mp_oct
1,6116.8402,mp_oct
1,6117.1405,mp_oct
1,6117.4409,mp_oct
1,6117.7412,mp_oct
1,6118.0415,mp_oct
1,6118.3419,mp_oct
1,6118.6422,mp_oct
1,6118.9426,mp_oct
1,6119.2429,mp_oct
1,6119.5432,mp_oct
1,6119.8436,mp_oct
1,6120.1438,mp_oct
1,6120.4442,mp_oct
1,6120.7445,mp_oct
1,6121.0448,mp_oct
1,6121.3451,mp_oct
1,6121.6455,mp_oct
1,6121.9458,mp_oct
1,6122.2461,mp_oct
1,6122.5465,mp_oct
1,6122.8468,mp_oct
1,6123.1471,mp_oct
1,6123.4475,mp_oct
1,6123.7478,mp_oct
1,6124.0481,mp_oct
1,6124.3485,mp_oct
1,6124.6488,mp_oct
1,6124.9491,mp_oct
1,6125.2495,mp_oct
1,6125.5498,mp_oct
1,6125.8501,mp_oct
1,6126.1505,mp_oct
1,6126.4509,mp_oct
1,6126.7512,mp_oct
1,6127.0515,mp_oct
1,6127.3518,mp_oct
1,6127.6522,mp_oct
1,6127.9525,mp_oct
1,6128.2528,mp_oct
1,6128.5531,mp_oct
1,6128.8535,mp_oct
1,6129.1538,mp_oct
1,6129.4541,mp_oct
1,6129.7544,mp_oct
1,6130.0548,mp_oct
1,6130.3551,mp_oct
1,6130.6555,mp_oct
1,6130.9558,mp_oct
1,6131.2561,mp_oct
1,6131.5564,mp_oct
1,6131.8624,mp_oct
1,6132.1627,mp_oct
1,6132.463,mp_oct
1,6132.7678,mp_oct
1,6133.0681,mp_oct
1,6133.3734,mp_oct
1,6133.6738,mp_oct
1,6133.9741,mp_oct
1,6134.2745,mp_oct
1,6134.5748,mp_oct
1,6134.8751,mp_oct
1,6135.1755,mp_oct
1,6135.4758,mp_oct
1,6135.7761,mp_oct
1,6136.0765,mp_oct
1,6136.3767,mp_oct
1,6136.6771,mp_oct
1,6136.9774,mp_oct
1,6137.2778,mp_oct
1,6137.5781,mp_oct
1,6137.8784,mp_oct
1,6138.1788,mp_oct
1,6138.4791,mp_oct
1,6138.7795,mp_oct
1,6139.0798,mp_oct
1,6139.3801,mp_oct
1,6139.6804,mp_oct
1,6139.9808,mp_oct
1,6140.2811,mp_oct
1,6140.5814,mp_oct
1,6140.8818,mp_oct
1,6141.182,mp_oct
1,6141.4824,mp_oct
1,6141.7828,mp_oct
1,6142.0831,mp_oct
1,6142.3834,mp_oct
1,6142.6838,mp_oct
1,6142.9841,mp_oct
1,6143.2844,mp_oct
1,6143.5847,mp_oct
1,6143.8851,mp_oct
1,6144.1855,mp_oct
1,6144.4858,mp_oct
1,6144.7861,mp_oct
1,6145.0864,mp_oct
1,6145.3867,mp_oct
1,6145.6871,mp_oct
1,6145.9874,mp_oct
1,6146.2877,mp_oct
1,6146.5988,mp_oct
1,6146.8991,mp_oct
1,6147.1995,mp_oct
1,6147.4998,mp_oct
1,6147.8001,mp_oct
1,6148.1004,mp_oct
1,6148.4008,mp_oct
1,6148.7011,mp_oct
1,6149.0014,mp_oct
1,6149.3017,mp_oct
1,6149.6021,mp_oct
1,6149.9024,mp_oct
1,6150.2027,mp_oct
1,6150.503,mp_oct
1,6150.8034,mp_oct
1,6151.1037,mp_oct
1,6151.404,mp_oct
1,6151.7044,mp_oct
1,6152.0047,mp_oct
1,6152.305,mp_oct
1,6152.6054,mp_oct
1,6152.9057,mp_oct
1,6153.2069,mp_oct
1,6153.5063,mp_oct
1,6153.8067,mp_oct
1,6154.107,mp_oct
1,6154.4074,mp_oct
1,6154.712,mp_oct
1,6155.0124,mp_oct
1,6155.3127,mp_oct
1,6155.6131,mp_oct
1,6155.9134,mp_oct
1,6156.2137,mp_oct
1,6156.5141,mp_oct
1,6156.8144,mp_oct
1,6157.1147,mp_oct
1,6157.4151,mp_oct
1,6157.7154,mp_oct
1,6158.0157,mp_oct
1,6158.316,mp_oct
1,6158.6164,mp_oct
1,6158.9167,mp_oct
1,6159.217,mp_oct
1,6159.5174,mp_oct
1,6159.8177,mp_oct
1,6160.118,mp_oct
1,6160.4184,mp_oct
1,6160.7187,mp_oct
1,6161.019,mp_oct
1,6161.3194,mp_oct
1,6161.6196,mp_oct
1,6161.9201,mp_oct
1,6162.2204,mp_oct
1,6162.5207,mp_oct
1,6162.8211,mp_oct
1,6163.1214,mp_oct
1,6163.4217,mp_oct
1,6163.7221,mp_oct
1,6164.0223,mp_oct
1,6164.3227,mp_oct
1,6164.623,mp_oct
1,6164.9234,mp_oct
1,6165.2237,mp_oct
1,6165.524,mp_oct
1,6165.8244,mp_oct
1,6166.1247,mp_oct
1,6166.425,mp_oct
1,6166.7253,mp_oct
1,6167.0257,mp_oct
1,6167.326,mp_oct
1,6167.6263,mp_oct
1,6167.9267,mp_oct
1,6168.227,mp_oct
1,6168.5273,mp_oct
1,6168.8277,mp_oct
1,6169.128,mp_oct
1,6169.4283,mp_oct
1,6169.7287,mp_oct
1,6170.0289,mp_oct
1,6170.3293,mp_oct
1,6170.6297,mp_oct
1,6170.93,mp_oct
1,6171.2353,mp_oct
1,6171.5357,mp_oct
1,6171.836,mp_oct
1,6172.1363,mp_oct
1,6172.4367,mp_oct
1,6172.737,mp_oct
1,6173.0373,mp_oct
1,6173.3376,mp_oct
1,6173.638,mp_oct
1,6173.9383,mp_oct
1,6174.2387,mp_oct
1,6174.539,mp_oct
1,6174.8393,mp_oct
1,6175.1396,mp_oct
1,6175.44,mp_oct
1,6175.7403,mp_oct
1,6176.0407,mp_oct
1,6176.341,mp_oct
1,6176.6413,mp_oct
1,6176.9416,mp_oct
1,6177.242,mp_oct
1,6177.5423,mp_oct
1,6177.8426,mp_oct
1,6178.143,mp_oct
1,6178.4433,mp_oct
1,6178.7436,mp_oct
1,6179.0439,mp_oct
1,6179.3443,mp_oct
1,6179.6446,mp_oct
1,6179.9449,mp_oct
1,6180.2452,mp_oct
1,6180.5456,mp_oct
1,6180.846,mp_oct
1,6181.1463,mp_oct
1,6181.4466,mp_oct
1,6181.7469,mp_oct
1,6182.0473,mp_oct
1,6182.3476,mp_oct
1,6182.6479,mp_oct
1,6182.9482,mp_oct
1,6183.2485,mp_oct
1,6183.5489,mp_oct
1,6183.8492,mp_oct
1,6184.1496,mp_oct
1,6184.4508,mp_oct
1,6184.7653,mp_oct
1,6185.0656,mp_oct
1,6185.3659,mp_oct
1,6185.6662,mp_oct
1,6185.9666,mp_oct
1,6186.2669,mp_oct
1,6186.5723,mp_oct
1,6186.8726,mp_oct
1,6187.173,mp_oct
1,6187.4732,mp_oct
1,6187.7736,mp_oct
1,6188.0739,mp_oct
1,6188.3743,mp_oct
1,6188.6746,mp_oct
1,6188.9749,mp_oct
1,6189.2752,mp_oct
1,6189.5756,mp_oct
1,6189.8759,mp_oct
1,6190.1762,mp_oct
1,6190.4766,mp_oct
1,6190.7768,mp_oct
1,6191.0772,mp_oct
1,6191.3775,mp_oct
1,6191.6779,mp_oct
1,6191.9782,mp_oct
1,6192.2786,mp_oct
1,6192.5839,mp_oct
1,6192.8842,mp_oct
1,6193.1845,mp_oct
1,6193.4849,mp_oct
1,6193.7852,mp_oct
1,6194.0856,mp_oct
1,6194.3859,mp_oct
1,6194.6862,mp_oct
1,6194.9865,mp_oct
1,6195.2869,mp_oct
1,6195.5872,mp_oct
1,6195.8876,mp_oct
1,6196.1879,mp_oct
1,6196.4882,mp_oct
1,6196.7941,mp_oct
1,6197.0944,mp_oct
1,6197.3947,mp_oct
1,6197.6951,mp_oct
1,6197.9955,mp_oct
1,6198.2958,mp_oct
1,6198.5961,mp_oct
1,6198.8964,mp_oct
1,6199.1968,mp_oct
1,6199.4971,mp_oct
1,6199.7973,mp_oct
1,6200.0977,mp_oct
1,6200.3981,mp_oct
1,6200.6983,mp_oct
1,6200.9988,mp_oct
1,6201.3085,mp_oct
1,6201.6088,mp_oct
1,6201.9092,mp_oct
1,6202.2095,mp_oct
1,6202.5098,mp_oct
1,6202.8101,mp_oct
1,6203.1105,mp_oct
1,6203.4109,mp_oct
1,6203.7111,mp_oct
1,6204.0115,mp_oct
1,6204.3118,mp_oct
1,6204.6121,mp_oct
1,6204.9124,mp_oct
1,6205.2128,mp_oct
1,6205.5131,mp_oct
1,6205.8134,mp_oct
1,6206.1138,mp_oct
1,6206.4142,mp_oct
1,6206.7144,mp_oct
1,6207.0148,mp_oct
1,6207.3151,mp_oct
1,6207.6154,mp_oct
1,6207.9158,mp_oct
1,6208.2161,mp_oct
1,6208.5164,mp_oct
1,6208.8167,mp_oct
1,6209.1172,mp_oct
1,6209.4224,mp_oct
1,6209.7228,mp_oct
1,6210.0231,mp_oct
1,6210.3235,mp_oct
1,6210.6237,mp_oct
1,6210.9241,mp_oct
1,6211.2245,mp_oct
1,6211.5247,mp_oct
1,6211.8251,mp_oct
1,6212.1254,mp_oct
1,6212.4258,mp_oct
1,6212.7261,mp_oct
1,6213.0264,mp_oct
1,6213.3268,mp_oct
1,6213.6271,mp_oct
1,6213.9274,mp_oct
1,6214.2277,mp_oct
1,6214.528,mp_oct
1,6214.8284,mp_oct
1,6215.1288,mp_oct
1,6215.4291,mp_oct
1,6215.7294,mp_oct
1,6216.0297,mp_oct
1,6216.33,mp_oct
1,6216.6304,mp_oct
1,6216.9307,mp_oct
1,6217.2311,mp_oct
1,6217.5314,mp_oct
1,6217.8317,mp_oct
1,6218.1321,mp_oct
1,6218.4324,mp_oct
1,6218.7327,mp_oct
1,6219.033,mp_oct
1,6219.3334,mp_oct
1,6219.6337,mp_oct
1,6219.9341,mp_oct
1,6220.2343,mp_oct
1,6220.5347,mp_oct
1,6220.835,mp_oct
1,6221.1354,mp_oct
1,6221.4356,mp_oct
1,6221.736,mp_oct
1,6222.0364,mp_oct
1,6222.3367,mp_oct
1,6222.6427,mp_oct
1,6222.9431,mp_oct
1,6223.2434,mp_oct
1,6223.5438,mp_oct
1,6223.8441,mp_oct
1,6224.1444,mp_oct
1,6224.4447,mp_oct
1,6224.745,mp_oct
1,6225.0454,mp_oct
1,6225.3457,mp_oct
1,6225.646,mp_oct
1,6225.9464,mp_oct
1,6226.2467,mp_oct
1,6226.547,mp_oct
1,6226.8474,mp_oct
1,6227.1477,mp_oct
1,6227.4481,mp_oct
1,6227.7484,mp_oct
1,6228.0488,mp_oct
1,6228.3491,mp_oct
1,6228.6494,mp_oct
1,6228.9497,mp_oct
1,6229.25,mp_oct
1,6229.5504,mp_oct
1,6229.8507,mp_oct
1,6230.151,mp_oct
1,6230.4514,mp_oct
1,6230.7517,mp_oct
1,6231.052,mp_oct
1,6231.3524,mp_oct
1,6231.6527,mp_oct
1,6231.9531,mp_oct
1,6232.2533,mp_oct
1,6232.5537,mp_oct
1,6232.854,mp_oct
1,6233.1543,mp_oct
1,6233.4547,mp_oct
1,6233.755,mp_oct
1,6234.0554,mp_oct
1,6234.3557,mp_oct
1,6234.656,mp_oct
1,6234.9563,mp_oct
1,6235.2566,mp_oct
1,6235.557,mp_oct
1,6235.8573,mp_oct
1,6236.1576,mp_oct
1,6236.4579,mp_oct
1,6236.7583,mp_oct
1,6237.0586,mp_oct
1,6237.359,mp_oct
1,6237.6593,mp_oct
1,6237.9596,mp_oct
1,6238.2599,mp_oct
1,6238.5603,mp_oct
1,6238.8749,mp_oct
1,6239.1752,mp_oct
1,6239.4756,mp_oct
1,6239.7758,mp_oct
1,6240.0762,mp_oct
1,6240.3765,mp_oct
1,6240.6768,mp_oct
1,6240.9772,mp_oct
1,6241.2775,mp_oct
1,6241.5779,mp_oct
1,6241.8782,mp_oct
1,6242.1785,mp_oct
1,6242.4788,mp_oct
1,6242.7792,mp_oct
1,6243.0795,mp_oct
1,6243.3798,mp_oct
1,6243.6801,mp_oct
1,6243.9805,mp_oct
1,6244.2808,mp_oct
1,6244.5812,mp_oct
1,6244.8815,mp_oct
1,6245.1818,mp_oct
1,6245.4822,mp_oct
1,6245.7825,mp_oct
1,6246.0828,mp_oct
1,6246.3831,mp_oct
1,6246.6835,mp_oct
1,6246.9838,mp_oct
1,6247.2841,mp_oct
1,6247.5844,mp_oct
1,6247.8848,mp_oct
1,6248.1851,mp_oct
1,6248.4855,mp_oct
1,6248.7858,mp_oct
1,6249.0861,mp_oct
1,6249.3864,mp_oct
1,6249.6867,mp_oct
1,6249.9871,mp_oct
1,6250.2874,mp_oct
1,6250.5877,mp_oct
1,6250.8881,mp_oct
1,6251.1884,mp_oct
1,6251.4888,mp_oct
1,6251.7891,mp_oct
1,6252.0894,mp_oct
1,6252.3897,mp_oct
1,6252.6956,mp_oct
1,6252.9959,mp_oct
1,6253.2963,mp_oct
1,6253.5966,mp_oct
1,6253.897,mp_oct
1,6254.1973,mp_oct
1,6254.4977,mp_oct
1,6254.798,mp_oct
1,6255.1027,mp_oct
1,6255.4031,mp_oct
1,6255.7034,mp_oct
1,6256.0037,mp_oct
1,6256.3091,mp_oct
1,6256.6093,mp_oct
1,6256.9097,mp_oct
1,6257.21,mp_oct
1,6257.5104,mp_oct
1,6257.8108,mp_oct
1,6258.111,mp_oct
1,6258.4114,mp_oct
1,6258.7117,mp_oct
1,6259.012,mp_oct
1,6259.3124,mp_oct
1,6259.6127,mp_oct
1,6259.913,mp_oct
1,6260.2133,mp_oct
1,6260.5137,mp_oct
1,6260.814,mp_oct
1,6261.1144,mp_oct
1,6261.4147,mp_oct
1,6261.715,mp_oct
1,6262.0153,mp_oct
1,6262.3156,mp_oct
1,6262.6159,mp_oct
1,6262.9213,mp_oct
1,6263.2217,mp_oct
1,6263.522,mp_oct
1,6263.8223,mp_oct
1,6264.1226,mp_oct
1,6264.423,mp_oct
1,6264.7289,mp_oct
1,6265.0293,mp_oct
1,6265.3296,mp_oct
1,6265.63,mp_oct
1,6265.9302,mp_oct
1,6266.2306,mp_oct
1,6266.5309,mp_oct
1,6266.8313,mp_oct
1,6267.1316,mp_oct
1,6267.4319,mp_oct
1,6267.7322,mp_oct
1,6268.0326,mp_oct
1,6268.3329,mp_oct
1,6268.6332,mp_oct
1,6268.9336,mp_oct
1,6269.2339,mp_oct
1,6269.5342,mp_oct
1,6269.8346,mp_oct
1,6270.1349,mp_oct
1,6270.4352,mp_oct
1,6270.7355,mp_oct
1,6271.0358,mp_oct
1,6271.3362,mp_oct
1,6271.6365,mp_oct
1,6271.9369,mp_oct
1,6272.2415,mp_oct
1,6272.5419,mp_oct
1,6272.8422,mp_oct
1,6273.1426,mp_oct
1,6273.4428,mp_oct
1,6273.7432,mp_oct
1,6274.0436,mp_oct
1,6274.3438,mp_oct
1,6274.6442,mp_oct
1,6274.9445,mp_oct
1,6275.2449,mp_oct
1,6275.5452,mp_oct
1,6275.8456,mp_oct
1,6276.1458,mp_oct
1,6276.4462,mp_oct
1,6276.7466,mp_oct
1,6277.0468,mp_oct
1,6277.3472,mp_oct
1,6277.6475,mp_oct
1,6277.9478,mp_oct
1,6278.2481,mp_oct
1,6278.5485,mp_oct
1,6278.8488,mp_oct
1,6279.1491,mp_oct
1,6279.4495,mp_oct
1,6279.7498,mp_oct
1,6280.0501,mp_oct
1,6280.3505,mp_oct
1,6280.6508,mp_oct
1,6280.9511,mp_oct
1,6281.2515,mp_oct
1,6281.5518,mp_oct
1,6281.8521,mp_oct
1,6282.1524,mp_oct
1,6282.4527,mp_oct
1,6282.7531,mp_oct
1,6283.0534,mp_oct
1,6283.3537,mp_oct
1,6283.6591,mp_oct
1,6283.9595,mp_oct
1,6284.2597,mp_oct
1,6284.5601,mp_oct
1,6284.8605,mp_oct
1,6285.1608,mp_oct
1,6285.4611,mp_oct
1,6285.7614,mp_oct
1,6286.0667,mp_oct
1,6286.3671,mp_oct
1,6286.6675,mp_oct
1,6286.9678,mp_oct
1,6287.2681,mp_oct
1,6287.5684,mp_oct
1,6287.8687,mp_oct
1,6288.1691,mp_oct
1,6288.4694,mp_oct
1,6288.7797,mp_oct
1,6289.08,mp_oct
1,6289.3804,mp_oct
1,6289.6807,mp_oct
1,6289.981,mp_oct
1,6290.2813,mp_oct
1,6290.5817,mp_oct
1,6290.887,mp_oct
1,6291.1923,mp_oct
1,6291.4983,mp_oct
1,6291.7986,mp_oct
1,6292.0989,mp_oct
1,6292.3993,mp_oct
1,6292.6996,mp_oct
1,6292.9999,mp_oct
1,6293.3002,mp_oct
1,6293.6006,mp_oct
1,6293.9009,mp_oct
1,6294.2013,mp_oct
1,6294.5016,mp_oct
1,6294.8063,mp_oct
1,6295.1066,mp_oct
1,6295.4069,mp_oct
1,6295.7073,mp_oct
1,6296.0076,mp_oct
1,6296.308,mp_oct
1,6296.6083,mp_oct
1,6296.9086,mp_oct
1,6297.2089,mp_oct
1,6297.5093,mp_oct
1,6297.8096,mp_oct
1,6298.11,mp_oct
1,6298.4103,mp_oct
1,6298.7156,mp_oct
1,6299.0159,mp_oct
1,6299.3163,mp_oct
1,6299.6166,mp_oct
1,6299.9169,mp_oct
1,6300.2223,mp_oct
1,6300.5226,mp_oct
1,6300.8229,mp_oct
1,6301.1233,mp_oct
1,6301.4236,mp_oct
1,6301.7297,mp_oct
1,6302.03,mp_oct
1,6302.3304,mp_oct
1,6302.6349,mp_oct
1,6302.9352,mp_oct
1,6303.2356,mp_oct
1,6303.5359,mp_oct
1,6303.8363,mp_oct
1,6304.1365,mp_oct
1,6304.4369,mp_oct
1,6304.7372,mp_oct
1,6305.0375,mp_oct
1,6305.3379,mp_oct
1,6305.6382,mp_oct
1,6305.9385,mp_oct
1,6306.2389,mp_oct
1,6306.5392,mp_oct
1,6306.8396,mp_oct
1,6307.1398,mp_oct
1,6307.4402,mp_oct
1,6307.7405,mp_oct
1,6308.0408,mp_oct
1,6308.3411,mp_oct
1,6308.6415,mp_oct
1,6308.9418,mp_oct
1,6309.2471,mp_oct
1,6309.5475,mp_oct
1,6309.8478,mp_oct
1,6310.1531,mp_oct
1,6310.4534,mp_oct
1,6310.7594,mp_oct
1,6311.0597,mp_oct
1,6311.3601,mp_oct
1,6311.6604,mp_oct
1,6311.9607,mp_oct
1,6312.2655,mp_oct
1,6312.5658,mp_oct
1,6312.8762,mp_oct
1,6313.1765,mp_oct
1,6313.4825,mp_oct
1,6313.7828,mp_oct
1,6314.0975,mp_oct
1,6314.4078,mp_oct
1,6314.7081,mp_oct
1,6315.0085,mp_oct
1,6315.3088,mp_oct
1,6315.6092,mp_oct
1,6315.9145,mp_oct
1,6316.2148,mp_oct
1,6316.5802,mp_oct
1,6316.8805,mp_oct
1,6317.1808,mp_oct
1,6317.4812,mp_oct
1,6317.7815,mp_oct
1,6318.0818,mp_oct
1,6318.3822,mp_oct
1,6318.6833,mp_oct
1,6318.9828,mp_oct
1,6319.2982,mp_oct
1,6319.6436,mp_oct
1,6319.9739,mp_oct
1,6320.2751,mp_oct
1,6320.5946,mp_oct
1,6320.8949,mp_oct
1,6321.2052,mp_oct
1,6321.5056,mp_oct
1,6321.8059,mp_oct
1,6322.1062,mp_oct
1,6322.4066,mp_oct
1,6322.7069,mp_oct
1,6323.0072,mp_oct
1,6323.3132,mp_oct
1,6323.6135,mp_oct
1,6323.9146,mp_oct
1,6324.2142,mp_oct
1,6324.5145,mp_oct
1,6324.8192,mp_oct
1,6325.1196,mp_oct
1,6325.4199,mp_oct
1,6325.7202,mp_oct
1,6326.0205,mp_oct
1,6326.3208,mp_oct
1,6326.6211,mp_oct
1,6326.9215,mp_oct
1,6327.2218,mp_oct
1,6327.5271,mp_oct
1,6327.8275,mp_oct
1,6328.1278,mp_oct
1,6328.4282,mp_oct
1,6328.7334,mp_oct
1,6329.0347,mp_oct
1,6329.3341,mp_oct
1,6329.6345,mp_oct
1,6329.9348,mp_oct
1,6330.2351,mp_oct
1,6330.5355,mp_oct
1,6330.8357,mp_oct
1,6331.1361,mp_oct
1,6331.442,mp_oct
1,6331.7424,mp_oct
1,6332.0427,mp_oct
1,6332.3474,mp_oct
1,6332.6477,mp_oct
1,6332.9481,mp_oct
1,6333.2642,mp_oct
1,6333.5645,mp_oct
1,6333.8649,mp_oct
1,6334.1694,mp_oct
1,6334.4698,mp_oct
14,6334.77,mp_oct
1,6335.0704,mp_oct
1,6335.3707,mp_oct
1,6335.6711,mp_oct
1,6335.9714,mp_oct
1,6336.2717,mp_oct
1,6336.6822,mp_oct
1,6336.9825,mp_oct
1,6337.2828,mp_oct
1,6337.5982,mp_oct
1,6337.9035,mp_oct
1,6338.2039,mp_oct
1,6338.5042,mp_oct
1,6338.8045,mp_oct
1,6339.1048,mp_oct
1,6339.4052,mp_oct
1,6339.7055,mp_oct
1,6340.0058,mp_oct
1,6340.3118,mp_oct
1,6340.6121,mp_oct
1,6340.9124,mp_oct
1,6341.2128,mp_oct
1,6341.5148,mp_oct
15,6341.8134,mp_oct
13,6342.1181,mp_oct
13,6342.4234,mp_oct
13,6342.7238,mp_oct
0,6343.0241,mp_oct
13,6343.3244,mp_oct
13,6343.6248,mp_oct
13,6343.9251,mp_oct
13,6344.2254,mp_oct
13,6344.5257,mp_oct
13,6344.8261,mp_oct
13,6345.1264,mp_oct
13,6345.4268,mp_oct
13,6345.7271,mp_oct
13,6346.0274,mp_oct
13,6346.3277,mp_oct
13,6346.6281,mp_oct
13,6346.9284,mp_oct
13,6347.2287,mp_oct
13,6347.5291,mp_oct
13,6347.8294,mp_oct
13,6348.1297,mp_oct
13,6348.43,mp_oct
13,6348.7303,mp_oct
13,6349.0413,mp_oct
13,6349.3417,mp_oct
13,6349.642,mp_oct
13,6349.9423,mp_oct
13,6350.247,mp_oct
13,6350.5473,mp_oct
13,6350.8527,mp_oct
13,6351.153,mp_oct
13,6351.4533,mp_oct
13,6351.7537,mp_oct
13,6352.054,mp_oct
13,6352.3593,mp_oct
13,6352.6596,mp_oct
13,6352.96,mp_oct
13,6353.2603,mp_oct
13,6353.5607,mp_oct
13,6353.861,mp_oct
13,6354.1613,mp_oct
13,6354.4616,mp_oct
13,6354.762,mp_oct
13,6355.0623,mp_oct
13,6355.3682,mp_oct
13,6355.6685,mp_oct
13,6355.9733,mp_oct
13,6356.2736,mp_oct
13,6356.574,mp_oct
13,6356.8742,mp_oct
13,6357.1746,mp_oct
13,6357.475,mp_oct
13,6357.7753,mp_oct
13,6358.0756,mp_oct
13,6358.3759,mp_oct
13,6358.6763,mp_oct
0,6358.9766,mp_oct
6,6359.2819,mp_oct
1,6359.5822,mp_oct
1,6359.8876,mp_oct
1,6360.1879,mp_oct
1,6360.4883,mp_oct
1,6360.7886,mp_oct
1,6361.0889,mp_oct
1,6361.3893,mp_oct
1,6361.6896,mp_oct
1,6361.9899,mp_oct
1,6362.2902,mp_oct
1,6362.5906,mp_oct
1,6362.9009,mp_oct
1,6363.2012,mp_oct
1,6363.5066,mp_oct
1,6363.8175,mp_oct
1,6364.1272,mp_oct
1,6364.4276,mp_oct
14,6364.7279,mp_oct
14,6365.0282,mp_oct
14,6365.3285,mp_oct
1,6365.6289,mp_oct
1,6365.9399,mp_oct
1,6366.2402,mp_oct
1,6366.5405,mp_oct
1,6366.8409,mp_oct
1,6367.1412,mp_oct
1,6367.4415,mp_oct
1,6367.7419,mp_oct
1,6368.0422,mp_oct
1,6368.3426,mp_oct
1,6368.6428,mp_oct
1,6368.9432,mp_oct
1,6369.2435,mp_oct
1,6369.5483,mp_oct
1,6369.8535,mp_oct
1,6370.1539,mp_oct
1,6370.4542,mp_oct
1,6370.7545,mp_oct
1,6371.0549,mp_oct
1,6371.3552,mp_oct
1,6371.6556,mp_oct
1,6371.9559,mp_oct
1,6372.2562,mp_oct
1,6372.5615,mp_oct
1,6372.8675,mp_oct
1,6373.1721,mp_oct
1,6373.4725,mp_oct
1,6373.7779,mp_oct
1,6374.0782,mp_oct
1,6374.3835,mp_oct
1,6374.6838,mp_oct
1,6374.9842,mp_oct
1,6375.2845,mp_oct
1,6375.5849,mp_oct
1,6375.8852,mp_oct
1,6376.1855,mp_oct
1,6376.4858,mp_oct
1,6376.7862,mp_oct
1,6377.0865,mp_oct
1,6377.3924,mp_oct
1,6377.6927,mp_oct
1,6377.9931,mp_oct
1,6378.2978,mp_oct
1,6378.5981,mp_oct
1,6378.8985,mp_oct
1,6379.1988,mp_oct
1,6379.4991,mp_oct
1,6379.7995,mp_oct
1,6380.0998,mp_oct
14,6380.4101,mp_oct
14,6380.7105,mp_oct
0,6381.0108,mp_oct
0,6381.3111,mp_oct
14,6381.6115,mp_oct
14,6381.9118,mp_oct
0,6382.2122,mp_oct
0,6382.5124,mp_oct
0,6382.8128,mp_oct
14,6383.1188,mp_oct
0,6383.4192,mp_oct
14,6383.7195,mp_oct
14,6384.0198,mp_oct
14,6384.3202,mp_oct
14,6384.6205,mp_oct
14,6384.9208,mp_oct
14,6385.2211,mp_oct
14,6385.5215,mp_oct
14,6385.8218,mp_oct
14,6386.1221,mp_oct
14,6386.4224,mp_oct
14,6386.7228,mp_oct
14,6387.024,mp_oct
14,6387.3235,mp_oct
14,6387.6238,mp_oct
0,6387.9241,mp_oct
0,6388.2244,mp_oct
13,6388.5248,mp_oct
13,6388.8252,mp_oct
13,6389.1254,mp_oct
13,6389.4258,mp_oct
13,6389.7261,mp_oct
13,6390.0264,mp_oct
13,6390.3268,mp_oct
15,6390.6271,mp_oct
13,6390.9275,mp_oct
13,6391.2278,mp_oct
13,6391.5281,mp_oct
13,6391.8284,mp_oct
15,6392.138,mp_oct
13,6392.4383,mp_oct
13,6392.7386,mp_oct
13,6393.039,mp_oct
13,6393.3393,mp_oct
13,6393.6396,mp_oct
13,6393.94,mp_oct
13,6394.2403,mp_oct
13,6394.5406,mp_oct
13,6394.841,mp_oct
13,6395.1413,mp_oct
13,6395.4416,mp_oct
13,6395.7419,mp_oct
13,6396.0422,mp_oct
13,6396.3426,mp_oct
13,6396.648,mp_oct
0,6396.9483,mp_oct
13,6397.2486,mp_oct
13,6397.5489,mp_oct
13,6397.8493,mp_oct
13,6398.1496,mp_oct
15,6398.45,mp_oct
0,6398.7503,mp_oct
14,6399.0506,mp_oct
14,6399.3509,mp_oct
14,6399.6512,mp_oct
14,6399.9572,mp_oct
0,6400.2575,mp_oct
0,6400.5578,mp_oct
0,6400.8581,mp_oct
14,6401.1585,mp_oct
14,6401.4588,mp_oct
14,6401.7591,mp_oct
14,6402.0595,mp_oct
14,6402.3598,mp_oct
14,6402.6602,mp_oct
14,6402.9604,mp_oct
0,6403.2608,mp_oct
1,6403.5611,mp_oct
1,6403.8615,mp_oct
1,6404.1618,mp_oct
1,6404.4621,mp_oct
1,6404.7625,mp_oct
1,6405.0628,mp_oct
1,6405.3631,mp_oct
1,6405.6634,mp_oct
1,6405.9638,mp_oct
1,6406.2641,mp_oct
1,6406.5645,mp_oct
1,6406.8648,mp_oct
1,6407.1651,mp_oct
1,6407.4655,mp_oct
1,6407.7658,mp_oct
1,6408.0661,mp_oct
1,6408.3664,mp_oct
1,6408.6667,mp_oct
1,6408.9765,mp_oct
1,6409.2768,mp_oct
1,6409.5878,mp_oct
1,6409.8925,mp_oct
1,6410.1928,mp_oct
1,6410.4932,mp_oct
1,6410.7935,mp_oct
1,6411.0939,mp_oct
1,6411.3941,mp_oct
1,6411.6945,mp_oct
1,6411.9948,mp_oct
1,6412.2951,mp_oct
1,6412.5954,mp_oct
1,6412.8958,mp_oct
1,6413.1961,mp_oct
1,6413.4964,mp_oct
1,6413.8018,mp_oct
1,6414.1021,mp_oct
15,6414.4024,mp_oct
0,6414.7028,mp_oct
14,6415.0031,mp_oct
14,6415.3034,mp_oct
14,6415.6037,mp_oct
14,6415.9041,mp_oct
14,6416.2044,mp_oct
14,6416.5047,mp_oct
14,6416.8051,mp_oct
14,6417.1054,mp_oct
14,6417.4057,mp_oct
0,6417.7061,mp_oct
14,6418.0064,mp_oct
14,6418.3067,mp_oct
14,6418.6071,mp_oct
14,6418.9074,mp_oct
14,6419.2077,mp_oct
14,6419.508,mp_oct
14,6419.8084,mp_oct
14,6420.1087,mp_oct
14,6420.4091,mp_oct
14,6420.7093,mp_oct
14,6421.0097,mp_oct
14,6421.31,mp_oct
14,6421.6103,mp_oct
0,6421.9107,mp_oct
0,6422.211,mp_oct
0,6422.5114,mp_oct
0,6422.8117,mp_oct
14,6423.112,mp_oct
0,6423.4123,mp_oct
0,6423.7126,mp_oct
14,6424.013,mp_oct
0,6424.3133,mp_oct
0,6424.6136,mp_oct
0,6424.914,mp_oct
0,6425.2143,mp_oct
14,6425.5146,mp_oct
14,6425.815,mp_oct
14,6426.1152,mp_oct
0,6426.4156,mp_oct
14,6426.721,mp_oct
14,6427.0213,mp_oct
14,6427.3272,mp_oct
14,6427.6275,mp_oct
14,6427.9279,mp_oct
14,6428.2282,mp_oct
0,6428.533,mp_oct
14,6428.8333,mp_oct
0,6429.1336,mp_oct
0,6429.434,mp_oct
0,6429.7343,mp_oct
14,6430.0346,mp_oct
0,6430.3349,mp_oct
14,6430.6353,mp_oct
14,6430.9356,mp_oct
14,6431.2359,mp_oct
14,6431.5363,mp_oct
14,6431.8366,mp_oct
14,6432.142,mp_oct
0,6432.4422,mp_oct
0,6432.7576,mp_oct
14,6433.058,mp_oct
14,6433.3582,mp_oct
14,6433.6586,mp_oct
14,6433.9589,mp_oct
14,6434.2593,mp_oct
14,6434.5595,mp_oct
14,6434.8599,mp_oct
14,6435.1602,mp_oct
14,6435.4606,mp_oct
14,6435.7609,mp_oct
14,6436.0612,mp_oct
14,6436.3716,mp_oct
14,6436.6719,mp_oct
14,6436.9722,mp_oct
14,6437.2725,mp_oct
1,6437.5729,mp_oct
1,6437.8732,mp_oct
1,6438.1735,mp_oct
1,6438.4738,mp_oct
1,6438.7742,mp_oct
1,6439.0745,mp_oct
1,6439.3749,mp_oct
1,6439.6752,mp_oct
1,6439.9755,mp_oct
1,6440.2759,mp_oct
1,6440.5819,mp_oct
1,6440.8865,mp_oct
1,6441.1868,mp_oct
1,6441.4872,mp_oct
1,6441.7875,mp_oct
1,6442.0878,mp_oct
1,6442.3882,mp_oct
1,6442.6885,mp_oct
1,6442.9888,mp_oct
1,6443.2892,mp_oct
1,6443.5895,mp_oct
1,6443.8948,mp_oct
1,6444.2002,mp_oct
1,6444.5005,mp_oct
1,6444.8008,mp_oct
1,6445.1012,mp_oct
1,6445.4071,mp_oct
1,6445.7168,mp_oct
1,6446.0172,mp_oct
14,6446.3174,mp_oct
14,6446.6178,mp_oct
14,6446.9181,mp_oct
14,6447.2185,mp_oct
14,6447.5188,mp_oct
14,6447.8191,mp_oct
14,6448.1194,mp_oct
14,6448.4198,mp_oct
14,6448.7201,mp_oct
0,6449.0204,mp_oct
0,6449.3207,mp_oct
14,6449.6212,mp_oct
14,6449.9214,mp_oct
14,6450.2218,mp_oct
14,6450.5221,mp_oct
0,6450.8224,mp_oct
13,6451.1228,mp_oct
0,6451.4231,mp_oct
13,6451.7235,mp_oct
13,6452.0237,mp_oct
13,6452.3241,mp_oct
13,6452.6244,mp_oct
13,6452.9247,mp_oct
13,6453.2251,mp_oct
13,6453.5254,mp_oct
13,6453.8257,mp_oct
1,6454.126,mp_oct
1,6454.4264,mp_oct
1,6454.7267,mp_oct
1,6455.027,mp_oct
1,6455.3324,mp_oct
1,6455.6328,mp_oct
1,6455.933,mp_oct
1,6456.2334,mp_oct
1,6456.5337,mp_oct
1,6456.8341,mp_oct
1,6457.1352,mp_oct
1,6457.4347,mp_oct
1,6457.735,mp_oct
1,6458.0353,mp_oct
1,6458.3357,mp_oct
1,6458.636,mp_oct
1,6458.9363,mp_oct
1,6459.2367,mp_oct
1,6459.537,mp_oct
1,6459.843,mp_oct
1,6460.1477,mp_oct
1,6460.453,mp_oct
1,6460.7534,mp_oct
1,6461.0537,mp_oct
1,6461.354,mp_oct
1,6461.6543,mp_oct
1,6461.9547,mp_oct
1,6462.255,mp_oct
1,6462.5553,mp_oct
1,6462.8556,mp_oct
1,6463.156,mp_oct
1,6463.4563,mp_oct
1,6463.7566,mp_oct
1,6464.057,mp_oct
1,6464.3573,mp_oct
1,6464.6576,mp_oct
1,6464.958,mp_oct
1,6465.2583,mp_oct
1,6465.5586,mp_oct
1,6465.859,mp_oct
1,6466.1593,mp_oct
1,6466.4596,mp_oct
1,6466.76,mp_oct
1,6467.0603,mp_oct
1,6467.3606,mp_oct
1,6467.6609,mp_oct
1,6467.9663,mp_oct
1,6468.2666,mp_oct
1,6468.5669,mp_oct
1,6468.8673,mp_oct
1,6469.1676,mp_oct
1,6469.4679,mp_oct
1,6469.7683,mp_oct
1,6470.0685,mp_oct
1,6470.3689,mp_oct
1,6470.6692,mp_oct
1,6470.9696,mp_oct
1,6471.27,mp_oct
1,6471.5702,mp_oct
1,6471.8705,mp_oct
1,6472.1709,mp_oct
1,6472.4712,mp_oct
1,6472.7716,mp_oct
1,6473.0719,mp_oct
1,6473.3778,mp_oct
1,6473.6781,mp_oct
1,6473.9784,mp_oct
1,6474.2788,mp_oct
1,6474.5792,mp_oct
1,6474.8795,mp_oct
1,6475.1798,mp_oct
1,6475.4801,mp_oct
1,6475.7805,mp_oct
1,6476.0808,mp_oct
1,6476.3811,mp_oct
1,6476.6859,mp_oct
1,6476.9861,mp_oct
1,6477.2865,mp_oct
1,6477.6024,mp_oct
1,6477.9028,mp_oct
1,6478.2075,mp_oct
1,6478.5079,mp_oct
1,6478.8082,mp_oct
1,6479.1085,mp_oct
1,6479.4089,mp_oct
1,6479.7091,mp_oct
1,6480.0095,mp_oct
1,6480.3098,mp_oct
1,6480.6101,mp_oct
1,6480.9105,mp_oct
1,6481.2108,mp_oct
1,6481.5112,mp_oct
1,6481.8115,mp_oct
1,6482.1118,mp_oct
1,6482.4121,mp_oct
1,6482.7124,mp_oct
1,6483.0128,mp_oct
1,6483.3131,mp_oct
1,6483.6135,mp_oct
1,6483.9138,mp_oct
1,6484.2141,mp_oct
1,6484.5145,mp_oct
1,6484.8148,mp_oct
1,6485.1151,mp_oct
1,6485.4155,mp_oct
1,6485.7157,mp_oct
1,6486.0161,mp_oct
1,6486.3164,mp_oct
1,6486.6168,mp_oct
1,6486.9221,mp_oct
1,6487.2224,mp_oct
1,6487.5228,mp_oct
1,6487.823,mp_oct
1,6488.1234,mp_oct
1,6488.4237,mp_oct
1,6488.7241,mp_oct
1,6489.0244,mp_oct
1,6489.3247,mp_oct
1,6489.6251,mp_oct
1,6489.9254,mp_oct
1,6490.2257,mp_oct
1,6490.526,mp_oct
1,6490.8264,mp_oct
1,6491.1267,mp_oct
1,6491.427,mp_oct
1,6491.7274,mp_oct
1,6492.0277,mp_oct
1,6492.368,mp_oct
1,6492.6684,mp_oct
1,6492.9687,mp_oct
1,6493.2691,mp_oct
1,6493.5693,mp_oct
1,6493.8697,mp_oct
1,6494.17,mp_oct
1,6494.4704,mp_oct
1,6494.7707,mp_oct
1,6495.071,mp_oct
1,6495.3764,mp_oct
1,6495.6767,mp_oct
1,6495.977,mp_oct
1,6496.2773,mp_oct
1,6496.5777,mp_oct
1,6496.878,mp_oct
1,6497.1783,mp_oct
1,6497.4787,mp_oct
1,6497.779,mp_oct
1,6498.0794,mp_oct
1,6498.3796,mp_oct
1,6498.68,mp_oct
1,6498.9803,mp_oct
1,6499.2807,mp_oct
1,6499.5866,mp_oct
1,6499.887,mp_oct
1,6500.1873,mp_oct
1,6500.4919,mp_oct
1,6500.7923,mp_oct
1,6501.0927,mp_oct
1,6501.3929,mp_oct
1,6501.6933,mp_oct
1,6501.9936,mp_oct
1,6502.2939,mp_oct
1,6502.5943,mp_oct
1,6502.8946,mp_oct
1,6503.1949,mp_oct
1,6503.4953,mp_oct
1,6503.7956,mp_oct
1,6504.0959,mp_oct
1,6504.3963,mp_oct
1,6504.7016,mp_oct
1,6505.0019,mp_oct
1,6505.3022,mp_oct
1,6505.6026,mp_oct
1,6505.9029,mp_oct
1,6506.2032,mp_oct
1,6506.5036,mp_oct
1,6506.8038,mp_oct
1,6507.1042,mp_oct
1,6507.4045,mp_oct
1,6507.7049,mp_oct
1,6508.0052,mp_oct
1,6508.3055,mp_oct
1,6508.6059,mp_oct
1,6508.9062,mp_oct
1,6509.2065,mp_oct
1,6509.5068,mp_oct
1,6509.8072,mp_oct
1,6510.1075,mp_oct
1,6510.4079,mp_oct
1,6510.7082,mp_oct
1,6511.0085,mp_oct
1,6511.3088,mp_oct
1,6511.6092,mp_oct
1,6511.9095,mp_oct
1,6512.2098,mp_oct
1,6512.5101,mp_oct
1,6512.8105,mp_oct
1,6513.1108,mp_oct
1,6513.4111,mp_oct
1,6513.7115,mp_oct
1,6514.0118,mp_oct
1,6514.3121,mp_oct
1,6514.6125,mp_oct
1,6514.9128,mp_oct
1,6515.2131,mp_oct
1,6515.5135,mp_oct
1,6515.8138,mp_oct
1,6516.1141,mp_oct
1,6516.4145,mp_oct
1,6516.7148,mp_oct
1,6517.0151,mp_oct
1,6517.3154,mp_oct
1,6517.6157,mp_oct
1,6517.9161,mp_oct
1,6518.2164,mp_oct
1,6518.5167,mp_oct
1,6518.8171,mp_oct
1,6519.1174,mp_oct
1,6519.4177,mp_oct
1,6519.7181,mp_oct
1,6520.0184,mp_oct
1,6520.3187,mp_oct
1,6520.619,mp_oct
1,6520.9194,mp_oct
1,6521.2197,mp_oct
1,6521.5201,mp_oct
1,6521.8204,mp_oct
1,6522.1207,mp_oct
1,6522.421,mp_oct
1,6522.7214,mp_oct
1,6523.0217,mp_oct
1,6523.322,mp_oct
1,6523.6224,mp_oct
1,6523.9227,mp_oct
1,6524.223,mp_oct
1,6524.5233,mp_oct
1,6524.8237,mp_oct
1,6525.124,mp_oct
1,6525.4244,mp_oct
1,6525.7246,mp_oct
1,6526.025,mp_oct
1,6526.3253,mp_oct
1,6526.6257,mp_oct
1,6526.926,mp_oct
1,6527.2264,mp_oct
1,6527.5266,mp_oct
1,6527.827,mp_oct
1,6528.1273,mp_oct
1,6528.4276,mp_oct
1,6528.7279,mp_oct
1,6529.0283,mp_oct
1,6529.3286,mp_oct
1,6529.6289,mp_oct
1,6529.9293,mp_oct
1,6530.2296,mp_oct
1,6530.53,mp_oct
1,6530.8303,mp_oct
1,6531.1306,mp_oct
1,6531.4309,mp_oct
1,6531.7313,mp_oct
1,6532.0316,mp_oct
1,6532.3369,mp_oct
1,6532.6372,mp_oct
1,6532.9375,mp_oct
1,6533.2379,mp_oct
1,6533.5382,mp_oct
1,6533.8386,mp_oct
1,6534.1389,mp_oct
1,6534.4392,mp_oct
1,6534.7395,mp_oct
1,6535.0399,mp_oct
1,6535.3402,mp_oct
1,6535.6406,mp_oct
1,6535.9465,mp_oct
1,6536.2468,mp_oct
1,6536.5472,mp_oct
1,6536.8475,mp_oct
1,6537.1478,mp_oct
1,6537.4481,mp_oct
1,6537.7484,mp_oct
1,6538.0488,mp_oct
1,6538.3491,mp_oct
1,6538.6494,mp_oct
1,6538.9498,mp_oct
1,6539.2501,mp_oct
1,6539.5504,mp_oct
1,6539.8508,mp_oct
1,6540.1511,mp_oct
1,6540.4558,mp_oct
1,6540.7562,mp_oct
1,6541.0565,mp_oct
1,6541.3568,mp_oct
1,6541.6572,mp_oct
1,6541.9575,mp_oct
1,6542.2578,mp_oct
1,6542.5581,mp_oct
1,6542.8635,mp_oct
1,6543.1638,mp_oct
1,6543.4641,mp_oct
1,6543.7645,mp_oct
1,6544.0648,mp_oct
1,6544.3651,mp_oct
1,6544.6654,mp_oct
1,6544.9658,mp_oct
1,6545.2661,mp_oct
1,6545.5665,mp_oct
1,6545.8668,mp_oct
1,6546.1671,mp_oct
1,6546.4674,mp_oct
1,6546.7678,mp_oct
1,6547.0681,mp_oct
1,6547.3684,mp_oct
1,6547.6687,mp_oct
1,6547.9691,mp_oct
1,6548.2693,mp_oct
1,6548.5697,mp_oct
1,6548.8701,mp_oct
1,6549.1704,mp_oct
1,6549.4708,mp_oct
1,6549.7711,mp_oct
1,6550.0715,mp_oct
1,6550.3717,mp_oct
1,6550.6721,mp_oct
1,6550.9724,mp_oct
1,6551.2727,mp_oct
1,6551.5731,mp_oct
1,6551.8734,mp_oct
1,6552.1737,mp_oct
1,6552.4741,mp_oct
1,6552.7744,mp_oct
1,6553.0747,mp_oct
1,6553.3751,mp_oct
1,6553.6754,mp_oct
1,6553.9757,mp_oct
1,6554.2761,mp_oct
1,6554.5764,mp_oct
1,6554.8767,mp_oct
1,6555.1771,mp_oct
1,6555.4774,mp_oct
1,6555.7777,mp_oct
1,6556.093,mp_oct
1,6556.4034,mp_oct
1,6556.8188,mp_oct
1,6557.1192,mp_oct
1,6557.4195,mp_oct
1,6557.7198,mp_oct
1,6558.0202,mp_oct
1,6558.3205,mp_oct
1,6558.6209,mp_oct
1,6558.9212,mp_oct
1,6559.2215,mp_oct
1,6559.5218,mp_oct
1,6559.8221,mp_oct
1,6560.1225,mp_oct
1,6560.4334,mp_oct
1,6560.7338,mp_oct
1,6561.0341,mp_oct
1,6561.3344,mp_oct
1,6561.6348,mp_oct
1,6561.9351,mp_oct
1,6562.2355,mp_oct
1,6562.5366,mp_oct
1,6562.8361,mp_oct
1,6563.1364,mp_oct
1,6563.4367,mp_oct
1,6563.7371,mp_oct
1,6564.0374,mp_oct
1,6564.3377,mp_oct
1,6564.638,mp_oct
1,6564.9384,mp_oct
1,6565.2387,mp_oct
1,6565.5391,mp_oct
1,6565.8394,mp_oct
1,6566.1397,mp_oct
1,6566.4444,mp_oct
1,6566.7448,mp_oct
1,6567.0451,mp_oct
1,6567.3454,mp_oct
1,6567.6458,mp_oct
1,6567.9461,mp_oct
1,6568.2464,mp_oct
1,6568.5518,mp_oct
1,6568.8572,mp_oct
1,6569.1574,mp_oct
1,6569.4634,mp_oct
1,6569.7638,mp_oct
1,6570.0641,mp_oct
1,6570.3644,mp_oct
1,6570.6647,mp_oct
1,6570.9651,mp_oct
1,6571.2654,mp_oct
1,6571.5657,mp_oct
1,6571.866,mp_oct
1,6572.1664,mp_oct
1,6572.4667,mp_oct
1,6572.767,mp_oct
1,6573.0674,mp_oct
1,6573.3677,mp_oct
1,6573.668,mp_oct
1,6573.9683,mp_oct
1,6574.2687,mp_oct
1,6574.569,mp_oct
1,6574.8694,mp_oct
1,6575.1697,mp_oct
1,6575.47,mp_oct
1,6575.7704,mp_oct
1,6576.0707,mp_oct
1,6576.3709,mp_oct
1,6576.6713,mp_oct
1,6576.9716,mp_oct
1,6577.272,mp_oct
1,6577.5723,mp_oct
1,6577.8726,mp_oct
1,6578.173,mp_oct
1,6578.4777,mp_oct
1,6578.778,mp_oct
1,6579.0783,mp_oct
1,6579.3837,mp_oct
1,6579.684,mp_oct
1,6579.9843,mp_oct
1,6580.2846,mp_oct
1,6580.585,mp_oct
1,6580.8853,mp_oct
1,6581.1856,mp_oct
1,6581.4868,mp_oct
1,6581.7863,mp_oct
1,6582.0866,mp_oct
1,6582.387,mp_oct
1,6582.6873,mp_oct
1,6582.9876,mp_oct
1,6583.2879,mp_oct
1,6583.5883,mp_oct
1,6583.8886,mp_oct
1,6584.1939,mp_oct
1,6584.4942,mp_oct
1,6584.7946,mp_oct
1,6585.0949,mp_oct
1,6585.3952,mp_oct
1,6585.6955,mp_oct
1,6585.9959,mp_oct
1,6586.2963,mp_oct
1,6586.5966,mp_oct
1,6586.8969,mp_oct
1,6587.1972,mp_oct
1,6587.4975,mp_oct
1,6587.7979,mp_oct
1,6588.0982,mp_oct
1,6588.3986,mp_oct
1,6588.6989,mp_oct
1,6588.9992,mp_oct
1,6589.2995,mp_oct
1,6589.5999,mp_oct
1,6589.9002,mp_oct
1,6590.2005,mp_oct
1,6590.5009,mp_oct
1,6590.8012,mp_oct
1,6591.1015,mp_oct
1,6591.4019,mp_oct
1,6591.7022,mp_oct
1,6592.0025,mp_oct
1,6592.3028,mp_oct
1,6592.6032,mp_oct
1,6592.9035,mp_oct
1,6593.2038,mp_oct
1,6593.5042,mp_oct
1,6593.8044,mp_oct
1,6594.1048,mp_oct
1,6594.4052,mp_oct
1,6594.7055,mp_oct
1,6595.0058,mp_oct
1,6595.306,mp_oct
1,6595.6065,mp_oct
1,6595.9068,mp_oct
1,6596.2071,mp_oct
1,6596.5131,mp_oct
1,6596.8134,mp_oct
1,6597.1181,mp_oct
1,6597.4185,mp_oct
1,6597.7188,mp_oct
1,6598.0192,mp_oct
1,6598.3195,mp_oct
1,6598.6198,mp_oct
1,6598.9201,mp_oct
1,6599.2204,mp_oct
1,6599.5208,mp_oct
1,6599.8211,mp_oct
1,6600.1214,mp_oct
1,6600.4217,mp_oct
1,6600.722,mp_oct
1,6601.0224,mp_oct
1,6601.3278,mp_oct
1,6601.6531,mp_oct
1,6601.9534,mp_oct
1,6602.2538,mp_oct
1,6602.5541,mp_oct
1,6602.8544,mp_oct
1,6603.1548,mp_oct
1,6603.4551,mp_oct
1,6603.7555,mp_oct
1,6604.0558,mp_oct
1,6604.3561,mp_oct
1,6604.6564,mp_oct
1,6604.9567,mp_oct
1,6605.2571,mp_oct
1,6605.5574,mp_oct
1,6605.8677,mp_oct
1,6606.1681,mp_oct
1,6606.4735,mp_oct
1,6606.7788,mp_oct
1,6607.0791,mp_oct
1,6607.3794,mp_oct
1,6607.6797,mp_oct
1,6607.98,mp_oct
1,6608.2804,mp_oct
1,6608.5807,mp_oct
1,6608.881,mp_oct
1,6609.1814,mp_oct
1,6609.4817,mp_oct
1,6609.782,mp_oct
1,6610.0824,mp_oct
1,6610.3827,mp_oct
1,6610.683,mp_oct
1,6610.9834,mp_oct
1,6611.2837,mp_oct
1,6611.5896,mp_oct
1,6611.89,mp_oct
1,6612.1903,mp_oct
1,6612.4906,mp_oct
1,6612.8003,mp_oct
1,6613.1006,mp_oct
1,6613.401,mp_oct
1,6613.7013,mp_oct
1,6614.0017,mp_oct
1,6614.302,mp_oct
1,6614.6023,mp_oct
1,6614.9027,mp_oct
1,6615.208,mp_oct
1,6615.5084,mp_oct
1,6615.8086,mp_oct
1,6616.1146,mp_oct
1,6616.415,mp_oct
1,6616.7153,mp_oct
1,6617.0156,mp_oct
1,6617.3159,mp_oct
1,6617.6163,mp_oct
1,6617.9166,mp_oct
1,6618.2169,mp_oct
1,6618.5173,mp_oct
1,6618.8176,mp_oct
1,6619.118,mp_oct
1,6619.4226,mp_oct
1,6619.7229,mp_oct
1,6620.0233,mp_oct
1,6620.3286,mp_oct
1,6620.634,mp_oct
1,6620.9343,mp_oct
1,6621.2603,mp_oct
1,6621.5606,mp_oct
1,6621.861,mp_oct
1,6622.1613,mp_oct
1,6622.4616,mp_oct
1,6622.762,mp_oct
1,6623.0622,mp_oct
1,6623.3626,mp_oct
1,6623.6629,mp_oct
1,6623.9633,mp_oct
1,6624.2636,mp_oct
1,6624.5639,mp_oct
1,6624.8642,mp_oct
1,6625.1645,mp_oct
1,6625.4648,mp_oct
1,6625.7652,mp_oct
1,6626.0656,mp_oct
1,6626.3658,mp_oct
1,6626.6662,mp_oct
1,6626.9665,mp_oct
1,6627.2668,mp_oct
1,6627.5672,mp_oct
1,6627.8675,mp_oct
1,6628.1679,mp_oct
1,6628.4682,mp_oct
1,6628.7685,mp_oct
1,6629.0689,mp_oct
1,6629.3735,mp_oct
1,6629.6739,mp_oct
1,6629.9742,mp_oct
1,6630.2745,mp_oct
1,6630.5749,mp_oct
1,6630.8802,mp_oct
1,6631.1913,mp_oct
1,6631.4916,mp_oct
1,6631.792,mp_oct
1,6632.0923,mp_oct
1,6632.3926,mp_oct
1,6632.693,mp_oct
1,6632.9933,mp_oct
1,6633.2936,mp_oct
1,6633.594,mp_oct
1,6633.8985,mp_oct
1,6634.2089,mp_oct
1,6634.5748,mp_oct
1,6634.8752,mp_oct
1,6635.1756,mp_oct
1,6635.4758,mp_oct
1,6635.7762,mp_oct
1,6636.0774,mp_oct
1,6636.3768,mp_oct
1,6636.6772,mp_oct
1,6636.9775,mp_oct
1,6637.2778,mp_oct
1,6637.5782,mp_oct
1,6637.8785,mp_oct
1,6638.1788,mp_oct
1,6638.4792,mp_oct
1,6638.7795,mp_oct
1,6639.0798,mp_oct
1,6639.3802,mp_oct
1,6639.6804,mp_oct
1,6639.9808,mp_oct
1,6640.2811,mp_oct
1,6640.5815,mp_oct
1,6640.8818,mp_oct
1,6641.1821,mp_oct
1,6641.4825,mp_oct
1,6641.7828,mp_oct
1,6642.0832,mp_oct
1,6642.3835,mp_oct
1,6642.6838,mp_oct
1,6642.9842,mp_oct
1,6643.2844,mp_oct
1,6643.5848,mp_oct
1,6643.8852,mp_oct
1,6644.1855,mp_oct
1,6644.4859,mp_oct
1,6644.7861,mp_oct
1,6645.0864,mp_oct
1,6645.3868,mp_oct
1,6645.687,mp_oct
1,6645.9874,mp_oct
1,6646.2877,mp_oct
1,6646.5881,mp_oct
1,6646.8884,mp_oct
1,6647.1887,mp_oct
1,6647.4934,mp_oct
1,6647.7939,mp_oct
1,6648.0941,mp_oct
1,6648.3945,mp_oct
1,6648.6948,mp_oct
1,6648.9951,mp_oct
1,6649.2955,mp_oct
1,6649.5957,mp_oct
1,6649.8961,mp_oct
1,6650.1964,mp_oct
1,6650.4968,mp_oct
1,6650.7972,mp_oct
1,6651.0974,mp_oct
1,6651.4028,mp_oct
1,6651.7031,mp_oct
1,6652.0034,mp_oct
1,6652.3037,mp_oct
1,6652.6041,mp_oct
1,6652.9044,mp_oct
1,6653.2047,mp_oct
1,6653.5051,mp_oct
1,6653.8054,mp_oct
1,6654.1057,mp_oct
1,6654.406,mp_oct
1,6654.7064,mp_oct
1,6655.0067,mp_oct
1,6655.307,mp_oct
1,6655.6074,mp_oct
1,6655.9077,mp_oct
1,6656.2081,mp_oct
1,6656.5084,mp_oct
1,6656.8087,mp_oct
1,6657.1091,mp_oct
1,6657.4094,mp_oct
1,6657.7147,mp_oct
1,6658.015,mp_oct
1,6658.3154,mp_oct
1,6658.6157,mp_oct
1,6658.9161,mp_oct
1,6659.2164,mp_oct
1,6659.5167,mp_oct
1,6659.8171,mp_oct
1,6660.1231,mp_oct
1,6660.4234,mp_oct
1,6660.7237,mp_oct
1,6661.0241,mp_oct
1,6661.3244,mp_oct
1,6661.6247,mp_oct
1,6661.9251,mp_oct
1,6662.2254,mp_oct
1,6662.5258,mp_oct
1,6662.8261,mp_oct
1,6663.1264,mp_oct
1,6663.4267,mp_oct
1,6663.728,mp_oct
1,6664.0274,mp_oct
1,6664.3277,mp_oct
1,6664.6281,mp_oct
1,6664.9284,mp_oct
1,6665.2486,mp_oct
1,6665.5488,mp_oct
1,6665.8493,mp_oct
1,6666.1496,mp_oct
1,6666.4499,mp_oct
1,6666.7502,mp_oct
1,6667.0505,mp_oct
1,6667.3509,mp_oct
1,6667.6512,mp_oct
1,6667.9516,mp_oct
1,6668.2519,mp_oct
1,6668.5522,mp_oct
1,6668.8525,mp_oct
1,6669.1529,mp_oct
1,6669.4532,mp_oct
1,6669.7629,mp_oct
1,6670.0632,mp_oct
1,6670.3636,mp_oct
1,6670.6639,mp_oct
1,6670.9643,mp_oct
1,6671.2696,mp_oct
1,6671.5756,mp_oct
1,6671.8759,mp_oct
1,6672.1763,mp_oct
1,6672.4765,mp_oct
1,6672.7812,mp_oct
1,6673.0816,mp_oct
1,6673.3819,mp_oct
1,6673.6822,mp_oct
1,6673.9876,mp_oct
1,6674.2879,mp_oct
1,6674.5883,mp_oct
1,6674.8885,mp_oct
1,6675.1889,mp_oct
1,6675.4892,mp_oct
1,6675.7895,mp_oct
1,6676.0899,mp_oct
1,6676.3902,mp_oct
1,6676.6906,mp_oct
1,6676.9909,mp_oct
1,6677.2912,mp_oct
1,6677.5915,mp_oct
1,6677.8919,mp_oct
1,6678.1922,mp_oct
1,6678.4924,mp_oct
1,6678.7928,mp_oct
1,6679.0932,mp_oct
1,6679.3935,mp_oct
1,6679.6938,mp_oct
1,6679.9941,mp_oct
1,6680.2944,mp_oct
1,6680.5948,mp_oct
1,6680.8951,mp_oct
1,6681.1955,mp_oct
1,6681.4958,mp_oct
1,6681.8011,mp_oct
1,6682.1015,mp_oct
1,6682.4018,mp_oct
1,6682.7021,mp_oct
1,6683.0024,mp_oct
1,6683.3028,mp_oct
1,6683.6031,mp_oct
1,6683.9035,mp_oct
1,6684.2037,mp_oct
1,6684.5041,mp_oct
1,6684.8101,mp_oct
1,6685.1104,mp_oct
1,6685.4107,mp_oct
1,6685.711,mp_oct
1,6686.0114,mp_oct
1,6686.3117,mp_oct
1,6686.6121,mp_oct
1,6686.9124,mp_oct
1,6687.2128,mp_oct
1,6687.513,mp_oct
1,6687.8133,mp_oct
1,6688.1136,mp_oct
1,6688.414,mp_oct
1,6688.7143,mp_oct
1,6689.0146,mp_oct
1,6689.315,mp_oct
1,6689.6153,mp_oct
1,6689.9156,mp_oct
1,6690.2159,mp_oct
1,6690.5163,mp_oct
1,6690.8166,mp_oct
1,6691.1169,mp_oct
1,6691.4173,mp_oct
1,6691.7177,mp_oct
1,6692.018,mp_oct
1,6692.3183,mp_oct
1,6692.6186,mp_oct
1,6692.9189,mp_oct
1,6693.2193,mp_oct
1,6693.5196,mp_oct
1,6693.82,mp_oct
1,6694.1203,mp_oct
1,6694.4206,mp_oct
1,6694.7209,mp_oct
1,6695.0212,mp_oct
1,6695.3216,mp_oct
1,6695.622,mp_oct
1,6695.9222,mp_oct
1,6696.2226,mp_oct
1,6696.5228,mp_oct
1,6696.8232,mp_oct
1,6697.1235,mp_oct
1,6697.4239,mp_oct
1,6697.7242,mp_oct
1,6698.0245,mp_oct
1,6698.3248,mp_oct
1,6698.6252,mp_oct
1,6698.9255,mp_oct
1,6699.2258,mp_oct
1,6699.5261,mp_oct
1,6699.8265,mp_oct
1,6700.1268,mp_oct
1,6700.4271,mp_oct
1,6700.7275,mp_oct
1,6701.0278,mp_oct
1,6701.3281,mp_oct
1,6701.6285,mp_oct
1,6701.9288,mp_oct
1,6702.2291,mp_oct
1,6702.5295,mp_oct
1,6702.8297,mp_oct
1,6703.13,mp_oct
1,6703.4304,mp_oct
1,6703.7307,mp_oct
1,6704.0311,mp_oct
1,6704.3314,mp_oct
1,6704.6317,mp_oct
1,6704.932,mp_oct
1,6705.2324,mp_oct
1,6705.5327,mp_oct
1,6705.833,mp_oct
1,6706.1334,mp_oct
1,6706.4381,mp_oct
1,6706.7384,mp_oct
1,6707.0388,mp_oct
1,6707.3391,mp_oct
1,6707.6394,mp_oct
1,6707.9397,mp_oct
1,6708.2401,mp_oct
1,6708.5404,mp_oct
1,6708.8457,mp_oct
1,6709.146,mp_oct
1,6709.4464,mp_oct
1,6709.7468,mp_oct
1,6710.0471,mp_oct
1,6710.3524,mp_oct
1,6710.6527,mp_oct
1,6710.9531,mp_oct
1,6711.2533,mp_oct
1,6711.5537,mp_oct
1,6711.8596,mp_oct
1,6712.1644,mp_oct
1,6712.4648,mp_oct
1,6712.7651,mp_oct
1,6713.0654,mp_oct
1,6713.3657,mp_oct
1,6713.666,mp_oct
1,6713.9663,mp_oct
1,6714.2767,mp_oct
1,6714.577,mp_oct
1,6714.8773,mp_oct
1,6715.1777,mp_oct
1,6715.478,mp_oct
1,6715.7783,mp_oct
1,6716.0786,mp_oct
1,6716.3789,mp_oct
1,6716.6793,mp_oct
1,6716.9796,mp_oct
1,6717.28,mp_oct
1,6717.5803,mp_oct
1,6717.8907,mp_oct
1,6718.191,mp_oct
1,6718.4912,mp_oct
1,6718.7916,mp_oct
1,6719.092,mp_oct
1,6719.3973,mp_oct
1,6719.6976,mp_oct
1,6719.998,mp_oct
1,6720.2983,mp_oct
1,6720.5986,mp_oct
1,6720.8989,mp_oct
1,6721.1992,mp_oct
1,6721.4996,mp_oct
1,6721.8,mp_oct
1,6722.1003,mp_oct
1,6722.4005,mp_oct
1,6722.7009,mp_oct
1,6723.0012,mp_oct
1,6723.3015,mp_oct
1,6723.6019,mp_oct
1,6723.9022,mp_oct
1,6724.2026,mp_oct
1,6724.5029,mp_oct
1,6724.8032,mp_oct
1,6725.1036,mp_oct
1,6725.4039,mp_oct
1,6725.7042,mp_oct
1,6726.0045,mp_oct
1,6726.3048,mp_oct
1,6726.6052,mp_oct
1,6726.9055,mp_oct
1,6727.2059,mp_oct
1,6727.5062,mp_oct
1,6727.8065,mp_oct
1,6728.1068,mp_oct
1,6728.4072,mp_oct
1,6728.7075,mp_oct
1,6729.0078,mp_oct
1,6729.3082,mp_oct
1,6729.6085,mp_oct
1,6729.9088,mp_oct
1,6730.2092,mp_oct
1,6730.5095,mp_oct
1,6730.8098,mp_oct
1,6731.1101,mp_oct
1,6731.4104,mp_oct
1,6731.7108,mp_oct
1,6732.0111,mp_oct
1,6732.3115,mp_oct
1,6732.6118,mp_oct
1,6732.9121,mp_oct
1,6733.2125,mp_oct
1,6733.5127,mp_oct
1,6733.8131,mp_oct
1,6734.1134,mp_oct
1,6734.4138,mp_oct
1,6734.7141,mp_oct
1,6735.0143,mp_oct
1,6735.3147,mp_oct
1,6735.615,mp_oct
1,6735.9154,mp_oct
1,6736.2157,mp_oct
1,6736.5161,mp_oct
1,6736.8164,mp_oct
1,6737.1167,mp_oct
1,6737.4171,mp_oct
1,6737.7174,mp_oct
1,6738.0177,mp_oct
1,6738.318,mp_oct
1,6738.6184,mp_oct
1,6738.9187,mp_oct
1,6739.219,mp_oct
1,6739.5194,mp_oct
1,6739.8196,mp_oct
1,6740.12,mp_oct
1,6740.4203,mp_oct
1,6740.7207,mp_oct
1,6741.021,mp_oct
1,6741.3213,mp_oct
1,6741.6216,mp_oct
1,6741.922,mp_oct
1,6742.2223,mp_oct
1,6742.5226,mp_oct
1,6742.823,mp_oct
1,6743.1232,mp_oct
1,6743.4236,mp_oct
1,6743.7239,mp_oct
1,6744.0243,mp_oct
1,6744.3246,mp_oct
1,6744.6249,mp_oct
1,6744.9252,mp_oct
1,6745.2256,mp_oct
1,6745.5259,mp_oct
1,6745.8262,mp_oct
1,6746.1266,mp_oct
1,6746.4269,mp_oct
1,6746.7272,mp_oct
1,6747.0276,mp_oct
1,6747.3279,mp_oct
1,6747.6282,mp_oct
1,6747.9285,mp_oct
1,6748.2288,mp_oct
1,6748.5342,mp_oct
1,6748.8345,mp_oct
1,6749.1348,mp_oct
1,6749.4351,mp_oct
1,6749.7355,mp_oct
1,6750.0358,mp_oct
1,6750.3362,mp_oct
1,6750.6365,mp_oct
1,6750.9368,mp_oct
1,6751.2371,mp_oct
1,6751.5375,mp_oct
1,6751.8378,mp_oct
1,6752.1381,mp_oct
1,6752.4385,mp_oct
1,6752.7444,mp_oct
1,6753.0446,mp_oct
1,6753.3494,mp_oct
1,6753.6498,mp_oct
1,6753.9501,mp_oct
1,6754.2504,mp_oct
1,6754.5507,mp_oct
1,6754.8511,mp_oct
1,6755.1564,mp_oct
1,6755.4567,mp_oct
1,6755.757,mp_oct
1,6756.0574,mp_oct
1,6756.3577,mp_oct
1,6756.658,mp_oct
1,6756.9584,mp_oct
1,6757.2587,mp_oct
1,6757.559,mp_oct
1,6757.8593,mp_oct
1,6758.1597,mp_oct
1,6758.46,mp_oct
1,6758.7603,mp_oct
1,6759.0607,mp_oct
1,6759.361,mp_oct
1,6759.6613,mp_oct
1,6759.9617,mp_oct
1,6760.262,mp_oct
1,6760.5623,mp_oct
1,6760.8626,mp_oct
1,6761.1629,mp_oct
1,6761.4633,mp_oct
1,6761.7636,mp_oct
1,6762.0639,mp_oct
1,6762.3642,mp_oct
1,6762.6646,mp_oct
1,6762.9649,mp_oct
1,6763.2652,mp_oct
1,6763.5656,mp_oct
1,6763.8659,mp_oct
1,6764.1663,mp_oct
1,6764.4666,mp_oct
1,6764.7719,mp_oct
1,6765.0723,mp_oct
1,6765.3725,mp_oct
1,6765.6729,mp_oct
1,6765.9732,mp_oct
1,6766.2735,mp_oct
1,6766.5738,mp_oct
1,6766.8742,mp_oct
1,6767.1802,mp_oct
1,6767.4848,mp_oct
1,6767.7852,mp_oct
1,6768.0855,mp_oct
1,6768.3859,mp_oct
1,6768.6862,mp_oct
1,6768.9965,mp_oct
1,6769.2968,mp_oct
1,6769.5972,mp_oct
1,6769.8975,mp_oct
1,6770.1978,mp_oct
1,6770.4981,mp_oct
1,6770.7985,mp_oct
1,6771.0988,mp_oct
1,6771.3991,mp_oct
1,6771.6995,mp_oct
1,6771.9998,mp_oct
1,6772.3002,mp_oct
1,6772.6005,mp_oct
1,6772.9008,mp_oct
1,6773.2011,mp_oct
1,6773.5014,mp_oct
1,6773.8074,mp_oct
1,6774.1121,mp_oct
1,6774.4124,mp_oct
1,6774.7127,mp_oct
1,6775.0131,mp_oct
1,6775.3134,mp_oct
1,6775.6137,mp_oct
1,6775.9141,mp_oct
1,6776.2144,mp_oct
1,6776.5148,mp_oct
1,6776.815,mp_oct
1,6777.1154,mp_oct
1,6777.4157,mp_oct
1,6777.716,mp_oct
1,6778.0164,mp_oct
1,6778.3167,mp_oct
1,6778.617,mp_oct
1,6778.9173,mp_oct
1,6779.2177,mp_oct
1,6779.518,mp_oct
1,6779.8183,mp_oct
1,6780.1186,mp_oct
1,6780.424,mp_oct
1,6780.7243,mp_oct
1,6781.0246,mp_oct
1,6781.4701,mp_oct
1,6782.5272,mp_oct
1,6783.2671,mp_oct
1,6783.5675,mp_oct
1,6783.8677,mp_oct
1,6784.1681,mp_oct
1,6784.5235,mp_oct
1,6784.8296,mp_oct
1,6785.1292,mp_oct
1,6785.4294,mp_oct
1,6785.7298,mp_oct
1,6786.0301,mp_oct
1,6786.3304,mp_oct
1,6786.6308,mp_oct
1,6786.9311,mp_oct
1,6787.2314,mp_oct
1,6787.5317,mp_oct
1,6787.8322,mp_oct
1,6788.1324,mp_oct
1,6788.4328,mp_oct
1,6788.7331,mp_oct
1,6789.0334,mp_oct
1,6789.3443,mp_oct
1,6789.6491,mp_oct
1,6789.9694,mp_oct
1,6790.2698,mp_oct
1,6790.5701,mp_oct
1,6790.8704,mp_oct
1,6791.1708,mp_oct
1,6791.4711,mp_oct
1,6791.7714,mp_oct
1,6792.0717,mp_oct
1,6792.3721,mp_oct
1,6792.6774,mp_oct
1,6792.9778,mp_oct
1,6793.278,mp_oct
1,6793.5784,mp_oct
1,6793.8787,mp_oct
1,6794.179,mp_oct
1,6794.4794,mp_oct
1,6794.7797,mp_oct
1,6795.08,mp_oct
1,6795.3803,mp_oct
1,6795.6807,mp_oct
1,6795.981,mp_oct
1,6796.2813,mp_oct
1,6796.5816,mp_oct
1,6796.882,mp_oct
1,6797.1823,mp_oct
1,6797.4827,mp_oct
1,6797.783,mp_oct
1,6798.0833,mp_oct
1,6798.3836,mp_oct
1,6798.684,mp_oct
1,6798.9843,mp_oct
1,6799.2846,mp_oct
1,6799.59,mp_oct
1,6799.8903,mp_oct
1,6800.1906,mp_oct
1,6800.491,mp_oct
1,6800.7913,mp_oct
1,6801.0916,mp_oct
1,6801.3919,mp_oct
1,6801.6922,mp_oct
1,6802.0,mp_oct
1,6802.3079,mp_oct
1,6802.6133,mp_oct
1,6802.9193,mp_oct
1,6803.2239,mp_oct
1,6803.5243,mp_oct
1,6803.8246,mp_oct
1,6804.13,mp_oct
1,6804.4303,mp_oct
1,6804.7306,mp_oct
1,6805.0309,mp_oct
1,6805.3321,mp_oct
1,6805.6316,mp_oct
1,6805.9319,mp_oct
1,6806.2322,mp_oct
1,6806.5325,mp_oct
1,6806.8329,mp_oct
1,6807.1332,mp_oct
1,6807.4336,mp_oct
1,6807.7339,mp_oct
1,6808.0342,mp_oct
1,6808.3345,mp_oct
1,6808.6349,mp_oct
1,6808.9352,mp_oct
1,6809.2355,mp_oct
1,6809.5358,mp_oct
1,6809.8362,mp_oct
1,6810.1365,mp_oct
1,6810.4369,mp_oct
1,6810.7372,mp_oct
1,6811.0375,mp_oct
1,6811.3378,mp_oct
1,6811.6382,mp_oct
1,6811.9385,mp_oct
1,6812.2388,mp_oct
1,6812.5392,mp_oct
1,6812.8395,mp_oct
1,6813.1398,mp_oct
1,6813.4401,mp_oct
1,6813.7405,mp_oct
1,6814.0408,mp_oct
1,6814.3411,mp_oct
1,6814.6414,mp_oct
1,6814.9418,mp_oct
1,6815.2421,mp_oct
1,6815.5425,mp_oct
1,6815.8427,mp_oct
1,6816.1431,mp_oct
1,6816.4435,mp_oct
1,6816.7438,mp_oct
1,6817.0441,mp_oct
1,6817.3444,mp_oct
1,6817.6447,mp_oct
1,6817.9451,mp_oct
1,6818.2453,mp_oct
1,6818.5457,mp_oct
1,6818.846,mp_oct
1,6819.1463,mp_oct
1,6819.4517,mp_oct
1,6819.7576,mp_oct
1,6820.058,mp_oct
1,6820.3583,mp_oct
1,6820.6586,mp_oct
1,6820.9589,mp_oct
1,6821.2637,mp_oct
1,6821.564,mp_oct
1,6821.8643,mp_oct
1,6822.1646,mp_oct
1,6822.465,mp_oct
1,6822.767,mp_oct
1,6823.0665,mp_oct
1,6823.366,mp_oct
1,6823.6663,mp_oct
1,6823.9667,mp_oct
1,6824.267,mp_oct
1,6824.5673,mp_oct
1,6824.8676,mp_oct
1,6825.168,mp_oct
1,6825.4683,mp_oct
1,6825.7686,mp_oct
1,6826.069,mp_oct
1,6826.3692,mp_oct
1,6826.6695,mp_oct
1,6826.9699,mp_oct
1,6827.2702,mp_oct
1,6827.5706,mp_oct
1,6827.8709,mp_oct
1,6828.1712,mp_oct
1,6828.4716,mp_oct
1,6828.7718,mp_oct
1,6829.0722,mp_oct
1,6829.3725,mp_oct
1,6829.6779,mp_oct
1,6829.9782,mp_oct
1,6830.2836,mp_oct
1,6830.5838,mp_oct
1,6830.8842,mp_oct
1,6831.1845,mp_oct
1,6831.4849,mp_oct
1,6831.7852,mp_oct
1,6832.0855,mp_oct
1,6832.3858,mp_oct
1,6832.6862,mp_oct
1,6832.9865,mp_oct
1,6833.2868,mp_oct
1,6833.5871,mp_oct
1,6833.8975,mp_oct
1,6834.2028,mp_oct
1,6834.5031,mp_oct
1,6834.8035,mp_oct
1,6835.1038,mp_oct
1,6835.4041,mp_oct
1,6835.7045,mp_oct
1,6836.0048,mp_oct
1,6836.3051,mp_oct
1,6836.6054,mp_oct
1,6836.9058,mp_oct
1,6837.2061,mp_oct
1,6837.5115,mp_oct
1,6837.8117,mp_oct
1,6838.112,mp_oct
1,6838.4124,mp_oct
1,6838.7127,mp_oct
1,6839.0131,mp_oct
1,6839.3134,mp_oct
1,6839.6195,mp_oct
1,6839.9199,mp_oct
1,6840.2202,mp_oct
1,6840.5205,mp_oct
1,6840.8208,mp_oct
1,6841.1212,mp_oct
1,6841.4215,mp_oct
1,6841.7218,mp_oct
1,6842.0221,mp_oct
1,6842.3225,mp_oct
1,6842.6228,mp_oct
1,6842.9232,mp_oct
1,6843.2235,mp_oct
1,6843.5238,mp_oct
1,6843.8284,mp_oct
1,6844.1287,mp_oct
1,6844.429,mp_oct
1,6844.7293,mp_oct
1,6845.0306,mp_oct
1,6845.33,mp_oct
1,6845.6303,mp_oct
1,6845.9306,mp_oct
1,6846.241,mp_oct
1,6846.5413,mp_oct
1,6846.8417,mp_oct
1,6847.142,mp_oct
1,6847.4422,mp_oct
1,6847.7426,mp_oct
1,6848.0485,mp_oct
1,6848.3489,mp_oct
1,6848.6492,mp_oct
1,6848.9495,mp_oct
1,6849.2543,mp_oct
1,6849.5547,mp_oct
1,6849.855,mp_oct
1,6850.1552,mp_oct
1,6850.4556,mp_oct
1,6850.7559,mp_oct
1,6851.0563,mp_oct
1,6851.3566,mp_oct
1,6851.6569,mp_oct
1,6852.0623,mp_oct
1,6852.3627,mp_oct
1,6852.6737,mp_oct
1,6852.974,mp_oct
1,6853.2743,mp_oct
1,6853.5747,mp_oct
1,6853.8749,mp_oct
1,6854.1753,mp_oct
1,6854.4756,mp_oct
1,6854.776,mp_oct
1,6855.0763,mp_oct
1,6855.3766,mp_oct
1,6855.677,mp_oct
1,6855.9773,mp_oct
1,6856.2776,mp_oct
1,6856.578,mp_oct
1,6856.8782,mp_oct
1,6857.1786,mp_oct
1,6857.4789,mp_oct
1,6857.7792,mp_oct
1,6858.0796,mp_oct
1,6858.3799,mp_oct
1,6858.6802,mp_oct
1,6858.9806,mp_oct
1,6859.2809,mp_oct
1,6859.5812,mp_oct
1,6859.8815,mp_oct
1,6860.1819,mp_oct
1,6860.4822,mp_oct
1,6860.7826,mp_oct
1,6861.0828,mp_oct
1,6861.3832,mp_oct
1,6861.6835,mp_oct
1,6861.9838,mp_oct
1,6862.2842,mp_oct
1,6862.5845,mp_oct
1,6862.8848,mp_oct
1,6863.1852,mp_oct
1,6863.4854,mp_oct
1,6863.7858,mp_oct
1,6864.0861,mp_oct
1,6864.3865,mp_oct
1,6864.6868,mp_oct
1,6864.9871,mp_oct
1,6865.2875,mp_oct
1,6865.5877,mp_oct
1,6865.8881,mp_oct
1,6866.1884,mp_oct
1,6866.4887,mp_oct
1,6866.7891,mp_oct
1,6867.0894,mp_oct
1,6867.3898,mp_oct
1,6867.69,mp_oct
1,6867.9904,mp_oct
1,6868.2908,mp_oct
1,6868.5911,mp_oct
1,6868.8914,mp_oct
1,6869.1917,mp_oct
1,6869.4921,mp_oct
1,6869.7923,mp_oct
1,6870.0927,mp_oct
1,6870.3931,mp_oct
1,6870.6933,mp_oct
1,6870.9946,mp_oct
1,6871.294,mp_oct
1,6871.5943,mp_oct
1,6871.8946,mp_oct
1,6872.195,mp_oct
1,6872.4953,mp_oct
1,6872.7956,mp_oct
1,6873.096,mp_oct
1,6873.3963,mp_oct
1,6873.6966,mp_oct
1,6873.997,mp_oct
1,6874.2973,mp_oct
1,6874.5977,mp_oct
1,6874.898,mp_oct
1,6875.1983,mp_oct
1,6875.4986,mp_oct
1,6875.7989,mp_oct
1,6876.0993,mp_oct
1,6876.3996,mp_oct
1,6876.6999,mp_oct
1,6877.0003,mp_oct
1,6877.3006,mp_oct
1,6877.6009,mp_oct
1,6877.9013,mp_oct
1,6878.2015,mp_oct
1,6878.5019,mp_oct
1,6878.8023,mp_oct
1,6879.1025,mp_oct
1,6879.4029,mp_oct
1,6879.7032,mp_oct
1,6880.0036,mp_oct
1,6880.3039,mp_oct
1,6880.6043,mp_oct
1,6880.9045,mp_oct
1,6881.2048,mp_oct
1,6881.5052,mp_oct
1,6881.8055,mp_oct
1,6882.1058,mp_oct
1,6882.4061,mp_oct
1,6882.7065,mp_oct
1,6883.0068,mp_oct
1,6883.3072,mp_oct
1,6883.6075,mp_oct
1,6883.9078,mp_oct
1,6884.2082,mp_oct
1,6884.5085,mp_oct
1,6884.8088,mp_oct
1,6885.1092,mp_oct
1,6885.4094,mp_oct
1,6885.7098,mp_oct
1,6886.0101,mp_oct
1,6886.3104,mp_oct
1,6886.6107,mp_oct
1,6886.9111,mp_oct
1,6887.2114,mp_oct
1,6887.5117,mp_oct
1,6887.8121,mp_oct
1,6888.1124,mp_oct
1,6888.4127,mp_oct
1,6888.7131,mp_oct
1,6889.0134,mp_oct
1,6889.3137,mp_oct
1,6889.6141,mp_oct
1,6889.9144,mp_oct
1,6890.2191,mp_oct
1,6890.5194,mp_oct
1,6890.8197,mp_oct
1,6891.1201,mp_oct
1,6891.4204,mp_oct
1,6891.7207,mp_oct
1,6892.0211,mp_oct
1,6892.3214,mp_oct
1,6892.6217,mp_oct
1,6892.922,mp_oct
1,6893.2224,mp_oct
1,6893.5227,mp_oct
1,6893.823,mp_oct
1,6894.1234,mp_oct
1,6894.4237,mp_oct
1,6894.724,mp_oct
1,6895.0243,mp_oct
1,6895.3247,mp_oct
1,6895.625,mp_oct
1,6895.9253,mp_oct
1,6896.2257,mp_oct
1,6896.526,mp_oct
1,6896.8263,mp_oct
1,6897.1267,mp_oct
1,6897.427,mp_oct
1,6897.7273,mp_oct
1,6898.0276,mp_oct
1,6898.3279,mp_oct
1,6898.6283,mp_oct
1,6898.9286,mp_oct
1,6899.2289,mp_oct
1,6899.5293,mp_oct
1,6899.8296,mp_oct
1,6900.13,mp_oct
1,6900.4302,mp_oct
1,6900.7306,mp_oct
1,6901.0309,mp_oct
1,6901.3313,mp_oct
1,6901.6316,mp_oct
1,6901.9319,mp_oct
1,6902.2322,mp_oct
1,6902.5376,mp_oct
1,6902.8379,mp_oct
1,6903.1383,mp_oct
1,6903.4386,mp_oct
1,6903.7389,mp_oct
1,6904.0392,mp_oct
1,6904.3396,mp_oct
1,6904.6399,mp_oct
1,6904.9402,mp_oct
1,6905.2405,mp_oct
1,6905.5409,mp_oct
1,6905.8412,mp_oct
1,6906.1415,mp_oct
1,6906.4419,mp_oct
1,6906.7421,mp_oct
1,6907.0425,mp_oct
1,6907.3428,mp_oct
1,6907.6432,mp_oct
1,6907.9435,mp_oct
1,6908.2438,mp_oct
1,6908.5442,mp_oct
1,6908.8445,mp_oct
1,6909.1449,mp_oct
1,6909.4452,mp_oct
1,6909.7455,mp_oct
1,6910.0458,mp_oct
1,6910.3461,mp_oct
1,6910.6464,mp_oct
1,6910.9468,mp_oct
1,6911.2471,mp_oct
1,6911.5524,mp_oct
1,6911.8528,mp_oct
1,6912.1588,mp_oct
1,6912.459,mp_oct
1,6912.7594,mp_oct
1,6913.0597,mp_oct
1,6913.36,mp_oct
1,6913.6604,mp_oct
1,6913.9607,mp_oct
1,6914.261,mp_oct
1,6914.5614,mp_oct
1,6914.8618,mp_oct
1,6915.1621,mp_oct
1,6915.4624,mp_oct
1,6915.7627,mp_oct
1,6916.063,mp_oct
1,6916.3633,mp_oct
1,6916.6681,mp_oct
1,6916.9684,mp_oct
1,6917.2687,mp_oct
1,6917.5691,mp_oct
1,6917.8694,mp_oct
1,6918.1697,mp_oct
1,6918.47,mp_oct
1,6918.7704,mp_oct
1,6919.0708,mp_oct
1,6919.371,mp_oct
1,6919.6714,mp_oct
1,6919.9717,mp_oct
1,6920.272,mp_oct
1,6920.5724,mp_oct
1,6920.8727,mp_oct
1,6921.178,mp_oct
1,6921.4783,mp_oct
1,6921.7837,mp_oct
1,6922.084,mp_oct
1,6922.3844,mp_oct
1,6922.6847,mp_oct
1,6922.985,mp_oct
1,6923.2854,mp_oct
1,6923.5857,mp_oct
1,6923.886,mp_oct
1,6924.1863,mp_oct
1,6924.4866,mp_oct
1,6924.787,mp_oct
1,6925.0873,mp_oct
1,6925.3876,mp_oct
1,6925.688,mp_oct
1,6925.9883,mp_oct
1,6926.2887,mp_oct
1,6926.589,mp_oct
1,6926.8893,mp_oct
1,6927.1897,mp_oct
1,6927.49,mp_oct
1,6927.7903,mp_oct
1,6928.0906,mp_oct
1,6928.3909,mp_oct
1,6928.6913,mp_oct
1,6928.9916,mp_oct
1,6929.2919,mp_oct
1,6929.5922,mp_oct
1,6929.8926,mp_oct
1,6930.193,mp_oct
1,6930.4932,mp_oct
1,6930.7936,mp_oct
1,6931.094,mp_oct
1,6931.3942,mp_oct
1,6931.6946,mp_oct
1,6931.9949,mp_oct
1,6932.2953,mp_oct
1,6932.5956,mp_oct
1,6932.8959,mp_oct
1,6933.1962,mp_oct
1,6933.4965,mp_oct
1,6933.7969,mp_oct
1,6934.0972,mp_oct
1,6934.3975,mp_oct
1,6934.6979,mp_oct
1,6934.9982,mp_oct
1,6935.2985,mp_oct
1,6935.5988,mp_oct
1,6935.8992,mp_oct
1,6936.1995,mp_oct
1,6936.4998,mp_oct
1,6936.8002,mp_oct
1,6937.1005,mp_oct
1,6937.4008,mp_oct
1,6937.7011,mp_oct
1,6938.0015,mp_oct
1,6938.3018,mp_oct
1,6938.6022,mp_oct
1,6938.9025,mp_oct
1,6939.2028,mp_oct
1,6939.5031,mp_oct
1,6939.8035,mp_oct
1,6940.1037,mp_oct
1,6940.4041,mp_oct
1,6940.7044,mp_oct
1,6941.0048,mp_oct
1,6941.3051,mp_oct
1,6941.6054,mp_oct
1,6941.9058,mp_oct
1,6942.2061,mp_oct
1,6942.5064,mp_oct
1,6942.8068,mp_oct
1,6943.1071,mp_oct
1,6943.4074,mp_oct
1,6943.7078,mp_oct
1,6944.0081,mp_oct
1,6944.3084,mp_oct
1,6944.6087,mp_oct
1,6944.9091,mp_oct
1,6945.2094,mp_oct
1,6945.5297,mp_oct
1,6945.83,mp_oct
1,6946.1304,mp_oct
1,6946.4307,mp_oct
1,6946.731,mp_oct
1,6947.0314,mp_oct
1,6947.3317,mp_oct
1,6947.632,mp_oct
1,6947.9324,mp_oct
1,6948.2326,mp_oct
1,6948.533,mp_oct
1,6948.8333,mp_oct
1,6949.1337,mp_oct
1,6949.434,mp_oct
1,6949.7343,mp_oct
1,6950.0646,mp_oct
1,6950.365,mp_oct
1,6950.6654,mp_oct
1,6950.9657,mp_oct
1,6951.266,mp_oct
1,6951.5663,mp_oct
1,6951.8667,mp_oct
1,6952.167,mp_oct
1,6952.4674,mp_oct
1,6952.7677,mp_oct
1,6953.068,mp_oct
1,6953.3683,mp_oct
1,6953.6686,mp_oct
1,6953.969,mp_oct
1,6954.2692,mp_oct
1,6954.5696,mp_oct
1,6954.8699,mp_oct
1,6955.1703,mp_oct
1,6955.4706,mp_oct
1,6955.7709,mp_oct
1,6956.0712,mp_oct
1,6956.3716,mp_oct
1,6956.6719,mp_oct
1,6956.9723,mp_oct
1,6957.2726,mp_oct
1,6957.5729,mp_oct
1,6957.8733,mp_oct
1,6958.1736,mp_oct
1,6958.4738,mp_oct
1,6958.7742,mp_oct
1,6959.0746,mp_oct
1,6959.3749,mp_oct
1,6959.6752,mp_oct
1,6959.9756,mp_oct
1,6960.2759,mp_oct
1,6960.5762,mp_oct
1,6960.8765,mp_oct
1,6961.1769,mp_oct
1,6961.4772,mp_oct
1,6961.7775,mp_oct
1,6962.0779,mp_oct
1,6962.3782,mp_oct
1,6962.6785,mp_oct
1,6962.9788,mp_oct
1,6963.2792,mp_oct
1,6963.5794,mp_oct
1,6963.8798,mp_oct
1,6964.1802,mp_oct
1,6964.4804,mp_oct
1,6964.7808,mp_oct
1,6965.0811,mp_oct
1,6965.3814,mp_oct
1,6965.6818,mp_oct
1,6965.9821,mp_oct
1,6966.2824,mp_oct
1,6966.5827,mp_oct
1,6966.8881,mp_oct
1,6967.1884,mp_oct
1,6967.4887,mp_oct
1,6967.7891,mp_oct
1,6968.0894,mp_oct
1,6968.3898,mp_oct
1,6968.6901,mp_oct
1,6968.9904,mp_oct
1,6969.2907,mp_oct
1,6969.5911,mp_oct
1,6969.8914,mp_oct
1,6970.1967,mp_oct
1,6970.497,mp_oct
1,6970.7974,mp_oct
1,6971.0977,mp_oct
1,6971.398,mp_oct
1,6971.6983,mp_oct
1,6971.9987,mp_oct
1,6972.299,mp_oct
1,6972.6049,mp_oct
1,6972.9097,mp_oct
1,6973.21,mp_oct
1,6973.5103,mp_oct
1,6973.8107,mp_oct
1,6974.111,mp_oct
1,6974.4114,mp_oct
1,6974.7117,mp_oct
1,6975.0119,mp_oct
1,6975.3123,mp_oct
1,6975.6126,mp_oct
1,6975.9129,mp_oct
1,6976.2183,mp_oct
1,6976.5186,mp_oct
1,6976.8189,mp_oct
1,6977.1193,mp_oct
1,6977.4196,mp_oct
1,6977.7199,mp_oct
1,6978.0203,mp_oct
1,6978.3206,mp_oct
1,6978.621,mp_oct
1,6978.9213,mp_oct
1,6979.2215,mp_oct
1,6979.5219,mp_oct
1,6979.8222,mp_oct
1,6980.1226,mp_oct
1,6980.4228,mp_oct
1,6980.7232,mp_oct
1,6981.0236,mp_oct
1,6981.3238,mp_oct
1,6981.6242,mp_oct
1,6981.9395,mp_oct
1,6982.2399,mp_oct
1,6982.5402,mp_oct
1,6982.8405,mp_oct
1,6983.1409,mp_oct
1,6983.4412,mp_oct
1,6983.7415,mp_oct
1,6984.0418,mp_oct
1,6984.3421,mp_oct
1,6984.6425,mp_oct
1,6984.9428,mp_oct
1,6985.2431,mp_oct
1,6985.5435,mp_oct
1,6985.8438,mp_oct
1,6986.1441,mp_oct
1,6986.4445,mp_oct
1,6986.7448,mp_oct
1,6987.0451,mp_oct
1,6987.3455,mp_oct
1,6987.6458,mp_oct
1,6987.9461,mp_oct
1,6988.2465,mp_oct
1,6988.5468,mp_oct
1,6988.8471,mp_oct
1,6989.1524,mp_oct
1,6989.4528,mp_oct
1,6989.7531,mp_oct
1,6990.0534,mp_oct
1,6990.3538,mp_oct
1,6990.6541,mp_oct
1,6990.9544,mp_oct
1,6991.2548,mp_oct
1,6991.5551,mp_oct
1,6991.8554,mp_oct
1,6992.1557,mp_oct
1,6992.456,mp_oct
1,6992.7564,mp_oct
1,6993.0567,mp_oct
1,6993.357,mp_oct
1,6993.6573,mp_oct
1,6993.9577,mp_oct
1,6994.258,mp_oct
1,6994.5634,mp_oct
1,6994.8636,mp_oct
1,6995.164,mp_oct
1,6995.4643,mp_oct
1,6995.7646,mp_oct
1,6996.065,mp_oct
1,6996.3653,mp_oct
1,6996.6657,mp_oct
1,6996.966,mp_oct
1,6997.2663,mp_oct
1,6997.5667,mp_oct
1,6997.867,mp_oct
1,6998.1673,mp_oct
1,6998.4676,mp_oct
1,6998.7679,mp_oct
1,6999.0683,mp_oct
1,6999.3686,mp_oct
1,6999.6689,mp_oct
1,6999.9692,mp_oct
1,7000.2696,mp_oct
1,7000.57,mp_oct
1,7000.8702,mp_oct
1,7001.1706,mp_oct
1,7001.4709,mp_oct
1,7001.7712,mp_oct
1,7002.0716,mp_oct
1,7002.3718,mp_oct
1,7002.6722,mp_oct
1,7002.9726,mp_oct
1,7003.2729,mp_oct
1,7003.5732,mp_oct
1,7003.8735,mp_oct
1,7004.1739,mp_oct
1,7004.4742,mp_oct
1,7004.7745,mp_oct
1,7005.0749,mp_oct
1,7005.3752,mp_oct
1,7005.6755,mp_oct
1,7005.9759,mp_oct
1,7006.2761,mp_oct
1,7006.5765,mp_oct
1,7006.8768,mp_oct
1,7007.1772,mp_oct
1,7007.4775,mp_oct
1,7007.7778,mp_oct
1,7008.0781,mp_oct
1,7008.3784,mp_oct
1,7008.6788,mp_oct
1,7008.9791,mp_oct
1,7009.2795,mp_oct
1,7009.5798,mp_oct
1,7009.8801,mp_oct
1,7010.1804,mp_oct
1,7010.4808,mp_oct
1,7010.7811,mp_oct
1,7011.0814,mp_oct
1,7011.3873,mp_oct
1,7011.6921,mp_oct
1,7011.9924,mp_oct
1,7012.2927,mp_oct
1,7012.5931,mp_oct
1,7012.8934,mp_oct
1,7013.1937,mp_oct
1,7013.494,mp_oct
1,7013.7943,mp_oct
1,7014.0946,mp_oct
1,7014.395,mp_oct
1,7014.6953,mp_oct
1,7014.9957,mp_oct
1,7015.3461,mp_oct
1,7015.6464,mp_oct
1,7015.9468,mp_oct
1,7016.2471,mp_oct
1,7016.5474,mp_oct
1,7016.8477,mp_oct
1,7017.1481,mp_oct
1,7017.454,mp_oct
1,7017.7543,mp_oct
1,7018.0547,mp_oct
1,7018.355,mp_oct
1,7018.6554,mp_oct
1,7018.9557,mp_oct
1,7019.256,mp_oct
1,7019.5563,mp_oct
1,7019.8566,mp_oct
1,7020.157,mp_oct
1,7020.4573,mp_oct
1,7020.7577,mp_oct
1,7021.0623,mp_oct
1,7021.3627,mp_oct
1,7021.663,mp_oct
1,7021.9634,mp_oct
1,7022.2637,mp_oct
1,7022.564,mp_oct
1,7022.8643,mp_oct
1,7023.1646,mp_oct
1,7023.4649,mp_oct
1,7023.7653,mp_oct
1,7024.0656,mp_oct
1,7024.366,mp_oct
1,7024.6662,mp_oct
1,7024.9666,mp_oct
1,7025.267,mp_oct
1,7025.5723,mp_oct
1,7025.8832,mp_oct
1,7026.1888,mp_oct
1,7026.4882,mp_oct
1,7026.7886,mp_oct
1,7027.0889,mp_oct
1,7027.3892,mp_oct
1,7027.6896,mp_oct
1,7027.9899,mp_oct
1,7028.2902,mp_oct
1,7028.5906,mp_oct
1,7028.8909,mp_oct
1,7029.1913,mp_oct
1,7029.4916,mp_oct
1,7029.7919,mp_oct
1,7030.0972,mp_oct
1,7030.3975,mp_oct
1,7030.6979,mp_oct
1,7030.9982,mp_oct
1,7031.2986,mp_oct
1,7031.5988,mp_oct
1,7031.8992,mp_oct
1,7032.1995,mp_oct
1,7032.5198,mp_oct
1,7032.8252,mp_oct
1,7033.1255,mp_oct
1,7033.4259,mp_oct
1,7033.7262,mp_oct
1,7034.0265,mp_oct
1,7034.3268,mp_oct
1,7034.6271,mp_oct
1,7034.9275,mp_oct
1,7035.2278,mp_oct
1,7035.5281,mp_oct
1,7035.8284,mp_oct
1,7036.1287,mp_oct
1,7036.4291,mp_oct
1,7036.7294,mp_oct
1,7037.0298,mp_oct
1,7037.3301,mp_oct
1,7037.6304,mp_oct
1,7037.9308,mp_oct
1,7038.231,mp_oct
1,7038.5314,mp_oct
1,7038.8318,mp_oct
1,7039.1321,mp_oct
1,7039.4324,mp_oct
1,7039.7327,mp_oct
1,7040.0331,mp_oct
1,7040.3334,mp_oct
1,7040.6337,mp_oct
1,7040.934,mp_oct
1,7041.2344,mp_oct
1,7041.5347,mp_oct
1,7041.835,mp_oct
1,7042.1354,mp_oct
1,7042.4357,mp_oct
1,7042.736,mp_oct
1,7043.0363,mp_oct
1,7043.3367,mp_oct
1,7043.6371,mp_oct
1,7043.9373,mp_oct
1,7044.2377,mp_oct
1,7044.538,mp_oct
1,7044.8383,mp_oct
1,7045.1386,mp_oct
1,7045.4389,mp_oct
1,7045.7393,mp_oct
1,7046.0396,mp_oct
1,7046.3399,mp_oct
1,7046.6403,mp_oct
1,7046.9406,mp_oct
1,7047.241,mp_oct
1,7047.5412,mp_oct
1,7047.8416,mp_oct
1,7048.1419,mp_oct
1,7048.4422,mp_oct
1,7048.7425,mp_oct
1,7049.0429,mp_oct
1,7049.3432,mp_oct
1,7049.6435,mp_oct
1,7049.9439,mp_oct
1,7050.2442,mp_oct
1,7050.5445,mp_oct
1,7050.8449,mp_oct
1,7051.1452,mp_oct
1,7051.4455,mp_oct
1,7051.7459,mp_oct
1,7052.0462,mp_oct
1,7052.3465,mp_oct
1,7052.6526,mp_oct
1,7052.9529,mp_oct
1,7053.2532,mp_oct
1,7053.5536,mp_oct
1,7053.8539,mp_oct
1,7054.1542,mp_oct
1,7054.4546,mp_oct
1,7054.7549,mp_oct
1,7055.0552,mp_oct
1,7055.3556,mp_oct
1,7055.6559,mp_oct
1,7055.9562,mp_oct
1,7056.2565,mp_oct
1,7056.5569,mp_oct
1,7056.8572,mp_oct
1,7057.1575,mp_oct
1,7057.4579,mp_oct
1,7057.7582,mp_oct
1,7058.0585,mp_oct
1,7058.3589,mp_oct
1,7058.6592,mp_oct
1,7058.9595,mp_oct
1,7059.2599,mp_oct
1,7059.5602,mp_oct
1,7059.8605,mp_oct
1,7060.1609,mp_oct
1,7060.4612,mp_oct
1,7060.7615,mp_oct
1,7061.0618,mp_oct
1,7061.3621,mp_oct
1,7061.6624,mp_oct
1,7061.9628,mp_oct
1,7062.2631,mp_oct
1,7062.5635,mp_oct
1,7062.8637,mp_oct
1,7063.1641,mp_oct
1,7063.4644,mp_oct
1,7063.7647,mp_oct
1,7064.0651,mp_oct
1,7064.3654,mp_oct
1,7064.6657,mp_oct
1,7064.9661,mp_oct
1,7065.2664,mp_oct
1,7065.5667,mp_oct
1,7065.867,mp_oct
1,7066.1674,mp_oct
1,7066.4678,mp_oct
1,7066.7681,mp_oct
1,7067.0684,mp_oct
1,7067.373,mp_oct
1,7067.6733,mp_oct
1,7067.9736,mp_oct
1,7068.274,mp_oct
1,7068.5793,mp_oct
1,7068.8846,mp_oct
1,7069.1906,mp_oct
1,7069.4908,mp_oct
1,7069.7912,mp_oct
1,7070.0915,mp_oct
1,7070.3919,mp_oct
1,7070.6922,mp_oct
1,7070.9925,mp_oct
1,7071.2929,mp_oct
1,7071.5932,mp_oct
1,7071.8936,mp_oct
1,7072.1939,mp_oct
1,7072.4942,mp_oct
1,7072.7945,mp_oct
1,7073.0948,mp_oct
1,7073.3951,mp_oct
1,7073.6955,mp_oct
1,7074.0052,mp_oct
1,7074.3056,mp_oct
1,7074.6059,mp_oct
1,7074.9062,mp_oct
1,7075.2066,mp_oct
1,7075.5069,mp_oct
1,7075.8579,mp_oct
1,7076.1582,mp_oct
1,7076.4629,mp_oct
1,7076.7633,mp_oct
1,7077.0636,mp_oct
1,7077.3639,mp_oct
1,7077.6643,mp_oct
1,7077.9646,mp_oct
1,7078.2649,mp_oct
1,7078.5652,mp_oct
1,7078.8655,mp_oct
1,7079.1859,mp_oct
1,7079.5219,mp_oct
1,7079.8266,mp_oct
1,7080.1269,mp_oct
1,7080.4273,mp_oct
1,7080.7327,mp_oct
1,7081.033,mp_oct
1,7081.3333,mp_oct
1,7081.6336,mp_oct
1,7081.9339,mp_oct
1,7082.2342,mp_oct
1,7082.5346,mp_oct
1,7082.8455,mp_oct
1,7083.1459,mp_oct
1,7083.4462,mp_oct
1,7083.7465,mp_oct
1,7084.0468,mp_oct
1,7084.3472,mp_oct
1,7084.6475,mp_oct
1,7084.9478,mp_oct
1,7085.2482,mp_oct
1,7085.5484,mp_oct
1,7085.8532,mp_oct
1,7086.1536,mp_oct
1,7086.454,mp_oct
1,7086.7542,mp_oct
1,7087.0546,mp_oct
1,7087.3548,mp_oct
1,7087.6552,mp_oct
1,7087.9556,mp_oct
1,7088.2558,mp_oct
1,7088.5562,mp_oct
1,7088.8565,mp_oct
1,7089.1569,mp_oct
1,7089.4572,mp_oct
1,7089.7575,mp_oct
1,7090.0579,mp_oct
1,7090.3582,mp_oct
1,7090.6585,mp_oct
1,7090.9588,mp_oct
1,7091.2592,mp_oct
1,7091.5595,mp_oct
1,7091.8598,mp_oct
1,7092.1602,mp_oct
1,7092.4604,mp_oct
1,7092.7658,mp_oct
1,7093.0661,mp_oct
1,7093.3665,mp_oct
1,7093.6668,mp_oct
1,7093.9671,mp_oct
1,7094.2675,mp_oct
1,7094.5678,mp_oct
1,7094.8681,mp_oct
1,7095.1735,mp_oct
1,7095.4738,mp_oct
1,7095.7741,mp_oct
1,7096.0744,mp_oct
1,7096.3748,mp_oct
1,7096.675,mp_oct
1,7096.9754,mp_oct
1,7097.2757,mp_oct
1,7097.5761,mp_oct
1,7097.8764,mp_oct
1,7098.1767,mp_oct
1,7098.4771,mp_oct
1,7098.7774,mp_oct
1,7099.0778,mp_oct
1,7099.3836,mp_oct
1,7099.6884,mp_oct
1,7099.9937,mp_oct
1,7100.309,mp_oct
1,7100.6094,mp_oct
1,7100.9097,mp_oct
1,7101.2101,mp_oct
1,7101.5104,mp_oct
1,7101.8107,mp_oct
1,7102.111,mp_oct
1,7102.4114,mp_oct
1,7102.7116,mp_oct
1,7103.012,mp_oct
1,7103.3124,mp_oct
1,7103.6127,mp_oct
1,7103.913,mp_oct
1,7104.2133,mp_oct
1,7104.5137,mp_oct
1,7104.814,mp_oct
1,7105.1143,mp_oct
1,7105.4147,mp_oct
1,7105.715,mp_oct
1,7106.0153,mp_oct
1,7106.3156,mp_oct
1,7106.616,mp_oct
1,7106.9163,mp_oct
1,7107.2166,mp_oct
1,7107.5169,mp_oct
1,7107.8173,mp_oct
1,7108.1176,mp_oct
1,7108.4179,mp_oct
1,7108.7283,mp_oct
1,7109.0286,mp_oct
1,7109.3289,mp_oct
1,7109.6292,mp_oct
1,7109.9296,mp_oct
1,7110.2299,mp_oct
1,7110.5302,mp_oct
1,7110.8306,mp_oct
1,7111.1308,mp_oct
1,7111.4312,mp_oct
1,7111.7316,mp_oct
1,7112.0319,mp_oct
1,7112.3322,mp_oct
1,7112.6326,mp_oct
1,7112.9329,mp_oct
1,7113.2332,mp_oct
1,7113.5335,mp_oct
1,7113.8339,mp_oct
1,7114.1342,mp_oct
1,7114.4346,mp_oct
1,7114.7348,mp_oct
1,7115.0352,mp_oct
1,7115.3356,mp_oct
1,7115.6358,mp_oct
1,7115.9362,mp_oct
1,7116.2365,mp_oct
1,7116.5369,mp_oct
1,7116.8371,mp_oct
1,7117.1431,mp_oct
1,7117.4478,mp_oct
1,7117.7482,mp_oct
1,7118.0485,mp_oct
1,7118.3488,mp_oct
1,7118.6492,mp_oct
1,7118.9595,mp_oct
1,7119.2598,mp_oct
1,7119.5602,mp_oct
1,7119.8604,mp_oct
1,7120.1608,mp_oct
1,7120.4611,mp_oct
1,7120.7615,mp_oct
1,7121.0618,mp_oct
1,7121.3621,mp_oct
1,7121.6624,mp_oct
1,7121.9684,mp_oct
1,7122.2687,mp_oct
1,7122.5691,mp_oct
1,7122.8694,mp_oct
1,7123.1698,mp_oct
1,7123.47,mp_oct
1,7123.7748,mp_oct
1,7124.0851,mp_oct
1,7124.3854,mp_oct
1,7124.6858,mp_oct
1,7124.9861,mp_oct
1,7125.292,mp_oct
1,7125.5924,mp_oct
1,7125.9071,mp_oct
1,7126.2074,mp_oct
1,7126.5077,mp_oct
1,7126.8081,mp_oct
1,7127.1084,mp_oct
1,7127.4087,mp_oct
1,7127.7091,mp_oct
1,7128.015,mp_oct
1,7128.3154,mp_oct
1,7128.6201,mp_oct
1,7128.9254,mp_oct
1,7129.2257,mp_oct
1,7129.526,mp_oct
1,7129.8264,mp_oct
1,7130.1268,mp_oct
1,7130.427,mp_oct
1,7130.7274,mp_oct
1,7131.0277,mp_oct
1,7131.3279,mp_oct
1,7131.6283,mp_oct
1,7131.9287,mp_oct
1,7132.229,mp_oct
1,7132.5344,mp_oct
1,7132.8347,mp_oct
1,7133.1408,mp_oct
1,7133.4411,mp_oct
1,7133.7507,mp_oct
1,7134.051,mp_oct
1,7134.3513,mp_oct
1,7134.6516,mp_oct
1,7134.952,mp_oct
1,7135.2523,mp_oct
1,7135.5576,mp_oct
1,7135.858,mp_oct
1,7136.1583,mp_oct
1,7136.4642,mp_oct
1,7136.774,mp_oct
1,7137.0793,mp_oct
1,7137.3796,mp_oct
1,7137.68,mp_oct
1,7137.9803,mp_oct
1,7138.2806,mp_oct
1,7138.581,mp_oct
1,7138.8813,mp_oct
1,7139.1816,mp_oct
1,7139.4876,mp_oct
1,7139.7972,mp_oct
1,7140.0976,mp_oct
1,7140.398,mp_oct
1,7140.6983,mp_oct
1,7140.9986,mp_oct
1,7141.2989,mp_oct
1,7141.5993,mp_oct
1,7141.8996,mp_oct
1,7142.2,mp_oct
1,7142.5003,mp_oct
1,7142.8006,mp_oct
1,7143.1209,mp_oct
1,7143.4363,mp_oct
1,7143.7366,mp_oct
1,7144.042,mp_oct
1,7144.3423,mp_oct
1,7144.6426,mp_oct
1,7144.9429,mp_oct
1,7145.2432,mp_oct
1,7145.5436,mp_oct
1,7145.8439,mp_oct
1,7146.1442,mp_oct
1,7146.4446,mp_oct
1,7146.7449,mp_oct
1,7147.0452,mp_oct
1,7147.3456,mp_oct
1,7147.6459,mp_oct
1,7147.9462,mp_oct
1,7148.2465,mp_oct
1,7148.5469,mp_oct
1,7148.8472,mp_oct
1,7149.1476,mp_oct
1,7149.4479,mp_oct
1,7149.7532,mp_oct
1,7150.0536,mp_oct
1,7150.3597,mp_oct
1,7150.66,mp_oct
1,7150.9603,mp_oct
1,7151.2606,mp_oct
1,7151.561,mp_oct
1,7151.8613,mp_oct
1,7152.1616,mp_oct
1,7152.462,mp_oct
1,7152.7665,mp_oct
1,7153.0668,mp_oct
1,7153.3671,mp_oct
1,7153.6675,mp_oct
1,7153.9678,mp_oct
1,7154.2682,mp_oct
1,7154.5685,mp_oct
1,7154.8688,mp_oct
1,7155.1692,mp_oct
1,7155.4745,mp_oct
1,7155.7748,mp_oct
1,7156.0751,mp_oct
1,7156.386,mp_oct
1,7156.6864,mp_oct
1,7156.9868,mp_oct
1,7157.287,mp_oct
1,7157.5874,mp_oct
1,7157.8877,mp_oct
1,7158.1881,mp_oct
1,7158.4884,mp_oct
1,7158.7887,mp_oct
1,7159.0891,mp_oct
1,7159.3938,mp_oct
1,7159.6941,mp_oct
1,7159.9944,mp_oct
1,7160.2948,mp_oct
1,7160.5951,mp_oct
1,7160.8955,mp_oct
1,7161.1957,mp_oct
1,7161.4961,mp_oct
1,7161.7964,mp_oct
1,7162.0968,mp_oct
1,7162.402,mp_oct
1,7162.7024,mp_oct
1,7163.0027,mp_oct
1,7163.303,mp_oct
1,7163.6034,mp_oct
1,7163.9037,mp_oct
1,7164.2091,mp_oct
1,7164.5094,mp_oct
1,7164.8097,mp_oct
1,7165.11,mp_oct
1,7165.4104,mp_oct
1,7165.7107,mp_oct
1,7166.0111,mp_oct
1,7166.3114,mp_oct
1,7166.6117,mp_oct
1,7166.912,mp_oct
1,7167.2124,mp_oct
1,7167.5127,mp_oct
1,7167.813,mp_oct
1,7168.1133,mp_oct
1,7168.4136,mp_oct
1,7168.714,mp_oct
1,7169.0143,mp_oct
1,7169.3147,mp_oct
1,7169.615,mp_oct
1,7169.9153,mp_oct
1,7170.2157,mp_oct
1,7170.516,mp_oct
1,7170.8163,mp_oct
1,7171.1267,mp_oct
1,7171.427,mp_oct
1,7171.7274,mp_oct
1,7172.0276,mp_oct
1,7172.3279,mp_oct
1,7172.6283,mp_oct
1,7172.9286,mp_oct
1,7173.229,mp_oct
1,7173.5293,mp_oct
1,7173.8296,mp_oct
1,7174.13,mp_oct
1,7174.4303,mp_oct
1,7174.7306,mp_oct
1,7175.0309,mp_oct
1,7175.3312,mp_oct
1,7175.6316,mp_oct
1,7175.9319,mp_oct
1,7176.2323,mp_oct
1,7176.5326,mp_oct
1,7176.8329,mp_oct
1,7177.1332,mp_oct
1,7177.4336,mp_oct
1,7177.7339,mp_oct
1,7178.0342,mp_oct
1,7178.3346,mp_oct
1,7178.6348,mp_oct
1,7178.9353,mp_oct
1,7179.2356,mp_oct
1,7179.5359,mp_oct
1,7179.8362,mp_oct
1,7180.1366,mp_oct
1,7180.4369,mp_oct
1,7180.7372,mp_oct
1,7181.0376,mp_oct
1,7181.3379,mp_oct
1,7181.6382,mp_oct
1,7181.9385,mp_oct
1,7182.2388,mp_oct
1,7182.5392,mp_oct
1,7182.8395,mp_oct
1,7183.1398,mp_oct
1,7183.4402,mp_oct
1,7183.7405,mp_oct
1,7184.0409,mp_oct
1,7184.3412,mp_oct
1,7184.6415,mp_oct
1,7184.9419,mp_oct
1,7185.2421,mp_oct
1,7185.5425,mp_oct
1,7185.8428,mp_oct
1,7186.1432,mp_oct
1,7186.4435,mp_oct
1,7186.7438,mp_oct
1,7187.0442,mp_oct
1,7187.3444,mp_oct
1,7187.6498,mp_oct
1,7187.9501,mp_oct
1,7188.2504,mp_oct
1,7188.5508,mp_oct
1,7188.8511,mp_oct
1,7189.1514,mp_oct
1,7189.4518,mp_oct
1,7189.7521,mp_oct
1,7190.0525,mp_oct
1,7190.3528,mp_oct
1,7190.6531,mp_oct
1,7190.9534,mp_oct
1,7191.2538,mp_oct
1,7191.5541,mp_oct
1,7191.8544,mp_oct
1,7192.1548,mp_oct
1,7192.4551,mp_oct
1,7192.7554,mp_oct
1,7193.0557,mp_oct
1,7193.3561,mp_oct
1,7193.6564,mp_oct
1,7193.9567,mp_oct
1,7194.2571,mp_oct
1,7194.5574,mp_oct
1,7194.8578,mp_oct
1,7195.158,mp_oct
1,7195.4584,mp_oct
1,7195.7587,mp_oct
1,7196.059,mp_oct
1,7196.3594,mp_oct
1,7196.6597,mp_oct
1,7196.96,mp_oct
1,7197.2604,mp_oct
1,7197.5606,mp_oct
1,7197.861,mp_oct
1,7198.1613,mp_oct
1,7198.4617,mp_oct
1,7198.762,mp_oct
1,7199.0623,mp_oct
1,7199.3627,mp_oct
1,7199.6629,mp_oct
1,7199.9633,mp_oct
1,7200.2637,mp_oct
1,7200.564,mp_oct
1,7200.8643,mp_oct
1,7201.1646,mp_oct
1,7201.465,mp_oct
1,7201.7703,mp_oct
1,7202.0706,mp_oct
1,7202.371,mp_oct
1,7202.6713,mp_oct
1,7202.9716,mp_oct
1,7203.2719,mp_oct
1,7203.5723,mp_oct
1,7203.8726,mp_oct
1,7204.1729,mp_oct
1,7204.4733,mp_oct
1,7204.7736,mp_oct
1,7205.0739,mp_oct
1,7205.3742,mp_oct
1,7205.6746,mp_oct
1,7205.9749,mp_oct
1,7206.2752,mp_oct
1,7206.5756,mp_oct
1,7206.8759,mp_oct
1,7207.1763,mp_oct
1,7207.4766,mp_oct
1,7207.7769,mp_oct
1,7208.0772,mp_oct
1,7208.3775,mp_oct
1,7208.6779,mp_oct
1,7208.9782,mp_oct
1,7209.2785,mp_oct
1,7209.5788,mp_oct
1,7209.8792,mp_oct
1,7210.1796,mp_oct
1,7210.4798,mp_oct
1,7210.7802,mp_oct
1,7211.0805,mp_oct
1,7211.3808,mp_oct
1,7211.6812,mp_oct
1,7211.9815,mp_oct
1,7212.2819,mp_oct
1,7212.5877,mp_oct
1,7212.8881,mp_oct
1,7213.1884,mp_oct
1,7213.4887,mp_oct
1,7213.7891,mp_oct
1,7214.0894,mp_oct
1,7214.3897,mp_oct
1,7214.6901,mp_oct
1,7214.9904,mp_oct
1,7215.2908,mp_oct
1,7215.591,mp_oct
1,7215.8914,mp_oct
1,7216.1917,mp_oct
1,7216.492,mp_oct
1,7216.7924,mp_oct
1,7217.0927,mp_oct
1,7217.393,mp_oct
1,7217.6934,mp_oct
1,7217.9937,mp_oct
1,7218.294,mp_oct
1,7218.5943,mp_oct
1,7218.8946,mp_oct
1,7219.195,mp_oct
1,7219.4953,mp_oct
1,7219.7957,mp_oct
1,7220.096,mp_oct
1,7220.3963,mp_oct
1,7220.6966,mp_oct
1,7220.997,mp_oct
1,7221.2973,mp_oct
1,7221.5976,mp_oct
1,7221.898,mp_oct
1,7222.1983,mp_oct
1,7222.4986,mp_oct
1,7222.7989,mp_oct
1,7223.0993,mp_oct
1,7223.3996,mp_oct
1,7223.6999,mp_oct
1,7224.0003,mp_oct
1,7224.3006,mp_oct
1,7224.6009,mp_oct
1,7224.9012,mp_oct
1,7225.2016,mp_oct
1,7225.5019,mp_oct
1,7225.8022,mp_oct
1,7226.1026,mp_oct
1,7226.4029,mp_oct
1,7226.7076,mp_oct
1,7227.008,mp_oct
1,7227.3083,mp_oct
1,7227.6136,mp_oct
1,7227.9139,mp_oct
1,7228.2142,mp_oct
1,7228.5146,mp_oct
1,7228.8149,mp_oct
1,7229.1153,mp_oct
1,7229.4156,mp_oct
1,7229.7159,mp_oct
1,7230.0162,mp_oct
1,7230.3166,mp_oct
1,7230.6169,mp_oct
1,7230.9172,mp_oct
1,7231.2176,mp_oct
1,7231.5228,mp_oct
1,7231.8232,mp_oct
1,7232.1236,mp_oct
1,7232.4239,mp_oct
1,7232.7242,mp_oct
1,7233.0245,mp_oct
1,7233.3249,mp_oct
1,7233.6252,mp_oct
1,7233.9255,mp_oct
1,7234.2259,mp_oct
1,7234.5262,mp_oct
1,7234.8265,mp_oct
1,7235.1268,mp_oct
1,7235.4272,mp_oct
1,7235.7275,mp_oct
1,7236.0278,mp_oct
1,7236.3282,mp_oct
1,7236.6341,mp_oct
1,7236.9344,mp_oct
1,7237.2347,mp_oct
1,7237.535,mp_oct
1,7237.8354,mp_oct
1,7238.1357,mp_oct
1,7238.4361,mp_oct
1,7238.7364,mp_oct
1,7239.0367,mp_oct
1,7239.337,mp_oct
1,7239.6374,mp_oct
1,7239.942,mp_oct
1,7240.2424,mp_oct
1,7240.5428,mp_oct
1,7240.8481,mp_oct
1,7241.1484,mp_oct
1,7241.4487,mp_oct
1,7241.7541,mp_oct
1,7242.0544,mp_oct
1,7242.3604,mp_oct
1,7242.6608,mp_oct
1,7242.9611,mp_oct
1,7243.2615,mp_oct
1,7243.5618,mp_oct
1,7243.8621,mp_oct
1,7244.1625,mp_oct
1,7244.4628,mp_oct
1,7244.7674,mp_oct
1,7245.0677,mp_oct
1,7245.368,mp_oct
1,7245.6733,mp_oct
1,7245.9737,mp_oct
1,7246.274,mp_oct
1,7246.5744,mp_oct
1,7246.8747,mp_oct
1,7247.175,mp_oct
1,7247.4754,mp_oct
1,7247.7757,mp_oct
1,7248.076,mp_oct
1,7248.3763,mp_oct
1,7248.6767,mp_oct
1,7248.977,mp_oct
1,7249.2773,mp_oct
1,7249.5777,mp_oct
1,7249.883,mp_oct
1,7250.1933,mp_oct
1,7250.4986,mp_oct
1,7250.799,mp_oct
1,7251.0993,mp_oct
1,7251.3996,mp_oct
1,7251.6999,mp_oct
1,7252.0003,mp_oct
1,7252.3006,mp_oct
1,7252.601,mp_oct
1,7252.9013,mp_oct
1,7253.2016,mp_oct
1,7253.5019,mp_oct
1,7253.8022,mp_oct
1,7254.1026,mp_oct
1,7254.4029,mp_oct
1,7254.7033,mp_oct
1,7255.0086,mp_oct
1,7255.3089,mp_oct
1,7255.6149,mp_oct
1,7255.9153,mp_oct
1,7256.2156,mp_oct
1,7256.5158,mp_oct
1,7256.8162,mp_oct
1,7257.1164,mp_oct
1,7257.4169,mp_oct
1,7257.7172,mp_oct
1,7258.0175,mp_oct
1,7258.3179,mp_oct
1,7258.6181,mp_oct
1,7258.9185,mp_oct
1,7259.2188,mp_oct
1,7259.5192,mp_oct
1,7259.8239,mp_oct
1,7260.1242,mp_oct
1,7260.4245,mp_oct
1,7260.7248,mp_oct
1,7261.0252,mp_oct
1,7261.3255,mp_oct
1,7261.6259,mp_oct
1,7261.9262,mp_oct
1,7262.2265,mp_oct
1,7262.5268,mp_oct
1,7262.8272,mp_oct
1,7263.1275,mp_oct
1,7263.4278,mp_oct
1,7263.7282,mp_oct
1,7264.0285,mp_oct
1,7264.3338,mp_oct
1,7264.6342,mp_oct
1,7264.9345,mp_oct
1,7265.2348,mp_oct
1,7265.5351,mp_oct
1,7265.8354,mp_oct
1,7266.1366,mp_oct
1,7266.4361,mp_oct
1,7266.7364,mp_oct
1,7267.0368,mp_oct
1,7267.3371,mp_oct
1,7267.6374,mp_oct
1,7267.9378,mp_oct
1,7268.2381,mp_oct
1,7268.5385,mp_oct
1,7268.8388,mp_oct
1,7269.1391,mp_oct
1,7269.4444,mp_oct
1,7269.7448,mp_oct
1,7270.0451,mp_oct
1,7270.3454,mp_oct
1,7270.6457,mp_oct
1,7270.9461,mp_oct
1,7271.2464,mp_oct
1,7271.5467,mp_oct
1,7271.8471,mp_oct
1,7272.1474,mp_oct
1,7272.4978,mp_oct
1,7272.7981,mp_oct
1,7273.1141,mp_oct
1,7273.4188,mp_oct
1,7273.7191,mp_oct
1,7274.0195,mp_oct
1,7274.3198,mp_oct
1,7274.6251,mp_oct
1,7274.9254,mp_oct
1,7275.2257,mp_oct
1,7275.5261,mp_oct
1,7275.8264,mp_oct
1,7276.1267,mp_oct
1,7276.427,mp_oct
1,7276.7274,mp_oct
1,7277.0327,mp_oct
1,7277.333,mp_oct
1,7277.6334,mp_oct
1,7277.9338,mp_oct
1,7278.234,mp_oct
1,7278.5344,mp_oct
1,7278.8347,mp_oct
1,7279.1351,mp_oct
1,7279.4353,mp_oct
1,7279.7357,mp_oct
1,7280.036,mp_oct
1,7280.3364,mp_oct
1,7280.6366,mp_oct
1,7280.937,mp_oct
1,7281.2374,mp_oct
1,7281.5377,mp_oct
1,7281.838,mp_oct
1,7282.1383,mp_oct
1,7282.4387,mp_oct
1,7282.739,mp_oct
1,7283.0393,mp_oct
1,7283.3396,mp_oct
1,7283.64,mp_oct
1,7283.9403,mp_oct
1,7284.2406,mp_oct
1,7284.541,mp_oct
1,7284.8413,mp_oct
1,7285.1417,mp_oct
1,7285.442,mp_oct
1,7285.7423,mp_oct
1,7286.0426,mp_oct
1,7286.3486,mp_oct
1,7286.6489,mp_oct
1,7286.9494,mp_oct
1,7287.2496,mp_oct
1,7287.55,mp_oct
1,7287.8502,mp_oct
1,7288.1506,mp_oct
1,7288.4552,mp_oct
1,7288.7555,mp_oct
1,7289.0559,mp_oct
1,7289.3562,mp_oct
1,7289.6565,mp_oct
1,7289.9619,mp_oct
1,7290.2622,mp_oct
1,7290.5676,mp_oct
1,7290.8679,mp_oct
1,7291.1782,mp_oct
1,7291.4786,mp_oct
1,7291.7789,mp_oct
1,7292.0792,mp_oct
1,7292.3796,mp_oct
1,7292.6799,mp_oct
1,7292.9802,mp_oct
1,7293.2805,mp_oct
1,7293.5809,mp_oct
1,7293.8813,mp_oct
1,7294.1815,mp_oct
1,7294.4819,mp_oct
1,7294.7821,mp_oct
1,7295.0825,mp_oct
1,7295.3828,mp_oct
1,7295.6832,mp_oct
1,7295.9835,mp_oct
1,7296.2839,mp_oct
1,7296.5892,mp_oct
1,7296.8895,mp_oct
1,7297.1898,mp_oct
1,7297.4901,mp_oct
1,7297.7905,mp_oct
1,7298.0908,mp_oct
1,7298.3912,mp_oct
1,7298.6915,mp_oct
1,7298.9918,mp_oct
1,7299.2922,mp_oct
1,7299.5925,mp_oct
1,7299.9035,mp_oct
1,7300.2038,mp_oct
1,7300.5085,mp_oct
1,7300.8189,mp_oct
1,7301.1192,mp_oct
1,7301.4195,mp_oct
1,7301.7198,mp_oct
1,7302.0201,mp_oct
1,7302.3204,mp_oct
1,7302.6207,mp_oct
1,7302.9211,mp_oct
1,7303.2214,mp_oct
1,7303.5217,mp_oct
1,7303.8221,mp_oct
1,7304.1224,mp_oct
1,7304.4228,mp_oct
1,7304.7231,mp_oct
1,7305.0234,mp_oct
1,7305.3238,mp_oct
1,7305.6241,mp_oct
1,7305.9244,mp_oct
1,7306.2248,mp_oct
1,7306.525,mp_oct
1,7306.8254,mp_oct
1,7307.1258,mp_oct
1,7307.426,mp_oct
1,7307.7264,mp_oct
1,7308.0267,mp_oct
1,7308.327,mp_oct
1,7308.6273,mp_oct
1,7308.9277,mp_oct
1,7309.228,mp_oct
1,7309.5284,mp_oct
1,7309.8287,mp_oct
1,7310.1291,mp_oct
1,7310.4294,mp_oct
1,7310.7297,mp_oct
1,7311.03,mp_oct
1,7311.3304,mp_oct
1,7311.6364,mp_oct
1,7311.9368,mp_oct
1,7312.2371,mp_oct
1,7312.5374,mp_oct
1,7312.8378,mp_oct
1,7313.1381,mp_oct
1,7313.4384,mp_oct
1,7313.7387,mp_oct
1,7314.039,mp_oct
1,7314.3394,mp_oct
1,7314.6398,mp_oct
1,7314.9401,mp_oct
1,7315.2404,mp_oct
1,7315.5407,mp_oct
1,7315.8411,mp_oct
1,7316.1414,mp_oct
1,7316.4417,mp_oct
1,7316.742,mp_oct
1,7317.0423,mp_oct
1,7317.3427,mp_oct
1,7317.643,mp_oct
1,7317.9476,mp_oct
1,7318.253,mp_oct
1,7318.5533,mp_oct
1,7318.8536,mp_oct
1,7319.1539,mp_oct
1,7319.4543,mp_oct
1,7319.7546,mp_oct
1,7320.0549,mp_oct
1,7320.3553,mp_oct
1,7320.6556,mp_oct
1,7320.9559,mp_oct
1,7321.2563,mp_oct
1,7321.5566,mp_oct
1,7321.8569,mp_oct
1,7322.1572,mp_oct
1,7322.4576,mp_oct
1,7322.7578,mp_oct
1,7323.0582,mp_oct
1,7323.3585,mp_oct
1,7323.6589,mp_oct
1,7323.9592,mp_oct
1,7324.2596,mp_oct
1,7324.5598,mp_oct
1,7324.8602,mp_oct
1,7325.1605,mp_oct
1,7325.4608,mp_oct
1,7325.7612,mp_oct
1,7326.0615,mp_oct
1,7326.3619,mp_oct
1,7326.6621,mp_oct
1,7326.9625,mp_oct
1,7327.2628,mp_oct
1,7327.5632,mp_oct
1,7327.8635,mp_oct
1,7328.1638,mp_oct
1,7328.4641,mp_oct
1,7328.7645,mp_oct
1,7329.0648,mp_oct
1,7329.3651,mp_oct
1,7329.6654,mp_oct
1,7329.9658,mp_oct
1,7330.2661,mp_oct
1,7330.5665,mp_oct
1,7330.8668,mp_oct
1,7331.1671,mp_oct
1,7331.4674,mp_oct
1,7331.7686,mp_oct
1,7332.068,mp_oct
1,7332.3684,mp_oct
1,7332.6738,mp_oct
1,7332.9741,mp_oct
1,7333.2744,mp_oct
1,7333.5804,mp_oct
1,7333.8851,mp_oct
1,7334.1904,mp_oct
1,7334.4908,mp_oct
1,7334.7961,mp_oct
1,7335.0964,mp_oct
1,7335.3967,mp_oct
1,7335.6971,mp_oct
1,7335.9975,mp_oct
1,7336.3034,mp_oct
1,7336.6036,mp_oct
1,7336.9041,mp_oct
1,7337.2044,mp_oct
1,7337.5048,mp_oct
1,7337.805,mp_oct
1,7338.1053,mp_oct
1,7338.4057,mp_oct
1,7338.706,mp_oct
1,7339.0063,mp_oct
1,7339.3067,mp_oct
1,7339.607,mp_oct
1,7339.9073,mp_oct
1,7340.2076,mp_oct
1,7340.508,mp_oct
1,7340.8127,mp_oct
1,7341.113,mp_oct
1,7341.4133,mp_oct
1,7341.7136,mp_oct
1,7342.014,mp_oct
1,7342.3194,mp_oct
1,7342.6196,mp_oct
1,7342.92,mp_oct
1,7343.2203,mp_oct
1,7343.5206,mp_oct
1,7343.821,mp_oct
1,7344.1213,mp_oct
1,7344.4216,mp_oct
1,7344.722,mp_oct
1,7345.0223,mp_oct
1,7345.3226,mp_oct
1,7345.623,mp_oct
1,7345.9233,mp_oct
1,7346.2236,mp_oct
1,7346.5239,mp_oct
1,7346.8243,mp_oct
1,7347.1296,mp_oct
1,7347.43,mp_oct
1,7347.7302,mp_oct
1,7348.0306,mp_oct
1,7348.3309,mp_oct
1,7348.6313,mp_oct
1,7348.9316,mp_oct
1,7349.2319,mp_oct
1,7349.5323,mp_oct
1,7349.8325,mp_oct
1,7350.1329,mp_oct
1,7350.4389,mp_oct
1,7350.7391,mp_oct
1,7351.0395,mp_oct
1,7351.3398,mp_oct
1,7351.6401,mp_oct
1,7351.9405,mp_oct
1,7352.2452,mp_oct
1,7352.5456,mp_oct
1,7352.8459,mp_oct
1,7353.1462,mp_oct
1,7353.4465,mp_oct
1,7353.7469,mp_oct
1,7354.0472,mp_oct
1,7354.3475,mp_oct
1,7354.6478,mp_oct
1,7354.9483,mp_oct
1,7355.2536,mp_oct
1,7355.5539,mp_oct
1,7355.8592,mp_oct
1,7356.1652,mp_oct
1,7356.4655,mp_oct
1,7356.7658,mp_oct
1,7357.0661,mp_oct
1,7357.3664,mp_oct
1,7357.6668,mp_oct
1,7357.9671,mp_oct
1,7358.2675,mp_oct
1,7358.5678,mp_oct
1,7358.8681,mp_oct
1,7359.1684,mp_oct
1,7359.4688,mp_oct
1,7359.7785,mp_oct
1,7360.0788,mp_oct
1,7360.3791,mp_oct
1,7360.6795,mp_oct
1,7360.9848,mp_oct
1,7361.2852,mp_oct
1,7361.5855,mp_oct
1,7361.8859,mp_oct
1,7362.1861,mp_oct
1,7362.4865,mp_oct
1,7362.7868,mp_oct
1,7363.0871,mp_oct
1,7363.3875,mp_oct
1,7363.6935,mp_oct
1,7363.9939,mp_oct
1,7364.2943,mp_oct
1,7364.6038,mp_oct
1,7364.9042,mp_oct
1,7365.2095,mp_oct
1,7365.5098,mp_oct
1,7365.8101,mp_oct
1,7366.1105,mp_oct
1,7366.4108,mp_oct
1,7366.7111,mp_oct
1,7367.0115,mp_oct
1,7367.3118,mp_oct
1,7367.6121,mp_oct
1,7367.9125,mp_oct
1,7368.2128,mp_oct
1,7368.5131,mp_oct
1,7368.8134,mp_oct
1,7369.1194,mp_oct
1,7369.4291,mp_oct
1,7369.7294,mp_oct
1,7370.0348,mp_oct
1,7370.3451,mp_oct
1,7370.6454,mp_oct
1,7370.9458,mp_oct
1,7371.2461,mp_oct
1,7371.5464,mp_oct
1,7371.8468,mp_oct
1,7372.1471,mp_oct
1,7372.4474,mp_oct
1,7372.7478,mp_oct
1,7373.0531,mp_oct
1,7373.3584,mp_oct
1,7373.6588,mp_oct
1,7373.9647,mp_oct
1,7374.265,mp_oct
1,7374.5654,mp_oct
1,7374.8657,mp_oct
1,7375.166,mp_oct
1,7375.4663,mp_oct
1,7375.7666,mp_oct
1,7376.067,mp_oct
1,7376.3673,mp_oct
1,7376.6676,mp_oct
1,7376.9724,mp_oct
1,7377.2727,mp_oct
1,7377.578,mp_oct
1,7377.8834,mp_oct
1,7378.1837,mp_oct
1,7378.4841,mp_oct
1,7378.7844,mp_oct
1,7379.0847,mp_oct
1,7379.385,mp_oct
1,7379.6854,mp_oct
1,7379.9857,mp_oct
1,7380.296,mp_oct
1,7380.5964,mp_oct
1,7380.8967,mp_oct
1,7381.197,mp_oct
1,7381.5023,mp_oct
1,7381.8027,mp_oct
1,7382.103,mp_oct
1,7382.4034,mp_oct
1,7382.7036,mp_oct
1,7383.004,mp_oct
1,7383.3044,mp_oct
1,7383.6155,mp_oct
1,7383.9158,mp_oct
1,7384.2203,mp_oct
1,7384.5257,mp_oct
1,7384.826,mp_oct
1,7385.1263,mp_oct
1,7385.4267,mp_oct
1,7385.727,mp_oct
1,7386.0273,mp_oct
1,7386.3276,mp_oct
1,7386.628,mp_oct
1,7386.9283,mp_oct
1,7387.2287,mp_oct
1,7387.529,mp_oct
1,7387.8293,mp_oct
1,7388.1296,mp_oct
1,7388.43,mp_oct
1,7388.7303,mp_oct
1,7389.0307,mp_oct
1,7389.331,mp_oct
1,7389.6313,mp_oct
1,7389.9316,mp_oct
1,7390.232,mp_oct
1,7390.5323,mp_oct
1,7390.8326,mp_oct
1,7391.1329,mp_oct
1,7391.4333,mp_oct
1,7391.7335,mp_oct
1,7392.0339,mp_oct
1,7392.3343,mp_oct
1,7392.6452,mp_oct
1,7392.95,mp_oct
1,7393.2503,mp_oct
1,7393.5515,mp_oct
1,7393.8509,mp_oct
1,7394.1513,mp_oct
1,7394.4516,mp_oct
1,7394.7519,mp_oct
1,7395.0522,mp_oct
1,7395.3526,mp_oct
1,7395.6529,mp_oct
1,7395.9532,mp_oct
1,7396.2535,mp_oct
1,7396.5539,mp_oct
1,7396.8542,mp_oct
1,7397.1546,mp_oct
1,7397.4549,mp_oct
1,7397.7552,mp_oct
1,7398.0555,mp_oct
1,7398.3558,mp_oct
1,7398.6562,mp_oct
1,7398.9565,mp_oct
1,7399.2569,mp_oct
1,7399.5572,mp_oct
1,7399.8575,mp_oct
1,7400.1579,mp_oct
1,7400.4632,mp_oct
1,7400.7636,mp_oct
1,7401.0638,mp_oct
1,7401.3642,mp_oct
1,7401.6645,mp_oct
1,7401.9648,mp_oct
1,7402.266,mp_oct
1,7402.5655,mp_oct
1,7402.8659,mp_oct
1,7403.1661,mp_oct
1,7403.4665,mp_oct
1,7403.7668,mp_oct
1,7404.0671,mp_oct
1,7404.3675,mp_oct
1,7404.6678,mp_oct
1,7404.9681,mp_oct
1,7405.2685,mp_oct
1,7405.5688,mp_oct
1,7405.8741,mp_oct
1,7406.1745,mp_oct
1,7406.4748,mp_oct
1,7406.7751,mp_oct
1,7407.0754,mp_oct
1,7407.3858,mp_oct
1,7407.6861,mp_oct
1,7407.9864,mp_oct
1,7408.2868,mp_oct
1,7408.5871,mp_oct
1,7408.8884,mp_oct
1,7409.1878,mp_oct
1,7409.4881,mp_oct
1,7409.7884,mp_oct
1,7410.0988,mp_oct
1,7410.4047,mp_oct
1,7410.7051,mp_oct
1,7411.0054,mp_oct
1,7411.3101,mp_oct
1,7411.6155,mp_oct
1,7411.9158,mp_oct
1,7412.2161,mp_oct
1,7412.5165,mp_oct
1,7412.8168,mp_oct
1,7413.1171,mp_oct
1,7413.4174,mp_oct
1,7413.7178,mp_oct
1,7414.0231,mp_oct
1,7414.3291,mp_oct
1,7414.6293,mp_oct
1,7414.9297,mp_oct
1,7415.23,mp_oct
1,7415.5303,mp_oct
1,7415.835,mp_oct
1,7416.1454,mp_oct
1,7416.4515,mp_oct
1,7416.756,mp_oct
1,7417.0564,mp_oct
1,7417.3567,mp_oct
1,7417.6571,mp_oct
1,7417.9573,mp_oct
1,7418.2577,mp_oct
1,7418.5581,mp_oct
1,7418.8584,mp_oct
1,7419.1587,mp_oct
1,7419.4591,mp_oct
1,7419.7594,mp_oct
1,7420.0647,mp_oct
1,7420.3756,mp_oct
1,7420.6854,mp_oct
1,7420.9857,mp_oct
1,7421.286,mp_oct
1,7421.5864,mp_oct
1,7421.8867,mp_oct
1,7422.187,mp_oct
1,7422.4874,mp_oct
1,7422.7877,mp_oct
1,7423.0881,mp_oct
1,7423.3884,mp_oct
1,7423.6887,mp_oct
1,7424.004,mp_oct
1,7424.3044,mp_oct
1,7424.6047,mp_oct
1,7424.905,mp_oct
1,7425.2103,mp_oct
1,7425.5107,mp_oct
1,7425.811,mp_oct
1,7426.1114,mp_oct
1,7426.4117,mp_oct
1,7426.712,mp_oct
1,7427.0123,mp_oct
1,7427.3126,mp_oct
1,7427.6129,mp_oct
1,7427.9133,mp_oct
1,7428.2136,mp_oct
1,7428.514,mp_oct
1,7428.8143,mp_oct
1,7429.1196,mp_oct
1,7429.42,mp_oct
1,7429.7203,mp_oct
1,7430.0206,mp_oct
1,7430.3209,mp_oct
1,7430.627,mp_oct
1,7430.9272,mp_oct
1,7431.2276,mp_oct
1,7431.5279,mp_oct
1,7431.8282,mp_oct
1,7432.133,mp_oct
1,7432.4333,mp_oct
1,7432.7386,mp_oct
1,7433.0389,mp_oct
1,7433.3392,mp_oct
1,7433.6396,mp_oct
1,7433.9506,mp_oct
1,7434.2553,mp_oct
1,7434.5606,mp_oct
1,7434.8609,mp_oct
1,7435.1613,mp_oct
1,7435.4616,mp_oct
1,7435.762,mp_oct
1,7436.0622,mp_oct
1,7436.3626,mp_oct
1,7436.6629,mp_oct
1,7436.9632,mp_oct
1,7437.2636,mp_oct
1,7437.5639,mp_oct
1,7437.8692,mp_oct
1,7438.1753,mp_oct
1,7438.4756,mp_oct
1,7438.776,mp_oct
1,7439.0763,mp_oct
1,7439.3766,mp_oct
1,7439.677,mp_oct
1,7439.9773,mp_oct
1,7440.2776,mp_oct
1,7440.578,mp_oct
1,7440.8783,mp_oct
1,7441.1786,mp_oct
1,7441.479,mp_oct
1,7441.7793,mp_oct
1,7442.0796,mp_oct
1,7442.38,mp_oct
1,7442.6845,mp_oct
1,7442.9849,mp_oct
1,7443.2852,mp_oct
1,7443.5855,mp_oct
1,7443.8859,mp_oct
1,7444.1862,mp_oct
1,7444.4865,mp_oct
1,7444.7869,mp_oct
1,7445.0872,mp_oct
1,7445.3876,mp_oct
1,7445.6879,mp_oct
1,7445.9881,mp_oct
1,7446.2885,mp_oct
1,7446.5889,mp_oct
1,7446.8892,mp_oct
1,7447.1895,mp_oct
1,7447.4898,mp_oct
1,7447.7901,mp_oct
1,7448.0905,mp_oct
1,7448.3908,mp_oct
1,7448.6911,mp_oct
1,7448.9915,mp_oct
1,7449.2918,mp_oct
1,7449.5921,mp_oct
1,7449.8924,mp_oct
1,7450.1928,mp_oct
1,7450.4932,mp_oct
1,7450.7935,mp_oct
1,7451.0938,mp_oct
1,7451.3941,mp_oct
1,7451.6944,mp_oct
1,7451.9948,mp_oct
1,7452.2951,mp_oct
1,7452.6004,mp_oct
1,7452.9058,mp_oct
1,7453.2061,mp_oct
1,7453.5064,mp_oct
1,7453.8068,mp_oct
1,7454.1071,mp_oct
1,7454.4075,mp_oct
1,7454.7077,mp_oct
1,7455.0081,mp_oct
1,7455.3084,mp_oct
1,7455.6087,mp_oct
1,7455.9091,mp_oct
1,7456.2094,mp_oct
1,7456.5097,mp_oct
1,7456.8101,mp_oct
1,7457.1104,mp_oct
1,7457.4108,mp_oct
1,7457.711,mp_oct
1,7458.0114,mp_oct
1,7458.3117,mp_oct
1,7458.612,mp_oct
1,7458.9124,mp_oct
1,7459.2127,mp_oct
1,7459.513,mp_oct
1,7459.8134,mp_oct
1,7460.1137,mp_oct
1,7460.4197,mp_oct
1,7460.72,mp_oct
1,7461.0203,mp_oct
1,7461.3206,mp_oct
1,7461.621,mp_oct
1,7461.9213,mp_oct
1,7462.2217,mp_oct
1,7462.522,mp_oct
1,7462.8224,mp_oct
1,7463.1226,mp_oct
1,7463.423,mp_oct
1,7463.7233,mp_oct
1,7464.0236,mp_oct
1,7464.3239,mp_oct
1,7464.6243,mp_oct
1,7464.9247,mp_oct
1,7465.2249,mp_oct
1,7465.5252,mp_oct
1,7465.8255,mp_oct
1,7466.1259,mp_oct
1,7466.4261,mp_oct
1,7466.7265,mp_oct
1,7467.0268,mp_oct
1,7467.3272,mp_oct
1,7467.6275,mp_oct
1,7467.9279,mp_oct
1,7468.2283,mp_oct
1,7468.5286,mp_oct
1,7468.829,mp_oct
1,7469.1292,mp_oct
1,7469.4296,mp_oct
1,7469.7299,mp_oct
1,7470.0302,mp_oct
1,7470.3305,mp_oct
1,7470.6308,mp_oct
1,7470.9312,mp_oct
1,7471.2315,mp_oct
1,7471.5318,mp_oct
1,7471.8322,mp_oct
1,7472.1325,mp_oct
1,7472.4329,mp_oct
1,7472.7332,mp_oct
1,7473.0335,mp_oct
1,7473.3338,mp_oct
1,7473.6342,mp_oct
1,7473.9344,mp_oct
1,7474.2348,mp_oct
1,7474.5351,mp_oct
1,7474.8355,mp_oct
1,7475.1358,mp_oct
1,7475.4361,mp_oct
1,7475.7364,mp_oct
1,7476.0368,mp_oct
1,7476.3372,mp_oct
1,7476.6418,mp_oct
1,7476.9422,mp_oct
1,7477.2425,mp_oct
1,7477.5428,mp_oct
1,7477.8432,mp_oct
1,7478.1435,mp_oct
1,7478.4438,mp_oct
1,7478.7442,mp_oct
1,7479.0444,mp_oct
1,7479.3448,mp_oct
1,7479.6451,mp_oct
1,7479.9455,mp_oct
1,7480.2458,mp_oct
1,7480.5461,mp_oct
1,7480.8464,mp_oct
1,7481.1468,mp_oct
1,7481.4471,mp_oct
1,7481.7475,mp_oct
1,7482.0477,mp_oct
1,7482.348,mp_oct
1,7482.6484,mp_oct
1,7482.9488,mp_oct
1,7483.2491,mp_oct
1,7483.5494,mp_oct
1,7483.8497,mp_oct
1,7484.155,mp_oct
1,7484.4554,mp_oct
1,7484.7557,mp_oct
1,7485.0561,mp_oct
1,7485.3564,mp_oct
1,7485.6568,mp_oct
1,7485.9571,mp_oct
1,7486.2574,mp_oct
1,7486.5578,mp_oct
1,7486.8581,mp_oct
1,7487.1691,mp_oct
1,7487.4694,mp_oct
1,7487.7697,mp_oct
1,7488.0701,mp_oct
1,7488.3704,mp_oct
1,7488.6707,mp_oct
1,7488.9711,mp_oct
1,7489.2714,mp_oct
1,7489.5717,mp_oct
1,7489.872,mp_oct
1,7490.1724,mp_oct
1,7490.4727,mp_oct
1,7490.773,mp_oct
1,7491.0733,mp_oct
1,7491.3737,mp_oct
1,7491.674,mp_oct
1,7491.9743,mp_oct
1,7492.2747,mp_oct
1,7492.575,mp_oct
1,7492.8753,mp_oct
1,7493.1757,mp_oct
1,7493.476,mp_oct
1,7493.7764,mp_oct
1,7494.0767,mp_oct
1,7494.3771,mp_oct
1,7494.6773,mp_oct
1,7494.9776,mp_oct
1,7495.278,mp_oct
1,7495.5783,mp_oct
1,7495.8795,mp_oct
1,7496.179,mp_oct
1,7496.4793,mp_oct
1,7496.7796,mp_oct
1,7497.08,mp_oct
1,7497.3803,mp_oct
1,7497.6806,mp_oct
1,7497.9853,mp_oct
1,7498.2857,mp_oct
1,7498.586,mp_oct
1,7498.8863,mp_oct
1,7499.1867,mp_oct
1,7499.487,mp_oct
1,7499.7873,mp_oct
1,7500.0877,mp_oct
1,7500.3879,mp_oct
1,7500.6883,mp_oct
1,7500.9895,mp_oct
1,7501.289,mp_oct
1,7501.5892,mp_oct
1,7501.8896,mp_oct
1,7502.1949,mp_oct
1,7502.4953,mp_oct
1,7502.7956,mp_oct
1,7503.0959,mp_oct
1,7503.4563,mp_oct
1,7503.7617,mp_oct
1,7504.062,mp_oct
1,7504.3623,mp_oct
1,7504.6627,mp_oct
1,7504.963,mp_oct
1,7505.269,mp_oct
1,7505.5736,mp_oct
1,7505.8739,mp_oct
1,7506.1743,mp_oct
1,7506.4796,mp_oct
1,7506.7907,mp_oct
1,7507.0953,mp_oct
1,7507.4007,mp_oct
1,7507.701,mp_oct
1,7508.0012,mp_oct
1,7508.3016,mp_oct
1,7508.602,mp_oct
1,7508.9073,mp_oct
1,7509.2076,mp_oct
1,7509.5136,mp_oct
1,7509.814,mp_oct
1,7510.1142,mp_oct
1,7510.4146,mp_oct
1,7510.7149,mp_oct
1,7511.0152,mp_oct
1,7511.3156,mp_oct
1,7511.6159,mp_oct
1,7511.9163,mp_oct
1,7512.2166,mp_oct
1,7512.5213,mp_oct
1,7512.8266,mp_oct
1,7513.1269,mp_oct
1,7513.4272,mp_oct
1,7513.7276,mp_oct
1,7514.0279,mp_oct
1,7514.3282,mp_oct
1,7514.6286,mp_oct
1,7514.9339,mp_oct
1,7515.2343,mp_oct
1,7515.5346,mp_oct
1,7515.8349,mp_oct
1,7516.1353,mp_oct
1,7516.4412,mp_oct
1,7516.7416,mp_oct
1,7517.0419,mp_oct
1,7517.3422,mp_oct
1,7517.6426,mp_oct
1,7517.9429,mp_oct
1,7518.2432,mp_oct
1,7518.5435,mp_oct
1,7518.8439,mp_oct
1,7519.1442,mp_oct
1,7519.4489,mp_oct
1,7519.7492,mp_oct
1,7520.0496,mp_oct
1,7520.3499,mp_oct
1,7520.6502,mp_oct
1,7520.9505,mp_oct
1,7521.2508,mp_oct
1,7521.552,mp_oct
1,7521.8516,mp_oct
1,7522.1518,mp_oct
1,7522.4522,mp_oct
1,7522.7575,mp_oct
1,7523.0579,mp_oct
1,7523.3582,mp_oct
1,7523.6585,mp_oct
1,7523.9638,mp_oct
1,7524.2642,mp_oct
1,7524.5645,mp_oct
1,7524.8649,mp_oct
1,7525.166,mp_oct
1,7525.4655,mp_oct
1,7525.7658,mp_oct
1,7526.0661,mp_oct
1,7526.3665,mp_oct
1,7526.6668,mp_oct
1,7526.9671,mp_oct
1,7527.2675,mp_oct
1,7527.5678,mp_oct
1,7527.8682,mp_oct
1,7528.1685,mp_oct
1,7528.4688,mp_oct
1,7528.7748,mp_oct
1,7529.0752,mp_oct
1,7529.3756,mp_oct
1,7529.6759,mp_oct
1,7529.9762,mp_oct
1,7530.2766,mp_oct
1,7530.5769,mp_oct
1,7530.8772,mp_oct
1,7531.1775,mp_oct
1,7531.4779,mp_oct
1,7531.7782,mp_oct
1,7532.0785,mp_oct
1,7532.3788,mp_oct
1,7532.6792,mp_oct
1,7532.9796,mp_oct
1,7533.2799,mp_oct
1,7533.5802,mp_oct
1,7533.8848,mp_oct
1,7534.1851,mp_oct
1,7534.4854,mp_oct
1,7534.7858,mp_oct
1,7535.0861,mp_oct
1,7535.3864,mp_oct
1,7535.6868,mp_oct
1,7535.9871,mp_oct
1,7536.2874,mp_oct
1,7536.5878,mp_oct
1,7536.8881,mp_oct
1,7537.1884,mp_oct
1,7537.4887,mp_oct
1,7537.7891,mp_oct
1,7538.0893,mp_oct
1,7538.3897,mp_oct
1,7538.695,mp_oct
1,7538.9954,mp_oct
1,7539.2957,mp_oct
1,7539.5961,mp_oct
1,7539.8964,mp_oct
1,7540.1967,mp_oct
1,7540.4971,mp_oct
1,7540.7974,mp_oct
1,7541.0977,mp_oct
1,7541.398,mp_oct
1,7541.6983,mp_oct
1,7541.9987,mp_oct
1,7542.299,mp_oct
1,7542.5993,mp_oct
1,7542.8996,mp_oct
1,7543.205,mp_oct
1,7543.5053,mp_oct
1,7543.8114,mp_oct
1,7544.1116,mp_oct
1,7544.412,mp_oct
1,7544.7123,mp_oct
1,7545.0126,mp_oct
1,7545.313,mp_oct
1,7545.6133,mp_oct
1,7545.9137,mp_oct
1,7546.214,mp_oct
1,7546.5143,mp_oct
1,7546.8146,mp_oct
1,7547.115,mp_oct
1,7547.4153,mp_oct
1,7547.72,mp_oct
1,7548.0253,mp_oct
1,7548.3257,mp_oct
1,7548.626,mp_oct
1,7548.9313,mp_oct
1,7549.2516,mp_oct
1,7549.552,mp_oct
1,7549.8523,mp_oct
1,7550.1527,mp_oct
1,7550.453,mp_oct
1,7550.7533,mp_oct
1,7551.0537,mp_oct
1,7551.354,mp_oct
1,7551.6543,mp_oct
1,7551.9547,mp_oct
1,7552.2606,mp_oct
1,7552.5653,mp_oct
1,7552.8657,mp_oct
1,7553.166,mp_oct
1,7553.4663,mp_oct
1,7553.7667,mp_oct
1,7554.067,mp_oct
1,7554.3673,mp_oct
1,7554.6676,mp_oct
1,7554.968,mp_oct
1,7555.2684,mp_oct
1,7555.5687,mp_oct
1,7555.869,mp_oct
1,7556.1693,mp_oct
1,7556.4947,mp_oct
1,7556.795,mp_oct
1,7557.0953,mp_oct
1,7557.4064,mp_oct
1,7557.7068,mp_oct
1,7558.0071,mp_oct
1,7558.3074,mp_oct
1,7558.6078,mp_oct
1,7558.9081,mp_oct
1,7559.2084,mp_oct
1,7559.5087,mp_oct
1,7559.8091,mp_oct
1,7560.1094,mp_oct
1,7560.4097,mp_oct
1,7560.71,mp_oct
1,7561.0196,mp_oct
1,7561.32,mp_oct
1,7561.6203,mp_oct
1,7561.9206,mp_oct
1,7562.221,mp_oct
1,7562.5263,mp_oct
1,7562.8266,mp_oct
1,7563.127,mp_oct
1,7563.4273,mp_oct
1,7563.7276,mp_oct
1,7564.0335,mp_oct
1,7564.3339,mp_oct
1,7564.6342,mp_oct
1,7564.9345,mp_oct
1,7565.2349,mp_oct
1,7565.5352,mp_oct
1,7565.8356,mp_oct
1,7566.1358,mp_oct
1,7566.4362,mp_oct
1,7566.7365,mp_oct
1,7567.0368,mp_oct
1,7567.3372,mp_oct
1,7567.6376,mp_oct
1,7567.9378,mp_oct
1,7568.2382,mp_oct
1,7568.5385,mp_oct
1,7568.8388,mp_oct
1,7569.1392,mp_oct
1,7569.4395,mp_oct
1,7569.7398,mp_oct
1,7570.0402,mp_oct
1,7570.3404,mp_oct
1,7570.6452,mp_oct
1,7570.9456,mp_oct
1,7571.2509,mp_oct
1,7571.5512,mp_oct
1,7571.8516,mp_oct
1,7572.1519,mp_oct
1,7572.4522,mp_oct
1,7572.7525,mp_oct
1,7573.0529,mp_oct
1,7573.3532,mp_oct
1,7573.6535,mp_oct
1,7573.9539,mp_oct
1,7574.2541,mp_oct
1,7574.5545,mp_oct
1,7574.8549,mp_oct
1,7575.1552,mp_oct
1,7575.4555,mp_oct
1,7575.7559,mp_oct
1,7576.0562,mp_oct
1,7576.3565,mp_oct
1,7576.6568,mp_oct
1,7576.9572,mp_oct
1,7577.2574,mp_oct
1,7577.5578,mp_oct
1,7577.8581,mp_oct
1,7578.1585,mp_oct
1,7578.4588,mp_oct
1,7578.7591,mp_oct
1,7579.0595,mp_oct
1,7579.3648,mp_oct
1,7579.6652,mp_oct
1,7579.9711,mp_oct
1,7580.2715,mp_oct
1,7580.5718,mp_oct
1,7580.8721,mp_oct
1,7581.1724,mp_oct
1,7581.4728,mp_oct
1,7581.7731,mp_oct
1,7582.0734,mp_oct
1,7582.3738,mp_oct
1,7582.6741,mp_oct
1,7582.9744,mp_oct
1,7583.2748,mp_oct
1,7583.5751,mp_oct
1,7583.8754,mp_oct
1,7584.1757,mp_oct
1,7584.476,mp_oct
1,7584.7764,mp_oct
1,7585.0767,mp_oct
1,7585.3771,mp_oct
1,7585.6774,mp_oct
1,7585.9778,mp_oct
1,7586.2781,mp_oct
1,7586.5784,mp_oct
1,7586.8787,mp_oct
1,7587.179,mp_oct
1,7587.4794,mp_oct
1,7587.7797,mp_oct
1,7588.0844,mp_oct
1,7588.3847,mp_oct
1,7588.6901,mp_oct
1,7588.9904,mp_oct
1,7589.2907,mp_oct
1,7589.591,mp_oct
1,7589.8914,mp_oct
1,7590.1917,mp_oct
1,7590.5828,mp_oct
1,7590.8831,mp_oct
1,7591.1834,mp_oct
1,7591.4838,mp_oct
1,7591.7841,mp_oct
1,7592.0845,mp_oct
1,7592.3847,mp_oct
1,7592.6894,mp_oct
1,7592.9898,mp_oct
1,7593.2901,mp_oct
1,7593.5905,mp_oct
1,7593.8908,mp_oct
1,7594.1911,mp_oct
1,7594.4914,mp_oct
1,7594.7918,mp_oct
1,7595.0921,mp_oct
1,7595.3924,mp_oct
1,7595.6928,mp_oct
1,7595.9931,mp_oct
1,7596.2935,mp_oct
1,7596.5938,mp_oct
1,7596.8941,mp_oct
1,7597.1995,mp_oct
1,7597.4998,mp_oct
1,7597.8001,mp_oct
1,7598.1004,mp_oct
1,7598.4007,mp_oct
1,7598.7011,mp_oct
1,7599.0064,mp_oct
1,7599.3068,mp_oct
1,7599.6071,mp_oct
1,7599.9074,mp_oct
1,7600.2077,mp_oct
1,7600.5081,mp_oct
1,7600.8084,mp_oct
1,7601.1143,mp_oct
1,7601.4147,mp_oct
1,7601.715,mp_oct
1,7602.0153,mp_oct
1,7602.3157,mp_oct
1,7602.616,mp_oct
1,7602.9163,mp_oct
1,7603.2166,mp_oct
1,7603.517,mp_oct
1,7603.8173,mp_oct
1,7604.1176,mp_oct
1,7604.418,mp_oct
1,7604.7183,mp_oct
1,7605.0186,mp_oct
1,7605.3189,mp_oct
1,7605.6193,mp_oct
1,7605.9196,mp_oct
1,7606.22,mp_oct
1,7606.5203,mp_oct
1,7606.8206,mp_oct
1,7607.1209,mp_oct
1,7607.4213,mp_oct
1,7607.7216,mp_oct
1,7608.0219,mp_oct
1,7608.3222,mp_oct
1,7608.6226,mp_oct
1,7608.9229,mp_oct
1,7609.2232,mp_oct
1,7609.5236,mp_oct
1,7609.8239,mp_oct
1,7610.1242,mp_oct
1,7610.439,mp_oct
1,7610.7393,mp_oct
1,7611.0396,mp_oct
1,7611.34,mp_oct
1,7611.6403,mp_oct
1,7611.9407,mp_oct
1,7612.2409,mp_oct
1,7612.5413,mp_oct
1,7612.8416,mp_oct
1,7613.142,mp_oct
1,7613.4423,mp_oct
1,7613.7426,mp_oct
1,7614.0429,mp_oct
1,7614.3433,mp_oct
1,7614.6436,mp_oct
1,7614.944,mp_oct
