ClusterIdx,Timestamp,Folder_Name
3,415.476,mp_oct
3,415.7764,mp_oct
3,416.0766,mp_oct
3,416.377,mp_oct
3,416.6772,mp_oct
9,416.9775,mp_oct
4,417.2779,mp_oct
3,417.5782,mp_oct
9,417.8785,mp_oct
43,418.1787,mp_oct
43,418.479,mp_oct
8,418.7794,mp_oct
43,419.0797,mp_oct
43,419.38,mp_oct
43,419.6803,mp_oct
8,419.9806,mp_oct
43,420.2809,mp_oct
9,420.5812,mp_oct
4,420.8815,mp_oct
4,421.1818,mp_oct
47,421.4821,mp_oct
2,421.7824,mp_oct
2,422.0827,mp_oct
45,422.383,mp_oct
47,422.6834,mp_oct
3,422.9836,mp_oct
9,423.2839,mp_oct
4,423.5843,mp_oct
47,423.8846,mp_oct
45,424.1849,mp_oct
47,424.4852,mp_oct
45,424.7855,mp_oct
34,425.0858,mp_oct
5,425.3861,mp_oct
43,425.6864,mp_oct
43,425.9868,mp_oct
43,426.2871,mp_oct
8,426.5874,mp_oct
43,426.8876,mp_oct
34,427.188,mp_oct
45,427.4883,mp_oct
8,427.7886,mp_oct
45,428.0889,mp_oct
5,428.3892,mp_oct
34,428.6895,mp_oct
45,428.9899,mp_oct
34,429.2902,mp_oct
41,429.5905,mp_oct
6,429.8908,mp_oct
41,430.1911,mp_oct
6,430.4914,mp_oct
45,430.7916,mp_oct
43,431.0921,mp_oct
43,431.3923,mp_oct
29,431.6926,mp_oct
29,431.993,mp_oct
8,432.2932,mp_oct
29,432.5936,mp_oct
6,432.8939,mp_oct
6,433.1942,mp_oct
43,433.4945,mp_oct
8,433.7948,mp_oct
34,434.0951,mp_oct
47,434.3955,mp_oct
47,434.6958,mp_oct
18,434.996,mp_oct
6,435.2964,mp_oct
8,435.5967,mp_oct
5,435.897,mp_oct
45,436.1973,mp_oct
41,436.4977,mp_oct
45,436.798,mp_oct
41,437.0983,mp_oct
41,437.3986,mp_oct
34,437.6988,mp_oct
34,437.9992,mp_oct
41,438.2995,mp_oct
41,438.5998,mp_oct
16,438.9001,mp_oct
34,439.2005,mp_oct
34,439.5008,mp_oct
19,439.8011,mp_oct
12,440.1013,mp_oct
8,440.4017,mp_oct
3,440.702,mp_oct
47,441.0024,mp_oct
6,441.3026,mp_oct
41,441.6029,mp_oct
6,441.9033,mp_oct
34,442.2036,mp_oct
6,442.5039,mp_oct
5,442.8042,mp_oct
8,443.1046,mp_oct
43,443.4048,mp_oct
5,443.7052,mp_oct
6,444.0055,mp_oct
34,444.3058,mp_oct
43,444.6061,mp_oct
4,444.9065,mp_oct
47,445.2068,mp_oct
34,445.507,mp_oct
41,445.8074,mp_oct
41,446.1077,mp_oct
18,446.408,mp_oct
45,446.7083,mp_oct
5,447.0087,mp_oct
34,447.309,mp_oct
43,447.6092,mp_oct
35,447.9096,mp_oct
26,448.2099,mp_oct
35,448.5102,mp_oct
26,448.8105,mp_oct
28,449.1108,mp_oct
42,449.4112,mp_oct
28,449.7115,mp_oct
28,450.0118,mp_oct
26,450.3121,mp_oct
38,450.6124,mp_oct
6,450.9127,mp_oct
28,451.2131,mp_oct
28,451.5133,mp_oct
38,451.8137,mp_oct
28,452.114,mp_oct
28,452.4144,mp_oct
28,452.7146,mp_oct
6,453.0149,mp_oct
11,453.3153,mp_oct
11,453.6156,mp_oct
28,453.9158,mp_oct
42,454.2162,mp_oct
10,454.5165,mp_oct
43,454.8169,mp_oct
43,455.1171,mp_oct
8,455.4174,mp_oct
2,455.7177,mp_oct
45,456.0181,mp_oct
47,456.3184,mp_oct
47,456.6187,mp_oct
47,456.919,mp_oct
2,457.2193,mp_oct
2,457.5196,mp_oct
45,457.82,mp_oct
2,458.1203,mp_oct
47,458.4206,mp_oct
50,458.7209,mp_oct
6,459.0213,mp_oct
6,459.3216,mp_oct
34,459.6219,mp_oct
6,459.9222,mp_oct
8,460.2225,mp_oct
46,460.5228,mp_oct
29,460.8232,mp_oct
29,461.1235,mp_oct
34,461.4238,mp_oct
30,461.7241,mp_oct
30,462.0244,mp_oct
30,462.3248,mp_oct
2,462.6251,mp_oct
30,462.9254,mp_oct
1,463.2257,mp_oct
2,463.526,mp_oct
2,463.8263,mp_oct
50,464.1266,mp_oct
5,464.427,mp_oct
5,464.7273,mp_oct
30,465.0276,mp_oct
2,465.3279,mp_oct
2,465.6282,mp_oct
2,465.9285,mp_oct
2,466.2289,mp_oct
34,466.5292,mp_oct
45,466.8295,mp_oct
41,467.1298,mp_oct
6,467.4301,mp_oct
45,467.7304,mp_oct
6,468.0307,mp_oct
8,468.3311,mp_oct
5,468.6314,mp_oct
4,468.9318,mp_oct
47,469.232,mp_oct
2,469.5323,mp_oct
47,469.8327,mp_oct
4,470.133,mp_oct
8,470.4333,mp_oct
2,470.7337,mp_oct
50,471.0339,mp_oct
41,471.3342,mp_oct
5,471.6346,mp_oct
6,471.9349,mp_oct
6,472.2352,mp_oct
6,472.5356,mp_oct
8,472.8359,mp_oct
29,473.1362,mp_oct
5,473.4365,mp_oct
2,473.7369,mp_oct
2,474.0371,mp_oct
41,474.3375,mp_oct
45,474.6378,mp_oct
41,474.9381,mp_oct
45,475.2384,mp_oct
45,475.5388,mp_oct
41,475.839,mp_oct
45,476.1393,mp_oct
41,476.4397,mp_oct
45,476.74,mp_oct
41,477.0403,mp_oct
45,477.3406,mp_oct
6,477.641,mp_oct
8,477.9413,mp_oct
5,478.2416,mp_oct
43,478.5419,mp_oct
3,478.8422,mp_oct
5,479.1425,mp_oct
18,479.4429,mp_oct
34,479.7432,mp_oct
45,480.0435,mp_oct
6,480.3438,mp_oct
43,480.6441,mp_oct
8,480.9445,mp_oct
43,481.2448,mp_oct
34,481.5451,mp_oct
45,481.8454,mp_oct
45,482.1458,mp_oct
6,482.4461,mp_oct
8,482.7464,mp_oct
43,483.0467,mp_oct
34,483.347,mp_oct
5,483.6473,mp_oct
8,483.9476,mp_oct
4,484.248,mp_oct
47,484.5483,mp_oct
1,484.8486,mp_oct
32,485.149,mp_oct
30,485.4492,mp_oct
50,485.7496,mp_oct
28,486.0499,mp_oct
2,486.3502,mp_oct
50,486.6505,mp_oct
50,486.9508,mp_oct
50,487.2511,mp_oct
34,487.5515,mp_oct
5,487.8518,mp_oct
29,488.1521,mp_oct
34,488.4524,mp_oct
8,488.7527,mp_oct
8,489.0531,mp_oct
2,489.3534,mp_oct
34,489.6537,mp_oct
2,489.9541,mp_oct
28,490.2543,mp_oct
2,490.5547,mp_oct
50,490.855,mp_oct
28,491.1553,mp_oct
50,491.4556,mp_oct
50,491.7559,mp_oct
45,492.0563,mp_oct
41,492.3566,mp_oct
45,492.6569,mp_oct
45,492.9572,mp_oct
45,493.2576,mp_oct
43,493.5579,mp_oct
8,493.8582,mp_oct
9,494.1586,mp_oct
47,494.4588,mp_oct
2,494.7591,mp_oct
2,495.0595,mp_oct
50,495.3598,mp_oct
50,495.6601,mp_oct
18,495.9604,mp_oct
18,496.2608,mp_oct
45,496.5611,mp_oct
45,496.8614,mp_oct
5,497.1617,mp_oct
8,497.4621,mp_oct
46,497.7624,mp_oct
4,498.0626,mp_oct
47,498.363,mp_oct
29,498.6634,mp_oct
34,498.9636,mp_oct
30,499.264,mp_oct
45,499.5643,mp_oct
8,499.8646,mp_oct
8,500.1649,mp_oct
43,500.4653,mp_oct
41,500.7656,mp_oct
45,501.0659,mp_oct
5,501.3662,mp_oct
8,501.6665,mp_oct
8,501.9668,mp_oct
45,502.2672,mp_oct
45,502.5675,mp_oct
43,502.8678,mp_oct
34,503.1682,mp_oct
6,503.4684,mp_oct
5,503.7687,mp_oct
34,504.0691,mp_oct
19,504.3694,mp_oct
8,504.6697,mp_oct
6,504.97,mp_oct
41,505.2704,mp_oct
5,505.5707,mp_oct
43,505.871,mp_oct
3,506.1713,mp_oct
47,506.4716,mp_oct
18,506.7719,mp_oct
45,507.0723,mp_oct
18,507.3726,mp_oct
18,507.6729,mp_oct
6,507.9732,mp_oct
45,508.2736,mp_oct
34,508.5739,mp_oct
43,508.8742,mp_oct
46,509.1746,mp_oct
32,509.4749,mp_oct
48,509.7752,mp_oct
48,510.0755,mp_oct
32,510.3758,mp_oct
32,510.6762,mp_oct
32,510.9764,mp_oct
32,511.2768,mp_oct
48,511.5771,mp_oct
1,511.8775,mp_oct
32,512.1778,mp_oct
30,512.478,mp_oct
30,512.7783,mp_oct
5,513.0787,mp_oct
29,513.379,mp_oct
48,513.6794,mp_oct
32,513.9797,mp_oct
48,514.28,mp_oct
1,514.5803,mp_oct
1,514.8815,mp_oct
29,515.1809,mp_oct
29,515.4813,mp_oct
1,515.7816,mp_oct
29,516.082,mp_oct
29,516.3822,mp_oct
4,516.6825,mp_oct
30,516.9829,mp_oct
36,517.2832,mp_oct
30,517.5835,mp_oct
1,517.8838,mp_oct
48,518.1842,mp_oct
48,518.4845,mp_oct
1,518.7849,mp_oct
30,519.0869,mp_oct
30,519.3855,mp_oct
30,519.6858,mp_oct
36,519.9861,mp_oct
1,520.2864,mp_oct
34,520.5868,mp_oct
34,520.8871,mp_oct
29,521.1874,mp_oct
38,521.4877,mp_oct
47,521.788,mp_oct
30,522.0884,mp_oct
4,522.3887,mp_oct
32,522.689,mp_oct
48,522.9893,mp_oct
48,523.2896,mp_oct
48,523.59,mp_oct
48,523.8903,mp_oct
48,524.1906,mp_oct
30,524.491,mp_oct
1,524.7913,mp_oct
48,525.0916,mp_oct
1,525.392,mp_oct
1,525.6922,mp_oct
32,525.9925,mp_oct
29,526.2928,mp_oct
38,526.5932,mp_oct
30,526.8935,mp_oct
50,527.1938,mp_oct
2,527.4942,mp_oct
47,527.7945,mp_oct
2,528.0948,mp_oct
50,528.3951,mp_oct
2,528.6955,mp_oct
47,528.9958,mp_oct
3,529.2961,mp_oct
29,529.5964,mp_oct
29,529.8967,mp_oct
48,530.1971,mp_oct
48,530.4974,mp_oct
30,530.7977,mp_oct
30,531.098,mp_oct
37,531.3984,mp_oct
49,531.6987,mp_oct
49,531.9989,mp_oct
49,532.2993,mp_oct
2,532.5997,mp_oct
1,532.9,mp_oct
1,533.2003,mp_oct
5,533.5006,mp_oct
29,533.801,mp_oct
32,534.1013,mp_oct
48,534.4016,mp_oct
48,534.702,mp_oct
48,535.0022,mp_oct
48,535.3025,mp_oct
36,535.6029,mp_oct
48,535.9032,mp_oct
48,536.2036,mp_oct
48,536.5038,mp_oct
48,536.8042,mp_oct
32,537.1045,mp_oct
29,537.706,mp_oct
43,538.0055,mp_oct
43,538.3058,mp_oct
43,538.6061,mp_oct
46,538.9064,mp_oct
46,539.2068,mp_oct
46,539.5071,mp_oct
46,539.8074,mp_oct
9,540.1077,mp_oct
4,540.408,mp_oct
47,540.7084,mp_oct
50,541.0087,mp_oct
28,541.309,mp_oct
6,541.6093,mp_oct
50,541.9097,mp_oct
2,542.21,mp_oct
5,542.5103,mp_oct
46,542.8106,mp_oct
46,543.1109,mp_oct
46,543.4113,mp_oct
32,543.7116,mp_oct
32,544.012,mp_oct
32,544.3122,mp_oct
29,544.6126,mp_oct
32,544.9129,mp_oct
43,545.2132,mp_oct
43,545.5135,mp_oct
43,545.8139,mp_oct
43,546.1142,mp_oct
46,546.4145,mp_oct
43,546.7148,mp_oct
43,547.0152,mp_oct
29,547.3155,mp_oct
46,547.6158,mp_oct
46,547.9162,mp_oct
32,548.2164,mp_oct
32,548.5168,mp_oct
32,548.8171,mp_oct
32,549.1174,mp_oct
48,549.4177,mp_oct
39,549.7181,mp_oct
32,550.0184,mp_oct
32,550.3187,mp_oct
48,550.619,mp_oct
32,550.9194,mp_oct
32,551.2196,mp_oct
39,551.5201,mp_oct
39,551.8203,mp_oct
39,552.1207,mp_oct
48,552.421,mp_oct
32,552.7213,mp_oct
48,553.0217,mp_oct
32,553.322,mp_oct
48,553.6223,mp_oct
48,553.9226,mp_oct
30,554.2229,mp_oct
1,554.5233,mp_oct
30,554.8236,mp_oct
30,555.1239,mp_oct
31,555.4243,mp_oct
30,555.7246,mp_oct
36,556.0249,mp_oct
30,556.3252,mp_oct
31,556.6255,mp_oct
1,556.9259,mp_oct
36,557.2261,mp_oct
36,557.5265,mp_oct
32,557.8268,mp_oct
36,558.1271,mp_oct
44,558.4274,mp_oct
30,558.7278,mp_oct
38,559.0281,mp_oct
30,559.3284,mp_oct
33,559.6288,mp_oct
44,559.9291,mp_oct
29,560.2294,mp_oct
48,560.5297,mp_oct
1,560.83,mp_oct
32,561.1304,mp_oct
1,561.4307,mp_oct
30,561.731,mp_oct
1,562.0314,mp_oct
49,562.3316,mp_oct
30,562.632,mp_oct
38,562.9323,mp_oct
44,563.2327,mp_oct
44,563.533,mp_oct
27,563.8333,mp_oct
27,564.1336,mp_oct
39,564.4339,mp_oct
39,564.7343,mp_oct
48,565.0345,mp_oct
37,565.3349,mp_oct
36,565.6352,mp_oct
36,565.9355,mp_oct
27,566.2359,mp_oct
27,566.5362,mp_oct
44,566.8365,mp_oct
44,567.1368,mp_oct
44,567.4372,mp_oct
33,567.7374,mp_oct
33,568.0378,mp_oct
33,568.3381,mp_oct
37,568.6384,mp_oct
30,568.9388,mp_oct
44,569.2391,mp_oct
44,569.5394,mp_oct
44,569.8397,mp_oct
44,570.1401,mp_oct
12,570.4404,mp_oct
26,570.7407,mp_oct
17,571.041,mp_oct
21,571.3414,mp_oct
14,571.6417,mp_oct
19,571.942,mp_oct
34,572.2423,mp_oct
26,572.5427,mp_oct
35,572.843,mp_oct
26,573.1433,mp_oct
26,573.4436,mp_oct
35,573.7439,mp_oct
26,574.0443,mp_oct
13,574.3446,mp_oct
19,574.645,mp_oct
38,574.9452,mp_oct
12,575.2456,mp_oct
35,575.5459,mp_oct
35,575.8462,mp_oct
38,576.1466,mp_oct
5,576.4469,mp_oct
6,576.7472,mp_oct
34,577.0475,mp_oct
26,577.3478,mp_oct
35,577.6481,mp_oct
26,577.9484,mp_oct
5,578.2488,mp_oct
10,578.5491,mp_oct
10,578.8494,mp_oct
17,579.1498,mp_oct
13,579.45,mp_oct
17,579.7504,mp_oct
6,580.0507,mp_oct
6,580.3511,mp_oct
45,580.6514,mp_oct
17,580.9517,mp_oct
13,581.2521,mp_oct
12,581.5523,mp_oct
6,581.8527,mp_oct
42,582.153,mp_oct
6,582.4533,mp_oct
5,582.7536,mp_oct
12,583.054,mp_oct
35,583.3543,mp_oct
44,583.6547,mp_oct
33,583.9549,mp_oct
33,584.2553,mp_oct
44,584.5556,mp_oct
44,584.8559,mp_oct
30,585.1563,mp_oct
33,585.4566,mp_oct
40,585.7569,mp_oct
37,586.0572,mp_oct
26,586.3575,mp_oct
38,586.6579,mp_oct
38,586.9582,mp_oct
26,587.2586,mp_oct
44,587.5588,mp_oct
32,587.8592,mp_oct
29,588.1595,mp_oct
48,588.4598,mp_oct
32,588.7602,mp_oct
7,589.0604,mp_oct
7,589.3608,mp_oct
7,589.6611,mp_oct
7,589.9615,mp_oct
39,590.2617,mp_oct
39,590.5621,mp_oct
27,590.8625,mp_oct
27,591.1628,mp_oct
27,591.4631,mp_oct
27,591.7634,mp_oct
36,592.0637,mp_oct
28,592.364,mp_oct
37,592.6644,mp_oct
27,592.9647,mp_oct
27,593.265,mp_oct
44,593.5653,mp_oct
44,593.8656,mp_oct
37,594.166,mp_oct
37,594.4663,mp_oct
28,594.7666,mp_oct
37,595.067,mp_oct
33,595.3673,mp_oct
37,595.6676,mp_oct
37,595.9679,mp_oct
38,596.2683,mp_oct
44,596.5686,mp_oct
37,596.8689,mp_oct
33,597.1692,mp_oct
33,597.4696,mp_oct
44,597.7699,mp_oct
27,598.0702,mp_oct
27,598.3705,mp_oct
36,598.6708,mp_oct
36,598.9712,mp_oct
33,599.2715,mp_oct
36,599.5718,mp_oct
30,599.8722,mp_oct
36,600.1725,mp_oct
37,600.4728,mp_oct
27,600.7731,mp_oct
44,601.0734,mp_oct
44,601.3738,mp_oct
33,601.6741,mp_oct
30,601.9745,mp_oct
44,602.2748,mp_oct
33,602.5751,mp_oct
33,602.8754,mp_oct
27,603.1757,mp_oct
27,603.476,mp_oct
33,603.7764,mp_oct
44,604.0767,mp_oct
44,604.3771,mp_oct
27,604.6773,mp_oct
37,604.9777,mp_oct
33,605.278,mp_oct
33,605.5783,mp_oct
40,605.8787,mp_oct
37,606.179,mp_oct
37,606.4794,mp_oct
49,606.7797,mp_oct
40,607.08,mp_oct
49,607.3804,mp_oct
37,607.6806,mp_oct
28,607.981,mp_oct
38,608.2813,mp_oct
33,608.5816,mp_oct
26,608.882,mp_oct
44,609.1823,mp_oct
26,609.4826,mp_oct
44,609.7829,mp_oct
35,610.0832,mp_oct
26,610.3836,mp_oct
35,610.6839,mp_oct
26,610.9842,mp_oct
26,611.2845,mp_oct
13,611.5849,mp_oct
29,611.8852,mp_oct
5,612.1855,mp_oct
30,612.4858,mp_oct
29,612.7861,mp_oct
48,613.0865,mp_oct
30,613.3868,mp_oct
1,613.6871,mp_oct
48,613.9875,mp_oct
48,614.2878,mp_oct
33,614.5881,mp_oct
40,614.8884,mp_oct
28,615.1887,mp_oct
30,615.4891,mp_oct
33,615.7894,mp_oct
44,616.0898,mp_oct
27,616.3901,mp_oct
44,616.6905,mp_oct
27,616.9907,mp_oct
33,617.2911,mp_oct
33,617.5914,mp_oct
44,617.8917,mp_oct
44,618.192,mp_oct
38,618.4924,mp_oct
48,618.7927,mp_oct
1,619.0931,mp_oct
1,619.3933,mp_oct
29,619.6937,mp_oct
46,619.994,mp_oct
35,620.2943,mp_oct
35,620.5946,mp_oct
35,620.8949,mp_oct
26,621.1953,mp_oct
38,621.4956,mp_oct
35,621.796,mp_oct
8,622.0963,mp_oct
6,622.3966,mp_oct
6,622.6969,mp_oct
38,622.9973,mp_oct
10,623.2976,mp_oct
26,623.5979,mp_oct
38,623.8982,mp_oct
2,624.1986,mp_oct
28,624.4989,mp_oct
28,624.7992,mp_oct
26,625.0996,mp_oct
38,625.3998,mp_oct
28,625.7002,mp_oct
38,626.0005,mp_oct
26,626.3009,mp_oct
38,626.6011,mp_oct
28,626.9015,mp_oct
2,627.2018,mp_oct
38,627.5021,mp_oct
2,627.8024,mp_oct
35,628.1028,mp_oct
35,628.4031,mp_oct
33,628.7034,mp_oct
28,629.0038,mp_oct
28,629.3042,mp_oct
2,629.6044,mp_oct
28,629.9047,mp_oct
38,630.2051,mp_oct
35,630.5054,mp_oct
29,630.8057,mp_oct
5,631.106,mp_oct
8,631.4064,mp_oct
34,631.7067,mp_oct
8,632.007,mp_oct
43,632.3074,mp_oct
6,632.6076,mp_oct
34,632.908,mp_oct
3,633.2083,mp_oct
4,633.5086,mp_oct
47,633.809,mp_oct
3,634.1093,mp_oct
4,634.4096,mp_oct
9,634.71,mp_oct
46,635.0103,mp_oct
43,635.3106,mp_oct
43,635.6109,mp_oct
3,635.9113,mp_oct
4,636.2116,mp_oct
4,636.5119,mp_oct
46,636.8123,mp_oct
43,637.1126,mp_oct
8,637.4129,mp_oct
43,637.7133,mp_oct
9,638.0135,mp_oct
4,638.3139,mp_oct
47,638.6142,mp_oct
4,638.9146,mp_oct
43,639.2149,mp_oct
46,639.5152,mp_oct
35,640.1159,mp_oct
35,640.4162,mp_oct
35,640.7165,mp_oct
35,641.0169,mp_oct
26,641.3172,mp_oct
26,641.6175,mp_oct
26,641.9178,mp_oct
35,642.2182,mp_oct
29,642.5185,mp_oct
29,642.8188,mp_oct
2,643.1192,mp_oct
50,643.4195,mp_oct
2,643.7197,mp_oct
50,644.0201,mp_oct
2,644.3204,mp_oct
3,644.6207,mp_oct
4,644.9212,mp_oct
47,645.2214,mp_oct
47,645.5218,mp_oct
47,645.8221,mp_oct
3,646.1224,mp_oct
3,646.4227,mp_oct
8,646.7231,mp_oct
5,647.0234,mp_oct
2,647.3237,mp_oct
2,647.6241,mp_oct
2,647.9244,mp_oct
34,648.2247,mp_oct
29,648.525,mp_oct
46,648.8254,mp_oct
43,649.1257,mp_oct
43,649.426,mp_oct
43,649.7264,mp_oct
8,650.0267,mp_oct
43,650.327,mp_oct
43,650.6273,mp_oct
46,650.9276,mp_oct
43,651.2279,mp_oct
46,651.5284,mp_oct
43,651.8286,mp_oct
8,652.129,mp_oct
43,652.4292,mp_oct
43,652.7296,mp_oct
43,653.0299,mp_oct
43,653.3302,mp_oct
43,653.6306,mp_oct
34,653.9309,mp_oct
43,654.2312,mp_oct
43,654.5315,mp_oct
8,654.8319,mp_oct
34,655.1322,mp_oct
43,655.4326,mp_oct
46,655.7329,mp_oct
46,656.0332,mp_oct
43,656.3336,mp_oct
43,656.6338,mp_oct
43,656.9342,mp_oct
43,657.2346,mp_oct
43,657.5349,mp_oct
43,657.8352,mp_oct
43,658.1355,mp_oct
43,658.4358,mp_oct
46,658.7362,mp_oct
29,659.0365,mp_oct
46,659.3368,mp_oct
32,659.6371,mp_oct
32,659.9374,mp_oct
32,660.2378,mp_oct
32,660.5381,mp_oct
32,660.8385,mp_oct
32,661.1388,mp_oct
29,661.4391,mp_oct
29,661.7394,mp_oct
46,662.0398,mp_oct
43,662.3401,mp_oct
8,662.6404,mp_oct
46,662.9407,mp_oct
46,663.2411,mp_oct
43,663.5414,mp_oct
46,663.8418,mp_oct
46,664.142,mp_oct
43,664.4424,mp_oct
43,664.7427,mp_oct
43,665.043,mp_oct
43,665.3434,mp_oct
46,665.6437,mp_oct
32,665.944,mp_oct
32,666.2444,mp_oct
32,666.5447,mp_oct
48,666.845,mp_oct
30,667.1453,mp_oct
1,667.4456,mp_oct
32,667.746,mp_oct
46,668.0463,mp_oct
43,668.3466,mp_oct
43,668.647,mp_oct
43,668.9473,mp_oct
46,669.2476,mp_oct
46,669.5479,mp_oct
43,669.8483,mp_oct
46,670.1486,mp_oct
43,670.4489,mp_oct
46,670.7492,mp_oct
43,671.0496,mp_oct
43,671.3499,mp_oct
43,671.6502,mp_oct
29,671.9506,mp_oct
43,672.2508,mp_oct
43,672.5512,mp_oct
43,672.8515,mp_oct
29,673.1518,mp_oct
46,673.4522,mp_oct
46,673.7525,mp_oct
46,674.0528,mp_oct
46,674.3531,mp_oct
46,674.6534,mp_oct
46,674.9538,mp_oct
43,675.2541,mp_oct
46,675.5545,mp_oct
46,675.8548,mp_oct
43,676.1551,mp_oct
43,676.4555,mp_oct
43,676.7557,mp_oct
43,677.0562,mp_oct
43,677.3564,mp_oct
43,677.6568,mp_oct
46,677.9571,mp_oct
43,678.2574,mp_oct
43,678.5577,mp_oct
43,678.8581,mp_oct
43,679.1584,mp_oct
29,679.4588,mp_oct
43,679.759,mp_oct
43,680.0594,mp_oct
43,680.3597,mp_oct
43,680.6601,mp_oct
43,680.9604,mp_oct
43,681.2607,mp_oct
43,681.561,mp_oct
8,681.8613,mp_oct
43,682.1617,mp_oct
46,682.462,mp_oct
46,682.7623,mp_oct
29,683.0626,mp_oct
32,683.363,mp_oct
43,683.6633,mp_oct
43,683.9636,mp_oct
43,684.264,mp_oct
43,684.5643,mp_oct
43,684.8646,mp_oct
46,685.1649,mp_oct
43,685.4653,mp_oct
43,685.7656,mp_oct
46,686.066,mp_oct
43,686.3663,mp_oct
46,686.6666,mp_oct
43,686.9669,mp_oct
43,687.2672,mp_oct
3,687.5675,mp_oct
3,687.8679,mp_oct
3,688.1682,mp_oct
9,688.4685,mp_oct
29,688.7689,mp_oct
49,689.0692,mp_oct
34,689.3695,mp_oct
29,689.6699,mp_oct
46,689.9702,mp_oct
46,690.2705,mp_oct
43,690.5708,mp_oct
43,690.8712,mp_oct
8,691.1715,mp_oct
8,691.4719,mp_oct
43,691.7722,mp_oct
46,692.0725,mp_oct
43,692.3728,mp_oct
8,692.6732,mp_oct
6,692.9735,mp_oct
5,693.2738,mp_oct
34,693.5741,mp_oct
43,693.8744,mp_oct
46,694.1748,mp_oct
29,694.4751,mp_oct
32,694.7754,mp_oct
48,695.0757,mp_oct
48,695.3761,mp_oct
48,695.6764,mp_oct
48,695.9767,mp_oct
7,696.2771,mp_oct
7,696.5774,mp_oct
7,696.8777,mp_oct
7,697.178,mp_oct
7,697.4784,mp_oct
7,697.7787,mp_oct
7,698.079,mp_oct
7,698.3793,mp_oct
7,698.6797,mp_oct
48,698.98,mp_oct
48,699.2803,mp_oct
1,699.5807,mp_oct
48,699.881,mp_oct
32,700.1813,mp_oct
46,700.4816,mp_oct
46,700.782,mp_oct
32,701.0823,mp_oct
32,701.3826,mp_oct
32,701.6829,mp_oct
32,701.9832,mp_oct
32,702.2836,mp_oct
32,702.5839,mp_oct
29,702.8843,mp_oct
46,703.1846,mp_oct
43,703.4849,mp_oct
43,703.7852,mp_oct
5,704.0855,mp_oct
45,704.3859,mp_oct
6,704.6862,mp_oct
6,704.9866,mp_oct
6,705.2869,mp_oct
6,705.5872,mp_oct
8,705.8876,mp_oct
2,706.1879,mp_oct
5,706.4882,mp_oct
29,706.7885,mp_oct
34,707.0889,mp_oct
32,707.3892,mp_oct
36,707.6895,mp_oct
49,707.9898,mp_oct
30,708.2902,mp_oct
2,708.5905,mp_oct
1,708.8908,mp_oct
34,709.1912,mp_oct
30,709.4916,mp_oct
29,709.7918,mp_oct
32,710.0921,mp_oct
32,710.3924,mp_oct
32,710.6928,mp_oct
32,710.9932,mp_oct
32,711.2935,mp_oct
32,711.5938,mp_oct
48,711.8941,mp_oct
32,712.1944,mp_oct
36,712.4948,mp_oct
32,712.7951,mp_oct
48,713.0954,mp_oct
1,713.3957,mp_oct
1,713.6961,mp_oct
32,713.9964,mp_oct
29,714.2967,mp_oct
32,714.5971,mp_oct
32,714.8974,mp_oct
32,715.1977,mp_oct
32,715.4981,mp_oct
39,715.7984,mp_oct
39,716.0987,mp_oct
32,716.3991,mp_oct
39,716.6994,mp_oct
32,716.9997,mp_oct
48,717.3001,mp_oct
39,717.6004,mp_oct
1,717.9006,mp_oct
48,718.201,mp_oct
48,718.5013,mp_oct
1,718.8017,mp_oct
48,719.102,mp_oct
48,719.4023,mp_oct
48,719.7026,mp_oct
32,720.003,mp_oct
44,720.3033,mp_oct
44,720.6036,mp_oct
44,720.9039,mp_oct
48,721.2044,mp_oct
38,721.5046,mp_oct
1,721.8049,mp_oct
48,722.1053,mp_oct
48,722.4056,mp_oct
32,722.706,mp_oct
48,723.0063,mp_oct
48,723.3066,mp_oct
39,723.6069,mp_oct
32,723.9072,mp_oct
1,724.2076,mp_oct
48,724.5079,mp_oct
32,724.8082,mp_oct
32,725.1086,mp_oct
48,725.4088,mp_oct
32,725.7092,mp_oct
48,726.0095,mp_oct
1,726.3099,mp_oct
48,726.6102,mp_oct
1,726.9105,mp_oct
32,727.2108,mp_oct
32,727.5112,mp_oct
48,727.8115,mp_oct
1,728.1118,mp_oct
48,728.4122,mp_oct
1,728.7125,mp_oct
1,729.0128,mp_oct
2,729.3132,mp_oct
1,729.6135,mp_oct
48,729.9138,mp_oct
1,730.2141,mp_oct
48,730.5145,mp_oct
30,730.8148,mp_oct
30,731.1152,mp_oct
48,731.4155,mp_oct
47,731.7158,mp_oct
29,732.0161,mp_oct
33,732.3164,mp_oct
38,732.6168,mp_oct
38,732.9171,mp_oct
28,733.2174,mp_oct
1,733.5178,mp_oct
46,733.8181,mp_oct
43,734.1184,mp_oct
8,734.4187,mp_oct
5,734.7191,mp_oct
34,735.0194,mp_oct
34,735.3197,mp_oct
8,735.6201,mp_oct
32,735.9203,mp_oct
48,736.2207,mp_oct
48,736.521,mp_oct
32,736.8214,mp_oct
30,737.1217,mp_oct
1,737.422,mp_oct
1,737.7224,mp_oct
30,738.0227,mp_oct
30,738.323,mp_oct
30,738.6234,mp_oct
49,738.9237,mp_oct
1,739.224,mp_oct
29,739.5243,mp_oct
29,739.8246,mp_oct
32,740.125,mp_oct
48,740.4253,mp_oct
32,740.7256,mp_oct
32,741.0259,mp_oct
32,741.3262,mp_oct
48,741.6266,mp_oct
1,741.9269,mp_oct
39,742.2273,mp_oct
48,742.5276,mp_oct
48,742.8279,mp_oct
48,743.1283,mp_oct
48,743.4286,mp_oct
48,743.729,mp_oct
48,744.0292,mp_oct
39,744.3296,mp_oct
48,744.6299,mp_oct
48,744.9303,mp_oct
32,745.2306,mp_oct
32,745.5309,mp_oct
30,745.8312,mp_oct
37,746.1316,mp_oct
44,746.4319,mp_oct
30,746.7322,mp_oct
48,747.0325,mp_oct
1,747.3328,mp_oct
29,747.6332,mp_oct
32,747.9335,mp_oct
1,748.2338,mp_oct
34,748.5342,mp_oct
1,748.8345,mp_oct
29,749.1348,mp_oct
29,749.4351,mp_oct
38,749.7355,mp_oct
50,750.0358,mp_oct
28,750.3362,mp_oct
28,750.6365,mp_oct
38,750.9368,mp_oct
28,751.2371,mp_oct
38,751.5374,mp_oct
26,751.8377,mp_oct
44,752.1381,mp_oct
38,752.4384,mp_oct
35,752.7388,mp_oct
26,753.039,mp_oct
26,753.3394,mp_oct
26,753.6397,mp_oct
26,753.9401,mp_oct
26,754.2404,mp_oct
38,754.5407,mp_oct
19,754.841,mp_oct
11,755.1413,mp_oct
35,755.4417,mp_oct
46,755.742,mp_oct
35,756.0424,mp_oct
35,756.3427,mp_oct
35,756.643,mp_oct
43,756.9433,mp_oct
43,757.2437,mp_oct
43,757.544,mp_oct
46,757.8443,mp_oct
46,758.1447,mp_oct
46,758.4449,mp_oct
46,758.7453,mp_oct
46,759.0456,mp_oct
43,759.346,mp_oct
46,759.6463,mp_oct
46,759.9466,mp_oct
46,760.2469,mp_oct
43,760.5472,mp_oct
46,760.8476,mp_oct
43,761.1479,mp_oct
43,761.4483,mp_oct
46,761.7485,mp_oct
43,762.0489,mp_oct
43,762.3492,mp_oct
46,762.6495,mp_oct
46,762.9499,mp_oct
46,763.2502,mp_oct
46,763.5505,mp_oct
43,763.8509,mp_oct
43,764.1512,mp_oct
43,764.4515,mp_oct
43,764.7518,mp_oct
43,765.0521,mp_oct
43,765.3524,mp_oct
43,765.6528,mp_oct
43,765.9532,mp_oct
43,766.2535,mp_oct
43,766.5538,mp_oct
8,766.8541,mp_oct
43,767.1544,mp_oct
43,767.4548,mp_oct
43,767.7551,mp_oct
5,768.0554,mp_oct
34,768.3558,mp_oct
8,768.6561,mp_oct
43,768.9564,mp_oct
43,769.2567,mp_oct
43,769.5571,mp_oct
43,769.8574,mp_oct
43,770.1577,mp_oct
43,770.458,mp_oct
43,770.7584,mp_oct
43,771.0587,mp_oct
46,771.359,mp_oct
43,771.6594,mp_oct
43,771.9597,mp_oct
43,772.26,mp_oct
43,772.5604,mp_oct
43,772.8607,mp_oct
46,773.161,mp_oct
43,773.4613,mp_oct
43,773.7617,mp_oct
43,774.062,mp_oct
43,774.3623,mp_oct
43,774.6626,mp_oct
43,774.9629,mp_oct
8,775.2633,mp_oct
5,775.5636,mp_oct
5,775.864,mp_oct
43,776.1643,mp_oct
46,776.4646,mp_oct
46,776.765,mp_oct
43,777.0653,mp_oct
43,777.3656,mp_oct
3,777.6659,mp_oct
3,777.9662,mp_oct
3,778.2666,mp_oct
3,778.5669,mp_oct
43,778.8672,mp_oct
43,779.1676,mp_oct
43,779.4679,mp_oct
43,779.7682,mp_oct
43,780.0685,mp_oct
29,780.3689,mp_oct
46,780.6691,mp_oct
29,780.9695,mp_oct
46,781.2699,mp_oct
43,781.5702,mp_oct
43,781.8705,mp_oct
46,782.1708,mp_oct
46,782.4711,mp_oct
46,782.7715,mp_oct
46,783.0718,mp_oct
32,783.3722,mp_oct
32,783.6724,mp_oct
29,783.9728,mp_oct
46,784.2731,mp_oct
46,784.5734,mp_oct
43,784.8737,mp_oct
35,785.1741,mp_oct
35,785.4744,mp_oct
35,785.7748,mp_oct
35,786.0751,mp_oct
35,786.3755,mp_oct
35,786.6757,mp_oct
35,786.9761,mp_oct
35,787.2764,mp_oct
15,787.5767,mp_oct
15,787.8771,mp_oct
44,788.1773,mp_oct
27,788.4777,mp_oct
44,788.7781,mp_oct
44,789.0784,mp_oct
32,789.3787,mp_oct
29,789.679,mp_oct
3,789.9793,mp_oct
3,790.2796,mp_oct
3,790.58,mp_oct
3,790.8803,mp_oct
3,791.1806,mp_oct
3,791.481,mp_oct
3,791.7813,mp_oct
3,792.0816,mp_oct
3,792.382,mp_oct
3,792.6823,mp_oct
3,792.9826,mp_oct
9,793.283,mp_oct
32,793.5833,mp_oct
32,793.8836,mp_oct
48,794.1839,mp_oct
48,794.4843,mp_oct
1,794.7846,mp_oct
36,795.085,mp_oct
48,795.387,mp_oct
48,795.6856,mp_oct
32,795.986,mp_oct
32,796.2862,mp_oct
1,796.5866,mp_oct
48,796.8869,mp_oct
48,797.1872,mp_oct
30,797.4876,mp_oct
36,797.7879,mp_oct
32,798.0882,mp_oct
32,798.3885,mp_oct
32,798.6888,mp_oct
9,798.9892,mp_oct
29,799.2895,mp_oct
43,799.5898,mp_oct
8,799.8902,mp_oct
43,800.1905,mp_oct
8,800.4908,mp_oct
43,800.7911,mp_oct
43,801.0915,mp_oct
43,801.3918,mp_oct
43,801.6922,mp_oct
43,801.9925,mp_oct
43,802.2928,mp_oct
43,802.5931,mp_oct
43,802.8934,mp_oct
8,803.1938,mp_oct
46,803.4941,mp_oct
43,803.7944,mp_oct
35,804.0948,mp_oct
35,804.3951,mp_oct
35,804.6955,mp_oct
35,804.9958,mp_oct
35,805.2961,mp_oct
35,805.5964,mp_oct
35,805.8967,mp_oct
35,806.1971,mp_oct
35,806.4973,mp_oct
13,806.7977,mp_oct
35,807.0981,mp_oct
12,807.3984,mp_oct
35,807.6987,mp_oct
26,807.9991,mp_oct
35,808.2994,mp_oct
26,808.5997,mp_oct
26,808.9,mp_oct
26,809.2004,mp_oct
26,809.5007,mp_oct
43,809.801,mp_oct
43,810.1013,mp_oct
34,810.4017,mp_oct
8,810.702,mp_oct
43,811.0023,mp_oct
46,811.3026,mp_oct
29,811.603,mp_oct
29,811.9033,mp_oct
32,812.2036,mp_oct
32,812.504,mp_oct
32,812.8043,mp_oct
32,813.1046,mp_oct
8,813.4049,mp_oct
43,813.7052,mp_oct
29,814.0056,mp_oct
46,814.3059,mp_oct
43,814.6063,mp_oct
46,814.9066,mp_oct
8,815.2069,mp_oct
5,815.5073,mp_oct
2,815.8076,mp_oct
28,816.1079,mp_oct
38,816.4082,mp_oct
38,816.7086,mp_oct
28,817.0089,mp_oct
2,817.3093,mp_oct
28,817.6095,mp_oct
26,817.9099,mp_oct
35,818.2102,mp_oct
26,818.5105,mp_oct
35,818.8109,mp_oct
38,819.1112,mp_oct
35,819.4115,mp_oct
35,819.7119,mp_oct
44,820.0122,mp_oct
27,820.3125,mp_oct
44,820.6129,mp_oct
32,820.9188,mp_oct
36,821.2135,mp_oct
44,821.5139,mp_oct
33,821.8142,mp_oct
37,822.1145,mp_oct
44,822.4148,mp_oct
44,822.7152,mp_oct
26,823.0155,mp_oct
26,823.3158,mp_oct
35,823.6161,mp_oct
24,823.9165,mp_oct
35,824.2168,mp_oct
12,824.5171,mp_oct
43,824.8174,mp_oct
43,825.1178,mp_oct
8,825.4181,mp_oct
43,825.7184,mp_oct
43,826.0188,mp_oct
43,826.3191,mp_oct
43,826.6194,mp_oct
43,826.9198,mp_oct
8,827.2201,mp_oct
34,827.5204,mp_oct
19,827.8208,mp_oct
8,828.1211,mp_oct
26,828.4214,mp_oct
43,828.7217,mp_oct
43,829.0221,mp_oct
8,829.3224,mp_oct
6,829.6227,mp_oct
34,829.923,mp_oct
43,830.2234,mp_oct
43,830.5237,mp_oct
43,830.8241,mp_oct
43,831.1244,mp_oct
34,831.4247,mp_oct
34,831.725,mp_oct
8,832.0254,mp_oct
3,832.3257,mp_oct
8,832.626,mp_oct
3,832.9263,mp_oct
3,833.2267,mp_oct
4,833.5269,mp_oct
3,833.8273,mp_oct
3,834.1277,mp_oct
3,834.428,mp_oct
3,834.7283,mp_oct
3,835.0286,mp_oct
3,835.329,mp_oct
3,835.6293,mp_oct
3,835.9296,mp_oct
3,836.2299,mp_oct
9,836.5303,mp_oct
9,836.8306,mp_oct
46,837.1309,mp_oct
43,837.4313,mp_oct
46,837.7316,mp_oct
46,838.0319,mp_oct
46,838.3324,mp_oct
46,838.6326,mp_oct
46,838.933,mp_oct
46,839.2333,mp_oct
46,839.5336,mp_oct
25,839.834,mp_oct
3,840.1342,mp_oct
25,840.4346,mp_oct
43,840.7349,mp_oct
43,841.0353,mp_oct
43,841.3355,mp_oct
46,841.6359,mp_oct
43,841.9363,mp_oct
46,842.2366,mp_oct
46,842.5369,mp_oct
43,842.8372,mp_oct
46,843.1376,mp_oct
43,843.4379,mp_oct
43,843.7382,mp_oct
43,844.0385,mp_oct
43,844.3389,mp_oct
43,844.6392,mp_oct
43,844.9396,mp_oct
8,845.2399,mp_oct
43,845.5402,mp_oct
43,845.8405,mp_oct
43,846.1409,mp_oct
43,846.4412,mp_oct
43,846.7415,mp_oct
8,847.0419,mp_oct
43,847.3422,mp_oct
43,847.6425,mp_oct
5,847.9428,mp_oct
43,848.2431,mp_oct
43,848.5435,mp_oct
43,848.8438,mp_oct
43,849.1441,mp_oct
43,849.4444,mp_oct
43,849.7448,mp_oct
24,850.0452,mp_oct
12,850.3454,mp_oct
35,850.6458,mp_oct
26,850.9461,mp_oct
1,851.2465,mp_oct
1,851.5468,mp_oct
32,851.8472,mp_oct
32,852.1475,mp_oct
32,852.4478,mp_oct
1,852.7481,mp_oct
39,853.0484,mp_oct
32,853.3487,mp_oct
39,853.6491,mp_oct
7,853.9494,mp_oct
7,854.2497,mp_oct
7,854.55,mp_oct
7,854.8504,mp_oct
7,855.1507,mp_oct
1,855.451,mp_oct
36,855.7514,mp_oct
1,856.0517,mp_oct
29,856.3521,mp_oct
43,856.6524,mp_oct
5,856.9527,mp_oct
34,857.253,mp_oct
29,857.5534,mp_oct
29,857.8537,mp_oct
48,858.154,mp_oct
9,858.4544,mp_oct
7,858.7547,mp_oct
7,859.055,mp_oct
7,859.3562,mp_oct
7,859.6557,mp_oct
9,859.956,mp_oct
48,860.2564,mp_oct
48,860.5566,mp_oct
7,860.857,mp_oct
1,861.1573,mp_oct
1,861.4577,mp_oct
7,861.758,mp_oct
48,862.0583,mp_oct
1,862.3586,mp_oct
7,862.659,mp_oct
1,862.9593,mp_oct
36,863.2596,mp_oct
48,863.56,mp_oct
7,863.8603,mp_oct
7,864.1606,mp_oct
9,864.461,mp_oct
29,864.7613,mp_oct
8,865.0616,mp_oct
29,865.362,mp_oct
5,865.6623,mp_oct
2,865.9626,mp_oct
1,866.2629,mp_oct
48,866.5633,mp_oct
38,866.8636,mp_oct
47,867.164,mp_oct
9,867.4642,mp_oct
9,867.7646,mp_oct
3,868.0649,mp_oct
4,868.3652,mp_oct
3,868.6656,mp_oct
3,868.9659,mp_oct
9,869.2663,mp_oct
3,869.5666,mp_oct
4,869.8668,mp_oct
3,870.1672,mp_oct
4,870.4676,mp_oct
3,870.7679,mp_oct
3,871.0682,mp_oct
5,871.3686,mp_oct
43,871.6689,mp_oct
46,871.9692,mp_oct
4,872.2695,mp_oct
29,872.5699,mp_oct
32,872.8702,mp_oct
32,873.1706,mp_oct
32,873.4709,mp_oct
44,873.7712,mp_oct
27,874.0715,mp_oct
27,874.3719,mp_oct
27,874.6722,mp_oct
33,874.9725,mp_oct
33,875.2729,mp_oct
27,875.5732,mp_oct
30,875.8736,mp_oct
38,876.1738,mp_oct
33,876.4742,mp_oct
27,876.7745,mp_oct
27,877.0748,mp_oct
27,877.3752,mp_oct
33,877.6755,mp_oct
27,877.9759,mp_oct
27,878.2762,mp_oct
27,878.5765,mp_oct
27,878.8769,mp_oct
39,879.1772,mp_oct
39,879.4775,mp_oct
7,879.7778,mp_oct
7,880.0782,mp_oct
9,880.3785,mp_oct
9,880.6788,mp_oct
9,880.9791,mp_oct
9,881.2795,mp_oct
9,881.5798,mp_oct
9,881.8801,mp_oct
9,882.1804,mp_oct
47,882.4808,mp_oct
47,882.7811,mp_oct
9,883.0814,mp_oct
4,883.3817,mp_oct
47,883.682,mp_oct
29,883.9824,mp_oct
46,884.2828,mp_oct
46,884.5831,mp_oct
43,884.8834,mp_oct
5,885.1838,mp_oct
6,885.4841,mp_oct
6,885.7844,mp_oct
6,886.0847,mp_oct
41,886.3851,mp_oct
6,886.6853,mp_oct
45,886.9857,mp_oct
6,887.2861,mp_oct
6,887.5864,mp_oct
5,887.8868,mp_oct
41,888.187,mp_oct
45,888.4874,mp_oct
5,888.7877,mp_oct
5,889.088,mp_oct
6,889.3884,mp_oct
6,889.6886,mp_oct
8,889.989,mp_oct
43,890.2893,mp_oct
8,890.5897,mp_oct
8,890.8901,mp_oct
5,891.1903,mp_oct
2,891.4907,mp_oct
34,891.791,mp_oct
29,892.0913,mp_oct
5,892.3917,mp_oct
34,892.692,mp_oct
6,892.9923,mp_oct
34,893.2926,mp_oct
5,893.593,mp_oct
43,893.8933,mp_oct
34,894.1936,mp_oct
34,894.4939,mp_oct
41,894.7943,mp_oct
6,895.0946,mp_oct
6,895.395,mp_oct
34,895.6953,mp_oct
6,895.9956,mp_oct
6,896.2959,mp_oct
3,896.5963,mp_oct
47,896.8966,mp_oct
47,897.1969,mp_oct
6,897.4972,mp_oct
5,897.7976,mp_oct
45,898.0979,mp_oct
47,898.3982,mp_oct
6,898.6986,mp_oct
4,898.9989,mp_oct
3,899.2992,mp_oct
3,899.5996,mp_oct
3,899.8999,mp_oct
4,900.2003,mp_oct
48,900.5005,mp_oct
48,900.8009,mp_oct
32,901.1012,mp_oct
39,901.4016,mp_oct
39,901.7019,mp_oct
27,902.0023,mp_oct
39,902.3026,mp_oct
39,902.6029,mp_oct
48,902.9033,mp_oct
39,903.2036,mp_oct
39,903.5039,mp_oct
39,903.8042,mp_oct
39,904.1045,mp_oct
32,904.4049,mp_oct
32,904.7052,mp_oct
32,905.0055,mp_oct
32,905.3059,mp_oct
29,905.6062,mp_oct
32,905.9066,mp_oct
32,906.2068,mp_oct
32,906.5072,mp_oct
9,906.8075,mp_oct
9,907.1078,mp_oct
9,907.4082,mp_oct
9,907.7085,mp_oct
9,908.0088,mp_oct
9,908.3092,mp_oct
43,908.6095,mp_oct
6,908.9098,mp_oct
34,909.2157,mp_oct
8,909.5105,mp_oct
8,909.8108,mp_oct
29,910.1112,mp_oct
29,910.4115,mp_oct
4,910.7118,mp_oct
5,911.0122,mp_oct
1,911.3125,mp_oct
1,911.6128,mp_oct
48,911.9132,mp_oct
39,912.2134,mp_oct
30,912.5138,mp_oct
1,912.8141,mp_oct
32,913.1145,mp_oct
32,913.4148,mp_oct
36,913.7151,mp_oct
2,914.0155,mp_oct
5,914.3157,mp_oct
46,914.6161,mp_oct
43,914.9164,mp_oct
3,915.2168,mp_oct
4,915.5171,mp_oct
4,915.8174,mp_oct
50,916.1177,mp_oct
4,916.4181,mp_oct
9,916.7184,mp_oct
47,917.0188,mp_oct
47,917.319,mp_oct
9,917.6195,mp_oct
47,917.9197,mp_oct
47,918.2201,mp_oct
4,918.5204,mp_oct
4,918.8207,mp_oct
2,919.1211,mp_oct
47,919.4214,mp_oct
4,919.7217,mp_oct
4,920.022,mp_oct
9,920.3224,mp_oct
4,920.6227,mp_oct
9,920.923,mp_oct
4,921.2234,mp_oct
9,921.5237,mp_oct
9,921.824,mp_oct
4,922.1244,mp_oct
3,922.4247,mp_oct
3,922.7251,mp_oct
3,923.0254,mp_oct
3,923.3257,mp_oct
3,923.626,mp_oct
3,923.9263,mp_oct
4,924.2267,mp_oct
3,924.527,mp_oct
3,924.8274,mp_oct
9,925.1276,mp_oct
3,925.428,mp_oct
3,925.7283,mp_oct
9,926.0287,mp_oct
9,926.329,mp_oct
9,926.6293,mp_oct
9,926.9297,mp_oct
9,927.23,mp_oct
9,927.5304,mp_oct
9,927.8307,mp_oct
9,928.131,mp_oct
9,928.4313,mp_oct
9,928.7317,mp_oct
9,929.032,mp_oct
9,929.3323,mp_oct
9,929.6326,mp_oct
9,929.933,mp_oct
9,930.2333,mp_oct
1,930.5336,mp_oct
9,930.834,mp_oct
9,931.1343,mp_oct
4,931.4346,mp_oct
4,931.735,mp_oct
32,932.0353,mp_oct
48,932.3356,mp_oct
1,932.636,mp_oct
29,932.9363,mp_oct
46,933.2366,mp_oct
43,933.5369,mp_oct
43,933.8372,mp_oct
43,934.1376,mp_oct
5,934.438,mp_oct
8,934.7382,mp_oct
5,935.0386,mp_oct
34,935.3388,mp_oct
8,935.6393,mp_oct
29,935.9396,mp_oct
32,936.2399,mp_oct
29,936.5403,mp_oct
5,936.8406,mp_oct
4,937.1409,mp_oct
46,937.4412,mp_oct
29,937.7416,mp_oct
29,938.0419,mp_oct
29,938.3422,mp_oct
46,938.6426,mp_oct
43,938.9429,mp_oct
43,939.2432,mp_oct
43,939.5436,mp_oct
43,939.8438,mp_oct
29,940.1441,mp_oct
48,940.4445,mp_oct
1,940.7449,mp_oct
37,941.0452,mp_oct
32,941.3455,mp_oct
32,941.6459,mp_oct
32,941.9461,mp_oct
32,942.2465,mp_oct
48,942.5469,mp_oct
1,942.8472,mp_oct
36,943.1475,mp_oct
48,943.4479,mp_oct
36,943.7482,mp_oct
1,944.0485,mp_oct
36,944.3488,mp_oct
1,944.6492,mp_oct
1,944.9495,mp_oct
30,945.2498,mp_oct
1,945.5501,mp_oct
1,945.8505,mp_oct
30,946.1508,mp_oct
32,946.4511,mp_oct
36,946.7515,mp_oct
30,947.0518,mp_oct
49,947.3521,mp_oct
48,947.6525,mp_oct
1,947.9527,mp_oct
36,948.2531,mp_oct
48,948.5535,mp_oct
36,948.8538,mp_oct
48,949.1541,mp_oct
48,949.4545,mp_oct
1,949.7548,mp_oct
1,950.0551,mp_oct
48,950.3554,mp_oct
36,950.6558,mp_oct
30,950.9561,mp_oct
1,951.2564,mp_oct
1,951.5568,mp_oct
32,951.8571,mp_oct
48,952.1574,mp_oct
32,952.4578,mp_oct
48,952.7581,mp_oct
32,953.0584,mp_oct
32,953.3588,mp_oct
1,953.6591,mp_oct
48,953.9594,mp_oct
48,954.2597,mp_oct
46,954.5601,mp_oct
43,954.8604,mp_oct
3,955.1608,mp_oct
3,955.4611,mp_oct
3,955.7614,mp_oct
3,956.0618,mp_oct
9,956.362,mp_oct
9,956.6624,mp_oct
9,956.9627,mp_oct
9,957.2631,mp_oct
3,957.5634,mp_oct
3,957.8637,mp_oct
3,958.164,mp_oct
46,958.4644,mp_oct
43,958.7647,mp_oct
43,959.065,mp_oct
8,959.3653,mp_oct
43,959.6656,mp_oct
43,959.966,mp_oct
5,960.2663,mp_oct
45,960.5667,mp_oct
34,960.867,mp_oct
43,961.1673,mp_oct
3,961.4676,mp_oct
3,961.768,mp_oct
47,962.0683,mp_oct
47,962.3686,mp_oct
3,962.669,mp_oct
4,962.9692,mp_oct
47,963.2696,mp_oct
9,963.57,mp_oct
9,963.8703,mp_oct
9,964.1706,mp_oct
32,964.471,mp_oct
32,964.7712,mp_oct
32,965.0716,mp_oct
44,965.372,mp_oct
44,965.6723,mp_oct
44,965.9735,mp_oct
44,966.273,mp_oct
35,966.5733,mp_oct
5,966.8736,mp_oct
6,967.1739,mp_oct
8,967.4742,mp_oct
8,967.7746,mp_oct
8,968.0749,mp_oct
8,968.3753,mp_oct
43,968.6756,mp_oct
43,968.9758,mp_oct
26,969.2763,mp_oct
38,969.5766,mp_oct
38,969.8769,mp_oct
28,970.1772,mp_oct
26,970.4775,mp_oct
26,970.7779,mp_oct
38,971.0782,mp_oct
35,971.3785,mp_oct
38,971.6789,mp_oct
26,971.9792,mp_oct
26,972.2796,mp_oct
44,972.5799,mp_oct
26,972.8802,mp_oct
35,973.1805,mp_oct
35,973.4809,mp_oct
26,973.7812,mp_oct
5,974.0816,mp_oct
4,974.3819,mp_oct
35,974.6822,mp_oct
35,974.9825,mp_oct
35,975.2828,mp_oct
35,975.5832,mp_oct
26,975.8835,mp_oct
35,976.1838,mp_oct
35,976.4842,mp_oct
26,976.7845,mp_oct
35,977.0848,mp_oct
35,977.3852,mp_oct
35,977.6855,mp_oct
35,977.9859,mp_oct
26,978.2861,mp_oct
26,978.5865,mp_oct
38,978.8868,mp_oct
26,979.1871,mp_oct
34,979.4875,mp_oct
8,979.7877,mp_oct
43,980.0881,mp_oct
34,980.3885,mp_oct
43,980.6887,mp_oct
8,980.9891,mp_oct
46,981.2894,mp_oct
43,981.5897,mp_oct
35,981.89,mp_oct
35,982.1904,mp_oct
44,982.4908,mp_oct
35,982.7911,mp_oct
44,983.0914,mp_oct
33,983.3918,mp_oct
44,983.6921,mp_oct
44,983.9924,mp_oct
44,984.2927,mp_oct
30,984.5931,mp_oct
26,984.8934,mp_oct
33,985.1938,mp_oct
35,985.494,mp_oct
35,985.7944,mp_oct
35,986.0947,mp_oct
44,986.3951,mp_oct
35,986.6954,mp_oct
35,986.9957,mp_oct
35,987.2961,mp_oct
44,987.5964,mp_oct
44,987.8967,mp_oct
33,988.197,mp_oct
26,988.4974,mp_oct
44,988.7977,mp_oct
33,989.098,mp_oct
44,989.3983,mp_oct
37,989.6987,mp_oct
44,989.999,mp_oct
26,990.2993,mp_oct
28,990.5996,mp_oct
2,990.8999,mp_oct
2,991.2003,mp_oct
28,991.5006,mp_oct
2,991.801,mp_oct
46,992.1013,mp_oct
29,992.4016,mp_oct
29,992.702,mp_oct
29,993.0022,mp_oct
48,993.3026,mp_oct
32,993.6029,mp_oct
32,993.9033,mp_oct
1,994.2036,mp_oct
9,994.5039,mp_oct
4,994.8042,mp_oct
47,995.1045,mp_oct
4,995.4049,mp_oct
47,995.7053,mp_oct
38,996.0056,mp_oct
2,996.3059,mp_oct
47,996.6062,mp_oct
2,996.9065,mp_oct
2,997.2069,mp_oct
47,997.5073,mp_oct
1,997.8076,mp_oct
48,998.1079,mp_oct
29,998.4083,mp_oct
2,998.7085,mp_oct
1,999.0089,mp_oct
30,999.3092,mp_oct
30,999.6095,mp_oct
28,999.9099,mp_oct
29,1000.2101,mp_oct
43,1000.5105,mp_oct
43,1000.8108,mp_oct
34,1001.1112,mp_oct
43,1001.4115,mp_oct
8,1001.7118,mp_oct
43,1002.0121,mp_oct
3,1002.3125,mp_oct
3,1002.6128,mp_oct
5,1002.9132,mp_oct
43,1003.2135,mp_oct
6,1003.5138,mp_oct
45,1003.8141,mp_oct
8,1004.1145,mp_oct
43,1004.4148,mp_oct
8,1004.7151,mp_oct
45,1005.0155,mp_oct
6,1005.3158,mp_oct
46,1005.6161,mp_oct
46,1005.9164,mp_oct
46,1006.2168,mp_oct
46,1006.5171,mp_oct
46,1006.8183,mp_oct
8,1007.1178,mp_oct
43,1007.4181,mp_oct
46,1007.7184,mp_oct
43,1008.0187,mp_oct
43,1008.3191,mp_oct
43,1008.6195,mp_oct
43,1008.9197,mp_oct
34,1009.22,mp_oct
8,1009.5204,mp_oct
43,1009.8207,mp_oct
8,1010.1211,mp_oct
43,1010.4214,mp_oct
43,1010.7217,mp_oct
43,1011.022,mp_oct
43,1011.3223,mp_oct
8,1011.6227,mp_oct
43,1011.9231,mp_oct
43,1012.2234,mp_oct
43,1012.5237,mp_oct
43,1012.824,mp_oct
43,1013.1244,mp_oct
43,1013.4246,mp_oct
43,1013.725,mp_oct
43,1014.0254,mp_oct
43,1014.3257,mp_oct
43,1014.626,mp_oct
43,1014.9264,mp_oct
5,1015.2267,mp_oct
43,1015.527,mp_oct
29,1015.8273,mp_oct
48,1016.1277,mp_oct
48,1016.4279,mp_oct
36,1016.7283,mp_oct
36,1017.0286,mp_oct
30,1017.329,mp_oct
48,1017.6293,mp_oct
30,1017.9296,mp_oct
49,1018.2299,mp_oct
36,1018.5302,mp_oct
36,1018.8306,mp_oct
37,1019.1309,mp_oct
49,1019.4313,mp_oct
30,1019.7316,mp_oct
36,1020.0319,mp_oct
1,1020.3323,mp_oct
30,1020.6326,mp_oct
49,1020.9329,mp_oct
34,1021.2332,mp_oct
2,1021.5335,mp_oct
46,1021.8339,mp_oct
43,1022.1342,mp_oct
8,1022.4345,mp_oct
8,1022.7348,mp_oct
34,1023.0352,mp_oct
6,1023.3356,mp_oct
6,1023.6359,mp_oct
6,1023.9362,mp_oct
6,1024.2365,mp_oct
45,1024.5369,mp_oct
34,1024.8372,mp_oct
34,1025.1375,mp_oct
34,1025.4378,mp_oct
43,1025.7381,mp_oct
12,1026.0385,mp_oct
26,1026.3389,mp_oct
26,1026.6391,mp_oct
38,1026.9395,mp_oct
2,1027.2398,mp_oct
45,1027.5401,mp_oct
45,1027.8405,mp_oct
34,1028.1408,mp_oct
5,1028.4412,mp_oct
6,1028.7415,mp_oct
42,1029.0418,mp_oct
42,1029.3421,mp_oct
45,1029.6424,mp_oct
35,1029.9428,mp_oct
35,1030.2431,mp_oct
26,1030.5435,mp_oct
40,1030.8438,mp_oct
2,1031.1441,mp_oct
26,1031.4444,mp_oct
46,1031.7448,mp_oct
8,1032.0451,mp_oct
8,1032.3455,mp_oct
5,1032.6458,mp_oct
8,1032.9461,mp_oct
5,1033.2464,mp_oct
45,1033.5467,mp_oct
41,1033.847,mp_oct
6,1034.1474,mp_oct
5,1034.4477,mp_oct
47,1034.748,mp_oct
34,1035.0484,mp_oct
32,1035.3487,mp_oct
32,1035.6491,mp_oct
30,1035.9493,mp_oct
49,1036.2497,mp_oct
30,1036.55,mp_oct
29,1036.8504,mp_oct
29,1037.451,mp_oct
32,1037.7513,mp_oct
32,1038.0517,mp_oct
32,1038.352,mp_oct
32,1038.6523,mp_oct
32,1038.9527,mp_oct
32,1039.253,mp_oct
32,1039.5533,mp_oct
32,1039.8537,mp_oct
46,1040.154,mp_oct
46,1040.4544,mp_oct
46,1040.7603,mp_oct
46,1041.055,mp_oct
43,1041.3553,mp_oct
43,1041.6556,mp_oct
43,1041.9559,mp_oct
8,1042.2563,mp_oct
8,1042.5566,mp_oct
43,1042.8569,mp_oct
46,1043.1573,mp_oct
46,1043.4576,mp_oct
43,1043.7579,mp_oct
43,1044.0583,mp_oct
43,1044.3586,mp_oct
43,1044.6589,mp_oct
5,1044.9593,mp_oct
5,1045.2596,mp_oct
8,1045.5599,mp_oct
8,1045.8602,mp_oct
8,1046.1605,mp_oct
8,1046.4609,mp_oct
32,1046.7612,mp_oct
1,1047.0615,mp_oct
1,1047.362,mp_oct
1,1047.6622,mp_oct
32,1047.9626,mp_oct
32,1048.2628,mp_oct
43,1048.5632,mp_oct
5,1048.8636,mp_oct
2,1049.1639,mp_oct
5,1049.4642,mp_oct
46,1049.7645,mp_oct
29,1050.0648,mp_oct
2,1050.3652,mp_oct
34,1050.6655,mp_oct
2,1050.9658,mp_oct
28,1051.2661,mp_oct
50,1051.5666,mp_oct
2,1051.8668,mp_oct
50,1052.1671,mp_oct
2,1052.4675,mp_oct
28,1052.7678,mp_oct
28,1053.0681,mp_oct
2,1053.3684,mp_oct
2,1053.6688,mp_oct
6,1053.9692,mp_oct
29,1054.2695,mp_oct
29,1054.5698,mp_oct
43,1054.8701,mp_oct
5,1055.1704,mp_oct
8,1055.4708,mp_oct
46,1055.7711,mp_oct
43,1056.0715,mp_oct
43,1056.3718,mp_oct
43,1056.6721,mp_oct
46,1056.9724,mp_oct
35,1057.2727,mp_oct
46,1057.5731,mp_oct
29,1057.8734,mp_oct
43,1058.1737,mp_oct
34,1058.474,mp_oct
34,1058.7744,mp_oct
29,1059.0748,mp_oct
8,1059.3751,mp_oct
45,1059.6754,mp_oct
8,1059.9758,mp_oct
5,1060.2761,mp_oct
46,1060.5764,mp_oct
5,1060.8767,mp_oct
6,1061.1771,mp_oct
8,1061.4774,mp_oct
43,1061.7777,mp_oct
43,1062.078,mp_oct
46,1062.3784,mp_oct
43,1062.6787,mp_oct
43,1062.979,mp_oct
43,1063.2794,mp_oct
43,1063.5796,mp_oct
8,1063.88,mp_oct
43,1064.1803,mp_oct
46,1064.4807,mp_oct
29,1064.781,mp_oct
29,1065.0813,mp_oct
32,1065.3817,mp_oct
32,1065.682,mp_oct
32,1065.9823,mp_oct
32,1066.2826,mp_oct
32,1066.583,mp_oct
32,1066.8833,mp_oct
32,1067.1836,mp_oct
46,1067.4839,mp_oct
32,1067.7843,mp_oct
46,1068.0846,mp_oct
43,1068.3849,mp_oct
43,1068.6852,mp_oct
3,1068.9856,mp_oct
3,1069.2859,mp_oct
3,1069.5862,mp_oct
43,1069.8866,mp_oct
43,1070.1869,mp_oct
43,1070.4872,mp_oct
43,1070.7876,mp_oct
43,1071.0879,mp_oct
43,1071.3882,mp_oct
46,1071.6885,mp_oct
29,1071.9889,mp_oct
29,1072.2892,mp_oct
43,1072.5895,mp_oct
43,1072.8898,mp_oct
3,1073.1902,mp_oct
3,1073.4905,mp_oct
3,1073.7908,mp_oct
9,1074.0911,mp_oct
9,1074.3915,mp_oct
46,1074.6919,mp_oct
32,1074.9921,mp_oct
32,1075.2925,mp_oct
32,1075.5928,mp_oct
29,1075.8931,mp_oct
32,1076.1935,mp_oct
39,1076.4938,mp_oct
32,1076.7941,mp_oct
32,1077.0945,mp_oct
1,1077.3948,mp_oct
32,1077.6951,mp_oct
29,1077.9954,mp_oct
9,1078.2957,mp_oct
29,1078.5961,mp_oct
32,1078.8964,mp_oct
43,1079.1968,mp_oct
32,1079.4971,mp_oct
29,1079.7974,mp_oct
29,1080.0978,mp_oct
32,1080.398,mp_oct
32,1080.6993,mp_oct
29,1080.9987,mp_oct
29,1081.299,mp_oct
29,1081.5994,mp_oct
46,1081.8997,mp_oct
43,1082.2,mp_oct
6,1082.5004,mp_oct
5,1082.8007,mp_oct
34,1083.1011,mp_oct
45,1083.4013,mp_oct
8,1083.7016,mp_oct
34,1084.002,mp_oct
45,1084.3024,mp_oct
6,1084.6027,mp_oct
34,1084.903,mp_oct
35,1085.2033,mp_oct
26,1085.5037,mp_oct
34,1085.804,mp_oct
19,1086.1044,mp_oct
6,1086.4046,mp_oct
19,1086.705,mp_oct
35,1087.0053,mp_oct
35,1087.3056,mp_oct
35,1087.6059,mp_oct
13,1087.9063,mp_oct
11,1088.2066,mp_oct
6,1088.507,mp_oct
6,1088.8073,mp_oct
28,1089.1076,mp_oct
41,1089.4079,mp_oct
42,1089.7082,mp_oct
6,1090.0086,mp_oct
11,1090.3089,mp_oct
26,1090.6092,mp_oct
26,1090.9096,mp_oct
26,1091.2099,mp_oct
38,1091.5102,mp_oct
35,1091.8106,mp_oct
35,1092.1109,mp_oct
26,1092.4112,mp_oct
5,1092.7116,mp_oct
6,1093.0119,mp_oct
8,1093.3122,mp_oct
5,1093.6126,mp_oct
45,1093.9129,mp_oct
6,1094.2132,mp_oct
45,1094.5135,mp_oct
41,1094.8139,mp_oct
34,1095.1142,mp_oct
41,1095.4145,mp_oct
45,1095.7148,mp_oct
41,1096.0151,mp_oct
41,1096.3155,mp_oct
41,1096.6158,mp_oct
41,1096.9161,mp_oct
45,1097.2165,mp_oct
41,1097.5168,mp_oct
6,1097.8171,mp_oct
45,1098.1175,mp_oct
41,1098.4178,mp_oct
45,1098.7181,mp_oct
42,1099.0185,mp_oct
42,1099.3188,mp_oct
42,1099.6191,mp_oct
28,1099.9194,mp_oct
41,1100.2197,mp_oct
42,1100.5201,mp_oct
42,1100.8204,mp_oct
41,1101.1207,mp_oct
42,1101.4211,mp_oct
19,1101.7214,mp_oct
35,1102.0218,mp_oct
6,1102.322,mp_oct
19,1102.6224,mp_oct
35,1102.9228,mp_oct
33,1103.223,mp_oct
26,1103.5234,mp_oct
35,1103.8237,mp_oct
29,1104.1241,mp_oct
8,1104.4244,mp_oct
4,1104.7247,mp_oct
3,1105.025,mp_oct
9,1105.3254,mp_oct
4,1105.6258,mp_oct
9,1105.926,mp_oct
9,1106.2264,mp_oct
9,1106.5267,mp_oct
48,1106.827,mp_oct
47,1107.1274,mp_oct
31,1107.4277,mp_oct
2,1107.728,mp_oct
2,1108.0312,mp_oct
47,1108.3287,mp_oct
45,1108.6299,mp_oct
4,1108.9292,mp_oct
9,1109.2297,mp_oct
9,1109.53,mp_oct
29,1109.8303,mp_oct
43,1110.1307,mp_oct
43,1110.431,mp_oct
43,1110.7313,mp_oct
3,1111.0316,mp_oct
4,1111.332,mp_oct
29,1111.6323,mp_oct
29,1111.9326,mp_oct
32,1112.2329,mp_oct
32,1112.5333,mp_oct
44,1112.8336,mp_oct
29,1113.1339,mp_oct
8,1113.4342,mp_oct
8,1113.7346,mp_oct
12,1114.0348,mp_oct
43,1114.3353,mp_oct
8,1114.6356,mp_oct
43,1114.9359,mp_oct
8,1115.2362,mp_oct
43,1115.5366,mp_oct
8,1115.8369,mp_oct
8,1116.1372,mp_oct
43,1116.4375,mp_oct
43,1116.7379,mp_oct
43,1117.0382,mp_oct
29,1117.3386,mp_oct
29,1117.6389,mp_oct
32,1117.9392,mp_oct
32,1118.2395,mp_oct
3,1118.5399,mp_oct
9,1118.8402,mp_oct
9,1119.1405,mp_oct
9,1119.4408,mp_oct
3,1119.7412,mp_oct
43,1120.0415,mp_oct
43,1120.3418,mp_oct
46,1120.6421,mp_oct
43,1120.9425,mp_oct
43,1121.2428,mp_oct
3,1121.5431,mp_oct
4,1121.8435,mp_oct
4,1122.1438,mp_oct
47,1122.4441,mp_oct
47,1122.7445,mp_oct
4,1123.0448,mp_oct
9,1123.3451,mp_oct
9,1123.6455,mp_oct
4,1123.9458,mp_oct
4,1124.2461,mp_oct
9,1124.5465,mp_oct
4,1124.8468,mp_oct
47,1125.1471,mp_oct
32,1125.4475,mp_oct
43,1125.7478,mp_oct
5,1126.0481,mp_oct
8,1126.3485,mp_oct
6,1126.6487,mp_oct
8,1126.9491,mp_oct
5,1127.2494,mp_oct
45,1127.5497,mp_oct
43,1127.85,mp_oct
3,1128.1504,mp_oct
3,1128.4507,mp_oct
4,1128.751,mp_oct
34,1129.0514,mp_oct
3,1129.3517,mp_oct
3,1129.6521,mp_oct
3,1129.9524,mp_oct
3,1130.2527,mp_oct
3,1130.553,mp_oct
3,1130.8534,mp_oct
4,1131.1537,mp_oct
3,1131.454,mp_oct
3,1131.7543,mp_oct
9,1132.0547,mp_oct
32,1132.355,mp_oct
4,1132.6554,mp_oct
9,1132.9557,mp_oct
9,1133.256,mp_oct
3,1133.5564,mp_oct
3,1133.8567,mp_oct
3,1134.157,mp_oct
3,1134.4573,mp_oct
9,1134.7577,mp_oct
4,1135.058,mp_oct
3,1135.3584,mp_oct
3,1135.6586,mp_oct
3,1135.959,mp_oct
3,1136.2593,mp_oct
3,1136.5596,mp_oct
3,1136.86,mp_oct
3,1137.1603,mp_oct
3,1137.4606,mp_oct
9,1137.761,mp_oct
9,1138.0613,mp_oct
3,1138.3616,mp_oct
46,1138.6619,mp_oct
8,1138.9623,mp_oct
5,1139.2626,mp_oct
5,1139.5629,mp_oct
43,1139.8633,mp_oct
43,1140.1636,mp_oct
43,1140.464,mp_oct
45,1140.7643,mp_oct
19,1141.0646,mp_oct
6,1141.3649,mp_oct
42,1141.6652,mp_oct
8,1141.9656,mp_oct
5,1142.2659,mp_oct
43,1142.5662,mp_oct
46,1142.8665,mp_oct
43,1143.1669,mp_oct
43,1143.4672,mp_oct
43,1143.7676,mp_oct
43,1144.0679,mp_oct
43,1144.3682,mp_oct
43,1144.6685,mp_oct
43,1144.9688,mp_oct
43,1145.2692,mp_oct
6,1145.5695,mp_oct
34,1145.8699,mp_oct
43,1146.1702,mp_oct
34,1146.4705,mp_oct
34,1146.7708,mp_oct
43,1147.0711,mp_oct
8,1147.3715,mp_oct
41,1147.6718,mp_oct
6,1147.9722,mp_oct
8,1148.2725,mp_oct
3,1148.5728,mp_oct
5,1148.8731,mp_oct
2,1149.1734,mp_oct
6,1149.4738,mp_oct
2,1149.7741,mp_oct
6,1150.0745,mp_oct
34,1150.3748,mp_oct
34,1150.6751,mp_oct
29,1150.9754,mp_oct
4,1151.2758,mp_oct
29,1151.5761,mp_oct
29,1151.8765,mp_oct
46,1152.1767,mp_oct
32,1152.4771,mp_oct
32,1152.7774,mp_oct
32,1153.0777,mp_oct
32,1153.3781,mp_oct
29,1153.6784,mp_oct
29,1153.9788,mp_oct
29,1154.279,mp_oct
4,1154.5794,mp_oct
34,1154.8797,mp_oct
2,1155.1801,mp_oct
2,1155.4804,mp_oct
47,1155.7807,mp_oct
8,1156.0811,mp_oct
29,1156.3814,mp_oct
1,1156.6817,mp_oct
38,1156.982,mp_oct
2,1157.2824,mp_oct
2,1157.5827,mp_oct
47,1157.883,mp_oct
8,1158.1833,mp_oct
29,1158.4837,mp_oct
8,1158.784,mp_oct
45,1159.0844,mp_oct
8,1159.3847,mp_oct
43,1159.685,mp_oct
43,1159.9853,mp_oct
5,1160.2857,mp_oct
6,1160.586,mp_oct
6,1160.8863,mp_oct
6,1161.1866,mp_oct
34,1161.487,mp_oct
45,1161.7873,mp_oct
41,1162.0876,mp_oct
34,1162.388,mp_oct
43,1162.6883,mp_oct
46,1162.9886,mp_oct
46,1163.289,mp_oct
46,1163.5893,mp_oct
46,1163.8896,mp_oct
29,1164.19,mp_oct
32,1164.4903,mp_oct
32,1164.7906,mp_oct
32,1165.091,mp_oct
29,1165.3913,mp_oct
46,1165.6916,mp_oct
46,1165.9919,mp_oct
46,1166.2923,mp_oct
29,1166.5925,mp_oct
29,1166.8929,mp_oct
46,1167.1933,mp_oct
43,1167.4936,mp_oct
43,1167.7939,mp_oct
46,1168.0943,mp_oct
46,1168.3946,mp_oct
35,1168.6949,mp_oct
35,1168.9953,mp_oct
43,1169.2956,mp_oct
46,1169.5959,mp_oct
46,1169.8963,mp_oct
43,1170.1965,mp_oct
8,1170.4969,mp_oct
46,1170.7972,mp_oct
46,1171.0975,mp_oct
46,1171.3979,mp_oct
43,1171.6982,mp_oct
46,1171.9986,mp_oct
43,1172.2988,mp_oct
46,1172.5992,mp_oct
43,1172.8996,mp_oct
46,1173.1999,mp_oct
43,1173.5002,mp_oct
43,1173.8005,mp_oct
43,1174.1008,mp_oct
43,1174.4012,mp_oct
43,1174.7015,mp_oct
43,1175.0018,mp_oct
43,1175.3022,mp_oct
43,1175.6025,mp_oct
43,1175.9028,mp_oct
43,1176.2031,mp_oct
43,1176.5035,mp_oct
8,1176.8038,mp_oct
29,1177.1042,mp_oct
43,1177.4044,mp_oct
43,1177.7048,mp_oct
43,1178.0051,mp_oct
43,1178.3054,mp_oct
43,1178.6058,mp_oct
43,1178.9061,mp_oct
43,1179.2064,mp_oct
43,1179.5067,mp_oct
43,1179.807,mp_oct
43,1180.1075,mp_oct
43,1180.4077,mp_oct
43,1180.7081,mp_oct
43,1181.0084,mp_oct
43,1181.3088,mp_oct
43,1181.6091,mp_oct
43,1181.9094,mp_oct
43,1182.2097,mp_oct
43,1182.51,mp_oct
43,1182.8104,mp_oct
43,1183.1108,mp_oct
43,1183.4111,mp_oct
46,1183.7114,mp_oct
43,1184.0117,mp_oct
43,1184.3121,mp_oct
43,1184.6124,mp_oct
43,1184.9126,mp_oct
43,1185.213,mp_oct
43,1185.5134,mp_oct
43,1185.8137,mp_oct
43,1186.114,mp_oct
43,1186.4144,mp_oct
43,1186.7147,mp_oct
8,1187.015,mp_oct
34,1187.3153,mp_oct
6,1187.6156,mp_oct
5,1187.9159,mp_oct
43,1188.2163,mp_oct
43,1188.5166,mp_oct
43,1188.817,mp_oct
34,1189.1173,mp_oct
8,1189.4176,mp_oct
46,1189.718,mp_oct
43,1190.0211,mp_oct
43,1190.3186,mp_oct
45,1190.6189,mp_oct
6,1190.9192,mp_oct
43,1191.2196,mp_oct
8,1191.52,mp_oct
6,1191.8203,mp_oct
8,1192.1206,mp_oct
5,1192.4209,mp_oct
6,1192.7212,mp_oct
6,1193.0216,mp_oct
34,1193.3219,mp_oct
50,1193.6222,mp_oct
49,1193.9226,mp_oct
2,1194.2229,mp_oct
2,1194.5232,mp_oct
29,1194.8236,mp_oct
46,1195.1239,mp_oct
1,1195.4242,mp_oct
47,1195.7246,mp_oct
2,1196.0249,mp_oct
50,1196.3252,mp_oct
29,1196.6255,mp_oct
29,1196.9259,mp_oct
1,1197.2261,mp_oct
5,1197.5265,mp_oct
45,1197.8268,mp_oct
28,1198.1272,mp_oct
8,1198.4275,mp_oct
46,1198.7278,mp_oct
3,1199.0281,mp_oct
8,1199.3284,mp_oct
34,1199.6288,mp_oct
45,1199.9292,mp_oct
45,1200.2295,mp_oct
6,1200.5298,mp_oct
45,1200.8301,mp_oct
2,1201.1305,mp_oct
6,1201.4308,mp_oct
34,1201.7311,mp_oct
47,1202.0315,mp_oct
2,1202.3318,mp_oct
41,1202.6321,mp_oct
41,1202.9324,mp_oct
5,1203.2328,mp_oct
5,1203.5331,mp_oct
5,1203.8334,mp_oct
8,1204.1338,mp_oct
46,1204.4341,mp_oct
29,1204.7344,mp_oct
38,1205.0348,mp_oct
4,1205.3351,mp_oct
29,1205.6355,mp_oct
29,1205.9357,mp_oct
5,1206.2361,mp_oct
5,1206.5364,mp_oct
45,1206.8367,mp_oct
34,1207.1371,mp_oct
46,1207.4374,mp_oct
34,1207.7377,mp_oct
41,1208.038,mp_oct
41,1208.3383,mp_oct
6,1208.6387,mp_oct
6,1208.939,mp_oct
45,1209.2394,mp_oct
41,1209.5397,mp_oct
34,1209.84,mp_oct
43,1210.1404,mp_oct
45,1210.4407,mp_oct
41,1210.7411,mp_oct
41,1211.0413,mp_oct
6,1211.3417,mp_oct
8,1211.642,mp_oct
5,1211.9423,mp_oct
45,1212.2427,mp_oct
6,1212.543,mp_oct
8,1212.8433,mp_oct
45,1213.1437,mp_oct
43,1213.444,mp_oct
46,1213.7443,mp_oct
43,1214.0446,mp_oct
3,1214.345,mp_oct
3,1214.6453,mp_oct
3,1214.9456,mp_oct
3,1215.246,mp_oct
3,1215.5463,mp_oct
3,1215.8466,mp_oct
46,1216.1526,mp_oct
43,1216.4473,mp_oct
46,1216.7476,mp_oct
29,1217.048,mp_oct
46,1217.3483,mp_oct
32,1217.6486,mp_oct
32,1217.9489,mp_oct
32,1218.2493,mp_oct
29,1218.5496,mp_oct
30,1218.8499,mp_oct
36,1219.1503,mp_oct
47,1219.4506,mp_oct
2,1219.751,mp_oct
34,1220.0512,mp_oct
29,1220.3516,mp_oct
32,1220.6519,mp_oct
46,1220.9522,mp_oct
29,1221.2526,mp_oct
5,1221.5529,mp_oct
2,1221.8532,mp_oct
29,1222.1536,mp_oct
46,1222.4539,mp_oct
43,1222.7542,mp_oct
32,1223.0546,mp_oct
48,1223.3549,mp_oct
48,1223.6553,mp_oct
1,1223.9555,mp_oct
2,1224.2558,mp_oct
2,1224.5562,mp_oct
29,1224.8565,mp_oct
8,1225.1568,mp_oct
34,1225.4572,mp_oct
6,1225.7574,mp_oct
6,1226.0578,mp_oct
47,1226.3581,mp_oct
2,1226.6585,mp_oct
28,1226.9588,mp_oct
50,1227.2592,mp_oct
5,1227.5595,mp_oct
32,1227.8598,mp_oct
29,1228.1602,mp_oct
1,1228.4605,mp_oct
49,1228.7608,mp_oct
49,1229.0611,mp_oct
30,1229.3615,mp_oct
32,1229.6618,mp_oct
32,1229.9621,mp_oct
48,1230.2625,mp_oct
30,1230.5628,mp_oct
49,1230.8631,mp_oct
2,1231.1635,mp_oct
50,1231.4638,mp_oct
1,1231.7642,mp_oct
29,1232.0644,mp_oct
34,1232.3648,mp_oct
2,1232.6651,mp_oct
50,1232.9654,mp_oct
2,1233.2658,mp_oct
49,1233.5661,mp_oct
6,1233.8664,mp_oct
26,1234.1668,mp_oct
35,1234.4671,mp_oct
32,1234.7674,mp_oct
48,1235.0678,mp_oct
48,1235.3681,mp_oct
48,1235.6684,mp_oct
1,1235.9687,mp_oct
36,1236.2691,mp_oct
36,1236.5695,mp_oct
39,1236.8698,mp_oct
39,1237.17,mp_oct
32,1237.4704,mp_oct
32,1237.7708,mp_oct
48,1238.0711,mp_oct
32,1238.3714,mp_oct
2,1238.6717,mp_oct
30,1238.9721,mp_oct
49,1239.2724,mp_oct
29,1239.5727,mp_oct
34,1239.8731,mp_oct
30,1240.1734,mp_oct
36,1240.4738,mp_oct
49,1240.774,mp_oct
40,1241.0744,mp_oct
50,1241.3747,mp_oct
2,1241.6751,mp_oct
50,1241.9754,mp_oct
30,1242.2757,mp_oct
2,1242.576,mp_oct
32,1242.8764,mp_oct
29,1243.1767,mp_oct
29,1243.477,mp_oct
2,1243.7774,mp_oct
2,1244.0777,mp_oct
50,1244.378,mp_oct
50,1244.6784,mp_oct
50,1244.9787,mp_oct
50,1245.279,mp_oct
2,1245.5793,mp_oct
47,1245.8796,mp_oct
46,1246.18,mp_oct
5,1246.4803,mp_oct
50,1246.7806,mp_oct
50,1247.081,mp_oct
50,1247.3813,mp_oct
50,1247.6816,mp_oct
2,1247.982,mp_oct
34,1248.2823,mp_oct
5,1248.5826,mp_oct
1,1248.883,mp_oct
1,1249.1833,mp_oct
2,1249.4836,mp_oct
50,1249.784,mp_oct
50,1250.0843,mp_oct
50,1250.3846,mp_oct
50,1250.6849,mp_oct
50,1250.9852,mp_oct
49,1251.2857,mp_oct
30,1251.5859,mp_oct
46,1251.8863,mp_oct
32,1252.1866,mp_oct
46,1252.4869,mp_oct
29,1252.7872,mp_oct
46,1253.0875,mp_oct
43,1253.3879,mp_oct
8,1253.6882,mp_oct
8,1253.9885,mp_oct
47,1254.2889,mp_oct
47,1254.5892,mp_oct
2,1254.8895,mp_oct
9,1255.1899,mp_oct
34,1255.4902,mp_oct
2,1255.7905,mp_oct
2,1256.0909,mp_oct
5,1256.3912,mp_oct
29,1256.6916,mp_oct
34,1256.9919,mp_oct
45,1257.2922,mp_oct
34,1257.5926,mp_oct
41,1257.8928,mp_oct
6,1258.1932,mp_oct
46,1258.4935,mp_oct
8,1258.7939,mp_oct
34,1259.0942,mp_oct
45,1259.3945,mp_oct
41,1259.6948,mp_oct
34,1259.9952,mp_oct
41,1260.2955,mp_oct
8,1260.5958,mp_oct
43,1260.8962,mp_oct
43,1261.1965,mp_oct
8,1261.4968,mp_oct
43,1261.7972,mp_oct
34,1262.0975,mp_oct
45,1262.3978,mp_oct
6,1262.6981,mp_oct
18,1262.9985,mp_oct
8,1263.2988,mp_oct
43,1263.5991,mp_oct
43,1263.8995,mp_oct
43,1264.1998,mp_oct
46,1264.5001,mp_oct
43,1264.8005,mp_oct
3,1265.1008,mp_oct
3,1265.402,mp_oct
3,1265.7014,mp_oct
3,1266.0018,mp_oct
3,1266.302,mp_oct
3,1266.6025,mp_oct
3,1266.9028,mp_oct
3,1267.2031,mp_oct
43,1267.5034,mp_oct
43,1267.8038,mp_oct
43,1268.1041,mp_oct
46,1268.4044,mp_oct
43,1268.7047,mp_oct
46,1269.0051,mp_oct
46,1269.3054,mp_oct
46,1269.6057,mp_oct
46,1269.9061,mp_oct
46,1270.2064,mp_oct
43,1270.5067,mp_oct
43,1270.807,mp_oct
43,1271.1074,mp_oct
46,1271.4077,mp_oct
43,1271.708,mp_oct
46,1272.0084,mp_oct
46,1272.3087,mp_oct
46,1272.609,mp_oct
43,1272.9093,mp_oct
43,1273.2097,mp_oct
46,1273.51,mp_oct
46,1273.8104,mp_oct
46,1274.1107,mp_oct
46,1274.411,mp_oct
43,1274.7113,mp_oct
43,1275.0117,mp_oct
46,1275.312,mp_oct
46,1275.6123,mp_oct
43,1275.9126,mp_oct
43,1276.213,mp_oct
46,1276.5134,mp_oct
46,1276.8136,mp_oct
46,1277.114,mp_oct
43,1277.4143,mp_oct
43,1277.7147,mp_oct
43,1278.015,mp_oct
43,1278.3153,mp_oct
43,1278.6156,mp_oct
43,1278.9159,mp_oct
8,1279.2163,mp_oct
29,1279.5166,mp_oct
29,1279.8169,mp_oct
35,1280.4232,mp_oct
35,1280.7179,mp_oct
35,1281.0182,mp_oct
15,1281.3186,mp_oct
15,1281.6189,mp_oct
35,1281.9192,mp_oct
35,1282.2196,mp_oct
35,1282.5199,mp_oct
35,1282.8202,mp_oct
35,1283.1206,mp_oct
35,1283.4209,mp_oct
26,1283.7212,mp_oct
35,1284.0215,mp_oct
35,1284.3219,mp_oct
44,1284.6223,mp_oct
26,1284.9225,mp_oct
26,1285.2229,mp_oct
35,1285.5232,mp_oct
35,1285.8235,mp_oct
35,1286.1239,mp_oct
35,1286.4242,mp_oct
35,1286.7245,mp_oct
35,1287.0248,mp_oct
35,1287.3252,mp_oct
35,1287.6255,mp_oct
35,1287.9258,mp_oct
26,1288.2261,mp_oct
35,1288.5265,mp_oct
35,1288.8268,mp_oct
35,1289.1272,mp_oct
35,1289.4275,mp_oct
35,1289.7278,mp_oct
35,1290.0281,mp_oct
35,1290.6288,mp_oct
26,1290.9291,mp_oct
35,1291.2294,mp_oct
35,1291.5298,mp_oct
43,1291.8301,mp_oct
29,1292.1304,mp_oct
43,1292.4307,mp_oct
8,1292.7311,mp_oct
8,1293.0314,mp_oct
43,1293.3318,mp_oct
29,1293.6321,mp_oct
8,1293.9324,mp_oct
43,1294.2327,mp_oct
46,1294.5331,mp_oct
8,1294.8333,mp_oct
5,1295.1337,mp_oct
46,1295.4341,mp_oct
35,1295.7344,mp_oct
35,1296.0347,mp_oct
35,1296.335,mp_oct
26,1296.6354,mp_oct
2,1296.9357,mp_oct
26,1297.2361,mp_oct
35,1297.5364,mp_oct
32,1297.8367,mp_oct
46,1298.137,mp_oct
2,1298.4373,mp_oct
47,1298.7377,mp_oct
35,1299.038,mp_oct
34,1299.3383,mp_oct
6,1299.6387,mp_oct
35,1299.939,mp_oct
35,1300.2393,mp_oct
5,1300.5396,mp_oct
35,1300.84,mp_oct
46,1301.1403,mp_oct
5,1301.4406,mp_oct
50,1301.7409,mp_oct
6,1302.0413,mp_oct
35,1302.3416,mp_oct
26,1302.642,mp_oct
26,1302.9422,mp_oct
35,1303.2426,mp_oct
35,1303.5429,mp_oct
6,1303.8433,mp_oct
45,1304.1436,mp_oct
34,1304.4439,mp_oct
8,1304.7442,mp_oct
6,1305.0445,mp_oct
45,1305.3449,mp_oct
5,1305.6452,mp_oct
43,1305.9455,mp_oct
3,1306.2459,mp_oct
3,1306.5462,mp_oct
46,1306.8465,mp_oct
5,1307.1468,mp_oct
34,1307.4472,mp_oct
6,1307.7475,mp_oct
3,1308.0478,mp_oct
43,1308.3482,mp_oct
8,1308.6485,mp_oct
43,1308.9488,mp_oct
8,1309.2492,mp_oct
32,1309.5495,mp_oct
29,1309.8498,mp_oct
1,1310.1502,mp_oct
34,1310.4505,mp_oct
2,1310.7508,mp_oct
26,1311.0512,mp_oct
26,1311.3515,mp_oct
29,1311.6518,mp_oct
32,1311.9521,mp_oct
32,1312.2525,mp_oct
32,1312.5528,mp_oct
29,1312.8532,mp_oct
32,1313.1535,mp_oct
32,1313.4538,mp_oct
32,1313.7541,mp_oct
32,1314.0545,mp_oct
32,1314.3548,mp_oct
32,1314.6551,mp_oct
46,1314.9554,mp_oct
46,1315.2557,mp_oct
46,1315.5561,mp_oct
43,1315.8564,mp_oct
43,1316.1567,mp_oct
43,1316.4571,mp_oct
5,1316.7574,mp_oct
3,1317.0577,mp_oct
3,1317.358,mp_oct
4,1317.6583,mp_oct
8,1317.9587,mp_oct
46,1318.259,mp_oct
46,1318.5594,mp_oct
43,1318.8597,mp_oct
35,1319.1601,mp_oct
35,1319.4604,mp_oct
35,1319.7607,mp_oct
32,1320.061,mp_oct
32,1320.3613,mp_oct
9,1320.6617,mp_oct
4,1320.962,mp_oct
47,1321.2623,mp_oct
47,1321.5627,mp_oct
3,1321.863,mp_oct
3,1322.1633,mp_oct
3,1322.4636,mp_oct
3,1322.7639,mp_oct
9,1323.0643,mp_oct
9,1323.3647,mp_oct
9,1323.665,mp_oct
9,1323.9653,mp_oct
3,1324.2656,mp_oct
3,1324.566,mp_oct
3,1324.8663,mp_oct
4,1325.1666,mp_oct
4,1325.4669,mp_oct
9,1325.7672,mp_oct
32,1326.0676,mp_oct
27,1326.3679,mp_oct
27,1326.6683,mp_oct
27,1326.9686,mp_oct
27,1327.269,mp_oct
27,1327.5692,mp_oct
44,1327.8696,mp_oct
32,1328.1699,mp_oct
39,1328.4702,mp_oct
7,1328.7706,mp_oct
7,1329.0709,mp_oct
7,1329.3712,mp_oct
7,1329.6716,mp_oct
7,1329.9718,mp_oct
7,1330.2722,mp_oct
7,1330.5725,mp_oct
39,1330.8728,mp_oct
7,1331.1732,mp_oct
7,1331.4735,mp_oct
7,1331.7739,mp_oct
7,1332.0742,mp_oct
7,1332.3745,mp_oct
39,1332.6748,mp_oct
39,1332.9752,mp_oct
39,1333.2755,mp_oct
39,1333.5758,mp_oct
7,1333.8762,mp_oct
7,1334.1765,mp_oct
7,1334.4768,mp_oct
7,1334.7771,mp_oct
7,1335.0774,mp_oct
7,1335.3778,mp_oct
39,1335.6781,mp_oct
39,1335.9785,mp_oct
7,1336.2788,mp_oct
7,1336.5791,mp_oct
7,1336.8794,mp_oct
7,1337.1798,mp_oct
7,1337.4801,mp_oct
7,1337.7804,mp_oct
7,1338.0808,mp_oct
7,1338.3811,mp_oct
7,1338.6814,mp_oct
7,1338.9817,mp_oct
9,1339.2821,mp_oct
3,1339.5824,mp_oct
3,1339.8827,mp_oct
3,1340.183,mp_oct
43,1340.4834,mp_oct
43,1340.7837,mp_oct
43,1341.084,mp_oct
43,1341.3844,mp_oct
43,1341.6847,mp_oct
43,1341.985,mp_oct
43,1342.2853,mp_oct
43,1342.5856,mp_oct
8,1342.886,mp_oct
43,1343.1863,mp_oct
43,1343.4866,mp_oct
43,1343.787,mp_oct
43,1344.0873,mp_oct
34,1344.3876,mp_oct
41,1344.688,mp_oct
5,1344.9883,mp_oct
43,1345.2886,mp_oct
46,1345.589,mp_oct
46,1345.8892,mp_oct
43,1346.1896,mp_oct
25,1346.4899,mp_oct
43,1346.7902,mp_oct
43,1347.0906,mp_oct
43,1347.3909,mp_oct
43,1347.6912,mp_oct
43,1347.9916,mp_oct
43,1348.2918,mp_oct
43,1348.5922,mp_oct
43,1348.8925,mp_oct
43,1349.1929,mp_oct
43,1349.4988,mp_oct
43,1349.7935,mp_oct
46,1350.0888,mp_oct
46,1350.3892,mp_oct
3,1350.6895,mp_oct
46,1350.9898,mp_oct
8,1351.2901,mp_oct
5,1351.5905,mp_oct
43,1351.8908,mp_oct
8,1352.1912,mp_oct
34,1352.4915,mp_oct
43,1352.7918,mp_oct
8,1353.0921,mp_oct
43,1353.3924,mp_oct
8,1353.6928,mp_oct
46,1353.9932,mp_oct
29,1354.2935,mp_oct
29,1354.5938,mp_oct
43,1354.8941,mp_oct
43,1355.1944,mp_oct
8,1355.4948,mp_oct
43,1355.7951,mp_oct
43,1356.0954,mp_oct
29,1356.3957,mp_oct
9,1356.6961,mp_oct
7,1356.9964,mp_oct
7,1357.2967,mp_oct
7,1357.5971,mp_oct
7,1357.8974,mp_oct
7,1358.1977,mp_oct
7,1358.5006,mp_oct
7,1358.7984,mp_oct
7,1359.0987,mp_oct
7,1359.399,mp_oct
7,1359.6994,mp_oct
7,1359.9997,mp_oct
7,1360.3,mp_oct
7,1360.6004,mp_oct
7,1360.9007,mp_oct
7,1361.201,mp_oct
7,1361.5013,mp_oct
39,1361.8017,mp_oct
32,1362.102,mp_oct
32,1362.4023,mp_oct
48,1362.7027,mp_oct
36,1363.003,mp_oct
36,1363.3033,mp_oct
48,1363.6036,mp_oct
48,1363.9039,mp_oct
1,1364.2043,mp_oct
1,1364.5046,mp_oct
48,1364.8049,mp_oct
48,1365.1053,mp_oct
48,1365.4056,mp_oct
39,1365.706,mp_oct
32,1366.0063,mp_oct
48,1366.3066,mp_oct
36,1366.607,mp_oct
30,1366.9072,mp_oct
32,1367.2076,mp_oct
39,1367.5079,mp_oct
7,1367.8082,mp_oct
1,1368.1086,mp_oct
7,1368.4089,mp_oct
39,1368.7092,mp_oct
39,1369.0096,mp_oct
39,1369.3099,mp_oct
39,1369.6103,mp_oct
39,1369.9106,mp_oct
39,1370.2109,mp_oct
39,1370.5112,mp_oct
39,1370.8116,mp_oct
1,1371.1119,mp_oct
39,1371.4122,mp_oct
7,1371.7126,mp_oct
7,1372.0129,mp_oct
7,1372.3132,mp_oct
7,1372.6136,mp_oct
7,1372.9139,mp_oct
7,1373.2142,mp_oct
7,1373.5145,mp_oct
7,1373.8148,mp_oct
7,1374.1151,mp_oct
7,1374.4155,mp_oct
7,1374.7158,mp_oct
7,1375.0161,mp_oct
31,1375.3165,mp_oct
31,1375.6169,mp_oct
36,1375.9172,mp_oct
36,1376.2175,mp_oct
36,1376.5178,mp_oct
36,1376.8181,mp_oct
7,1377.1185,mp_oct
7,1377.4188,mp_oct
7,1377.7191,mp_oct
7,1378.0195,mp_oct
7,1378.3198,mp_oct
7,1378.6202,mp_oct
32,1378.9205,mp_oct
32,1379.2208,mp_oct
29,1379.5211,mp_oct
46,1379.8215,mp_oct
5,1380.1218,mp_oct
8,1380.4221,mp_oct
6,1380.7225,mp_oct
6,1381.0228,mp_oct
34,1381.3231,mp_oct
6,1381.6234,mp_oct
8,1381.9237,mp_oct
34,1382.2241,mp_oct
6,1382.5244,mp_oct
30,1382.8247,mp_oct
2,1383.1251,mp_oct
34,1383.4254,mp_oct
6,1383.7258,mp_oct
5,1384.0261,mp_oct
43,1384.3264,mp_oct
43,1384.6267,mp_oct
34,1384.927,mp_oct
2,1385.2273,mp_oct
47,1385.5277,mp_oct
28,1385.828,mp_oct
30,1386.1284,mp_oct
29,1386.4287,mp_oct
34,1386.729,mp_oct
2,1387.0293,mp_oct
2,1387.3297,mp_oct
2,1387.63,mp_oct
50,1387.9303,mp_oct
2,1388.2307,mp_oct
50,1388.531,mp_oct
1,1388.8313,mp_oct
50,1389.1316,mp_oct
38,1389.432,mp_oct
50,1389.7322,mp_oct
30,1390.0327,mp_oct
46,1390.333,mp_oct
46,1390.6333,mp_oct
8,1390.9336,mp_oct
43,1391.234,mp_oct
5,1391.5343,mp_oct
34,1391.8346,mp_oct
34,1392.1349,mp_oct
41,1392.4353,mp_oct
34,1392.7356,mp_oct
6,1393.0359,mp_oct
8,1393.3363,mp_oct
5,1393.6366,mp_oct
8,1393.9369,mp_oct
45,1394.2372,mp_oct
6,1394.5376,mp_oct
6,1394.8379,mp_oct
6,1395.1382,mp_oct
34,1395.4386,mp_oct
34,1395.7389,mp_oct
45,1396.0392,mp_oct
6,1396.3396,mp_oct
8,1396.6399,mp_oct
8,1396.9402,mp_oct
6,1397.2405,mp_oct
45,1397.5409,mp_oct
34,1397.8412,mp_oct
34,1398.1415,mp_oct
34,1398.4419,mp_oct
5,1398.7422,mp_oct
43,1399.0425,mp_oct
43,1399.3429,mp_oct
6,1399.6432,mp_oct
41,1399.9436,mp_oct
41,1400.2438,mp_oct
41,1400.5442,mp_oct
6,1400.8445,mp_oct
45,1401.1448,mp_oct
6,1401.4452,mp_oct
43,1401.7455,mp_oct
35,1402.0458,mp_oct
44,1402.3461,mp_oct
26,1402.6465,mp_oct
30,1402.9468,mp_oct
30,1403.2471,mp_oct
49,1403.5475,mp_oct
49,1403.8478,mp_oct
32,1404.1482,mp_oct
32,1404.4484,mp_oct
48,1404.7488,mp_oct
29,1405.0491,mp_oct
1,1405.3494,mp_oct
1,1405.6497,mp_oct
1,1405.95,mp_oct
36,1406.2504,mp_oct
36,1406.5508,mp_oct
36,1406.8511,mp_oct
1,1407.1514,mp_oct
48,1407.4517,mp_oct
1,1407.7521,mp_oct
1,1408.0524,mp_oct
39,1408.3528,mp_oct
30,1408.6531,mp_oct
1,1408.9534,mp_oct
36,1409.2537,mp_oct
30,1409.554,mp_oct
1,1409.8544,mp_oct
2,1410.1547,mp_oct
36,1410.4551,mp_oct
1,1410.7554,mp_oct
1,1411.0557,mp_oct
1,1411.356,mp_oct
36,1411.6563,mp_oct
30,1411.9567,mp_oct
29,1412.257,mp_oct
29,1412.5573,mp_oct
32,1412.8576,mp_oct
32,1413.158,mp_oct
32,1413.4583,mp_oct
48,1413.7586,mp_oct
30,1414.059,mp_oct
1,1414.3593,mp_oct
30,1414.6596,mp_oct
30,1414.9599,mp_oct
32,1415.2603,mp_oct
1,1415.5606,mp_oct
48,1415.861,mp_oct
1,1416.1613,mp_oct
1,1416.4617,mp_oct
48,1416.762,mp_oct
36,1417.0623,mp_oct
36,1417.3626,mp_oct
1,1417.6629,mp_oct
30,1417.9633,mp_oct
1,1418.2636,mp_oct
36,1418.5639,mp_oct
30,1418.8643,mp_oct
30,1419.1646,mp_oct
30,1419.4649,mp_oct
1,1419.7652,mp_oct
29,1420.0656,mp_oct
48,1420.3659,mp_oct
29,1420.6662,mp_oct
29,1420.9665,mp_oct
1,1421.2669,mp_oct
36,1421.5673,mp_oct
48,1421.8675,mp_oct
2,1422.1679,mp_oct
5,1422.4682,mp_oct
2,1422.7685,mp_oct
50,1423.0688,mp_oct
30,1423.3692,mp_oct
28,1423.6695,mp_oct
2,1423.9699,mp_oct
29,1424.2701,mp_oct
34,1424.5705,mp_oct
38,1424.8708,mp_oct
2,1425.1711,mp_oct
47,1425.4714,mp_oct
30,1425.7717,mp_oct
30,1426.0721,mp_oct
5,1426.3725,mp_oct
34,1426.6728,mp_oct
50,1426.9732,mp_oct
34,1427.2734,mp_oct
5,1427.5737,mp_oct
45,1427.8741,mp_oct
41,1428.1744,mp_oct
34,1428.4747,mp_oct
2,1428.7751,mp_oct
45,1429.0754,mp_oct
41,1429.3758,mp_oct
6,1429.6761,mp_oct
45,1429.9764,mp_oct
6,1430.2767,mp_oct
45,1430.5771,mp_oct
34,1430.8774,mp_oct
2,1431.1777,mp_oct
46,1431.4781,mp_oct
26,1431.7784,mp_oct
2,1432.0787,mp_oct
28,1432.3791,mp_oct
30,1432.6793,mp_oct
47,1432.9797,mp_oct
45,1433.2801,mp_oct
41,1433.5804,mp_oct
41,1433.8807,mp_oct
41,1434.181,mp_oct
45,1434.4813,mp_oct
46,1434.7817,mp_oct
46,1435.082,mp_oct
8,1435.3823,mp_oct
34,1435.6826,mp_oct
8,1435.983,mp_oct
43,1436.2833,mp_oct
43,1436.5836,mp_oct
34,1436.884,mp_oct
41,1437.1843,mp_oct
11,1437.4847,mp_oct
42,1437.7849,mp_oct
6,1438.0853,mp_oct
34,1438.3856,mp_oct
34,1438.686,mp_oct
43,1438.9863,mp_oct
8,1439.2867,mp_oct
43,1439.5869,mp_oct
12,1439.8873,mp_oct
17,1440.1876,mp_oct
12,1440.4879,mp_oct
43,1440.7883,mp_oct
46,1441.0885,mp_oct
32,1441.3889,mp_oct
4,1441.6892,mp_oct
34,1441.9896,mp_oct
2,1442.2899,mp_oct
30,1442.5902,mp_oct
46,1442.8905,mp_oct
29,1443.1909,mp_oct
32,1443.4912,mp_oct
32,1443.7916,mp_oct
32,1444.0919,mp_oct
32,1444.3923,mp_oct
32,1444.6925,mp_oct
32,1444.9928,mp_oct
32,1445.2932,mp_oct
32,1445.5935,mp_oct
32,1445.8939,mp_oct
32,1446.1941,mp_oct
32,1446.4945,mp_oct
32,1446.7948,mp_oct
32,1447.0952,mp_oct
46,1447.3955,mp_oct
32,1447.6959,mp_oct
32,1447.9961,mp_oct
32,1448.2965,mp_oct
32,1448.5968,mp_oct
32,1448.8971,mp_oct
32,1449.1975,mp_oct
29,1449.4978,mp_oct
29,1449.7981,mp_oct
38,1450.0985,mp_oct
49,1450.3988,mp_oct
49,1450.6991,mp_oct
29,1450.9995,mp_oct
32,1451.2998,mp_oct
1,1451.6001,mp_oct
2,1451.9004,mp_oct
29,1452.2008,mp_oct
32,1452.5012,mp_oct
32,1452.8014,mp_oct
48,1453.1018,mp_oct
32,1453.4021,mp_oct
32,1453.7024,mp_oct
32,1454.0028,mp_oct
32,1454.3031,mp_oct
32,1454.6033,mp_oct
32,1454.9037,mp_oct
48,1455.2041,mp_oct
48,1455.5044,mp_oct
39,1455.8047,mp_oct
1,1456.105,mp_oct
1,1456.4053,mp_oct
30,1456.7057,mp_oct
48,1457.0061,mp_oct
32,1457.3063,mp_oct
48,1457.6067,mp_oct
48,1457.907,mp_oct
39,1458.2073,mp_oct
1,1458.5077,mp_oct
30,1458.808,mp_oct
1,1459.1084,mp_oct
39,1459.4086,mp_oct
32,1459.709,mp_oct
32,1460.0093,mp_oct
48,1460.3097,mp_oct
29,1460.61,mp_oct
1,1460.9103,mp_oct
32,1461.2106,mp_oct
1,1461.511,mp_oct
32,1461.8113,mp_oct
48,1462.1116,mp_oct
32,1462.412,mp_oct
1,1462.7123,mp_oct
1,1463.0127,mp_oct
32,1463.313,mp_oct
48,1463.6132,mp_oct
30,1463.9136,mp_oct
49,1464.2139,mp_oct
49,1464.5143,mp_oct
1,1464.8146,mp_oct
32,1465.1149,mp_oct
48,1465.4152,mp_oct
49,1465.7156,mp_oct
49,1466.0159,mp_oct
2,1466.3162,mp_oct
49,1466.6166,mp_oct
49,1466.9169,mp_oct
49,1467.2172,mp_oct
49,1467.5175,mp_oct
30,1467.8179,mp_oct
32,1468.1182,mp_oct
32,1468.4186,mp_oct
1,1468.7189,mp_oct
30,1469.0192,mp_oct
1,1469.3196,mp_oct
32,1469.6198,mp_oct
39,1469.9202,mp_oct
27,1470.2205,mp_oct
27,1470.5209,mp_oct
27,1470.8212,mp_oct
44,1471.1215,mp_oct
32,1471.4218,mp_oct
48,1471.7221,mp_oct
48,1472.0225,mp_oct
32,1472.3229,mp_oct
32,1472.6231,mp_oct
32,1472.9235,mp_oct
48,1473.2239,mp_oct
27,1473.5242,mp_oct
27,1473.8245,mp_oct
33,1474.1248,mp_oct
30,1474.4252,mp_oct
37,1474.7254,mp_oct
32,1475.0259,mp_oct
48,1475.3261,mp_oct
48,1475.6264,mp_oct
1,1475.9268,mp_oct
36,1476.2271,mp_oct
39,1476.5274,mp_oct
7,1476.8278,mp_oct
7,1477.1281,mp_oct
30,1477.4284,mp_oct
30,1477.7288,mp_oct
49,1478.0291,mp_oct
49,1478.3295,mp_oct
30,1478.6297,mp_oct
48,1478.9301,mp_oct
48,1479.2304,mp_oct
30,1479.5308,mp_oct
30,1479.831,mp_oct
49,1480.1314,mp_oct
40,1480.4317,mp_oct
49,1480.7321,mp_oct
49,1481.0324,mp_oct
49,1481.3327,mp_oct
49,1481.633,mp_oct
30,1481.9334,mp_oct
32,1482.2337,mp_oct
32,1482.534,mp_oct
39,1482.8344,mp_oct
36,1483.1347,mp_oct
36,1483.4351,mp_oct
40,1483.7354,mp_oct
37,1484.0357,mp_oct
33,1484.3361,mp_oct
33,1484.6364,mp_oct
37,1484.9367,mp_oct
33,1485.237,mp_oct
33,1485.5374,mp_oct
33,1485.8377,mp_oct
44,1486.138,mp_oct
33,1486.4384,mp_oct
32,1486.7387,mp_oct
48,1487.039,mp_oct
30,1487.3394,mp_oct
49,1487.6397,mp_oct
37,1487.94,mp_oct
32,1488.2404,mp_oct
48,1488.5406,mp_oct
32,1488.846,mp_oct
39,1489.1413,mp_oct
48,1489.4417,mp_oct
39,1489.742,mp_oct
36,1490.0423,mp_oct
30,1490.3426,mp_oct
49,1490.643,mp_oct
36,1490.9433,mp_oct
31,1491.2436,mp_oct
49,1491.544,mp_oct
49,1491.8443,mp_oct
2,1492.1447,mp_oct
49,1492.445,mp_oct
50,1492.7452,mp_oct
40,1493.0456,mp_oct
48,1493.3459,mp_oct
30,1493.6462,mp_oct
49,1493.9467,mp_oct
49,1494.247,mp_oct
37,1494.5472,mp_oct
48,1494.8476,mp_oct
32,1495.148,mp_oct
48,1495.4483,mp_oct
30,1495.7486,mp_oct
48,1496.0489,mp_oct
48,1496.3493,mp_oct
48,1496.6496,mp_oct
30,1496.9499,mp_oct
30,1497.2503,mp_oct
37,1497.5506,mp_oct
30,1497.8509,mp_oct
49,1498.1513,mp_oct
2,1498.4516,mp_oct
1,1498.7519,mp_oct
49,1499.0522,mp_oct
2,1499.3526,mp_oct
49,1499.6529,mp_oct
49,1499.9532,mp_oct
2,1500.2535,mp_oct
2,1500.5539,mp_oct
2,1500.8543,mp_oct
45,1501.1546,mp_oct
29,1501.4549,mp_oct
46,1501.7552,mp_oct
29,1502.0555,mp_oct
1,1502.3559,mp_oct
30,1502.6562,mp_oct
2,1502.9566,mp_oct
50,1503.2569,mp_oct
49,1503.5572,mp_oct
38,1503.8575,mp_oct
2,1504.1579,mp_oct
49,1504.4582,mp_oct
30,1504.7586,mp_oct
29,1505.0589,mp_oct
32,1505.3592,mp_oct
48,1505.6595,mp_oct
2,1505.9598,mp_oct
37,1506.2602,mp_oct
49,1506.5605,mp_oct
40,1506.8608,mp_oct
40,1507.1612,mp_oct
49,1507.4615,mp_oct
38,1507.7618,mp_oct
29,1508.0621,mp_oct
1,1508.3625,mp_oct
49,1508.6629,mp_oct
34,1508.9632,mp_oct
29,1509.2635,mp_oct
48,1509.5638,mp_oct
48,1509.8641,mp_oct
49,1510.1645,mp_oct
50,1510.4648,mp_oct
50,1510.7652,mp_oct
50,1511.0655,mp_oct
50,1511.3658,mp_oct
2,1511.6661,mp_oct
50,1511.9665,mp_oct
50,1512.2668,mp_oct
50,1512.5671,mp_oct
50,1512.8675,mp_oct
2,1513.1678,mp_oct
34,1513.4682,mp_oct
34,1513.7685,mp_oct
4,1514.0688,mp_oct
46,1514.3691,mp_oct
32,1514.6695,mp_oct
48,1514.9698,mp_oct
33,1515.2701,mp_oct
40,1515.5704,mp_oct
37,1515.8708,mp_oct
40,1516.1711,mp_oct
40,1516.4715,mp_oct
40,1516.7718,mp_oct
38,1517.0721,mp_oct
44,1517.3724,mp_oct
26,1517.6728,mp_oct
38,1517.9731,mp_oct
28,1518.2734,mp_oct
50,1518.5738,mp_oct
28,1518.8741,mp_oct
28,1519.1744,mp_oct
38,1519.4747,mp_oct
44,1519.775,mp_oct
44,1520.0754,mp_oct
27,1520.3757,mp_oct
27,1520.6761,mp_oct
27,1520.9764,mp_oct
27,1521.2767,mp_oct
36,1521.5771,mp_oct
36,1521.8774,mp_oct
39,1522.1777,mp_oct
39,1522.4781,mp_oct
32,1522.7785,mp_oct
29,1523.0787,mp_oct
9,1523.379,mp_oct
2,1523.6794,mp_oct
50,1523.9797,mp_oct
50,1524.2801,mp_oct
2,1524.5803,mp_oct
29,1524.8807,mp_oct
32,1525.181,mp_oct
1,1525.4813,mp_oct
30,1525.7817,mp_oct
49,1526.082,mp_oct
49,1526.3824,mp_oct
1,1526.6827,mp_oct
36,1526.983,mp_oct
36,1527.2834,mp_oct
30,1527.5837,mp_oct
1,1527.884,mp_oct
48,1528.1844,mp_oct
46,1528.4846,mp_oct
32,1528.7849,mp_oct
32,1529.0853,mp_oct
32,1529.3857,mp_oct
30,1529.686,mp_oct
37,1529.9863,mp_oct
49,1530.2867,mp_oct
30,1530.587,mp_oct
30,1530.8874,mp_oct
37,1531.1876,mp_oct
49,1531.488,mp_oct
49,1531.7884,mp_oct
37,1532.0886,mp_oct
33,1532.389,mp_oct
33,1532.6893,mp_oct
33,1532.9897,mp_oct
37,1533.29,mp_oct
38,1533.5903,mp_oct
33,1533.8907,mp_oct
48,1534.1909,mp_oct
36,1534.4913,mp_oct
1,1534.7916,mp_oct
39,1535.092,mp_oct
32,1535.3923,mp_oct
32,1535.6926,mp_oct
44,1535.993,mp_oct
44,1536.2933,mp_oct
44,1536.5936,mp_oct
26,1536.894,mp_oct
30,1537.1943,mp_oct
49,1537.4946,mp_oct
49,1537.7949,mp_oct
50,1538.0961,mp_oct
49,1538.3956,mp_oct
50,1538.696,mp_oct
50,1538.9963,mp_oct
50,1539.2965,mp_oct
2,1539.597,mp_oct
50,1539.8972,mp_oct
50,1540.1976,mp_oct
50,1540.4979,mp_oct
40,1540.7982,mp_oct
28,1541.0986,mp_oct
28,1541.3989,mp_oct
40,1541.6992,mp_oct
28,1541.9995,mp_oct
28,1542.2999,mp_oct
50,1542.6002,mp_oct
29,1542.9006,mp_oct
46,1543.2009,mp_oct
32,1543.8015,mp_oct
9,1544.1069,mp_oct
9,1544.4022,mp_oct
9,1544.7026,mp_oct
3,1545.0029,mp_oct
3,1545.3032,mp_oct
3,1545.6035,mp_oct
43,1545.9039,mp_oct
43,1546.2042,mp_oct
5,1546.5045,mp_oct
8,1546.8048,mp_oct
6,1547.106,mp_oct
41,1547.4055,mp_oct
6,1547.7059,mp_oct
19,1548.0062,mp_oct
43,1548.3065,mp_oct
43,1548.6068,mp_oct
8,1548.9072,mp_oct
45,1549.2075,mp_oct
8,1549.5078,mp_oct
8,1549.8082,mp_oct
43,1550.1085,mp_oct
43,1550.4088,mp_oct
43,1550.7092,mp_oct
43,1551.0095,mp_oct
43,1551.3098,mp_oct
46,1551.6101,mp_oct
4,1551.9105,mp_oct
34,1552.2108,mp_oct
45,1552.5111,mp_oct
34,1552.8115,mp_oct
5,1553.1119,mp_oct
29,1553.4122,mp_oct
29,1553.7124,mp_oct
29,1554.0128,mp_oct
46,1554.3132,mp_oct
29,1554.6134,mp_oct
5,1554.9138,mp_oct
30,1555.2141,mp_oct
29,1555.5145,mp_oct
34,1555.8148,mp_oct
47,1556.1151,mp_oct
2,1556.4155,mp_oct
50,1556.7158,mp_oct
49,1557.0161,mp_oct
31,1557.3165,mp_oct
45,1557.6168,mp_oct
50,1557.9171,mp_oct
50,1558.2174,mp_oct
50,1558.5177,mp_oct
50,1558.818,mp_oct
50,1559.1184,mp_oct
2,1559.4187,mp_oct
5,1559.7191,mp_oct
47,1560.0194,mp_oct
50,1560.3197,mp_oct
2,1560.6201,mp_oct
2,1560.9204,mp_oct
2,1561.2207,mp_oct
50,1561.521,mp_oct
2,1561.8214,mp_oct
50,1562.1217,mp_oct
45,1562.422,mp_oct
34,1562.7224,mp_oct
45,1563.0228,mp_oct
45,1563.3231,mp_oct
45,1563.6234,mp_oct
34,1563.9237,mp_oct
43,1564.2241,mp_oct
29,1564.5244,mp_oct
2,1564.8247,mp_oct
29,1565.1251,mp_oct
32,1565.4254,mp_oct
1,1565.7257,mp_oct
36,1566.026,mp_oct
30,1566.3264,mp_oct
49,1566.6267,mp_oct
49,1566.927,mp_oct
49,1567.2274,mp_oct
49,1567.5276,mp_oct
50,1567.828,mp_oct
50,1568.1284,mp_oct
50,1568.4287,mp_oct
2,1568.729,mp_oct
28,1569.0293,mp_oct
5,1569.3297,mp_oct
29,1569.63,mp_oct
43,1569.9304,mp_oct
46,1570.2306,mp_oct
43,1570.531,mp_oct
43,1570.8314,mp_oct
3,1571.1422,mp_oct
9,1572.333,mp_oct
2,1572.9337,mp_oct
29,1573.234,mp_oct
43,1574.4353,mp_oct
46,1574.7365,mp_oct
29,1575.036,mp_oct
8,1575.3363,mp_oct
43,1575.6366,mp_oct
19,1575.937,mp_oct
45,1576.2373,mp_oct
11,1576.5376,mp_oct
10,1576.838,mp_oct
45,1577.1382,mp_oct
34,1577.4386,mp_oct
43,1577.7389,mp_oct
8,1578.0393,mp_oct
8,1578.3396,mp_oct
8,1578.6399,mp_oct
43,1578.9402,mp_oct
8,1579.2406,mp_oct
46,1579.5409,mp_oct
29,1579.8413,mp_oct
6,1580.1416,mp_oct
45,1580.442,mp_oct
6,1580.7423,mp_oct
5,1581.0426,mp_oct
43,1581.3429,mp_oct
8,1581.6432,mp_oct
8,1581.9436,mp_oct
43,1582.2439,mp_oct
5,1582.5442,mp_oct
6,1582.8446,mp_oct
41,1583.1449,mp_oct
6,1583.4452,mp_oct
43,1583.7456,mp_oct
43,1584.0459,mp_oct
43,1584.3463,mp_oct
24,1584.6466,mp_oct
35,1584.9469,mp_oct
43,1585.2472,mp_oct
25,1585.5526,mp_oct
3,1585.8479,mp_oct
25,1586.1482,mp_oct
25,1586.4485,mp_oct
24,1586.7497,mp_oct
43,1587.0492,mp_oct
43,1587.3495,mp_oct
43,1587.6499,mp_oct
25,1587.9502,mp_oct
8,1588.2505,mp_oct
43,1588.5509,mp_oct
25,1588.8512,mp_oct
25,1589.1515,mp_oct
25,1589.4518,mp_oct
25,1589.7522,mp_oct
25,1590.0525,mp_oct
25,1590.3529,mp_oct
25,1590.6532,mp_oct
25,1590.9535,mp_oct
25,1591.2539,mp_oct
25,1591.5542,mp_oct
25,1591.8545,mp_oct
25,1592.1548,mp_oct
25,1592.4552,mp_oct
25,1592.7555,mp_oct
25,1593.0558,mp_oct
25,1593.3561,mp_oct
25,1593.6565,mp_oct
25,1593.9568,mp_oct
25,1594.2571,mp_oct
25,1594.5575,mp_oct
24,1594.8578,mp_oct
43,1595.1581,mp_oct
43,1595.4584,mp_oct
43,1595.7588,mp_oct
35,1596.0592,mp_oct
33,1596.3594,mp_oct
44,1596.6598,mp_oct
48,1596.9601,mp_oct
30,1597.2604,mp_oct
30,1597.5607,mp_oct
49,1597.8611,mp_oct
37,1598.1614,mp_oct
37,1598.4618,mp_oct
26,1598.7621,mp_oct
44,1599.0624,mp_oct
48,1599.3628,mp_oct
30,1599.6631,mp_oct
49,1599.9635,mp_oct
28,1600.2637,mp_oct
28,1600.5641,mp_oct
28,1600.8644,mp_oct
38,1601.1647,mp_oct
26,1601.465,mp_oct
38,1601.7654,mp_oct
35,1602.0657,mp_oct
46,1602.366,mp_oct
43,1602.6664,mp_oct
1,1602.9667,mp_oct
45,1603.267,mp_oct
50,1603.5674,mp_oct
40,1603.8676,mp_oct
38,1604.1681,mp_oct
28,1604.4684,mp_oct
28,1604.7687,mp_oct
40,1605.069,mp_oct
28,1605.3694,mp_oct
40,1605.6697,mp_oct
40,1605.97,mp_oct
28,1606.2703,mp_oct
11,1606.5707,mp_oct
6,1606.8709,mp_oct
35,1607.1713,mp_oct
35,1607.4717,mp_oct
46,1607.772,mp_oct
32,1608.0723,mp_oct
48,1608.3727,mp_oct
48,1608.673,mp_oct
39,1608.9733,mp_oct
32,1609.2737,mp_oct
32,1609.574,mp_oct
32,1609.8743,mp_oct
32,1610.1747,mp_oct
32,1610.4749,mp_oct
32,1610.7753,mp_oct
32,1611.0756,mp_oct
30,1611.376,mp_oct
2,1611.6772,mp_oct
30,1611.9767,mp_oct
29,1612.277,mp_oct
5,1612.5773,mp_oct
2,1612.8776,mp_oct
29,1613.178,mp_oct
46,1613.4782,mp_oct
29,1613.7786,mp_oct
1,1614.0789,mp_oct
48,1614.3793,mp_oct
1,1614.6796,mp_oct
48,1614.9799,mp_oct
36,1615.2803,mp_oct
48,1615.5806,mp_oct
1,1615.8809,mp_oct
29,1616.1821,mp_oct
46,1616.4815,mp_oct
8,1616.7819,mp_oct
46,1617.0822,mp_oct
8,1617.3825,mp_oct
5,1617.6829,mp_oct
5,1617.9832,mp_oct
8,1618.2836,mp_oct
6,1618.5838,mp_oct
41,1618.8842,mp_oct
41,1619.1845,mp_oct
34,1619.4848,mp_oct
8,1619.7852,mp_oct
45,1620.0855,mp_oct
41,1620.3859,mp_oct
6,1620.6862,mp_oct
8,1620.9865,mp_oct
35,1621.2869,mp_oct
26,1621.5872,mp_oct
26,1621.8875,mp_oct
29,1622.1879,mp_oct
32,1622.4882,mp_oct
48,1622.7885,mp_oct
1,1623.0888,mp_oct
1,1623.3892,mp_oct
1,1623.6895,mp_oct
30,1623.9899,mp_oct
1,1624.2902,mp_oct
49,1624.5905,mp_oct
49,1624.8908,mp_oct
37,1625.1912,mp_oct
37,1625.4915,mp_oct
26,1625.7919,mp_oct
26,1626.0921,mp_oct
38,1626.3925,mp_oct
50,1626.6928,mp_oct
38,1626.9932,mp_oct
50,1627.2934,mp_oct
28,1627.5938,mp_oct
28,1627.8941,mp_oct
38,1628.1945,mp_oct
29,1628.4948,mp_oct
29,1628.7951,mp_oct
1,1629.0955,mp_oct
50,1629.3959,mp_oct
34,1629.6961,mp_oct
29,1629.9964,mp_oct
29,1630.2968,mp_oct
38,1630.5972,mp_oct
30,1630.8974,mp_oct
50,1631.1977,mp_oct
2,1631.4981,mp_oct
8,1631.7984,mp_oct
45,1632.0988,mp_oct
6,1632.3991,mp_oct
45,1632.7044,mp_oct
41,1633.0048,mp_oct
45,1633.3001,mp_oct
45,1633.6004,mp_oct
6,1633.9008,mp_oct
35,1634.2012,mp_oct
35,1634.5014,mp_oct
35,1634.8018,mp_oct
26,1635.102,mp_oct
26,1635.4024,mp_oct
38,1635.7028,mp_oct
46,1636.0031,mp_oct
8,1636.3034,mp_oct
8,1636.6037,mp_oct
5,1636.9091,mp_oct
41,1637.2044,mp_oct
6,1637.5047,mp_oct
45,1637.8051,mp_oct
41,1638.1054,mp_oct
17,1638.4057,mp_oct
35,1638.7061,mp_oct
26,1639.0064,mp_oct
26,1639.3068,mp_oct
26,1639.607,mp_oct
35,1639.9074,mp_oct
26,1640.2077,mp_oct
28,1640.508,mp_oct
37,1640.8084,mp_oct
38,1641.1087,mp_oct
35,1641.4091,mp_oct
26,1641.7094,mp_oct
6,1642.0148,mp_oct
6,1642.31,mp_oct
45,1642.6104,mp_oct
41,1642.9107,mp_oct
41,1643.2111,mp_oct
34,1643.5113,mp_oct
5,1643.8117,mp_oct
45,1644.112,mp_oct
45,1644.4123,mp_oct
17,1644.7127,mp_oct
18,1645.013,mp_oct
19,1645.3134,mp_oct
43,1645.6137,mp_oct
3,1645.914,mp_oct
8,1646.2143,mp_oct
8,1646.5147,mp_oct
43,1646.815,mp_oct
8,1647.1153,mp_oct
34,1647.4156,mp_oct
41,1647.716,mp_oct
45,1648.0163,mp_oct
41,1648.3167,mp_oct
45,1648.617,mp_oct
8,1648.9173,mp_oct
8,1649.2177,mp_oct
43,1649.518,mp_oct
29,1649.8183,mp_oct
34,1650.1186,mp_oct
47,1650.419,mp_oct
2,1650.7193,mp_oct
2,1651.0196,mp_oct
50,1651.32,mp_oct
34,1651.6203,mp_oct
46,1651.9206,mp_oct
48,1652.2209,mp_oct
32,1652.5213,mp_oct
32,1652.8216,mp_oct
32,1653.122,mp_oct
32,1653.4223,mp_oct
32,1653.7227,mp_oct
29,1654.023,mp_oct
32,1654.3233,mp_oct
1,1654.6236,mp_oct
30,1654.9239,mp_oct
36,1655.2243,mp_oct
37,1655.5246,mp_oct
49,1655.825,mp_oct
1,1656.1253,mp_oct
48,1656.4256,mp_oct
48,1656.7259,mp_oct
1,1657.0262,mp_oct
1,1657.3266,mp_oct
1,1657.6269,mp_oct
1,1657.9273,mp_oct
48,1658.2276,mp_oct
48,1658.5279,mp_oct
30,1658.8282,mp_oct
32,1659.1286,mp_oct
32,1659.4289,mp_oct
48,1659.7292,mp_oct
49,1660.0295,mp_oct
49,1660.3299,mp_oct
36,1660.6303,mp_oct
32,1660.9305,mp_oct
1,1661.2309,mp_oct
30,1661.5313,mp_oct
49,1661.8316,mp_oct
49,1662.1319,mp_oct
2,1662.4322,mp_oct
2,1662.7326,mp_oct
49,1663.0329,mp_oct
2,1663.3332,mp_oct
30,1663.6385,mp_oct
29,1663.9339,mp_oct
29,1664.235,mp_oct
32,1664.5345,mp_oct
1,1664.8348,mp_oct
1,1665.1352,mp_oct
1,1665.4355,mp_oct
29,1665.7359,mp_oct
32,1666.0362,mp_oct
46,1666.3365,mp_oct
46,1666.6369,mp_oct
8,1666.9372,mp_oct
46,1667.2375,mp_oct
43,1667.5379,mp_oct
5,1667.8382,mp_oct
6,1668.1385,mp_oct
45,1668.4388,mp_oct
41,1668.7392,mp_oct
45,1669.0395,mp_oct
6,1669.3398,mp_oct
35,1669.6402,mp_oct
34,1669.9405,mp_oct
38,1670.2408,mp_oct
45,1670.5412,mp_oct
6,1670.8415,mp_oct
43,1671.1418,mp_oct
8,1671.4421,mp_oct
43,1671.7425,mp_oct
8,1672.0428,mp_oct
6,1672.3431,mp_oct
45,1672.6435,mp_oct
41,1672.9438,mp_oct
5,1673.2441,mp_oct
34,1673.5444,mp_oct
8,1673.8448,mp_oct
35,1674.1451,mp_oct
35,1674.4455,mp_oct
44,1674.7458,mp_oct
44,1675.0486,mp_oct
48,1675.6468,mp_oct
32,1675.948,mp_oct
32,1676.2475,mp_oct
48,1676.5478,mp_oct
1,1676.8481,mp_oct
32,1677.1485,mp_oct
1,1677.4487,mp_oct
29,1677.7491,mp_oct
29,1678.0495,mp_oct
47,1678.3498,mp_oct
50,1678.6501,mp_oct
28,1678.9504,mp_oct
50,1679.2508,mp_oct
50,1679.5511,mp_oct
2,1679.8514,mp_oct
28,1680.1518,mp_oct
2,1680.4521,mp_oct
46,1680.7524,mp_oct
8,1681.0528,mp_oct
5,1681.3531,mp_oct
34,1681.6534,mp_oct
34,1681.9538,mp_oct
34,1682.2541,mp_oct
46,1682.5544,mp_oct
8,1682.8547,mp_oct
5,1683.155,mp_oct
45,1683.4554,mp_oct
41,1683.7558,mp_oct
41,1684.056,mp_oct
6,1684.3564,mp_oct
28,1684.6567,mp_oct
17,1684.9571,mp_oct
42,1685.2574,mp_oct
42,1685.5577,mp_oct
42,1685.858,mp_oct
41,1686.1584,mp_oct
8,1686.4587,mp_oct
43,1686.759,mp_oct
5,1687.0593,mp_oct
43,1687.3597,mp_oct
34,1687.66,mp_oct
41,1687.9603,mp_oct
41,1688.2607,mp_oct
45,1688.561,mp_oct
5,1688.8614,mp_oct
43,1689.1617,mp_oct
8,1689.462,mp_oct
8,1689.7623,mp_oct
34,1690.0627,mp_oct
45,1690.363,mp_oct
43,1690.6633,mp_oct
46,1690.9637,mp_oct
5,1691.264,mp_oct
34,1691.5644,mp_oct
43,1691.8647,mp_oct
35,1692.165,mp_oct
35,1692.4653,mp_oct
35,1692.7657,mp_oct
5,1693.066,mp_oct
28,1693.3663,mp_oct
41,1693.6667,mp_oct
42,1693.967,mp_oct
17,1694.2673,mp_oct
19,1694.5677,mp_oct
43,1694.868,mp_oct
34,1695.1683,mp_oct
45,1695.4686,mp_oct
45,1695.7689,mp_oct
45,1696.0693,mp_oct
18,1696.3696,mp_oct
8,1696.67,mp_oct
8,1696.9703,mp_oct
5,1697.2706,mp_oct
6,1697.5709,mp_oct
3,1697.8713,mp_oct
43,1698.1716,mp_oct
43,1698.4719,mp_oct
43,1698.7723,mp_oct
8,1699.0726,mp_oct
3,1699.3729,mp_oct
3,1699.6732,mp_oct
9,1699.9736,mp_oct
3,1700.2739,mp_oct
3,1700.5743,mp_oct
4,1700.8746,mp_oct
6,1701.1749,mp_oct
41,1701.4752,mp_oct
45,1701.7756,mp_oct
6,1702.0758,mp_oct
34,1702.3762,mp_oct
43,1702.6766,mp_oct
8,1702.9769,mp_oct
35,1703.2772,mp_oct
44,1703.5776,mp_oct
33,1703.8779,mp_oct
33,1704.1782,mp_oct
37,1704.4785,mp_oct
38,1704.7789,mp_oct
35,1705.0791,mp_oct
26,1705.3796,mp_oct
17,1705.6799,mp_oct
38,1705.9802,mp_oct
35,1706.2805,mp_oct
35,1706.5809,mp_oct
35,1706.8812,mp_oct
35,1707.1815,mp_oct
6,1707.4828,mp_oct
41,1707.7822,mp_oct
45,1708.0825,mp_oct
41,1708.3828,mp_oct
6,1708.6831,mp_oct
41,1708.9835,mp_oct
6,1709.2838,mp_oct
43,1709.5842,mp_oct
43,1709.8845,mp_oct
43,1710.1848,mp_oct
43,1710.4852,mp_oct
43,1710.7855,mp_oct
43,1711.0858,mp_oct
43,1711.3861,mp_oct
8,1711.6865,mp_oct
8,1711.9868,mp_oct
5,1712.2871,mp_oct
3,1712.5874,mp_oct
9,1712.8877,mp_oct
4,1713.1881,mp_oct
29,1713.4884,mp_oct
8,1713.7888,mp_oct
38,1714.0892,mp_oct
30,1714.3895,mp_oct
28,1714.6898,mp_oct
50,1714.9901,mp_oct
2,1715.2904,mp_oct
45,1715.5908,mp_oct
6,1715.8911,mp_oct
34,1716.1914,mp_oct
45,1716.4918,mp_oct
26,1716.7921,mp_oct
13,1717.0924,mp_oct
26,1717.3927,mp_oct
6,1717.6931,mp_oct
28,1717.9934,mp_oct
19,1718.2938,mp_oct
35,1718.5941,mp_oct
35,1718.8944,mp_oct
44,1719.1948,mp_oct
32,1719.4951,mp_oct
46,1719.7954,mp_oct
5,1720.0957,mp_oct
29,1720.3961,mp_oct
29,1720.6964,mp_oct
32,1720.9967,mp_oct
32,1721.2971,mp_oct
48,1721.5974,mp_oct
29,1721.8977,mp_oct
30,1722.198,mp_oct
50,1722.4984,mp_oct
28,1722.7987,mp_oct
45,1723.099,mp_oct
46,1723.3994,mp_oct
46,1723.6996,mp_oct
46,1724.0,mp_oct
29,1724.3003,mp_oct
8,1724.6007,mp_oct
43,1724.901,mp_oct
43,1725.2013,mp_oct
43,1725.5016,mp_oct
3,1725.802,mp_oct
3,1726.1023,mp_oct
3,1726.4027,mp_oct
3,1726.703,mp_oct
43,1727.0033,mp_oct
43,1727.3037,mp_oct
34,1727.604,mp_oct
6,1727.9043,mp_oct
6,1728.2046,mp_oct
45,1728.5049,mp_oct
41,1728.8053,mp_oct
45,1729.1056,mp_oct
8,1729.406,mp_oct
34,1729.7063,mp_oct
6,1730.0066,mp_oct
41,1730.3069,mp_oct
13,1730.6073,mp_oct
8,1730.9076,mp_oct
34,1731.2079,mp_oct
3,1731.5083,mp_oct
3,1731.8086,mp_oct
43,1732.1089,mp_oct
46,1732.4093,mp_oct
43,1732.7096,mp_oct
34,1733.0099,mp_oct
34,1733.3102,mp_oct
34,1733.6106,mp_oct
43,1733.9109,mp_oct
5,1734.2112,mp_oct
43,1734.5116,mp_oct
5,1734.8119,mp_oct
45,1735.1122,mp_oct
10,1735.4125,mp_oct
35,1735.713,mp_oct
26,1736.0132,mp_oct
26,1736.3136,mp_oct
6,1736.6139,mp_oct
28,1736.9142,mp_oct
41,1737.2145,mp_oct
42,1737.5149,mp_oct
41,1737.8153,mp_oct
42,1738.1155,mp_oct
41,1738.4159,mp_oct
17,1738.7162,mp_oct
19,1739.0165,mp_oct
43,1739.3169,mp_oct
43,1739.6172,mp_oct
25,1739.9175,mp_oct
25,1740.2179,mp_oct
25,1740.5182,mp_oct
3,1740.8185,mp_oct
25,1741.1188,mp_oct
3,1741.4192,mp_oct
43,1741.7195,mp_oct
43,1742.0198,mp_oct
43,1742.3202,mp_oct
43,1742.6205,mp_oct
43,1742.9208,mp_oct
43,1743.2212,mp_oct
43,1743.5215,mp_oct
43,1743.8218,mp_oct
43,1744.1222,mp_oct
8,1744.4224,mp_oct
43,1744.7228,mp_oct
43,1745.0231,mp_oct
6,1745.3235,mp_oct
6,1745.6238,mp_oct
41,1745.9241,mp_oct
5,1746.2244,mp_oct
43,1746.5248,mp_oct
6,1746.8251,mp_oct
41,1747.1255,mp_oct
45,1747.4258,mp_oct
34,1747.726,mp_oct
12,1748.0264,mp_oct
26,1748.3267,mp_oct
34,1748.6271,mp_oct
35,1748.9274,mp_oct
35,1749.2277,mp_oct
6,1749.528,mp_oct
26,1749.8284,mp_oct
38,1750.1287,mp_oct
44,1750.429,mp_oct
33,1750.7294,mp_oct
1,1751.0297,mp_oct
46,1751.33,mp_oct
46,1751.6304,mp_oct
32,1751.9307,mp_oct
29,1752.231,mp_oct
29,1752.5314,mp_oct
29,1752.8317,mp_oct
43,1753.132,mp_oct
8,1753.4323,mp_oct
43,1753.7327,mp_oct
43,1754.033,mp_oct
8,1754.3333,mp_oct
3,1754.6336,mp_oct
3,1754.934,mp_oct
3,1755.2343,mp_oct
4,1755.5346,mp_oct
3,1755.8349,mp_oct
43,1756.1403,mp_oct
8,1756.4356,mp_oct
34,1756.736,mp_oct
6,1757.0363,mp_oct
45,1757.3366,mp_oct
41,1757.637,mp_oct
45,1757.9372,mp_oct
6,1758.2376,mp_oct
16,1758.538,mp_oct
5,1758.8382,mp_oct
8,1759.1386,mp_oct
34,1759.4389,mp_oct
6,1759.7392,mp_oct
45,1760.0396,mp_oct
41,1760.3399,mp_oct
41,1760.6402,mp_oct
6,1760.9406,mp_oct
43,1761.2409,mp_oct
43,1761.5412,mp_oct
43,1761.8415,mp_oct
46,1762.1419,mp_oct
43,1762.4422,mp_oct
46,1762.7425,mp_oct
43,1763.0429,mp_oct
43,1763.3432,mp_oct
43,1763.6436,mp_oct
8,1763.9489,mp_oct
32,1764.2442,mp_oct
32,1764.5445,mp_oct
46,1764.8448,mp_oct
43,1765.1452,mp_oct
43,1765.4454,mp_oct
43,1765.7458,mp_oct
43,1766.0461,mp_oct
43,1766.3464,mp_oct
43,1766.6468,mp_oct
43,1766.9471,mp_oct
43,1767.2475,mp_oct
43,1767.5478,mp_oct
43,1767.8481,mp_oct
43,1768.1484,mp_oct
43,1768.4488,mp_oct
43,1768.7491,mp_oct
43,1769.0494,mp_oct
43,1769.3498,mp_oct
46,1769.6501,mp_oct
43,1769.9504,mp_oct
43,1770.2508,mp_oct
43,1770.5511,mp_oct
43,1770.8514,mp_oct
43,1771.1517,mp_oct
8,1771.4521,mp_oct
43,1771.7524,mp_oct
43,1772.0528,mp_oct
43,1772.3531,mp_oct
43,1772.6534,mp_oct
43,1772.9537,mp_oct
43,1773.254,mp_oct
8,1773.5544,mp_oct
43,1773.8547,mp_oct
43,1774.1551,mp_oct
43,1774.4554,mp_oct
43,1774.7557,mp_oct
43,1775.056,mp_oct
43,1775.3563,mp_oct
43,1775.6567,mp_oct
8,1775.957,mp_oct
43,1776.2573,mp_oct
46,1776.5576,mp_oct
29,1776.8589,mp_oct
29,1777.1583,mp_oct
32,1777.4587,mp_oct
30,1777.7589,mp_oct
30,1778.0593,mp_oct
49,1778.3596,mp_oct
37,1778.66,mp_oct
32,1778.9602,mp_oct
32,1779.2606,mp_oct
30,1779.5609,mp_oct
49,1779.8612,mp_oct
2,1780.1616,mp_oct
50,1780.462,mp_oct
30,1780.7623,mp_oct
46,1781.0626,mp_oct
46,1781.3629,mp_oct
43,1781.6632,mp_oct
8,1781.9636,mp_oct
34,1782.2639,mp_oct
5,1782.5642,mp_oct
43,1782.8645,mp_oct
43,1783.1649,mp_oct
5,1783.4652,mp_oct
46,1783.7655,mp_oct
43,1784.0659,mp_oct
43,1784.3662,mp_oct
43,1784.6665,mp_oct
8,1784.9668,mp_oct
43,1785.2672,mp_oct
43,1785.5675,mp_oct
8,1785.8678,mp_oct
4,1786.1682,mp_oct
43,1786.4685,mp_oct
43,1786.7688,mp_oct
43,1787.0692,mp_oct
5,1787.3694,mp_oct
6,1787.6698,mp_oct
45,1787.9701,mp_oct
43,1788.2705,mp_oct
43,1788.5708,mp_oct
43,1788.8711,mp_oct
5,1789.1714,mp_oct
46,1789.4718,mp_oct
8,1789.7721,mp_oct
43,1790.0724,mp_oct
43,1790.3728,mp_oct
8,1790.6731,mp_oct
43,1790.9734,mp_oct
12,1791.2738,mp_oct
35,1791.574,mp_oct
11,1791.8744,mp_oct
34,1792.1747,mp_oct
8,1792.475,mp_oct
45,1792.7754,mp_oct
45,1793.0757,mp_oct
43,1793.376,mp_oct
8,1793.6764,mp_oct
43,1793.9767,mp_oct
43,1794.277,mp_oct
43,1794.5774,mp_oct
43,1794.8777,mp_oct
43,1795.178,mp_oct
43,1795.4783,mp_oct
43,1795.7787,mp_oct
43,1796.079,mp_oct
43,1796.3794,mp_oct
43,1796.6797,mp_oct
35,1796.98,mp_oct
19,1797.2803,mp_oct
6,1797.5807,mp_oct
35,1797.881,mp_oct
35,1798.1813,mp_oct
43,1798.4817,mp_oct
11,1798.782,mp_oct
45,1799.0823,mp_oct
13,1799.3826,mp_oct
13,1799.6829,mp_oct
45,1799.9833,mp_oct
45,1800.2836,mp_oct
45,1800.5839,mp_oct
6,1800.8842,mp_oct
34,1801.1846,mp_oct
43,1801.4849,mp_oct
43,1801.7852,mp_oct
5,1802.0856,mp_oct
43,1802.3859,mp_oct
34,1802.6862,mp_oct
8,1802.9865,mp_oct
8,1803.2868,mp_oct
43,1803.5872,mp_oct
43,1803.8876,mp_oct
8,1804.1878,mp_oct
5,1804.4882,mp_oct
43,1804.7885,mp_oct
34,1805.0888,mp_oct
45,1805.3892,mp_oct
8,1805.6895,mp_oct
43,1805.9899,mp_oct
43,1806.2902,mp_oct
43,1806.5905,mp_oct
43,1806.8908,mp_oct
12,1807.1912,mp_oct
13,1807.4915,mp_oct
19,1807.7918,mp_oct
45,1808.0921,mp_oct
6,1808.3924,mp_oct
16,1808.6928,mp_oct
6,1808.9931,mp_oct
12,1809.2934,mp_oct
18,1809.5938,mp_oct
41,1809.894,mp_oct
6,1810.1945,mp_oct
5,1810.4947,mp_oct
45,1810.795,mp_oct
16,1811.0955,mp_oct
6,1811.3957,mp_oct
13,1811.6961,mp_oct
6,1811.9964,mp_oct
34,1812.2967,mp_oct
6,1812.597,mp_oct
8,1812.8973,mp_oct
43,1813.1977,mp_oct
46,1813.498,mp_oct
8,1813.7984,mp_oct
5,1814.0987,mp_oct
43,1814.399,mp_oct
3,1814.6993,mp_oct
45,1814.9996,mp_oct
34,1815.3,mp_oct
6,1815.6003,mp_oct
8,1815.9006,mp_oct
43,1816.201,mp_oct
8,1816.5013,mp_oct
43,1816.8016,mp_oct
43,1817.102,mp_oct
43,1817.4024,mp_oct
43,1817.7027,mp_oct
43,1818.0029,mp_oct
25,1818.3033,mp_oct
25,1818.6036,mp_oct
25,1818.904,mp_oct
24,1819.2043,mp_oct
3,1819.5046,mp_oct
3,1819.8049,mp_oct
46,1820.1052,mp_oct
43,1820.4056,mp_oct
43,1820.7059,mp_oct
8,1821.0062,mp_oct
43,1821.3066,mp_oct
8,1821.6069,mp_oct
43,1821.9072,mp_oct
6,1822.2076,mp_oct
45,1822.5079,mp_oct
41,1822.8082,mp_oct
6,1823.1085,mp_oct
34,1823.4089,mp_oct
43,1823.7092,mp_oct
43,1824.0095,mp_oct
34,1824.3099,mp_oct
43,1824.6102,mp_oct
46,1824.9106,mp_oct
43,1825.2108,mp_oct
46,1825.5112,mp_oct
43,1825.8115,mp_oct
43,1826.1118,mp_oct
43,1826.4122,mp_oct
43,1826.7125,mp_oct
46,1827.0128,mp_oct
43,1827.3131,mp_oct
43,1827.6135,mp_oct
43,1827.9138,mp_oct
43,1828.2141,mp_oct
8,1828.5145,mp_oct
43,1828.8148,mp_oct
8,1829.1151,mp_oct
43,1829.4155,mp_oct
43,1829.7157,mp_oct
43,1830.0161,mp_oct
43,1830.3165,mp_oct
43,1830.6168,mp_oct
43,1830.9171,mp_oct
43,1831.2174,mp_oct
43,1831.5178,mp_oct
43,1831.818,mp_oct
5,1832.1184,mp_oct
34,1832.4188,mp_oct
8,1832.7191,mp_oct
4,1833.0194,mp_oct
47,1833.3197,mp_oct
4,1833.62,mp_oct
38,1833.9203,mp_oct
29,1834.2206,mp_oct
29,1834.521,mp_oct
43,1834.8213,mp_oct
43,1835.1216,mp_oct
43,1835.422,mp_oct
8,1835.7223,mp_oct
8,1836.0226,mp_oct
6,1836.323,mp_oct
45,1836.6233,mp_oct
45,1836.9237,mp_oct
5,1837.224,mp_oct
43,1837.5243,mp_oct
43,1837.8246,mp_oct
3,1838.1249,mp_oct
8,1838.4252,mp_oct
9,1838.7256,mp_oct
32,1839.0259,mp_oct
32,1839.3263,mp_oct
30,1839.6266,mp_oct
37,1839.9269,mp_oct
40,1840.2272,mp_oct
48,1840.5276,mp_oct
32,1840.8279,mp_oct
47,1841.1282,mp_oct
30,1841.4285,mp_oct
4,1841.7289,mp_oct
46,1842.0292,mp_oct
43,1842.3295,mp_oct
43,1842.6299,mp_oct
43,1842.9302,mp_oct
34,1843.2305,mp_oct
8,1843.5308,mp_oct
43,1843.8312,mp_oct
43,1844.1315,mp_oct
43,1844.4318,mp_oct
43,1844.7322,mp_oct
8,1845.0324,mp_oct
43,1845.3328,mp_oct
43,1845.6331,mp_oct
43,1845.9335,mp_oct
46,1846.2338,mp_oct
8,1846.5341,mp_oct
8,1846.8344,mp_oct
43,1847.1348,mp_oct
8,1847.4351,mp_oct
45,1847.7354,mp_oct
45,1848.0357,mp_oct
41,1848.3361,mp_oct
5,1848.6364,mp_oct
43,1848.9368,mp_oct
13,1849.2371,mp_oct
28,1849.5374,mp_oct
28,1849.8377,mp_oct
38,1850.138,mp_oct
43,1850.4384,mp_oct
43,1850.7387,mp_oct
5,1851.0391,mp_oct
6,1851.3394,mp_oct
8,1851.6397,mp_oct
45,1851.94,mp_oct
18,1852.2404,mp_oct
3,1852.5406,mp_oct
8,1852.841,mp_oct
43,1853.1413,mp_oct
43,1853.4416,mp_oct
43,1853.742,mp_oct
8,1854.0423,mp_oct
8,1854.3426,mp_oct
46,1854.6429,mp_oct
46,1854.9433,mp_oct
29,1855.2436,mp_oct
8,1855.5439,mp_oct
34,1855.8443,mp_oct
34,1856.1446,mp_oct
45,1856.4449,mp_oct
45,1856.7453,mp_oct
34,1857.0456,mp_oct
8,1857.3459,mp_oct
43,1857.6462,mp_oct
5,1857.9466,mp_oct
46,1858.2469,mp_oct
3,1858.5472,mp_oct
3,1858.8476,mp_oct
3,1859.1529,mp_oct
3,1859.4482,mp_oct
3,1859.7485,mp_oct
3,1860.0489,mp_oct
3,1860.3492,mp_oct
8,1860.6495,mp_oct
3,1860.9498,mp_oct
6,1861.2502,mp_oct
43,1861.5505,mp_oct
6,1861.8508,mp_oct
41,1862.1512,mp_oct
6,1862.4515,mp_oct
34,1862.7518,mp_oct
8,1863.0521,mp_oct
34,1863.3524,mp_oct
8,1863.6528,mp_oct
43,1863.9531,mp_oct
34,1864.2534,mp_oct
6,1864.5538,mp_oct
45,1864.8541,mp_oct
45,1865.1544,mp_oct
43,1865.4548,mp_oct
8,1865.7551,mp_oct
8,1866.0554,mp_oct
34,1866.3557,mp_oct
6,1866.9564,mp_oct
34,1867.2568,mp_oct
34,1867.5571,mp_oct
34,1867.8574,mp_oct
35,1868.1577,mp_oct
26,1868.4581,mp_oct
35,1868.7584,mp_oct
35,1869.0612,mp_oct
35,1869.3591,mp_oct
43,1869.6594,mp_oct
46,1869.9597,mp_oct
43,1870.26,mp_oct
43,1870.5603,mp_oct
46,1870.8607,mp_oct
43,1871.161,mp_oct
43,1871.4613,mp_oct
43,1871.7617,mp_oct
8,1872.062,mp_oct
43,1872.3623,mp_oct
43,1872.6626,mp_oct
43,1872.963,mp_oct
43,1873.2633,mp_oct
43,1873.5636,mp_oct
5,1873.864,mp_oct
8,1874.1643,mp_oct
8,1874.4646,mp_oct
6,1874.7649,mp_oct
45,1875.0652,mp_oct
34,1875.3656,mp_oct
8,1875.6659,mp_oct
46,1875.9662,mp_oct
46,1876.2666,mp_oct
29,1876.5669,mp_oct
32,1876.8673,mp_oct
46,1877.1676,mp_oct
46,1877.4679,mp_oct
29,1877.7682,mp_oct
46,1878.0685,mp_oct
29,1878.3689,mp_oct
46,1878.6692,mp_oct
38,1878.9696,mp_oct
29,1879.2699,mp_oct
46,1879.5702,mp_oct
32,1879.8705,mp_oct
32,1880.1709,mp_oct
32,1880.4712,mp_oct
32,1880.7715,mp_oct
29,1881.0718,mp_oct
43,1881.3721,mp_oct
6,1881.6724,mp_oct
8,1881.9728,mp_oct
29,1882.2732,mp_oct
29,1882.5734,mp_oct
32,1882.8739,mp_oct
32,1883.1741,mp_oct
5,1883.4745,mp_oct
1,1883.7748,mp_oct
30,1884.0751,mp_oct
32,1884.3754,mp_oct
1,1884.6757,mp_oct
2,1884.9761,mp_oct
8,1885.2764,mp_oct
34,1885.5768,mp_oct
47,1885.8771,mp_oct
29,1886.1774,mp_oct
32,1886.4778,mp_oct
32,1886.778,mp_oct
32,1887.0784,mp_oct
9,1887.3787,mp_oct
9,1887.6791,mp_oct
4,1887.9794,mp_oct
47,1888.2797,mp_oct
31,1888.58,mp_oct
31,1888.8804,mp_oct
9,1889.1807,mp_oct
31,1889.481,mp_oct
49,1889.7814,mp_oct
32,1890.0817,mp_oct
48,1890.382,mp_oct
1,1890.6823,mp_oct
44,1890.9827,mp_oct
44,1891.283,mp_oct
44,1891.5833,mp_oct
27,1891.8836,mp_oct
39,1892.184,mp_oct
32,1892.4843,mp_oct
32,1892.7846,mp_oct
29,1893.085,mp_oct
2,1893.3853,mp_oct
50,1893.6856,mp_oct
38,1893.986,mp_oct
34,1894.2862,mp_oct
2,1894.5866,mp_oct
50,1894.8869,mp_oct
45,1895.1873,mp_oct
6,1895.4875,mp_oct
41,1895.7879,mp_oct
45,1896.0882,mp_oct
8,1896.3885,mp_oct
43,1896.6889,mp_oct
9,1896.9892,mp_oct
9,1897.2896,mp_oct
32,1897.5899,mp_oct
39,1897.8902,mp_oct
39,1898.1914,mp_oct
27,1898.4908,mp_oct
27,1898.7912,mp_oct
27,1899.0915,mp_oct
27,1899.3918,mp_oct
27,1899.6922,mp_oct
27,1899.9925,mp_oct
27,1900.2929,mp_oct
27,1900.5932,mp_oct
27,1900.8934,mp_oct
27,1901.1938,mp_oct
39,1901.4942,mp_oct
39,1901.7945,mp_oct
7,1902.0948,mp_oct
7,1902.3951,mp_oct
7,1902.6955,mp_oct
7,1902.9957,mp_oct
7,1903.2961,mp_oct
7,1903.5964,mp_oct
7,1903.8967,mp_oct
7,1904.1971,mp_oct
7,1904.4974,mp_oct
7,1904.7978,mp_oct
7,1905.0981,mp_oct
7,1905.3984,mp_oct
7,1905.6987,mp_oct
7,1905.9991,mp_oct
7,1906.2994,mp_oct
39,1906.5997,mp_oct
39,1906.9,mp_oct
39,1907.2004,mp_oct
27,1907.5007,mp_oct
33,1907.801,mp_oct
36,1908.1014,mp_oct
37,1908.4016,mp_oct
37,1908.702,mp_oct
37,1909.0024,mp_oct
27,1909.3027,mp_oct
36,1909.603,mp_oct
36,1909.9034,mp_oct
40,1910.2037,mp_oct
40,1910.504,mp_oct
40,1910.8043,mp_oct
37,1911.1046,mp_oct
27,1911.405,mp_oct
44,1911.7053,mp_oct
33,1912.0056,mp_oct
40,1912.306,mp_oct
40,1912.6063,mp_oct
40,1912.9066,mp_oct
49,1913.207,mp_oct
37,1913.5073,mp_oct
44,1913.8076,mp_oct
32,1914.1079,mp_oct
48,1914.4083,mp_oct
48,1914.7085,mp_oct
39,1915.0089,mp_oct
36,1915.3092,mp_oct
31,1915.6095,mp_oct
36,1915.9099,mp_oct
30,1916.2102,mp_oct
36,1916.5105,mp_oct
7,1916.8109,mp_oct
9,1917.1112,mp_oct
9,1917.4116,mp_oct
4,1917.7118,mp_oct
34,1918.0121,mp_oct
9,1918.3125,mp_oct
47,1918.6129,mp_oct
47,1918.9131,mp_oct
4,1919.2135,mp_oct
48,1919.5138,mp_oct
48,1919.8141,mp_oct
48,1920.1145,mp_oct
27,1920.4148,mp_oct
27,1920.7151,mp_oct
27,1921.0155,mp_oct
27,1921.3158,mp_oct
27,1921.6161,mp_oct
33,1921.9164,mp_oct
27,1922.2168,mp_oct
27,1922.5171,mp_oct
33,1922.8174,mp_oct
27,1923.1178,mp_oct
27,1923.4181,mp_oct
27,1923.7184,mp_oct
27,1924.0188,mp_oct
27,1924.319,mp_oct
27,1924.6194,mp_oct
27,1924.9197,mp_oct
27,1925.2201,mp_oct
39,1925.5204,mp_oct
27,1925.8207,mp_oct
39,1926.1211,mp_oct
39,1926.4213,mp_oct
36,1926.7217,mp_oct
33,1927.022,mp_oct
27,1927.3224,mp_oct
27,1927.6227,mp_oct
27,1927.923,mp_oct
27,1928.2234,mp_oct
36,1928.5237,mp_oct
33,1928.824,mp_oct
36,1929.1244,mp_oct
27,1929.4246,mp_oct
27,1929.725,mp_oct
35,1930.0253,mp_oct
35,1930.3256,mp_oct
26,1930.626,mp_oct
35,1930.9263,mp_oct
38,1931.2266,mp_oct
34,1931.5269,mp_oct
6,1931.8272,mp_oct
12,1932.1276,mp_oct
35,1932.4279,mp_oct
35,1932.7283,mp_oct
26,1933.0286,mp_oct
35,1933.3289,mp_oct
35,1933.6292,mp_oct
35,1933.9296,mp_oct
38,1934.2298,mp_oct
38,1934.5302,mp_oct
28,1934.8305,mp_oct
42,1935.1308,mp_oct
28,1935.4312,mp_oct
11,1935.7315,mp_oct
26,1936.0318,mp_oct
26,1936.3322,mp_oct
26,1936.6325,mp_oct
26,1936.9328,mp_oct
29,1937.2331,mp_oct
29,1937.5335,mp_oct
38,1937.8339,mp_oct
30,1938.1342,mp_oct
46,1938.4345,mp_oct
43,1938.7348,mp_oct
43,1939.0351,mp_oct
6,1939.3355,mp_oct
41,1939.6357,mp_oct
45,1939.9361,mp_oct
41,1940.2364,mp_oct
41,1940.5368,mp_oct
41,1940.8371,mp_oct
41,1941.1375,mp_oct
8,1941.4377,mp_oct
34,1941.7381,mp_oct
45,1942.0384,mp_oct
34,1942.3388,mp_oct
43,1942.6391,mp_oct
43,1942.9394,mp_oct
43,1943.2397,mp_oct
5,1943.54,mp_oct
45,1943.8404,mp_oct
45,1944.1407,mp_oct
45,1944.4411,mp_oct
34,1944.7414,mp_oct
43,1945.0417,mp_oct
43,1945.342,mp_oct
43,1945.6423,mp_oct
43,1945.9427,mp_oct
46,1946.243,mp_oct
46,1946.5433,mp_oct
46,1946.8436,mp_oct
46,1947.144,mp_oct
43,1947.4443,mp_oct
46,1947.7447,mp_oct
46,1948.045,mp_oct
43,1948.3453,mp_oct
43,1948.6457,mp_oct
46,1948.946,mp_oct
46,1949.2463,mp_oct
46,1949.5466,mp_oct
43,1949.8469,mp_oct
8,1950.1472,mp_oct
43,1950.4476,mp_oct
43,1950.748,mp_oct
46,1951.0483,mp_oct
46,1951.3486,mp_oct
43,1951.6489,mp_oct
46,1951.9492,mp_oct
46,1952.2496,mp_oct
46,1952.5499,mp_oct
46,1952.8502,mp_oct
46,1953.1506,mp_oct
8,1953.4509,mp_oct
43,1953.7512,mp_oct
46,1954.0516,mp_oct
43,1954.3519,mp_oct
29,1954.6522,mp_oct
43,1954.9525,mp_oct
8,1955.2529,mp_oct
8,1955.5532,mp_oct
8,1955.8535,mp_oct
8,1956.1538,mp_oct
5,1956.4541,mp_oct
34,1956.7545,mp_oct
5,1957.0548,mp_oct
38,1957.3551,mp_oct
46,1957.6555,mp_oct
29,1957.9558,mp_oct
8,1958.2561,mp_oct
46,1958.5565,mp_oct
35,1958.8568,mp_oct
38,1959.1571,mp_oct
35,1959.4574,mp_oct
26,1959.7578,mp_oct
32,1960.0581,mp_oct
32,1960.3584,mp_oct
48,1960.6588,mp_oct
1,1960.9591,mp_oct
36,1961.2595,mp_oct
1,1961.5597,mp_oct
29,1961.86,mp_oct
29,1962.1604,mp_oct
26,1962.4607,mp_oct
35,1962.761,mp_oct
44,1963.0613,mp_oct
44,1963.3617,mp_oct
32,1963.662,mp_oct
8,1963.9623,mp_oct
12,1964.2627,mp_oct
43,1964.563,mp_oct
43,1964.8634,mp_oct
5,1965.1636,mp_oct
5,1965.4639,mp_oct
29,1965.7643,mp_oct
33,1966.0647,mp_oct
33,1966.365,mp_oct
26,1966.6653,mp_oct
35,1966.9656,mp_oct
26,1967.266,mp_oct
38,1967.5662,mp_oct
38,1967.8666,mp_oct
35,1968.1669,mp_oct
8,1968.4672,mp_oct
8,1968.7676,mp_oct
6,1969.0679,mp_oct
8,1969.3683,mp_oct
35,1969.6686,mp_oct
35,1969.9689,mp_oct
38,1970.2692,mp_oct
40,1970.5696,mp_oct
28,1970.8699,mp_oct
38,1971.1702,mp_oct
26,1971.4705,mp_oct
6,1971.7708,mp_oct
13,1972.0711,mp_oct
13,1972.3715,mp_oct
45,1972.6718,mp_oct
45,1972.9722,mp_oct
34,1973.2725,mp_oct
43,1973.5728,mp_oct
43,1973.8731,mp_oct
34,1974.1735,mp_oct
6,1974.4738,mp_oct
35,1974.7741,mp_oct
38,1975.0745,mp_oct
38,1975.3748,mp_oct
38,1975.6751,mp_oct
26,1975.9755,mp_oct
33,1976.2758,mp_oct
38,1976.5761,mp_oct
26,1976.8764,mp_oct
26,1977.1768,mp_oct
30,1977.4771,mp_oct
38,1977.7774,mp_oct
30,1978.0778,mp_oct
46,1978.378,mp_oct
5,1978.6784,mp_oct
2,1978.9787,mp_oct
5,1979.279,mp_oct
6,1979.5794,mp_oct
41,1979.8797,mp_oct
6,1980.18,mp_oct
8,1980.4804,mp_oct
35,1980.7807,mp_oct
38,1981.081,mp_oct
26,1981.3813,mp_oct
35,1981.6817,mp_oct
19,1981.982,mp_oct
38,1982.2823,mp_oct
26,1982.5826,mp_oct
45,1982.883,mp_oct
12,1983.1833,mp_oct
12,1983.4836,mp_oct
43,1983.784,mp_oct
43,1984.0843,mp_oct
35,1984.3846,mp_oct
11,1984.6849,mp_oct
41,1984.9853,mp_oct
6,1985.2856,mp_oct
35,1985.586,mp_oct
33,1985.8862,mp_oct
26,1986.1866,mp_oct
44,1986.4869,mp_oct
44,1986.7872,mp_oct
44,1987.0876,mp_oct
32,1987.3879,mp_oct
46,1987.6882,mp_oct
29,1987.9886,mp_oct
43,1988.2889,mp_oct
43,1988.5892,mp_oct
43,1988.8895,mp_oct
46,1989.1899,mp_oct
43,1989.4902,mp_oct
46,1989.7905,mp_oct
23,1990.0908,mp_oct
43,1990.3912,mp_oct
43,1990.6915,mp_oct
43,1990.9918,mp_oct
8,1991.2921,mp_oct
47,1991.5925,mp_oct
8,1991.8928,mp_oct
8,1992.1931,mp_oct
34,1992.4935,mp_oct
34,1992.7937,mp_oct
46,1993.0941,mp_oct
46,1993.3944,mp_oct
43,1993.6948,mp_oct
43,1993.9951,mp_oct
43,1994.2954,mp_oct
46,1994.5957,mp_oct
46,1994.896,mp_oct
8,1995.1964,mp_oct
46,1995.4967,mp_oct
46,1995.797,mp_oct
46,1996.0974,mp_oct
46,1996.3977,mp_oct
43,1996.698,mp_oct
43,1996.9984,mp_oct
46,1997.2987,mp_oct
43,1997.599,mp_oct
43,1997.8993,mp_oct
43,1998.1996,mp_oct
46,1998.5,mp_oct
29,1998.8003,mp_oct
46,1999.1007,mp_oct
46,1999.401,mp_oct
46,1999.7013,mp_oct
43,2000.0016,mp_oct
46,2000.302,mp_oct
46,2000.9026,mp_oct
43,2001.2029,mp_oct
46,2001.5033,mp_oct
46,2001.8036,mp_oct
8,2002.1039,mp_oct
43,2002.4043,mp_oct
46,2002.7046,mp_oct
43,2003.0049,mp_oct
43,2003.3052,mp_oct
3,2003.6055,mp_oct
3,2003.9059,mp_oct
3,2004.2062,mp_oct
29,2004.5066,mp_oct
32,2004.8069,mp_oct
27,2005.1072,mp_oct
27,2005.41,mp_oct
27,2005.7079,mp_oct
27,2006.0083,mp_oct
27,2006.3085,mp_oct
44,2006.6088,mp_oct
35,2006.9092,mp_oct
26,2007.2096,mp_oct
35,2007.5099,mp_oct
35,2007.8102,mp_oct
35,2008.1105,mp_oct
35,2008.4108,mp_oct
12,2008.7112,mp_oct
26,2009.0115,mp_oct
13,2009.3118,mp_oct
13,2009.6122,mp_oct
35,2009.9124,mp_oct
13,2010.2128,mp_oct
35,2010.5131,mp_oct
35,2010.8134,mp_oct
43,2011.1138,mp_oct
43,2011.4141,mp_oct
43,2011.7144,mp_oct
43,2012.3151,mp_oct
43,2012.6154,mp_oct
43,2012.9157,mp_oct
43,2013.2161,mp_oct
43,2013.5164,mp_oct
43,2013.8167,mp_oct
46,2014.1171,mp_oct
43,2014.4173,mp_oct
35,2014.7177,mp_oct
12,2015.0181,mp_oct
35,2015.3183,mp_oct
35,2015.6187,mp_oct
35,2015.919,mp_oct
26,2016.2193,mp_oct
26,2016.5197,mp_oct
11,2016.82,mp_oct
17,2017.1203,mp_oct
41,2017.4206,mp_oct
38,2017.721,mp_oct
10,2018.0213,mp_oct
43,2018.3216,mp_oct
8,2018.6219,mp_oct
43,2018.9222,mp_oct
8,2019.2226,mp_oct
43,2019.5229,mp_oct
43,2019.8233,mp_oct
43,2020.1236,mp_oct
43,2020.4239,mp_oct
46,2020.7242,mp_oct
43,2021.0245,mp_oct
43,2021.3249,mp_oct
43,2021.6252,mp_oct
8,2021.9255,mp_oct
8,2022.2259,mp_oct
8,2022.5262,mp_oct
3,2022.8265,mp_oct
3,2023.1268,mp_oct
4,2023.4271,mp_oct
9,2023.7275,mp_oct
4,2024.0279,mp_oct
47,2024.3281,mp_oct
46,2024.6285,mp_oct
46,2024.9326,mp_oct
46,2025.2291,mp_oct
43,2025.5294,mp_oct
6,2025.8298,mp_oct
5,2026.1301,mp_oct
43,2026.4304,mp_oct
43,2026.7308,mp_oct
46,2027.0311,mp_oct
43,2027.3314,mp_oct
43,2027.6318,mp_oct
43,2027.9321,mp_oct
43,2028.2324,mp_oct
43,2028.5327,mp_oct
43,2028.8331,mp_oct
43,2029.1334,mp_oct
43,2029.4337,mp_oct
43,2029.734,mp_oct
6,2030.0344,mp_oct
8,2030.3347,mp_oct
43,2030.635,mp_oct
46,2030.9353,mp_oct
46,2031.2357,mp_oct
43,2031.536,mp_oct
46,2031.8363,mp_oct
46,2032.1367,mp_oct
8,2032.4369,mp_oct
43,2032.7373,mp_oct
8,2033.0376,mp_oct
43,2033.338,mp_oct
3,2033.6382,mp_oct
3,2033.9386,mp_oct
3,2034.2389,mp_oct
43,2034.5393,mp_oct
46,2034.8396,mp_oct
29,2035.1399,mp_oct
46,2035.4403,mp_oct
3,2035.7405,mp_oct
7,2036.0409,mp_oct
7,2036.3412,mp_oct
7,2036.6416,mp_oct
9,2036.9419,mp_oct
9,2037.2422,mp_oct
3,2037.5426,mp_oct
9,2037.8428,mp_oct
3,2038.1432,mp_oct
9,2038.4436,mp_oct
9,2038.7438,mp_oct
3,2039.0442,mp_oct
3,2039.3445,mp_oct
6,2039.6448,mp_oct
3,2039.9451,mp_oct
3,2040.2455,mp_oct
3,2040.5458,mp_oct
3,2040.8461,mp_oct
9,2041.1465,mp_oct
3,2041.4468,mp_oct
3,2041.7471,mp_oct
43,2042.0474,mp_oct
43,2042.3478,mp_oct
46,2042.6481,mp_oct
3,2042.9484,mp_oct
9,2043.2487,mp_oct
9,2043.5491,mp_oct
47,2043.8494,mp_oct
29,2044.1498,mp_oct
29,2044.4501,mp_oct
29,2044.7504,mp_oct
46,2045.0507,mp_oct
46,2045.351,mp_oct
3,2045.6513,mp_oct
4,2045.9517,mp_oct
45,2046.252,mp_oct
45,2046.5523,mp_oct
6,2046.8527,mp_oct
43,2047.153,mp_oct
43,2047.4533,mp_oct
5,2047.7536,mp_oct
8,2048.054,mp_oct
43,2048.3543,mp_oct
43,2048.6547,mp_oct
8,2048.9549,mp_oct
3,2049.2552,mp_oct
4,2049.5556,mp_oct
47,2049.8559,mp_oct
2,2050.1563,mp_oct
18,2050.4566,mp_oct
5,2050.7569,mp_oct
45,2051.0572,mp_oct
3,2051.3575,mp_oct
9,2051.6579,mp_oct
9,2051.9582,mp_oct
46,2052.2585,mp_oct
46,2052.5589,mp_oct
46,2052.8592,mp_oct
29,2053.1595,mp_oct
1,2053.4598,mp_oct
32,2053.7602,mp_oct
44,2054.0605,mp_oct
44,2054.3608,mp_oct
46,2054.6612,mp_oct
46,2054.9615,mp_oct
5,2055.2618,mp_oct
5,2055.5621,mp_oct
8,2055.8625,mp_oct
43,2056.1628,mp_oct
43,2056.4632,mp_oct
43,2056.7634,mp_oct
43,2057.0638,mp_oct
6,2057.3641,mp_oct
20,2057.6644,mp_oct
20,2057.9648,mp_oct
14,2058.265,mp_oct
17,2058.5654,mp_oct
20,2058.8657,mp_oct
17,2059.1661,mp_oct
12,2059.4664,mp_oct
12,2059.7667,mp_oct
19,2060.067,mp_oct
28,2060.3674,mp_oct
13,2060.6677,mp_oct
12,2060.968,mp_oct
35,2061.2683,mp_oct
26,2061.5687,mp_oct
35,2061.869,mp_oct
35,2062.1693,mp_oct
35,2062.4697,mp_oct
35,2062.77,mp_oct
12,2063.0703,mp_oct
38,2063.3706,mp_oct
6,2063.6709,mp_oct
17,2063.9713,mp_oct
20,2064.2716,mp_oct
19,2064.572,mp_oct
17,2064.8723,mp_oct
20,2065.1726,mp_oct
13,2065.4729,mp_oct
14,2065.7733,mp_oct
20,2066.0735,mp_oct
20,2066.3739,mp_oct
20,2066.6743,mp_oct
20,2066.9746,mp_oct
21,2067.2749,mp_oct
12,2067.5752,mp_oct
8,2067.8756,mp_oct
12,2068.1759,mp_oct
8,2068.4762,mp_oct
4,2068.7765,mp_oct
18,2069.0769,mp_oct
19,2069.3772,mp_oct
18,2069.6775,mp_oct
18,2069.9778,mp_oct
18,2070.2782,mp_oct
18,2070.5784,mp_oct
18,2070.8788,mp_oct
18,2071.1791,mp_oct
19,2071.4795,mp_oct
19,2071.7798,mp_oct
41,2072.0801,mp_oct
41,2072.3804,mp_oct
18,2072.6807,mp_oct
5,2072.9811,mp_oct
43,2073.2814,mp_oct
12,2073.5818,mp_oct
26,2073.8821,mp_oct
19,2074.1824,mp_oct
11,2074.4828,mp_oct
42,2074.783,mp_oct
42,2075.0834,mp_oct
8,2075.3837,mp_oct
45,2075.684,mp_oct
6,2075.9844,mp_oct
35,2076.2847,mp_oct
13,2076.5851,mp_oct
17,2076.8854,mp_oct
20,2077.1856,mp_oct
20,2077.486,mp_oct
17,2077.7863,mp_oct
20,2078.0866,mp_oct
20,2078.387,mp_oct
17,2078.6873,mp_oct
20,2078.9877,mp_oct
20,2079.288,mp_oct
17,2079.5883,mp_oct
13,2079.8886,mp_oct
13,2080.189,mp_oct
10,2080.4892,mp_oct
19,2080.7896,mp_oct
14,2081.0899,mp_oct
14,2081.3903,mp_oct
13,2081.6906,mp_oct
15,2081.9909,mp_oct
10,2082.2912,mp_oct
42,2082.5916,mp_oct
11,2082.8969,mp_oct
35,2083.1922,mp_oct
35,2083.4925,mp_oct
13,2083.7929,mp_oct
13,2084.0932,mp_oct
38,2084.3935,mp_oct
38,2084.6939,mp_oct
35,2084.9942,mp_oct
26,2085.2945,mp_oct
26,2085.5948,mp_oct
35,2085.8951,mp_oct
11,2086.1955,mp_oct
42,2086.4958,mp_oct
41,2086.7962,mp_oct
10,2087.0964,mp_oct
19,2087.3968,mp_oct
41,2087.6971,mp_oct
41,2087.9974,mp_oct
41,2088.2978,mp_oct
42,2088.5981,mp_oct
41,2088.8984,mp_oct
42,2089.1988,mp_oct
42,2089.4991,mp_oct
10,2089.7994,mp_oct
35,2090.0998,mp_oct
26,2090.4,mp_oct
38,2090.7004,mp_oct
40,2091.0007,mp_oct
40,2091.301,mp_oct
40,2091.6013,mp_oct
28,2091.9018,mp_oct
19,2092.2021,mp_oct
13,2092.5024,mp_oct
6,2092.8027,mp_oct
28,2093.103,mp_oct
28,2093.4034,mp_oct
42,2093.7037,mp_oct
28,2094.004,mp_oct
35,2094.3043,mp_oct
10,2094.6047,mp_oct
6,2094.905,mp_oct
41,2095.2053,mp_oct
19,2095.5057,mp_oct
35,2095.806,mp_oct
38,2096.1063,mp_oct
41,2096.4066,mp_oct
10,2096.707,mp_oct
45,2097.0073,mp_oct
17,2097.3076,mp_oct
28,2097.6088,mp_oct
35,2097.9083,mp_oct
13,2098.2086,mp_oct
5,2098.5089,mp_oct
19,2098.8092,mp_oct
6,2099.1096,mp_oct
6,2099.4099,mp_oct
45,2099.7102,mp_oct
10,2100.0105,mp_oct
26,2100.3108,mp_oct
35,2100.6112,mp_oct
43,2100.9115,mp_oct
5,2101.2118,mp_oct
30,2101.5121,mp_oct
50,2101.8125,mp_oct
2,2102.1129,mp_oct
35,2102.4132,mp_oct
38,2102.7134,mp_oct
44,2103.0139,mp_oct
38,2103.3141,mp_oct
44,2103.6145,mp_oct
37,2103.9148,mp_oct
28,2104.2151,mp_oct
28,2104.5155,mp_oct
26,2104.8158,mp_oct
38,2105.1161,mp_oct
10,2105.4164,mp_oct
35,2105.7168,mp_oct
26,2106.0171,mp_oct
41,2106.3174,mp_oct
45,2106.6177,mp_oct
28,2106.9181,mp_oct
19,2107.2184,mp_oct
13,2107.5187,mp_oct
11,2107.819,mp_oct
42,2108.1194,mp_oct
42,2108.4197,mp_oct
42,2108.7201,mp_oct
42,2109.0204,mp_oct
42,2109.3207,mp_oct
42,2109.621,mp_oct
42,2109.9213,mp_oct
11,2110.2217,mp_oct
10,2110.522,mp_oct
10,2110.8224,mp_oct
11,2111.1226,mp_oct
11,2111.423,mp_oct
11,2111.7233,mp_oct
11,2112.0236,mp_oct
41,2112.324,mp_oct
41,2112.6243,mp_oct
11,2112.9246,mp_oct
42,2113.2249,mp_oct
42,2113.5253,mp_oct
42,2113.8256,mp_oct
42,2114.126,mp_oct
42,2114.4263,mp_oct
42,2114.7266,mp_oct
42,2115.0269,mp_oct
42,2115.3272,mp_oct
42,2115.6276,mp_oct
10,2115.9279,mp_oct
15,2116.2282,mp_oct
15,2116.5286,mp_oct
38,2116.8289,mp_oct
26,2117.1292,mp_oct
42,2117.4296,mp_oct
38,2117.7299,mp_oct
44,2118.0302,mp_oct
26,2118.3306,mp_oct
32,2118.6308,mp_oct
32,2118.9312,mp_oct
32,2119.2315,mp_oct
32,2119.5319,mp_oct
46,2119.8322,mp_oct
4,2120.1325,mp_oct
4,2120.4328,mp_oct
8,2120.7332,mp_oct
29,2121.0335,mp_oct
29,2121.3346,mp_oct
30,2121.6341,mp_oct
30,2121.9345,mp_oct
48,2122.2348,mp_oct
48,2122.5351,mp_oct
1,2122.8355,mp_oct
48,2123.1357,mp_oct
48,2123.4361,mp_oct
32,2123.7364,mp_oct
32,2124.0368,mp_oct
8,2124.3371,mp_oct
2,2124.6374,mp_oct
5,2124.9377,mp_oct
5,2125.238,mp_oct
5,2125.5384,mp_oct
6,2125.8387,mp_oct
2,2126.139,mp_oct
34,2126.4393,mp_oct
4,2126.7397,mp_oct
46,2127.04,mp_oct
44,2127.3404,mp_oct
27,2127.6408,mp_oct
27,2127.941,mp_oct
27,2128.2413,mp_oct
33,2128.5417,mp_oct
30,2128.842,mp_oct
44,2129.1423,mp_oct
44,2129.4427,mp_oct
30,2129.743,mp_oct
44,2130.0433,mp_oct
44,2130.3436,mp_oct
33,2130.644,mp_oct
44,2130.9443,mp_oct
33,2131.5449,mp_oct
27,2131.8585,mp_oct
33,2132.1456,mp_oct
33,2132.4551,mp_oct
37,2132.7462,mp_oct
33,2133.0467,mp_oct
27,2133.3606,mp_oct
33,2133.6473,mp_oct
27,2133.9476,mp_oct
27,2134.248,mp_oct
27,2134.5483,mp_oct
33,2134.8486,mp_oct
30,2135.1489,mp_oct
36,2135.4492,mp_oct
44,2135.7495,mp_oct
37,2136.0499,mp_oct
37,2136.3502,mp_oct
33,2136.6505,mp_oct
33,2136.9509,mp_oct
44,2137.2512,mp_oct
27,2137.5515,mp_oct
35,2138.1522,mp_oct
35,2138.4525,mp_oct
35,2138.7528,mp_oct
43,2139.0532,mp_oct
43,2139.3535,mp_oct
43,2139.6539,mp_oct
46,2139.9541,mp_oct
46,2140.2545,mp_oct
29,2140.5548,mp_oct
29,2140.8551,mp_oct
29,2141.1555,mp_oct
2,2141.4558,mp_oct
2,2141.7561,mp_oct
2,2142.0564,mp_oct
34,2142.3568,mp_oct
47,2142.6571,mp_oct
29,2142.9574,mp_oct
5,2143.2578,mp_oct
2,2143.5581,mp_oct
45,2143.8584,mp_oct
30,2144.1588,mp_oct
30,2144.4591,mp_oct
50,2144.7594,mp_oct
34,2145.0597,mp_oct
1,2145.3601,mp_oct
50,2145.6604,mp_oct
50,2145.9607,mp_oct
34,2146.2611,mp_oct
5,2146.5613,mp_oct
6,2146.8617,mp_oct
6,2147.162,mp_oct
50,2147.4624,mp_oct
45,2147.7627,mp_oct
46,2148.063,mp_oct
43,2148.3633,mp_oct
5,2148.6637,mp_oct
6,2148.964,mp_oct
8,2149.2643,mp_oct
34,2149.5646,mp_oct
8,2149.865,mp_oct
32,2150.1653,mp_oct
38,2150.4657,mp_oct
34,2150.766,mp_oct
1,2151.0663,mp_oct
30,2151.3667,mp_oct
29,2151.667,mp_oct
1,2151.9673,mp_oct
2,2152.2677,mp_oct
45,2152.568,mp_oct
1,2152.8683,mp_oct
8,2153.1686,mp_oct
8,2153.469,mp_oct
43,2153.7692,mp_oct
3,2154.0696,mp_oct
3,2154.3699,mp_oct
9,2154.6702,mp_oct
7,2154.9706,mp_oct
9,2155.2708,mp_oct
9,2155.5712,mp_oct
4,2155.8716,mp_oct
9,2156.1719,mp_oct
9,2156.4722,mp_oct
47,2156.7726,mp_oct
4,2157.0729,mp_oct
3,2157.3732,mp_oct
8,2157.6735,mp_oct
43,2157.9739,mp_oct
8,2158.2742,mp_oct
43,2158.5745,mp_oct
8,2158.8749,mp_oct
43,2159.1752,mp_oct
43,2159.4755,mp_oct
5,2159.7759,mp_oct
8,2160.0762,mp_oct
43,2160.3765,mp_oct
3,2160.6768,mp_oct
3,2160.9772,mp_oct
3,2161.2775,mp_oct
3,2161.5778,mp_oct
3,2161.8781,mp_oct
3,2162.1785,mp_oct
4,2162.4788,mp_oct
4,2162.7791,mp_oct
3,2163.0795,mp_oct
43,2163.3797,mp_oct
46,2163.6801,mp_oct
35,2163.9804,mp_oct
26,2164.2808,mp_oct
35,2164.5811,mp_oct
35,2164.8814,mp_oct
26,2165.1818,mp_oct
26,2165.482,mp_oct
26,2165.7824,mp_oct
35,2166.0827,mp_oct
35,2166.3831,mp_oct
38,2166.6834,mp_oct
35,2166.9837,mp_oct
26,2167.284,mp_oct
26,2167.5843,mp_oct
35,2167.8847,mp_oct
35,2168.185,mp_oct
35,2168.4853,mp_oct
44,2168.7857,mp_oct
26,2169.086,mp_oct
44,2169.3863,mp_oct
27,2169.6867,mp_oct
48,2169.987,mp_oct
32,2170.2873,mp_oct
48,2170.5876,mp_oct
32,2170.888,mp_oct
9,2171.1883,mp_oct
9,2171.4886,mp_oct
9,2171.789,mp_oct
29,2172.0893,mp_oct
29,2172.3896,mp_oct
3,2172.6899,mp_oct
4,2172.9902,mp_oct
46,2173.2906,mp_oct
34,2173.5909,mp_oct
43,2173.8913,mp_oct
46,2174.1916,mp_oct
43,2174.4919,mp_oct
26,2174.7923,mp_oct
26,2175.0926,mp_oct
26,2175.3929,mp_oct
35,2175.6932,mp_oct
35,2175.9935,mp_oct
26,2176.2939,mp_oct
35,2176.5942,mp_oct
35,2176.8945,mp_oct
44,2177.1949,mp_oct
44,2177.4952,mp_oct
44,2177.7956,mp_oct
44,2178.0959,mp_oct
35,2178.3962,mp_oct
35,2178.6965,mp_oct
26,2178.9968,mp_oct
32,2179.2971,mp_oct
48,2179.5975,mp_oct
39,2179.8978,mp_oct
39,2180.1982,mp_oct
48,2180.4985,mp_oct
30,2180.7988,mp_oct
30,2181.0992,mp_oct
39,2181.3995,mp_oct
27,2181.6998,mp_oct
39,2182.0001,mp_oct
36,2182.3004,mp_oct
48,2182.6007,mp_oct
36,2182.9012,mp_oct
1,2183.2015,mp_oct
2,2183.5018,mp_oct
30,2183.8021,mp_oct
48,2184.1024,mp_oct
32,2184.4028,mp_oct
1,2184.7031,mp_oct
33,2185.0034,mp_oct
30,2185.3038,mp_oct
30,2185.6041,mp_oct
30,2185.9044,mp_oct
1,2186.2047,mp_oct
2,2186.5051,mp_oct
49,2186.8054,mp_oct
49,2187.1057,mp_oct
30,2187.406,mp_oct
40,2187.7064,mp_oct
38,2188.0067,mp_oct
48,2188.307,mp_oct
38,2188.6074,mp_oct
30,2188.9077,mp_oct
37,2189.208,mp_oct
37,2189.5083,mp_oct
40,2189.8086,mp_oct
28,2190.109,mp_oct
49,2190.4093,mp_oct
40,2190.7097,mp_oct
40,2191.01,mp_oct
40,2191.3104,mp_oct
28,2191.6106,mp_oct
28,2191.911,mp_oct
35,2192.2113,mp_oct
38,2192.5116,mp_oct
37,2192.812,mp_oct
28,2193.1122,mp_oct
28,2193.4125,mp_oct
28,2193.7129,mp_oct
40,2194.0132,mp_oct
40,2194.3136,mp_oct
28,2194.6139,mp_oct
35,2194.9142,mp_oct
35,2195.2146,mp_oct
44,2195.5149,mp_oct
44,2195.8152,mp_oct
30,2196.1156,mp_oct
49,2196.4159,mp_oct
40,2196.7162,mp_oct
40,2197.0165,mp_oct
28,2197.3169,mp_oct
44,2197.6172,mp_oct
33,2197.9175,mp_oct
38,2198.2179,mp_oct
40,2198.5182,mp_oct
37,2198.8185,mp_oct
44,2199.1188,mp_oct
44,2199.4191,mp_oct
26,2199.7195,mp_oct
44,2200.0198,mp_oct
48,2200.3202,mp_oct
48,2200.6204,mp_oct
30,2200.9208,mp_oct
2,2201.2212,mp_oct
36,2201.5215,mp_oct
30,2201.8218,mp_oct
26,2202.1221,mp_oct
33,2202.4224,mp_oct
37,2202.7228,mp_oct
40,2203.0231,mp_oct
49,2203.3235,mp_oct
38,2203.6237,mp_oct
26,2203.9241,mp_oct
48,2204.2244,mp_oct
33,2204.5247,mp_oct
36,2204.8251,mp_oct
36,2205.1254,mp_oct
36,2205.4257,mp_oct
40,2205.726,mp_oct
40,2206.0264,mp_oct
37,2206.3267,mp_oct
40,2206.627,mp_oct
48,2206.9274,mp_oct
33,2207.2277,mp_oct
44,2207.528,mp_oct
44,2207.8283,mp_oct
29,2208.1287,mp_oct
29,2208.429,mp_oct
46,2208.7293,mp_oct
46,2209.0297,mp_oct
8,2209.33,mp_oct
43,2209.6303,mp_oct
46,2209.9306,mp_oct
8,2210.231,mp_oct
8,2210.5313,mp_oct
34,2210.8316,mp_oct
34,2211.1319,mp_oct
50,2211.4323,mp_oct
50,2211.7326,mp_oct
41,2212.0329,mp_oct
6,2212.3332,mp_oct
30,2212.6335,mp_oct
47,2212.9339,mp_oct
3,2213.2342,mp_oct
9,2213.5346,mp_oct
1,2213.8349,mp_oct
47,2214.1353,mp_oct
49,2214.4356,mp_oct
31,2214.7358,mp_oct
49,2215.0362,mp_oct
2,2215.3366,mp_oct
49,2215.6369,mp_oct
28,2215.9372,mp_oct
50,2216.2375,mp_oct
2,2216.5379,mp_oct
8,2216.8382,mp_oct
2,2217.1385,mp_oct
2,2217.4388,mp_oct
50,2217.7392,mp_oct
45,2218.0396,mp_oct
6,2218.3398,mp_oct
45,2218.6402,mp_oct
6,2218.9405,mp_oct
8,2219.2408,mp_oct
34,2219.5411,mp_oct
41,2219.8414,mp_oct
45,2220.1418,mp_oct
6,2220.4421,mp_oct
45,2220.7425,mp_oct
34,2221.0428,mp_oct
43,2221.3432,mp_oct
34,2221.6435,mp_oct
28,2221.9438,mp_oct
41,2222.2442,mp_oct
20,2222.5445,mp_oct
21,2222.8448,mp_oct
43,2223.1451,mp_oct
43,2223.4454,mp_oct
5,2223.7458,mp_oct
16,2224.0461,mp_oct
12,2224.3464,mp_oct
43,2224.6468,mp_oct
46,2224.9471,mp_oct
35,2225.2475,mp_oct
32,2225.5477,mp_oct
30,2225.8481,mp_oct
50,2226.1484,mp_oct
50,2226.4487,mp_oct
38,2226.7491,mp_oct
29,2227.0494,mp_oct
5,2227.3497,mp_oct
4,2227.65,mp_oct
4,2227.9504,mp_oct
2,2228.2507,mp_oct
9,2228.551,mp_oct
4,2228.8513,mp_oct
1,2229.1517,mp_oct
47,2229.452,mp_oct
31,2229.7524,mp_oct
49,2230.0527,mp_oct
49,2230.353,mp_oct
49,2230.6533,mp_oct
49,2230.9537,mp_oct
49,2231.254,mp_oct
49,2231.5543,mp_oct
30,2231.8547,mp_oct
1,2232.155,mp_oct
32,2232.4553,mp_oct
32,2232.7556,mp_oct
32,2233.056,mp_oct
32,2233.3563,mp_oct
48,2233.6566,mp_oct
30,2233.957,mp_oct
2,2234.2573,mp_oct
1,2234.5576,mp_oct
36,2234.858,mp_oct
1,2235.1583,mp_oct
1,2235.4586,mp_oct
30,2235.7589,mp_oct
36,2236.0593,mp_oct
32,2236.3596,mp_oct
30,2236.6599,mp_oct
30,2236.9603,mp_oct
49,2237.2606,mp_oct
30,2237.561,mp_oct
2,2237.8612,mp_oct
36,2238.1616,mp_oct
1,2238.4619,mp_oct
50,2238.7623,mp_oct
2,2239.0626,mp_oct
50,2239.3629,mp_oct
2,2239.6633,mp_oct
50,2239.9636,mp_oct
1,2240.2639,mp_oct
5,2240.5643,mp_oct
2,2240.8645,mp_oct
8,2241.1649,mp_oct
34,2241.4652,mp_oct
41,2241.7655,mp_oct
41,2242.0659,mp_oct
45,2242.3662,mp_oct
45,2242.6666,mp_oct
45,2242.9669,mp_oct
45,2243.2672,mp_oct
41,2243.5675,mp_oct
45,2243.8678,mp_oct
41,2244.1682,mp_oct
41,2244.4685,mp_oct
41,2244.7705,mp_oct
45,2245.0691,mp_oct
41,2245.3695,mp_oct
41,2245.6698,mp_oct
41,2245.9701,mp_oct
41,2246.2705,mp_oct
41,2246.5709,mp_oct
41,2246.8711,mp_oct
18,2247.1715,mp_oct
18,2247.4718,mp_oct
41,2247.7721,mp_oct
16,2248.0725,mp_oct
34,2248.3727,mp_oct
45,2248.6732,mp_oct
6,2248.9784,mp_oct
43,2249.2738,mp_oct
8,2249.5741,mp_oct
8,2249.8744,mp_oct
35,2250.1748,mp_oct
35,2250.4751,mp_oct
26,2250.7755,mp_oct
37,2251.0758,mp_oct
26,2251.3761,mp_oct
26,2251.6764,mp_oct
38,2251.9768,mp_oct
28,2252.2771,mp_oct
26,2252.5774,mp_oct
35,2252.8778,mp_oct
44,2253.1781,mp_oct
44,2253.4784,mp_oct
33,2253.7788,mp_oct
37,2254.0791,mp_oct
37,2254.3794,mp_oct
37,2254.6797,mp_oct
37,2254.9801,mp_oct
26,2255.2804,mp_oct
38,2255.5807,mp_oct
28,2255.881,mp_oct
40,2256.1814,mp_oct
40,2256.4816,mp_oct
38,2256.782,mp_oct
35,2257.0824,mp_oct
43,2257.3827,mp_oct
34,2257.683,mp_oct
34,2257.9834,mp_oct
8,2258.2837,mp_oct
5,2258.584,mp_oct
18,2258.8844,mp_oct
18,2259.1847,mp_oct
18,2259.485,mp_oct
18,2259.7853,mp_oct
18,2260.0856,mp_oct
18,2260.386,mp_oct
41,2260.6863,mp_oct
6,2260.9866,mp_oct
8,2261.287,mp_oct
6,2261.5873,mp_oct
41,2261.8876,mp_oct
41,2262.1879,mp_oct
41,2262.4882,mp_oct
41,2262.7886,mp_oct
16,2263.0889,mp_oct
41,2263.3893,mp_oct
41,2263.6896,mp_oct
41,2263.99,mp_oct
41,2264.2902,mp_oct
41,2264.5906,mp_oct
41,2264.8909,mp_oct
41,2265.1912,mp_oct
41,2265.4915,mp_oct
41,2265.7919,mp_oct
41,2266.0922,mp_oct
41,2266.3925,mp_oct
18,2266.6928,mp_oct
16,2266.9932,mp_oct
8,2267.2936,mp_oct
17,2267.5939,mp_oct
41,2267.8942,mp_oct
41,2268.1945,mp_oct
41,2268.4948,mp_oct
5,2268.7951,mp_oct
43,2269.0955,mp_oct
34,2269.3958,mp_oct
18,2269.6962,mp_oct
41,2269.9964,mp_oct
41,2270.2969,mp_oct
6,2270.5972,mp_oct
41,2270.8975,mp_oct
18,2271.1978,mp_oct
18,2271.4981,mp_oct
18,2271.7985,mp_oct
41,2272.0988,mp_oct
45,2272.3991,mp_oct
3,2272.6995,mp_oct
3,2272.9997,mp_oct
4,2273.3001,mp_oct
47,2273.6004,mp_oct
47,2273.9008,mp_oct
47,2274.4614,mp_oct
9,2274.7617,mp_oct
4,2275.0621,mp_oct
48,2275.3623,mp_oct
30,2275.6627,mp_oct
31,2275.963,mp_oct
47,2276.2633,mp_oct
30,2276.5637,mp_oct
48,2276.864,mp_oct
48,2277.1643,mp_oct
34,2277.4646,mp_oct
2,2277.765,mp_oct
50,2278.0653,mp_oct
50,2278.3656,mp_oct
50,2278.666,mp_oct
2,2278.9663,mp_oct
45,2279.2666,mp_oct
30,2279.5669,mp_oct
2,2279.8673,mp_oct
50,2280.1676,mp_oct
2,2280.4679,mp_oct
49,2280.7683,mp_oct
50,2281.0685,mp_oct
45,2281.3689,mp_oct
45,2281.6693,mp_oct
5,2281.9696,mp_oct
9,2282.2699,mp_oct
32,2282.5703,mp_oct
32,2282.8706,mp_oct
48,2283.1709,mp_oct
2,2283.4713,mp_oct
49,2283.7716,mp_oct
40,2284.0719,mp_oct
49,2284.3722,mp_oct
48,2284.6725,mp_oct
48,2284.9729,mp_oct
48,2285.2732,mp_oct
31,2285.5735,mp_oct
30,2285.8739,mp_oct
40,2286.1742,mp_oct
30,2286.4745,mp_oct
32,2286.7748,mp_oct
39,2287.0752,mp_oct
48,2287.3755,mp_oct
48,2287.6758,mp_oct
32,2287.9762,mp_oct
32,2288.2765,mp_oct
48,2288.5769,mp_oct
30,2288.8771,mp_oct
1,2289.1775,mp_oct
29,2289.4779,mp_oct
34,2289.7782,mp_oct
4,2290.0785,mp_oct
2,2290.3788,mp_oct
2,2290.6791,mp_oct
50,2290.9794,mp_oct
50,2291.2798,mp_oct
2,2291.5801,mp_oct
5,2291.8805,mp_oct
29,2292.1808,mp_oct
29,2292.4811,mp_oct
29,2292.7815,mp_oct
48,2293.0818,mp_oct
30,2293.3821,mp_oct
30,2293.6825,mp_oct
7,2293.9828,mp_oct
36,2294.2831,mp_oct
49,2294.5835,mp_oct
40,2294.8838,mp_oct
40,2295.1841,mp_oct
40,2295.4844,mp_oct
31,2295.7848,mp_oct
49,2296.0851,mp_oct
40,2296.3854,mp_oct
49,2296.6858,mp_oct
40,2296.9861,mp_oct
40,2297.2864,mp_oct
50,2297.5868,mp_oct
50,2297.8871,mp_oct
50,2298.1875,mp_oct
50,2298.4877,mp_oct
45,2298.7881,mp_oct
4,2299.0884,mp_oct
9,2299.3887,mp_oct
7,2299.6891,mp_oct
1,2299.9894,mp_oct
47,2300.2897,mp_oct
49,2300.59,mp_oct
40,2300.8904,mp_oct
50,2301.1906,mp_oct
40,2301.491,mp_oct
49,2301.7913,mp_oct
40,2302.0917,mp_oct
29,2302.392,mp_oct
9,2302.6923,mp_oct
29,2302.9927,mp_oct
38,2303.293,mp_oct
8,2303.5934,mp_oct
29,2303.8936,mp_oct
32,2304.194,mp_oct
2,2304.4942,mp_oct
50,2304.7946,mp_oct
50,2305.0949,mp_oct
45,2305.3953,mp_oct
5,2305.6956,mp_oct
45,2305.996,mp_oct
41,2306.2962,mp_oct
8,2306.5966,mp_oct
5,2306.8969,mp_oct
43,2307.1972,mp_oct
29,2307.4976,mp_oct
32,2307.798,mp_oct
48,2308.0983,mp_oct
48,2308.3986,mp_oct
36,2308.6989,mp_oct
32,2308.9993,mp_oct
32,2309.2996,mp_oct
29,2309.5999,mp_oct
2,2309.9003,mp_oct
28,2310.2006,mp_oct
29,2310.5009,mp_oct
29,2310.8012,mp_oct
32,2311.1016,mp_oct
48,2311.4019,mp_oct
48,2311.7023,mp_oct
37,2312.0025,mp_oct
49,2312.3029,mp_oct
49,2312.6032,mp_oct
49,2312.9035,mp_oct
49,2313.2039,mp_oct
37,2313.5042,mp_oct
49,2313.8045,mp_oct
1,2314.1049,mp_oct
32,2314.4052,mp_oct
32,2314.7055,mp_oct
1,2315.0059,mp_oct
33,2315.3062,mp_oct
37,2315.6066,mp_oct
37,2315.9069,mp_oct
40,2316.2072,mp_oct
26,2316.5075,mp_oct
26,2316.8079,mp_oct
38,2317.1082,mp_oct
38,2317.4085,mp_oct
38,2317.7089,mp_oct
28,2318.0092,mp_oct
34,2318.3095,mp_oct
46,2318.6098,mp_oct
2,2318.9101,mp_oct
6,2319.2105,mp_oct
43,2319.5108,mp_oct
4,2319.8111,mp_oct
47,2320.1115,mp_oct
5,2320.4118,mp_oct
50,2320.7121,mp_oct
30,2321.0125,mp_oct
30,2321.3128,mp_oct
45,2321.6131,mp_oct
50,2321.9134,mp_oct
50,2322.2138,mp_oct
2,2322.5141,mp_oct
5,2322.8144,mp_oct
29,2323.1148,mp_oct
32,2323.4151,mp_oct
48,2323.7154,mp_oct
30,2324.0158,mp_oct
49,2324.3161,mp_oct
30,2324.6165,mp_oct
30,2324.9176,mp_oct
1,2325.2171,mp_oct
32,2325.5174,mp_oct
27,2325.8178,mp_oct
36,2326.118,mp_oct
36,2326.4184,mp_oct
30,2326.7187,mp_oct
31,2327.019,mp_oct
1,2327.3194,mp_oct
36,2327.6198,mp_oct
48,2327.9201,mp_oct
32,2328.2204,mp_oct
30,2328.5207,mp_oct
1,2328.8211,mp_oct
30,2329.1214,mp_oct
49,2329.4217,mp_oct
30,2329.7221,mp_oct
49,2330.0224,mp_oct
30,2330.3227,mp_oct
1,2330.623,mp_oct
49,2330.9234,mp_oct
50,2331.2237,mp_oct
2,2331.524,mp_oct
2,2331.8244,mp_oct
50,2332.1248,mp_oct
50,2332.4251,mp_oct
5,2332.7254,mp_oct
29,2333.0256,mp_oct
46,2333.326,mp_oct
4,2333.6263,mp_oct
4,2333.9267,mp_oct
32,2334.227,mp_oct
48,2334.5273,mp_oct
30,2334.8276,mp_oct
30,2335.128,mp_oct
2,2335.4283,mp_oct
2,2335.7286,mp_oct
2,2336.029,mp_oct
49,2336.3293,mp_oct
50,2336.6297,mp_oct
38,2336.93,mp_oct
2,2337.2303,mp_oct
50,2337.5307,mp_oct
50,2337.8309,mp_oct
2,2338.1312,mp_oct
35,2338.4316,mp_oct
13,2338.732,mp_oct
35,2339.0323,mp_oct
26,2339.3326,mp_oct
38,2339.633,mp_oct
28,2339.9333,mp_oct
28,2340.2336,mp_oct
45,2340.534,mp_oct
45,2340.8342,mp_oct
41,2341.1346,mp_oct
38,2341.4349,mp_oct
26,2341.7353,mp_oct
26,2342.0356,mp_oct
10,2342.3359,mp_oct
15,2342.6363,mp_oct
12,2342.9366,mp_oct
12,2343.2369,mp_oct
19,2343.5373,mp_oct
19,2343.8376,mp_oct
43,2344.1379,mp_oct
5,2344.4382,mp_oct
3,2344.7386,mp_oct
3,2345.0389,mp_oct
4,2345.3392,mp_oct
47,2345.6396,mp_oct
2,2345.9399,mp_oct
50,2346.2402,mp_oct
50,2346.5406,mp_oct
6,2346.8409,mp_oct
50,2347.1412,mp_oct
2,2347.4415,mp_oct
41,2347.7418,mp_oct
6,2348.0422,mp_oct
41,2348.3425,mp_oct
41,2348.6428,mp_oct
41,2348.9432,mp_oct
41,2349.2436,mp_oct
41,2349.5438,mp_oct
41,2349.8442,mp_oct
45,2350.1445,mp_oct
5,2350.4448,mp_oct
8,2350.7452,mp_oct
43,2351.0455,mp_oct
34,2351.3459,mp_oct
45,2351.6462,mp_oct
45,2351.9465,mp_oct
8,2352.2468,mp_oct
43,2352.5472,mp_oct
8,2352.8476,mp_oct
29,2353.1478,mp_oct
32,2353.4482,mp_oct
1,2353.7485,mp_oct
49,2354.0488,mp_oct
30,2354.3492,mp_oct
30,2354.6495,mp_oct
49,2354.9498,mp_oct
29,2355.2501,mp_oct
5,2355.5505,mp_oct
30,2355.8508,mp_oct
50,2356.1511,mp_oct
45,2356.4514,mp_oct
45,2356.7518,mp_oct
5,2357.0521,mp_oct
45,2357.3525,mp_oct
41,2357.6527,mp_oct
41,2357.9531,mp_oct
41,2358.2534,mp_oct
41,2358.5537,mp_oct
41,2358.854,mp_oct
41,2359.1544,mp_oct
41,2359.4548,mp_oct
41,2359.7551,mp_oct
41,2360.0555,mp_oct
41,2360.3557,mp_oct
18,2360.6561,mp_oct
34,2360.9564,mp_oct
43,2361.2567,mp_oct
8,2361.5571,mp_oct
18,2361.8574,mp_oct
18,2362.1577,mp_oct
18,2362.458,mp_oct
41,2362.7584,mp_oct
41,2363.0587,mp_oct
41,2363.359,mp_oct
41,2363.6594,mp_oct
41,2363.9596,mp_oct
45,2364.26,mp_oct
5,2364.5603,mp_oct
3,2364.8607,mp_oct
4,2365.161,mp_oct
6,2365.4613,mp_oct
18,2365.7617,mp_oct
45,2366.062,mp_oct
41,2366.3623,mp_oct
45,2366.6627,mp_oct
41,2366.963,mp_oct
45,2367.2633,mp_oct
41,2367.5636,mp_oct
45,2367.864,mp_oct
18,2368.1643,mp_oct
18,2368.4646,mp_oct
18,2368.765,mp_oct
18,2369.0653,mp_oct
41,2369.3656,mp_oct
41,2369.666,mp_oct
18,2369.9663,mp_oct
6,2370.2666,mp_oct
43,2370.5669,mp_oct
43,2370.8673,mp_oct
8,2371.1676,mp_oct
34,2371.4679,mp_oct
5,2371.7683,mp_oct
5,2372.0685,mp_oct
34,2372.3689,mp_oct
5,2372.6692,mp_oct
45,2372.9696,mp_oct
6,2373.2699,mp_oct
46,2373.5702,mp_oct
46,2373.8706,mp_oct
43,2374.1709,mp_oct
46,2374.4712,mp_oct
43,2374.7715,mp_oct
43,2375.0718,mp_oct
43,2375.3721,mp_oct
43,2375.6725,mp_oct
43,2375.9729,mp_oct
43,2376.2732,mp_oct
43,2376.5735,mp_oct
43,2376.8738,mp_oct
43,2377.1742,mp_oct
43,2377.4745,mp_oct
43,2377.7748,mp_oct
43,2378.0751,mp_oct
3,2378.3755,mp_oct
3,2378.6758,mp_oct
3,2378.9761,mp_oct
9,2379.2765,mp_oct
4,2379.5768,mp_oct
7,2379.8771,mp_oct
32,2380.1775,mp_oct
29,2380.4778,mp_oct
48,2380.7781,mp_oct
32,2381.0785,mp_oct
32,2381.3788,mp_oct
43,2381.6791,mp_oct
43,2381.9794,mp_oct
8,2382.2797,mp_oct
46,2382.5801,mp_oct
43,2382.8804,mp_oct
35,2383.1808,mp_oct
35,2383.4811,mp_oct
44,2383.7814,mp_oct
46,2384.0817,mp_oct
29,2384.382,mp_oct
29,2384.6824,mp_oct
2,2384.9827,mp_oct
2,2385.283,mp_oct
6,2385.5834,mp_oct
34,2385.8837,mp_oct
5,2386.184,mp_oct
46,2386.4844,mp_oct
35,2386.7847,mp_oct
26,2387.0851,mp_oct
35,2387.3854,mp_oct
35,2387.6857,mp_oct
38,2387.9861,mp_oct
2,2388.2864,mp_oct
28,2388.5867,mp_oct
8,2388.887,mp_oct
43,2389.1873,mp_oct
8,2389.4876,mp_oct
6,2389.788,mp_oct
6,2390.0884,mp_oct
41,2390.3887,mp_oct
41,2390.689,mp_oct
6,2390.9893,mp_oct
43,2391.2897,mp_oct
8,2391.59,mp_oct
26,2391.8903,mp_oct
26,2392.1907,mp_oct
38,2392.4909,mp_oct
2,2392.7913,mp_oct
26,2393.0916,mp_oct
44,2393.3919,mp_oct
44,2393.6923,mp_oct
33,2393.9926,mp_oct
48,2394.293,mp_oct
35,2394.5932,mp_oct
35,2394.8936,mp_oct
38,2395.194,mp_oct
40,2395.4942,mp_oct
28,2395.7946,mp_oct
42,2396.0949,mp_oct
26,2396.3952,mp_oct
26,2396.6956,mp_oct
38,2396.9959,mp_oct
26,2397.2962,mp_oct
26,2397.5966,mp_oct
28,2397.8969,mp_oct
34,2398.1972,mp_oct
26,2398.4976,mp_oct
26,2398.7979,mp_oct
38,2399.0982,mp_oct
35,2399.3985,mp_oct
26,2399.6988,mp_oct
26,2399.9992,mp_oct
46,2400.2995,mp_oct
32,2400.5998,mp_oct
32,2400.9002,mp_oct
29,2401.2005,mp_oct
32,2401.5008,mp_oct
32,2401.8012,mp_oct
9,2402.1015,mp_oct
9,2402.4018,mp_oct
48,2402.7022,mp_oct
47,2403.0025,mp_oct
4,2403.3028,mp_oct
9,2403.6032,mp_oct
3,2403.9035,mp_oct
4,2404.2038,mp_oct
4,2404.5041,mp_oct
2,2404.8044,mp_oct
38,2405.1048,mp_oct
2,2405.4051,mp_oct
50,2405.7054,mp_oct
30,2406.0058,mp_oct
2,2406.3061,mp_oct
2,2406.6064,mp_oct
2,2406.9068,mp_oct
50,2407.2071,mp_oct
47,2407.5074,mp_oct
30,2407.8077,mp_oct
2,2408.1081,mp_oct
30,2408.4084,mp_oct
30,2408.7088,mp_oct
2,2409.009,mp_oct
45,2409.3094,mp_oct
6,2409.6097,mp_oct
46,2409.91,mp_oct
8,2410.2104,mp_oct
43,2410.5107,mp_oct
8,2410.811,mp_oct
8,2411.1113,mp_oct
43,2411.4117,mp_oct
3,2411.712,mp_oct
3,2412.0123,mp_oct
9,2412.3127,mp_oct
9,2412.613,mp_oct
9,2412.9133,mp_oct
29,2413.2137,mp_oct
29,2413.514,mp_oct
47,2413.8143,mp_oct
47,2414.1147,mp_oct
30,2414.415,mp_oct
50,2414.7153,mp_oct
8,2415.0156,mp_oct
5,2415.3159,mp_oct
8,2415.6163,mp_oct
29,2415.9166,mp_oct
29,2416.217,mp_oct
47,2416.5172,mp_oct
47,2416.8176,mp_oct
4,2417.118,mp_oct
2,2417.4183,mp_oct
47,2417.7186,mp_oct
9,2418.0189,mp_oct
5,2418.3192,mp_oct
50,2418.6196,mp_oct
28,2418.9199,mp_oct
2,2419.2202,mp_oct
28,2419.5205,mp_oct
45,2419.8209,mp_oct
50,2420.1212,mp_oct
5,2420.4215,mp_oct
6,2420.7219,mp_oct
5,2421.0222,mp_oct
41,2421.3226,mp_oct
45,2421.6228,mp_oct
34,2421.9232,mp_oct
5,2422.2235,mp_oct
46,2422.5238,mp_oct
4,2422.8242,mp_oct
47,2423.1245,mp_oct
4,2423.4248,mp_oct
9,2423.7252,mp_oct
9,2424.0255,mp_oct
4,2424.3259,mp_oct
47,2424.6261,mp_oct
29,2424.9265,mp_oct
29,2425.2268,mp_oct
9,2425.5271,mp_oct
4,2425.8275,mp_oct
50,2426.1278,mp_oct
50,2426.4281,mp_oct
47,2426.7284,mp_oct
47,2427.0288,mp_oct
4,2427.3291,mp_oct
9,2427.6294,mp_oct
4,2427.9298,mp_oct
45,2428.2301,mp_oct
18,2428.5304,mp_oct
8,2428.8307,mp_oct
8,2429.1311,mp_oct
6,2429.4314,mp_oct
6,2429.7317,mp_oct
6,2430.032,mp_oct
41,2430.3324,mp_oct
34,2430.6328,mp_oct
3,2430.933,mp_oct
3,2431.2334,mp_oct
9,2431.5337,mp_oct
4,2431.834,mp_oct
28,2432.1344,mp_oct
47,2432.4347,mp_oct
2,2432.7349,mp_oct
47,2433.0354,mp_oct
3,2433.3357,mp_oct
3,2433.636,mp_oct
3,2433.9363,mp_oct
4,2434.2367,mp_oct
4,2434.537,mp_oct
3,2434.8373,mp_oct
3,2435.1376,mp_oct
3,2435.438,mp_oct
3,2435.7383,mp_oct
4,2436.0387,mp_oct
5,2436.3389,mp_oct
34,2436.6393,mp_oct
6,2436.9396,mp_oct
6,2437.2399,mp_oct
4,2437.5403,mp_oct
3,2437.8406,mp_oct
3,2438.1409,mp_oct
47,2438.4412,mp_oct
3,2438.7416,mp_oct
4,2439.0419,mp_oct
3,2439.3422,mp_oct
3,2439.6426,mp_oct
9,2439.9429,mp_oct
9,2440.2433,mp_oct
3,2440.5436,mp_oct
3,2440.8439,mp_oct
4,2441.1443,mp_oct
47,2441.4445,mp_oct
47,2441.7448,mp_oct
9,2442.0452,mp_oct
4,2442.3455,mp_oct
47,2442.6459,mp_oct
47,2442.9462,mp_oct
9,2443.2465,mp_oct
9,2443.5468,mp_oct
9,2443.8472,mp_oct
9,2444.1476,mp_oct
3,2444.4478,mp_oct
5,2444.7482,mp_oct
47,2445.0484,mp_oct
47,2445.3497,mp_oct
9,2445.6492,mp_oct
9,2445.9494,mp_oct
47,2446.2498,mp_oct
50,2446.5501,mp_oct
4,2446.8504,mp_oct
28,2447.1508,mp_oct
2,2447.4511,mp_oct
50,2447.7514,mp_oct
49,2448.0518,mp_oct
45,2448.3521,mp_oct
45,2448.6524,mp_oct
4,2448.9528,mp_oct
9,2449.2531,mp_oct
4,2449.5534,mp_oct
47,2449.8537,mp_oct
2,2450.154,mp_oct
2,2450.4544,mp_oct
47,2450.7547,mp_oct
9,2451.0551,mp_oct
4,2451.3554,mp_oct
2,2451.6557,mp_oct
50,2451.956,mp_oct
2,2452.2564,mp_oct
18,2452.5567,mp_oct
47,2452.857,mp_oct
5,2453.1574,mp_oct
3,2453.4576,mp_oct
9,2453.758,mp_oct
7,2454.0584,mp_oct
7,2454.3587,mp_oct
7,2454.659,mp_oct
36,2454.9594,mp_oct
31,2455.2597,mp_oct
1,2455.5601,mp_oct
7,2455.8603,mp_oct
7,2456.1606,mp_oct
7,2457.0616,mp_oct
7,2457.362,mp_oct
9,2457.6623,mp_oct
9,2457.9626,mp_oct
9,2458.263,mp_oct
9,2458.5633,mp_oct
47,2458.8636,mp_oct
47,2459.1639,mp_oct
49,2459.4643,mp_oct
31,2459.7646,mp_oct
2,2460.065,mp_oct
8,2460.3653,mp_oct
8,2460.6656,mp_oct
34,2460.9659,mp_oct
43,2461.2662,mp_oct
34,2461.5666,mp_oct
5,2461.8669,mp_oct
43,2462.1672,mp_oct
4,2462.4684,mp_oct
4,2462.7678,mp_oct
3,2463.0682,mp_oct
9,2463.3685,mp_oct
47,2463.6688,mp_oct
28,2463.9692,mp_oct
45,2464.2696,mp_oct
34,2464.5699,mp_oct
5,2464.8702,mp_oct
3,2465.1705,mp_oct
9,2465.4708,mp_oct
18,2465.7712,mp_oct
41,2466.0715,mp_oct
34,2466.3718,mp_oct
4,2466.6721,mp_oct
47,2466.9725,mp_oct
18,2467.2728,mp_oct
41,2467.5731,mp_oct
6,2467.8734,mp_oct
34,2468.1738,mp_oct
6,2468.4741,mp_oct
41,2468.7744,mp_oct
47,2469.0748,mp_oct
47,2469.3751,mp_oct
19,2469.6755,mp_oct
3,2469.9758,mp_oct
4,2470.2761,mp_oct
47,2470.5764,mp_oct
6,2470.8768,mp_oct
41,2471.1771,mp_oct
34,2471.4774,mp_oct
18,2471.7777,mp_oct
45,2472.0781,mp_oct
4,2472.3784,mp_oct
47,2472.6787,mp_oct
6,2472.9799,mp_oct
41,2473.2794,mp_oct
41,2473.5797,mp_oct
4,2473.88,mp_oct
47,2474.1804,mp_oct
41,2474.4807,mp_oct
45,2474.781,mp_oct
4,2475.0814,mp_oct
3,2475.3817,mp_oct
3,2475.682,mp_oct
5,2475.9823,mp_oct
18,2476.2827,mp_oct
18,2476.583,mp_oct
34,2476.8833,mp_oct
4,2477.1836,mp_oct
47,2477.484,mp_oct
41,2477.7843,mp_oct
47,2478.0846,mp_oct
18,2478.385,mp_oct
41,2478.6853,mp_oct
41,2478.9856,mp_oct
47,2479.2859,mp_oct
6,2479.5863,mp_oct
41,2479.8866,mp_oct
34,2480.1869,mp_oct
3,2480.4873,mp_oct
9,2480.7876,mp_oct
47,2481.0879,mp_oct
18,2481.3883,mp_oct
5,2481.6886,mp_oct
9,2481.989,mp_oct
4,2482.2892,mp_oct
47,2482.5895,mp_oct
50,2482.8898,mp_oct
47,2483.1903,mp_oct
47,2483.4905,mp_oct
50,2483.7909,mp_oct
47,2484.0912,mp_oct
2,2484.3916,mp_oct
50,2484.6919,mp_oct
50,2484.9921,mp_oct
41,2485.2924,mp_oct
41,2485.5928,mp_oct
6,2485.8932,mp_oct
5,2486.1935,mp_oct
5,2486.4938,mp_oct
6,2486.7941,mp_oct
18,2487.0945,mp_oct
41,2487.3948,mp_oct
41,2487.6951,mp_oct
8,2487.9955,mp_oct
6,2488.2958,mp_oct
18,2488.5962,mp_oct
47,2488.8964,mp_oct
34,2489.1968,mp_oct
18,2489.4971,mp_oct
18,2489.7975,mp_oct
18,2490.0978,mp_oct
18,2490.3981,mp_oct
47,2490.6984,mp_oct
18,2490.9987,mp_oct
18,2491.2991,mp_oct
5,2491.6003,mp_oct
34,2491.8997,mp_oct
41,2492.2001,mp_oct
34,2492.5004,mp_oct
16,2492.8007,mp_oct
18,2493.1011,mp_oct
3,2493.4013,mp_oct
8,2493.7017,mp_oct
3,2494.002,mp_oct
9,2494.3024,mp_oct
47,2494.6027,mp_oct
4,2494.903,mp_oct
9,2495.2033,mp_oct
30,2495.5036,mp_oct
40,2495.804,mp_oct
50,2496.1044,mp_oct
4,2496.4047,mp_oct
4,2496.705,mp_oct
47,2497.0052,mp_oct
2,2497.3057,mp_oct
2,2497.606,mp_oct
2,2497.9063,mp_oct
45,2498.2066,mp_oct
5,2498.5069,mp_oct
3,2498.8073,mp_oct
3,2499.1076,mp_oct
8,2499.4079,mp_oct
3,2499.7082,mp_oct
43,2500.0086,mp_oct
43,2500.309,mp_oct
46,2500.6093,mp_oct
46,2500.9095,mp_oct
46,2501.2099,mp_oct
46,2501.5103,mp_oct
3,2501.8105,mp_oct
24,2502.1109,mp_oct
25,2502.4112,mp_oct
43,2502.7116,mp_oct
46,2503.0119,mp_oct
3,2503.3122,mp_oct
3,2503.6125,mp_oct
46,2503.9129,mp_oct
25,2504.2131,mp_oct
43,2504.5135,mp_oct
24,2504.8138,mp_oct
43,2505.1142,mp_oct
25,2505.4145,mp_oct
25,2505.7148,mp_oct
25,2506.0152,mp_oct
25,2506.3155,mp_oct
25,2506.6158,mp_oct
8,2506.9161,mp_oct
8,2507.2164,mp_oct
43,2507.5167,mp_oct
43,2507.8171,mp_oct
43,2508.1174,mp_oct
12,2508.4178,mp_oct
12,2508.7181,mp_oct
12,2509.0184,mp_oct
12,2509.3188,mp_oct
43,2509.6191,mp_oct
43,2509.9194,mp_oct
43,2510.2197,mp_oct
43,2510.5201,mp_oct
43,2510.8204,mp_oct
43,2511.1207,mp_oct
43,2511.421,mp_oct
43,2511.7213,mp_oct
25,2512.0216,mp_oct
3,2512.322,mp_oct
3,2512.6224,mp_oct
25,2512.9227,mp_oct
46,2513.2229,mp_oct
4,2513.5233,mp_oct
47,2513.8236,mp_oct
6,2514.124,mp_oct
45,2514.4243,mp_oct
6,2514.7246,mp_oct
6,2515.025,mp_oct
41,2515.3252,mp_oct
45,2515.6256,mp_oct
34,2515.9259,mp_oct
45,2516.2262,mp_oct
34,2516.5266,mp_oct
45,2516.8269,mp_oct
25,2517.1273,mp_oct
3,2517.4276,mp_oct
3,2517.7279,mp_oct
25,2518.0282,mp_oct
3,2518.3285,mp_oct
3,2518.6289,mp_oct
3,2518.9292,mp_oct
46,2519.2295,mp_oct
8,2519.5299,mp_oct
34,2519.8301,mp_oct
5,2520.1305,mp_oct
43,2520.4308,mp_oct
3,2520.7312,mp_oct
3,2521.0315,mp_oct
5,2521.3318,mp_oct
4,2521.6321,mp_oct
3,2521.9324,mp_oct
9,2522.2328,mp_oct
47,2522.5331,mp_oct
50,2522.8334,mp_oct
2,2523.1338,mp_oct
9,2523.4341,mp_oct
4,2523.7344,mp_oct
47,2524.0348,mp_oct
9,2524.3351,mp_oct
4,2524.6354,mp_oct
47,2524.9357,mp_oct
2,2525.2361,mp_oct
2,2525.5364,mp_oct
9,2525.8367,mp_oct
4,2526.137,mp_oct
2,2526.4373,mp_oct
50,2526.7377,mp_oct
47,2527.038,mp_oct
47,2527.3383,mp_oct
50,2527.6387,mp_oct
45,2527.939,mp_oct
47,2528.2393,mp_oct
50,2528.5397,mp_oct
47,2528.8401,mp_oct
34,2529.1403,mp_oct
45,2529.4406,mp_oct
6,2529.741,mp_oct
41,2530.0413,mp_oct
6,2530.3416,mp_oct
45,2530.6419,mp_oct
6,2530.9422,mp_oct
34,2531.2426,mp_oct
3,2531.5429,mp_oct
4,2531.8433,mp_oct
6,2532.1436,mp_oct
41,2532.4438,mp_oct
6,2532.7442,mp_oct
18,2533.0445,mp_oct
41,2533.3449,mp_oct
6,2533.6452,mp_oct
45,2533.9456,mp_oct
5,2534.2459,mp_oct
43,2534.5462,mp_oct
29,2534.8465,mp_oct
2,2535.1468,mp_oct
45,2535.4472,mp_oct
5,2535.7475,mp_oct
29,2536.0478,mp_oct
3,2536.3482,mp_oct
5,2536.6484,mp_oct
4,2536.9488,mp_oct
4,2537.2491,mp_oct
9,2537.5495,mp_oct
9,2537.8498,mp_oct
9,2538.1501,mp_oct
9,2538.4504,mp_oct
9,2538.7508,mp_oct
9,2539.0511,mp_oct
43,2539.3514,mp_oct
8,2539.6517,mp_oct
43,2539.952,mp_oct
43,2540.2524,mp_oct
43,2540.5527,mp_oct
43,2540.853,mp_oct
5,2541.1534,mp_oct
4,2541.4537,mp_oct
3,2541.754,mp_oct
3,2542.0544,mp_oct
3,2542.3547,mp_oct
4,2542.655,mp_oct
8,2542.9553,mp_oct
1,2543.2557,mp_oct
32,2543.556,mp_oct
29,2543.8563,mp_oct
44,2544.1567,mp_oct
44,2544.457,mp_oct
35,2544.7573,mp_oct
8,2545.0576,mp_oct
43,2545.358,mp_oct
29,2545.6583,mp_oct
8,2545.9586,mp_oct
6,2546.2589,mp_oct
45,2546.5593,mp_oct
45,2546.8596,mp_oct
6,2547.1599,mp_oct
43,2547.4603,mp_oct
35,2547.7606,mp_oct
5,2548.0609,mp_oct
26,2548.3612,mp_oct
44,2548.6615,mp_oct
44,2548.9619,mp_oct
44,2549.2622,mp_oct
44,2549.5626,mp_oct
44,2549.8629,mp_oct
44,2550.1632,mp_oct
44,2550.4636,mp_oct
44,2550.7638,mp_oct
44,2551.0642,mp_oct
44,2551.3645,mp_oct
44,2551.6648,mp_oct
33,2551.9652,mp_oct
33,2552.2655,mp_oct
1,2552.5658,mp_oct
48,2552.8662,mp_oct
32,2553.1665,mp_oct
48,2553.4668,mp_oct
32,2553.7671,mp_oct
9,2554.0675,mp_oct
9,2554.3678,mp_oct
4,2554.6681,mp_oct
3,2554.9684,mp_oct
3,2555.2688,mp_oct
3,2555.5691,mp_oct
3,2555.8694,mp_oct
4,2556.1697,mp_oct
6,2556.47,mp_oct
4,2556.7704,mp_oct
3,2557.0707,mp_oct
4,2557.371,mp_oct
47,2557.6713,mp_oct
4,2557.9716,mp_oct
4,2558.272,mp_oct
9,2558.5724,mp_oct
38,2558.8726,mp_oct
32,2559.173,mp_oct
48,2559.4733,mp_oct
47,2559.7737,mp_oct
31,2560.074,mp_oct
31,2560.3743,mp_oct
1,2560.6746,mp_oct
47,2560.975,mp_oct
30,2561.2753,mp_oct
49,2561.5756,mp_oct
40,2561.8759,mp_oct
47,2562.1763,mp_oct
9,2562.4765,mp_oct
4,2562.7769,mp_oct
9,2563.0773,mp_oct
32,2563.3776,mp_oct
32,2563.678,mp_oct
35,2563.9782,mp_oct
35,2564.2786,mp_oct
35,2564.5789,mp_oct
26,2564.8792,mp_oct
26,2565.1796,mp_oct
26,2565.4799,mp_oct
26,2565.7802,mp_oct
33,2566.0805,mp_oct
40,2566.3809,mp_oct
26,2566.6812,mp_oct
28,2566.9815,mp_oct
17,2567.2818,mp_oct
41,2567.5821,mp_oct
6,2567.8825,mp_oct
6,2568.1828,mp_oct
41,2568.4831,mp_oct
6,2568.7835,mp_oct
6,2569.0838,mp_oct
19,2569.3841,mp_oct
28,2569.6844,mp_oct
19,2569.9847,mp_oct
34,2570.2851,mp_oct
11,2570.5854,mp_oct
41,2570.8857,mp_oct
19,2571.186,mp_oct
17,2571.4864,mp_oct
11,2571.7867,mp_oct
11,2572.087,mp_oct
41,2572.3874,mp_oct
11,2572.6877,mp_oct
6,2572.988,mp_oct
28,2573.2884,mp_oct
41,2573.5887,mp_oct
28,2573.889,mp_oct
17,2574.1893,mp_oct
19,2574.4897,mp_oct
45,2574.79,mp_oct
19,2575.0903,mp_oct
14,2575.3906,mp_oct
17,2575.6909,mp_oct
17,2575.9913,mp_oct
17,2576.2916,mp_oct
19,2576.5919,mp_oct
12,2576.8923,mp_oct
26,2577.1926,mp_oct
26,2577.4929,mp_oct
5,2577.7933,mp_oct
35,2578.0936,mp_oct
35,2578.3939,mp_oct
35,2578.6942,mp_oct
35,2578.9946,mp_oct
35,2579.2949,mp_oct
38,2579.5952,mp_oct
38,2579.8955,mp_oct
41,2580.1959,mp_oct
38,2580.4962,mp_oct
17,2580.7965,mp_oct
28,2581.0969,mp_oct
28,2581.3972,mp_oct
6,2581.6975,mp_oct
15,2581.9978,mp_oct
10,2582.2982,mp_oct
10,2582.5985,mp_oct
11,2582.8988,mp_oct
11,2583.1991,mp_oct
11,2583.4995,mp_oct
11,2583.7998,mp_oct
10,2584.1001,mp_oct
10,2584.4004,mp_oct
42,2584.7007,mp_oct
10,2585.001,mp_oct
5,2585.3014,mp_oct
5,2585.6017,mp_oct
35,2585.902,mp_oct
35,2586.2024,mp_oct
43,2586.5027,mp_oct
43,2586.803,mp_oct
13,2587.1034,mp_oct
10,2587.4037,mp_oct
28,2587.7041,mp_oct
41,2588.0044,mp_oct
17,2588.3047,mp_oct
34,2588.605,mp_oct
45,2588.9053,mp_oct
41,2589.2057,mp_oct
41,2589.506,mp_oct
13,2589.8063,mp_oct
17,2590.1066,mp_oct
17,2590.4069,mp_oct
17,2590.7073,mp_oct
21,2591.0076,mp_oct
14,2591.3079,mp_oct
21,2591.6083,mp_oct
14,2591.9086,mp_oct
20,2592.2089,mp_oct
21,2592.5092,mp_oct
20,2592.8095,mp_oct
17,2593.1099,mp_oct
13,2593.4102,mp_oct
20,2593.7105,mp_oct
17,2594.0118,mp_oct
21,2594.3112,mp_oct
19,2594.6115,mp_oct
12,2594.9118,mp_oct
15,2595.2122,mp_oct
15,2595.5125,mp_oct
11,2595.8129,mp_oct
15,2596.1132,mp_oct
42,2596.4135,mp_oct
35,2596.7138,mp_oct
26,2597.0141,mp_oct
11,2597.3145,mp_oct
42,2597.6148,mp_oct
42,2597.9151,mp_oct
10,2598.2155,mp_oct
42,2598.5158,mp_oct
11,2598.8161,mp_oct
11,2599.1164,mp_oct
42,2599.4168,mp_oct
19,2599.7171,mp_oct
11,2600.0174,mp_oct
42,2600.3177,mp_oct
10,2600.6181,mp_oct
11,2600.9184,mp_oct
19,2601.2187,mp_oct
10,2601.5191,mp_oct
15,2601.8194,mp_oct
11,2602.1197,mp_oct
42,2602.4201,mp_oct
10,2602.7203,mp_oct
13,2603.0207,mp_oct
13,2603.3211,mp_oct
11,2603.6213,mp_oct
42,2603.9216,mp_oct
42,2604.222,mp_oct
42,2604.5223,mp_oct
11,2604.8226,mp_oct
11,2605.123,mp_oct
42,2605.4233,mp_oct
42,2605.7236,mp_oct
11,2606.0239,mp_oct
14,2606.3243,mp_oct
14,2606.6246,mp_oct
11,2606.925,mp_oct
19,2607.2252,mp_oct
14,2607.5256,mp_oct
15,2607.8259,mp_oct
12,2608.1263,mp_oct
12,2608.4266,mp_oct
6,2608.7269,mp_oct
6,2609.0273,mp_oct
43,2609.3276,mp_oct
6,2609.6279,mp_oct
45,2609.9282,mp_oct
18,2610.2286,mp_oct
41,2610.5289,mp_oct
45,2610.8292,mp_oct
18,2611.1295,mp_oct
17,2611.4299,mp_oct
41,2611.7302,mp_oct
18,2612.0305,mp_oct
20,2612.3308,mp_oct
12,2612.6312,mp_oct
13,2612.9315,mp_oct
17,2613.2318,mp_oct
20,2613.5321,mp_oct
17,2613.8325,mp_oct
19,2614.1328,mp_oct
12,2614.4331,mp_oct
12,2614.7335,mp_oct
42,2615.0338,mp_oct
11,2615.3341,mp_oct
13,2615.6344,mp_oct
34,2615.9348,mp_oct
10,2616.2351,mp_oct
26,2616.5354,mp_oct
35,2616.8357,mp_oct
29,2617.1361,mp_oct
43,2617.4364,mp_oct
29,2617.7367,mp_oct
5,2618.037,mp_oct
50,2618.3374,mp_oct
47,2618.6377,mp_oct
1,2618.938,mp_oct
2,2619.2383,mp_oct
45,2619.5387,mp_oct
45,2619.839,mp_oct
41,2620.1393,mp_oct
6,2620.4396,mp_oct
6,2620.7399,mp_oct
45,2621.0403,mp_oct
45,2621.3406,mp_oct
6,2621.641,mp_oct
6,2621.9413,mp_oct
41,2622.2416,mp_oct
6,2622.5419,mp_oct
45,2622.8422,mp_oct
41,2623.1426,mp_oct
45,2623.4429,mp_oct
45,2623.7433,mp_oct
34,2624.0436,mp_oct
12,2624.3439,mp_oct
35,2624.6443,mp_oct
35,2624.9445,mp_oct
35,2625.2449,mp_oct
26,2625.5702,mp_oct
38,2625.8456,mp_oct
26,2626.1459,mp_oct
26,2626.4462,mp_oct
35,2626.7466,mp_oct
44,2627.0468,mp_oct
10,2627.3472,mp_oct
26,2627.6475,mp_oct
44,2627.9479,mp_oct
35,2628.2482,mp_oct
38,2628.5485,mp_oct
38,2628.8488,mp_oct
6,2629.1492,mp_oct
35,2629.4494,mp_oct
26,2629.7498,mp_oct
2,2630.0501,mp_oct
26,2630.3504,mp_oct
45,2630.6508,mp_oct
42,2630.9511,mp_oct
11,2631.2514,mp_oct
10,2631.5518,mp_oct
42,2631.8521,mp_oct
42,2632.1524,mp_oct
42,2632.4528,mp_oct
11,2632.7531,mp_oct
11,2633.0534,mp_oct
11,2633.3537,mp_oct
11,2633.659,mp_oct
10,2633.9544,mp_oct
10,2634.2547,mp_oct
11,2634.555,mp_oct
10,2634.8553,mp_oct
11,2635.1556,mp_oct
11,2635.456,mp_oct
11,2635.7564,mp_oct
11,2636.0567,mp_oct
42,2636.3569,mp_oct
10,2636.6573,mp_oct
42,2636.9576,mp_oct
11,2637.258,mp_oct
11,2637.5583,mp_oct
15,2637.8586,mp_oct
11,2638.159,mp_oct
11,2638.4593,mp_oct
11,2638.7596,mp_oct
10,2639.0599,mp_oct
10,2639.3602,mp_oct
15,2639.6606,mp_oct
11,2639.9609,mp_oct
11,2640.2612,mp_oct
10,2640.5616,mp_oct
11,2640.8619,mp_oct
10,2641.1622,mp_oct
42,2641.4625,mp_oct
11,2641.7629,mp_oct
11,2642.0632,mp_oct
42,2642.3636,mp_oct
42,2642.6639,mp_oct
11,2642.9642,mp_oct
42,2643.2645,mp_oct
11,2643.5649,mp_oct
11,2643.8652,mp_oct
42,2644.1655,mp_oct
42,2644.4658,mp_oct
14,2644.7661,mp_oct
14,2645.0665,mp_oct
11,2645.3668,mp_oct
11,2645.6672,mp_oct
14,2645.9675,mp_oct
11,2646.2678,mp_oct
19,2646.5682,mp_oct
14,2646.8685,mp_oct
17,2647.1688,mp_oct
14,2647.4692,mp_oct
11,2647.7695,mp_oct
14,2648.0698,mp_oct
14,2648.3701,mp_oct
14,2648.6705,mp_oct
11,2648.9708,mp_oct
14,2649.2711,mp_oct
14,2649.5715,mp_oct
11,2649.8717,mp_oct
14,2650.1721,mp_oct
11,2650.4724,mp_oct
14,2650.7727,mp_oct
10,2651.0731,mp_oct
10,2651.3734,mp_oct
11,2651.6737,mp_oct
10,2651.9741,mp_oct
13,2652.2744,mp_oct
10,2652.5748,mp_oct
14,2652.875,mp_oct
11,2653.1753,mp_oct
10,2653.4757,mp_oct
11,2653.7761,mp_oct
17,2654.0764,mp_oct
19,2654.3767,mp_oct
14,2654.677,mp_oct
11,2654.9774,mp_oct
14,2655.2777,mp_oct
10,2655.578,mp_oct
14,2655.8784,mp_oct
19,2656.1787,mp_oct
17,2656.479,mp_oct
19,2656.7793,mp_oct
15,2657.0797,mp_oct
19,2657.3799,mp_oct
10,2657.6804,mp_oct
10,2657.9807,mp_oct
19,2658.281,mp_oct
14,2658.5813,mp_oct
12,2658.8816,mp_oct
19,2659.182,mp_oct
45,2659.4823,mp_oct
42,2659.7826,mp_oct
17,2660.083,mp_oct
17,2660.3841,mp_oct
21,2660.6836,mp_oct
13,2660.984,mp_oct
17,2661.2843,mp_oct
17,2661.5846,mp_oct
20,2661.8849,mp_oct
13,2662.1852,mp_oct
20,2662.4855,mp_oct
17,2662.7859,mp_oct
12,2663.0862,mp_oct
17,2663.3865,mp_oct
20,2663.6869,mp_oct
13,2663.9872,mp_oct
12,2664.2876,mp_oct
12,2664.5879,mp_oct
5,2664.8883,mp_oct
35,2665.1886,mp_oct
26,2665.4889,mp_oct
5,2665.7892,mp_oct
46,2666.0895,mp_oct
46,2666.3899,mp_oct
43,2666.6902,mp_oct
43,2666.9905,mp_oct
43,2667.2909,mp_oct
8,2667.5911,mp_oct
43,2667.8915,mp_oct
5,2668.1918,mp_oct
26,2668.4922,mp_oct
35,2668.7925,mp_oct
17,2669.0928,mp_oct
28,2669.3932,mp_oct
35,2669.6935,mp_oct
34,2669.9938,mp_oct
41,2670.2941,mp_oct
10,2670.5944,mp_oct
10,2670.8948,mp_oct
15,2671.1951,mp_oct
15,2671.4954,mp_oct
11,2671.7958,mp_oct
13,2672.0961,mp_oct
20,2672.3964,mp_oct
13,2672.6968,mp_oct
13,2672.9971,mp_oct
11,2673.2974,mp_oct
42,2673.5978,mp_oct
10,2673.8981,mp_oct
11,2674.1984,mp_oct
42,2674.4987,mp_oct
11,2674.7991,mp_oct
42,2675.0994,mp_oct
14,2675.3997,mp_oct
14,2675.7001,mp_oct
19,2676.0004,mp_oct
19,2676.3007,mp_oct
14,2676.6011,mp_oct
14,2676.9013,mp_oct
14,2677.2017,mp_oct
14,2677.5021,mp_oct
17,2677.8024,mp_oct
19,2678.1027,mp_oct
14,2678.403,mp_oct
14,2678.7034,mp_oct
14,2679.0036,mp_oct
14,2679.304,mp_oct
17,2679.6043,mp_oct
13,2679.9046,mp_oct
19,2680.205,mp_oct
21,2680.5053,mp_oct
17,2680.8056,mp_oct
20,2681.106,mp_oct
17,2681.4063,mp_oct
19,2681.7066,mp_oct
21,2682.007,mp_oct
20,2682.3073,mp_oct
19,2682.6076,mp_oct
19,2682.908,mp_oct
17,2683.2083,mp_oct
13,2683.5086,mp_oct
20,2683.8089,mp_oct
17,2684.1092,mp_oct
20,2684.4096,mp_oct
14,2684.7099,mp_oct
21,2685.0103,mp_oct
20,2685.3106,mp_oct
20,2685.6109,mp_oct
20,2685.9112,mp_oct
20,2686.2116,mp_oct
17,2686.5118,mp_oct
13,2686.8122,mp_oct
20,2687.1126,mp_oct
17,2687.4129,mp_oct
17,2687.7132,mp_oct
20,2688.0136,mp_oct
17,2688.3139,mp_oct
19,2688.6142,mp_oct
20,2688.9145,mp_oct
17,2689.2149,mp_oct
20,2689.5152,mp_oct
17,2689.8155,mp_oct
20,2690.1158,mp_oct
17,2690.4162,mp_oct
20,2690.7165,mp_oct
20,2691.0168,mp_oct
20,2691.3172,mp_oct
21,2691.6175,mp_oct
20,2691.9178,mp_oct
21,2692.2181,mp_oct
20,2692.5185,mp_oct
21,2692.8188,mp_oct
21,2693.1191,mp_oct
20,2693.4195,mp_oct
17,2693.7197,mp_oct
20,2694.0201,mp_oct
21,2694.3204,mp_oct
19,2694.6208,mp_oct
12,2694.9211,mp_oct
12,2695.2214,mp_oct
43,2695.5217,mp_oct
34,2695.8221,mp_oct
3,2696.1224,mp_oct
3,2696.4227,mp_oct
4,2696.7231,mp_oct
8,2697.0234,mp_oct
8,2697.3237,mp_oct
5,2697.6241,mp_oct
43,2697.9244,mp_oct
13,2698.2248,mp_oct
16,2698.525,mp_oct
34,2698.8254,mp_oct
16,2699.1257,mp_oct
45,2699.426,mp_oct
41,2699.7264,mp_oct
41,2700.0267,mp_oct
45,2700.327,mp_oct
41,2700.6274,mp_oct
41,2700.9277,mp_oct
41,2701.228,mp_oct
41,2701.5284,mp_oct
18,2701.8287,mp_oct
41,2702.129,mp_oct
41,2702.4293,mp_oct
18,2702.7297,mp_oct
19,2703.03,mp_oct
18,2703.3303,mp_oct
17,2703.6307,mp_oct
8,2703.931,mp_oct
8,2704.2313,mp_oct
17,2704.5316,mp_oct
13,2704.832,mp_oct
8,2705.1323,mp_oct
8,2705.4326,mp_oct
8,2705.7329,mp_oct
4,2706.0332,mp_oct
4,2706.3336,mp_oct
3,2706.6339,mp_oct
9,2706.9343,mp_oct
7,2707.2346,mp_oct
48,2707.5349,mp_oct
1,2707.8353,mp_oct
36,2708.1356,mp_oct
1,2708.4359,mp_oct
47,2708.7362,mp_oct
29,2709.0365,mp_oct
29,2709.3368,mp_oct
34,2709.6372,mp_oct
47,2709.9376,mp_oct
5,2710.2379,mp_oct
36,2710.5382,mp_oct
1,2710.8385,mp_oct
30,2711.1389,mp_oct
2,2711.4392,mp_oct
28,2711.7396,mp_oct
47,2712.0398,mp_oct
2,2712.3402,mp_oct
50,2712.6405,mp_oct
34,2712.9409,mp_oct
34,2713.2411,mp_oct
34,2713.5415,mp_oct
45,2713.8418,mp_oct
6,2714.1422,mp_oct
45,2714.4425,mp_oct
34,2714.7428,mp_oct
6,2715.0431,mp_oct
6,2715.3434,mp_oct
34,2715.6437,mp_oct
45,2715.9441,mp_oct
41,2716.2444,mp_oct
6,2716.5448,mp_oct
6,2716.8451,mp_oct
43,2717.1454,mp_oct
47,2717.4458,mp_oct
45,2717.7461,mp_oct
18,2718.0464,mp_oct
41,2718.3468,mp_oct
41,2718.6471,mp_oct
6,2718.9475,mp_oct
6,2719.2478,mp_oct
45,2719.5481,mp_oct
5,2719.8484,mp_oct
6,2720.1488,mp_oct
8,2720.4491,mp_oct
43,2720.7494,mp_oct
8,2721.0498,mp_oct
46,2721.35,mp_oct
46,2721.6504,mp_oct
43,2721.9507,mp_oct
43,2722.2511,mp_oct
8,2722.5514,mp_oct
45,2722.8518,mp_oct
46,2723.1521,mp_oct
48,2723.4524,mp_oct
36,2723.7527,mp_oct
49,2724.053,mp_oct
49,2724.3533,mp_oct
30,2724.6537,mp_oct
48,2724.954,mp_oct
32,2725.2543,mp_oct
48,2725.5547,mp_oct
48,2725.855,mp_oct
1,2726.1554,mp_oct
48,2726.4556,mp_oct
30,2726.7559,mp_oct
5,2727.0563,mp_oct
5,2727.3566,mp_oct
8,2727.657,mp_oct
5,2727.9573,mp_oct
46,2728.2576,mp_oct
26,2728.558,mp_oct
8,2728.8583,mp_oct
15,2729.1586,mp_oct
15,2729.4589,mp_oct
15,2729.7593,mp_oct
15,2730.0596,mp_oct
15,2730.3599,mp_oct
15,2730.6603,mp_oct
15,2730.9606,mp_oct
13,2731.261,mp_oct
43,2731.5612,mp_oct
5,2731.8616,mp_oct
5,2732.1619,mp_oct
29,2732.4622,mp_oct
8,2732.7626,mp_oct
38,2733.0629,mp_oct
30,2733.3632,mp_oct
34,2733.6636,mp_oct
5,2733.9639,mp_oct
8,2734.2642,mp_oct
43,2734.5646,mp_oct
43,2734.8649,mp_oct
8,2735.1652,mp_oct
43,2735.4656,mp_oct
8,2735.7659,mp_oct
8,2736.0662,mp_oct
3,2736.3665,mp_oct
9,2736.6668,mp_oct
3,2736.9671,mp_oct
4,2737.2675,mp_oct
9,2737.5678,mp_oct
29,2737.8682,mp_oct
29,2738.1685,mp_oct
29,2738.4688,mp_oct
29,2738.7692,mp_oct
35,2739.0695,mp_oct
35,2739.6701,mp_oct
35,2739.9704,mp_oct
8,2740.2708,mp_oct
8,2740.5711,mp_oct
26,2740.8715,mp_oct
13,2741.1718,mp_oct
6,2741.4721,mp_oct
41,2741.7724,mp_oct
17,2742.0728,mp_oct
45,2742.3731,mp_oct
41,2742.6734,mp_oct
14,2742.9738,mp_oct
21,2743.2741,mp_oct
20,2743.5744,mp_oct
17,2743.8748,mp_oct
12,2744.1751,mp_oct
26,2744.4754,mp_oct
5,2744.7758,mp_oct
35,2745.076,mp_oct
26,2745.3764,mp_oct
44,2745.6767,mp_oct
35,2745.977,mp_oct
35,2746.2774,mp_oct
35,2746.5777,mp_oct
35,2746.8781,mp_oct
15,2747.1784,mp_oct
44,2747.4787,mp_oct
35,2747.779,mp_oct
35,2748.0793,mp_oct
12,2748.3797,mp_oct
8,2748.68,mp_oct
8,2748.9804,mp_oct
46,2749.2807,mp_oct
35,2749.5811,mp_oct
35,2749.8813,mp_oct
35,2750.1816,mp_oct
44,2750.482,mp_oct
35,2750.7823,mp_oct
35,2751.0827,mp_oct
8,2751.3829,mp_oct
8,2751.6842,mp_oct
12,2751.9836,mp_oct
12,2752.284,mp_oct
12,2752.5843,mp_oct
12,2752.8846,mp_oct
43,2753.1849,mp_oct
43,2753.4852,mp_oct
3,2753.7855,mp_oct
3,2754.6865,mp_oct
3,2754.9869,mp_oct
8,2755.2872,mp_oct
8,2755.5876,mp_oct
47,2755.8879,mp_oct
22,2756.1882,mp_oct
19,2756.4885,mp_oct
5,2756.7889,mp_oct
3,2757.0892,mp_oct
43,2757.3896,mp_oct
12,2757.6899,mp_oct
13,2757.9902,mp_oct
17,2758.2905,mp_oct
17,2758.5908,mp_oct
19,2758.8912,mp_oct
17,2759.4919,mp_oct
17,2759.7922,mp_oct
17,2760.0924,mp_oct
14,2760.3928,mp_oct
19,2760.6932,mp_oct
19,2760.9935,mp_oct
17,2761.2938,mp_oct
17,2761.5941,mp_oct
20,2761.8944,mp_oct
14,2762.1948,mp_oct
19,2762.4951,mp_oct
17,2762.7954,mp_oct
17,2763.0957,mp_oct
21,2763.3961,mp_oct
13,2763.6964,mp_oct
12,2763.9968,mp_oct
12,2764.2971,mp_oct
12,2764.5974,mp_oct
12,2764.8977,mp_oct
34,2765.1981,mp_oct
18,2765.4984,mp_oct
41,2765.7987,mp_oct
16,2766.0991,mp_oct
18,2766.3994,mp_oct
41,2766.6997,mp_oct
18,2767.0,mp_oct
41,2767.3004,mp_oct
41,2767.6007,mp_oct
17,2767.901,mp_oct
20,2768.2013,mp_oct
21,2768.5017,mp_oct
21,2768.802,mp_oct
20,2769.1023,mp_oct
20,2769.4027,mp_oct
20,2769.703,mp_oct
17,2770.0033,mp_oct
20,2770.3036,mp_oct
21,2770.6039,mp_oct
17,2770.9043,mp_oct
20,2771.2047,mp_oct
20,2771.505,mp_oct
21,2771.8053,mp_oct
12,2772.1056,mp_oct
13,2772.406,mp_oct
12,2772.7063,mp_oct
10,2773.0066,mp_oct
10,2773.3069,mp_oct
26,2773.6072,mp_oct
35,2773.9076,mp_oct
35,2774.2079,mp_oct
44,2774.5083,mp_oct
32,2774.8086,mp_oct
32,2775.1089,mp_oct
5,2775.4092,mp_oct
32,2775.7096,mp_oct
32,2776.0099,mp_oct
29,2776.3102,mp_oct
26,2776.6105,mp_oct
35,2776.9109,mp_oct
38,2777.2112,mp_oct
29,2777.5116,mp_oct
30,2777.8118,mp_oct
2,2778.1122,mp_oct
43,2778.4125,mp_oct
26,2778.7129,mp_oct
34,2779.0132,mp_oct
5,2779.3135,mp_oct
5,2779.6147,mp_oct
34,2779.9142,mp_oct
34,2780.2196,mp_oct
19,2780.5148,mp_oct
13,2780.8151,mp_oct
13,2781.1155,mp_oct
12,2781.4158,mp_oct
19,2781.7161,mp_oct
13,2782.0165,mp_oct
17,2782.3167,mp_oct
13,2782.6171,mp_oct
13,2782.9175,mp_oct
19,2783.2178,mp_oct
12,2783.5181,mp_oct
12,2783.8184,mp_oct
13,2784.1188,mp_oct
41,2784.4191,mp_oct
18,2784.7195,mp_oct
41,2785.0198,mp_oct
41,2785.3201,mp_oct
45,2785.6204,mp_oct
18,2785.9207,mp_oct
41,2786.2211,mp_oct
45,2786.5214,mp_oct
41,2786.8217,mp_oct
45,2787.1221,mp_oct
45,2787.4224,mp_oct
41,2787.7227,mp_oct
19,2788.023,mp_oct
18,2788.3234,mp_oct
18,2788.6237,mp_oct
45,2788.9241,mp_oct
16,2789.2244,mp_oct
18,2789.5247,mp_oct
45,2789.825,mp_oct
18,2790.1254,mp_oct
16,2790.4256,mp_oct
18,2790.726,mp_oct
18,2791.0263,mp_oct
18,2791.3267,mp_oct
45,2791.627,mp_oct
18,2791.9274,mp_oct
17,2792.2276,mp_oct
12,2792.528,mp_oct
13,2792.8283,mp_oct
13,2793.1286,mp_oct
17,2793.429,mp_oct
20,2793.7293,mp_oct
21,2794.0296,mp_oct
21,2794.3299,mp_oct
21,2794.6302,mp_oct
20,2794.9305,mp_oct
20,2795.2309,mp_oct
17,2795.5313,mp_oct
21,2795.8316,mp_oct
21,2796.1319,mp_oct
20,2796.4323,mp_oct
21,2796.7326,mp_oct
19,2797.0329,mp_oct
12,2797.3332,mp_oct
12,2797.6336,mp_oct
26,2797.9347,mp_oct
26,2798.2342,mp_oct
11,2798.5345,mp_oct
42,2798.8348,mp_oct
10,2799.1352,mp_oct
10,2799.4355,mp_oct
10,2799.7358,mp_oct
10,2800.0362,mp_oct
42,2800.3365,mp_oct
10,2800.6368,mp_oct
10,2800.9372,mp_oct
38,2801.2375,mp_oct
10,2801.5378,mp_oct
38,2801.8381,mp_oct
42,2802.1384,mp_oct
11,2802.4388,mp_oct
28,2802.7391,mp_oct
11,2803.0394,mp_oct
10,2803.3397,mp_oct
15,2803.6401,mp_oct
44,2803.9405,mp_oct
44,2804.2408,mp_oct
44,2804.5411,mp_oct
44,2804.8414,mp_oct
33,2805.1418,mp_oct
26,2806.3602,mp_oct
35,2806.6434,mp_oct
26,2806.9437,mp_oct
26,2807.244,mp_oct
35,2807.5444,mp_oct
35,2807.8447,mp_oct
26,2808.145,mp_oct
35,2808.4454,mp_oct
26,2808.7457,mp_oct
6,2809.046,mp_oct
45,2809.3464,mp_oct
35,2809.6467,mp_oct
35,2809.947,mp_oct
13,2810.2473,mp_oct
34,2810.5477,mp_oct
34,2810.848,mp_oct
35,2811.1483,mp_oct
26,2811.4486,mp_oct
10,2811.749,mp_oct
42,2812.0493,mp_oct
45,2812.3497,mp_oct
41,2812.65,mp_oct
28,2812.9503,mp_oct
19,2813.2506,mp_oct
45,2813.551,mp_oct
17,2813.8513,mp_oct
42,2814.1516,mp_oct
41,2814.452,mp_oct
19,2814.7523,mp_oct
17,2815.0526,mp_oct
17,2815.3529,mp_oct
17,2815.6533,mp_oct
20,2815.9536,mp_oct
17,2816.2539,mp_oct
13,2816.5542,mp_oct
19,2816.8546,mp_oct
14,2817.1549,mp_oct
14,2817.4553,mp_oct
19,2817.7556,mp_oct
14,2818.0559,mp_oct
14,2818.3562,mp_oct
14,2818.6565,mp_oct
11,2818.9569,mp_oct
14,2819.2572,mp_oct
14,2819.5575,mp_oct
17,2819.8579,mp_oct
17,2820.1582,mp_oct
17,2820.4586,mp_oct
19,2820.7589,mp_oct
14,2821.0592,mp_oct
10,2821.3595,mp_oct
14,2821.6598,mp_oct
14,2821.9602,mp_oct
11,2822.2605,mp_oct
14,2822.5608,mp_oct
14,2822.8612,mp_oct
14,2823.1615,mp_oct
17,2823.4618,mp_oct
14,2823.7621,mp_oct
14,2824.0625,mp_oct
14,2824.3628,mp_oct
14,2824.6631,mp_oct
14,2824.9634,mp_oct
11,2825.2638,mp_oct
14,2825.5641,mp_oct
14,2825.8644,mp_oct
19,2826.1648,mp_oct
14,2826.4651,mp_oct
14,2826.7653,mp_oct
14,2827.0657,mp_oct
17,2827.366,mp_oct
14,2827.6664,mp_oct
14,2827.9667,mp_oct
14,2828.267,mp_oct
11,2828.5674,mp_oct
11,2828.8677,mp_oct
14,2829.168,mp_oct
14,2829.4684,mp_oct
17,2829.7687,mp_oct
14,2830.069,mp_oct
14,2830.3693,mp_oct
14,2830.6697,mp_oct
17,2830.97,mp_oct
14,2831.2703,mp_oct
19,2831.5707,mp_oct
13,2831.871,mp_oct
15,2832.1713,mp_oct
15,2832.4716,mp_oct
15,2832.772,mp_oct
11,2833.0723,mp_oct
42,2833.3726,mp_oct
42,2833.673,mp_oct
10,2833.9733,mp_oct
15,2834.2736,mp_oct
10,2834.574,mp_oct
38,2834.8743,mp_oct
28,2835.1746,mp_oct
38,2835.4749,mp_oct
10,2835.7753,mp_oct
38,2836.0806,mp_oct
11,2836.3759,mp_oct
11,2836.6763,mp_oct
42,2836.9766,mp_oct
42,2837.2769,mp_oct
42,2837.5772,mp_oct
42,2837.8776,mp_oct
42,2838.1779,mp_oct
11,2838.4782,mp_oct
42,2838.7786,mp_oct
42,2839.0789,mp_oct
11,2839.3792,mp_oct
42,2839.6795,mp_oct
11,2839.9799,mp_oct
11,2840.2802,mp_oct
42,2840.5806,mp_oct
42,2840.8809,mp_oct
42,2841.1812,mp_oct
11,2841.4815,mp_oct
42,2841.7819,mp_oct
42,2842.0822,mp_oct
42,2842.3826,mp_oct
42,2842.6828,mp_oct
11,2842.9832,mp_oct
14,2843.2835,mp_oct
14,2843.5838,mp_oct
11,2843.8842,mp_oct
14,2844.1845,mp_oct
14,2844.4848,mp_oct
14,2844.7852,mp_oct
14,2845.0855,mp_oct
14,2845.3858,mp_oct
14,2845.6861,mp_oct
14,2845.9864,mp_oct
14,2846.2868,mp_oct
14,2846.5871,mp_oct
14,2846.8875,mp_oct
14,2847.1877,mp_oct
14,2847.4881,mp_oct
14,2847.7884,mp_oct
14,2848.0887,mp_oct
14,2848.3891,mp_oct
14,2848.6894,mp_oct
14,2848.9898,mp_oct
14,2849.2901,mp_oct
14,2849.5904,mp_oct
14,2849.8908,mp_oct
14,2850.1911,mp_oct
14,2850.4914,mp_oct
14,2850.7917,mp_oct
14,2851.0921,mp_oct
14,2851.3924,mp_oct
14,2851.6927,mp_oct
14,2851.993,mp_oct
14,2852.2933,mp_oct
19,2852.5937,mp_oct
14,2852.894,mp_oct
14,2853.1944,mp_oct
14,2853.4947,mp_oct
14,2853.795,mp_oct
14,2854.0953,mp_oct
14,2854.3957,mp_oct
14,2854.696,mp_oct
14,2854.9963,mp_oct
14,2855.2966,mp_oct
14,2855.597,mp_oct
14,2855.8973,mp_oct
14,2856.1976,mp_oct
14,2856.498,mp_oct
14,2856.7982,mp_oct
14,2857.0986,mp_oct
14,2857.3989,mp_oct
14,2857.6993,mp_oct
14,2857.9996,mp_oct
14,2858.2999,mp_oct
14,2858.6003,mp_oct
10,2858.9006,mp_oct
14,2859.2009,mp_oct
14,2859.5013,mp_oct
14,2859.8016,mp_oct
14,2860.1019,mp_oct
11,2860.4022,mp_oct
10,2860.7026,mp_oct
14,2861.0029,mp_oct
14,2861.3032,mp_oct
14,2861.6036,mp_oct
14,2861.9039,mp_oct
11,2862.2042,mp_oct
12,2862.5045,mp_oct
12,2862.8049,mp_oct
43,2863.1052,mp_oct
13,2863.4055,mp_oct
43,2863.7058,mp_oct
13,2864.0062,mp_oct
6,2864.3065,mp_oct
6,2864.6068,mp_oct
45,2864.9072,mp_oct
18,2865.2075,mp_oct
45,2865.5078,mp_oct
41,2865.8081,mp_oct
41,2866.1084,mp_oct
41,2866.4088,mp_oct
41,2866.7091,mp_oct
18,2867.0094,mp_oct
5,2867.3098,mp_oct
5,2867.6101,mp_oct
19,2867.9104,mp_oct
45,2868.2108,mp_oct
41,2868.5111,mp_oct
19,2868.8114,mp_oct
13,2869.1118,mp_oct
43,2869.4121,mp_oct
43,2869.7124,mp_oct
12,2870.0127,mp_oct
13,2870.3131,mp_oct
12,2870.6134,mp_oct
12,2870.9137,mp_oct
35,2871.214,mp_oct
35,2871.5144,mp_oct
6,2871.8147,mp_oct
6,2872.1151,mp_oct
35,2872.4154,mp_oct
13,2872.7157,mp_oct
13,2873.016,mp_oct
19,2873.3163,mp_oct
13,2873.6167,mp_oct
11,2873.917,mp_oct
19,2874.2173,mp_oct
13,2874.5177,mp_oct
13,2874.818,mp_oct
15,2875.1183,mp_oct
17,2875.4187,mp_oct
14,2875.719,mp_oct
14,2876.0193,mp_oct
14,2876.3196,mp_oct
19,2876.6199,mp_oct
21,2876.9202,mp_oct
19,2877.2206,mp_oct
20,2877.5209,mp_oct
17,2877.8212,mp_oct
20,2878.1216,mp_oct
21,2878.4219,mp_oct
14,2878.7223,mp_oct
14,2879.0226,mp_oct
14,2879.3229,mp_oct
14,2879.6233,mp_oct
14,2879.9235,mp_oct
14,2880.2239,mp_oct
14,2880.5242,mp_oct
14,2880.8245,mp_oct
14,2881.1249,mp_oct
14,2881.4252,mp_oct
14,2881.7255,mp_oct
11,2882.0259,mp_oct
14,2882.3262,mp_oct
14,2882.6315,mp_oct
14,2882.9268,mp_oct
15,2883.2272,mp_oct
15,2883.5275,mp_oct
15,2883.8279,mp_oct
15,2884.1282,mp_oct
11,2884.4285,mp_oct
10,2884.7288,mp_oct
11,2885.0292,mp_oct
13,2885.3295,mp_oct
11,2885.6298,mp_oct
15,2885.9301,mp_oct
19,2886.2304,mp_oct
14,2886.5308,mp_oct
15,2886.8312,mp_oct
10,2887.1314,mp_oct
11,2887.4317,mp_oct
19,2887.7321,mp_oct
15,2888.0324,mp_oct
11,2888.3328,mp_oct
19,2888.6331,mp_oct
14,2888.9335,mp_oct
11,2889.2337,mp_oct
14,2889.5341,mp_oct
14,2889.8344,mp_oct
14,2890.1347,mp_oct
14,2890.4351,mp_oct
14,2890.7354,mp_oct
14,2891.0357,mp_oct
14,2891.3361,mp_oct
14,2891.6363,mp_oct
14,2891.9367,mp_oct
14,2892.237,mp_oct
14,2892.5373,mp_oct
14,2892.8376,mp_oct
14,2893.138,mp_oct
14,2893.4383,mp_oct
14,2893.7387,mp_oct
14,2894.039,mp_oct
14,2894.3393,mp_oct
14,2894.6397,mp_oct
19,2894.94,mp_oct
14,2895.2403,mp_oct
19,2895.5406,mp_oct
15,2895.841,mp_oct
15,2896.1412,mp_oct
17,2896.4416,mp_oct
14,2896.7419,mp_oct
14,2897.0423,mp_oct
14,2897.3426,mp_oct
14,2897.6429,mp_oct
14,2897.9432,mp_oct
11,2898.2436,mp_oct
11,2898.5439,mp_oct
19,2898.8443,mp_oct
15,2899.1446,mp_oct
12,2899.4449,mp_oct
19,2899.7452,mp_oct
14,2900.0456,mp_oct
11,2900.3509,mp_oct
10,2900.6462,mp_oct
14,2900.9466,mp_oct
14,2901.2468,mp_oct
14,2901.5472,mp_oct
14,2901.8476,mp_oct
14,2902.1479,mp_oct
14,2902.4482,mp_oct
11,2902.7485,mp_oct
19,2903.0489,mp_oct
14,2903.3492,mp_oct
14,2903.6495,mp_oct
20,2903.9499,mp_oct
21,2904.2502,mp_oct
20,2904.5505,mp_oct
14,2904.8508,mp_oct
21,2905.1511,mp_oct
20,2905.4515,mp_oct
21,2905.7518,mp_oct
14,2906.0522,mp_oct
21,2906.3525,mp_oct
13,2906.6528,mp_oct
15,2906.9531,mp_oct
15,2907.2535,mp_oct
15,2907.5538,mp_oct
15,2907.8541,mp_oct
10,2908.1545,mp_oct
10,2908.4548,mp_oct
11,2908.7551,mp_oct
11,2909.0554,mp_oct
42,2909.3558,mp_oct
11,2909.6561,mp_oct
14,2909.9564,mp_oct
17,2910.2567,mp_oct
10,2910.5571,mp_oct
10,2910.8575,mp_oct
11,2911.1578,mp_oct
14,2911.458,mp_oct
17,2911.7584,mp_oct
11,2912.0587,mp_oct
14,2912.359,mp_oct
11,2912.6594,mp_oct
19,2912.9597,mp_oct
14,2913.26,mp_oct
19,2913.5603,mp_oct
13,2913.8607,mp_oct
11,2914.161,mp_oct
14,2914.4613,mp_oct
14,2914.7617,mp_oct
10,2915.062,mp_oct
15,2915.3623,mp_oct
12,2915.6627,mp_oct
19,2915.963,mp_oct
19,2916.2633,mp_oct
13,2916.5636,mp_oct
13,2916.864,mp_oct
11,2917.1644,mp_oct
17,2917.4646,mp_oct
14,2917.765,mp_oct
17,2918.0653,mp_oct
11,2918.3656,mp_oct
14,2918.666,mp_oct
14,2918.9663,mp_oct
19,2919.2666,mp_oct
17,2919.5669,mp_oct
14,2919.8673,mp_oct
14,2920.1676,mp_oct
14,2920.4679,mp_oct
14,2920.7683,mp_oct
14,2921.0685,mp_oct
14,2921.3689,mp_oct
14,2921.6692,mp_oct
14,2921.9696,mp_oct
21,2922.2699,mp_oct
20,2922.5702,mp_oct
21,2922.8706,mp_oct
21,2923.1709,mp_oct
14,2923.4712,mp_oct
20,2923.7715,mp_oct
17,2924.0718,mp_oct
17,2924.3722,mp_oct
17,2924.6725,mp_oct
12,2924.9729,mp_oct
12,2925.2732,mp_oct
19,2925.5735,mp_oct
19,2925.8738,mp_oct
13,2926.1742,mp_oct
17,2926.4745,mp_oct
20,2926.7748,mp_oct
21,2927.0751,mp_oct
21,2927.3755,mp_oct
21,2927.6758,mp_oct
21,2927.9761,mp_oct
20,2928.2764,mp_oct
21,2928.5768,mp_oct
21,2928.8771,mp_oct
20,2929.1774,mp_oct
20,2929.4778,mp_oct
21,2929.7781,mp_oct
21,2930.0785,mp_oct
20,2930.3788,mp_oct
17,2930.6791,mp_oct
19,2930.9794,mp_oct
20,2931.2798,mp_oct
21,2931.5801,mp_oct
21,2931.8804,mp_oct
21,2932.1807,mp_oct
20,2932.4811,mp_oct
21,2932.7814,mp_oct
20,2933.0817,mp_oct
21,2933.382,mp_oct
20,2933.6824,mp_oct
21,2933.9827,mp_oct
20,2934.283,mp_oct
21,2934.5834,mp_oct
21,2934.8837,mp_oct
20,2935.184,mp_oct
20,2935.4844,mp_oct
21,2935.7847,mp_oct
21,2936.085,mp_oct
20,2936.3854,mp_oct
21,2936.6857,mp_oct
21,2936.986,mp_oct
21,2937.2863,mp_oct
20,2937.5867,mp_oct
21,2937.887,mp_oct
21,2938.1873,mp_oct
21,2938.4876,mp_oct
20,2938.788,mp_oct
21,2939.0883,mp_oct
21,2939.3886,mp_oct
21,2939.6889,mp_oct
21,2939.9893,mp_oct
21,2940.2896,mp_oct
21,2940.59,mp_oct
21,2940.8903,mp_oct
21,2941.1906,mp_oct
21,2941.4909,mp_oct
21,2941.7912,mp_oct
21,2942.0916,mp_oct
19,2942.3919,mp_oct
20,2942.6923,mp_oct
21,2942.9925,mp_oct
21,2943.2929,mp_oct
21,2943.5932,mp_oct
21,2943.8935,mp_oct
20,2944.1939,mp_oct
21,2944.4942,mp_oct
17,2944.7945,mp_oct
21,2945.0949,mp_oct
21,2945.3952,mp_oct
17,2945.6955,mp_oct
13,2945.9959,mp_oct
12,2946.2962,mp_oct
23,2946.5966,mp_oct
12,2946.8968,mp_oct
19,2947.1972,mp_oct
17,2947.4975,mp_oct
19,2947.7978,mp_oct
12,2948.0982,mp_oct
15,2948.3985,mp_oct
15,2948.6988,mp_oct
11,2948.9991,mp_oct
14,2949.2994,mp_oct
19,2949.5998,mp_oct
14,2949.9001,mp_oct
14,2950.2005,mp_oct
10,2950.5008,mp_oct
14,2950.8011,mp_oct
14,2951.1014,mp_oct
14,2951.4018,mp_oct
14,2951.702,mp_oct
14,2952.0024,mp_oct
13,2952.3028,mp_oct
13,2952.6031,mp_oct
12,2952.9034,mp_oct
12,2953.2037,mp_oct
12,2953.504,mp_oct
13,2953.8044,mp_oct
13,2954.1047,mp_oct
43,2954.4051,mp_oct
43,2954.7054,mp_oct
8,2955.0057,mp_oct
5,2955.306,mp_oct
19,2955.6063,mp_oct
45,2955.9066,mp_oct
43,2956.207,mp_oct
19,2956.5073,mp_oct
19,2956.8077,mp_oct
19,2957.108,mp_oct
13,2957.4084,mp_oct
10,2957.7086,mp_oct
19,2958.009,mp_oct
14,2958.3093,mp_oct
15,2958.6096,mp_oct
19,2958.9099,mp_oct
13,2959.2103,mp_oct
12,2959.5106,mp_oct
19,2959.8109,mp_oct
10,2960.1113,mp_oct
10,2960.4116,mp_oct
10,2960.7119,mp_oct
10,2961.0123,mp_oct
10,2961.3125,mp_oct
15,2961.6129,mp_oct
10,2961.9132,mp_oct
10,2962.2136,mp_oct
15,2962.5139,mp_oct
10,2962.8142,mp_oct
15,2963.1146,mp_oct
15,2963.4149,mp_oct
15,2963.7152,mp_oct
15,2964.0156,mp_oct
15,2964.3159,mp_oct
10,2964.6162,mp_oct
13,2964.9165,mp_oct
15,2965.2168,mp_oct
10,2965.5172,mp_oct
10,2965.8175,mp_oct
10,2966.1179,mp_oct
10,2966.4181,mp_oct
15,2966.7185,mp_oct
15,2967.0188,mp_oct
15,2967.3192,mp_oct
15,2967.6195,mp_oct
10,2967.9198,mp_oct
13,2968.2202,mp_oct
13,2968.5204,mp_oct
15,2968.8208,mp_oct
15,2969.1211,mp_oct
15,2969.4214,mp_oct
15,2969.7218,mp_oct
15,2970.0221,mp_oct
10,2970.3225,mp_oct
15,2970.6228,mp_oct
15,2970.9231,mp_oct
15,2971.2235,mp_oct
15,2971.5237,mp_oct
15,2971.8241,mp_oct
15,2972.1244,mp_oct
15,2972.4248,mp_oct
15,2972.7251,mp_oct
15,2973.0254,mp_oct
15,2973.3257,mp_oct
15,2973.626,mp_oct
10,2973.9264,mp_oct
11,2974.2276,mp_oct
15,2974.527,mp_oct
15,2974.8274,mp_oct
15,2975.1277,mp_oct
15,2975.428,mp_oct
15,2975.7284,mp_oct
15,2976.0287,mp_oct
15,2976.3291,mp_oct
15,2976.6293,mp_oct
15,2976.9296,mp_oct
15,2977.23,mp_oct
15,2977.5303,mp_oct
15,2977.8307,mp_oct
10,2978.131,mp_oct
15,2978.4313,mp_oct
10,2978.7316,mp_oct
10,2979.032,mp_oct
15,2979.3323,mp_oct
15,2979.6326,mp_oct
15,2979.933,mp_oct
15,2980.2333,mp_oct
15,2980.5336,mp_oct
15,2980.834,mp_oct
15,2981.1343,mp_oct
10,2981.4346,mp_oct
15,2981.7349,mp_oct
10,2982.0352,mp_oct
15,2982.3356,mp_oct
15,2982.6359,mp_oct
10,2982.9362,mp_oct
10,2983.2365,mp_oct
15,2983.5369,mp_oct
15,2983.8372,mp_oct
15,2984.1375,mp_oct
35,2984.4379,mp_oct
26,2984.7382,mp_oct
35,2985.0385,mp_oct
10,2985.3389,mp_oct
15,2985.6392,mp_oct
15,2985.9395,mp_oct
35,2986.2399,mp_oct
26,2986.5401,mp_oct
10,2987.1408,mp_oct
10,2987.4412,mp_oct
26,2987.7415,mp_oct
10,2988.0419,mp_oct
10,2988.3422,mp_oct
26,2988.6424,mp_oct
10,2988.9428,mp_oct
10,2989.2432,mp_oct
26,2989.5434,mp_oct
15,2989.8437,mp_oct
15,2990.1441,mp_oct
15,2990.4444,mp_oct
35,2990.7448,mp_oct
35,2991.0451,mp_oct
15,2991.3454,mp_oct
35,2991.6457,mp_oct
35,2991.946,mp_oct
35,2992.2464,mp_oct
35,2992.5467,mp_oct
24,2992.847,mp_oct
35,2993.1474,mp_oct
35,2993.4477,mp_oct
35,2993.748,mp_oct
35,2994.0484,mp_oct
25,2994.3487,mp_oct
24,2994.649,mp_oct
24,2994.9493,mp_oct
35,2995.2497,mp_oct
35,2995.55,mp_oct
24,2995.8503,mp_oct
25,2996.1507,mp_oct
25,2996.4509,mp_oct
25,2996.7513,mp_oct
25,2997.0516,mp_oct
25,2997.352,mp_oct
25,2997.6523,mp_oct
25,2997.9526,mp_oct
24,2998.2529,mp_oct
25,2998.5533,mp_oct
24,2998.8536,mp_oct
25,2999.154,mp_oct
3,2999.4543,mp_oct
3,2999.7546,mp_oct
4,3000.0549,mp_oct
25,3000.3552,mp_oct
25,3000.6556,mp_oct
25,3000.9559,mp_oct
25,3001.2562,mp_oct
25,3001.5565,mp_oct
24,3001.8569,mp_oct
25,3002.1572,mp_oct
25,3002.4575,mp_oct
25,3002.7579,mp_oct
24,3003.0582,mp_oct
25,3003.3585,mp_oct
24,3003.6588,mp_oct
25,3003.9591,mp_oct
43,3004.2595,mp_oct
25,3004.5598,mp_oct
24,3004.8602,mp_oct
12,3005.1605,mp_oct
13,3005.4608,mp_oct
25,3005.7611,mp_oct
25,3006.0614,mp_oct
35,3006.3618,mp_oct
35,3006.6621,mp_oct
12,3006.9624,mp_oct
35,3007.2628,mp_oct
46,3007.5631,mp_oct
25,3007.8635,mp_oct
24,3008.1638,mp_oct
24,3008.4641,mp_oct
35,3008.7644,mp_oct
35,3009.0647,mp_oct
12,3009.3651,mp_oct
24,3009.6654,mp_oct
25,3009.9657,mp_oct
25,3010.266,mp_oct
25,3010.5664,mp_oct
25,3010.8667,mp_oct
25,3011.1679,mp_oct
25,3011.4673,mp_oct
25,3011.7677,mp_oct
25,3012.068,mp_oct
25,3012.3683,mp_oct
23,3012.6686,mp_oct
16,3012.9689,mp_oct
18,3013.2693,mp_oct
18,3013.5697,mp_oct
18,3013.8699,mp_oct
18,3014.1702,mp_oct
16,3014.4706,mp_oct
16,3014.7709,mp_oct
16,3015.0712,mp_oct
23,3015.3715,mp_oct
23,3015.6719,mp_oct
23,3015.9722,mp_oct
3,3016.2725,mp_oct
3,3016.5729,mp_oct
5,3016.8732,mp_oct
47,3017.1735,mp_oct
6,3017.4738,mp_oct
6,3017.7742,mp_oct
4,3018.0745,mp_oct
8,3018.3748,mp_oct
34,3018.6751,mp_oct
18,3018.9755,mp_oct
6,3019.2758,mp_oct
45,3019.5762,mp_oct
47,3019.8765,mp_oct
4,3020.1768,mp_oct
4,3020.4771,mp_oct
43,3020.7775,mp_oct
43,3021.0778,mp_oct
12,3021.3781,mp_oct
13,3021.6784,mp_oct
15,3021.9788,mp_oct
26,3022.2791,mp_oct
42,3022.5794,mp_oct
11,3022.8797,mp_oct
11,3023.18,mp_oct
11,3023.4804,mp_oct
42,3023.7807,mp_oct
42,3024.081,mp_oct
42,3024.3813,mp_oct
42,3024.6817,mp_oct
42,3024.982,mp_oct
42,3025.2823,mp_oct
42,3025.5827,mp_oct
42,3025.883,mp_oct
42,3026.1833,mp_oct
42,3026.4836,mp_oct
42,3026.7839,mp_oct
42,3027.0843,mp_oct
42,3027.3846,mp_oct
42,3027.6849,mp_oct
11,3027.9853,mp_oct
15,3028.2856,mp_oct
15,3028.5859,mp_oct
10,3028.8863,mp_oct
10,3029.1865,mp_oct
11,3029.4868,mp_oct
42,3029.7872,mp_oct
42,3030.0875,mp_oct
11,3030.3879,mp_oct
42,3030.6882,mp_oct
11,3030.9885,mp_oct
42,3031.2888,mp_oct
11,3031.5891,mp_oct
11,3031.8895,mp_oct
10,3032.1899,mp_oct
10,3032.4901,mp_oct
15,3032.7905,mp_oct
15,3033.0908,mp_oct
10,3033.3911,mp_oct
42,3033.6914,mp_oct
42,3033.9917,mp_oct
11,3034.2921,mp_oct
15,3034.5924,mp_oct
10,3034.8927,mp_oct
42,3035.1931,mp_oct
11,3035.4934,mp_oct
42,3035.7937,mp_oct
11,3036.094,mp_oct
42,3036.3944,mp_oct
42,3036.6948,mp_oct
11,3036.995,mp_oct
11,3037.2954,mp_oct
42,3037.5957,mp_oct
42,3037.896,mp_oct
42,3038.1964,mp_oct
42,3038.4967,mp_oct
42,3038.797,mp_oct
42,3039.0973,mp_oct
11,3039.3985,mp_oct
42,3039.698,mp_oct
10,3039.9983,mp_oct
15,3040.2986,mp_oct
15,3040.5989,mp_oct
10,3040.8993,mp_oct
42,3041.1996,mp_oct
10,3041.4999,mp_oct
11,3041.8003,mp_oct
11,3042.1005,mp_oct
42,3042.4009,mp_oct
11,3042.7012,mp_oct
11,3043.0015,mp_oct
42,3043.3019,mp_oct
11,3043.6022,mp_oct
10,3043.9025,mp_oct
15,3044.2029,mp_oct
15,3044.5032,mp_oct
11,3044.8036,mp_oct
10,3045.1038,mp_oct
11,3045.4041,mp_oct
42,3045.7045,mp_oct
14,3046.0048,mp_oct
10,3046.3051,mp_oct
19,3046.6055,mp_oct
14,3046.9058,mp_oct
14,3047.2061,mp_oct
14,3047.5065,mp_oct
14,3047.8068,mp_oct
14,3048.1072,mp_oct
14,3048.4075,mp_oct
14,3048.7128,mp_oct
10,3049.0081,mp_oct
10,3049.3093,mp_oct
19,3049.6087,mp_oct
15,3049.9091,mp_oct
10,3050.2093,mp_oct
15,3050.5097,mp_oct
15,3050.81,mp_oct
15,3051.1104,mp_oct
25,3051.4107,mp_oct
24,3051.7111,mp_oct
12,3052.0114,mp_oct
43,3052.3117,mp_oct
25,3052.612,mp_oct
24,3052.9123,mp_oct
25,3053.2126,mp_oct
24,3053.513,mp_oct
34,3053.8183,mp_oct
8,3054.1137,mp_oct
43,3054.414,mp_oct
25,3054.7143,mp_oct
8,3055.0146,mp_oct
25,3055.315,mp_oct
24,3055.6153,mp_oct
24,3055.9156,mp_oct
24,3056.216,mp_oct
24,3056.5163,mp_oct
12,3056.8166,mp_oct
24,3057.1169,mp_oct
25,3057.4173,mp_oct
25,3057.7176,mp_oct
24,3058.0188,mp_oct
25,3058.3182,mp_oct
24,3058.6186,mp_oct
25,3058.9189,mp_oct
43,3059.2192,mp_oct
23,3059.5195,mp_oct
24,3059.8198,mp_oct
25,3060.1202,mp_oct
24,3060.4205,mp_oct
35,3060.7208,mp_oct
35,3061.0212,mp_oct
43,3061.3215,mp_oct
25,3061.6219,mp_oct
8,3061.9221,mp_oct
8,3062.2225,mp_oct
12,3062.5228,mp_oct
25,3062.8232,mp_oct
25,3063.1235,mp_oct
24,3063.4238,mp_oct
8,3063.7242,mp_oct
19,3064.0245,mp_oct
12,3064.3248,mp_oct
19,3064.6251,mp_oct
14,3064.9255,mp_oct
14,3065.2257,mp_oct
12,3065.5261,mp_oct
24,3065.8264,mp_oct
24,3066.1268,mp_oct
24,3066.4271,mp_oct
24,3066.7274,mp_oct
15,3067.0277,mp_oct
24,3067.3281,mp_oct
24,3067.6284,mp_oct
24,3067.9287,mp_oct
25,3068.2291,mp_oct
24,3068.5293,mp_oct
13,3068.8297,mp_oct
24,3069.13,mp_oct
12,3069.4303,mp_oct
15,3069.7307,mp_oct
10,3070.031,mp_oct
17,3070.3313,mp_oct
14,3070.6317,mp_oct
14,3070.9319,mp_oct
13,3071.2323,mp_oct
12,3071.5326,mp_oct
24,3071.833,mp_oct
24,3072.1333,mp_oct
23,3072.4336,mp_oct
25,3072.734,mp_oct
23,3073.0343,mp_oct
24,3073.3346,mp_oct
25,3073.6349,mp_oct
25,3073.9353,mp_oct
25,3074.2356,mp_oct
24,3074.5359,mp_oct
24,3074.8363,mp_oct
12,3075.1366,mp_oct
24,3075.4369,mp_oct
12,3075.7372,mp_oct
12,3076.0376,mp_oct
25,3076.3379,mp_oct
25,3076.6382,mp_oct
25,3076.9385,mp_oct
43,3077.2388,mp_oct
24,3077.5392,mp_oct
12,3078.1399,mp_oct
13,3078.4402,mp_oct
12,3078.7405,mp_oct
43,3079.0408,mp_oct
25,3079.3412,mp_oct
46,3079.6415,mp_oct
43,3079.9418,mp_oct
12,3080.2421,mp_oct
12,3080.5425,mp_oct
12,3080.8428,mp_oct
12,3081.1431,mp_oct
24,3081.4435,mp_oct
24,3081.7438,mp_oct
24,3082.0441,mp_oct
15,3082.3444,mp_oct
25,3082.6448,mp_oct
24,3082.9451,mp_oct
24,3083.2454,mp_oct
13,3083.5458,mp_oct
13,3083.8461,mp_oct
14,3084.1464,mp_oct
17,3084.4468,mp_oct
15,3084.7471,mp_oct
10,3085.0474,mp_oct
10,3085.3477,mp_oct
11,3085.6481,mp_oct
12,3085.9484,mp_oct
15,3086.2487,mp_oct
15,3086.5491,mp_oct
15,3086.8494,mp_oct
10,3087.1497,mp_oct
11,3087.45,mp_oct
42,3087.7504,mp_oct
15,3088.0507,mp_oct
15,3088.351,mp_oct
15,3088.6513,mp_oct
15,3088.9517,mp_oct
24,3089.252,mp_oct
12,3089.5523,mp_oct
35,3089.8527,mp_oct
5,3090.153,mp_oct
12,3090.4533,mp_oct
43,3090.7536,mp_oct
25,3091.054,mp_oct
24,3091.3543,mp_oct
24,3091.6546,mp_oct
24,3091.955,mp_oct
24,3092.2553,mp_oct
15,3092.5556,mp_oct
24,3092.8559,mp_oct
24,3093.1563,mp_oct
24,3093.4566,mp_oct
24,3093.757,mp_oct
24,3094.0572,mp_oct
24,3094.3576,mp_oct
24,3094.6579,mp_oct
24,3094.9582,mp_oct
24,3095.2586,mp_oct
24,3095.5589,mp_oct
24,3095.8592,mp_oct
24,3096.1596,mp_oct
24,3096.4599,mp_oct
24,3096.7602,mp_oct
24,3097.0605,mp_oct
24,3097.3608,mp_oct
15,3097.6612,mp_oct
15,3097.9615,mp_oct
15,3098.2618,mp_oct
35,3098.5622,mp_oct
25,3098.8625,mp_oct
43,3099.1628,mp_oct
24,3099.4631,mp_oct
24,3099.7635,mp_oct
25,3100.0638,mp_oct
24,3100.3641,mp_oct
24,3100.6644,mp_oct
15,3100.9648,mp_oct
24,3101.2651,mp_oct
10,3101.5655,mp_oct
15,3101.8658,mp_oct
24,3102.1661,mp_oct
13,3102.4664,mp_oct
10,3102.7667,mp_oct
15,3103.0671,mp_oct
15,3103.3674,mp_oct
15,3103.6677,mp_oct
24,3103.9681,mp_oct
15,3104.2684,mp_oct
15,3104.5688,mp_oct
15,3104.8691,mp_oct
10,3105.1693,mp_oct
11,3105.4697,mp_oct
42,3105.77,mp_oct
11,3106.0704,mp_oct
11,3106.3707,mp_oct
11,3106.671,mp_oct
42,3106.9713,mp_oct
14,3107.2717,mp_oct
19,3107.5719,mp_oct
11,3107.8723,mp_oct
17,3108.1726,mp_oct
14,3108.473,mp_oct
19,3108.7733,mp_oct
11,3109.0736,mp_oct
17,3109.374,mp_oct
14,3109.6743,mp_oct
19,3109.9746,mp_oct
10,3110.2749,mp_oct
13,3110.5752,mp_oct
19,3110.8756,mp_oct
11,3111.1759,mp_oct
14,3111.4762,mp_oct
14,3111.7766,mp_oct
14,3112.0769,mp_oct
11,3112.3772,mp_oct
42,3112.6775,mp_oct
14,3112.9779,mp_oct
11,3113.2782,mp_oct
42,3113.5786,mp_oct
11,3113.8788,mp_oct
42,3114.1792,mp_oct
42,3114.4795,mp_oct
11,3114.7798,mp_oct
42,3115.0802,mp_oct
42,3115.3805,mp_oct
42,3115.6808,mp_oct
11,3115.9812,mp_oct
10,3116.2815,mp_oct
42,3116.5818,mp_oct
42,3116.8821,mp_oct
42,3117.1824,mp_oct
11,3117.4828,mp_oct
11,3117.7831,mp_oct
11,3118.0834,mp_oct
42,3118.3838,mp_oct
11,3118.6841,mp_oct
42,3118.9844,mp_oct
11,3119.2848,mp_oct
11,3119.5851,mp_oct
11,3119.8854,mp_oct
42,3120.1858,mp_oct
42,3120.486,mp_oct
11,3120.7864,mp_oct
42,3121.0868,mp_oct
42,3121.3871,mp_oct
42,3121.6875,mp_oct
42,3121.9877,mp_oct
42,3122.288,mp_oct
42,3122.5883,mp_oct
42,3122.8887,mp_oct
42,3123.1891,mp_oct
42,3123.4893,mp_oct
42,3123.7897,mp_oct
42,3124.09,mp_oct
42,3124.3903,mp_oct
42,3124.6907,mp_oct
42,3124.991,mp_oct
42,3125.2913,mp_oct
42,3125.5917,mp_oct
42,3125.8919,mp_oct
11,3126.1923,mp_oct
42,3126.4926,mp_oct
11,3126.7929,mp_oct
15,3127.0932,mp_oct
15,3127.3936,mp_oct
12,3127.6939,mp_oct
43,3127.9942,mp_oct
43,3128.2946,mp_oct
43,3128.5949,mp_oct
43,3128.8952,mp_oct
43,3129.1956,mp_oct
43,3129.4959,mp_oct
43,3129.7962,mp_oct
6,3130.0966,mp_oct
34,3130.3969,mp_oct
6,3130.6972,mp_oct
34,3130.9975,mp_oct
8,3131.2979,mp_oct
8,3131.5982,mp_oct
8,3131.8985,mp_oct
45,3132.1988,mp_oct
45,3132.4991,mp_oct
43,3132.7995,mp_oct
8,3133.0998,mp_oct
3,3133.4001,mp_oct
3,3133.7004,mp_oct
8,3134.0008,mp_oct
5,3134.3011,mp_oct
4,3134.6014,mp_oct
4,3134.9018,mp_oct
3,3135.2021,mp_oct
4,3135.5024,mp_oct
8,3135.8028,mp_oct
43,3136.1031,mp_oct
8,3136.4034,mp_oct
8,3136.7037,mp_oct
34,3137.004,mp_oct
34,3137.3044,mp_oct
34,3137.6047,mp_oct
45,3137.9051,mp_oct
34,3138.2054,mp_oct
45,3138.5057,mp_oct
45,3138.806,mp_oct
17,3139.1063,mp_oct
19,3139.4066,mp_oct
43,3139.707,mp_oct
3,3140.0073,mp_oct
3,3140.3077,mp_oct
8,3140.608,mp_oct
43,3140.9083,mp_oct
43,3141.2086,mp_oct
43,3141.509,mp_oct
43,3141.8092,mp_oct
3,3142.1096,mp_oct
4,3142.41,mp_oct
4,3142.7103,mp_oct
9,3143.0106,mp_oct
9,3143.3109,mp_oct
32,3143.6112,mp_oct
29,3143.9116,mp_oct
26,3144.2119,mp_oct
35,3144.5122,mp_oct
35,3144.8126,mp_oct
26,3145.1129,mp_oct
35,3145.4132,mp_oct
38,3145.7136,mp_oct
10,3146.0139,mp_oct
15,3146.3142,mp_oct
12,3146.6146,mp_oct
12,3146.9149,mp_oct
8,3147.5155,mp_oct
43,3147.8159,mp_oct
12,3148.1162,mp_oct
12,3148.4165,mp_oct
12,3148.7169,mp_oct
12,3149.0172,mp_oct
13,3149.3175,mp_oct
26,3149.6178,mp_oct
13,3149.9182,mp_oct
11,3150.2184,mp_oct
10,3150.5188,mp_oct
13,3150.8191,mp_oct
13,3151.1194,mp_oct
12,3151.4198,mp_oct
17,3151.7201,mp_oct
17,3152.0205,mp_oct
17,3152.3207,mp_oct
19,3152.6211,mp_oct
17,3152.9214,mp_oct
20,3153.2218,mp_oct
21,3153.5221,mp_oct
17,3153.8224,mp_oct
21,3154.1228,mp_oct
13,3154.423,mp_oct
17,3154.7234,mp_oct
13,3155.0237,mp_oct
17,3155.3241,mp_oct
12,3155.6244,mp_oct
12,3155.9247,mp_oct
13,3156.2251,mp_oct
19,3156.5254,mp_oct
20,3156.8257,mp_oct
19,3157.1261,mp_oct
21,3157.4263,mp_oct
14,3157.7267,mp_oct
20,3158.027,mp_oct
17,3158.3273,mp_oct
20,3158.6276,mp_oct
20,3158.928,mp_oct
21,3159.2284,mp_oct
21,3159.5287,mp_oct
20,3159.829,mp_oct
21,3160.1301,mp_oct
17,3160.4296,mp_oct
14,3160.73,mp_oct
21,3161.0303,mp_oct
20,3161.3306,mp_oct
20,3161.6309,mp_oct
21,3161.9313,mp_oct
17,3162.2316,mp_oct
17,3162.5319,mp_oct
20,3162.8323,mp_oct
14,3163.1325,mp_oct
17,3163.4329,mp_oct
14,3163.7332,mp_oct
21,3164.0335,mp_oct
21,3164.3339,mp_oct
21,3164.6343,mp_oct
21,3164.9346,mp_oct
20,3165.2349,mp_oct
20,3165.5352,mp_oct
21,3165.8355,mp_oct
21,3166.1358,mp_oct
20,3166.4362,mp_oct
21,3166.7365,mp_oct
19,3167.0368,mp_oct
15,3167.3372,mp_oct
12,3167.6375,mp_oct
12,3167.9378,mp_oct
12,3168.5384,mp_oct
12,3168.8388,mp_oct
12,3169.1392,mp_oct
13,3169.4395,mp_oct
12,3169.7398,mp_oct
13,3170.0401,mp_oct
19,3170.3404,mp_oct
13,3170.6408,mp_oct
13,3170.9411,mp_oct
14,3171.2414,mp_oct
20,3171.5417,mp_oct
21,3171.842,mp_oct
20,3172.1424,mp_oct
20,3172.4427,mp_oct
17,3172.7431,mp_oct
14,3173.0434,mp_oct
17,3173.3437,mp_oct
21,3173.6491,mp_oct
14,3173.9444,mp_oct
20,3174.2447,mp_oct
17,3174.545,mp_oct
21,3174.8453,mp_oct
17,3175.1457,mp_oct
20,3175.446,mp_oct
21,3175.7464,mp_oct
20,3176.0466,mp_oct
21,3176.347,mp_oct
20,3176.6473,mp_oct
14,3176.9476,mp_oct
20,3177.248,mp_oct
21,3177.5483,mp_oct
21,3177.8486,mp_oct
21,3178.149,mp_oct
21,3178.4493,mp_oct
20,3178.7505,mp_oct
21,3179.0499,mp_oct
21,3179.3502,mp_oct
21,3179.6506,mp_oct
13,3179.9509,mp_oct
17,3180.2513,mp_oct
17,3180.5516,mp_oct
21,3180.8519,mp_oct
17,3181.1523,mp_oct
17,3181.4525,mp_oct
21,3181.7529,mp_oct
17,3182.0532,mp_oct
17,3182.3535,mp_oct
20,3182.6539,mp_oct
17,3182.9542,mp_oct
13,3183.2545,mp_oct
17,3183.5548,mp_oct
14,3183.8552,mp_oct
20,3184.1556,mp_oct
20,3184.4558,mp_oct
21,3184.7562,mp_oct
20,3185.0565,mp_oct
17,3185.3568,mp_oct
17,3185.6572,mp_oct
21,3185.9575,mp_oct
21,3186.2578,mp_oct
12,3186.5581,mp_oct
13,3186.8585,mp_oct
17,3187.1588,mp_oct
21,3187.4591,mp_oct
20,3187.7594,mp_oct
20,3188.0598,mp_oct
17,3188.3601,mp_oct
21,3188.6604,mp_oct
21,3188.9607,mp_oct
20,3189.2611,mp_oct
20,3189.5614,mp_oct
19,3189.8618,mp_oct
13,3190.1621,mp_oct
12,3190.4624,mp_oct
12,3190.7627,mp_oct
17,3191.063,mp_oct
20,3191.3634,mp_oct
17,3191.6637,mp_oct
13,3191.964,mp_oct
19,3192.2644,mp_oct
20,3192.5706,mp_oct
17,3192.865,mp_oct
20,3193.1653,mp_oct
17,3193.4657,mp_oct
14,3193.766,mp_oct
14,3194.0663,mp_oct
14,3194.3666,mp_oct
14,3194.667,mp_oct
11,3194.9674,mp_oct
14,3195.2676,mp_oct
14,3195.5679,mp_oct
14,3195.8683,mp_oct
11,3196.1686,mp_oct
14,3196.4689,mp_oct
14,3196.7693,mp_oct
21,3197.0697,mp_oct
21,3197.37,mp_oct
20,3197.6702,mp_oct
21,3197.9706,mp_oct
21,3198.2709,mp_oct
21,3198.5712,mp_oct
21,3198.8715,mp_oct
20,3199.1719,mp_oct
21,3199.4723,mp_oct
19,3199.7725,mp_oct
13,3200.0729,mp_oct
10,3200.3757,mp_oct
11,3200.6735,mp_oct
14,3200.9739,mp_oct
14,3201.2742,mp_oct
14,3201.5745,mp_oct
14,3201.8749,mp_oct
14,3202.1752,mp_oct
14,3202.4756,mp_oct
14,3202.7758,mp_oct
14,3203.0762,mp_oct
10,3203.3765,mp_oct
15,3203.6768,mp_oct
19,3203.9771,mp_oct
17,3204.2775,mp_oct
14,3204.5778,mp_oct
14,3204.8781,mp_oct
14,3205.1785,mp_oct
14,3205.4788,mp_oct
14,3205.7791,mp_oct
14,3206.0795,mp_oct
14,3206.3798,mp_oct
14,3206.6801,mp_oct
14,3206.9804,mp_oct
14,3207.2808,mp_oct
20,3207.5811,mp_oct
19,3207.8814,mp_oct
11,3208.1818,mp_oct
14,3208.482,mp_oct
14,3208.7824,mp_oct
21,3209.0827,mp_oct
19,3209.383,mp_oct
19,3209.6834,mp_oct
21,3209.9837,mp_oct
20,3210.2841,mp_oct
21,3210.5844,mp_oct
17,3210.8847,mp_oct
21,3211.185,mp_oct
21,3211.4853,mp_oct
21,3211.7856,mp_oct
21,3212.086,mp_oct
16,3212.3863,mp_oct
20,3212.6867,mp_oct
21,3212.987,mp_oct
21,3213.2873,mp_oct
20,3213.5876,mp_oct
21,3213.8879,mp_oct
20,3214.1883,mp_oct
16,3214.4886,mp_oct
20,3214.789,mp_oct
17,3215.0893,mp_oct
19,3215.3896,mp_oct
17,3215.69,mp_oct
19,3215.9903,mp_oct
12,3216.2906,mp_oct
19,3216.5909,mp_oct
20,3216.8912,mp_oct
20,3217.1916,mp_oct
21,3217.4919,mp_oct
20,3217.7923,mp_oct
21,3218.0926,mp_oct
21,3218.3929,mp_oct
17,3218.6932,mp_oct
21,3218.9935,mp_oct
12,3219.2939,mp_oct
13,3219.5942,mp_oct
21,3219.8946,mp_oct
16,3220.1949,mp_oct
34,3220.4952,mp_oct
19,3220.7955,mp_oct
41,3221.0958,mp_oct
20,3221.3961,mp_oct
20,3221.6965,mp_oct
20,3221.9969,mp_oct
20,3222.2972,mp_oct
20,3222.5975,mp_oct
17,3222.8979,mp_oct
20,3223.1982,mp_oct
21,3223.4985,mp_oct
21,3223.7988,mp_oct
20,3224.0991,mp_oct
20,3224.3995,mp_oct
21,3224.6998,mp_oct
20,3225.0002,mp_oct
20,3225.3004,mp_oct
21,3225.6008,mp_oct
20,3225.9011,mp_oct
20,3226.2014,mp_oct
20,3226.5018,mp_oct
21,3226.8021,mp_oct
20,3227.1024,mp_oct
21,3227.4028,mp_oct
20,3227.7031,mp_oct
20,3228.0034,mp_oct
20,3228.3038,mp_oct
20,3228.604,mp_oct
20,3228.9044,mp_oct
20,3229.2047,mp_oct
21,3229.505,mp_oct
20,3229.8053,mp_oct
20,3230.1057,mp_oct
20,3230.406,mp_oct
16,3230.7064,mp_oct
21,3231.0067,mp_oct
20,3231.307,mp_oct
21,3231.6073,mp_oct
20,3231.9077,mp_oct
21,3232.2079,mp_oct
12,3232.5083,mp_oct
13,3232.8086,mp_oct
12,3233.109,mp_oct
12,3233.4093,mp_oct
17,3233.7096,mp_oct
14,3234.0099,mp_oct
14,3234.3103,mp_oct
14,3234.6106,mp_oct
14,3234.9109,mp_oct
14,3235.2112,mp_oct
14,3235.5116,mp_oct
14,3235.8119,mp_oct
14,3236.1123,mp_oct
14,3236.4125,mp_oct
14,3236.7129,mp_oct
14,3237.0132,mp_oct
14,3237.3135,mp_oct
14,3237.6139,mp_oct
14,3237.9142,mp_oct
14,3238.2146,mp_oct
14,3238.5149,mp_oct
14,3238.8151,mp_oct
14,3239.1155,mp_oct
14,3239.4158,mp_oct
14,3239.7162,mp_oct
20,3240.0165,mp_oct
20,3240.3168,mp_oct
20,3240.6171,mp_oct
17,3240.9175,mp_oct
13,3241.2178,mp_oct
12,3241.5181,mp_oct
12,3242.4191,mp_oct
6,3242.7194,mp_oct
12,3243.0223,mp_oct
38,3243.3201,mp_oct
34,3243.6204,mp_oct
28,3243.9207,mp_oct
38,3244.2211,mp_oct
26,3244.5214,mp_oct
38,3244.8217,mp_oct
2,3245.122,mp_oct
28,3245.4223,mp_oct
40,3245.7227,mp_oct
28,3246.0231,mp_oct
40,3246.3233,mp_oct
38,3246.6237,mp_oct
35,3246.924,mp_oct
34,3247.2244,mp_oct
41,3247.5247,mp_oct
20,3247.825,mp_oct
20,3248.1253,mp_oct
20,3248.4256,mp_oct
17,3248.726,mp_oct
20,3249.0262,mp_oct
20,3249.3267,mp_oct
17,3249.627,mp_oct
14,3249.9272,mp_oct
20,3250.2276,mp_oct
20,3250.5279,mp_oct
17,3250.8282,mp_oct
20,3251.1286,mp_oct
21,3251.4289,mp_oct
12,3251.7292,mp_oct
17,3252.0295,mp_oct
14,3252.3299,mp_oct
14,3252.6352,mp_oct
14,3252.9305,mp_oct
14,3253.2308,mp_oct
14,3253.5312,mp_oct
14,3253.8315,mp_oct
14,3254.1318,mp_oct
14,3254.4322,mp_oct
14,3254.7325,mp_oct
14,3255.0328,mp_oct
14,3255.3332,mp_oct
14,3255.6334,mp_oct
14,3255.9338,mp_oct
14,3256.2341,mp_oct
14,3256.5344,mp_oct
14,3256.8348,mp_oct
14,3257.1351,mp_oct
11,3257.4354,mp_oct
17,3257.7358,mp_oct
20,3258.036,mp_oct
20,3258.3364,mp_oct
14,3258.6367,mp_oct
20,3258.9371,mp_oct
20,3259.2374,mp_oct
20,3259.5377,mp_oct
20,3259.838,mp_oct
16,3260.1384,mp_oct
12,3260.4387,mp_oct
13,3260.739,mp_oct
17,3261.0394,mp_oct
14,3261.3397,mp_oct
20,3261.64,mp_oct
20,3261.9404,mp_oct
21,3262.2407,mp_oct
20,3262.5409,mp_oct
20,3262.8413,mp_oct
20,3263.1417,mp_oct
20,3263.442,mp_oct
20,3263.7423,mp_oct
20,3264.0426,mp_oct
21,3264.3429,mp_oct
20,3264.6433,mp_oct
21,3264.9436,mp_oct
17,3265.244,mp_oct
20,3265.5442,mp_oct
20,3265.8446,mp_oct
20,3266.1449,mp_oct
20,3266.4452,mp_oct
21,3266.7456,mp_oct
20,3267.0459,mp_oct
20,3267.3462,mp_oct
20,3267.6466,mp_oct
20,3267.9468,mp_oct
20,3268.2471,mp_oct
20,3268.5475,mp_oct
19,3268.8479,mp_oct
21,3269.1482,mp_oct
20,3269.4485,mp_oct
21,3269.7488,mp_oct
13,3270.0492,mp_oct
20,3270.3495,mp_oct
21,3270.6498,mp_oct
13,3270.9501,mp_oct
17,3271.2504,mp_oct
20,3271.5508,mp_oct
20,3271.8511,mp_oct
20,3272.1514,mp_oct
20,3272.4518,mp_oct
20,3272.7521,mp_oct
20,3273.0524,mp_oct
20,3273.3527,mp_oct
20,3273.6531,mp_oct
21,3273.9534,mp_oct
20,3274.2538,mp_oct
21,3274.554,mp_oct
16,3274.8544,mp_oct
20,3275.1548,mp_oct
20,3275.455,mp_oct
20,3275.7553,mp_oct
20,3276.0557,mp_oct
21,3276.356,mp_oct
20,3276.6563,mp_oct
20,3276.9567,mp_oct
20,3277.257,mp_oct
20,3277.5573,mp_oct
20,3277.8576,mp_oct
20,3278.158,mp_oct
20,3278.4583,mp_oct
20,3278.7587,mp_oct
20,3279.059,mp_oct
20,3279.3593,mp_oct
20,3279.6596,mp_oct
13,3279.9599,mp_oct
17,3280.2603,mp_oct
20,3280.5606,mp_oct
21,3280.861,mp_oct
12,3281.1613,mp_oct
19,3281.4616,mp_oct
20,3281.762,mp_oct
20,3282.0623,mp_oct
21,3282.3626,mp_oct
21,3282.6629,mp_oct
20,3282.9633,mp_oct
20,3283.2636,mp_oct
20,3283.5639,mp_oct
20,3283.8642,mp_oct
20,3284.1646,mp_oct
20,3284.4649,mp_oct
20,3284.7652,mp_oct
20,3285.0655,mp_oct
20,3285.3659,mp_oct
20,3285.6661,mp_oct
20,3285.9665,mp_oct
20,3286.2668,mp_oct
20,3286.5672,mp_oct
21,3286.8675,mp_oct
20,3287.1678,mp_oct
19,3287.4682,mp_oct
20,3287.7685,mp_oct
20,3288.0688,mp_oct
19,3288.3691,mp_oct
21,3288.6695,mp_oct
20,3288.9698,mp_oct
20,3289.2701,mp_oct
19,3289.5705,mp_oct
16,3289.8707,mp_oct
21,3290.1711,mp_oct
20,3290.4715,mp_oct
17,3290.7717,mp_oct
13,3291.0721,mp_oct
13,3291.3724,mp_oct
21,3291.6727,mp_oct
21,3291.9731,mp_oct
21,3292.2733,mp_oct
20,3292.5737,mp_oct
20,3292.8741,mp_oct
21,3293.1744,mp_oct
20,3293.4747,mp_oct
20,3293.7801,mp_oct
20,3294.0753,mp_oct
20,3294.3756,mp_oct
20,3294.676,mp_oct
20,3294.9764,mp_oct
20,3295.2767,mp_oct
20,3295.577,mp_oct
20,3295.8773,mp_oct
21,3296.1777,mp_oct
20,3296.478,mp_oct
20,3296.7783,mp_oct
20,3297.0786,mp_oct
20,3297.3789,mp_oct
19,3297.6793,mp_oct
12,3297.9796,mp_oct
12,3298.2799,mp_oct
13,3298.5803,mp_oct
19,3298.8806,mp_oct
14,3299.1809,mp_oct
14,3299.4822,mp_oct
17,3299.7815,mp_oct
12,3300.0819,mp_oct
19,3300.3822,mp_oct
20,3300.6827,mp_oct
21,3300.9829,mp_oct
20,3301.2832,mp_oct
20,3301.5836,mp_oct
21,3301.8839,mp_oct
20,3302.1842,mp_oct
20,3302.4846,mp_oct
20,3302.7849,mp_oct
20,3303.0852,mp_oct
12,3303.3856,mp_oct
21,3303.6859,mp_oct
21,3303.9861,mp_oct
20,3304.2865,mp_oct
20,3304.5868,mp_oct
20,3304.8871,mp_oct
20,3305.1875,mp_oct
20,3305.4878,mp_oct
20,3305.7881,mp_oct
20,3306.0885,mp_oct
21,3306.3888,mp_oct
20,3306.6892,mp_oct
21,3306.9895,mp_oct
20,3307.2898,mp_oct
20,3307.5901,mp_oct
20,3307.8904,mp_oct
21,3308.1907,mp_oct
20,3308.4911,mp_oct
20,3308.7914,mp_oct
20,3309.0917,mp_oct
20,3309.3921,mp_oct
20,3309.6924,mp_oct
21,3309.9927,mp_oct
20,3310.2931,mp_oct
20,3310.5934,mp_oct
20,3310.8937,mp_oct
20,3311.194,mp_oct
20,3311.4944,mp_oct
20,3311.7947,mp_oct
20,3312.095,mp_oct
20,3312.3953,mp_oct
17,3312.6956,mp_oct
12,3312.996,mp_oct
12,3313.2963,mp_oct
43,3313.5966,mp_oct
34,3313.8969,mp_oct
19,3314.1973,mp_oct
3,3314.4976,mp_oct
4,3314.7979,mp_oct
43,3315.0983,mp_oct
8,3315.3986,mp_oct
34,3315.699,mp_oct
17,3315.9993,mp_oct
20,3316.2996,mp_oct
14,3316.5999,mp_oct
12,3316.9003,mp_oct
19,3317.2006,mp_oct
19,3317.5009,mp_oct
19,3317.8012,mp_oct
14,3318.1024,mp_oct
10,3318.4019,mp_oct
15,3318.7022,mp_oct
11,3319.0025,mp_oct
14,3319.3028,mp_oct
14,3319.6032,mp_oct
14,3319.9035,mp_oct
19,3320.2038,mp_oct
13,3320.5042,mp_oct
17,3320.8045,mp_oct
19,3321.1049,mp_oct
19,3321.4052,mp_oct
17,3321.7055,mp_oct
14,3322.0058,mp_oct
19,3322.3061,mp_oct
13,3322.6065,mp_oct
19,3322.9068,mp_oct
20,3323.2071,mp_oct
21,3323.5075,mp_oct
20,3323.8078,mp_oct
21,3324.1081,mp_oct
20,3324.4084,mp_oct
20,3324.7087,mp_oct
19,3325.0091,mp_oct
19,3325.3095,mp_oct
19,3325.6098,mp_oct
19,3325.91,mp_oct
14,3326.2104,mp_oct
11,3326.5107,mp_oct
19,3326.811,mp_oct
14,3327.1114,mp_oct
14,3327.4117,mp_oct
14,3327.712,mp_oct
14,3328.0124,mp_oct
14,3328.3127,mp_oct
11,3328.613,mp_oct
14,3328.9133,mp_oct
14,3329.2136,mp_oct
14,3329.5139,mp_oct
14,3329.8143,mp_oct
14,3330.1147,mp_oct
14,3330.4149,mp_oct
14,3330.7153,mp_oct
20,3331.0156,mp_oct
14,3331.3159,mp_oct
14,3331.6162,mp_oct
20,3331.9166,mp_oct
20,3332.2169,mp_oct
20,3332.5172,mp_oct
20,3332.8176,mp_oct
21,3333.1179,mp_oct
20,3333.4182,mp_oct
20,3333.7186,mp_oct
20,3334.0188,mp_oct
20,3334.3192,mp_oct
21,3334.6196,mp_oct
20,3334.9198,mp_oct
17,3335.2202,mp_oct
17,3335.5205,mp_oct
12,3335.8209,mp_oct
12,3336.1212,mp_oct
13,3336.7227,mp_oct
12,3337.0221,mp_oct
3,3337.3224,mp_oct
3,3337.6228,mp_oct
3,3337.9231,mp_oct
6,3338.2234,mp_oct
41,3338.5237,mp_oct
41,3338.8241,mp_oct
6,3339.1244,mp_oct
6,3339.4247,mp_oct
18,3339.7251,mp_oct
13,3340.0254,mp_oct
12,3340.3258,mp_oct
12,3340.626,mp_oct
15,3340.9264,mp_oct
11,3341.2267,mp_oct
14,3341.527,mp_oct
11,3341.8273,mp_oct
14,3342.1277,mp_oct
14,3342.428,mp_oct
11,3342.7283,mp_oct
19,3343.0287,mp_oct
14,3343.329,mp_oct
19,3343.6293,mp_oct
12,3343.9296,mp_oct
12,3344.23,mp_oct
17,3344.5303,mp_oct
41,3344.8306,mp_oct
16,3345.1309,mp_oct
19,3345.4313,mp_oct
14,3345.7316,mp_oct
21,3346.0328,mp_oct
21,3346.3323,mp_oct
21,3346.6326,mp_oct
21,3346.9329,mp_oct
21,3347.2333,mp_oct
21,3347.5336,mp_oct
20,3347.8339,mp_oct
13,3348.1343,mp_oct
17,3348.4345,mp_oct
20,3348.7349,mp_oct
19,3349.0352,mp_oct
13,3349.3356,mp_oct
14,3349.6359,mp_oct
14,3349.9362,mp_oct
14,3350.2365,mp_oct
11,3350.5368,mp_oct
17,3350.8372,mp_oct
20,3351.1376,mp_oct
20,3351.4378,mp_oct
17,3351.7382,mp_oct
19,3352.0385,mp_oct
19,3352.3388,mp_oct
14,3352.6392,mp_oct
14,3352.9395,mp_oct
17,3353.2398,mp_oct
14,3353.5402,mp_oct
14,3353.8405,mp_oct
14,3354.1408,mp_oct
14,3354.4411,mp_oct
14,3354.7415,mp_oct
14,3355.0418,mp_oct
14,3355.3421,mp_oct
17,3355.6424,mp_oct
21,3355.9428,mp_oct
17,3356.2431,mp_oct
11,3356.5434,mp_oct
14,3356.8438,mp_oct
17,3357.1441,mp_oct
14,3357.4444,mp_oct
20,3357.7447,mp_oct
19,3358.045,mp_oct
13,3358.3453,mp_oct
12,3358.6458,mp_oct
12,3358.946,mp_oct
12,3359.2464,mp_oct
12,3359.5466,mp_oct
14,3359.847,mp_oct
14,3360.1473,mp_oct
14,3360.4477,mp_oct
14,3360.748,mp_oct
14,3361.0483,mp_oct
14,3361.3486,mp_oct
14,3361.649,mp_oct
14,3361.9493,mp_oct
13,3362.2496,mp_oct
13,3362.55,mp_oct
20,3362.8503,mp_oct
21,3363.1506,mp_oct
21,3363.4509,mp_oct
20,3363.7513,mp_oct
20,3364.0516,mp_oct
21,3364.352,mp_oct
21,3364.6531,mp_oct
20,3364.9525,mp_oct
21,3365.2529,mp_oct
21,3365.5532,mp_oct
21,3365.8535,mp_oct
20,3366.1539,mp_oct
13,3366.4542,mp_oct
13,3366.7545,mp_oct
20,3367.0548,mp_oct
20,3367.3551,mp_oct
17,3367.6555,mp_oct
21,3367.9558,mp_oct
20,3368.2561,mp_oct
16,3368.5565,mp_oct
19,3368.8568,mp_oct
20,3369.1572,mp_oct
19,3369.4575,mp_oct
12,3369.7579,mp_oct
13,3370.0581,mp_oct
20,3370.3584,mp_oct
20,3370.6588,mp_oct
19,3370.9591,mp_oct
19,3371.2594,mp_oct
17,3371.5597,mp_oct
21,3371.8601,mp_oct
20,3372.1604,mp_oct
19,3372.4607,mp_oct
20,3372.7611,mp_oct
20,3373.0614,mp_oct
20,3373.3617,mp_oct
21,3373.662,mp_oct
17,3373.9623,mp_oct
20,3374.2627,mp_oct
20,3374.563,mp_oct
21,3374.8634,mp_oct
20,3375.1636,mp_oct
20,3375.4639,mp_oct
21,3375.7643,mp_oct
20,3376.0646,mp_oct
20,3376.365,mp_oct
20,3376.6653,mp_oct
20,3376.9656,mp_oct
20,3377.2659,mp_oct
21,3377.5663,mp_oct
21,3377.8667,mp_oct
20,3378.1669,mp_oct
20,3378.4673,mp_oct
20,3378.7676,mp_oct
20,3379.0679,mp_oct
20,3379.3682,mp_oct
20,3379.6686,mp_oct
20,3379.9689,mp_oct
20,3380.2692,mp_oct
20,3380.5696,mp_oct
20,3380.8699,mp_oct
20,3381.1702,mp_oct
17,3381.4705,mp_oct
20,3381.7708,mp_oct
20,3382.0712,mp_oct
21,3382.3715,mp_oct
21,3382.6719,mp_oct
20,3382.9721,mp_oct
16,3383.2734,mp_oct
20,3383.5728,mp_oct
20,3383.8732,mp_oct
20,3384.1735,mp_oct
20,3384.4738,mp_oct
20,3384.7741,mp_oct
19,3385.0744,mp_oct
12,3385.3747,mp_oct
12,3385.6751,mp_oct
12,3385.9754,mp_oct
12,3386.2758,mp_oct
13,3386.5761,mp_oct
12,3386.8764,mp_oct
19,3387.1767,mp_oct
17,3387.4771,mp_oct
21,3387.7774,mp_oct
21,3388.0778,mp_oct
21,3388.3781,mp_oct
21,3388.6784,mp_oct
21,3388.9787,mp_oct
20,3389.279,mp_oct
21,3389.5794,mp_oct
21,3389.8797,mp_oct
21,3390.18,mp_oct
19,3390.4804,mp_oct
21,3390.7806,mp_oct
20,3391.081,mp_oct
20,3391.3813,mp_oct
19,3391.6817,mp_oct
19,3391.982,mp_oct
13,3392.2823,mp_oct
13,3392.5826,mp_oct
15,3392.883,mp_oct
10,3393.1833,mp_oct
35,3393.4836,mp_oct
35,3393.784,mp_oct
35,3394.0843,mp_oct
35,3394.3845,mp_oct
35,3394.6849,mp_oct
35,3394.9852,mp_oct
35,3395.2856,mp_oct
12,3395.5859,mp_oct
13,3395.8862,mp_oct
12,3396.1866,mp_oct
5,3396.4869,mp_oct
43,3396.7872,mp_oct
43,3397.0875,mp_oct
43,3397.3878,mp_oct
43,3397.6881,mp_oct
43,3397.9885,mp_oct
13,3398.2888,mp_oct
12,3398.5892,mp_oct
19,3398.8895,mp_oct
15,3399.1898,mp_oct
15,3399.4901,mp_oct
15,3399.7905,mp_oct
35,3400.0908,mp_oct
15,3400.3911,mp_oct
15,3400.6915,mp_oct
35,3400.9918,mp_oct
15,3401.2921,mp_oct
13,3401.5924,mp_oct
12,3401.8927,mp_oct
8,3402.193,mp_oct
5,3402.4934,mp_oct
34,3402.7937,mp_oct
43,3403.0941,mp_oct
43,3403.3944,mp_oct
43,3403.6947,mp_oct
13,3403.995,mp_oct
12,3404.2954,mp_oct
13,3404.5957,mp_oct
19,3404.896,mp_oct
19,3405.1964,mp_oct
14,3405.4967,mp_oct
14,3405.797,mp_oct
10,3406.0973,mp_oct
15,3406.3977,mp_oct
14,3406.698,mp_oct
13,3406.9983,mp_oct
12,3407.2987,mp_oct
23,3407.5989,mp_oct
8,3407.8993,mp_oct
3,3408.1996,mp_oct
5,3408.4999,mp_oct
23,3408.8003,mp_oct
12,3409.1006,mp_oct
12,3409.4009,mp_oct
10,3409.7013,mp_oct
10,3410.0016,mp_oct
15,3410.3019,mp_oct
15,3410.6022,mp_oct
15,3410.9026,mp_oct
35,3411.2029,mp_oct
26,3411.5032,mp_oct
26,3411.8036,mp_oct
35,3412.1039,mp_oct
35,3412.4042,mp_oct
35,3412.7045,mp_oct
12,3413.0049,mp_oct
8,3413.3052,mp_oct
13,3413.6055,mp_oct
23,3414.2061,mp_oct
43,3414.5065,mp_oct
13,3414.8068,mp_oct
5,3415.1071,mp_oct
43,3415.4075,mp_oct
8,3415.7078,mp_oct
5,3416.0082,mp_oct
34,3416.3084,mp_oct
12,3416.6088,mp_oct
43,3416.9092,mp_oct
5,3417.2095,mp_oct
8,3417.5097,mp_oct
12,3417.8101,mp_oct
13,3418.1104,mp_oct
5,3418.4108,mp_oct
41,3418.7111,mp_oct
19,3419.0114,mp_oct
18,3419.3117,mp_oct
16,3419.6121,mp_oct
16,3419.9124,mp_oct
12,3420.2127,mp_oct
12,3420.5131,mp_oct
12,3420.8134,mp_oct
15,3421.1138,mp_oct
15,3421.414,mp_oct
15,3421.7144,mp_oct
35,3422.0147,mp_oct
44,3422.315,mp_oct
26,3422.6154,mp_oct
35,3422.9156,mp_oct
26,3423.216,mp_oct
26,3423.5163,mp_oct
44,3423.8166,mp_oct
35,3424.117,mp_oct
35,3424.4173,mp_oct
12,3424.7176,mp_oct
23,3425.018,mp_oct
23,3425.3183,mp_oct
3,3425.6186,mp_oct
3,3425.919,mp_oct
12,3426.2218,mp_oct
3,3426.5196,mp_oct
43,3426.8199,mp_oct
12,3427.1203,mp_oct
13,3427.4206,mp_oct
13,3427.7209,mp_oct
19,3428.0212,mp_oct
10,3428.3216,mp_oct
11,3428.6219,mp_oct
10,3428.9222,mp_oct
10,3429.2226,mp_oct
19,3429.5229,mp_oct
19,3429.8232,mp_oct
19,3430.1236,mp_oct
10,3430.4238,mp_oct
12,3430.7242,mp_oct
12,3431.0245,mp_oct
23,3431.3248,mp_oct
16,3431.6252,mp_oct
13,3431.9255,mp_oct
18,3432.2259,mp_oct
16,3432.5262,mp_oct
21,3432.8265,mp_oct
20,3433.1268,mp_oct
16,3433.4272,mp_oct
21,3433.7275,mp_oct
16,3434.0279,mp_oct
23,3434.3281,mp_oct
5,3434.6284,mp_oct
23,3434.9288,mp_oct
4,3435.2291,mp_oct
3,3435.5294,mp_oct
3,3435.8298,mp_oct
3,3436.1301,mp_oct
3,3436.4304,mp_oct
3,3436.7308,mp_oct
3,3437.0311,mp_oct
9,3437.3314,mp_oct
3,3437.932,mp_oct
43,3438.2407,mp_oct
43,3438.5327,mp_oct
8,3438.833,mp_oct
3,3439.1342,mp_oct
47,3439.4337,mp_oct
34,3439.734,mp_oct
34,3440.0343,mp_oct
45,3440.3397,mp_oct
6,3440.635,mp_oct
45,3440.9353,mp_oct
45,3441.2356,mp_oct
8,3441.536,mp_oct
8,3441.8363,mp_oct
5,3442.1366,mp_oct
8,3442.437,mp_oct
8,3442.7373,mp_oct
43,3443.0376,mp_oct
8,3443.3379,mp_oct
8,3443.6383,mp_oct
43,3443.9386,mp_oct
43,3444.2389,mp_oct
43,3444.5392,mp_oct
8,3444.8396,mp_oct
8,3445.1399,mp_oct
8,3445.4402,mp_oct
43,3445.7405,mp_oct
3,3446.0408,mp_oct
3,3446.3412,mp_oct
3,3446.6416,mp_oct
8,3446.9418,mp_oct
43,3447.2422,mp_oct
29,3447.5425,mp_oct
9,3447.8428,mp_oct
7,3448.1432,mp_oct
1,3448.4435,mp_oct
36,3448.7438,mp_oct
7,3449.0442,mp_oct
1,3449.3445,mp_oct
30,3449.6448,mp_oct
31,3449.9452,mp_oct
30,3450.2455,mp_oct
36,3450.5458,mp_oct
49,3450.8461,mp_oct
47,3451.1465,mp_oct
2,3451.4468,mp_oct
5,3451.7471,mp_oct
29,3452.0474,mp_oct
29,3452.3478,mp_oct
48,3452.6481,mp_oct
48,3452.9484,mp_oct
30,3453.2488,mp_oct
48,3453.5491,mp_oct
32,3453.8494,mp_oct
48,3454.1497,mp_oct
29,3454.4501,mp_oct
1,3454.7504,mp_oct
29,3455.0507,mp_oct
3,3455.351,mp_oct
47,3455.6514,mp_oct
34,3455.9517,mp_oct
4,3456.252,mp_oct
4,3456.5524,mp_oct
3,3456.8527,mp_oct
5,3457.1531,mp_oct
3,3457.4533,mp_oct
3,3457.7536,mp_oct
3,3458.054,mp_oct
3,3458.3543,mp_oct
6,3458.6547,mp_oct
47,3458.9549,mp_oct
47,3459.2553,mp_oct
47,3459.5556,mp_oct
4,3459.856,mp_oct
5,3460.1563,mp_oct
8,3460.4566,mp_oct
4,3460.7569,mp_oct
6,3461.0572,mp_oct
6,3461.3576,mp_oct
38,3461.658,mp_oct
45,3461.9582,mp_oct
50,3462.2586,mp_oct
45,3462.5589,mp_oct
5,3462.8592,mp_oct
6,3463.1596,mp_oct
45,3463.4598,mp_oct
41,3463.7602,mp_oct
41,3464.0605,mp_oct
45,3464.3609,mp_oct
45,3464.6612,mp_oct
6,3464.9615,mp_oct
41,3465.2618,mp_oct
45,3465.5622,mp_oct
6,3465.8625,mp_oct
45,3466.1628,mp_oct
41,3466.4631,mp_oct
6,3466.7635,mp_oct
16,3467.0638,mp_oct
45,3467.3641,mp_oct
18,3467.6644,mp_oct
18,3467.9648,mp_oct
16,3468.2651,mp_oct
45,3468.5654,mp_oct
18,3468.8658,mp_oct
16,3469.1661,mp_oct
41,3469.4664,mp_oct
34,3469.7668,mp_oct
6,3470.0671,mp_oct
41,3470.3674,mp_oct
6,3470.6677,mp_oct
5,3470.9681,mp_oct
3,3471.2684,mp_oct
3,3471.5687,mp_oct
47,3471.8691,mp_oct
45,3472.1694,mp_oct
6,3472.4697,mp_oct
47,3472.77,mp_oct
18,3473.0704,mp_oct
34,3473.3707,mp_oct
3,3473.671,mp_oct
18,3473.9714,mp_oct
18,3474.2716,mp_oct
18,3474.572,mp_oct
6,3474.8723,mp_oct
18,3475.1726,mp_oct
18,3475.4729,mp_oct
6,3475.7733,mp_oct
22,3476.0736,mp_oct
34,3476.3739,mp_oct
5,3476.6743,mp_oct
6,3476.9746,mp_oct
43,3477.2749,mp_oct
43,3477.5752,mp_oct
5,3477.8756,mp_oct
6,3478.1759,mp_oct
5,3478.4763,mp_oct
4,3478.7766,mp_oct
2,3479.0768,mp_oct
5,3479.3772,mp_oct
6,3479.6775,mp_oct
41,3479.9779,mp_oct
6,3480.2781,mp_oct
5,3480.5785,mp_oct
30,3480.8788,mp_oct
2,3481.1792,mp_oct
2,3481.4795,mp_oct
41,3481.7798,mp_oct
41,3482.0802,mp_oct
45,3482.3805,mp_oct
45,3482.6809,mp_oct
41,3482.9811,mp_oct
45,3483.2814,mp_oct
41,3483.5818,mp_oct
41,3483.8821,mp_oct
45,3484.1824,mp_oct
41,3484.4828,mp_oct
6,3484.7831,mp_oct
41,3485.0835,mp_oct
41,3485.3837,mp_oct
16,3485.6841,mp_oct
41,3485.9844,mp_oct
5,3486.2848,mp_oct
19,3486.5851,mp_oct
17,3486.8854,mp_oct
45,3487.1857,mp_oct
45,3487.4861,mp_oct
41,3487.7864,mp_oct
45,3488.0867,mp_oct
41,3488.3871,mp_oct
18,3488.6874,mp_oct
18,3488.9877,mp_oct
41,3489.288,mp_oct
18,3489.5884,mp_oct
41,3489.8887,mp_oct
18,3490.189,mp_oct
41,3490.4893,mp_oct
18,3490.7897,mp_oct
41,3491.09,mp_oct
41,3491.3903,mp_oct
23,3491.6907,mp_oct
13,3491.9909,mp_oct
20,3492.2912,mp_oct
21,3492.5916,mp_oct
20,3492.8919,mp_oct
8,3493.1923,mp_oct
5,3493.4926,mp_oct
41,3493.7929,mp_oct
13,3494.0932,mp_oct
8,3494.3936,mp_oct
19,3494.6939,mp_oct
45,3494.9942,mp_oct
16,3495.2946,mp_oct
41,3495.5949,mp_oct
41,3495.8952,mp_oct
41,3496.1956,mp_oct
41,3496.4959,mp_oct
41,3496.7962,mp_oct
18,3497.0966,mp_oct
41,3497.3969,mp_oct
6,3497.6972,mp_oct
23,3497.9975,mp_oct
3,3498.2978,mp_oct
22,3498.5981,mp_oct
47,3498.8985,mp_oct
4,3499.1988,mp_oct
18,3499.4991,mp_oct
6,3499.7994,mp_oct
47,3500.0997,mp_oct
3,3500.4001,mp_oct
6,3500.7004,mp_oct
45,3501.0007,mp_oct
5,3501.3011,mp_oct
3,3501.6014,mp_oct
45,3501.9017,mp_oct
6,3502.202,mp_oct
6,3502.5024,mp_oct
41,3502.8027,mp_oct
45,3503.103,mp_oct
47,3503.4034,mp_oct
45,3503.7037,mp_oct
41,3504.004,mp_oct
41,3504.3043,mp_oct
41,3504.6046,mp_oct
41,3504.905,mp_oct
6,3505.2053,mp_oct
3,3505.5056,mp_oct
4,3505.8059,mp_oct
9,3506.1063,mp_oct
4,3506.4066,mp_oct
47,3506.7069,mp_oct
2,3507.0073,mp_oct
50,3507.3076,mp_oct
4,3507.608,mp_oct
45,3507.9083,mp_oct
41,3508.2086,mp_oct
41,3508.5089,mp_oct
41,3508.8092,mp_oct
41,3509.1095,mp_oct
45,3509.4099,mp_oct
5,3509.7102,mp_oct
8,3510.0105,mp_oct
5,3510.3108,mp_oct
6,3510.6112,mp_oct
6,3510.9116,mp_oct
41,3511.2119,mp_oct
16,3511.5122,mp_oct
17,3511.8125,mp_oct
6,3512.1128,mp_oct
34,3512.4131,mp_oct
41,3512.7134,mp_oct
4,3513.0138,mp_oct
3,3513.3141,mp_oct
47,3513.6145,mp_oct
34,3513.9148,mp_oct
6,3514.2151,mp_oct
47,3514.5154,mp_oct
4,3514.8157,mp_oct
45,3515.116,mp_oct
45,3515.4164,mp_oct
6,3515.7168,mp_oct
18,3516.0171,mp_oct
41,3516.3174,mp_oct
41,3516.6177,mp_oct
34,3516.918,mp_oct
5,3517.2183,mp_oct
34,3517.5187,mp_oct
45,3517.819,mp_oct
6,3518.1194,mp_oct
41,3518.4196,mp_oct
41,3518.72,mp_oct
6,3519.0204,mp_oct
17,3519.3207,mp_oct
18,3519.621,mp_oct
18,3519.9213,mp_oct
18,3520.2216,mp_oct
18,3520.522,mp_oct
18,3520.8224,mp_oct
18,3521.1226,mp_oct
47,3521.4229,mp_oct
18,3521.7233,mp_oct
18,3522.0236,mp_oct
16,3522.3239,mp_oct
43,3522.6243,mp_oct
6,3522.9246,mp_oct
41,3523.2249,mp_oct
41,3523.5252,mp_oct
18,3523.8255,mp_oct
6,3524.1259,mp_oct
12,3524.4262,mp_oct
19,3524.7265,mp_oct
16,3525.0269,mp_oct
16,3525.3272,mp_oct
18,3525.6276,mp_oct
41,3525.9279,mp_oct
17,3526.2281,mp_oct
12,3526.5285,mp_oct
8,3526.8288,mp_oct
18,3527.1291,mp_oct
18,3527.4295,mp_oct
18,3527.7298,mp_oct
18,3528.0301,mp_oct
19,3528.3305,mp_oct
18,3528.6308,mp_oct
18,3528.931,mp_oct
18,3529.2315,mp_oct
18,3529.5317,mp_oct
18,3529.8322,mp_oct
18,3530.1324,mp_oct
18,3530.4327,mp_oct
18,3530.733,mp_oct
18,3531.0333,mp_oct
18,3531.3337,mp_oct
18,3531.634,mp_oct
18,3531.9343,mp_oct
18,3532.2347,mp_oct
22,3532.5349,mp_oct
23,3532.8354,mp_oct
3,3533.1356,mp_oct
3,3533.436,mp_oct
3,3533.7363,mp_oct
3,3534.0366,mp_oct
47,3534.3369,mp_oct
41,3534.6373,mp_oct
34,3534.9376,mp_oct
8,3535.238,mp_oct
34,3535.5383,mp_oct
45,3535.8386,mp_oct
6,3536.1389,mp_oct
41,3536.4392,mp_oct
41,3536.7395,mp_oct
41,3537.0399,mp_oct
6,3537.3402,mp_oct
6,3537.6405,mp_oct
45,3537.9409,mp_oct
41,3538.2412,mp_oct
19,3538.5415,mp_oct
8,3538.8418,mp_oct
18,3539.1422,mp_oct
18,3539.4426,mp_oct
18,3539.7428,mp_oct
5,3540.0431,mp_oct
47,3540.3435,mp_oct
18,3540.6438,mp_oct
18,3540.9442,mp_oct
18,3541.2444,mp_oct
17,3541.5448,mp_oct
5,3541.8452,mp_oct
34,3542.1455,mp_oct
6,3542.4458,mp_oct
45,3542.7461,mp_oct
18,3543.0464,mp_oct
18,3543.3468,mp_oct
41,3543.6471,mp_oct
6,3543.9474,mp_oct
18,3544.2477,mp_oct
18,3544.5481,mp_oct
18,3544.8484,mp_oct
18,3545.1487,mp_oct
18,3545.4491,mp_oct
18,3545.7494,mp_oct
18,3546.0497,mp_oct
18,3546.35,mp_oct
18,3546.6503,mp_oct
18,3546.9506,mp_oct
47,3547.251,mp_oct
18,3547.5513,mp_oct
6,3547.8516,mp_oct
3,3548.1519,mp_oct
12,3548.4523,mp_oct
8,3548.7527,mp_oct
4,3549.053,mp_oct
5,3549.3533,mp_oct
36,3549.6536,mp_oct
1,3549.9539,mp_oct
36,3550.2543,mp_oct
36,3550.5546,mp_oct
49,3550.8549,mp_oct
30,3551.1553,mp_oct
2,3551.4556,mp_oct
50,3551.7559,mp_oct
2,3552.0562,mp_oct
6,3552.3565,mp_oct
41,3552.6619,mp_oct
41,3552.9572,mp_oct
45,3553.2575,mp_oct
8,3553.5579,mp_oct
13,3553.8581,mp_oct
45,3554.1585,mp_oct
45,3554.4588,mp_oct
41,3554.7591,mp_oct
19,3555.0595,mp_oct
16,3555.3598,mp_oct
6,3555.6601,mp_oct
41,3555.9604,mp_oct
41,3556.2608,mp_oct
19,3556.5611,mp_oct
16,3556.8614,mp_oct
17,3557.1617,mp_oct
41,3557.4621,mp_oct
6,3557.7623,mp_oct
41,3558.0628,mp_oct
45,3558.3631,mp_oct
18,3558.6634,mp_oct
41,3558.9637,mp_oct
6,3559.264,mp_oct
18,3559.5644,mp_oct
41,3559.8647,mp_oct
45,3560.1651,mp_oct
20,3560.4653,mp_oct
20,3560.7656,mp_oct
16,3561.066,mp_oct
20,3561.3663,mp_oct
16,3561.6666,mp_oct
21,3561.967,mp_oct
20,3562.2673,mp_oct
21,3562.5676,mp_oct
20,3562.868,mp_oct
21,3563.1683,mp_oct
21,3563.4686,mp_oct
20,3563.7689,mp_oct
19,3564.0692,mp_oct
23,3564.3695,mp_oct
13,3564.6699,mp_oct
22,3564.9702,mp_oct
6,3565.2705,mp_oct
18,3565.5709,mp_oct
18,3565.8712,mp_oct
18,3566.1715,mp_oct
17,3566.4718,mp_oct
18,3566.7722,mp_oct
18,3567.0725,mp_oct
18,3567.3728,mp_oct
18,3567.6731,mp_oct
18,3567.9734,mp_oct
18,3568.2738,mp_oct
18,3568.5741,mp_oct
22,3568.8744,mp_oct
3,3569.1748,mp_oct
34,3569.4751,mp_oct
41,3569.7754,mp_oct
41,3570.0757,mp_oct
41,3570.3761,mp_oct
41,3570.6764,mp_oct
41,3570.9767,mp_oct
5,3571.277,mp_oct
45,3571.5774,mp_oct
41,3571.8777,mp_oct
18,3572.178,mp_oct
18,3572.4783,mp_oct
13,3572.7787,mp_oct
18,3573.079,mp_oct
18,3573.3793,mp_oct
18,3573.6797,mp_oct
18,3573.9799,mp_oct
6,3574.2803,mp_oct
22,3574.5806,mp_oct
18,3574.881,mp_oct
18,3575.1812,mp_oct
18,3575.4816,mp_oct
18,3575.7819,mp_oct
18,3576.0823,mp_oct
18,3576.3826,mp_oct
18,3576.6829,mp_oct
18,3576.9833,mp_oct
18,3577.2835,mp_oct
16,3577.5839,mp_oct
18,3577.8842,mp_oct
18,3578.1845,mp_oct
18,3578.4849,mp_oct
18,3578.7852,mp_oct
18,3579.0855,mp_oct
18,3579.3858,mp_oct
41,3579.6861,mp_oct
18,3579.9865,mp_oct
41,3580.2868,mp_oct
41,3580.5872,mp_oct
20,3580.8874,mp_oct
18,3581.1878,mp_oct
20,3581.4881,mp_oct
21,3581.7884,mp_oct
21,3582.0888,mp_oct
20,3582.389,mp_oct
20,3582.6894,mp_oct
41,3582.9897,mp_oct
20,3583.29,mp_oct
19,3583.5904,mp_oct
18,3583.8907,mp_oct
18,3584.191,mp_oct
16,3584.4914,mp_oct
18,3584.7916,mp_oct
18,3585.092,mp_oct
18,3585.3923,mp_oct
18,3585.6926,mp_oct
18,3585.993,mp_oct
18,3586.2933,mp_oct
18,3586.5936,mp_oct
18,3586.8939,mp_oct
18,3587.1943,mp_oct
18,3587.4946,mp_oct
18,3587.7949,mp_oct
18,3588.0952,mp_oct
18,3588.3956,mp_oct
18,3588.6959,mp_oct
18,3588.9962,mp_oct
20,3589.2965,mp_oct
20,3589.5969,mp_oct
20,3589.8972,mp_oct
20,3590.1976,mp_oct
20,3590.4978,mp_oct
21,3590.7982,mp_oct
20,3591.0985,mp_oct
20,3591.3988,mp_oct
20,3591.6992,mp_oct
20,3591.9995,mp_oct
20,3592.2997,mp_oct
20,3592.6001,mp_oct
21,3592.9004,mp_oct
20,3593.2008,mp_oct
20,3593.5011,mp_oct
21,3593.8014,mp_oct
20,3594.1017,mp_oct
20,3594.402,mp_oct
20,3594.7024,mp_oct
20,3595.0027,mp_oct
20,3595.303,mp_oct
21,3595.6033,mp_oct
20,3595.9036,mp_oct
20,3596.204,mp_oct
20,3596.5043,mp_oct
20,3596.8046,mp_oct
20,3597.105,mp_oct
20,3597.4053,mp_oct
20,3597.7056,mp_oct
20,3598.006,mp_oct
16,3598.3063,mp_oct
21,3598.6066,mp_oct
20,3598.907,mp_oct
20,3599.2073,mp_oct
20,3599.5076,mp_oct
16,3599.8079,mp_oct
16,3600.1082,mp_oct
23,3600.4085,mp_oct
3,3600.7089,mp_oct
3,3601.0092,mp_oct
18,3601.3096,mp_oct
6,3601.6099,mp_oct
4,3601.9102,mp_oct
8,3602.2106,mp_oct
43,3602.5109,mp_oct
5,3602.8111,mp_oct
6,3603.1116,mp_oct
6,3603.4119,mp_oct
41,3603.7122,mp_oct
41,3604.0125,mp_oct
41,3604.3128,mp_oct
41,3604.6132,mp_oct
41,3604.9134,mp_oct
34,3605.2138,mp_oct
13,3605.5141,mp_oct
16,3605.8145,mp_oct
45,3606.1147,mp_oct
45,3606.4151,mp_oct
6,3606.7154,mp_oct
41,3607.0157,mp_oct
18,3607.3161,mp_oct
45,3607.6164,mp_oct
16,3607.9167,mp_oct
18,3608.217,mp_oct
16,3608.5173,mp_oct
18,3608.8177,mp_oct
41,3609.118,mp_oct
20,3609.4183,mp_oct
18,3609.7187,mp_oct
20,3610.0189,mp_oct
16,3610.3193,mp_oct
20,3610.6197,mp_oct
20,3610.9199,mp_oct
21,3611.2203,mp_oct
21,3611.5206,mp_oct
21,3611.8209,mp_oct
20,3612.1212,mp_oct
20,3612.4216,mp_oct
20,3612.7219,mp_oct
21,3613.0222,mp_oct
21,3613.3226,mp_oct
20,3613.6228,mp_oct
21,3613.9232,mp_oct
20,3614.2236,mp_oct
21,3614.5238,mp_oct
20,3614.8242,mp_oct
21,3615.1245,mp_oct
20,3615.4248,mp_oct
20,3615.7251,mp_oct
16,3616.0255,mp_oct
21,3616.3258,mp_oct
20,3616.6261,mp_oct
22,3616.9265,mp_oct
23,3617.2268,mp_oct
3,3617.5271,mp_oct
3,3617.8275,mp_oct
3,3618.1278,mp_oct
5,3618.4281,mp_oct
5,3618.7284,mp_oct
13,3619.0288,mp_oct
26,3619.3291,mp_oct
17,3619.6294,mp_oct
17,3619.9297,mp_oct
19,3620.23,mp_oct
20,3620.5304,mp_oct
21,3620.8307,mp_oct
20,3621.131,mp_oct
20,3621.4313,mp_oct
17,3621.7317,mp_oct
43,3622.032,mp_oct
8,3622.3323,mp_oct
3,3622.6326,mp_oct
3,3622.933,mp_oct
47,3623.2332,mp_oct
6,3623.5336,mp_oct
41,3623.834,mp_oct
18,3624.1343,mp_oct
18,3624.4346,mp_oct
18,3624.7349,mp_oct
18,3625.0353,mp_oct
18,3625.3355,mp_oct
18,3625.6358,mp_oct
17,3625.9362,mp_oct
6,3626.2366,mp_oct
18,3626.5369,mp_oct
18,3626.8372,mp_oct
18,3627.1375,mp_oct
18,3627.4378,mp_oct
18,3627.7381,mp_oct
18,3628.0385,mp_oct
18,3628.3388,mp_oct
18,3628.6391,mp_oct
18,3628.9395,mp_oct
18,3629.2398,mp_oct
18,3629.5401,mp_oct
18,3629.8404,mp_oct
18,3630.1407,mp_oct
18,3630.4411,mp_oct
18,3630.7414,mp_oct
18,3631.0418,mp_oct
18,3631.342,mp_oct
18,3631.6424,mp_oct
18,3631.9427,mp_oct
18,3632.243,mp_oct
18,3632.5434,mp_oct
18,3632.8437,mp_oct
18,3633.1441,mp_oct
18,3633.4443,mp_oct
18,3633.7446,mp_oct
18,3634.045,mp_oct
18,3634.3453,mp_oct
18,3634.6457,mp_oct
18,3634.9459,mp_oct
18,3635.2462,mp_oct
4,3635.5466,mp_oct
3,3635.847,mp_oct
18,3636.1473,mp_oct
22,3636.4476,mp_oct
3,3636.7479,mp_oct
34,3637.0482,mp_oct
41,3637.3485,mp_oct
41,3637.6488,mp_oct
18,3637.9492,mp_oct
41,3638.2496,mp_oct
18,3638.5499,mp_oct
41,3638.8501,mp_oct
41,3639.1505,mp_oct
18,3639.4508,mp_oct
13,3639.7512,mp_oct
3,3640.0515,mp_oct
3,3640.3518,mp_oct
4,3640.6521,mp_oct
4,3640.9524,mp_oct
34,3641.2528,mp_oct
18,3641.5531,mp_oct
45,3641.8534,mp_oct
45,3642.1537,mp_oct
45,3642.4541,mp_oct
18,3642.7544,mp_oct
41,3643.0548,mp_oct
41,3643.3551,mp_oct
19,3643.6554,mp_oct
16,3643.9557,mp_oct
41,3644.2561,mp_oct
41,3644.5564,mp_oct
41,3644.8567,mp_oct
41,3645.157,mp_oct
18,3645.4574,mp_oct
41,3645.7577,mp_oct
18,3646.058,mp_oct
17,3646.3583,mp_oct
16,3646.6586,mp_oct
13,3646.9589,mp_oct
34,3647.2593,mp_oct
41,3647.5597,mp_oct
16,3647.86,mp_oct
21,3648.1603,mp_oct
20,3648.4606,mp_oct
20,3648.761,mp_oct
16,3649.0612,mp_oct
20,3649.3615,mp_oct
20,3649.6619,mp_oct
20,3649.9623,mp_oct
20,3650.2626,mp_oct
21,3650.5629,mp_oct
21,3650.8632,mp_oct
13,3651.1635,mp_oct
12,3651.4638,mp_oct
5,3651.7642,mp_oct
18,3652.0645,mp_oct
4,3652.3649,mp_oct
18,3652.6652,mp_oct
18,3652.9655,mp_oct
18,3653.2658,mp_oct
19,3653.5661,mp_oct
5,3653.8664,mp_oct
8,3654.1668,mp_oct
12,3654.4671,mp_oct
34,3654.7674,mp_oct
11,3655.0678,mp_oct
20,3655.3681,mp_oct
21,3655.6684,mp_oct
34,3655.9687,mp_oct
18,3656.2691,mp_oct
41,3656.5694,mp_oct
16,3656.8698,mp_oct
43,3657.1701,mp_oct
13,3657.4703,mp_oct
4,3657.7707,mp_oct
18,3658.071,mp_oct
18,3658.3714,mp_oct
18,3658.6716,mp_oct
18,3658.972,mp_oct
18,3659.2723,mp_oct
18,3659.5726,mp_oct
18,3659.873,mp_oct
18,3660.1733,mp_oct
18,3660.4737,mp_oct
18,3660.774,mp_oct
6,3661.0742,mp_oct
18,3661.3746,mp_oct
18,3661.6749,mp_oct
18,3661.9753,mp_oct
18,3662.2755,mp_oct
18,3662.5759,mp_oct
6,3662.8762,mp_oct
4,3663.1765,mp_oct
43,3663.4769,mp_oct
8,3663.7771,mp_oct
43,3664.0775,mp_oct
6,3664.3778,mp_oct
6,3664.6781,mp_oct
8,3664.9785,mp_oct
6,3665.2788,mp_oct
45,3665.5791,mp_oct
41,3665.8795,mp_oct
41,3666.1798,mp_oct
45,3666.4801,mp_oct
41,3666.7804,mp_oct
18,3667.0808,mp_oct
18,3667.3811,mp_oct
41,3667.6814,mp_oct
45,3667.9817,mp_oct
41,3668.2821,mp_oct
18,3668.5824,mp_oct
16,3668.8827,mp_oct
6,3669.183,mp_oct
18,3669.4834,mp_oct
45,3669.7837,mp_oct
5,3670.084,mp_oct
5,3670.3844,mp_oct
16,3670.6847,mp_oct
34,3670.985,mp_oct
12,3671.2853,mp_oct
12,3671.5857,mp_oct
13,3671.886,mp_oct
19,3672.1864,mp_oct
12,3672.4866,mp_oct
35,3672.7869,mp_oct
35,3673.0873,mp_oct
8,3673.3876,mp_oct
35,3673.6879,mp_oct
26,3673.9883,mp_oct
26,3674.2886,mp_oct
26,3674.5889,mp_oct
26,3674.8892,mp_oct
26,3675.1936,mp_oct
35,3675.4899,mp_oct
35,3675.7902,mp_oct
35,3676.0905,mp_oct
35,3676.3909,mp_oct
35,3676.6912,mp_oct
26,3676.9915,mp_oct
35,3677.2918,mp_oct
35,3677.5921,mp_oct
35,3677.8925,mp_oct
35,3678.1928,mp_oct
8,3678.4931,mp_oct
8,3678.7935,mp_oct
43,3679.0938,mp_oct
43,3679.3941,mp_oct
43,3679.6944,mp_oct
8,3679.9948,mp_oct
47,3680.2951,mp_oct
47,3680.5955,mp_oct
8,3680.8958,mp_oct
43,3681.196,mp_oct
4,3681.4964,mp_oct
4,3681.7968,mp_oct
9,3682.097,mp_oct
4,3682.3974,mp_oct
1,3682.6977,mp_oct
9,3682.998,mp_oct
48,3683.2984,mp_oct
48,3683.5987,mp_oct
48,3683.899,mp_oct
46,3684.1994,mp_oct
29,3684.4997,mp_oct
35,3684.8,mp_oct
35,3685.1003,mp_oct
26,3686.3016,mp_oct
26,3686.6019,mp_oct
34,3686.9023,mp_oct
13,3687.2026,mp_oct
17,3687.5029,mp_oct
34,3687.8032,mp_oct
12,3688.1036,mp_oct
13,3688.4039,mp_oct
13,3688.7043,mp_oct
34,3689.0045,mp_oct
12,3689.3049,mp_oct
12,3689.6052,mp_oct
13,3689.9055,mp_oct
19,3690.2059,mp_oct
10,3690.5062,mp_oct
10,3690.8074,mp_oct
15,3691.1068,mp_oct
15,3691.4071,mp_oct
35,3691.7075,mp_oct
35,3692.0078,mp_oct
35,3692.3082,mp_oct
12,3692.6085,mp_oct
43,3692.9088,mp_oct
43,3693.2092,mp_oct
12,3693.5095,mp_oct
12,3693.8097,mp_oct
12,3694.1101,mp_oct
12,3694.4104,mp_oct
12,3694.7108,mp_oct
13,3695.0111,mp_oct
12,3695.3114,mp_oct
13,3695.6117,mp_oct
13,3695.912,mp_oct
17,3696.2124,mp_oct
20,3696.5127,mp_oct
13,3696.8131,mp_oct
17,3697.1134,mp_oct
17,3697.4137,mp_oct
17,3697.714,mp_oct
21,3698.0143,mp_oct
21,3698.3147,mp_oct
20,3698.6149,mp_oct
12,3698.9153,mp_oct
13,3699.2157,mp_oct
23,3699.516,mp_oct
12,3699.8163,mp_oct
12,3700.1167,mp_oct
12,3700.417,mp_oct
21,3700.7173,mp_oct
19,3701.0176,mp_oct
20,3701.3179,mp_oct
19,3701.6182,mp_oct
17,3701.9186,mp_oct
14,3702.2189,mp_oct
21,3702.5192,mp_oct
20,3702.8195,mp_oct
20,3703.1199,mp_oct
14,3703.4202,mp_oct
14,3703.7205,mp_oct
14,3704.0209,mp_oct
14,3704.3212,mp_oct
13,3704.6215,mp_oct
43,3704.9218,mp_oct
23,3705.2221,mp_oct
12,3705.5225,mp_oct
15,3705.8228,mp_oct
15,3706.1231,mp_oct
10,3706.4235,mp_oct
15,3706.7238,mp_oct
15,3707.0241,mp_oct
10,3707.3244,mp_oct
15,3707.6248,mp_oct
15,3707.9252,mp_oct
44,3708.2254,mp_oct
27,3708.5258,mp_oct
33,3708.826,mp_oct
33,3709.1264,mp_oct
27,3709.4268,mp_oct
27,3709.727,mp_oct
27,3710.0274,mp_oct
27,3710.3278,mp_oct
27,3710.628,mp_oct
27,3710.9284,mp_oct
39,3711.2287,mp_oct
39,3711.529,mp_oct
39,3711.8294,mp_oct
39,3712.1297,mp_oct
39,3712.43,mp_oct
7,3712.7303,mp_oct
7,3713.0306,mp_oct
7,3713.3309,mp_oct
7,3713.6312,mp_oct
7,3713.9316,mp_oct
39,3714.2319,mp_oct
39,3714.5323,mp_oct
27,3714.8326,mp_oct
36,3715.1329,mp_oct
27,3715.4332,mp_oct
27,3715.7336,mp_oct
27,3716.0339,mp_oct
27,3716.3342,mp_oct
27,3716.6345,mp_oct
27,3716.9349,mp_oct
27,3717.2352,mp_oct
15,3717.5355,mp_oct
15,3717.8358,mp_oct
35,3718.1361,mp_oct
35,3718.4365,mp_oct
26,3718.7369,mp_oct
19,3719.0371,mp_oct
11,3719.3374,mp_oct
42,3719.6378,mp_oct
41,3719.938,mp_oct
41,3720.2385,mp_oct
28,3720.5388,mp_oct
42,3720.839,mp_oct
45,3721.1394,mp_oct
28,3721.4397,mp_oct
28,3721.74,mp_oct
28,3722.0404,mp_oct
6,3722.3407,mp_oct
45,3722.641,mp_oct
19,3722.9414,mp_oct
38,3723.2417,mp_oct
28,3723.542,mp_oct
6,3723.8423,mp_oct
45,3724.1427,mp_oct
28,3724.443,mp_oct
38,3724.7433,mp_oct
26,3725.0436,mp_oct
35,3725.344,mp_oct
26,3725.6443,mp_oct
38,3725.9446,mp_oct
11,3726.245,mp_oct
26,3726.5453,mp_oct
10,3726.8456,mp_oct
10,3727.1459,mp_oct
38,3727.4463,mp_oct
26,3727.7466,mp_oct
26,3728.0469,mp_oct
10,3728.3472,mp_oct
10,3728.6475,mp_oct
26,3728.9479,mp_oct
35,3729.2483,mp_oct
26,3729.5485,mp_oct
12,3729.8489,mp_oct
5,3730.1492,mp_oct
12,3730.4495,mp_oct
8,3730.7499,mp_oct
5,3731.0502,mp_oct
8,3731.3505,mp_oct
34,3731.6508,mp_oct
34,3731.9511,mp_oct
5,3732.2515,mp_oct
5,3732.5518,mp_oct
13,3732.8521,mp_oct
19,3733.1525,mp_oct
17,3733.4537,mp_oct
41,3733.7531,mp_oct
45,3734.0534,mp_oct
18,3734.3538,mp_oct
16,3734.6541,mp_oct
6,3734.9544,mp_oct
45,3735.2547,mp_oct
21,3735.555,mp_oct
21,3735.8554,mp_oct
21,3738.8136,mp_oct
21,3739.1139,mp_oct
21,3739.4142,mp_oct
20,3740.0149,mp_oct
21,3741.5165,mp_oct
20,3741.8168,mp_oct
21,3743.3184,mp_oct
21,3743.9191,mp_oct
20,3744.2195,mp_oct
21,3744.5198,mp_oct
21,3744.8201,mp_oct
16,3745.1204,mp_oct
16,3745.4208,mp_oct
21,3745.7211,mp_oct
16,3746.0214,mp_oct
16,3746.3217,mp_oct
21,3746.6221,mp_oct
16,3746.9224,mp_oct
20,3747.2227,mp_oct
16,3747.523,mp_oct
16,3747.8234,mp_oct
5,3748.1237,mp_oct
6,3748.424,mp_oct
21,3748.7243,mp_oct
20,3749.0247,mp_oct
20,3749.3251,mp_oct
21,3749.6254,mp_oct
16,3749.9257,mp_oct
6,3750.226,mp_oct
19,3750.5263,mp_oct
19,3750.8266,mp_oct
20,3751.127,mp_oct
16,3751.4273,mp_oct
16,3751.7276,mp_oct
21,3752.028,mp_oct
16,3752.3283,mp_oct
20,3752.6286,mp_oct
21,3752.9289,mp_oct
21,3753.2293,mp_oct
21,3753.5296,mp_oct
21,3753.8299,mp_oct
21,3754.1302,mp_oct
16,3754.4306,mp_oct
21,3754.7308,mp_oct
21,3755.0312,mp_oct
20,3755.3315,mp_oct
21,3755.6319,mp_oct
21,3755.9322,mp_oct
21,3756.2325,mp_oct
20,3756.5329,mp_oct
21,3756.8332,mp_oct
16,3757.1335,mp_oct
21,3757.4339,mp_oct
21,3757.7341,mp_oct
20,3758.0345,mp_oct
21,3758.3348,mp_oct
21,3758.6351,mp_oct
16,3758.9355,mp_oct
16,3759.2358,mp_oct
21,3759.5361,mp_oct
19,3759.8364,mp_oct
19,3760.1367,mp_oct
17,3760.4371,mp_oct
21,3760.7374,mp_oct
21,3761.0378,mp_oct
13,3761.3381,mp_oct
17,3761.6384,mp_oct
19,3761.9387,mp_oct
19,3762.239,mp_oct
12,3762.5394,mp_oct
12,3762.8397,mp_oct
12,3763.14,mp_oct
15,3763.4403,mp_oct
15,3763.7407,mp_oct
15,3764.041,mp_oct
12,3764.3413,mp_oct
13,3764.6416,mp_oct
19,3764.942,mp_oct
17,3765.2423,mp_oct
21,3765.5426,mp_oct
17,3765.8429,mp_oct
12,3766.1432,mp_oct
12,3766.4436,mp_oct
24,3766.744,mp_oct
35,3767.0443,mp_oct
26,3767.3446,mp_oct
12,3767.6449,mp_oct
13,3767.9452,mp_oct
17,3768.2455,mp_oct
19,3768.5459,mp_oct
19,3768.8462,mp_oct
19,3769.1465,mp_oct
17,3769.4469,mp_oct
21,3769.7472,mp_oct
17,3770.0476,mp_oct
17,3770.3487,mp_oct
12,3770.6482,mp_oct
12,3770.9485,mp_oct
10,3771.2488,mp_oct
15,3771.5492,mp_oct
15,3771.8494,mp_oct
15,3772.1498,mp_oct
10,3772.4501,mp_oct
34,3772.7505,mp_oct
43,3773.0508,mp_oct
8,3773.3511,mp_oct
5,3773.6515,mp_oct
34,3773.9517,mp_oct
34,3774.2521,mp_oct
5,3774.5524,mp_oct
8,3774.8527,mp_oct
17,3775.1531,mp_oct
13,3775.4534,mp_oct
12,3775.7537,mp_oct
15,3776.0541,mp_oct
15,3776.3544,mp_oct
15,3776.6547,mp_oct
15,3776.955,mp_oct
12,3777.2553,mp_oct
13,3777.5556,mp_oct
19,3777.856,mp_oct
11,3778.1563,mp_oct
10,3778.4567,mp_oct
10,3778.757,mp_oct
10,3779.0573,mp_oct
10,3779.3577,mp_oct
15,3779.6579,mp_oct
15,3779.9583,mp_oct
15,3780.2586,mp_oct
15,3780.5589,mp_oct
35,3780.8593,mp_oct
26,3781.1596,mp_oct
26,3781.4599,mp_oct
26,3781.7602,mp_oct
8,3782.0605,mp_oct
46,3782.3609,mp_oct
43,3782.6612,mp_oct
8,3782.9615,mp_oct
5,3783.2619,mp_oct
8,3783.5622,mp_oct
43,3783.8625,mp_oct
43,3784.1628,mp_oct
5,3784.4632,mp_oct
13,3784.7635,mp_oct
34,3785.0638,mp_oct
16,3785.3642,mp_oct
17,3785.6644,mp_oct
17,3785.9647,mp_oct
18,3786.2651,mp_oct
17,3786.5655,mp_oct
18,3786.8657,mp_oct
41,3787.166,mp_oct
6,3787.4664,mp_oct
41,3787.7668,mp_oct
19,3788.0671,mp_oct
13,3788.3674,mp_oct
5,3788.6677,mp_oct
17,3788.9689,mp_oct
17,3789.2684,mp_oct
17,3789.5687,mp_oct
18,3789.8691,mp_oct
6,3790.1694,mp_oct
3,3790.4697,mp_oct
8,3790.77,mp_oct
8,3791.0703,mp_oct
4,3791.3707,mp_oct
8,3791.6709,mp_oct
8,3791.9713,mp_oct
8,3792.2716,mp_oct
4,3792.572,mp_oct
3,3792.8723,mp_oct
34,3793.1726,mp_oct
4,3793.473,mp_oct
3,3793.7733,mp_oct
4,3794.0736,mp_oct
9,3794.3739,mp_oct
32,3794.6742,mp_oct
32,3794.9746,mp_oct
29,3795.2749,mp_oct
35,3795.5753,mp_oct
35,3795.8756,mp_oct
35,3796.1759,mp_oct
35,3796.4763,mp_oct
15,3796.7765,mp_oct
15,3797.0769,mp_oct
15,3797.3772,mp_oct
26,3797.6775,mp_oct
12,3797.9779,mp_oct
12,3798.2782,mp_oct
23,3798.5785,mp_oct
43,3798.8788,mp_oct
43,3799.1792,mp_oct
13,3799.4795,mp_oct
8,3799.7798,mp_oct
13,3800.0802,mp_oct
12,3800.3805,mp_oct
17,3800.6808,mp_oct
17,3800.9811,mp_oct
17,3801.2814,mp_oct
17,3801.5818,mp_oct
12,3801.8821,mp_oct
12,3802.1824,mp_oct
12,3802.4828,mp_oct
26,3802.7831,mp_oct
15,3803.0834,mp_oct
15,3803.3837,mp_oct
15,3803.684,mp_oct
15,3803.9844,mp_oct
15,3804.2847,mp_oct
10,3804.585,mp_oct
10,3804.8854,mp_oct
15,3805.1857,mp_oct
13,3805.486,mp_oct
12,3805.7863,mp_oct
12,3806.0867,mp_oct
12,3806.387,mp_oct
43,3806.6873,mp_oct
43,3806.9876,mp_oct
8,3807.2879,mp_oct
25,3807.5891,mp_oct
23,3807.8886,mp_oct
13,3808.189,mp_oct
22,3808.4893,mp_oct
16,3808.7896,mp_oct
20,3809.09,mp_oct
20,3809.3903,mp_oct
20,3809.6906,mp_oct
21,3809.9909,mp_oct
20,3810.2913,mp_oct
20,3810.5916,mp_oct
21,3810.8919,mp_oct
20,3811.1922,mp_oct
16,3811.4925,mp_oct
12,3811.7929,mp_oct
12,3812.0932,mp_oct
12,3812.3935,mp_oct
12,3812.6939,mp_oct
13,3812.9942,mp_oct
13,3813.2945,mp_oct
13,3813.5948,mp_oct
19,3813.8951,mp_oct
19,3814.1955,mp_oct
12,3814.4958,mp_oct
17,3814.7962,mp_oct
20,3815.0965,mp_oct
17,3815.3968,mp_oct
19,3815.6971,mp_oct
21,3815.9974,mp_oct
19,3816.2978,mp_oct
20,3816.5981,mp_oct
17,3816.8984,mp_oct
19,3817.1988,mp_oct
13,3817.4991,mp_oct
12,3817.7994,mp_oct
12,3818.0997,mp_oct
14,3818.4001,mp_oct
13,3818.7004,mp_oct
13,3819.0007,mp_oct
12,3819.301,mp_oct
13,3819.6013,mp_oct
23,3819.9016,mp_oct
8,3820.202,mp_oct
5,3820.5023,mp_oct
22,3820.8027,mp_oct
16,3821.103,mp_oct
20,3821.4033,mp_oct
16,3821.7036,mp_oct
20,3822.004,mp_oct
16,3822.3043,mp_oct
16,3822.6046,mp_oct
16,3822.905,mp_oct
23,3823.2053,mp_oct
12,3823.5056,mp_oct
19,3823.8059,mp_oct
13,3824.1063,mp_oct
17,3824.4065,mp_oct
20,3824.7069,mp_oct
17,3825.0072,mp_oct
19,3825.3076,mp_oct
21,3825.6079,mp_oct
17,3825.9082,mp_oct
13,3826.2094,mp_oct
12,3826.5089,mp_oct
12,3826.8092,mp_oct
19,3827.1095,mp_oct
17,3827.4098,mp_oct
19,3827.7102,mp_oct
13,3828.0105,mp_oct
12,3828.6269,mp_oct
13,3828.9115,mp_oct
17,3829.2118,mp_oct
19,3829.5121,mp_oct
20,3829.8124,mp_oct
17,3830.1127,mp_oct
17,3830.4131,mp_oct
21,3830.7134,mp_oct
20,3831.0137,mp_oct
21,3831.3141,mp_oct
20,3831.6144,mp_oct
21,3831.9147,mp_oct
21,3832.215,mp_oct
17,3832.5154,mp_oct
20,3832.8157,mp_oct
17,3833.116,mp_oct
17,3833.4163,mp_oct
13,3833.7167,mp_oct
20,3834.017,mp_oct
17,3834.3173,mp_oct
20,3834.6176,mp_oct
20,3834.918,mp_oct
20,3835.2183,mp_oct
20,3835.5195,mp_oct
19,3835.8189,mp_oct
21,3836.1193,mp_oct
20,3836.4196,mp_oct
21,3836.7199,mp_oct
21,3837.0203,mp_oct
20,3837.3206,mp_oct
21,3837.6209,mp_oct
21,3837.9212,mp_oct
20,3838.2216,mp_oct
21,3838.5219,mp_oct
20,3838.8222,mp_oct
21,3839.1226,mp_oct
19,3839.4228,mp_oct
21,3839.7232,mp_oct
21,3840.0235,mp_oct
20,3840.3238,mp_oct
21,3840.6242,mp_oct
20,3840.9245,mp_oct
20,3841.2248,mp_oct
21,3841.5252,mp_oct
21,3841.8255,mp_oct
20,3842.1258,mp_oct
20,3842.4261,mp_oct
21,3842.7265,mp_oct
21,3843.0268,mp_oct
21,3843.3271,mp_oct
21,3843.6274,mp_oct
21,3843.9278,mp_oct
20,3844.2281,mp_oct
21,3844.5284,mp_oct
21,3844.8288,mp_oct
17,3845.129,mp_oct
21,3845.4293,mp_oct
21,3845.7297,mp_oct
21,3846.03,mp_oct
21,3846.3303,mp_oct
20,3846.6307,mp_oct
21,3846.9311,mp_oct
16,3847.2313,mp_oct
20,3847.5317,mp_oct
20,3847.832,mp_oct
20,3848.1324,mp_oct
20,3848.4326,mp_oct
20,3848.733,mp_oct
21,3849.0333,mp_oct
20,3849.3336,mp_oct
20,3849.6339,mp_oct
21,3849.9343,mp_oct
21,3850.2346,mp_oct
21,3850.5349,mp_oct
21,3850.8353,mp_oct
20,3851.1356,mp_oct
21,3851.4359,mp_oct
21,3851.7362,mp_oct
20,3852.0366,mp_oct
21,3852.3369,mp_oct
20,3852.6372,mp_oct
21,3852.9375,mp_oct
21,3853.2379,mp_oct
21,3853.5382,mp_oct
20,3853.8385,mp_oct
20,3854.1388,mp_oct
21,3854.4392,mp_oct
21,3854.7395,mp_oct
20,3855.0398,mp_oct
20,3855.3401,mp_oct
20,3855.6405,mp_oct
20,3855.9408,mp_oct
20,3856.2411,mp_oct
20,3856.5414,mp_oct
21,3856.8418,mp_oct
20,3857.1421,mp_oct
21,3857.4424,mp_oct
20,3857.7427,mp_oct
21,3858.0431,mp_oct
21,3858.3434,mp_oct
21,3858.6438,mp_oct
20,3858.9441,mp_oct
21,3859.2444,mp_oct
20,3859.5447,mp_oct
21,3859.845,mp_oct
21,3860.1453,mp_oct
20,3860.4457,mp_oct
21,3860.746,mp_oct
21,3861.0463,mp_oct
20,3861.3466,mp_oct
13,3861.647,mp_oct
16,3861.9473,mp_oct
21,3862.2476,mp_oct
21,3862.548,mp_oct
20,3862.8483,mp_oct
21,3863.1486,mp_oct
21,3863.4489,mp_oct
20,3863.7492,mp_oct
21,3864.0496,mp_oct
20,3864.35,mp_oct
21,3864.6502,mp_oct
20,3864.9506,mp_oct
21,3865.2509,mp_oct
20,3865.5512,mp_oct
21,3865.8516,mp_oct
21,3866.1518,mp_oct
20,3866.4522,mp_oct
21,3866.7525,mp_oct
21,3867.0528,mp_oct
20,3867.3531,mp_oct
20,3867.6535,mp_oct
20,3867.9538,mp_oct
20,3868.2541,mp_oct
20,3868.5545,mp_oct
20,3868.8548,mp_oct
21,3869.1552,mp_oct
20,3869.4555,mp_oct
20,3869.7557,mp_oct
20,3870.0561,mp_oct
20,3870.3564,mp_oct
20,3870.6567,mp_oct
21,3870.9571,mp_oct
21,3871.2574,mp_oct
20,3871.5577,mp_oct
20,3871.8581,mp_oct
16,3872.1583,mp_oct
21,3872.4587,mp_oct
21,3872.759,mp_oct
20,3873.0593,mp_oct
21,3873.3597,mp_oct
20,3873.66,mp_oct
20,3873.9603,mp_oct
21,3874.2607,mp_oct
20,3874.561,mp_oct
20,3874.8613,mp_oct
21,3875.1616,mp_oct
20,3875.462,mp_oct
20,3875.7622,mp_oct
20,3876.0626,mp_oct
20,3876.3629,mp_oct
21,3876.6632,mp_oct
21,3876.9636,mp_oct
20,3877.2639,mp_oct
20,3877.5643,mp_oct
20,3877.8646,mp_oct
20,3878.1649,mp_oct
20,3878.4652,mp_oct
20,3878.7655,mp_oct
21,3879.0659,mp_oct
21,3879.3662,mp_oct
20,3879.6665,mp_oct
20,3879.9668,mp_oct
21,3880.2672,mp_oct
20,3880.5675,mp_oct
20,3880.8678,mp_oct
20,3881.1682,mp_oct
20,3881.4684,mp_oct
21,3881.7688,mp_oct
21,3882.0692,mp_oct
20,3882.3694,mp_oct
20,3882.6698,mp_oct
21,3882.9701,mp_oct
21,3883.2705,mp_oct
20,3883.5708,mp_oct
21,3883.8711,mp_oct
20,3884.1714,mp_oct
20,3884.4717,mp_oct
21,3884.772,mp_oct
21,3885.0724,mp_oct
20,3885.3727,mp_oct
21,3885.6731,mp_oct
20,3885.9733,mp_oct
20,3886.2737,mp_oct
21,3886.574,mp_oct
20,3886.8744,mp_oct
20,3887.1747,mp_oct
21,3887.475,mp_oct
20,3887.7754,mp_oct
21,3888.0756,mp_oct
20,3888.376,mp_oct
20,3888.6764,mp_oct
20,3888.9766,mp_oct
20,3889.277,mp_oct
21,3889.5772,mp_oct
16,3889.8776,mp_oct
20,3890.1779,mp_oct
21,3890.4782,mp_oct
21,3890.7786,mp_oct
20,3891.0789,mp_oct
21,3891.3792,mp_oct
21,3891.6796,mp_oct
21,3891.9799,mp_oct
20,3892.2802,mp_oct
20,3892.5805,mp_oct
20,3892.8808,mp_oct
21,3893.1812,mp_oct
21,3893.4815,mp_oct
20,3893.7818,mp_oct
21,3894.0822,mp_oct
20,3894.3825,mp_oct
20,3894.6828,mp_oct
21,3894.9832,mp_oct
20,3895.2834,mp_oct
21,3895.5838,mp_oct
20,3895.8841,mp_oct
20,3896.1844,mp_oct
20,3896.4848,mp_oct
20,3896.7851,mp_oct
21,3897.0854,mp_oct
20,3897.3857,mp_oct
20,3897.6861,mp_oct
20,3897.9864,mp_oct
21,3898.2867,mp_oct
20,3898.587,mp_oct
21,3898.8873,mp_oct
20,3899.1876,mp_oct
21,3899.488,mp_oct
20,3899.7884,mp_oct
20,3900.0887,mp_oct
21,3900.389,mp_oct
21,3900.6893,mp_oct
21,3900.9896,mp_oct
20,3901.29,mp_oct
20,3901.5903,mp_oct
20,3901.8906,mp_oct
20,3902.191,mp_oct
21,3902.4913,mp_oct
20,3902.7916,mp_oct
20,3903.0919,mp_oct
20,3903.3922,mp_oct
20,3903.6925,mp_oct
20,3903.9929,mp_oct
21,3904.2932,mp_oct
20,3904.5935,mp_oct
20,3904.8939,mp_oct
20,3905.1942,mp_oct
20,3905.4945,mp_oct
20,3905.7948,mp_oct
20,3906.0952,mp_oct
21,3906.3955,mp_oct
20,3906.6958,mp_oct
21,3906.9961,mp_oct
20,3907.2964,mp_oct
20,3907.5968,mp_oct
20,3907.8971,mp_oct
21,3908.1975,mp_oct
21,3908.4978,mp_oct
21,3908.7981,mp_oct
21,3909.0984,mp_oct
20,3909.3987,mp_oct
20,3909.699,mp_oct
21,3909.9994,mp_oct
20,3910.3005,mp_oct
21,3910.6,mp_oct
20,3910.9003,mp_oct
21,3911.2007,mp_oct
20,3911.501,mp_oct
20,3911.8013,mp_oct
20,3912.1016,mp_oct
20,3912.402,mp_oct
20,3912.7023,mp_oct
20,3913.0026,mp_oct
20,3913.3029,mp_oct
21,3913.6033,mp_oct
21,3913.9036,mp_oct
20,3914.204,mp_oct
21,3914.5043,mp_oct
21,3914.8046,mp_oct
21,3915.1049,mp_oct
19,3915.4052,mp_oct
13,3915.7056,mp_oct
23,3916.0059,mp_oct
23,3916.3062,mp_oct
34,3916.6065,mp_oct
16,3916.9068,mp_oct
19,3917.2072,mp_oct
41,3917.5075,mp_oct
17,3917.8078,mp_oct
34,3918.1082,mp_oct
5,3918.4085,mp_oct
18,3918.7088,mp_oct
18,3919.0092,mp_oct
23,3919.3095,mp_oct
34,3919.6098,mp_oct
13,3919.9101,mp_oct
12,3920.2105,mp_oct
12,3920.5108,mp_oct
13,3920.8111,mp_oct
17,3921.1114,mp_oct
19,3921.4117,mp_oct
17,3921.7121,mp_oct
19,3922.0124,mp_oct
19,3922.3127,mp_oct
14,3922.613,mp_oct
21,3922.9133,mp_oct
21,3923.2137,mp_oct
20,3923.514,mp_oct
20,3923.8194,mp_oct
14,3924.1147,mp_oct
20,3924.415,mp_oct
20,3924.7153,mp_oct
20,3925.0157,mp_oct
20,3925.316,mp_oct
14,3925.6163,mp_oct
20,3925.9166,mp_oct
20,3926.217,mp_oct
14,3926.5173,mp_oct
14,3926.8176,mp_oct
20,3927.118,mp_oct
20,3927.4183,mp_oct
20,3927.7186,mp_oct
21,3928.0189,mp_oct
21,3928.3192,mp_oct
20,3928.6196,mp_oct
21,3928.9199,mp_oct
21,3929.2202,mp_oct
20,3929.5205,mp_oct
21,3929.8209,mp_oct
21,3930.1212,mp_oct
21,3930.4215,mp_oct
21,3930.7219,mp_oct
20,3931.0221,mp_oct
20,3931.3225,mp_oct
20,3931.6228,mp_oct
21,3931.9231,mp_oct
20,3932.2234,mp_oct
20,3932.5237,mp_oct
20,3932.8241,mp_oct
20,3933.1244,mp_oct
20,3933.4248,mp_oct
20,3933.7251,mp_oct
20,3934.0254,mp_oct
20,3934.3257,mp_oct
20,3934.6261,mp_oct
20,3934.9263,mp_oct
20,3935.2267,mp_oct
20,3935.527,mp_oct
20,3935.8273,mp_oct
20,3936.1276,mp_oct
20,3936.428,mp_oct
20,3936.7283,mp_oct
20,3937.0286,mp_oct
20,3937.329,mp_oct
20,3937.6293,mp_oct
20,3937.9296,mp_oct
20,3938.2299,mp_oct
20,3938.5302,mp_oct
20,3938.8306,mp_oct
20,3939.1309,mp_oct
20,3939.4313,mp_oct
20,3939.7316,mp_oct
20,3940.0319,mp_oct
20,3940.3323,mp_oct
20,3940.6325,mp_oct
20,3940.9329,mp_oct
21,3941.2332,mp_oct
20,3941.5335,mp_oct
20,3941.8338,mp_oct
21,3942.1342,mp_oct
20,3942.4345,mp_oct
20,3942.7348,mp_oct
20,3943.0351,mp_oct
20,3943.3355,mp_oct
20,3943.6358,mp_oct
20,3943.9362,mp_oct
20,3944.2364,mp_oct
21,3944.5368,mp_oct
21,3944.8371,mp_oct
20,3945.1374,mp_oct
21,3945.4377,mp_oct
17,3945.7381,mp_oct
20,3946.0384,mp_oct
20,3946.3387,mp_oct
20,3946.639,mp_oct
20,3946.9394,mp_oct
20,3947.2396,mp_oct
20,3947.5401,mp_oct
20,3947.8412,mp_oct
17,3948.1407,mp_oct
17,3948.441,mp_oct
20,3948.7413,mp_oct
20,3949.0417,mp_oct
20,3949.342,mp_oct
20,3949.6423,mp_oct
20,3949.9426,mp_oct
20,3950.2429,mp_oct
20,3950.5433,mp_oct
20,3950.8436,mp_oct
20,3951.1439,mp_oct
20,3951.4443,mp_oct
20,3951.7446,mp_oct
20,3952.0449,mp_oct
20,3952.3452,mp_oct
20,3952.6456,mp_oct
20,3952.9459,mp_oct
20,3953.2462,mp_oct
20,3953.5465,mp_oct
20,3953.8468,mp_oct
20,3954.1472,mp_oct
20,3954.4475,mp_oct
20,3954.7478,mp_oct
20,3955.0482,mp_oct
20,3955.3485,mp_oct
20,3955.6488,mp_oct
20,3955.9491,mp_oct
20,3956.2494,mp_oct
20,3956.5498,mp_oct
20,3956.8501,mp_oct
20,3957.1513,mp_oct
20,3957.4507,mp_oct
20,3957.7511,mp_oct
20,3958.0514,mp_oct
20,3958.3517,mp_oct
20,3958.6521,mp_oct
20,3958.9524,mp_oct
20,3959.2527,mp_oct
20,3959.553,mp_oct
20,3959.8533,mp_oct
20,3960.1537,mp_oct
20,3960.454,mp_oct
20,3960.7543,mp_oct
20,3961.0547,mp_oct
20,3961.3549,mp_oct
20,3961.6553,mp_oct
20,3961.9556,mp_oct
20,3962.256,mp_oct
17,3962.5563,mp_oct
19,3962.8566,mp_oct
20,3963.1569,mp_oct
20,3963.4572,mp_oct
20,3963.7576,mp_oct
20,3964.0579,mp_oct
20,3964.3582,mp_oct
20,3964.6586,mp_oct
20,3964.9588,mp_oct
20,3965.2591,mp_oct
20,3965.5595,mp_oct
20,3965.8598,mp_oct
20,3966.1602,mp_oct
20,3966.4614,mp_oct
20,3966.7608,mp_oct
20,3967.0612,mp_oct
20,3967.3615,mp_oct
20,3967.6618,mp_oct
20,3967.9621,mp_oct
20,3968.2624,mp_oct
20,3968.5628,mp_oct
20,3968.8631,mp_oct
20,3969.1634,mp_oct
20,3969.4637,mp_oct
20,3969.764,mp_oct
20,3970.0644,mp_oct
20,3970.3647,mp_oct
20,3970.6651,mp_oct
20,3970.9654,mp_oct
20,3971.2657,mp_oct
20,3971.566,mp_oct
20,3971.8663,mp_oct
21,3972.1666,mp_oct
21,3972.4669,mp_oct
20,3972.7673,mp_oct
20,3973.0676,mp_oct
20,3973.368,mp_oct
20,3973.6683,mp_oct
20,3973.9686,mp_oct
20,3974.269,mp_oct
20,3974.5693,mp_oct
20,3974.8696,mp_oct
20,3975.1699,mp_oct
21,3975.4703,mp_oct
20,3975.7705,mp_oct
20,3976.0708,mp_oct
20,3976.3712,mp_oct
20,3976.6715,mp_oct
20,3976.9718,mp_oct
20,3977.2722,mp_oct
20,3977.5725,mp_oct
20,3977.8728,mp_oct
20,3978.1731,mp_oct
20,3978.4734,mp_oct
20,3978.7738,mp_oct
20,3979.0741,mp_oct
20,3979.3745,mp_oct
20,3979.6748,mp_oct
20,3979.9751,mp_oct
20,3980.2754,mp_oct
20,3980.5757,mp_oct
20,3980.876,mp_oct
20,3981.1764,mp_oct
20,3981.4767,mp_oct
20,3981.7771,mp_oct
20,3982.0773,mp_oct
20,3982.3777,mp_oct
20,3982.678,mp_oct
20,3982.9783,mp_oct
20,3983.2786,mp_oct
20,3983.579,mp_oct
20,3983.8793,mp_oct
20,3984.1796,mp_oct
20,3984.4799,mp_oct
21,3984.7803,mp_oct
20,3985.0806,mp_oct
20,3985.381,mp_oct
20,3985.6812,mp_oct
20,3985.9816,mp_oct
20,3986.2819,mp_oct
20,3986.5823,mp_oct
20,3986.8825,mp_oct
20,3987.1829,mp_oct
20,3987.4832,mp_oct
20,3987.7835,mp_oct
20,3988.0838,mp_oct
20,3988.3842,mp_oct
20,3988.6845,mp_oct
20,3988.9848,mp_oct
20,3989.2852,mp_oct
20,3989.5855,mp_oct
20,3989.8858,mp_oct
20,3990.1861,mp_oct
20,3990.4865,mp_oct
20,3990.7868,mp_oct
20,3991.0871,mp_oct
20,3991.3874,mp_oct
20,3991.6878,mp_oct
20,3991.9881,mp_oct
20,3992.2884,mp_oct
20,3992.5887,mp_oct
20,3992.889,mp_oct
20,3993.1893,mp_oct
20,3993.4897,mp_oct
20,3993.79,mp_oct
20,3994.0903,mp_oct
20,3994.3907,mp_oct
20,3994.691,mp_oct
20,3994.9913,mp_oct
20,3995.2917,mp_oct
20,3995.5919,mp_oct
20,3995.8923,mp_oct
20,3996.1926,mp_oct
20,3996.4929,mp_oct
20,3996.7932,mp_oct
20,3997.0936,mp_oct
20,3997.394,mp_oct
20,3997.6942,mp_oct
20,3997.9946,mp_oct
20,3998.2949,mp_oct
20,3998.5952,mp_oct
20,3998.8955,mp_oct
20,3999.1959,mp_oct
20,3999.4962,mp_oct
20,3999.7965,mp_oct
20,4000.0969,mp_oct
20,4000.3971,mp_oct
20,4000.6975,mp_oct
20,4000.9978,mp_oct
20,4001.2981,mp_oct
20,4001.5985,mp_oct
20,4001.8988,mp_oct
20,4002.1991,mp_oct
20,4002.4994,mp_oct
20,4002.7998,mp_oct
20,4003.1001,mp_oct
20,4003.4004,mp_oct
20,4003.7007,mp_oct
20,4004.001,mp_oct
20,4004.3014,mp_oct
20,4004.6016,mp_oct
20,4004.902,mp_oct
20,4005.2023,mp_oct
20,4005.5026,mp_oct
20,4005.803,mp_oct
20,4006.1033,mp_oct
20,4006.4036,mp_oct
20,4006.7039,mp_oct
20,4007.0043,mp_oct
20,4007.3046,mp_oct
20,4007.6049,mp_oct
20,4007.9053,mp_oct
20,4008.2055,mp_oct
20,4008.5059,mp_oct
20,4008.8063,mp_oct
20,4009.1065,mp_oct
20,4009.4069,mp_oct
20,4009.7072,mp_oct
20,4010.0075,mp_oct
20,4010.3078,mp_oct
20,4010.6081,mp_oct
20,4010.9085,mp_oct
20,4011.2088,mp_oct
20,4011.5092,mp_oct
20,4011.8095,mp_oct
20,4012.1098,mp_oct
20,4012.4101,mp_oct
20,4012.7105,mp_oct
21,4013.0108,mp_oct
20,4013.3119,mp_oct
20,4013.6114,mp_oct
20,4013.9117,mp_oct
20,4014.2121,mp_oct
20,4014.5124,mp_oct
20,4014.8127,mp_oct
20,4015.1131,mp_oct
20,4015.4134,mp_oct
20,4015.7137,mp_oct
20,4016.014,mp_oct
20,4016.3143,mp_oct
20,4016.6147,mp_oct
20,4016.9149,mp_oct
20,4017.2153,mp_oct
20,4017.5156,mp_oct
20,4017.816,mp_oct
20,4018.1163,mp_oct
20,4018.4166,mp_oct
20,4018.7169,mp_oct
20,4019.0172,mp_oct
20,4019.3176,mp_oct
20,4019.6179,mp_oct
20,4019.9182,mp_oct
20,4020.2186,mp_oct
20,4020.5188,mp_oct
20,4020.8192,mp_oct
20,4021.1195,mp_oct
20,4021.4198,mp_oct
20,4021.7202,mp_oct
20,4022.0204,mp_oct
20,4022.3208,mp_oct
20,4022.6212,mp_oct
20,4022.9215,mp_oct
20,4023.2218,mp_oct
20,4023.5221,mp_oct
20,4023.8224,mp_oct
20,4024.1227,mp_oct
20,4024.4231,mp_oct
13,4024.7234,mp_oct
19,4025.0237,mp_oct
17,4025.3241,mp_oct
17,4025.6244,mp_oct
20,4025.9247,mp_oct
20,4026.225,mp_oct
21,4026.5253,mp_oct
19,4026.8257,mp_oct
19,4027.126,mp_oct
19,4027.4263,mp_oct
13,4027.7267,mp_oct
19,4028.0269,mp_oct
8,4028.3273,mp_oct
34,4028.6276,mp_oct
19,4028.9279,mp_oct
19,4029.2283,mp_oct
19,4029.5285,mp_oct
17,4029.8289,mp_oct
17,4030.1292,mp_oct
19,4030.4296,mp_oct
17,4030.7299,mp_oct
14,4031.0302,mp_oct
20,4031.3305,mp_oct
20,4031.6308,mp_oct
20,4031.9312,mp_oct
14,4032.2315,mp_oct
20,4032.5318,mp_oct
20,4032.8321,mp_oct
20,4033.1325,mp_oct
21,4033.4329,mp_oct
20,4033.7331,mp_oct
20,4034.0334,mp_oct
21,4034.3337,mp_oct
20,4034.6341,mp_oct
20,4034.9344,mp_oct
21,4035.2348,mp_oct
20,4035.5351,mp_oct
20,4035.8354,mp_oct
21,4036.1357,mp_oct
21,4036.436,mp_oct
20,4036.7364,mp_oct
20,4037.0367,mp_oct
20,4037.337,mp_oct
21,4037.6373,mp_oct
21,4037.9377,mp_oct
20,4038.238,mp_oct
20,4038.5383,mp_oct
21,4038.8387,mp_oct
20,4039.1389,mp_oct
20,4039.4393,mp_oct
20,4039.7396,mp_oct
21,4040.04,mp_oct
20,4040.3403,mp_oct
20,4040.6406,mp_oct
20,4040.9409,mp_oct
20,4041.2412,mp_oct
20,4041.5415,mp_oct
20,4041.8418,mp_oct
21,4042.1422,mp_oct
20,4042.4425,mp_oct
21,4042.7428,mp_oct
21,4043.0431,mp_oct
20,4043.3435,mp_oct
21,4043.6439,mp_oct
20,4043.9442,mp_oct
20,4044.2444,mp_oct
20,4044.5448,mp_oct
20,4044.8451,mp_oct
20,4045.1454,mp_oct
20,4045.4458,mp_oct
19,4045.7461,mp_oct
21,4046.0464,mp_oct
20,4046.3467,mp_oct
21,4046.6471,mp_oct
19,4046.9474,mp_oct
21,4047.2477,mp_oct
20,4047.548,mp_oct
21,4047.8484,mp_oct
21,4048.1487,mp_oct
20,4048.449,mp_oct
17,4048.7493,mp_oct
20,4049.0496,mp_oct
20,4049.35,mp_oct
20,4049.6503,mp_oct
20,4049.9506,mp_oct
21,4050.251,mp_oct
17,4050.5513,mp_oct
20,4050.8516,mp_oct
20,4051.1519,mp_oct
20,4051.4522,mp_oct
20,4051.7525,mp_oct
21,4052.0529,mp_oct
20,4052.3532,mp_oct
20,4052.6535,mp_oct
20,4052.9539,mp_oct
20,4053.2542,mp_oct
20,4053.5545,mp_oct
20,4053.8548,mp_oct
20,4054.1551,mp_oct
21,4054.4555,mp_oct
20,4054.7558,mp_oct
20,4055.0562,mp_oct
20,4055.3565,mp_oct
20,4055.6567,mp_oct
20,4055.9571,mp_oct
20,4056.2574,mp_oct
20,4056.5577,mp_oct
20,4056.8581,mp_oct
20,4057.1584,mp_oct
20,4057.4587,mp_oct
20,4057.759,mp_oct
21,4058.0594,mp_oct
20,4058.3597,mp_oct
20,4058.66,mp_oct
20,4058.9604,mp_oct
20,4059.2607,mp_oct
20,4059.5611,mp_oct
20,4059.8613,mp_oct
21,4060.1617,mp_oct
20,4060.462,mp_oct
20,4060.7622,mp_oct
20,4061.0627,mp_oct
21,4061.3629,mp_oct
20,4061.6632,mp_oct
20,4061.9636,mp_oct
19,4062.2639,mp_oct
20,4062.5642,mp_oct
20,4062.8645,mp_oct
20,4063.1648,mp_oct
20,4063.4652,mp_oct
20,4063.7655,mp_oct
20,4064.0658,mp_oct
21,4064.3662,mp_oct
20,4064.6665,mp_oct
20,4064.9668,mp_oct
20,4065.2671,mp_oct
20,4065.5675,mp_oct
20,4065.8677,mp_oct
20,4066.1681,mp_oct
20,4066.4685,mp_oct
16,4066.7687,mp_oct
20,4067.0691,mp_oct
20,4067.3694,mp_oct
19,4067.6697,mp_oct
16,4067.97,mp_oct
21,4068.2704,mp_oct
17,4068.5707,mp_oct
21,4068.871,mp_oct
21,4069.1714,mp_oct
21,4069.4725,mp_oct
21,4069.772,mp_oct
20,4070.0723,mp_oct
20,4070.3726,mp_oct
20,4070.6729,mp_oct
20,4070.9732,mp_oct
20,4071.2736,mp_oct
20,4071.574,mp_oct
20,4071.8743,mp_oct
20,4072.1746,mp_oct
20,4072.4749,mp_oct
20,4072.7752,mp_oct
20,4073.0756,mp_oct
20,4073.3759,mp_oct
20,4073.6762,mp_oct
20,4073.9765,mp_oct
20,4074.2769,mp_oct
20,4074.5772,mp_oct
20,4074.8775,mp_oct
20,4075.1779,mp_oct
20,4075.4782,mp_oct
20,4075.7785,mp_oct
20,4076.0788,mp_oct
20,4076.3791,mp_oct
20,4076.6795,mp_oct
20,4076.9798,mp_oct
20,4077.2801,mp_oct
16,4077.5804,mp_oct
23,4077.8807,mp_oct
23,4078.1811,mp_oct
34,4078.4814,mp_oct
19,4078.7826,mp_oct
13,4079.082,mp_oct
34,4079.3824,mp_oct
6,4079.6827,mp_oct
16,4079.983,mp_oct
5,4080.2833,mp_oct
20,4080.5837,mp_oct
21,4080.884,mp_oct
17,4081.1843,mp_oct
13,4081.4846,mp_oct
21,4081.785,mp_oct
21,4082.0853,mp_oct
20,4082.3856,mp_oct
20,4082.686,mp_oct
21,4082.9863,mp_oct
20,4083.2866,mp_oct
20,4083.5868,mp_oct
20,4083.8872,mp_oct
21,4084.1876,mp_oct
21,4084.4879,mp_oct
21,4084.7882,mp_oct
21,4085.0885,mp_oct
20,4085.3889,mp_oct
20,4085.6892,mp_oct
20,4085.9895,mp_oct
20,4086.2899,mp_oct
20,4086.5902,mp_oct
20,4086.8905,mp_oct
20,4087.1908,mp_oct
20,4087.4911,mp_oct
20,4087.7914,mp_oct
20,4088.0918,mp_oct
20,4088.3921,mp_oct
20,4088.6924,mp_oct
20,4088.9927,mp_oct
20,4089.2931,mp_oct
20,4089.5934,mp_oct
20,4089.8937,mp_oct
20,4090.194,mp_oct
20,4090.4944,mp_oct
21,4090.7947,mp_oct
20,4091.095,mp_oct
20,4091.3953,mp_oct
20,4091.6956,mp_oct
21,4091.9959,mp_oct
20,4092.2963,mp_oct
20,4092.5966,mp_oct
20,4092.897,mp_oct
20,4093.1972,mp_oct
20,4093.4976,mp_oct
20,4093.7979,mp_oct
20,4094.0983,mp_oct
20,4094.3985,mp_oct
20,4094.6989,mp_oct
20,4094.9993,mp_oct
20,4095.2996,mp_oct
20,4095.5999,mp_oct
20,4095.9002,mp_oct
20,4096.2005,mp_oct
20,4096.5008,mp_oct
20,4096.8012,mp_oct
20,4097.1014,mp_oct
20,4097.4018,mp_oct
20,4097.7021,mp_oct
20,4098.0025,mp_oct
20,4098.3028,mp_oct
20,4098.6031,mp_oct
20,4098.9035,mp_oct
20,4099.2038,mp_oct
20,4099.5041,mp_oct
20,4099.8044,mp_oct
20,4100.1047,mp_oct
20,4100.4051,mp_oct
20,4100.7053,mp_oct
20,4101.0058,mp_oct
20,4101.306,mp_oct
20,4101.6064,mp_oct
20,4101.9067,mp_oct
20,4102.207,mp_oct
20,4102.5074,mp_oct
20,4102.8077,mp_oct
20,4103.108,mp_oct
20,4103.4083,mp_oct
20,4103.7086,mp_oct
20,4104.009,mp_oct
20,4104.3093,mp_oct
20,4104.6096,mp_oct
20,4104.9099,mp_oct
20,4105.2102,mp_oct
20,4105.5106,mp_oct
20,4105.8109,mp_oct
20,4106.1112,mp_oct
20,4106.4115,mp_oct
20,4106.7119,mp_oct
20,4107.0122,mp_oct
20,4107.3125,mp_oct
20,4107.6129,mp_oct
20,4107.9131,mp_oct
20,4108.2135,mp_oct
19,4108.5138,mp_oct
17,4108.8141,mp_oct
21,4109.1144,mp_oct
17,4109.4148,mp_oct
19,4109.7151,mp_oct
16,4110.0154,mp_oct
20,4110.3157,mp_oct
19,4110.6161,mp_oct
21,4110.9164,mp_oct
20,4111.2167,mp_oct
13,4111.5171,mp_oct
17,4111.8173,mp_oct
16,4112.1177,mp_oct
20,4112.418,mp_oct
20,4112.7183,mp_oct
20,4113.0187,mp_oct
20,4113.319,mp_oct
20,4113.6193,mp_oct
20,4113.9196,mp_oct
20,4114.2199,mp_oct
21,4114.5203,mp_oct
21,4114.8206,mp_oct
19,4115.1209,mp_oct
21,4115.4212,mp_oct
20,4115.7215,mp_oct
19,4116.0219,mp_oct
17,4116.3222,mp_oct
20,4116.6226,mp_oct
21,4116.9228,mp_oct
21,4117.2232,mp_oct
12,4117.5236,mp_oct
13,4117.8239,mp_oct
20,4118.1242,mp_oct
20,4118.4245,mp_oct
21,4118.7248,mp_oct
20,4119.0252,mp_oct
21,4119.3255,mp_oct
20,4119.6258,mp_oct
17,4119.9261,mp_oct
21,4120.2265,mp_oct
20,4120.5268,mp_oct
21,4120.8271,mp_oct
20,4121.1275,mp_oct
21,4121.4278,mp_oct
20,4121.728,mp_oct
20,4122.0284,mp_oct
20,4122.3287,mp_oct
21,4122.6291,mp_oct
19,4122.9294,mp_oct
20,4123.2297,mp_oct
20,4123.53,mp_oct
21,4123.8303,mp_oct
20,4124.1307,mp_oct
20,4124.431,mp_oct
20,4124.7313,mp_oct
20,4125.0316,mp_oct
20,4125.332,mp_oct
21,4125.6323,mp_oct
20,4125.9325,mp_oct
20,4126.2329,mp_oct
20,4126.5333,mp_oct
20,4126.8336,mp_oct
20,4127.1339,mp_oct
20,4127.4342,mp_oct
20,4127.7345,mp_oct
20,4128.0349,mp_oct
20,4128.3351,mp_oct
20,4128.6355,mp_oct
20,4128.9358,mp_oct
20,4129.2361,mp_oct
20,4129.5365,mp_oct
20,4129.8368,mp_oct
20,4130.138,mp_oct
20,4130.4375,mp_oct
20,4130.7378,mp_oct
20,4131.0381,mp_oct
20,4131.3384,mp_oct
20,4131.6388,mp_oct
20,4131.939,mp_oct
20,4132.2394,mp_oct
20,4132.5397,mp_oct
21,4132.8401,mp_oct
16,4133.1404,mp_oct
13,4133.4407,mp_oct
17,4133.7411,mp_oct
20,4134.0413,mp_oct
20,4134.3417,mp_oct
20,4134.642,mp_oct
20,4134.9423,mp_oct
21,4135.2427,mp_oct
16,4135.543,mp_oct
20,4135.8433,mp_oct
21,4136.1436,mp_oct
20,4136.4439,mp_oct
20,4136.7443,mp_oct
20,4137.0446,mp_oct
20,4137.3449,mp_oct
20,4137.6452,mp_oct
20,4137.9456,mp_oct
20,4138.2459,mp_oct
20,4138.5462,mp_oct
20,4138.8465,mp_oct
20,4139.1468,mp_oct
20,4139.4472,mp_oct
20,4139.7475,mp_oct
20,4140.0478,mp_oct
20,4140.3482,mp_oct
20,4140.6485,mp_oct
20,4140.9488,mp_oct
20,4141.2491,mp_oct
21,4141.5495,mp_oct
20,4141.8498,mp_oct
20,4142.1501,mp_oct
20,4142.4504,mp_oct
20,4142.7508,mp_oct
20,4143.0511,mp_oct
20,4143.3515,mp_oct
20,4143.6517,mp_oct
20,4143.952,mp_oct
20,4144.2524,mp_oct
20,4144.5527,mp_oct
19,4144.853,mp_oct
17,4145.1533,mp_oct
20,4145.4537,mp_oct
17,4145.754,mp_oct
21,4146.0543,mp_oct
20,4146.3546,mp_oct
20,4146.655,mp_oct
20,4146.9553,mp_oct
21,4147.2556,mp_oct
21,4147.5559,mp_oct
19,4147.8563,mp_oct
16,4148.1565,mp_oct
19,4148.4569,mp_oct
19,4148.7573,mp_oct
13,4149.0576,mp_oct
21,4149.3579,mp_oct
13,4149.6582,mp_oct
19,4149.9585,mp_oct
17,4150.2588,mp_oct
20,4150.5592,mp_oct
21,4150.8595,mp_oct
19,4151.1598,mp_oct
13,4151.4602,mp_oct
17,4151.7604,mp_oct
20,4152.0608,mp_oct
19,4152.3612,mp_oct
17,4152.6665,mp_oct
20,4152.9618,mp_oct
19,4153.2621,mp_oct
21,4153.5624,mp_oct
20,4153.8628,mp_oct
21,4154.1639,mp_oct
20,4154.4634,mp_oct
21,4154.7637,mp_oct
20,4155.064,mp_oct
20,4155.3644,mp_oct
20,4155.6647,mp_oct
20,4155.965,mp_oct
20,4156.2653,mp_oct
20,4156.5656,mp_oct
20,4156.866,mp_oct
20,4157.1663,mp_oct
21,4157.4666,mp_oct
21,4157.7669,mp_oct
20,4158.0673,mp_oct
21,4158.3676,mp_oct
21,4158.6679,mp_oct
20,4158.9682,mp_oct
20,4159.2686,mp_oct
20,4159.5688,mp_oct
20,4159.8692,mp_oct
20,4160.1695,mp_oct
20,4160.4699,mp_oct
20,4160.7702,mp_oct
20,4161.0705,mp_oct
20,4161.3708,mp_oct
20,4161.6712,mp_oct
20,4161.9715,mp_oct
20,4162.2717,mp_oct
20,4162.5721,mp_oct
20,4162.8725,mp_oct
20,4163.1728,mp_oct
20,4163.4731,mp_oct
21,4163.7734,mp_oct
20,4164.0738,mp_oct
20,4164.3741,mp_oct
21,4164.6744,mp_oct
21,4164.9748,mp_oct
20,4165.275,mp_oct
21,4165.5753,mp_oct
20,4165.8757,mp_oct
20,4166.1761,mp_oct
20,4166.4764,mp_oct
20,4166.7767,mp_oct
20,4167.077,mp_oct
20,4167.3773,mp_oct
20,4167.6776,mp_oct
20,4167.978,mp_oct
20,4168.2783,mp_oct
20,4168.5786,mp_oct
21,4168.8789,mp_oct
20,4169.1793,mp_oct
20,4169.4796,mp_oct
20,4169.7799,mp_oct
20,4170.0802,mp_oct
20,4170.3805,mp_oct
19,4170.6809,mp_oct
12,4170.9812,mp_oct
13,4171.2815,mp_oct
20,4171.5818,mp_oct
21,4171.8822,mp_oct
20,4172.1825,mp_oct
17,4172.4828,mp_oct
21,4172.7831,mp_oct
20,4173.0835,mp_oct
21,4173.3838,mp_oct
20,4173.6841,mp_oct
21,4173.9844,mp_oct
21,4174.2847,mp_oct
20,4174.5851,mp_oct
21,4174.8854,mp_oct
20,4175.1857,mp_oct
20,4175.4861,mp_oct
20,4175.7864,mp_oct
20,4176.0867,mp_oct
20,4176.387,mp_oct
20,4176.6874,mp_oct
20,4176.9877,mp_oct
20,4177.288,mp_oct
20,4177.5883,mp_oct
20,4177.8886,mp_oct
20,4178.1889,mp_oct
20,4178.4893,mp_oct
21,4178.7896,mp_oct
12,4179.0899,mp_oct
19,4179.3903,mp_oct
21,4179.6906,mp_oct
20,4179.9909,mp_oct
20,4180.2912,mp_oct
21,4180.5916,mp_oct
21,4180.8919,mp_oct
20,4181.1922,mp_oct
20,4181.4924,mp_oct
20,4181.7928,mp_oct
20,4182.0932,mp_oct
20,4182.3935,mp_oct
19,4182.6938,mp_oct
13,4182.9941,mp_oct
20,4183.2945,mp_oct
21,4183.5948,mp_oct
20,4183.8951,mp_oct
20,4184.1954,mp_oct
20,4184.4958,mp_oct
20,4184.7961,mp_oct
20,4185.0964,mp_oct
20,4185.3967,mp_oct
20,4185.697,mp_oct
20,4185.9973,mp_oct
21,4186.2977,mp_oct
20,4186.598,mp_oct
20,4186.8984,mp_oct
20,4187.1987,mp_oct
21,4187.499,mp_oct
16,4187.7993,mp_oct
20,4188.0996,mp_oct
20,4188.4,mp_oct
20,4188.7002,mp_oct
20,4189.0006,mp_oct
20,4189.3009,mp_oct
20,4189.6012,mp_oct
20,4189.9016,mp_oct
20,4190.2018,mp_oct
20,4190.5022,mp_oct
20,4190.8025,mp_oct
20,4191.1029,mp_oct
20,4191.4032,mp_oct
20,4191.7044,mp_oct
20,4192.0038,mp_oct
20,4192.3042,mp_oct
20,4192.6045,mp_oct
20,4192.9048,mp_oct
20,4193.2051,mp_oct
20,4193.5054,mp_oct
20,4193.8058,mp_oct
20,4194.1061,mp_oct
21,4194.4064,mp_oct
21,4194.7067,mp_oct
20,4195.0071,mp_oct
20,4195.3074,mp_oct
20,4195.6077,mp_oct
20,4195.9081,mp_oct
20,4196.2084,mp_oct
20,4196.5087,mp_oct
21,4196.809,mp_oct
20,4197.1093,mp_oct
20,4197.4096,mp_oct
20,4197.71,mp_oct
20,4198.0102,mp_oct
21,4198.3107,mp_oct
20,4198.611,mp_oct
21,4198.9113,mp_oct
20,4199.2116,mp_oct
20,4199.5119,mp_oct
20,4199.8123,mp_oct
20,4200.1125,mp_oct
20,4200.4129,mp_oct
20,4200.7132,mp_oct
20,4201.0136,mp_oct
21,4201.3139,mp_oct
21,4201.6142,mp_oct
20,4201.9145,mp_oct
21,4202.2148,mp_oct
20,4202.5152,mp_oct
20,4202.8154,mp_oct
20,4203.1158,mp_oct
20,4203.4161,mp_oct
20,4203.7164,mp_oct
20,4204.0168,mp_oct
20,4204.3171,mp_oct
20,4204.6174,mp_oct
20,4204.9177,mp_oct
20,4205.218,mp_oct
20,4205.5183,mp_oct
20,4205.8187,mp_oct
20,4206.1191,mp_oct
12,4206.4194,mp_oct
19,4206.7197,mp_oct
17,4207.02,mp_oct
17,4207.3203,mp_oct
21,4207.6207,mp_oct
20,4207.921,mp_oct
20,4208.2213,mp_oct
21,4208.5216,mp_oct
21,4208.822,mp_oct
20,4209.1223,mp_oct
20,4209.4226,mp_oct
21,4209.7229,mp_oct
20,4210.0232,mp_oct
20,4210.3236,mp_oct
20,4210.6239,mp_oct
16,4210.9242,mp_oct
22,4211.2246,mp_oct
23,4211.5249,mp_oct
23,4211.8252,mp_oct
22,4212.1255,mp_oct
16,4212.4258,mp_oct
13,4212.7261,mp_oct
13,4213.0265,mp_oct
13,4213.3269,mp_oct
23,4213.6271,mp_oct
23,4213.9275,mp_oct
13,4214.2277,mp_oct
16,4214.5281,mp_oct
16,4214.8284,mp_oct
16,4215.1288,mp_oct
16,4215.4291,mp_oct
20,4215.7294,mp_oct
20,4216.0298,mp_oct
22,4216.3301,mp_oct
21,4216.6304,mp_oct
20,4216.9307,mp_oct
21,4217.231,mp_oct
13,4217.5314,mp_oct
16,4217.8317,mp_oct
16,4218.132,mp_oct
20,4218.4324,mp_oct
19,4218.7327,mp_oct
21,4219.033,mp_oct
21,4219.3333,mp_oct
16,4219.6336,mp_oct
21,4219.934,mp_oct
20,4220.2343,mp_oct
20,4220.5346,mp_oct
21,4220.8349,mp_oct
16,4221.1352,mp_oct
20,4221.4356,mp_oct
20,4221.7358,mp_oct
20,4222.0363,mp_oct
21,4222.3365,mp_oct
16,4222.6368,mp_oct
20,4222.9372,mp_oct
16,4223.2375,mp_oct
16,4223.5379,mp_oct
20,4223.8381,mp_oct
23,4224.1385,mp_oct
22,4224.4388,mp_oct
22,4224.7391,mp_oct
23,4225.0395,mp_oct
16,4225.3398,mp_oct
22,4225.6401,mp_oct
22,4225.9404,mp_oct
5,4226.2408,mp_oct
23,4226.5411,mp_oct
22,4226.8414,mp_oct
5,4227.1417,mp_oct
20,4227.4421,mp_oct
16,4227.7424,mp_oct
21,4228.0427,mp_oct
21,4228.343,mp_oct
16,4228.6434,mp_oct
16,4228.9437,mp_oct
20,4229.244,mp_oct
21,4229.5444,mp_oct
20,4229.8446,mp_oct
20,4230.145,mp_oct
16,4230.4453,mp_oct
16,4230.7456,mp_oct
21,4231.046,mp_oct
20,4231.3463,mp_oct
20,4231.6466,mp_oct
16,4231.9469,mp_oct
16,4232.2472,mp_oct
16,4232.5476,mp_oct
21,4232.8479,mp_oct
21,4233.1482,mp_oct
21,4233.4485,mp_oct
21,4233.7488,mp_oct
23,4234.0492,mp_oct
23,4234.3495,mp_oct
22,4234.6498,mp_oct
23,4234.9501,mp_oct
23,4235.2505,mp_oct
23,4235.5508,mp_oct
23,4235.8511,mp_oct
23,4236.1514,mp_oct
23,4236.4517,mp_oct
23,4236.7521,mp_oct
23,4237.0524,mp_oct
23,4237.3527,mp_oct
23,4237.653,mp_oct
23,4237.9534,mp_oct
23,4238.2537,mp_oct
23,4238.554,mp_oct
23,4238.8544,mp_oct
23,4239.1547,mp_oct
23,4239.4549,mp_oct
23,4239.7553,mp_oct
22,4240.0556,mp_oct
23,4240.356,mp_oct
23,4240.6563,mp_oct
22,4240.9566,mp_oct
18,4241.257,mp_oct
23,4241.5572,mp_oct
23,4241.8576,mp_oct
22,4242.1579,mp_oct
22,4242.4582,mp_oct
23,4242.7586,mp_oct
22,4243.0589,mp_oct
23,4243.3592,mp_oct
23,4243.6595,mp_oct
23,4243.9599,mp_oct
23,4244.2602,mp_oct
12,4244.5605,mp_oct
12,4244.8608,mp_oct
43,4245.1612,mp_oct
43,4245.4615,mp_oct
23,4245.7618,mp_oct
23,4246.0621,mp_oct
23,4246.3624,mp_oct
23,4246.6628,mp_oct
23,4246.9631,mp_oct
23,4247.2634,mp_oct
23,4247.5637,mp_oct
23,4247.8641,mp_oct
23,4248.1644,mp_oct
23,4248.4647,mp_oct
23,4248.765,mp_oct
23,4249.0654,mp_oct
23,4249.3657,mp_oct
23,4249.666,mp_oct
23,4249.9663,mp_oct
23,4250.2667,mp_oct
23,4250.567,mp_oct
23,4250.8673,mp_oct
23,4251.1677,mp_oct
13,4251.4679,mp_oct
23,4251.7683,mp_oct
23,4252.0686,mp_oct
23,4252.3689,mp_oct
23,4252.6692,mp_oct
23,4252.9696,mp_oct
23,4253.2699,mp_oct
23,4253.5702,mp_oct
13,4253.8705,mp_oct
19,4254.1709,mp_oct
13,4254.4712,mp_oct
22,4254.7715,mp_oct
23,4255.0718,mp_oct
23,4255.3722,mp_oct
22,4255.6725,mp_oct
13,4255.9729,mp_oct
23,4256.2731,mp_oct
23,4256.5735,mp_oct
22,4256.8738,mp_oct
22,4257.1741,mp_oct
23,4257.4744,mp_oct
23,4257.7748,mp_oct
23,4258.0751,mp_oct
13,4258.3754,mp_oct
12,4258.6757,mp_oct
23,4258.976,mp_oct
23,4259.2763,mp_oct
23,4259.5766,mp_oct
23,4259.877,mp_oct
23,4260.1774,mp_oct
23,4260.4777,mp_oct
23,4260.778,mp_oct
13,4261.0783,mp_oct
19,4261.3786,mp_oct
23,4261.679,mp_oct
23,4261.9793,mp_oct
23,4262.2796,mp_oct
22,4262.5799,mp_oct
22,4262.8802,mp_oct
22,4263.1805,mp_oct
23,4263.4809,mp_oct
23,4263.7812,mp_oct
23,4264.0815,mp_oct
23,4264.3818,mp_oct
23,4264.6822,mp_oct
23,4264.9825,mp_oct
23,4265.2829,mp_oct
23,4265.5832,mp_oct
23,4265.8835,mp_oct
22,4266.1838,mp_oct
16,4266.4841,mp_oct
16,4266.7845,mp_oct
16,4267.0848,mp_oct
23,4267.3851,mp_oct
23,4267.6855,mp_oct
23,4267.9858,mp_oct
23,4268.2861,mp_oct
23,4268.5864,mp_oct
23,4268.8867,mp_oct
23,4269.187,mp_oct
23,4269.4874,mp_oct
23,4269.7877,mp_oct
23,4270.0881,mp_oct
24,4270.3884,mp_oct
24,4270.6887,mp_oct
23,4270.989,mp_oct
13,4271.2893,mp_oct
24,4271.5897,mp_oct
24,4271.89,mp_oct
24,4272.1903,mp_oct
23,4272.4907,mp_oct
23,4272.791,mp_oct
23,4273.0913,mp_oct
23,4273.3916,mp_oct
23,4273.6919,mp_oct
23,4273.9922,mp_oct
22,4274.2926,mp_oct
22,4274.5929,mp_oct
23,4274.8932,mp_oct
23,4275.1936,mp_oct
23,4275.4938,mp_oct
22,4275.7942,mp_oct
23,4276.0945,mp_oct
23,4276.3948,mp_oct
23,4276.6952,mp_oct
23,4276.9955,mp_oct
23,4277.2958,mp_oct
22,4277.5961,mp_oct
22,4277.8965,mp_oct
22,4278.1968,mp_oct
23,4278.4971,mp_oct
13,4278.7974,mp_oct
13,4279.0978,mp_oct
23,4279.3981,mp_oct
23,4279.6984,mp_oct
23,4279.9988,mp_oct
22,4280.2991,mp_oct
23,4280.5994,mp_oct
23,4280.8997,mp_oct
23,4281.2,mp_oct
23,4281.5004,mp_oct
23,4281.8006,mp_oct
23,4282.1011,mp_oct
23,4282.4013,mp_oct
22,4282.7016,mp_oct
22,4283.002,mp_oct
23,4283.3023,mp_oct
22,4283.6026,mp_oct
22,4283.903,mp_oct
16,4284.2033,mp_oct
23,4284.5036,mp_oct
23,4284.8039,mp_oct
23,4285.1042,mp_oct
23,4285.4045,mp_oct
22,4285.7049,mp_oct
16,4286.0052,mp_oct
16,4286.3055,mp_oct
22,4286.6059,mp_oct
23,4286.9062,mp_oct
22,4287.2065,mp_oct
23,4287.5068,mp_oct
22,4287.8072,mp_oct
16,4288.1075,mp_oct
16,4288.4078,mp_oct
16,4288.7081,mp_oct
22,4289.0084,mp_oct
16,4289.3088,mp_oct
23,4289.6091,mp_oct
16,4289.9095,mp_oct
23,4290.2097,mp_oct
23,4290.51,mp_oct
23,4290.8104,mp_oct
16,4291.1107,mp_oct
22,4291.411,mp_oct
23,4291.7114,mp_oct
23,4292.0117,mp_oct
23,4292.312,mp_oct
23,4292.6124,mp_oct
23,4292.9127,mp_oct
22,4293.213,mp_oct
23,4293.5133,mp_oct
22,4293.8136,mp_oct
23,4294.114,mp_oct
23,4294.4143,mp_oct
23,4294.7146,mp_oct
22,4295.0149,mp_oct
22,4295.3153,mp_oct
23,4295.6156,mp_oct
23,4295.9159,mp_oct
23,4296.2163,mp_oct
23,4296.5165,mp_oct
22,4296.8169,mp_oct
22,4297.1172,mp_oct
23,4297.4175,mp_oct
23,4297.7179,mp_oct
22,4298.0182,mp_oct
23,4298.3186,mp_oct
22,4298.6188,mp_oct
22,4298.9192,mp_oct
18,4299.2195,mp_oct
22,4299.5198,mp_oct
22,4299.8201,mp_oct
22,4300.1204,mp_oct
16,4300.4208,mp_oct
23,4300.7211,mp_oct
22,4301.0214,mp_oct
22,4301.3217,mp_oct
16,4301.622,mp_oct
16,4301.9224,mp_oct
18,4302.2228,mp_oct
16,4302.5231,mp_oct
22,4302.8234,mp_oct
22,4303.1237,mp_oct
22,4303.424,mp_oct
18,4303.7244,mp_oct
16,4304.0247,mp_oct
23,4304.325,mp_oct
22,4304.6253,mp_oct
18,4304.9257,mp_oct
18,4305.226,mp_oct
22,4305.5262,mp_oct
22,4305.8266,mp_oct
22,4306.1269,mp_oct
22,4306.4273,mp_oct
23,4306.7276,mp_oct
23,4307.0279,mp_oct
23,4307.3282,mp_oct
22,4307.6285,mp_oct
16,4307.9289,mp_oct
18,4308.2292,mp_oct
22,4308.5295,mp_oct
18,4308.8298,mp_oct
18,4309.1301,mp_oct
22,4309.4305,mp_oct
22,4309.7308,mp_oct
16,4310.0311,mp_oct
22,4310.3315,mp_oct
22,4310.6318,mp_oct
16,4310.9321,mp_oct
22,4311.2324,mp_oct
22,4311.5327,mp_oct
16,4311.8331,mp_oct
22,4312.1334,mp_oct
22,4312.4337,mp_oct
22,4312.734,mp_oct
22,4313.0344,mp_oct
18,4313.3347,mp_oct
16,4313.6359,mp_oct
16,4313.9353,mp_oct
22,4314.2357,mp_oct
16,4314.5359,mp_oct
22,4314.8364,mp_oct
16,4315.1366,mp_oct
22,4315.437,mp_oct
22,4315.7373,mp_oct
18,4316.0376,mp_oct
22,4316.3379,mp_oct
22,4316.6382,mp_oct
22,4316.9386,mp_oct
22,4317.2389,mp_oct
16,4317.5392,mp_oct
22,4317.8396,mp_oct
22,4318.1399,mp_oct
22,4318.4402,mp_oct
22,4318.7405,mp_oct
22,4319.0409,mp_oct
23,4319.3412,mp_oct
22,4319.6415,mp_oct
23,4319.9418,mp_oct
23,4320.2421,mp_oct
23,4320.5425,mp_oct
23,4320.8428,mp_oct
16,4321.1431,mp_oct
22,4321.4435,mp_oct
22,4321.7438,mp_oct
16,4322.0441,mp_oct
23,4322.3445,mp_oct
16,4322.6447,mp_oct
16,4322.9451,mp_oct
22,4323.2454,mp_oct
22,4323.5458,mp_oct
23,4323.8461,mp_oct
23,4324.1464,mp_oct
23,4324.4467,mp_oct
12,4324.747,mp_oct
19,4325.0473,mp_oct
17,4325.3477,mp_oct
13,4325.648,mp_oct
23,4325.9484,mp_oct
23,4326.2487,mp_oct
23,4326.549,mp_oct
25,4326.8493,mp_oct
12,4327.1496,mp_oct
12,4327.45,mp_oct
12,4327.7503,mp_oct
12,4328.0506,mp_oct
23,4328.3509,mp_oct
23,4328.6512,mp_oct
22,4328.9515,mp_oct
22,4329.2519,mp_oct
23,4329.5521,mp_oct
23,4329.8525,mp_oct
23,4330.1529,mp_oct
23,4330.4532,mp_oct
22,4330.7535,mp_oct
22,4331.0538,mp_oct
23,4331.3542,mp_oct
22,4331.6544,mp_oct
23,4331.9548,mp_oct
22,4332.2551,mp_oct
23,4332.5554,mp_oct
23,4332.8557,mp_oct
22,4333.1561,mp_oct
13,4333.4564,mp_oct
13,4333.7567,mp_oct
23,4334.0571,mp_oct
23,4334.3574,mp_oct
23,4334.6577,mp_oct
23,4334.958,mp_oct
22,4335.2583,mp_oct
22,4335.5587,mp_oct
23,4335.859,mp_oct
23,4336.1593,mp_oct
22,4336.4596,mp_oct
16,4336.7599,mp_oct
16,4337.0603,mp_oct
20,4337.3605,mp_oct
22,4337.6609,mp_oct
20,4337.9612,mp_oct
22,4338.2616,mp_oct
21,4338.5619,mp_oct
22,4338.8622,mp_oct
22,4339.1626,mp_oct
16,4339.4629,mp_oct
18,4339.7632,mp_oct
16,4340.0635,mp_oct
16,4340.3688,mp_oct
22,4340.6641,mp_oct
23,4340.9644,mp_oct
23,4341.2648,mp_oct
23,4341.5651,mp_oct
3,4341.8655,mp_oct
43,4342.1658,mp_oct
43,4342.4661,mp_oct
43,4342.7665,mp_oct
25,4343.0668,mp_oct
23,4343.3671,mp_oct
23,4343.6674,mp_oct
23,4343.9677,mp_oct
23,4344.268,mp_oct
23,4344.5684,mp_oct
23,4344.8687,mp_oct
22,4345.169,mp_oct
22,4345.4693,mp_oct
22,4345.7697,mp_oct
22,4346.07,mp_oct
16,4346.3703,mp_oct
22,4346.6706,mp_oct
23,4346.9709,mp_oct
22,4347.2713,mp_oct
22,4347.5716,mp_oct
16,4347.8719,mp_oct
16,4348.1723,mp_oct
16,4348.4726,mp_oct
16,4348.7729,mp_oct
22,4349.0732,mp_oct
22,4349.3736,mp_oct
22,4349.6738,mp_oct
22,4349.9742,mp_oct
22,4350.2745,mp_oct
22,4350.5748,mp_oct
22,4350.8752,mp_oct
16,4351.1755,mp_oct
18,4351.4758,mp_oct
16,4351.7761,mp_oct
16,4352.0764,mp_oct
22,4352.3768,mp_oct
22,4352.6771,mp_oct
22,4352.9774,mp_oct
22,4353.2777,mp_oct
16,4353.578,mp_oct
22,4353.8784,mp_oct
22,4354.1787,mp_oct
21,4354.4791,mp_oct
16,4354.7794,mp_oct
20,4355.0797,mp_oct
20,4355.38,mp_oct
22,4355.6804,mp_oct
16,4355.9806,mp_oct
16,4356.281,mp_oct
16,4356.5812,mp_oct
20,4356.8816,mp_oct
16,4357.1819,mp_oct
20,4357.4823,mp_oct
16,4357.7826,mp_oct
20,4358.0829,mp_oct
16,4358.3832,mp_oct
20,4358.6836,mp_oct
20,4358.9838,mp_oct
20,4359.2842,mp_oct
22,4359.5846,mp_oct
22,4359.8849,mp_oct
22,4360.1852,mp_oct
22,4360.4855,mp_oct
18,4360.7866,mp_oct
18,4361.0862,mp_oct
22,4361.3865,mp_oct
22,4361.6868,mp_oct
22,4361.9871,mp_oct
16,4362.2874,mp_oct
16,4362.5878,mp_oct
22,4362.8881,mp_oct
22,4363.1884,mp_oct
22,4363.4887,mp_oct
16,4363.789,mp_oct
22,4364.0894,mp_oct
22,4364.3897,mp_oct
23,4364.69,mp_oct
23,4364.9904,mp_oct
23,4365.2907,mp_oct
12,4365.591,mp_oct
12,4365.8914,mp_oct
12,4366.1917,mp_oct
13,4366.492,mp_oct
13,4366.7924,mp_oct
13,4367.0926,mp_oct
13,4367.393,mp_oct
13,4367.6933,mp_oct
13,4367.9936,mp_oct
13,4368.294,mp_oct
13,4368.5942,mp_oct
19,4368.8946,mp_oct
13,4369.1949,mp_oct
19,4369.4953,mp_oct
21,4369.7956,mp_oct
17,4370.0959,mp_oct
20,4370.3962,mp_oct
20,4370.6965,mp_oct
20,4370.9969,mp_oct
21,4371.2972,mp_oct
20,4371.5974,mp_oct
21,4371.8978,mp_oct
20,4372.1981,mp_oct
21,4372.4985,mp_oct
13,4372.7988,mp_oct
13,4373.0991,mp_oct
12,4373.3994,mp_oct
12,4373.6997,mp_oct
13,4374.0001,mp_oct
12,4374.3004,mp_oct
19,4374.6007,mp_oct
13,4374.9011,mp_oct
19,4375.2014,mp_oct
12,4375.5017,mp_oct
12,4375.802,mp_oct
12,4376.1023,mp_oct
19,4376.4027,mp_oct
12,4376.7029,mp_oct
17,4377.0033,mp_oct
19,4377.3036,mp_oct
13,4377.6039,mp_oct
19,4377.9043,mp_oct
12,4378.2046,mp_oct
17,4378.5049,mp_oct
19,4378.8052,mp_oct
17,4379.1055,mp_oct
19,4379.4059,mp_oct
12,4379.7062,mp_oct
12,4380.0065,mp_oct
19,4380.3068,mp_oct
13,4380.6072,mp_oct
19,4380.9075,mp_oct
19,4381.2078,mp_oct
13,4381.5082,mp_oct
13,4381.8085,mp_oct
19,4382.1087,mp_oct
13,4382.4091,mp_oct
19,4382.7094,mp_oct
19,4383.0098,mp_oct
12,4383.3101,mp_oct
12,4383.6104,mp_oct
13,4383.9107,mp_oct
12,4384.2111,mp_oct
13,4384.5113,mp_oct
13,4384.8117,mp_oct
13,4385.112,mp_oct
13,4385.4124,mp_oct
12,4385.7126,mp_oct
12,4386.013,mp_oct
12,4386.3133,mp_oct
13,4386.6136,mp_oct
12,4386.914,mp_oct
13,4387.2142,mp_oct
12,4387.5146,mp_oct
15,4387.8149,mp_oct
15,4388.1152,mp_oct
15,4388.4156,mp_oct
15,4388.7159,mp_oct
15,4389.0162,mp_oct
15,4389.3165,mp_oct
15,4389.6168,mp_oct
35,4389.9172,mp_oct
12,4390.2175,mp_oct
35,4390.5178,mp_oct
35,4390.8181,mp_oct
35,4391.1184,mp_oct
26,4391.4188,mp_oct
35,4391.7191,mp_oct
26,4392.0194,mp_oct
35,4392.3197,mp_oct
15,4392.6201,mp_oct
15,4392.9204,mp_oct
15,4393.2207,mp_oct
13,4393.521,mp_oct
35,4393.8214,mp_oct
35,4394.1217,mp_oct
35,4394.422,mp_oct
35,4394.7224,mp_oct
35,4395.0226,mp_oct
35,4395.323,mp_oct
35,4395.6233,mp_oct
15,4395.9236,mp_oct
15,4396.224,mp_oct
15,4396.5243,mp_oct
12,4396.8246,mp_oct
24,4397.1249,mp_oct
25,4397.4252,mp_oct
25,4397.7255,mp_oct
25,4398.0259,mp_oct
25,4398.3262,mp_oct
25,4398.6265,mp_oct
3,4398.9268,mp_oct
43,4399.2272,mp_oct
46,4399.5275,mp_oct
29,4399.8278,mp_oct
29,4400.1282,mp_oct
34,4400.4285,mp_oct
2,4400.7288,mp_oct
28,4401.0291,mp_oct
38,4401.3295,mp_oct
26,4401.6298,mp_oct
38,4401.9301,mp_oct
33,4402.2304,mp_oct
26,4402.5307,mp_oct
29,4402.831,mp_oct
43,4403.1314,mp_oct
1,4403.4316,mp_oct
1,4403.732,mp_oct
48,4404.0324,mp_oct
34,4404.3327,mp_oct
30,4404.633,mp_oct
30,4404.9333,mp_oct
30,4405.2336,mp_oct
30,4405.534,mp_oct
30,4405.8343,mp_oct
1,4406.1347,mp_oct
32,4406.435,mp_oct
46,4406.7353,mp_oct
5,4407.0356,mp_oct
29,4407.3359,mp_oct
29,4407.6363,mp_oct
8,4407.9366,mp_oct
32,4408.2369,mp_oct
1,4408.5372,mp_oct
2,4408.8375,mp_oct
2,4409.1379,mp_oct
47,4409.4382,mp_oct
5,4409.7385,mp_oct
29,4410.0388,mp_oct
35,4410.3392,mp_oct
33,4410.6395,mp_oct
26,4410.9398,mp_oct
37,4411.2402,mp_oct
28,4411.5404,mp_oct
28,4411.8407,mp_oct
28,4412.1411,mp_oct
38,4412.4415,mp_oct
28,4412.7417,mp_oct
38,4413.0421,mp_oct
38,4413.3424,mp_oct
12,4413.6428,mp_oct
43,4413.943,mp_oct
24,4414.2434,mp_oct
35,4414.5437,mp_oct
44,4414.844,mp_oct
44,4415.1444,mp_oct
33,4415.4447,mp_oct
48,4415.745,mp_oct
48,4416.0453,mp_oct
32,4416.3457,mp_oct
48,4416.6459,mp_oct
32,4416.9462,mp_oct
32,4417.2467,mp_oct
32,4417.5469,mp_oct
32,4417.8473,mp_oct
29,4418.1476,mp_oct
32,4418.4479,mp_oct
29,4418.7482,mp_oct
32,4419.0485,mp_oct
1,4419.3489,mp_oct
1,4419.6492,mp_oct
48,4419.9495,mp_oct
29,4420.2498,mp_oct
8,4420.5502,mp_oct
43,4420.8505,mp_oct
35,4421.1508,mp_oct
35,4421.4512,mp_oct
33,4421.7515,mp_oct
38,4422.0518,mp_oct
26,4422.3521,mp_oct
38,4422.6525,mp_oct
28,4422.9528,mp_oct
38,4423.2531,mp_oct
38,4423.5535,mp_oct
29,4423.8538,mp_oct
29,4424.1541,mp_oct
5,4424.4544,mp_oct
34,4424.7547,mp_oct
2,4425.055,mp_oct
46,4425.3554,mp_oct
26,4425.6556,mp_oct
26,4425.956,mp_oct
38,4426.2563,mp_oct
38,4426.5567,mp_oct
1,4426.857,mp_oct
2,4427.1573,mp_oct
46,4427.4576,mp_oct
8,4427.758,mp_oct
46,4428.0583,mp_oct
1,4428.3587,mp_oct
29,4428.659,mp_oct
32,4428.9592,mp_oct
29,4429.2596,mp_oct
44,4429.5599,mp_oct
38,4429.8602,mp_oct
33,4430.1606,mp_oct
38,4430.4609,mp_oct
2,4430.7612,mp_oct
34,4431.0616,mp_oct
29,4431.3619,mp_oct
32,4431.6621,mp_oct
29,4431.9625,mp_oct
48,4432.2628,mp_oct
2,4432.5632,mp_oct
38,4432.8635,mp_oct
46,4433.1638,mp_oct
29,4433.4641,mp_oct
29,4433.7645,mp_oct
29,4434.0648,mp_oct
29,4434.3651,mp_oct
3,4434.6654,mp_oct
4,4434.9657,mp_oct
4,4435.266,mp_oct
2,4435.5665,mp_oct
47,4435.8668,mp_oct
30,4436.167,mp_oct
32,4436.4674,mp_oct
32,4436.7677,mp_oct
48,4437.068,mp_oct
48,4437.3684,mp_oct
30,4437.6687,mp_oct
1,4437.969,mp_oct
36,4438.2693,mp_oct
1,4438.5697,mp_oct
50,4438.87,mp_oct
2,4439.1703,mp_oct
34,4439.4707,mp_oct
32,4439.771,mp_oct
1,4440.0713,mp_oct
48,4440.3716,mp_oct
48,4440.672,mp_oct
32,4440.9723,mp_oct
44,4441.2726,mp_oct
44,4441.5729,mp_oct
44,4441.8732,mp_oct
44,4442.1736,mp_oct
44,4442.4789,mp_oct
37,4442.7742,mp_oct
33,4443.0746,mp_oct
44,4443.3749,mp_oct
44,4443.6752,mp_oct
48,4443.9756,mp_oct
48,4444.2758,mp_oct
1,4444.5762,mp_oct
32,4444.8765,mp_oct
32,4445.1768,mp_oct
48,4445.4772,mp_oct
44,4445.7775,mp_oct
44,4446.0778,mp_oct
44,4446.3781,mp_oct
44,4446.6785,mp_oct
44,4446.9788,mp_oct
44,4447.2791,mp_oct
44,4447.5794,mp_oct
44,4447.8798,mp_oct
35,4448.1801,mp_oct
35,4448.4804,mp_oct
35,4448.7807,mp_oct
35,4449.081,mp_oct
44,4449.3814,mp_oct
44,4449.6817,mp_oct
44,4449.982,mp_oct
44,4450.2824,mp_oct
44,4450.5827,mp_oct
44,4450.883,mp_oct
44,4451.1834,mp_oct
15,4451.4836,mp_oct
44,4451.784,mp_oct
44,4452.0844,mp_oct
26,4452.3846,mp_oct
33,4452.685,mp_oct
44,4452.9853,mp_oct
44,4453.2856,mp_oct
35,4453.586,mp_oct
44,4453.8863,mp_oct
44,4454.1866,mp_oct
26,4454.4869,mp_oct
33,4454.7873,mp_oct
26,4455.0875,mp_oct
26,4455.3879,mp_oct
33,4455.6882,mp_oct
33,4455.9885,mp_oct
48,4456.2889,mp_oct
48,4456.5892,mp_oct
36,4456.8895,mp_oct
32,4457.1898,mp_oct
1,4458.3911,mp_oct
30,4458.6915,mp_oct
1,4458.9918,mp_oct
7,4459.2921,mp_oct
36,4459.5925,mp_oct
4,4459.8928,mp_oct
1,4460.1931,mp_oct
36,4460.4934,mp_oct
7,4460.7937,mp_oct
7,4461.094,mp_oct
36,4461.3944,mp_oct
1,4461.6948,mp_oct
36,4461.995,mp_oct
36,4462.2954,mp_oct
31,4462.5957,mp_oct
7,4462.896,mp_oct
7,4463.1964,mp_oct
36,4463.4967,mp_oct
36,4463.797,mp_oct
30,4464.0973,mp_oct
31,4464.3976,mp_oct
31,4464.698,mp_oct
31,4464.9983,mp_oct
31,4465.2986,mp_oct
30,4465.5989,mp_oct
30,4465.8992,mp_oct
36,4466.1996,mp_oct
30,4466.4999,mp_oct
48,4466.8003,mp_oct
48,4467.1005,mp_oct
39,4467.4009,mp_oct
48,4467.7012,mp_oct
27,4468.0016,mp_oct
27,4468.3019,mp_oct
33,4468.6022,mp_oct
33,4468.9026,mp_oct
48,4469.2029,mp_oct
33,4469.5032,mp_oct
30,4469.8035,mp_oct
38,4470.1038,mp_oct
38,4470.4042,mp_oct
28,4470.7045,mp_oct
40,4471.0048,mp_oct
30,4471.3052,mp_oct
33,4471.6055,mp_oct
38,4471.9058,mp_oct
40,4472.2062,mp_oct
33,4472.5065,mp_oct
30,4472.8068,mp_oct
38,4473.1071,mp_oct
44,4473.4074,mp_oct
33,4473.7078,mp_oct
12,4474.0081,mp_oct
13,4474.3084,mp_oct
38,4474.6088,mp_oct
5,4474.9091,mp_oct
11,4475.2094,mp_oct
17,4475.5097,mp_oct
38,4475.81,mp_oct
19,4476.1104,mp_oct
6,4476.4107,mp_oct
6,4476.711,mp_oct
6,4477.0113,mp_oct
19,4477.3117,mp_oct
28,4477.612,mp_oct
45,4477.9123,mp_oct
42,4478.2126,mp_oct
42,4478.513,mp_oct
45,4478.8133,mp_oct
42,4479.1136,mp_oct
6,4479.414,mp_oct
19,4479.7143,mp_oct
13,4480.0146,mp_oct
11,4480.3149,mp_oct
19,4480.6152,mp_oct
13,4480.9156,mp_oct
34,4481.2159,mp_oct
34,4481.5163,mp_oct
17,4481.8166,mp_oct
17,4482.1169,mp_oct
10,4482.4173,mp_oct
26,4482.7176,mp_oct
34,4483.0179,mp_oct
34,4483.3182,mp_oct
19,4483.6186,mp_oct
11,4483.9188,mp_oct
11,4484.2192,mp_oct
13,4484.5195,mp_oct
45,4484.8198,mp_oct
6,4485.1202,mp_oct
17,4485.4205,mp_oct
11,4485.7208,mp_oct
45,4486.0212,mp_oct
28,4486.3215,mp_oct
38,4486.6218,mp_oct
38,4486.9221,mp_oct
26,4487.2225,mp_oct
13,4487.5228,mp_oct
35,4487.8231,mp_oct
44,4488.1234,mp_oct
44,4488.4238,mp_oct
44,4489.0244,mp_oct
44,4489.3248,mp_oct
44,4489.6251,mp_oct
44,4489.9254,mp_oct
48,4490.2258,mp_oct
29,4490.526,mp_oct
29,4490.8264,mp_oct
46,4491.1267,mp_oct
29,4491.427,mp_oct
29,4491.7273,mp_oct
46,4492.0285,mp_oct
5,4492.328,mp_oct
33,4492.6284,mp_oct
26,4492.9287,mp_oct
26,4493.2289,mp_oct
26,4493.8297,mp_oct
38,4494.13,mp_oct
26,4494.4302,mp_oct
38,4494.7306,mp_oct
17,4495.031,mp_oct
11,4495.3313,mp_oct
38,4495.6316,mp_oct
6,4495.9319,mp_oct
11,4496.2323,mp_oct
28,4496.5326,mp_oct
35,4496.8329,mp_oct
35,4497.1332,mp_oct
35,4497.4336,mp_oct
44,4497.7339,mp_oct
44,4498.0342,mp_oct
37,4498.3345,mp_oct
44,4498.6349,mp_oct
44,4498.9352,mp_oct
30,4499.2355,mp_oct
37,4499.5359,mp_oct
30,4499.8362,mp_oct
30,4500.1365,mp_oct
40,4500.4368,mp_oct
37,4500.7372,mp_oct
40,4501.0374,mp_oct
37,4501.3378,mp_oct
37,4501.6381,mp_oct
11,4501.9384,mp_oct
38,4502.2388,mp_oct
44,4502.5391,mp_oct
33,4502.8394,mp_oct
33,4503.1397,mp_oct
44,4503.4401,mp_oct
27,4503.7404,mp_oct
27,4504.0407,mp_oct
33,4504.3411,mp_oct
38,4504.6414,mp_oct
38,4504.9417,mp_oct
33,4505.242,mp_oct
27,4505.5424,mp_oct
36,4505.8427,mp_oct
33,4506.143,mp_oct
27,4506.4434,mp_oct
27,4506.7436,mp_oct
27,4507.044,mp_oct
27,4507.3444,mp_oct
33,4507.6447,mp_oct
27,4507.945,mp_oct
27,4508.2453,mp_oct
27,4508.5456,mp_oct
44,4508.846,mp_oct
33,4509.1463,mp_oct
33,4509.4466,mp_oct
44,4509.7469,mp_oct
30,4510.0473,mp_oct
38,4510.3476,mp_oct
38,4510.6479,mp_oct
44,4510.9483,mp_oct
30,4511.2486,mp_oct
30,4511.5489,mp_oct
44,4511.8493,mp_oct
44,4512.1495,mp_oct
44,4512.4499,mp_oct
44,4512.7502,mp_oct
33,4513.0505,mp_oct
37,4513.3508,mp_oct
37,4513.6512,mp_oct
37,4513.9515,mp_oct
40,4514.2518,mp_oct
37,4514.5521,mp_oct
33,4514.8525,mp_oct
33,4515.1528,mp_oct
37,4515.4532,mp_oct
40,4515.7535,mp_oct
37,4516.0538,mp_oct
37,4516.3541,mp_oct
37,4516.6544,mp_oct
38,4516.9547,mp_oct
44,4517.2552,mp_oct
44,4517.5554,mp_oct
33,4517.8558,mp_oct
27,4518.1561,mp_oct
27,4518.4564,mp_oct
33,4518.7568,mp_oct
38,4519.0571,mp_oct
33,4519.3574,mp_oct
33,4519.6577,mp_oct
37,4519.9589,mp_oct
37,4520.2584,mp_oct
37,4520.5587,mp_oct
38,4520.859,mp_oct
33,4521.1594,mp_oct
38,4521.4597,mp_oct
37,4521.76,mp_oct
37,4522.0604,mp_oct
37,4522.3607,mp_oct
37,4522.661,mp_oct
40,4522.9613,mp_oct
37,4523.2617,mp_oct
37,4523.562,mp_oct
37,4523.8623,mp_oct
38,4524.1627,mp_oct
26,4524.4629,mp_oct
44,4524.7633,mp_oct
33,4525.0636,mp_oct
37,4525.364,mp_oct
33,4525.6643,mp_oct
37,4525.9646,mp_oct
37,4526.265,mp_oct
40,4526.5653,mp_oct
37,4526.8656,mp_oct
37,4527.1659,mp_oct
40,4527.4662,mp_oct
40,4527.7665,mp_oct
40,4528.067,mp_oct
33,4528.3672,mp_oct
38,4528.6676,mp_oct
49,4528.9678,mp_oct
40,4529.2682,mp_oct
40,4529.5685,mp_oct
33,4529.8689,mp_oct
33,4530.1692,mp_oct
48,4530.4695,mp_oct
33,4530.7699,mp_oct
40,4531.0702,mp_oct
30,4531.3705,mp_oct
30,4531.6708,mp_oct
40,4531.9711,mp_oct
37,4532.2715,mp_oct
40,4532.5718,mp_oct
38,4532.8721,mp_oct
44,4533.1724,mp_oct
48,4533.4728,mp_oct
36,4533.7731,mp_oct
36,4534.0734,mp_oct
30,4534.3738,mp_oct
27,4534.6741,mp_oct
27,4534.9745,mp_oct
30,4535.2748,mp_oct
36,4535.5751,mp_oct
30,4535.8754,mp_oct
37,4536.1758,mp_oct
40,4536.4761,mp_oct
33,4536.7764,mp_oct
30,4537.0767,mp_oct
30,4537.3771,mp_oct
40,4537.6774,mp_oct
37,4537.9777,mp_oct
33,4538.2789,mp_oct
33,4538.5783,mp_oct
38,4538.8787,mp_oct
37,4539.179,mp_oct
37,4539.4794,mp_oct
33,4539.7797,mp_oct
37,4540.08,mp_oct
30,4540.3804,mp_oct
37,4540.6806,mp_oct
37,4540.981,mp_oct
33,4541.2813,mp_oct
48,4541.5817,mp_oct
38,4541.882,mp_oct
30,4542.1823,mp_oct
30,4542.4826,mp_oct
38,4542.783,mp_oct
33,4543.0833,mp_oct
44,4543.3836,mp_oct
33,4543.6839,mp_oct
37,4543.9843,mp_oct
40,4544.2845,mp_oct
40,4544.5849,mp_oct
33,4544.8853,mp_oct
44,4545.1856,mp_oct
44,4545.4859,mp_oct
37,4545.7863,mp_oct
44,4546.0866,mp_oct
27,4546.3869,mp_oct
27,4546.6872,mp_oct
33,4546.9875,mp_oct
37,4547.2878,mp_oct
40,4547.5882,mp_oct
37,4547.8884,mp_oct
37,4548.1889,mp_oct
40,4548.4891,mp_oct
40,4548.7895,mp_oct
37,4549.0899,mp_oct
40,4549.3901,mp_oct
40,4549.6905,mp_oct
40,4549.9908,mp_oct
40,4550.2911,mp_oct
26,4550.5915,mp_oct
33,4550.8918,mp_oct
38,4551.1922,mp_oct
50,4551.4925,mp_oct
28,4551.7928,mp_oct
40,4552.0931,mp_oct
38,4552.3934,mp_oct
37,4552.6937,mp_oct
40,4552.9941,mp_oct
28,4553.2944,mp_oct
2,4553.5947,mp_oct
38,4553.8951,mp_oct
38,4554.1954,mp_oct
28,4554.4957,mp_oct
28,4554.796,mp_oct
38,4555.0964,mp_oct
38,4555.3967,mp_oct
38,4555.6971,mp_oct
37,4555.9973,mp_oct
26,4556.2978,mp_oct
37,4556.598,mp_oct
40,4556.8992,mp_oct
26,4557.1986,mp_oct
38,4557.499,mp_oct
28,4557.7994,mp_oct
40,4558.0996,mp_oct
26,4558.4,mp_oct
26,4558.7003,mp_oct
33,4559.0007,mp_oct
28,4559.301,mp_oct
44,4559.6013,mp_oct
37,4559.9016,mp_oct
28,4560.202,mp_oct
38,4560.5023,mp_oct
30,4560.8027,mp_oct
28,4561.1029,mp_oct
28,4561.4032,mp_oct
28,4561.7036,mp_oct
28,4562.004,mp_oct
28,4562.3042,mp_oct
11,4562.6063,mp_oct
11,4562.9049,mp_oct
42,4563.2052,mp_oct
42,4563.5055,mp_oct
42,4563.8059,mp_oct
11,4564.1062,mp_oct
11,4564.4066,mp_oct
28,4564.7069,mp_oct
42,4565.0072,mp_oct
10,4565.3075,mp_oct
26,4565.6079,mp_oct
38,4565.9082,mp_oct
42,4566.2085,mp_oct
42,4566.5088,mp_oct
26,4566.8091,mp_oct
44,4567.1095,mp_oct
33,4567.4099,mp_oct
44,4567.7101,mp_oct
27,4568.0105,mp_oct
27,4568.3108,mp_oct
27,4568.6111,mp_oct
27,4568.9115,mp_oct
27,4569.2119,mp_oct
39,4569.5122,mp_oct
39,4569.8124,mp_oct
7,4570.1128,mp_oct
7,4570.4131,mp_oct
7,4570.7134,mp_oct
7,4571.0137,mp_oct
7,4571.3141,mp_oct
7,4571.6144,mp_oct
7,4571.9147,mp_oct
36,4572.2151,mp_oct
36,4572.5154,mp_oct
31,4572.8157,mp_oct
31,4573.1161,mp_oct
31,4573.4164,mp_oct
7,4573.7167,mp_oct
7,4574.017,mp_oct
48,4574.3173,mp_oct
39,4574.6177,mp_oct
27,4574.918,mp_oct
27,4575.2184,mp_oct
27,4575.5187,mp_oct
27,4575.819,mp_oct
36,4576.1193,mp_oct
33,4576.4196,mp_oct
27,4576.72,mp_oct
44,4577.0203,mp_oct
44,4577.3206,mp_oct
44,4577.621,mp_oct
33,4577.9212,mp_oct
38,4578.2216,mp_oct
26,4578.522,mp_oct
1,4578.8223,mp_oct
28,4579.1226,mp_oct
28,4579.423,mp_oct
28,4579.7233,mp_oct
38,4580.0236,mp_oct
2,4580.3239,mp_oct
37,4580.6243,mp_oct
38,4580.9246,mp_oct
50,4581.2249,mp_oct
2,4581.5252,mp_oct
28,4581.8255,mp_oct
40,4582.1259,mp_oct
38,4582.4262,mp_oct
35,4582.7265,mp_oct
26,4583.0269,mp_oct
26,4583.3272,mp_oct
26,4583.6275,mp_oct
35,4583.9278,mp_oct
38,4584.2282,mp_oct
28,4584.5285,mp_oct
28,4584.8288,mp_oct
28,4585.1292,mp_oct
37,4585.4295,mp_oct
33,4585.7298,mp_oct
37,4586.0302,mp_oct
37,4586.3305,mp_oct
40,4586.6308,mp_oct
38,4586.9312,mp_oct
37,4587.2315,mp_oct
28,4587.5318,mp_oct
28,4587.8322,mp_oct
2,4588.1324,mp_oct
33,4588.4328,mp_oct
44,4588.7332,mp_oct
30,4589.0335,mp_oct
30,4589.3338,mp_oct
38,4589.6341,mp_oct
48,4589.9344,mp_oct
38,4590.2348,mp_oct
37,4590.5351,mp_oct
37,4590.8354,mp_oct
33,4591.1358,mp_oct
30,4591.4361,mp_oct
40,4591.7364,mp_oct
33,4592.0367,mp_oct
37,4592.3371,mp_oct
33,4592.6373,mp_oct
37,4592.9377,mp_oct
33,4593.238,mp_oct
33,4593.5384,mp_oct
33,4593.8387,mp_oct
38,4594.1399,mp_oct
37,4594.4394,mp_oct
37,4594.7397,mp_oct
37,4595.04,mp_oct
37,4595.3404,mp_oct
28,4595.6407,mp_oct
40,4595.9411,mp_oct
38,4596.2413,mp_oct
38,4596.5417,mp_oct
40,4596.842,mp_oct
28,4597.1423,mp_oct
28,4597.4427,mp_oct
28,4597.743,mp_oct
40,4598.0433,mp_oct
28,4598.3436,mp_oct
2,4598.644,mp_oct
26,4598.9443,mp_oct
44,4599.2446,mp_oct
2,4599.545,mp_oct
38,4599.8453,mp_oct
38,4600.1456,mp_oct
28,4600.446,mp_oct
38,4600.7462,mp_oct
38,4601.0466,mp_oct
38,4601.3469,mp_oct
38,4601.6472,mp_oct
38,4601.9476,mp_oct
40,4602.2479,mp_oct
28,4602.5483,mp_oct
33,4602.8486,mp_oct
37,4603.1489,mp_oct
37,4603.4492,mp_oct
40,4603.7495,mp_oct
28,4604.0499,mp_oct
38,4604.3502,mp_oct
38,4604.6505,mp_oct
35,4604.9508,mp_oct
26,4605.2512,mp_oct
26,4605.5515,mp_oct
44,4605.8519,mp_oct
27,4606.1522,mp_oct
27,4606.4525,mp_oct
44,4606.7529,mp_oct
26,4607.0532,mp_oct
38,4607.3535,mp_oct
38,4607.6539,mp_oct
37,4607.9541,mp_oct
28,4608.2545,mp_oct
28,4608.5548,mp_oct
40,4608.8551,mp_oct
38,4609.1555,mp_oct
28,4609.4558,mp_oct
50,4609.7561,mp_oct
28,4610.0564,mp_oct
28,4610.3567,mp_oct
38,4610.6571,mp_oct
38,4610.9574,mp_oct
35,4611.2578,mp_oct
35,4611.5581,mp_oct
26,4611.8584,mp_oct
42,4612.1588,mp_oct
26,4612.4591,mp_oct
38,4612.7594,mp_oct
42,4613.0597,mp_oct
37,4613.3601,mp_oct
35,4613.6604,mp_oct
38,4613.9607,mp_oct
38,4614.2611,mp_oct
33,4614.5613,mp_oct
28,4614.8617,mp_oct
28,4615.162,mp_oct
28,4615.4624,mp_oct
28,4615.7627,mp_oct
28,4616.0631,mp_oct
28,4616.3633,mp_oct
33,4616.6637,mp_oct
29,4616.964,mp_oct
32,4617.5655,mp_oct
1,4617.865,mp_oct
1,4618.1653,mp_oct
2,4618.4656,mp_oct
49,4618.766,mp_oct
1,4619.0662,mp_oct
29,4619.3667,mp_oct
46,4619.6669,mp_oct
8,4619.9673,mp_oct
29,4620.2676,mp_oct
5,4620.5679,mp_oct
45,4620.8682,mp_oct
34,4621.1686,mp_oct
4,4621.4689,mp_oct
3,4621.7692,mp_oct
3,4622.0696,mp_oct
47,4622.3699,mp_oct
34,4622.6702,mp_oct
3,4622.9705,mp_oct
3,4623.2709,mp_oct
3,4623.5712,mp_oct
46,4623.8716,mp_oct
43,4624.1719,mp_oct
29,4624.4722,mp_oct
46,4624.7725,mp_oct
32,4625.0729,mp_oct
29,4625.3732,mp_oct
29,4625.6735,mp_oct
9,4625.9738,mp_oct
9,4626.2742,mp_oct
43,4626.5745,mp_oct
43,4626.8749,mp_oct
8,4627.1751,mp_oct
3,4627.4755,mp_oct
3,4627.7758,mp_oct
3,4628.0762,mp_oct
9,4628.3765,mp_oct
9,4628.6768,mp_oct
4,4628.9771,mp_oct
9,4629.2774,mp_oct
9,4629.5778,mp_oct
9,4629.8781,mp_oct
9,4630.1785,mp_oct
9,4630.4788,mp_oct
9,4630.7791,mp_oct
9,4631.0795,mp_oct
4,4631.3797,mp_oct
3,4631.6801,mp_oct
9,4631.9804,mp_oct
9,4632.2807,mp_oct
34,4632.5811,mp_oct
2,4632.8813,mp_oct
50,4633.1818,mp_oct
30,4633.482,mp_oct
29,4633.7824,mp_oct
3,4634.0828,mp_oct
3,4634.383,mp_oct
9,4634.6834,mp_oct
4,4634.9837,mp_oct
4,4635.284,mp_oct
9,4635.5843,mp_oct
4,4635.8847,mp_oct
47,4636.185,mp_oct
47,4636.4854,mp_oct
9,4636.7857,mp_oct
9,4637.086,mp_oct
9,4637.3863,mp_oct
48,4637.6867,mp_oct
48,4637.9869,mp_oct
32,4638.2873,mp_oct
48,4638.5876,mp_oct
48,4638.888,mp_oct
48,4639.1883,mp_oct
48,4639.4886,mp_oct
32,4639.789,mp_oct
32,4640.0892,mp_oct
32,4640.3896,mp_oct
29,4640.69,mp_oct
1,4640.9902,mp_oct
2,4641.2906,mp_oct
29,4641.5909,mp_oct
32,4641.8912,mp_oct
1,4642.1916,mp_oct
30,4642.4919,mp_oct
37,4642.7923,mp_oct
49,4643.0925,mp_oct
30,4643.3929,mp_oct
37,4643.6933,mp_oct
37,4643.9936,mp_oct
37,4644.2939,mp_oct
1,4644.5942,mp_oct
30,4644.8945,mp_oct
50,4645.1948,mp_oct
2,4645.4952,mp_oct
48,4645.7956,mp_oct
48,4646.0959,mp_oct
48,4646.3962,mp_oct
43,4646.6965,mp_oct
43,4646.9968,mp_oct
34,4647.2972,mp_oct
6,4647.5975,mp_oct
41,4647.8978,mp_oct
41,4648.1981,mp_oct
18,4648.4985,mp_oct
41,4648.7988,mp_oct
18,4649.0991,mp_oct
45,4649.3994,mp_oct
41,4649.6997,mp_oct
41,4650.0001,mp_oct
41,4650.3005,mp_oct
41,4650.6008,mp_oct
41,4650.9011,mp_oct
41,4651.2014,mp_oct
41,4651.5018,mp_oct
41,4651.8021,mp_oct
18,4652.1024,mp_oct
18,4652.4028,mp_oct
18,4652.7031,mp_oct
45,4653.0034,mp_oct
41,4653.3038,mp_oct
18,4653.6041,mp_oct
18,4653.9044,mp_oct
17,4654.2047,mp_oct
43,4654.5051,mp_oct
3,4654.8053,mp_oct
9,4655.1057,mp_oct
9,4655.406,mp_oct
1,4655.7063,mp_oct
1,4656.0067,mp_oct
30,4656.307,mp_oct
1,4656.6073,mp_oct
4,4656.9077,mp_oct
47,4657.208,mp_oct
4,4657.5084,mp_oct
31,4657.8086,mp_oct
9,4658.109,mp_oct
47,4658.4093,mp_oct
30,4658.7096,mp_oct
49,4659.01,mp_oct
47,4659.3103,mp_oct
9,4659.6106,mp_oct
9,4659.911,mp_oct
7,4660.2113,mp_oct
7,4660.5116,mp_oct
7,4660.812,mp_oct
1,4661.1123,mp_oct
31,4661.4126,mp_oct
31,4661.7129,mp_oct
36,4662.0133,mp_oct
36,4662.3137,mp_oct
31,4662.6139,mp_oct
31,4662.9143,mp_oct
30,4663.2146,mp_oct
1,4663.5149,mp_oct
47,4663.8152,mp_oct
36,4664.1156,mp_oct
36,4664.4159,mp_oct
37,4664.7163,mp_oct
30,4665.0165,mp_oct
2,4665.3169,mp_oct
30,4665.6172,mp_oct
1,4665.9175,mp_oct
36,4666.2179,mp_oct
1,4666.5182,mp_oct
2,4666.8185,mp_oct
50,4667.1189,mp_oct
2,4667.4192,mp_oct
30,4667.7196,mp_oct
45,4668.0198,mp_oct
2,4668.3202,mp_oct
1,4668.6205,mp_oct
2,4668.9208,mp_oct
50,4669.2212,mp_oct
47,4669.5215,mp_oct
5,4669.8218,mp_oct
29,4670.1222,mp_oct
29,4670.4225,mp_oct
4,4670.7228,mp_oct
32,4671.0232,mp_oct
48,4671.3235,mp_oct
36,4671.6238,mp_oct
1,4671.9241,mp_oct
32,4672.2244,mp_oct
32,4672.5248,mp_oct
32,4672.8251,mp_oct
32,4673.1254,mp_oct
30,4673.4258,mp_oct
32,4673.7261,mp_oct
29,4674.0264,mp_oct
32,4674.3268,mp_oct
1,4674.6271,mp_oct
1,4674.9275,mp_oct
30,4675.2277,mp_oct
1,4675.5281,mp_oct
48,4675.8284,mp_oct
1,4676.1287,mp_oct
39,4676.4291,mp_oct
39,4676.7294,mp_oct
48,4677.0297,mp_oct
31,4677.33,mp_oct
1,4677.6304,mp_oct
39,4677.9308,mp_oct
39,4678.2311,mp_oct
48,4678.5314,mp_oct
36,4678.8317,mp_oct
1,4679.1321,mp_oct
48,4679.4324,mp_oct
48,4679.7327,mp_oct
39,4680.0331,mp_oct
39,4680.3333,mp_oct
39,4680.6337,mp_oct
39,4680.934,mp_oct
39,4681.2343,mp_oct
30,4681.5347,mp_oct
49,4681.835,mp_oct
49,4682.1353,mp_oct
31,4682.4357,mp_oct
30,4682.7361,mp_oct
39,4683.0363,mp_oct
39,4683.3366,mp_oct
39,4683.637,mp_oct
1,4683.9373,mp_oct
31,4684.2377,mp_oct
30,4684.538,mp_oct
48,4684.8383,mp_oct
39,4685.1387,mp_oct
30,4685.4389,mp_oct
37,4685.7393,mp_oct
37,4686.0397,mp_oct
40,4686.34,mp_oct
37,4686.6403,mp_oct
37,4686.9406,mp_oct
37,4687.241,mp_oct
27,4687.5413,mp_oct
32,4687.8416,mp_oct
29,4688.142,mp_oct
29,4688.4423,mp_oct
29,4688.7426,mp_oct
29,4689.0429,mp_oct
29,4689.3433,mp_oct
38,4689.6436,mp_oct
47,4689.9439,mp_oct
34,4690.2443,mp_oct
29,4690.5445,mp_oct
2,4690.8449,mp_oct
2,4691.1453,mp_oct
34,4691.4455,mp_oct
41,4691.7459,mp_oct
6,4692.0462,mp_oct
41,4692.3466,mp_oct
45,4692.6469,mp_oct
6,4692.9472,mp_oct
45,4693.2475,mp_oct
41,4693.5479,mp_oct
6,4693.8482,mp_oct
6,4694.1485,mp_oct
6,4694.4489,mp_oct
6,4694.7492,mp_oct
45,4695.0495,mp_oct
41,4695.3499,mp_oct
6,4695.6501,mp_oct
6,4695.9505,mp_oct
45,4696.2509,mp_oct
45,4696.5511,mp_oct
45,4696.8515,mp_oct
6,4697.1519,mp_oct
6,4697.4521,mp_oct
6,4697.7525,mp_oct
6,4698.0529,mp_oct
43,4698.3532,mp_oct
3,4698.6535,mp_oct
6,4698.9538,mp_oct
34,4699.2541,mp_oct
45,4699.5545,mp_oct
45,4699.8548,mp_oct
45,4700.1551,mp_oct
41,4700.4555,mp_oct
47,4700.7557,mp_oct
6,4701.0561,mp_oct
8,4701.3565,mp_oct
29,4701.6568,mp_oct
8,4701.9571,mp_oct
45,4702.2574,mp_oct
41,4702.5578,mp_oct
8,4702.8581,mp_oct
6,4703.1585,mp_oct
41,4703.4587,mp_oct
45,4703.7591,mp_oct
41,4704.0594,mp_oct
34,4704.3597,mp_oct
45,4704.66,mp_oct
41,4704.9604,mp_oct
45,4705.2608,mp_oct
6,4705.561,mp_oct
45,4705.8613,mp_oct
5,4706.1617,mp_oct
41,4706.462,mp_oct
45,4706.7624,mp_oct
8,4707.0628,mp_oct
43,4707.363,mp_oct
32,4707.6634,mp_oct
1,4707.9637,mp_oct
30,4708.2641,mp_oct
1,4708.5644,mp_oct
30,4708.8647,mp_oct
1,4709.1651,mp_oct
48,4709.4654,mp_oct
48,4709.7657,mp_oct
48,4710.066,mp_oct
32,4710.3663,mp_oct
48,4710.6667,mp_oct
49,4710.967,mp_oct
49,4711.2674,mp_oct
30,4711.5677,mp_oct
49,4711.868,mp_oct
30,4712.1684,mp_oct
30,4712.4687,mp_oct
30,4712.769,mp_oct
36,4713.0693,mp_oct
1,4713.3696,mp_oct
32,4713.67,mp_oct
36,4713.9703,mp_oct
36,4714.2706,mp_oct
31,4714.571,mp_oct
49,4714.8713,mp_oct
1,4715.1716,mp_oct
48,4715.472,mp_oct
48,4715.7723,mp_oct
48,4716.0726,mp_oct
36,4716.3729,mp_oct
37,4716.6733,mp_oct
49,4716.9736,mp_oct
30,4717.2739,mp_oct
49,4717.5743,mp_oct
49,4717.8745,mp_oct
49,4718.1749,mp_oct
49,4718.4752,mp_oct
37,4718.7756,mp_oct
1,4719.076,mp_oct
1,4719.3763,mp_oct
40,4719.6765,mp_oct
49,4719.9769,mp_oct
1,4720.2772,mp_oct
1,4720.5775,mp_oct
30,4720.8779,mp_oct
30,4721.1782,mp_oct
36,4721.4786,mp_oct
37,4721.7789,mp_oct
49,4722.0793,mp_oct
1,4722.3796,mp_oct
48,4722.6799,mp_oct
30,4722.9802,mp_oct
49,4723.2806,mp_oct
49,4723.5808,mp_oct
1,4723.8812,mp_oct
30,4724.1815,mp_oct
37,4724.4819,mp_oct
32,4724.7822,mp_oct
48,4725.0825,mp_oct
1,4725.3829,mp_oct
32,4725.6832,mp_oct
48,4725.9835,mp_oct
38,4726.2838,mp_oct
37,4726.5842,mp_oct
44,4726.8845,mp_oct
33,4727.1849,mp_oct
37,4727.4852,mp_oct
33,4727.7855,mp_oct
48,4728.0858,mp_oct
48,4728.3861,mp_oct
33,4728.6865,mp_oct
33,4728.9868,mp_oct
37,4729.2872,mp_oct
37,4729.5875,mp_oct
37,4729.8878,mp_oct
40,4730.1882,mp_oct
49,4730.4885,mp_oct
30,4730.7888,mp_oct
32,4731.0892,mp_oct
30,4731.3895,mp_oct
30,4731.6899,mp_oct
29,4731.9901,mp_oct
47,4732.2905,mp_oct
1,4732.5908,mp_oct
4,4732.8911,mp_oct
48,4733.1914,mp_oct
1,4733.4917,mp_oct
36,4733.7921,mp_oct
31,4734.0924,mp_oct
31,4734.3928,mp_oct
31,4734.6931,mp_oct
31,4734.9934,mp_oct
36,4735.2938,mp_oct
36,4735.5941,mp_oct
31,4735.8944,mp_oct
31,4736.1948,mp_oct
31,4736.4951,mp_oct
30,4736.7954,mp_oct
36,4737.0957,mp_oct
36,4737.3961,mp_oct
7,4737.6964,mp_oct
32,4737.9967,mp_oct
32,4738.2971,mp_oct
29,4738.5974,mp_oct
32,4738.8978,mp_oct
48,4739.1981,mp_oct
1,4739.4984,mp_oct
2,4739.7987,mp_oct
2,4740.099,mp_oct
2,4740.3993,mp_oct
29,4740.6997,mp_oct
29,4741.0,mp_oct
1,4741.3004,mp_oct
1,4741.6007,mp_oct
30,4741.901,mp_oct
31,4742.2013,mp_oct
9,4742.5017,mp_oct
1,4742.802,mp_oct
2,4743.1023,mp_oct
49,4743.4027,mp_oct
2,4743.703,mp_oct
29,4744.0033,mp_oct
32,4744.3037,mp_oct
1,4744.604,mp_oct
36,4744.9044,mp_oct
36,4745.2047,mp_oct
36,4745.505,mp_oct
39,4745.8053,mp_oct
32,4746.1057,mp_oct
29,4746.406,mp_oct
1,4746.7063,mp_oct
34,4747.0067,mp_oct
1,4747.307,mp_oct
38,4747.6074,mp_oct
2,4747.9076,mp_oct
29,4748.208,mp_oct
45,4748.5083,mp_oct
2,4748.8086,mp_oct
8,4749.109,mp_oct
29,4749.4093,mp_oct
29,4749.7097,mp_oct
32,4750.01,mp_oct
7,4750.3103,mp_oct
7,4750.6106,mp_oct
7,4750.9109,mp_oct
39,4751.2113,mp_oct
32,4751.5116,mp_oct
32,4751.812,mp_oct
32,4752.1123,mp_oct
32,4752.4177,mp_oct
32,4752.7129,mp_oct
32,4753.0133,mp_oct
32,4753.3136,mp_oct
32,4753.614,mp_oct
46,4753.9143,mp_oct
47,4754.2146,mp_oct
2,4754.5149,mp_oct
47,4754.8153,mp_oct
50,4755.1156,mp_oct
50,4755.4159,mp_oct
50,4755.7163,mp_oct
50,4756.0166,mp_oct
47,4756.3169,mp_oct
29,4756.6172,mp_oct
9,4756.9176,mp_oct
4,4757.218,mp_oct
9,4757.5182,mp_oct
4,4757.8186,mp_oct
9,4758.1189,mp_oct
4,4758.4192,mp_oct
9,4758.7196,mp_oct
48,4759.0199,mp_oct
48,4759.3203,mp_oct
32,4759.6206,mp_oct
7,4759.9209,mp_oct
7,4760.2212,mp_oct
7,4760.5215,mp_oct
7,4760.8219,mp_oct
7,4761.1222,mp_oct
36,4761.4225,mp_oct
49,4761.7228,mp_oct
49,4762.0232,mp_oct
31,4762.3235,mp_oct
7,4762.6238,mp_oct
7,4762.9241,mp_oct
7,4763.2245,mp_oct
7,4763.5249,mp_oct
36,4763.8252,mp_oct
7,4764.1255,mp_oct
7,4764.4259,mp_oct
7,4764.7262,mp_oct
36,4765.0265,mp_oct
36,4765.3268,mp_oct
7,4765.6272,mp_oct
31,4765.9275,mp_oct
36,4766.2278,mp_oct
7,4766.5282,mp_oct
1,4766.8285,mp_oct
1,4767.1288,mp_oct
7,4767.4292,mp_oct
36,4767.7295,mp_oct
7,4768.0298,mp_oct
31,4768.3301,mp_oct
36,4768.6305,mp_oct
31,4768.9308,mp_oct
36,4769.2311,mp_oct
7,4769.5314,mp_oct
36,4769.8318,mp_oct
31,4770.1321,mp_oct
30,4770.4324,mp_oct
36,4770.7328,mp_oct
31,4771.0331,mp_oct
48,4771.3334,mp_oct
48,4771.6338,mp_oct
27,4771.9341,mp_oct
36,4772.2344,mp_oct
31,4772.5347,mp_oct
49,4772.8351,mp_oct
31,4773.1354,mp_oct
31,4773.4357,mp_oct
31,4773.7361,mp_oct
31,4774.0364,mp_oct
31,4774.3367,mp_oct
36,4774.6371,mp_oct
7,4774.9373,mp_oct
7,4775.2377,mp_oct
36,4775.5381,mp_oct
7,4775.8384,mp_oct
7,4776.1387,mp_oct
32,4776.4391,mp_oct
29,4776.7394,mp_oct
9,4777.0397,mp_oct
9,4777.34,mp_oct
9,4777.6404,mp_oct
2,4777.9407,mp_oct
2,4778.2411,mp_oct
45,4778.5413,mp_oct
50,4778.8417,mp_oct
50,4779.142,mp_oct
50,4779.4423,mp_oct
47,4779.7427,mp_oct
47,4780.043,mp_oct
47,4780.3434,mp_oct
47,4780.6437,mp_oct
7,4780.944,mp_oct
48,4781.2443,mp_oct
32,4781.5447,mp_oct
48,4781.845,mp_oct
1,4782.1452,mp_oct
30,4782.4456,mp_oct
1,4782.746,mp_oct
36,4783.0463,mp_oct
32,4783.3467,mp_oct
48,4783.6469,mp_oct
36,4783.9473,mp_oct
39,4784.2476,mp_oct
39,4784.5479,mp_oct
48,4784.8483,mp_oct
32,4785.1486,mp_oct
32,4785.4489,mp_oct
32,4785.7493,mp_oct
32,4786.0496,mp_oct
43,4786.35,mp_oct
29,4786.6502,mp_oct
46,4786.9506,mp_oct
43,4787.2509,mp_oct
29,4787.5512,mp_oct
29,4787.8516,mp_oct
29,4788.1519,mp_oct
26,4788.4523,mp_oct
43,4788.7526,mp_oct
43,4789.0529,mp_oct
43,4789.3532,mp_oct
29,4789.6536,mp_oct
43,4789.9539,mp_oct
35,4790.2542,mp_oct
35,4790.5546,mp_oct
35,4790.8549,mp_oct
35,4791.4555,mp_oct
35,4791.7559,mp_oct
26,4792.0562,mp_oct
35,4792.3566,mp_oct
35,4792.6569,mp_oct
35,4792.9572,mp_oct
35,4793.8582,mp_oct
35,4794.1585,mp_oct
35,4794.4589,mp_oct
35,4794.7592,mp_oct
26,4795.0595,mp_oct
26,4795.3598,mp_oct
26,4795.6602,mp_oct
35,4795.9605,mp_oct
26,4796.2608,mp_oct
26,4796.5612,mp_oct
26,4796.8615,mp_oct
26,4797.1618,mp_oct
35,4797.4621,mp_oct
35,4797.7625,mp_oct
35,4798.0628,mp_oct
35,4798.3631,mp_oct
26,4798.6635,mp_oct
8,4798.9638,mp_oct
5,4799.2641,mp_oct
43,4799.5644,mp_oct
46,4799.8648,mp_oct
1,4800.1651,mp_oct
32,4800.4655,mp_oct
1,4800.7657,mp_oct
32,4801.0661,mp_oct
46,4801.3664,mp_oct
32,4801.6667,mp_oct
4,4801.9671,mp_oct
7,4802.2674,mp_oct
47,4802.5677,mp_oct
30,4802.8681,mp_oct
9,4803.1684,mp_oct
9,4803.4688,mp_oct
30,4803.7691,mp_oct
4,4804.0694,mp_oct
9,4804.3698,mp_oct
9,4804.6701,mp_oct
29,4804.9704,mp_oct
8,4805.2708,mp_oct
8,4805.5711,mp_oct
34,4805.8714,mp_oct
5,4806.1717,mp_oct
6,4806.472,mp_oct
5,4806.7723,mp_oct
5,4807.0727,mp_oct
5,4807.373,mp_oct
5,4807.6733,mp_oct
5,4807.9737,mp_oct
9,4808.274,mp_oct
4,4808.5743,mp_oct
5,4809.175,mp_oct
46,4810.076,mp_oct
43,4810.6766,mp_oct
43,4810.977,mp_oct
43,4811.2773,mp_oct
43,4811.5777,mp_oct
43,4811.878,mp_oct
43,4812.1782,mp_oct
43,4812.4786,mp_oct
43,4812.7789,mp_oct
43,4813.0793,mp_oct
43,4813.3796,mp_oct
43,4813.68,mp_oct
43,4813.9803,mp_oct
3,4814.2806,mp_oct
3,4814.5809,mp_oct
47,4814.8812,mp_oct
2,4815.1816,mp_oct
4,4815.482,mp_oct
4,4815.7823,mp_oct
47,4816.0826,mp_oct
47,4816.3829,mp_oct
29,4816.6833,mp_oct
32,4816.9836,mp_oct
29,4817.2839,mp_oct
32,4817.5843,mp_oct
1,4817.8846,mp_oct
30,4818.1849,mp_oct
30,4818.4852,mp_oct
37,4818.7855,mp_oct
49,4819.0859,mp_oct
49,4819.3861,mp_oct
30,4819.6865,mp_oct
1,4819.9869,mp_oct
30,4820.2872,mp_oct
36,4820.5876,mp_oct
1,4820.8878,mp_oct
2,4821.1882,mp_oct
36,4821.4885,mp_oct
32,4821.7889,mp_oct
49,4822.0892,mp_oct
30,4822.3895,mp_oct
30,4822.6899,mp_oct
30,4822.9901,mp_oct
2,4823.2905,mp_oct
49,4823.5908,mp_oct
2,4823.8912,mp_oct
49,4824.1915,mp_oct
49,4824.4918,mp_oct
50,4824.7922,mp_oct
50,4825.0924,mp_oct
50,4825.3928,mp_oct
50,4825.6932,mp_oct
50,4825.9935,mp_oct
50,4826.2938,mp_oct
50,4826.5941,mp_oct
50,4826.8944,mp_oct
50,4827.1948,mp_oct
50,4827.4951,mp_oct
50,4827.7955,mp_oct
50,4828.0958,mp_oct
50,4828.3961,mp_oct
50,4828.6964,mp_oct
28,4828.9967,mp_oct
30,4829.2971,mp_oct
2,4829.5974,mp_oct
2,4829.8978,mp_oct
50,4830.198,mp_oct
2,4830.4984,mp_oct
45,4830.7987,mp_oct
41,4831.099,mp_oct
41,4831.3994,mp_oct
41,4831.6998,mp_oct
41,4832.0001,mp_oct
41,4832.3004,mp_oct
41,4832.6007,mp_oct
41,4832.901,mp_oct
41,4833.2013,mp_oct
41,4833.5017,mp_oct
41,4833.802,mp_oct
41,4834.1024,mp_oct
41,4834.4027,mp_oct
41,4834.7031,mp_oct
6,4835.0033,mp_oct
5,4835.3037,mp_oct
34,4835.604,mp_oct
35,4835.9044,mp_oct
19,4836.2047,mp_oct
12,4836.5051,mp_oct
12,4836.8053,mp_oct
12,4837.1056,mp_oct
23,4837.406,mp_oct
23,4837.7063,mp_oct
23,4838.0067,mp_oct
3,4838.3069,mp_oct
3,4838.6073,mp_oct
3,4838.9076,mp_oct
3,4839.208,mp_oct
8,4839.5083,mp_oct
3,4839.8086,mp_oct
4,4840.109,mp_oct
4,4840.4093,mp_oct
4,4840.7096,mp_oct
4,4841.01,mp_oct
3,4841.3103,mp_oct
3,4841.6106,mp_oct
46,4841.9109,mp_oct
32,4842.2113,mp_oct
39,4842.5116,mp_oct
39,4842.8119,mp_oct
39,4843.1123,mp_oct
39,4843.4126,mp_oct
1,4843.7129,mp_oct
1,4844.0132,mp_oct
1,4844.3136,mp_oct
36,4844.6139,mp_oct
31,4844.9142,mp_oct
36,4845.2145,mp_oct
39,4845.5149,mp_oct
7,4845.8152,mp_oct
9,4846.1156,mp_oct
4,4846.4158,mp_oct
47,4846.7162,mp_oct
4,4847.0165,mp_oct
47,4847.3168,mp_oct
4,4847.6172,mp_oct
9,4847.9175,mp_oct
9,4848.2179,mp_oct
30,4848.5182,mp_oct
30,4848.8185,mp_oct
47,4849.1188,mp_oct
4,4849.4191,mp_oct
7,4849.7195,mp_oct
36,4850.0198,mp_oct
31,4850.3201,mp_oct
31,4850.6205,mp_oct
7,4850.9208,mp_oct
7,4851.2212,mp_oct
36,4851.5215,mp_oct
31,4851.8218,mp_oct
7,4852.1222,mp_oct
7,4852.4224,mp_oct
48,4852.7228,mp_oct
1,4853.0231,mp_oct
30,4853.3234,mp_oct
4,4853.6237,mp_oct
30,4853.9242,mp_oct
31,4854.2244,mp_oct
50,4854.5248,mp_oct
1,4854.8251,mp_oct
29,4855.1254,mp_oct
1,4855.4258,mp_oct
30,4855.7261,mp_oct
36,4856.0264,mp_oct
1,4856.3268,mp_oct
49,4856.6271,mp_oct
29,4856.9275,mp_oct
30,4857.2278,mp_oct
47,4857.528,mp_oct
34,4857.8284,mp_oct
2,4858.1287,mp_oct
47,4858.429,mp_oct
38,4858.7293,mp_oct
2,4859.0297,mp_oct
29,4859.33,mp_oct
28,4859.6303,mp_oct
47,4859.9307,mp_oct
9,4860.2311,mp_oct
30,4860.5314,mp_oct
1,4860.8317,mp_oct
32,4861.132,mp_oct
29,4861.4324,mp_oct
47,4861.7327,mp_oct
29,4862.033,mp_oct
35,4862.3333,mp_oct
44,4862.6337,mp_oct
44,4862.934,mp_oct
35,4863.2344,mp_oct
35,4863.5347,mp_oct
26,4863.835,mp_oct
35,4864.1354,mp_oct
26,4864.4356,mp_oct
26,4864.736,mp_oct
35,4865.0363,mp_oct
35,4865.3367,mp_oct
26,4865.637,mp_oct
35,4865.9372,mp_oct
35,4866.2376,mp_oct
46,4866.538,mp_oct
8,4866.8383,mp_oct
46,4867.1387,mp_oct
3,4867.4389,mp_oct
3,4867.7393,mp_oct
3,4868.0396,mp_oct
46,4868.34,mp_oct
43,4868.6403,mp_oct
25,4868.9406,mp_oct
24,4869.2409,mp_oct
23,4869.5413,mp_oct
43,4869.8416,mp_oct
43,4870.142,mp_oct
43,4870.4423,mp_oct
46,4870.7426,mp_oct
46,4871.0429,mp_oct
29,4871.3432,mp_oct
43,4871.6436,mp_oct
46,4871.9439,mp_oct
46,4872.2442,mp_oct
43,4872.5445,mp_oct
35,4872.8449,mp_oct
15,4873.1452,mp_oct
15,4873.4456,mp_oct
24,4873.7459,mp_oct
15,4874.0462,mp_oct
15,4874.3465,mp_oct
23,4874.6469,mp_oct
23,4874.9472,mp_oct
15,4875.2476,mp_oct
15,4875.5478,mp_oct
24,4875.8482,mp_oct
24,4876.1485,mp_oct
15,4876.4488,mp_oct
15,4876.7492,mp_oct
15,4877.0495,mp_oct
15,4877.3498,mp_oct
15,4877.6502,mp_oct
15,4877.9505,mp_oct
15,4878.2508,mp_oct
23,4878.5511,mp_oct
43,4878.8515,mp_oct
46,4879.1518,mp_oct
8,4879.4522,mp_oct
5,4879.7525,mp_oct
47,4880.0528,mp_oct
2,4880.3531,mp_oct
47,4880.6534,mp_oct
2,4880.9538,mp_oct
2,4881.2541,mp_oct
50,4881.5545,mp_oct
29,4881.8548,mp_oct
48,4882.1551,mp_oct
1,4882.4555,mp_oct
34,4882.7558,mp_oct
38,4883.0561,mp_oct
2,4883.3564,mp_oct
2,4883.6568,mp_oct
2,4883.9571,mp_oct
29,4884.2574,mp_oct
29,4884.5578,mp_oct
29,4884.858,mp_oct
43,4885.1584,mp_oct
43,4885.4587,mp_oct
5,4885.7591,mp_oct
8,4886.0594,mp_oct
5,4886.3597,mp_oct
8,4886.66,mp_oct
3,4886.9604,mp_oct
5,4887.2607,mp_oct
6,4887.561,mp_oct
45,4887.8614,mp_oct
41,4888.1617,mp_oct
34,4888.462,mp_oct
45,4888.7623,mp_oct
45,4889.0627,mp_oct
45,4889.3629,mp_oct
34,4889.6633,mp_oct
8,4889.9636,mp_oct
43,4890.264,mp_oct
43,4890.5643,mp_oct
34,4890.8647,mp_oct
45,4891.165,mp_oct
6,4891.4653,mp_oct
43,4891.7656,mp_oct
43,4892.0659,mp_oct
43,4892.3663,mp_oct
35,4892.6666,mp_oct
38,4892.9669,mp_oct
38,4893.2673,mp_oct
26,4893.5676,mp_oct
43,4893.8679,mp_oct
34,4894.1683,mp_oct
6,4894.4685,mp_oct
43,4894.7689,mp_oct
8,4895.0692,mp_oct
34,4895.3696,mp_oct
43,4895.6699,mp_oct
29,4895.9702,mp_oct
5,4896.2706,mp_oct
2,4896.5709,mp_oct
46,4896.8712,mp_oct
47,4897.1716,mp_oct
29,4897.4719,mp_oct
48,4897.7723,mp_oct
30,4898.0726,mp_oct
32,4898.3729,mp_oct
36,4898.6732,mp_oct
2,4898.9736,mp_oct
1,4899.2739,mp_oct
32,4899.5742,mp_oct
32,4899.8745,mp_oct
32,4900.1749,mp_oct
32,4900.4752,mp_oct
46,4900.7755,mp_oct
46,4901.0759,mp_oct
8,4901.3762,mp_oct
29,4901.6765,mp_oct
46,4901.9769,mp_oct
32,4902.2771,mp_oct
46,4902.5775,mp_oct
43,4902.8779,mp_oct
8,4903.1782,mp_oct
43,4903.4785,mp_oct
8,4903.7788,mp_oct
43,4904.0792,mp_oct
46,4904.3795,mp_oct
43,4904.6798,mp_oct
43,4904.9801,mp_oct
43,4905.2805,mp_oct
43,4905.5808,mp_oct
43,4905.8811,mp_oct
43,4906.1814,mp_oct
43,4906.4818,mp_oct
46,4906.7821,mp_oct
46,4907.0824,mp_oct
8,4907.3828,mp_oct
43,4907.6831,mp_oct
8,4907.9834,mp_oct
46,4908.2837,mp_oct
43,4908.5841,mp_oct
43,4908.8844,mp_oct
43,4909.1847,mp_oct
43,4909.4851,mp_oct
43,4909.7854,mp_oct
43,4910.0857,mp_oct
46,4910.3861,mp_oct
46,4910.6864,mp_oct
46,4910.9867,mp_oct
46,4911.2871,mp_oct
29,4911.5874,mp_oct
46,4911.8877,mp_oct
46,4912.1881,mp_oct
29,4912.4884,mp_oct
43,4912.7887,mp_oct
43,4913.089,mp_oct
43,4913.3894,mp_oct
35,4913.6897,mp_oct
38,4913.9901,mp_oct
35,4914.2903,mp_oct
35,4914.5907,mp_oct
44,4914.891,mp_oct
27,4915.1914,mp_oct
48,4915.4917,mp_oct
36,4915.792,mp_oct
48,4916.0924,mp_oct
32,4916.3926,mp_oct
32,4916.693,mp_oct
32,4916.9933,mp_oct
32,4917.2936,mp_oct
30,4917.594,mp_oct
32,4917.8943,mp_oct
48,4918.1947,mp_oct
32,4918.495,mp_oct
32,4918.7953,mp_oct
46,4919.0956,mp_oct
29,4919.396,mp_oct
29,4919.6963,mp_oct
43,4919.9966,mp_oct
8,4920.297,mp_oct
29,4920.5973,mp_oct
29,4920.8976,mp_oct
1,4921.198,mp_oct
1,4921.4982,mp_oct
1,4921.7986,mp_oct
1,4922.099,mp_oct
1,4922.3992,mp_oct
32,4922.6996,mp_oct
48,4922.9999,mp_oct
29,4923.3002,mp_oct
29,4923.6005,mp_oct
29,4923.9009,mp_oct
29,4924.2012,mp_oct
5,4924.5016,mp_oct
46,4924.8019,mp_oct
29,4925.1022,mp_oct
47,4925.4026,mp_oct
2,4925.7029,mp_oct
46,4926.0032,mp_oct
38,4926.3036,mp_oct
44,4926.6038,mp_oct
44,4926.9042,mp_oct
32,4927.2045,mp_oct
32,4927.5049,mp_oct
29,4927.8052,mp_oct
29,4928.1055,mp_oct
29,4928.4058,mp_oct
5,4928.7062,mp_oct
5,4929.0065,mp_oct
46,4929.3069,mp_oct
46,4929.6072,mp_oct
29,4929.9075,mp_oct
47,4930.2078,mp_oct
46,4930.5082,mp_oct
29,4930.8085,mp_oct
43,4931.1088,mp_oct
46,4931.4091,mp_oct
43,4931.7094,mp_oct
43,4932.0098,mp_oct
43,4932.3101,mp_oct
46,4932.6105,mp_oct
46,4932.9108,mp_oct
8,4933.2111,mp_oct
43,4933.5115,mp_oct
43,4933.8118,mp_oct
46,4934.1121,mp_oct
46,4934.4124,mp_oct
46,4934.7127,mp_oct
46,4935.0131,mp_oct
46,4935.3134,mp_oct
46,4935.6138,mp_oct
43,4935.9141,mp_oct
46,4936.2144,mp_oct
43,4936.5147,mp_oct
46,4936.815,mp_oct
46,4937.1154,mp_oct
43,4937.4157,mp_oct
46,4937.7161,mp_oct
43,4938.0164,mp_oct
43,4938.3167,mp_oct
46,4938.617,mp_oct
46,4938.9173,mp_oct
46,4939.2177,mp_oct
43,4939.518,mp_oct
43,4939.8184,mp_oct
43,4940.1187,mp_oct
46,4940.419,mp_oct
46,4940.7193,mp_oct
29,4941.0197,mp_oct
5,4941.32,mp_oct
34,4941.6203,mp_oct
43,4941.9206,mp_oct
8,4942.221,mp_oct
2,4942.5213,mp_oct
5,4942.8216,mp_oct
45,4943.122,mp_oct
34,4943.4223,mp_oct
6,4943.7226,mp_oct
8,4944.0229,mp_oct
43,4944.3233,mp_oct
8,4944.6236,mp_oct
8,4944.924,mp_oct
34,4945.2243,mp_oct
13,4945.5246,mp_oct
35,4945.8249,mp_oct
35,4946.1253,mp_oct
43,4946.4256,mp_oct
46,4946.7259,mp_oct
29,4947.0262,mp_oct
8,4947.3266,mp_oct
46,4947.6269,mp_oct
46,4947.9272,mp_oct
8,4948.2276,mp_oct
35,4948.5279,mp_oct
26,4948.8282,mp_oct
13,4949.1285,mp_oct
26,4949.4289,mp_oct
43,4949.7292,mp_oct
43,4950.0296,mp_oct
46,4950.3298,mp_oct
43,4950.6302,mp_oct
46,4950.9305,mp_oct
43,4951.2309,mp_oct
43,4951.5312,mp_oct
46,4951.8315,mp_oct
43,4952.1318,mp_oct
43,4952.4322,mp_oct
46,4952.7325,mp_oct
43,4953.0328,mp_oct
46,4953.3332,mp_oct
43,4953.6335,mp_oct
43,4953.9338,mp_oct
8,4954.2341,mp_oct
43,4954.5344,mp_oct
43,4954.8348,mp_oct
43,4955.1351,mp_oct
43,4955.4355,mp_oct
29,4955.7358,mp_oct
46,4956.0361,mp_oct
43,4956.3364,mp_oct
43,4956.6368,mp_oct
43,4956.9371,mp_oct
46,4957.2374,mp_oct
46,4957.5378,mp_oct
43,4957.8381,mp_oct
43,4958.1384,mp_oct
46,4958.4388,mp_oct
8,4958.739,mp_oct
8,4959.0394,mp_oct
8,4959.3397,mp_oct
46,4959.6401,mp_oct
43,4959.9404,mp_oct
43,4960.2407,mp_oct
43,4960.541,mp_oct
43,4960.8413,mp_oct
43,4961.1417,mp_oct
43,4961.442,mp_oct
46,4961.7424,mp_oct
47,4962.0427,mp_oct
34,4962.343,mp_oct
43,4962.6433,mp_oct
46,4962.9436,mp_oct
46,4963.244,mp_oct
32,4963.5444,mp_oct
32,4963.8447,mp_oct
48,4964.145,mp_oct
30,4964.4453,mp_oct
49,4964.7456,mp_oct
49,4965.046,mp_oct
30,4965.3463,mp_oct
38,4965.6466,mp_oct
29,4965.9469,mp_oct
5,4966.2472,mp_oct
45,4966.5476,mp_oct
6,4966.8479,mp_oct
34,4967.1483,mp_oct
6,4967.4485,mp_oct
45,4967.7489,mp_oct
8,4968.0493,mp_oct
35,4968.3496,mp_oct
26,4968.6499,mp_oct
38,4968.9502,mp_oct
50,4969.2506,mp_oct
50,4969.5508,mp_oct
50,4969.8513,mp_oct
2,4970.1516,mp_oct
29,4970.4519,mp_oct
43,4970.7523,mp_oct
6,4971.0525,mp_oct
8,4971.3529,mp_oct
34,4971.6532,mp_oct
5,4971.9535,mp_oct
3,4972.2538,mp_oct
3,4972.5542,mp_oct
32,4972.8545,mp_oct
39,4973.1549,mp_oct
27,4973.4552,mp_oct
27,4973.7555,mp_oct
27,4974.0558,mp_oct
27,4974.3562,mp_oct
27,4974.6565,mp_oct
27,4974.9569,mp_oct
27,4975.2572,mp_oct
27,4975.5575,mp_oct
27,4975.8578,mp_oct
27,4976.1581,mp_oct
33,4976.4585,mp_oct
33,4976.7588,mp_oct
27,4977.0592,mp_oct
27,4977.3595,mp_oct
33,4977.6598,mp_oct
36,4977.9601,mp_oct
36,4978.2604,mp_oct
39,4978.5608,mp_oct
39,4978.8612,mp_oct
39,4979.1614,mp_oct
7,4979.4618,mp_oct
7,4979.7621,mp_oct
7,4980.0624,mp_oct
36,4980.3627,mp_oct
7,4980.6631,mp_oct
36,4980.9634,mp_oct
36,4981.2637,mp_oct
31,4981.5649,mp_oct
31,4981.8644,mp_oct
31,4982.1647,mp_oct
31,4982.4651,mp_oct
31,4982.7653,mp_oct
31,4983.0657,mp_oct
36,4983.366,mp_oct
7,4983.6664,mp_oct
1,4983.9667,mp_oct
7,4984.2671,mp_oct
7,4984.5673,mp_oct
30,4984.8676,mp_oct
36,4985.168,mp_oct
1,4985.4683,mp_oct
31,4985.7687,mp_oct
39,4986.0689,mp_oct
39,4986.3693,mp_oct
39,4986.6696,mp_oct
27,4986.97,mp_oct
27,4987.2703,mp_oct
27,4987.5707,mp_oct
27,4987.8709,mp_oct
33,4988.1713,mp_oct
27,4988.4716,mp_oct
27,4988.7719,mp_oct
27,4989.0723,mp_oct
27,4989.3727,mp_oct
27,4989.6729,mp_oct
33,4989.9733,mp_oct
33,4990.2736,mp_oct
27,4990.574,mp_oct
39,4990.8743,mp_oct
27,4991.1747,mp_oct
39,4991.4749,mp_oct
39,4991.7753,mp_oct
7,4992.0756,mp_oct
7,4992.3759,mp_oct
36,4992.6762,mp_oct
31,4992.9766,mp_oct
31,4993.2769,mp_oct
36,4993.5772,mp_oct
31,4993.8776,mp_oct
31,4994.1779,mp_oct
31,4994.4782,mp_oct
31,4994.7786,mp_oct
7,4995.0789,mp_oct
1,4995.3792,mp_oct
31,4995.6795,mp_oct
50,4995.9799,mp_oct
30,4996.2802,mp_oct
32,4996.5805,mp_oct
32,4996.8808,mp_oct
27,4997.1812,mp_oct
27,4997.4815,mp_oct
27,4997.7818,mp_oct
27,4998.0822,mp_oct
27,4998.3826,mp_oct
44,4998.6828,mp_oct
44,4998.9832,mp_oct
44,4999.2835,mp_oct
44,4999.5838,mp_oct
33,4999.8842,mp_oct
44,5000.1845,mp_oct
33,5000.4848,mp_oct
36,5000.7852,mp_oct
27,5001.0855,mp_oct
33,5001.3859,mp_oct
36,5001.6862,mp_oct
33,5001.9865,mp_oct
27,5002.2868,mp_oct
36,5002.5872,mp_oct
27,5002.8875,mp_oct
37,5003.1878,mp_oct
30,5003.4882,mp_oct
33,5003.7885,mp_oct
27,5004.0888,mp_oct
27,5004.3892,mp_oct
37,5004.6895,mp_oct
28,5004.9898,mp_oct
36,5005.2901,mp_oct
36,5005.5905,mp_oct
27,5005.8908,mp_oct
27,5006.1911,mp_oct
33,5006.4915,mp_oct
30,5006.7918,mp_oct
40,5007.0922,mp_oct
37,5007.3924,mp_oct
37,5007.6928,mp_oct
37,5007.9931,mp_oct
27,5008.2934,mp_oct
44,5008.5938,mp_oct
35,5008.8941,mp_oct
35,5009.1944,mp_oct
44,5009.4948,mp_oct
26,5009.7951,mp_oct
29,5010.0954,mp_oct
38,5010.3957,mp_oct
2,5010.6961,mp_oct
29,5010.9964,mp_oct
34,5011.2967,mp_oct
50,5011.5971,mp_oct
50,5011.8974,mp_oct
50,5012.1977,mp_oct
41,5012.498,mp_oct
41,5012.7983,mp_oct
41,5013.0987,mp_oct
41,5013.399,mp_oct
41,5013.6994,mp_oct
6,5013.9996,mp_oct
43,5014.3,mp_oct
46,5014.6004,mp_oct
46,5014.9007,mp_oct
46,5015.201,mp_oct
44,5015.5014,mp_oct
44,5015.8017,mp_oct
32,5016.102,mp_oct
29,5016.4024,mp_oct
1,5016.7027,mp_oct
1,5017.003,mp_oct
32,5017.3034,mp_oct
48,5017.6037,mp_oct
39,5017.904,mp_oct
36,5018.2043,mp_oct
31,5018.5047,mp_oct
36,5018.805,mp_oct
48,5019.1053,mp_oct
38,5019.4056,mp_oct
30,5019.706,mp_oct
40,5020.0063,mp_oct
38,5020.3067,mp_oct
38,5020.607,mp_oct
29,5020.9073,mp_oct
29,5021.2076,mp_oct
29,5021.5079,mp_oct
46,5021.8083,mp_oct
46,5022.1086,mp_oct
43,5022.409,mp_oct
43,5022.7093,mp_oct
46,5023.0096,mp_oct
5,5023.31,mp_oct
45,5023.6102,mp_oct
43,5023.9106,mp_oct
43,5024.211,mp_oct
5,5024.5112,mp_oct
45,5024.8116,mp_oct
43,5025.1119,mp_oct
43,5025.4123,mp_oct
29,5025.7125,mp_oct
6,5026.0129,mp_oct
45,5026.3133,mp_oct
43,5026.6135,mp_oct
8,5026.9139,mp_oct
6,5027.2142,mp_oct
43,5027.5146,mp_oct
8,5027.8148,mp_oct
6,5028.1152,mp_oct
41,5028.4155,mp_oct
41,5028.7158,mp_oct
41,5029.0162,mp_oct
34,5029.3165,mp_oct
8,5029.6169,mp_oct
45,5029.9172,mp_oct
45,5030.2175,mp_oct
6,5030.5179,mp_oct
46,5030.8182,mp_oct
43,5031.1185,mp_oct
5,5031.4188,mp_oct
41,5031.7191,mp_oct
41,5032.0195,mp_oct
6,5032.3198,mp_oct
41,5032.6202,mp_oct
41,5032.9205,mp_oct
41,5033.2208,mp_oct
45,5033.5212,mp_oct
43,5033.824,mp_oct
35,5034.1218,mp_oct
35,5034.4221,mp_oct
44,5034.7225,mp_oct
44,5035.0228,mp_oct
26,5035.3232,mp_oct
26,5035.6235,mp_oct
29,5035.9238,mp_oct
43,5036.2241,mp_oct
43,5036.5244,mp_oct
34,5036.8248,mp_oct
43,5037.1251,mp_oct
34,5037.4254,mp_oct
8,5037.7257,mp_oct
29,5038.0261,mp_oct
1,5038.3264,mp_oct
32,5038.6268,mp_oct
29,5038.9271,mp_oct
29,5039.2274,mp_oct
32,5039.5277,mp_oct
29,5039.8281,mp_oct
46,5040.1284,mp_oct
46,5040.4287,mp_oct
43,5040.7291,mp_oct
29,5041.0294,mp_oct
34,5041.3298,mp_oct
5,5041.6301,mp_oct
47,5041.9304,mp_oct
8,5042.2308,mp_oct
43,5042.531,mp_oct
43,5042.8314,mp_oct
46,5043.1317,mp_oct
43,5043.432,mp_oct
46,5043.7324,mp_oct
32,5044.0327,mp_oct
48,5044.3331,mp_oct
30,5044.9337,mp_oct
49,5045.2341,mp_oct
49,5045.5343,mp_oct
40,5045.8347,mp_oct
49,5046.135,mp_oct
49,5046.4354,mp_oct
49,5046.7357,mp_oct
49,5047.036,mp_oct
30,5047.3364,mp_oct
32,5047.6367,mp_oct
29,5047.937,mp_oct
29,5048.2373,mp_oct
8,5048.5377,mp_oct
45,5048.838,mp_oct
50,5049.1383,mp_oct
30,5049.4387,mp_oct
5,5049.7389,mp_oct
29,5050.0393,mp_oct
8,5050.3396,mp_oct
46,5050.6399,mp_oct
43,5050.9403,mp_oct
43,5051.2406,mp_oct
46,5051.541,mp_oct
35,5051.8413,mp_oct
26,5052.1416,mp_oct
2,5052.442,mp_oct
38,5052.7422,mp_oct
26,5053.0426,mp_oct
44,5053.3429,mp_oct
44,5053.6433,mp_oct
32,5053.9436,mp_oct
39,5054.2439,mp_oct
39,5054.5443,mp_oct
32,5054.8446,mp_oct
32,5055.1449,mp_oct
32,5055.4453,mp_oct
32,5055.7456,mp_oct
39,5056.0459,mp_oct
39,5056.3462,mp_oct
39,5056.6466,mp_oct
39,5056.9469,mp_oct
39,5057.2472,mp_oct
48,5057.5476,mp_oct
32,5057.8479,mp_oct
1,5058.1483,mp_oct
36,5058.4485,mp_oct
36,5058.7489,mp_oct
29,5059.0492,mp_oct
32,5059.3496,mp_oct
48,5059.6499,mp_oct
34,5059.9502,mp_oct
50,5060.2505,mp_oct
50,5060.5508,mp_oct
5,5060.8512,mp_oct
32,5061.1515,mp_oct
32,5061.4519,mp_oct
27,5061.7522,mp_oct
33,5062.0525,mp_oct
27,5062.3528,mp_oct
27,5062.6532,mp_oct
37,5062.9534,mp_oct
37,5063.2538,mp_oct
37,5063.5542,mp_oct
40,5063.8545,mp_oct
30,5064.1548,mp_oct
27,5064.4551,mp_oct
27,5064.7555,mp_oct
39,5065.0559,mp_oct
39,5065.3562,mp_oct
7,5065.6564,mp_oct
7,5065.9568,mp_oct
7,5066.2571,mp_oct
7,5066.5575,mp_oct
9,5066.8578,mp_oct
1,5067.1581,mp_oct
29,5067.4585,mp_oct
4,5067.7588,mp_oct
2,5068.0591,mp_oct
50,5068.3595,mp_oct
50,5068.6598,mp_oct
45,5068.9601,mp_oct
8,5069.2604,mp_oct
46,5069.5607,mp_oct
46,5069.8611,mp_oct
32,5070.1614,mp_oct
32,5070.4618,mp_oct
48,5070.762,mp_oct
33,5071.0624,mp_oct
30,5071.3628,mp_oct
37,5071.6631,mp_oct
40,5071.9634,mp_oct
40,5072.2637,mp_oct
40,5072.5641,mp_oct
40,5072.8644,mp_oct
40,5073.1647,mp_oct
40,5073.4651,mp_oct
40,5073.7653,mp_oct
40,5074.0657,mp_oct
37,5074.366,mp_oct
44,5074.6664,mp_oct
33,5074.9667,mp_oct
39,5075.267,mp_oct
39,5075.5673,mp_oct
39,5075.8676,mp_oct
31,5076.168,mp_oct
36,5076.4683,mp_oct
7,5076.7686,mp_oct
7,5077.069,mp_oct
9,5077.3693,mp_oct
4,5077.6696,mp_oct
32,5077.97,mp_oct
48,5078.2703,mp_oct
2,5078.5707,mp_oct
36,5078.871,mp_oct
38,5079.1713,mp_oct
33,5079.4716,mp_oct
44,5079.772,mp_oct
37,5080.0723,mp_oct
40,5080.3726,mp_oct
30,5080.673,mp_oct
33,5080.9733,mp_oct
40,5081.2736,mp_oct
37,5081.574,mp_oct
33,5081.8743,mp_oct
37,5082.1746,mp_oct
40,5082.4749,mp_oct
38,5082.7753,mp_oct
44,5083.0756,mp_oct
27,5083.3759,mp_oct
27,5083.6763,mp_oct
27,5083.9766,mp_oct
33,5084.277,mp_oct
30,5084.5772,mp_oct
27,5084.8776,mp_oct
39,5085.1779,mp_oct
39,5085.4782,mp_oct
39,5085.7786,mp_oct
7,5086.0788,mp_oct
7,5086.3792,mp_oct
7,5086.6795,mp_oct
7,5086.9798,mp_oct
7,5087.2802,mp_oct
7,5087.5805,mp_oct
7,5087.8808,mp_oct
7,5088.1812,mp_oct
9,5088.4815,mp_oct
32,5088.7818,mp_oct
46,5089.0822,mp_oct
46,5089.3825,mp_oct
43,5089.6828,mp_oct
43,5089.9832,mp_oct
3,5090.2835,mp_oct
8,5090.5838,mp_oct
8,5090.8841,mp_oct
3,5091.1845,mp_oct
3,5091.4848,mp_oct
3,5091.7852,mp_oct
3,5092.0854,mp_oct
8,5092.3857,mp_oct
5,5092.6861,mp_oct
45,5092.9865,mp_oct
8,5093.2868,mp_oct
8,5093.5871,mp_oct
34,5093.8874,mp_oct
45,5094.1878,mp_oct
41,5094.4881,mp_oct
34,5094.7884,mp_oct
46,5095.0888,mp_oct
4,5095.3891,mp_oct
2,5095.6893,mp_oct
4,5095.9897,mp_oct
9,5096.29,mp_oct
9,5096.5904,mp_oct
47,5096.8908,mp_oct
47,5097.191,mp_oct
7,5097.4914,mp_oct
7,5097.7917,mp_oct
9,5098.092,mp_oct
30,5098.3923,mp_oct
50,5098.6927,mp_oct
50,5098.9931,mp_oct
50,5099.2933,mp_oct
50,5099.5937,mp_oct
50,5099.894,mp_oct
50,5100.1943,mp_oct
50,5100.4947,mp_oct
50,5100.795,mp_oct
50,5101.0953,mp_oct
50,5101.3957,mp_oct
50,5101.696,mp_oct
50,5101.9963,mp_oct
50,5102.2966,mp_oct
50,5102.597,mp_oct
50,5102.8972,mp_oct
2,5103.1977,mp_oct
29,5103.498,mp_oct
4,5103.7983,mp_oct
4,5104.0987,mp_oct
4,5104.399,mp_oct
9,5104.6993,mp_oct
9,5104.9996,mp_oct
39,5105.3,mp_oct
39,5105.6003,mp_oct
39,5105.9006,mp_oct
27,5106.201,mp_oct
27,5106.5012,mp_oct
27,5106.8016,mp_oct
37,5107.102,mp_oct
37,5107.4023,mp_oct
33,5107.7026,mp_oct
39,5108.0029,mp_oct
39,5108.3033,mp_oct
7,5108.6036,mp_oct
7,5108.9038,mp_oct
7,5109.2042,mp_oct
48,5109.5046,mp_oct
47,5109.8049,mp_oct
47,5110.1052,mp_oct
7,5110.4055,mp_oct
1,5110.7059,mp_oct
47,5111.0062,mp_oct
49,5111.3065,mp_oct
30,5111.6068,mp_oct
48,5111.9072,mp_oct
29,5112.2075,mp_oct
29,5112.5079,mp_oct
29,5112.8082,mp_oct
43,5113.1085,mp_oct
8,5113.4088,mp_oct
6,5113.7092,mp_oct
8,5114.0095,mp_oct
8,5114.3099,mp_oct
29,5114.6101,mp_oct
29,5114.9105,mp_oct
43,5115.2108,mp_oct
43,5115.5111,mp_oct
46,5115.8115,mp_oct
46,5116.1118,mp_oct
46,5116.4121,mp_oct
46,5116.7124,mp_oct
46,5117.0128,mp_oct
46,5117.3132,mp_oct
46,5117.6134,mp_oct
46,5117.9138,mp_oct
46,5118.2141,mp_oct
46,5118.5145,mp_oct
43,5118.8148,mp_oct
32,5119.1151,mp_oct
43,5119.4155,mp_oct
32,5119.7158,mp_oct
46,5120.0161,mp_oct
32,5120.3164,mp_oct
46,5120.6168,mp_oct
46,5120.9171,mp_oct
32,5121.2174,mp_oct
46,5121.5177,mp_oct
46,5121.818,mp_oct
46,5122.1184,mp_oct
46,5122.4187,mp_oct
46,5122.719,mp_oct
46,5123.0194,mp_oct
46,5123.3197,mp_oct
43,5123.62,mp_oct
29,5123.9204,mp_oct
46,5124.2207,mp_oct
29,5124.521,mp_oct
46,5124.8213,mp_oct
43,5125.1216,mp_oct
43,5125.422,mp_oct
29,5125.7223,mp_oct
32,5126.0227,mp_oct
29,5126.323,mp_oct
47,5126.6233,mp_oct
32,5126.9236,mp_oct
29,5127.224,mp_oct
29,5127.5243,mp_oct
29,5127.8247,mp_oct
8,5128.125,mp_oct
26,5128.4252,mp_oct
35,5128.7256,mp_oct
26,5129.026,mp_oct
26,5129.3263,mp_oct
17,5129.6266,mp_oct
19,5129.9269,mp_oct
35,5130.2273,mp_oct
35,5130.5276,mp_oct
35,5130.8279,mp_oct
5,5131.1283,mp_oct
35,5131.4286,mp_oct
26,5131.7289,mp_oct
35,5132.0292,mp_oct
43,5132.3295,mp_oct
43,5132.6299,mp_oct
43,5132.9302,mp_oct
43,5133.2305,mp_oct
43,5133.5308,mp_oct
43,5133.8312,mp_oct
46,5134.1315,mp_oct
46,5134.4318,mp_oct
46,5134.7322,mp_oct
29,5135.0325,mp_oct
43,5135.3329,mp_oct
46,5135.6332,mp_oct
43,5135.9335,mp_oct
46,5136.2339,mp_oct
29,5136.5341,mp_oct
43,5136.8345,mp_oct
43,5137.1348,mp_oct
8,5137.4351,mp_oct
8,5137.7355,mp_oct
46,5138.0358,mp_oct
29,5138.337,mp_oct
46,5138.6364,mp_oct
8,5138.9367,mp_oct
29,5139.2371,mp_oct
43,5139.5375,mp_oct
8,5139.8378,mp_oct
8,5140.1381,mp_oct
43,5140.4384,mp_oct
8,5140.7388,mp_oct
5,5141.0391,mp_oct
6,5141.3394,mp_oct
43,5141.6397,mp_oct
5,5141.94,mp_oct
8,5142.2404,mp_oct
46,5142.5407,mp_oct
6,5142.8411,mp_oct
35,5143.1414,mp_oct
2,5143.4417,mp_oct
41,5143.742,mp_oct
38,5144.0423,mp_oct
26,5144.3427,mp_oct
29,5144.643,mp_oct
32,5144.9434,mp_oct
32,5145.2437,mp_oct
32,5145.544,mp_oct
32,5145.8444,mp_oct
32,5146.1447,mp_oct
32,5146.445,mp_oct
29,5146.7453,mp_oct
50,5147.0456,mp_oct
2,5147.346,mp_oct
32,5147.6472,mp_oct
29,5147.9467,mp_oct
1,5148.247,mp_oct
2,5148.5473,mp_oct
29,5148.8476,mp_oct
32,5149.148,mp_oct
29,5149.4483,mp_oct
43,5149.7486,mp_oct
43,5150.049,mp_oct
43,5150.3492,mp_oct
8,5150.6496,mp_oct
29,5150.95,mp_oct
32,5151.2502,mp_oct
29,5151.5506,mp_oct
29,5151.8509,mp_oct
43,5152.1512,mp_oct
46,5152.4516,mp_oct
46,5152.7519,mp_oct
43,5153.0522,mp_oct
8,5153.3525,mp_oct
46,5153.6529,mp_oct
29,5153.9532,mp_oct
8,5154.2535,mp_oct
46,5154.5538,mp_oct
29,5154.8542,mp_oct
29,5155.1545,mp_oct
36,5155.4548,mp_oct
30,5155.7552,mp_oct
48,5156.0555,mp_oct
30,5156.3558,mp_oct
29,5156.6562,mp_oct
29,5156.9573,mp_oct
29,5157.2568,mp_oct
29,5157.5572,mp_oct
8,5157.8575,mp_oct
43,5158.1578,mp_oct
34,5158.4581,mp_oct
8,5158.7585,mp_oct
35,5159.0588,mp_oct
35,5159.3591,mp_oct
13,5159.6595,mp_oct
35,5159.9598,mp_oct
26,5160.2601,mp_oct
35,5160.5604,mp_oct
35,5160.8607,mp_oct
35,5161.1612,mp_oct
35,5161.4614,mp_oct
35,5161.7618,mp_oct
26,5162.062,mp_oct
38,5162.3624,mp_oct
46,5162.6628,mp_oct
8,5162.9631,mp_oct
5,5163.2634,mp_oct
50,5163.5637,mp_oct
50,5163.8641,mp_oct
45,5164.1644,mp_oct
43,5164.4647,mp_oct
34,5164.7651,mp_oct
45,5165.0653,mp_oct
6,5165.3657,mp_oct
6,5165.666,mp_oct
6,5165.9664,mp_oct
8,5166.2667,mp_oct
26,5166.567,mp_oct
34,5166.8673,mp_oct
19,5167.1677,mp_oct
34,5167.468,mp_oct
35,5167.7683,mp_oct
35,5168.0687,mp_oct
35,5168.369,mp_oct
35,5168.6693,mp_oct
24,5168.9697,mp_oct
24,5169.27,mp_oct
35,5169.5703,mp_oct
35,5169.8706,mp_oct
46,5170.1709,mp_oct
43,5170.4713,mp_oct
8,5170.7716,mp_oct
43,5171.0719,mp_oct
3,5171.3723,mp_oct
3,5171.6726,mp_oct
3,5171.9729,mp_oct
43,5172.2733,mp_oct
46,5172.5786,mp_oct
43,5172.8739,mp_oct
46,5173.1743,mp_oct
29,5173.4745,mp_oct
32,5173.7749,mp_oct
1,5174.0752,mp_oct
34,5174.3756,mp_oct
1,5174.6759,mp_oct
1,5174.9762,mp_oct
37,5175.2765,mp_oct
28,5175.5769,mp_oct
40,5175.8772,mp_oct
28,5176.1776,mp_oct
28,5176.4779,mp_oct
37,5176.7782,mp_oct
28,5177.0785,mp_oct
28,5177.3788,mp_oct
28,5177.6791,mp_oct
28,5177.9795,mp_oct
38,5178.2798,mp_oct
28,5178.5802,mp_oct
28,5178.8804,mp_oct
33,5179.1808,mp_oct
35,5179.4811,mp_oct
38,5179.7815,mp_oct
2,5180.0818,mp_oct
40,5180.3821,mp_oct
28,5180.6824,mp_oct
2,5180.9828,mp_oct
28,5181.2831,mp_oct
50,5181.5835,mp_oct
50,5181.8838,mp_oct
37,5182.184,mp_oct
38,5182.4844,mp_oct
35,5182.7847,mp_oct
35,5183.085,mp_oct
46,5183.3854,mp_oct
46,5183.6857,mp_oct
46,5183.9861,mp_oct
46,5184.2864,mp_oct
35,5184.5868,mp_oct
35,5184.8871,mp_oct
33,5185.1873,mp_oct
38,5185.4877,mp_oct
37,5185.7881,mp_oct
28,5186.0884,mp_oct
38,5186.3886,mp_oct
2,5186.6891,mp_oct
33,5186.9893,mp_oct
38,5187.2897,mp_oct
1,5187.59,mp_oct
38,5187.8904,mp_oct
38,5188.1907,mp_oct
26,5188.491,mp_oct
44,5188.7913,mp_oct
33,5189.0916,mp_oct
33,5189.392,mp_oct
37,5189.6923,mp_oct
30,5189.9926,mp_oct
30,5190.293,mp_oct
2,5190.5933,mp_oct
30,5190.8937,mp_oct
30,5191.194,mp_oct
30,5191.4943,mp_oct
2,5191.7946,mp_oct
32,5192.0949,mp_oct
48,5192.3953,mp_oct
29,5192.6956,mp_oct
29,5192.996,mp_oct
34,5193.2963,mp_oct
30,5193.5966,mp_oct
29,5193.8969,mp_oct
32,5194.1972,mp_oct
29,5194.4975,mp_oct
32,5194.7979,mp_oct
32,5195.0982,mp_oct
1,5195.3986,mp_oct
2,5195.6989,mp_oct
5,5195.9992,mp_oct
1,5196.2995,mp_oct
50,5196.5999,mp_oct
40,5196.9002,mp_oct
28,5197.2005,mp_oct
2,5197.5009,mp_oct
29,5197.8012,mp_oct
29,5198.1015,mp_oct
8,5198.4018,mp_oct
34,5198.7021,mp_oct
41,5199.0025,mp_oct
45,5199.3028,mp_oct
41,5199.6031,mp_oct
34,5199.9035,mp_oct
43,5200.2038,mp_oct
8,5200.5041,mp_oct
34,5200.8045,mp_oct
8,5201.1048,mp_oct
5,5201.4051,mp_oct
29,5201.7055,mp_oct
43,5202.0058,mp_oct
43,5202.3061,mp_oct
43,5202.6064,mp_oct
29,5202.9068,mp_oct
43,5203.2071,mp_oct
46,5203.5074,mp_oct
43,5203.8077,mp_oct
43,5204.1081,mp_oct
46,5204.4084,mp_oct
29,5204.7087,mp_oct
46,5205.0091,mp_oct
29,5205.3094,mp_oct
46,5205.6097,mp_oct
5,5205.9109,mp_oct
29,5206.2104,mp_oct
9,5206.5107,mp_oct
1,5206.811,mp_oct
30,5207.1114,mp_oct
49,5207.4117,mp_oct
49,5207.712,mp_oct
2,5208.0124,mp_oct
32,5208.3127,mp_oct
8,5208.613,mp_oct
46,5208.9134,mp_oct
47,5209.2137,mp_oct
28,5209.514,mp_oct
35,5209.8143,mp_oct
35,5210.1147,mp_oct
32,5210.415,mp_oct
29,5210.7153,mp_oct
46,5211.0156,mp_oct
29,5211.316,mp_oct
32,5211.6163,mp_oct
9,5211.9166,mp_oct
29,5212.217,mp_oct
29,5212.5173,mp_oct
46,5212.8176,mp_oct
46,5213.1179,mp_oct
43,5213.4183,mp_oct
43,5213.7186,mp_oct
29,5214.0189,mp_oct
43,5214.3193,mp_oct
43,5214.6196,mp_oct
35,5214.9199,mp_oct
35,5215.2203,mp_oct
35,5215.5206,mp_oct
29,5215.8209,mp_oct
46,5216.1212,mp_oct
8,5216.4216,mp_oct
8,5216.7219,mp_oct
34,5217.0222,mp_oct
8,5217.3225,mp_oct
29,5217.6228,mp_oct
43,5217.9232,mp_oct
43,5218.2236,mp_oct
46,5218.5239,mp_oct
43,5218.8242,mp_oct
8,5219.1245,mp_oct
47,5219.4248,mp_oct
6,5219.7252,mp_oct
5,5220.0255,mp_oct
8,5220.3259,mp_oct
34,5220.6261,mp_oct
5,5220.9265,mp_oct
6,5221.2268,mp_oct
34,5221.5271,mp_oct
6,5221.8275,mp_oct
8,5222.1278,mp_oct
43,5222.4281,mp_oct
43,5222.7284,mp_oct
46,5223.0288,mp_oct
43,5223.3291,mp_oct
43,5223.6294,mp_oct
43,5223.9298,mp_oct
46,5224.2301,mp_oct
46,5224.5304,mp_oct
43,5224.8308,mp_oct
46,5225.1311,mp_oct
43,5225.4314,mp_oct
46,5225.7317,mp_oct
46,5226.0321,mp_oct
35,5226.3324,mp_oct
26,5226.6328,mp_oct
38,5226.933,mp_oct
35,5227.2334,mp_oct
26,5227.5338,mp_oct
8,5227.834,mp_oct
43,5228.1343,mp_oct
43,5228.4347,mp_oct
43,5228.735,mp_oct
29,5229.0353,mp_oct
30,5229.3357,mp_oct
2,5229.636,mp_oct
46,5229.9363,mp_oct
46,5230.2367,mp_oct
29,5230.537,mp_oct
46,5230.8373,mp_oct
35,5231.1376,mp_oct
35,5231.438,mp_oct
35,5231.7383,mp_oct
26,5232.0387,mp_oct
2,5232.339,mp_oct
50,5232.6392,mp_oct
2,5232.9396,mp_oct
8,5233.24,mp_oct
34,5233.5403,mp_oct
5,5233.8406,mp_oct
43,5234.1409,mp_oct
46,5234.4412,mp_oct
29,5234.7416,mp_oct
5,5235.0419,mp_oct
46,5235.3422,mp_oct
43,5235.6426,mp_oct
43,5235.9428,mp_oct
43,5236.2432,mp_oct
43,5236.5436,mp_oct
43,5236.8439,mp_oct
43,5237.1442,mp_oct
46,5237.4445,mp_oct
46,5237.7449,mp_oct
43,5238.0452,mp_oct
46,5238.3455,mp_oct
46,5238.6458,mp_oct
46,5238.9462,mp_oct
43,5239.2465,mp_oct
46,5239.5469,mp_oct
43,5239.8471,mp_oct
8,5240.1475,mp_oct
43,5240.4478,mp_oct
43,5240.7482,mp_oct
2,5241.0484,mp_oct
8,5241.3488,mp_oct
29,5241.6491,mp_oct
46,5241.9495,mp_oct
43,5242.2498,mp_oct
8,5242.5501,mp_oct
46,5242.8504,mp_oct
6,5243.1508,mp_oct
6,5243.4511,mp_oct
45,5243.7514,mp_oct
6,5244.0517,mp_oct
46,5244.3521,mp_oct
46,5244.6524,mp_oct
43,5244.9527,mp_oct
43,5245.2531,mp_oct
43,5245.5534,mp_oct
43,5245.8537,mp_oct
46,5246.154,mp_oct
29,5246.4543,mp_oct
46,5246.7547,mp_oct
34,5247.0551,mp_oct
2,5247.3553,mp_oct
41,5247.6557,mp_oct
43,5247.956,mp_oct
41,5248.2563,mp_oct
45,5248.5567,mp_oct
45,5248.857,mp_oct
43,5249.1573,mp_oct
43,5249.4576,mp_oct
46,5249.758,mp_oct
46,5250.0583,mp_oct
46,5250.3587,mp_oct
29,5250.6589,mp_oct
32,5250.9593,mp_oct
29,5251.2596,mp_oct
46,5251.5599,mp_oct
5,5251.8603,mp_oct
34,5252.1606,mp_oct
43,5252.461,mp_oct
43,5252.7613,mp_oct
43,5253.0616,mp_oct
43,5253.362,mp_oct
43,5253.6622,mp_oct
8,5253.9626,mp_oct
46,5254.2629,mp_oct
46,5254.5633,mp_oct
35,5254.8636,mp_oct
32,5255.1639,mp_oct
32,5255.4642,mp_oct
32,5255.7646,mp_oct
32,5256.0649,mp_oct
1,5256.3652,mp_oct
30,5256.6656,mp_oct
37,5256.9659,mp_oct
2,5257.2662,mp_oct
30,5257.5666,mp_oct
2,5257.8669,mp_oct
49,5258.1672,mp_oct
49,5258.4676,mp_oct
30,5258.7678,mp_oct
29,5259.0682,mp_oct
32,5259.3685,mp_oct
32,5259.6688,mp_oct
29,5259.9692,mp_oct
32,5260.2696,mp_oct
30,5260.5699,mp_oct
40,5260.8702,mp_oct
49,5261.1705,mp_oct
2,5261.4709,mp_oct
30,5261.7712,mp_oct
50,5262.0715,mp_oct
2,5262.3718,mp_oct
50,5262.6721,mp_oct
28,5262.9725,mp_oct
38,5263.2728,mp_oct
29,5263.5732,mp_oct
29,5263.8734,mp_oct
43,5264.1738,mp_oct
46,5264.4741,mp_oct
29,5264.7745,mp_oct
35,5265.0748,mp_oct
43,5265.3751,mp_oct
46,5265.6754,mp_oct
2,5265.9758,mp_oct
6,5266.2761,mp_oct
41,5266.5764,mp_oct
45,5266.8767,mp_oct
45,5267.1771,mp_oct
45,5267.4774,mp_oct
34,5267.7777,mp_oct
6,5268.0781,mp_oct
45,5268.3784,mp_oct
34,5268.6788,mp_oct
46,5268.9791,mp_oct
46,5269.2794,mp_oct
46,5269.5797,mp_oct
5,5269.88,mp_oct
2,5270.1804,mp_oct
50,5270.4807,mp_oct
41,5270.781,mp_oct
45,5271.0813,mp_oct
43,5271.3817,mp_oct
8,5271.682,mp_oct
41,5271.9823,mp_oct
41,5272.2827,mp_oct
8,5272.583,mp_oct
8,5272.8833,mp_oct
6,5273.1837,mp_oct
45,5273.484,mp_oct
5,5273.7843,mp_oct
6,5274.0847,mp_oct
8,5274.385,mp_oct
46,5274.6854,mp_oct
46,5274.9856,mp_oct
43,5275.286,mp_oct
43,5275.5863,mp_oct
8,5275.8867,mp_oct
46,5276.187,mp_oct
8,5276.4873,mp_oct
43,5276.7876,mp_oct
46,5277.0879,mp_oct
43,5277.3883,mp_oct
43,5277.6886,mp_oct
43,5277.9889,mp_oct
43,5278.2892,mp_oct
29,5278.5896,mp_oct
43,5278.8899,mp_oct
29,5279.1903,mp_oct
46,5279.4906,mp_oct
43,5279.7909,mp_oct
46,5280.0912,mp_oct
46,5280.3916,mp_oct
43,5280.6919,mp_oct
29,5280.9923,mp_oct
46,5281.2925,mp_oct
32,5281.5929,mp_oct
32,5281.8932,mp_oct
32,5282.1936,mp_oct
32,5282.4939,mp_oct
32,5282.7942,mp_oct
32,5283.0945,mp_oct
29,5283.3949,mp_oct
46,5283.6952,mp_oct
29,5283.9955,mp_oct
46,5284.2958,mp_oct
29,5284.5962,mp_oct
30,5284.8965,mp_oct
30,5285.1968,mp_oct
46,5285.4972,mp_oct
46,5285.7975,mp_oct
43,5286.0979,mp_oct
34,5286.3981,mp_oct
6,5286.6985,mp_oct
6,5286.9988,mp_oct
41,5287.2991,mp_oct
34,5287.5995,mp_oct
5,5287.8998,mp_oct
45,5288.2001,mp_oct
6,5288.5005,mp_oct
34,5288.8008,mp_oct
12,5289.1012,mp_oct
35,5289.4014,mp_oct
26,5289.7018,mp_oct
35,5290.0021,mp_oct
35,5290.3025,mp_oct
35,5290.6028,mp_oct
35,5290.9031,mp_oct
35,5291.2035,mp_oct
29,5291.5038,mp_oct
5,5291.804,mp_oct
30,5292.1044,mp_oct
50,5292.4047,mp_oct
2,5292.7051,mp_oct
43,5293.0054,mp_oct
34,5293.3057,mp_oct
43,5293.606,mp_oct
6,5293.9064,mp_oct
5,5294.2067,mp_oct
8,5294.5071,mp_oct
5,5294.8074,mp_oct
8,5295.1077,mp_oct
46,5295.408,mp_oct
29,5295.7084,mp_oct
2,5296.0086,mp_oct
29,5296.309,mp_oct
29,5296.6094,mp_oct
43,5296.9097,mp_oct
6,5297.21,mp_oct
5,5297.5103,mp_oct
43,5297.8107,mp_oct
4,5298.111,mp_oct
47,5298.4113,mp_oct
49,5298.7116,mp_oct
47,5299.012,mp_oct
29,5299.3123,mp_oct
8,5299.6126,mp_oct
29,5299.9129,mp_oct
2,5300.2133,mp_oct
34,5300.5137,mp_oct
8,5300.814,mp_oct
47,5301.1142,mp_oct
43,5301.4146,mp_oct
43,5301.7149,mp_oct
29,5302.0153,mp_oct
35,5302.3156,mp_oct
35,5302.616,mp_oct
26,5302.9163,mp_oct
29,5303.2165,mp_oct
29,5303.517,mp_oct
29,5303.8173,mp_oct
6,5304.1175,mp_oct
46,5304.4179,mp_oct
29,5304.7182,mp_oct
34,5305.0194,mp_oct
43,5305.3189,mp_oct
8,5305.6192,mp_oct
43,5305.9196,mp_oct
29,5306.2199,mp_oct
29,5306.5202,mp_oct
29,5306.8205,mp_oct
8,5307.1208,mp_oct
6,5307.4212,mp_oct
5,5307.7215,mp_oct
8,5308.0218,mp_oct
6,5308.3221,mp_oct
41,5308.6225,mp_oct
5,5308.9228,mp_oct
8,5309.2232,mp_oct
45,5309.5235,mp_oct
41,5309.8239,mp_oct
43,5310.1242,mp_oct
38,5310.4245,mp_oct
11,5310.7248,mp_oct
45,5311.0252,mp_oct
28,5311.3255,mp_oct
8,5311.6258,mp_oct
43,5311.9261,mp_oct
34,5312.2265,mp_oct
45,5312.5268,mp_oct
8,5312.8271,mp_oct
41,5313.1274,mp_oct
41,5313.4278,mp_oct
26,5313.7281,mp_oct
35,5314.0284,mp_oct
38,5314.3288,mp_oct
40,5314.6291,mp_oct
40,5314.9294,mp_oct
41,5315.2297,mp_oct
42,5315.53,mp_oct
41,5315.8304,mp_oct
45,5316.1308,mp_oct
13,5316.4311,mp_oct
46,5316.7314,mp_oct
43,5317.0317,mp_oct
30,5317.332,mp_oct
5,5317.6324,mp_oct
29,5317.9327,mp_oct
48,5318.233,mp_oct
39,5318.5333,mp_oct
36,5318.8337,mp_oct
36,5319.134,mp_oct
30,5319.4344,mp_oct
36,5319.7347,mp_oct
48,5320.035,mp_oct
32,5320.3362,mp_oct
29,5320.6357,mp_oct
32,5320.936,mp_oct
32,5321.2364,mp_oct
32,5321.5367,mp_oct
32,5321.837,mp_oct
32,5322.1373,mp_oct
32,5322.4377,mp_oct
32,5322.738,mp_oct
1,5323.0383,mp_oct
36,5323.3386,mp_oct
36,5323.639,mp_oct
30,5323.9393,mp_oct
30,5324.2397,mp_oct
36,5324.5399,mp_oct
39,5324.8403,mp_oct
1,5325.1406,mp_oct
30,5325.441,mp_oct
36,5325.7413,mp_oct
39,5326.0416,mp_oct
1,5326.342,mp_oct
48,5326.6423,mp_oct
32,5326.9426,mp_oct
30,5327.243,mp_oct
1,5327.5433,mp_oct
32,5327.8436,mp_oct
46,5328.1439,mp_oct
43,5328.4443,mp_oct
43,5328.7445,mp_oct
43,5329.0449,mp_oct
43,5329.3452,mp_oct
43,5329.6456,mp_oct
43,5329.9459,mp_oct
43,5330.2462,mp_oct
46,5330.5466,mp_oct
29,5330.8469,mp_oct
46,5331.1472,mp_oct
5,5331.4476,mp_oct
47,5331.7479,mp_oct
34,5332.0483,mp_oct
8,5332.3486,mp_oct
8,5332.6488,mp_oct
46,5332.9492,mp_oct
8,5333.2495,mp_oct
43,5333.5498,mp_oct
8,5333.8502,mp_oct
8,5334.1505,mp_oct
43,5334.4509,mp_oct
8,5334.7511,mp_oct
43,5335.0515,mp_oct
43,5335.3518,mp_oct
46,5335.6521,mp_oct
46,5335.9525,mp_oct
46,5336.2528,mp_oct
43,5336.5532,mp_oct
43,5336.8535,mp_oct
43,5337.1539,mp_oct
8,5337.4541,mp_oct
43,5337.7545,mp_oct
43,5338.0548,mp_oct
43,5338.3551,mp_oct
43,5338.6555,mp_oct
5,5338.9558,mp_oct
45,5339.2561,mp_oct
41,5339.5564,mp_oct
41,5339.8568,mp_oct
41,5340.1571,mp_oct
41,5340.4574,mp_oct
34,5340.7578,mp_oct
17,5341.058,mp_oct
17,5341.3585,mp_oct
13,5341.6587,mp_oct
12,5341.9591,mp_oct
35,5342.2594,mp_oct
6,5342.5597,mp_oct
41,5342.8601,mp_oct
6,5343.1604,mp_oct
28,5343.4607,mp_oct
42,5343.761,mp_oct
41,5344.0614,mp_oct
41,5344.3617,mp_oct
19,5344.662,mp_oct
41,5344.9624,mp_oct
42,5345.2627,mp_oct
42,5345.5631,mp_oct
5,5345.8634,mp_oct
8,5346.1636,mp_oct
6,5346.464,mp_oct
8,5346.7644,mp_oct
29,5347.0646,mp_oct
29,5347.365,mp_oct
32,5347.6653,mp_oct
1,5347.9657,mp_oct
30,5348.266,mp_oct
36,5348.5664,mp_oct
1,5348.8667,mp_oct
30,5349.167,mp_oct
48,5349.4673,mp_oct
29,5349.7677,mp_oct
1,5350.068,mp_oct
32,5350.3683,mp_oct
32,5350.6686,mp_oct
29,5350.9689,mp_oct
43,5351.2693,mp_oct
43,5351.5697,mp_oct
46,5351.8699,mp_oct
30,5352.1702,mp_oct
1,5352.4706,mp_oct
2,5352.7709,mp_oct
30,5353.0712,mp_oct
50,5353.3717,mp_oct
8,5353.6719,mp_oct
34,5353.9723,mp_oct
29,5354.2726,mp_oct
29,5354.5729,mp_oct
43,5354.8733,mp_oct
43,5355.1736,mp_oct
5,5355.4739,mp_oct
5,5355.7742,mp_oct
46,5356.0746,mp_oct
46,5356.3749,mp_oct
46,5356.6752,mp_oct
29,5356.9756,mp_oct
2,5357.8765,mp_oct
43,5358.4772,mp_oct
46,5358.7775,mp_oct
34,5359.0778,mp_oct
6,5359.3782,mp_oct
6,5359.6785,mp_oct
45,5359.9788,mp_oct
45,5360.2801,mp_oct
34,5360.5795,mp_oct
35,5360.8798,mp_oct
35,5361.1801,mp_oct
35,5361.4805,mp_oct
38,5361.7808,mp_oct
2,5362.0811,mp_oct
40,5362.3815,mp_oct
40,5362.6818,mp_oct
38,5362.9821,mp_oct
35,5363.2825,mp_oct
35,5363.5828,mp_oct
35,5363.8831,mp_oct
35,5364.1834,mp_oct
38,5364.4838,mp_oct
6,5364.7842,mp_oct
28,5365.0844,mp_oct
19,5365.3848,mp_oct
19,5365.6851,mp_oct
19,5365.9854,mp_oct
45,5366.2858,mp_oct
10,5366.5861,mp_oct
43,5366.8864,mp_oct
43,5367.1868,mp_oct
43,5367.4871,mp_oct
43,5367.7874,mp_oct
43,5368.0877,mp_oct
8,5368.3881,mp_oct
46,5368.6884,mp_oct
46,5368.9888,mp_oct
46,5369.2891,mp_oct
8,5369.5894,mp_oct
48,5369.8897,mp_oct
29,5370.19,mp_oct
32,5370.4904,mp_oct
29,5370.7907,mp_oct
29,5371.091,mp_oct
46,5371.3914,mp_oct
46,5371.6917,mp_oct
43,5371.992,mp_oct
43,5372.2924,mp_oct
43,5372.5927,mp_oct
43,5372.893,mp_oct
43,5373.1934,mp_oct
46,5373.4937,mp_oct
43,5373.794,mp_oct
43,5374.0943,mp_oct
46,5374.3947,mp_oct
46,5374.695,mp_oct
8,5374.9954,mp_oct
2,5375.2956,mp_oct
2,5375.596,mp_oct
5,5375.8964,mp_oct
46,5376.1966,mp_oct
46,5376.497,mp_oct
43,5376.7973,mp_oct
8,5377.0976,mp_oct
43,5377.398,mp_oct
5,5377.6983,mp_oct
5,5377.9986,mp_oct
43,5378.2989,mp_oct
43,5378.5993,mp_oct
8,5378.8996,mp_oct
8,5379.1999,mp_oct
5,5379.5003,mp_oct
6,5379.8006,mp_oct
45,5380.1009,mp_oct
34,5380.4012,mp_oct
45,5380.7016,mp_oct
41,5381.0019,mp_oct
5,5381.3023,mp_oct
46,5381.6026,mp_oct
35,5381.9029,mp_oct
26,5382.2032,mp_oct
38,5382.5035,mp_oct
28,5382.8039,mp_oct
28,5383.1043,mp_oct
29,5383.4046,mp_oct
46,5383.7049,mp_oct
46,5384.0052,mp_oct
43,5384.3056,mp_oct
32,5384.6059,mp_oct
32,5384.9062,mp_oct
32,5385.2066,mp_oct
32,5385.5069,mp_oct
32,5385.8072,mp_oct
48,5386.1076,mp_oct
1,5386.4078,mp_oct
31,5386.7082,mp_oct
39,5387.0085,mp_oct
32,5387.3088,mp_oct
32,5387.6092,mp_oct
32,5387.9095,mp_oct
48,5388.2099,mp_oct
32,5388.5102,mp_oct
39,5388.8105,mp_oct
30,5389.1108,mp_oct
36,5389.4111,mp_oct
37,5389.7115,mp_oct
49,5390.0118,mp_oct
40,5390.3122,mp_oct
49,5390.6124,mp_oct
37,5390.9128,mp_oct
36,5391.2131,mp_oct
48,5391.5135,mp_oct
39,5391.8138,mp_oct
30,5392.1141,mp_oct
48,5392.4144,mp_oct
32,5392.7148,mp_oct
30,5393.0151,mp_oct
2,5393.3155,mp_oct
50,5393.6158,mp_oct
28,5393.9161,mp_oct
29,5394.2164,mp_oct
29,5394.5168,mp_oct
48,5394.8171,mp_oct
48,5395.1173,mp_oct
48,5395.4178,mp_oct
32,5395.7181,mp_oct
32,5396.0184,mp_oct
34,5396.3187,mp_oct
45,5396.619,mp_oct
45,5396.9195,mp_oct
38,5397.2197,mp_oct
26,5397.5201,mp_oct
38,5397.8204,mp_oct
35,5398.1207,mp_oct
33,5398.4211,mp_oct
28,5398.7214,mp_oct
38,5399.0218,mp_oct
26,5399.322,mp_oct
44,5399.6224,mp_oct
32,5399.9227,mp_oct
1,5400.223,mp_oct
49,5400.5234,mp_oct
38,5400.8237,mp_oct
29,5401.124,mp_oct
29,5401.4243,mp_oct
48,5401.7247,mp_oct
46,5402.025,mp_oct
29,5402.3253,mp_oct
5,5402.6257,mp_oct
2,5402.926,mp_oct
50,5403.2263,mp_oct
50,5403.5267,mp_oct
6,5403.827,mp_oct
28,5404.1273,mp_oct
35,5404.4276,mp_oct
38,5404.728,mp_oct
35,5405.0283,mp_oct
26,5405.3286,mp_oct
29,5405.629,mp_oct
47,5405.9293,mp_oct
8,5406.8302,mp_oct
29,5407.1306,mp_oct
43,5407.4309,mp_oct
43,5407.7313,mp_oct
46,5408.0316,mp_oct
43,5408.3319,mp_oct
46,5408.6322,mp_oct
46,5408.9326,mp_oct
46,5409.2329,mp_oct
46,5409.5332,mp_oct
43,5409.8336,mp_oct
29,5410.1339,mp_oct
29,5410.4343,mp_oct
5,5410.7346,mp_oct
28,5411.0348,mp_oct
35,5411.3352,mp_oct
35,5411.6356,mp_oct
38,5411.9358,mp_oct
38,5412.2362,mp_oct
2,5412.5365,mp_oct
50,5412.8369,mp_oct
38,5413.1372,mp_oct
38,5413.4375,mp_oct
46,5413.7379,mp_oct
46,5414.0381,mp_oct
46,5414.3386,mp_oct
46,5414.6388,mp_oct
43,5414.9392,mp_oct
43,5415.2395,mp_oct
43,5415.5398,mp_oct
43,5415.8402,mp_oct
43,5416.1405,mp_oct
43,5416.4409,mp_oct
43,5416.7412,mp_oct
46,5417.0415,mp_oct
43,5417.3418,mp_oct
29,5417.6421,mp_oct
46,5417.9425,mp_oct
43,5418.2428,mp_oct
43,5418.5432,mp_oct
46,5418.8435,mp_oct
43,5419.1438,mp_oct
43,5419.4441,mp_oct
43,5419.7444,mp_oct
8,5420.0448,mp_oct
5,5420.3451,mp_oct
46,5420.6454,mp_oct
43,5420.9457,mp_oct
8,5421.2461,mp_oct
43,5421.5464,mp_oct
43,5421.8468,mp_oct
43,5422.147,mp_oct
43,5422.4475,mp_oct
46,5422.7478,mp_oct
46,5423.048,mp_oct
43,5423.3484,mp_oct
46,5423.6487,mp_oct
43,5423.9491,mp_oct
46,5424.2494,mp_oct
43,5424.5497,mp_oct
29,5424.8501,mp_oct
46,5425.1512,mp_oct
46,5425.4507,mp_oct
46,5425.751,mp_oct
43,5426.0514,mp_oct
29,5426.3516,mp_oct
46,5426.6521,mp_oct
8,5426.9524,mp_oct
8,5427.2527,mp_oct
8,5427.553,mp_oct
43,5427.8533,mp_oct
46,5428.1537,mp_oct
43,5428.454,mp_oct
46,5428.7543,mp_oct
43,5429.0547,mp_oct
43,5429.355,mp_oct
46,5429.6553,mp_oct
5,5429.9556,mp_oct
34,5430.256,mp_oct
41,5430.5564,mp_oct
43,5430.8566,mp_oct
45,5431.157,mp_oct
5,5431.4572,mp_oct
6,5431.7576,mp_oct
5,5432.0579,mp_oct
46,5432.3583,mp_oct
46,5432.6586,mp_oct
29,5432.959,mp_oct
5,5433.2593,mp_oct
8,5433.5596,mp_oct
8,5433.8599,mp_oct
32,5434.1603,mp_oct
36,5434.4606,mp_oct
1,5434.7609,mp_oct
30,5435.0613,mp_oct
36,5435.3616,mp_oct
29,5435.662,mp_oct
2,5435.9623,mp_oct
50,5436.2626,mp_oct
46,5436.5629,mp_oct
46,5436.8632,mp_oct
43,5437.1636,mp_oct
29,5437.4639,mp_oct
29,5437.7642,mp_oct
35,5438.0646,mp_oct
26,5438.3649,mp_oct
26,5438.6652,mp_oct
26,5438.9655,mp_oct
28,5439.2659,mp_oct
40,5439.5662,mp_oct
2,5439.8665,mp_oct
8,5440.1668,mp_oct
5,5440.4671,mp_oct
34,5440.7675,mp_oct
46,5441.0679,mp_oct
43,5441.3681,mp_oct
29,5441.6685,mp_oct
34,5441.9688,mp_oct
45,5442.2692,mp_oct
45,5442.5695,mp_oct
34,5442.8698,mp_oct
43,5443.1701,mp_oct
46,5443.4705,mp_oct
8,5443.7708,mp_oct
8,5444.0711,mp_oct
2,5444.3714,mp_oct
50,5444.6718,mp_oct
50,5444.9721,mp_oct
50,5445.2724,mp_oct
50,5445.5728,mp_oct
50,5445.8732,mp_oct
29,5446.1734,mp_oct
34,5446.4738,mp_oct
50,5446.7741,mp_oct
2,5447.0745,mp_oct
28,5447.3748,mp_oct
28,5447.6751,mp_oct
2,5447.9755,mp_oct
28,5448.2757,mp_oct
50,5448.5761,mp_oct
28,5448.8764,mp_oct
28,5449.1767,mp_oct
8,5449.4771,mp_oct
35,5449.7774,mp_oct
29,5450.0778,mp_oct
32,5450.3781,mp_oct
32,5450.6784,mp_oct
32,5450.9787,mp_oct
32,5451.279,mp_oct
32,5451.5794,mp_oct
32,5451.8797,mp_oct
32,5452.18,mp_oct
32,5452.4804,mp_oct
32,5452.7807,mp_oct
29,5453.081,mp_oct
4,5453.3813,mp_oct
46,5453.6817,mp_oct
48,5453.982,mp_oct
48,5454.2824,mp_oct
32,5454.5827,mp_oct
48,5454.883,mp_oct
32,5455.1833,mp_oct
32,5455.4837,mp_oct
32,5455.784,mp_oct
48,5456.0843,mp_oct
49,5456.3846,mp_oct
1,5456.685,mp_oct
48,5456.9853,mp_oct
48,5457.2856,mp_oct
7,5457.5859,mp_oct
7,5457.8863,mp_oct
7,5458.1866,mp_oct
36,5458.4869,mp_oct
7,5458.7873,mp_oct
9,5459.0876,mp_oct
9,5459.388,mp_oct
29,5459.6883,mp_oct
1,5459.9886,mp_oct
1,5460.2889,mp_oct
32,5460.5892,mp_oct
7,5460.8896,mp_oct
7,5461.1899,mp_oct
7,5461.4902,mp_oct
1,5461.7906,mp_oct
47,5462.0909,mp_oct
9,5462.3912,mp_oct
9,5462.6915,mp_oct
47,5462.9918,mp_oct
50,5463.2922,mp_oct
50,5463.5925,mp_oct
9,5463.8929,mp_oct
4,5464.1932,mp_oct
9,5464.4935,mp_oct
7,5464.7938,mp_oct
39,5465.0942,mp_oct
39,5465.3945,mp_oct
39,5465.6948,mp_oct
39,5465.9952,mp_oct
39,5466.2955,mp_oct
39,5466.5958,mp_oct
39,5466.8961,mp_oct
27,5467.1965,mp_oct
39,5467.4968,mp_oct
39,5467.7971,mp_oct
7,5468.0974,mp_oct
7,5468.3978,mp_oct
7,5468.6981,mp_oct
7,5468.9985,mp_oct
39,5469.2988,mp_oct
39,5469.5991,mp_oct
39,5469.8995,mp_oct
39,5470.1998,mp_oct
39,5470.5001,mp_oct
7,5470.8004,mp_oct
7,5471.1007,mp_oct
7,5471.4011,mp_oct
7,5471.7014,mp_oct
7,5472.0018,mp_oct
7,5472.3021,mp_oct
7,5472.6024,mp_oct
7,5472.9028,mp_oct
7,5473.203,mp_oct
7,5473.5034,mp_oct
7,5473.8037,mp_oct
7,5474.1041,mp_oct
39,5474.4044,mp_oct
27,5474.7047,mp_oct
27,5475.0051,mp_oct
27,5475.3054,mp_oct
27,5475.6057,mp_oct
27,5475.906,mp_oct
27,5476.2063,mp_oct
27,5476.5067,mp_oct
27,5476.807,mp_oct
27,5477.1073,mp_oct
27,5477.4077,mp_oct
27,5477.708,mp_oct
44,5478.0084,mp_oct
15,5478.3086,mp_oct
15,5478.6089,mp_oct
15,5478.9092,mp_oct
26,5479.2096,mp_oct
38,5479.51,mp_oct
6,5479.8103,mp_oct
28,5480.1105,mp_oct
28,5480.4109,mp_oct
38,5480.7112,mp_oct
35,5481.0116,mp_oct
12,5481.3119,mp_oct
26,5481.6123,mp_oct
35,5481.9126,mp_oct
26,5482.2129,mp_oct
33,5482.5132,mp_oct
2,5482.8135,mp_oct
41,5483.1139,mp_oct
28,5483.4141,mp_oct
41,5483.7145,mp_oct
28,5484.0148,mp_oct
41,5484.3152,mp_oct
41,5484.6155,mp_oct
13,5484.9159,mp_oct
35,5485.2162,mp_oct
35,5485.5165,mp_oct
35,5485.8169,mp_oct
46,5486.1172,mp_oct
46,5486.4175,mp_oct
46,5486.7178,mp_oct
46,5487.0181,mp_oct
43,5487.3184,mp_oct
3,5487.6188,mp_oct
3,5487.9191,mp_oct
5,5488.2194,mp_oct
6,5488.5197,mp_oct
46,5488.8201,mp_oct
46,5489.1204,mp_oct
46,5489.4208,mp_oct
46,5489.7219,mp_oct
46,5490.0214,mp_oct
46,5490.3218,mp_oct
46,5490.622,mp_oct
35,5490.9224,mp_oct
35,5491.2227,mp_oct
35,5491.5231,mp_oct
32,5491.8235,mp_oct
43,5492.1237,mp_oct
43,5492.424,mp_oct
43,5492.7244,mp_oct
43,5493.0247,mp_oct
43,5493.325,mp_oct
43,5493.6253,mp_oct
46,5493.9257,mp_oct
35,5494.226,mp_oct
35,5494.5263,mp_oct
26,5494.8267,mp_oct
35,5495.127,mp_oct
35,5495.4273,mp_oct
46,5495.7277,mp_oct
29,5496.028,mp_oct
46,5496.3283,mp_oct
46,5496.6286,mp_oct
29,5496.929,mp_oct
8,5497.2293,mp_oct
8,5497.5296,mp_oct
43,5497.8299,mp_oct
43,5498.1302,mp_oct
8,5498.4306,mp_oct
8,5498.7309,mp_oct
5,5499.0312,mp_oct
5,5499.3316,mp_oct
45,5499.6319,mp_oct
5,5499.9323,mp_oct
6,5500.2326,mp_oct
34,5500.5329,mp_oct
8,5500.8332,mp_oct
43,5501.1335,mp_oct
35,5501.4339,mp_oct
35,5501.7342,mp_oct
37,5502.0345,mp_oct
28,5502.3348,mp_oct
28,5502.6352,mp_oct
38,5502.9356,mp_oct
44,5503.2358,mp_oct
44,5503.5362,mp_oct
44,5503.8365,mp_oct
44,5504.1368,mp_oct
44,5504.4372,mp_oct
33,5504.7375,mp_oct
30,5505.0379,mp_oct
40,5505.3382,mp_oct
38,5505.6385,mp_oct
44,5505.9388,mp_oct
44,5506.2391,mp_oct
29,5506.5395,mp_oct
46,5506.8398,mp_oct
32,5507.1401,mp_oct
46,5507.4404,mp_oct
43,5507.7408,mp_oct
43,5508.0411,mp_oct
43,5508.3414,mp_oct
43,5508.6418,mp_oct
43,5508.9421,mp_oct
43,5509.2424,mp_oct
29,5509.5428,mp_oct
43,5509.8431,mp_oct
8,5510.1433,mp_oct
46,5510.4437,mp_oct
9,5510.744,mp_oct
47,5511.0444,mp_oct
45,5511.3446,mp_oct
5,5511.645,mp_oct
45,5511.9453,mp_oct
45,5512.2457,mp_oct
45,5512.546,mp_oct
34,5512.8463,mp_oct
8,5513.1467,mp_oct
46,5513.447,mp_oct
46,5513.7473,mp_oct
46,5514.0476,mp_oct
43,5514.348,mp_oct
46,5514.6483,mp_oct
46,5514.9486,mp_oct
46,5515.249,mp_oct
46,5515.5493,mp_oct
46,5515.8496,mp_oct
46,5516.1499,mp_oct
46,5516.4503,mp_oct
46,5516.7506,mp_oct
46,5517.0509,mp_oct
32,5517.3513,mp_oct
44,5517.6516,mp_oct
44,5517.9519,mp_oct
44,5518.2523,mp_oct
48,5518.5526,mp_oct
32,5518.8529,mp_oct
32,5519.1532,mp_oct
48,5519.4536,mp_oct
2,5519.7539,mp_oct
36,5520.0542,mp_oct
1,5520.3546,mp_oct
29,5520.6549,mp_oct
26,5520.9552,mp_oct
38,5521.2556,mp_oct
44,5521.5559,mp_oct
44,5521.8562,mp_oct
27,5522.1565,mp_oct
36,5522.4568,mp_oct
37,5522.7572,mp_oct
33,5523.0575,mp_oct
48,5523.3579,mp_oct
48,5523.6582,mp_oct
38,5523.9585,mp_oct
38,5524.2588,mp_oct
27,5524.5592,mp_oct
33,5524.8595,mp_oct
36,5525.1598,mp_oct
27,5525.4601,mp_oct
37,5525.7604,mp_oct
37,5526.0608,mp_oct
44,5526.3611,mp_oct
44,5526.6614,mp_oct
44,5526.9617,mp_oct
44,5527.2621,mp_oct
32,5527.5624,mp_oct
32,5527.8628,mp_oct
32,5528.163,mp_oct
48,5528.4634,mp_oct
32,5528.7637,mp_oct
29,5529.064,mp_oct
32,5529.3644,mp_oct
32,5529.6648,mp_oct
29,5529.965,mp_oct
32,5530.2654,mp_oct
4,5530.5657,mp_oct
9,5530.866,mp_oct
9,5531.1663,mp_oct
9,5531.4667,mp_oct
9,5531.767,mp_oct
4,5532.0673,mp_oct
46,5532.3676,mp_oct
8,5532.668,mp_oct
4,5532.9683,mp_oct
5,5533.2686,mp_oct
29,5533.569,mp_oct
4,5533.8693,mp_oct
1,5534.1696,mp_oct
32,5534.4699,mp_oct
32,5534.7703,mp_oct
48,5535.0706,mp_oct
29,5535.3709,mp_oct
48,5535.6713,mp_oct
1,5535.9716,mp_oct
48,5536.2719,mp_oct
48,5536.5723,mp_oct
48,5536.8726,mp_oct
36,5537.1729,mp_oct
31,5537.4732,mp_oct
31,5537.7735,mp_oct
30,5538.0739,mp_oct
7,5538.3742,mp_oct
4,5538.6746,mp_oct
36,5538.9748,mp_oct
31,5539.2752,mp_oct
31,5539.5755,mp_oct
7,5539.8759,mp_oct
7,5540.1762,mp_oct
7,5540.4765,mp_oct
7,5540.7768,mp_oct
7,5541.0772,mp_oct
9,5541.3775,mp_oct
29,5541.6779,mp_oct
5,5541.9782,mp_oct
29,5542.2786,mp_oct
34,5542.5788,mp_oct
28,5542.8791,mp_oct
45,5543.1794,mp_oct
8,5543.4798,mp_oct
29,5543.7801,mp_oct
46,5544.0805,mp_oct
29,5544.3808,mp_oct
47,5544.6811,mp_oct
34,5544.9814,mp_oct
8,5545.2818,mp_oct
29,5545.5821,mp_oct
46,5545.8825,mp_oct
35,5546.1828,mp_oct
35,5546.4831,mp_oct
35,5546.7834,mp_oct
35,5547.0837,mp_oct
43,5547.3841,mp_oct
43,5547.6844,mp_oct
35,5547.9847,mp_oct
26,5548.2851,mp_oct
35,5548.5854,mp_oct
44,5548.8857,mp_oct
44,5549.186,mp_oct
44,5549.4864,mp_oct
44,5549.7868,mp_oct
44,5550.0871,mp_oct
44,5550.3874,mp_oct
33,5550.6877,mp_oct
38,5550.988,mp_oct
1,5551.2884,mp_oct
1,5551.5887,mp_oct
44,5551.889,mp_oct
44,5552.1893,mp_oct
44,5552.4897,mp_oct
35,5552.79,mp_oct
44,5553.0903,mp_oct
35,5553.3906,mp_oct
38,5553.691,mp_oct
34,5553.9913,mp_oct
35,5554.2916,mp_oct
8,5554.592,mp_oct
43,5554.8923,mp_oct
8,5555.1926,mp_oct
8,5555.4929,mp_oct
6,5555.7933,mp_oct
8,5556.0936,mp_oct
8,5556.394,mp_oct
34,5556.6943,mp_oct
41,5556.9946,mp_oct
41,5557.2949,mp_oct
41,5557.5952,mp_oct
8,5557.8956,mp_oct
46,5558.1959,mp_oct
8,5558.4963,mp_oct
5,5558.7965,mp_oct
6,5559.0969,mp_oct
45,5559.3972,mp_oct
8,5559.6976,mp_oct
8,5559.9978,mp_oct
43,5560.2982,mp_oct
8,5560.5985,mp_oct
45,5560.8988,mp_oct
5,5561.1991,mp_oct
41,5561.4995,mp_oct
45,5561.7998,mp_oct
43,5562.1002,mp_oct
43,5562.4005,mp_oct
35,5562.7008,mp_oct
35,5563.0012,mp_oct
44,5563.3015,mp_oct
35,5563.6018,mp_oct
35,5563.9021,mp_oct
35,5564.2025,mp_oct
35,5564.5028,mp_oct
44,5564.8032,mp_oct
26,5565.4038,mp_oct
44,5565.7041,mp_oct
35,5566.0045,mp_oct
35,5566.3048,mp_oct
35,5566.6051,mp_oct
35,5566.9054,mp_oct
35,5567.2057,mp_oct
35,5567.5061,mp_oct
35,5567.8064,mp_oct
35,5568.1067,mp_oct
35,5568.407,mp_oct
35,5568.7074,mp_oct
35,5569.0077,mp_oct
35,5569.308,mp_oct
6,5569.6083,mp_oct
35,5569.9087,mp_oct
13,5570.209,mp_oct
41,5570.5093,mp_oct
28,5570.8097,mp_oct
34,5571.11,mp_oct
34,5571.4103,mp_oct
46,5571.7106,mp_oct
6,5572.011,mp_oct
5,5572.3113,mp_oct
35,5572.6117,mp_oct
26,5572.912,mp_oct
44,5573.2123,mp_oct
44,5573.5126,mp_oct
44,5573.813,mp_oct
44,5574.1133,mp_oct
44,5574.4136,mp_oct
33,5574.714,mp_oct
37,5575.0142,mp_oct
38,5575.3147,mp_oct
26,5575.6149,mp_oct
26,5575.9153,mp_oct
26,5576.2156,mp_oct
38,5576.5159,mp_oct
11,5576.8163,mp_oct
15,5577.1166,mp_oct
26,5577.4169,mp_oct
44,5577.7172,mp_oct
33,5578.0176,mp_oct
27,5578.3179,mp_oct
33,5578.6182,mp_oct
49,5578.9186,mp_oct
40,5579.2189,mp_oct
33,5579.5192,mp_oct
35,5579.8195,mp_oct
26,5580.1199,mp_oct
44,5580.4202,mp_oct
37,5580.7205,mp_oct
28,5581.0208,mp_oct
28,5581.3212,mp_oct
26,5581.6215,mp_oct
44,5581.9219,mp_oct
44,5582.2221,mp_oct
33,5582.5225,mp_oct
30,5582.8228,mp_oct
28,5583.1231,mp_oct
44,5583.7238,mp_oct
44,5584.0241,mp_oct
48,5584.3245,mp_oct
37,5584.6248,mp_oct
40,5584.9252,mp_oct
44,5585.2255,mp_oct
44,5585.5258,mp_oct
33,5585.8261,mp_oct
37,5586.1314,mp_oct
33,5586.4268,mp_oct
44,5586.7271,mp_oct
44,5587.0274,mp_oct
44,5587.3277,mp_oct
30,5587.6281,mp_oct
30,5587.9284,mp_oct
38,5588.2288,mp_oct
44,5588.5291,mp_oct
44,5588.8294,mp_oct
44,5589.1297,mp_oct
38,5589.4301,mp_oct
37,5589.7304,mp_oct
37,5590.0307,mp_oct
33,5590.3311,mp_oct
35,5590.6313,mp_oct
33,5591.232,mp_oct
28,5591.5332,mp_oct
28,5591.8327,mp_oct
28,5592.133,mp_oct
40,5592.4333,mp_oct
11,5592.7336,mp_oct
13,5593.034,mp_oct
26,5593.3344,mp_oct
33,5593.6346,mp_oct
38,5593.9349,mp_oct
26,5594.2354,mp_oct
10,5594.5356,mp_oct
11,5594.836,mp_oct
26,5595.1363,mp_oct
26,5595.4367,mp_oct
38,5595.737,mp_oct
44,5596.0373,mp_oct
26,5596.3377,mp_oct
26,5596.638,mp_oct
44,5596.9383,mp_oct
37,5597.2386,mp_oct
33,5597.539,mp_oct
38,5597.8392,mp_oct
40,5598.1396,mp_oct
40,5598.4399,mp_oct
37,5598.7403,mp_oct
28,5599.0406,mp_oct
26,5599.3409,mp_oct
26,5599.6412,mp_oct
33,5599.9416,mp_oct
44,5600.2419,mp_oct
44,5600.5422,mp_oct
29,5600.8434,mp_oct
29,5601.1429,mp_oct
44,5601.4432,mp_oct
37,5601.7436,mp_oct
37,5602.0439,mp_oct
28,5602.3442,mp_oct
40,5602.6445,mp_oct
40,5602.9449,mp_oct
40,5603.2452,mp_oct
28,5603.5456,mp_oct
26,5603.8459,mp_oct
26,5604.1462,mp_oct
33,5604.4465,mp_oct
38,5604.7468,mp_oct
33,5605.0472,mp_oct
33,5605.3475,mp_oct
33,5605.6478,mp_oct
44,5605.9482,mp_oct
44,5606.2484,mp_oct
44,5606.5488,mp_oct
44,5606.8492,mp_oct
44,5607.1495,mp_oct
44,5607.4498,mp_oct
44,5607.7501,mp_oct
44,5608.0505,mp_oct
44,5608.3508,mp_oct
32,5608.6512,mp_oct
32,5608.9514,mp_oct
32,5609.2517,mp_oct
33,5609.5521,mp_oct
28,5609.8525,mp_oct
37,5610.1528,mp_oct
33,5610.4531,mp_oct
27,5610.7534,mp_oct
32,5611.0537,mp_oct
32,5611.3541,mp_oct
32,5611.6544,mp_oct
46,5611.9548,mp_oct
43,5612.2551,mp_oct
43,5612.5554,mp_oct
2,5612.8557,mp_oct
8,5613.156,mp_oct
5,5613.4563,mp_oct
43,5613.7567,mp_oct
8,5614.057,mp_oct
46,5614.3574,mp_oct
46,5614.6577,mp_oct
46,5614.958,mp_oct
35,5615.2583,mp_oct
35,5615.5587,mp_oct
35,5615.859,mp_oct
29,5616.1594,mp_oct
32,5616.4596,mp_oct
32,5616.76,mp_oct
29,5617.0603,mp_oct
29,5617.3607,mp_oct
29,5617.661,mp_oct
32,5617.9613,mp_oct
46,5618.2617,mp_oct
32,5618.562,mp_oct
32,5618.8623,mp_oct
46,5619.1627,mp_oct
1,5619.4629,mp_oct
32,5619.7633,mp_oct
1,5620.0636,mp_oct
30,5620.3639,mp_oct
39,5620.6643,mp_oct
48,5620.9646,mp_oct
32,5621.265,mp_oct
32,5621.5653,mp_oct
32,5621.8656,mp_oct
32,5622.166,mp_oct
32,5622.4662,mp_oct
46,5622.7666,mp_oct
5,5623.0669,mp_oct
38,5623.3672,mp_oct
28,5623.6676,mp_oct
2,5623.9678,mp_oct
26,5624.2682,mp_oct
2,5624.5685,mp_oct
38,5624.8689,mp_oct
35,5625.1692,mp_oct
26,5625.4695,mp_oct
27,5625.7698,mp_oct
27,5626.0702,mp_oct
27,5626.3706,mp_oct
27,5626.6708,mp_oct
27,5626.9712,mp_oct
27,5627.2715,mp_oct
27,5627.5718,mp_oct
39,5627.8722,mp_oct
39,5628.1725,mp_oct
39,5628.4737,mp_oct
39,5628.7731,mp_oct
27,5629.0735,mp_oct
27,5629.3738,mp_oct
27,5629.6741,mp_oct
27,5629.9745,mp_oct
27,5630.2748,mp_oct
27,5630.5751,mp_oct
27,5630.8754,mp_oct
27,5631.1757,mp_oct
27,5631.4761,mp_oct
39,5631.7764,mp_oct
27,5632.0768,mp_oct
39,5632.3771,mp_oct
39,5632.6774,mp_oct
39,5632.9777,mp_oct
39,5633.2781,mp_oct
7,5633.5783,mp_oct
7,5633.8787,mp_oct
7,5634.179,mp_oct
7,5634.4794,mp_oct
7,5634.7797,mp_oct
7,5635.08,mp_oct
7,5635.3804,mp_oct
7,5635.6807,mp_oct
7,5635.981,mp_oct
7,5636.2813,mp_oct
7,5636.5816,mp_oct
9,5636.882,mp_oct
3,5637.1822,mp_oct
3,5637.4826,mp_oct
43,5637.7829,mp_oct
43,5638.0832,mp_oct
43,5638.3836,mp_oct
45,5638.6839,mp_oct
45,5638.9842,mp_oct
41,5639.2845,mp_oct
41,5639.5848,mp_oct
41,5639.8852,mp_oct
41,5640.1855,mp_oct
45,5640.4859,mp_oct
41,5640.7862,mp_oct
41,5641.0866,mp_oct
45,5641.3868,mp_oct
43,5641.6872,mp_oct
34,5641.9876,mp_oct
41,5642.2878,mp_oct
41,5642.5882,mp_oct
41,5642.891,mp_oct
41,5643.1889,mp_oct
41,5643.4892,mp_oct
41,5643.7894,mp_oct
41,5644.0898,mp_oct
41,5644.3901,mp_oct
41,5644.6905,mp_oct
41,5644.9907,mp_oct
41,5645.2911,mp_oct
41,5645.5914,mp_oct
41,5645.8917,mp_oct
41,5646.1921,mp_oct
41,5646.4924,mp_oct
41,5646.7927,mp_oct
41,5647.0931,mp_oct
45,5647.3934,mp_oct
45,5647.6937,mp_oct
8,5647.9941,mp_oct
6,5648.2944,mp_oct
41,5648.5947,mp_oct
41,5648.895,mp_oct
6,5649.1954,mp_oct
41,5649.4957,mp_oct
6,5649.796,mp_oct
6,5650.0964,mp_oct
41,5650.3967,mp_oct
45,5650.6971,mp_oct
41,5650.9974,mp_oct
41,5651.2977,mp_oct
41,5651.598,mp_oct
41,5651.8983,mp_oct
41,5652.1987,mp_oct
41,5652.5015,mp_oct
41,5652.7993,mp_oct
41,5653.0997,mp_oct
5,5653.4,mp_oct
8,5653.7003,mp_oct
8,5654.0006,mp_oct
46,5654.311,mp_oct
2,5654.6013,mp_oct
30,5654.9016,mp_oct
34,5655.2019,mp_oct
50,5655.5023,mp_oct
45,5655.8026,mp_oct
41,5656.1029,mp_oct
41,5656.4033,mp_oct
41,5656.7036,mp_oct
5,5657.0039,mp_oct
6,5657.3043,mp_oct
43,5657.6046,mp_oct
8,5657.9049,mp_oct
47,5658.2052,mp_oct
4,5658.5055,mp_oct
3,5658.8059,mp_oct
9,5659.1062,mp_oct
9,5659.4065,mp_oct
9,5659.7068,mp_oct
9,5660.008,mp_oct
9,5660.3075,mp_oct
3,5660.6078,mp_oct
9,5660.9082,mp_oct
4,5661.2085,mp_oct
43,5661.5088,mp_oct
6,5661.8092,mp_oct
8,5662.1094,mp_oct
3,5662.4098,mp_oct
3,5662.7101,mp_oct
9,5663.0104,mp_oct
4,5663.3108,mp_oct
3,5663.6111,mp_oct
9,5663.9114,mp_oct
9,5664.2118,mp_oct
9,5664.5121,mp_oct
32,5664.8124,mp_oct
4,5665.1128,mp_oct
1,5665.4131,mp_oct
47,5665.7134,mp_oct
47,5666.3141,mp_oct
47,5666.6144,mp_oct
2,5666.9147,mp_oct
50,5667.215,mp_oct
50,5667.5154,mp_oct
50,5667.8157,mp_oct
47,5668.1161,mp_oct
47,5668.4164,mp_oct
4,5668.7167,mp_oct
9,5669.017,mp_oct
50,5669.3173,mp_oct
50,5669.6177,mp_oct
2,5669.918,mp_oct
47,5670.2183,mp_oct
50,5670.5187,mp_oct
50,5670.8189,mp_oct
50,5671.1193,mp_oct
2,5671.4196,mp_oct
8,5671.72,mp_oct
29,5672.0204,mp_oct
46,5672.3206,mp_oct
35,5672.621,mp_oct
35,5672.9213,mp_oct
29,5673.2217,mp_oct
46,5673.522,mp_oct
43,5673.8223,mp_oct
43,5674.1226,mp_oct
43,5674.4229,mp_oct
43,5674.7233,mp_oct
8,5675.0236,mp_oct
6,5675.324,mp_oct
41,5675.6243,mp_oct
41,5675.9246,mp_oct
5,5676.2249,mp_oct
46,5676.5252,mp_oct
45,5676.8256,mp_oct
50,5677.1259,mp_oct
8,5677.4262,mp_oct
3,5677.7265,mp_oct
4,5678.0268,mp_oct
45,5678.3272,mp_oct
34,5678.6275,mp_oct
6,5678.9279,mp_oct
45,5679.2282,mp_oct
45,5679.5285,mp_oct
45,5679.8288,mp_oct
41,5680.1292,mp_oct
41,5680.4295,mp_oct
41,5680.7298,mp_oct
8,5681.0301,mp_oct
34,5681.3305,mp_oct
3,5681.6308,mp_oct
9,5681.9311,mp_oct
3,5682.2315,mp_oct
4,5682.5318,mp_oct
47,5682.8321,mp_oct
47,5683.1325,mp_oct
46,5683.4328,mp_oct
46,5683.7332,mp_oct
8,5684.0335,mp_oct
46,5684.3338,mp_oct
34,5684.6341,mp_oct
41,5684.9344,mp_oct
41,5685.2347,mp_oct
6,5685.5351,mp_oct
2,5685.8354,mp_oct
41,5686.1357,mp_oct
2,5686.4361,mp_oct
41,5686.7364,mp_oct
45,5687.0367,mp_oct
8,5687.3371,mp_oct
5,5687.6374,mp_oct
46,5687.9378,mp_oct
29,5688.2381,mp_oct
35,5688.5384,mp_oct
35,5688.8387,mp_oct
26,5689.1391,mp_oct
35,5689.4394,mp_oct
5,5689.7397,mp_oct
8,5690.04,mp_oct
19,5690.3404,mp_oct
43,5690.6407,mp_oct
43,5690.9411,mp_oct
8,5691.2413,mp_oct
34,5691.5416,mp_oct
46,5691.842,mp_oct
46,5692.1423,mp_oct
5,5692.4427,mp_oct
6,5692.743,mp_oct
34,5693.0433,mp_oct
34,5693.3436,mp_oct
18,5693.644,mp_oct
41,5693.9443,mp_oct
45,5694.2446,mp_oct
41,5694.545,mp_oct
41,5694.8452,mp_oct
41,5695.1457,mp_oct
41,5695.446,mp_oct
41,5695.7462,mp_oct
41,5696.0466,mp_oct
41,5696.3469,mp_oct
5,5696.6473,mp_oct
46,5696.9476,mp_oct
29,5697.248,mp_oct
50,5697.5483,mp_oct
2,5697.8486,mp_oct
50,5698.1489,mp_oct
29,5698.4492,mp_oct
4,5698.7496,mp_oct
28,5699.05,mp_oct
28,5699.3502,mp_oct
28,5699.6506,mp_oct
38,5699.9508,mp_oct
33,5700.2512,mp_oct
38,5700.5515,mp_oct
50,5700.8519,mp_oct
37,5701.1523,mp_oct
28,5701.4525,mp_oct
28,5701.7529,mp_oct
28,5702.0532,mp_oct
33,5702.3535,mp_oct
29,5702.6538,mp_oct
45,5702.9542,mp_oct
50,5703.2545,mp_oct
37,5703.5548,mp_oct
30,5703.8552,mp_oct
26,5704.1555,mp_oct
44,5704.4558,mp_oct
26,5704.7562,mp_oct
28,5705.0565,mp_oct
28,5705.3568,mp_oct
37,5705.6571,mp_oct
28,5705.9575,mp_oct
28,5706.2578,mp_oct
38,5706.5582,mp_oct
26,5706.8585,mp_oct
28,5707.1588,mp_oct
38,5707.4591,mp_oct
35,5707.7594,mp_oct
38,5708.0597,mp_oct
28,5708.3601,mp_oct
2,5708.6604,mp_oct
26,5708.9608,mp_oct
28,5709.2611,mp_oct
28,5709.5614,mp_oct
28,5709.8618,mp_oct
28,5710.1621,mp_oct
28,5710.4624,mp_oct
28,5710.7628,mp_oct
35,5711.063,mp_oct
46,5711.3634,mp_oct
8,5711.6637,mp_oct
8,5711.964,mp_oct
5,5712.2644,mp_oct
34,5712.5697,mp_oct
35,5712.8651,mp_oct
26,5713.1653,mp_oct
38,5713.4657,mp_oct
5,5713.766,mp_oct
35,5714.0664,mp_oct
38,5714.3667,mp_oct
38,5714.667,mp_oct
44,5714.9674,mp_oct
44,5715.2677,mp_oct
37,5715.568,mp_oct
33,5715.8684,mp_oct
44,5716.1686,mp_oct
35,5716.469,mp_oct
38,5716.7693,mp_oct
45,5717.0697,mp_oct
8,5717.37,mp_oct
43,5717.6703,mp_oct
43,5717.9707,mp_oct
43,5718.271,mp_oct
8,5718.5713,mp_oct
43,5718.8716,mp_oct
8,5719.172,mp_oct
43,5719.4723,mp_oct
43,5719.7726,mp_oct
43,5720.0729,mp_oct
43,5720.3732,mp_oct
43,5720.6736,mp_oct
43,5720.9739,mp_oct
24,5721.2743,mp_oct
15,5721.5746,mp_oct
25,5721.8749,mp_oct
15,5722.1752,mp_oct
24,5722.4756,mp_oct
24,5722.7759,mp_oct
24,5723.0762,mp_oct
24,5723.3765,mp_oct
24,5723.6769,mp_oct
24,5723.9772,mp_oct
24,5724.2775,mp_oct
24,5724.5779,mp_oct
24,5724.8782,mp_oct
24,5725.1785,mp_oct
24,5725.4788,mp_oct
24,5725.7792,mp_oct
24,5726.0795,mp_oct
24,5726.3798,mp_oct
24,5726.6802,mp_oct
24,5726.9805,mp_oct
24,5727.2808,mp_oct
24,5727.5811,mp_oct
24,5727.8815,mp_oct
24,5728.1818,mp_oct
24,5728.4821,mp_oct
24,5728.7825,mp_oct
24,5729.0828,mp_oct
24,5729.3831,mp_oct
24,5729.6834,mp_oct
24,5729.9837,mp_oct
24,5730.2841,mp_oct
24,5730.5844,mp_oct
24,5730.8847,mp_oct
24,5731.1851,mp_oct
24,5731.4854,mp_oct
24,5731.7857,mp_oct
25,5732.0861,mp_oct
24,5732.3863,mp_oct
24,5732.6867,mp_oct
24,5732.9871,mp_oct
24,5733.2874,mp_oct
24,5733.5876,mp_oct
24,5733.888,mp_oct
24,5734.1884,mp_oct
24,5734.4887,mp_oct
24,5734.789,mp_oct
24,5735.0893,mp_oct
24,5735.3897,mp_oct
24,5735.69,mp_oct
24,5735.9903,mp_oct
24,5736.2907,mp_oct
24,5736.591,mp_oct
24,5736.8913,mp_oct
23,5737.1916,mp_oct
12,5737.492,mp_oct
43,5737.7923,mp_oct
43,5738.0926,mp_oct
32,5738.393,mp_oct
48,5738.6932,mp_oct
30,5738.9936,mp_oct
48,5739.294,mp_oct
39,5739.5943,mp_oct
39,5739.8946,mp_oct
48,5740.1949,mp_oct
48,5740.4952,mp_oct
1,5740.7956,mp_oct
32,5741.0959,mp_oct
39,5741.3962,mp_oct
1,5741.6965,mp_oct
48,5741.9968,mp_oct
30,5742.2972,mp_oct
36,5742.5975,mp_oct
30,5742.8979,mp_oct
31,5743.1982,mp_oct
1,5743.4986,mp_oct
48,5743.7989,mp_oct
48,5744.0992,mp_oct
36,5744.3995,mp_oct
49,5744.6998,mp_oct
30,5745.0002,mp_oct
30,5745.3005,mp_oct
49,5745.6009,mp_oct
36,5745.9012,mp_oct
1,5746.2015,mp_oct
30,5746.5018,mp_oct
50,5746.8021,mp_oct
40,5747.1025,mp_oct
49,5747.4028,mp_oct
38,5747.7031,mp_oct
36,5748.0035,mp_oct
27,5748.3038,mp_oct
27,5748.6041,mp_oct
39,5748.9044,mp_oct
48,5749.2048,mp_oct
36,5749.5051,mp_oct
30,5749.8054,mp_oct
49,5750.1058,mp_oct
36,5750.4061,mp_oct
36,5750.7064,mp_oct
36,5751.0068,mp_oct
36,5751.3071,mp_oct
1,5751.6074,mp_oct
36,5751.9077,mp_oct
48,5752.2081,mp_oct
39,5752.5084,mp_oct
39,5752.8087,mp_oct
39,5753.1091,mp_oct
48,5753.4094,mp_oct
1,5753.7097,mp_oct
30,5754.01,mp_oct
1,5754.3104,mp_oct
1,5754.6107,mp_oct
32,5754.911,mp_oct
48,5755.2114,mp_oct
1,5755.5117,mp_oct
36,5755.812,mp_oct
39,5756.1124,mp_oct
39,5756.4127,mp_oct
36,5756.713,mp_oct
31,5757.0133,mp_oct
1,5757.3137,mp_oct
1,5757.614,mp_oct
1,5757.9144,mp_oct
48,5758.2147,mp_oct
36,5758.515,mp_oct
36,5758.8154,mp_oct
30,5759.1157,mp_oct
36,5759.416,mp_oct
48,5759.7163,mp_oct
36,5760.0166,mp_oct
38,5760.317,mp_oct
44,5760.6173,mp_oct
27,5760.9177,mp_oct
39,5761.218,mp_oct
39,5761.5183,mp_oct
39,5761.8186,mp_oct
1,5762.119,mp_oct
39,5762.4193,mp_oct
39,5762.7196,mp_oct
48,5763.02,mp_oct
39,5763.3203,mp_oct
32,5763.6206,mp_oct
39,5763.9209,mp_oct
32,5764.2212,mp_oct
32,5764.5216,mp_oct
48,5764.8219,mp_oct
39,5765.1223,mp_oct
48,5765.4226,mp_oct
39,5765.7229,mp_oct
48,5766.0233,mp_oct
48,5766.3236,mp_oct
30,5766.6239,mp_oct
30,5766.9243,mp_oct
30,5767.2246,mp_oct
36,5767.5249,mp_oct
32,5767.8252,mp_oct
48,5768.1256,mp_oct
30,5768.4259,mp_oct
32,5768.7262,mp_oct
48,5769.0266,mp_oct
48,5769.3269,mp_oct
1,5769.6272,mp_oct
39,5769.9276,mp_oct
48,5770.2279,mp_oct
48,5770.5282,mp_oct
49,5770.8285,mp_oct
31,5771.1289,mp_oct
31,5771.4292,mp_oct
50,5771.7295,mp_oct
37,5772.0299,mp_oct
37,5772.331,mp_oct
30,5772.6306,mp_oct
44,5772.9309,mp_oct
33,5773.2312,mp_oct
40,5773.5315,mp_oct
37,5773.8318,mp_oct
28,5774.1322,mp_oct
38,5774.4325,mp_oct
33,5774.7329,mp_oct
28,5775.0332,mp_oct
44,5775.3335,mp_oct
35,5775.6338,mp_oct
35,5775.9342,mp_oct
26,5776.2345,mp_oct
32,5776.5348,mp_oct
1,5776.8352,mp_oct
1,5777.1356,mp_oct
2,5777.4358,mp_oct
50,5777.7362,mp_oct
50,5778.0365,mp_oct
38,5778.3368,mp_oct
38,5778.6372,mp_oct
40,5778.9375,mp_oct
28,5779.2378,mp_oct
38,5779.5381,mp_oct
40,5779.8385,mp_oct
40,5780.1388,mp_oct
37,5780.4391,mp_oct
28,5780.7395,mp_oct
33,5781.0398,mp_oct
26,5781.3401,mp_oct
28,5781.6404,mp_oct
28,5781.9408,mp_oct
28,5782.2412,mp_oct
40,5782.5414,mp_oct
28,5782.8418,mp_oct
2,5783.1421,mp_oct
33,5783.4425,mp_oct
44,5783.7428,mp_oct
27,5784.0431,mp_oct
27,5784.3435,mp_oct
36,5784.6438,mp_oct
37,5784.9441,mp_oct
37,5785.2444,mp_oct
40,5785.5447,mp_oct
37,5785.8451,mp_oct
27,5786.1454,mp_oct
27,5786.4457,mp_oct
37,5786.746,mp_oct
40,5787.0464,mp_oct
40,5787.3468,mp_oct
40,5787.6471,mp_oct
40,5787.9474,mp_oct
40,5788.2477,mp_oct
40,5788.5481,mp_oct
40,5788.8484,mp_oct
40,5789.1487,mp_oct
40,5789.4491,mp_oct
40,5789.7494,mp_oct
40,5790.0497,mp_oct
40,5790.35,mp_oct
40,5790.6504,mp_oct
37,5790.9508,mp_oct
44,5791.251,mp_oct
37,5791.5514,mp_oct
40,5791.8517,mp_oct
40,5792.1521,mp_oct
40,5792.4524,mp_oct
40,5792.7527,mp_oct
40,5793.0531,mp_oct
40,5793.3534,mp_oct
40,5793.6537,mp_oct
40,5793.954,mp_oct
38,5794.2543,mp_oct
40,5794.5547,mp_oct
37,5794.855,mp_oct
38,5795.1554,mp_oct
38,5795.4557,mp_oct
28,5795.756,mp_oct
40,5796.0563,mp_oct
28,5796.3567,mp_oct
40,5796.657,mp_oct
40,5796.9582,mp_oct
28,5797.2576,mp_oct
40,5797.558,mp_oct
28,5797.8583,mp_oct
28,5798.1586,mp_oct
38,5798.4589,mp_oct
35,5798.7593,mp_oct
5,5799.0597,mp_oct
29,5799.3599,mp_oct
32,5799.6603,mp_oct
32,5799.9606,mp_oct
32,5800.2609,mp_oct
32,5800.5613,mp_oct
32,5800.8616,mp_oct
32,5801.1619,mp_oct
1,5801.4623,mp_oct
30,5801.7626,mp_oct
49,5802.0629,mp_oct
49,5802.3632,mp_oct
49,5802.6636,mp_oct
49,5802.9639,mp_oct
49,5803.2643,mp_oct
49,5803.5645,mp_oct
49,5803.8649,mp_oct
2,5804.1652,mp_oct
1,5804.4656,mp_oct
32,5804.7659,mp_oct
48,5805.0662,mp_oct
1,5805.3666,mp_oct
1,5805.6669,mp_oct
30,5805.9672,mp_oct
37,5806.2676,mp_oct
37,5806.5679,mp_oct
37,5806.8683,mp_oct
37,5807.1686,mp_oct
40,5807.4689,mp_oct
28,5807.7692,mp_oct
37,5808.0696,mp_oct
1,5808.3699,mp_oct
32,5808.6703,mp_oct
46,5808.9705,mp_oct
46,5809.2708,mp_oct
32,5809.5712,mp_oct
48,5809.8716,mp_oct
1,5810.1719,mp_oct
1,5810.4723,mp_oct
48,5810.7725,mp_oct
48,5811.0728,mp_oct
1,5811.3732,mp_oct
49,5811.6735,mp_oct
49,5811.9739,mp_oct
49,5812.2741,mp_oct
49,5812.5745,mp_oct
40,5812.8748,mp_oct
49,5813.1752,mp_oct
49,5813.4755,mp_oct
40,5813.7758,mp_oct
49,5814.0762,mp_oct
49,5814.3765,mp_oct
40,5814.6768,mp_oct
49,5814.9772,mp_oct
49,5815.2775,mp_oct
37,5815.5778,mp_oct
49,5815.8782,mp_oct
1,5816.1785,mp_oct
46,5816.4788,mp_oct
47,5816.7791,mp_oct
41,5817.0795,mp_oct
41,5817.3798,mp_oct
41,5817.6801,mp_oct
34,5817.9804,mp_oct
45,5818.2808,mp_oct
41,5818.5811,mp_oct
41,5818.8814,mp_oct
41,5819.1818,mp_oct
41,5819.4821,mp_oct
41,5819.7825,mp_oct
41,5820.0828,mp_oct
41,5820.3831,mp_oct
41,5820.6834,mp_oct
41,5820.9837,mp_oct
41,5821.2841,mp_oct
41,5821.5844,mp_oct
41,5821.8847,mp_oct
6,5822.1851,mp_oct
8,5822.4854,mp_oct
46,5822.7857,mp_oct
29,5823.0861,mp_oct
50,5823.3864,mp_oct
34,5823.6867,mp_oct
8,5823.987,mp_oct
4,5824.2874,mp_oct
2,5824.5877,mp_oct
50,5824.8881,mp_oct
50,5825.1884,mp_oct
50,5825.4887,mp_oct
50,5825.7891,mp_oct
50,5826.0894,mp_oct
50,5826.3897,mp_oct
50,5826.69,mp_oct
50,5826.9904,mp_oct
28,5827.2907,mp_oct
50,5827.591,mp_oct
50,5827.8913,mp_oct
50,5828.1917,mp_oct
50,5828.4921,mp_oct
50,5828.7924,mp_oct
50,5829.0926,mp_oct
2,5829.393,mp_oct
5,5829.6933,mp_oct
35,5829.9937,mp_oct
44,5830.294,mp_oct
26,5830.5944,mp_oct
32,5830.8947,mp_oct
32,5831.195,mp_oct
32,5831.4954,mp_oct
32,5831.7957,mp_oct
32,5832.096,mp_oct
32,5832.3964,mp_oct
32,5832.6967,mp_oct
32,5832.997,mp_oct
32,5833.2973,mp_oct
49,5833.5977,mp_oct
49,5833.898,mp_oct
49,5834.1983,mp_oct
36,5834.4987,mp_oct
1,5834.7989,mp_oct
30,5835.0993,mp_oct
30,5835.3996,mp_oct
30,5835.7,mp_oct
49,5836.0003,mp_oct
49,5836.3006,mp_oct
30,5836.601,mp_oct
32,5836.9013,mp_oct
35,5837.2016,mp_oct
44,5837.502,mp_oct
44,5837.8023,mp_oct
33,5838.1026,mp_oct
38,5838.4029,mp_oct
37,5838.7033,mp_oct
28,5839.0036,mp_oct
28,5839.3039,mp_oct
28,5839.6043,mp_oct
28,5839.9046,mp_oct
28,5840.205,mp_oct
26,5840.5053,mp_oct
35,5840.8056,mp_oct
46,5841.1059,mp_oct
29,5841.4062,mp_oct
32,5841.7066,mp_oct
32,5842.0069,mp_oct
32,5842.3072,mp_oct
32,5842.6076,mp_oct
36,5842.9078,mp_oct
48,5843.2083,mp_oct
48,5843.5086,mp_oct
1,5843.8089,mp_oct
49,5844.1092,mp_oct
49,5844.4096,mp_oct
49,5844.7099,mp_oct
36,5845.0102,mp_oct
33,5845.3106,mp_oct
40,5845.6109,mp_oct
37,5845.9113,mp_oct
40,5846.2115,mp_oct
40,5846.5118,mp_oct
37,5846.8122,mp_oct
28,5847.1125,mp_oct
44,5847.4129,mp_oct
32,5847.7132,mp_oct
48,5848.0135,mp_oct
30,5848.3139,mp_oct
49,5848.6142,mp_oct
31,5848.9145,mp_oct
49,5849.2149,mp_oct
49,5849.5151,mp_oct
48,5849.8155,mp_oct
36,5850.1159,mp_oct
30,5850.4162,mp_oct
30,5850.7165,mp_oct
37,5851.0168,mp_oct
49,5851.3172,mp_oct
37,5851.6175,mp_oct
40,5851.9179,mp_oct
37,5852.2182,mp_oct
40,5852.5185,mp_oct
28,5852.8188,mp_oct
33,5853.1191,mp_oct
44,5853.4195,mp_oct
48,5853.7198,mp_oct
36,5854.0202,mp_oct
31,5854.3205,mp_oct
40,5854.6208,mp_oct
36,5854.9212,mp_oct
48,5855.2215,mp_oct
36,5855.5218,mp_oct
31,5855.8221,mp_oct
49,5856.1225,mp_oct
37,5856.4228,mp_oct
37,5856.7231,mp_oct
40,5857.0234,mp_oct
1,5857.3238,mp_oct
32,5857.6241,mp_oct
2,5857.9244,mp_oct
49,5858.2248,mp_oct
40,5858.5251,mp_oct
36,5858.8254,mp_oct
1,5859.1258,mp_oct
37,5859.4261,mp_oct
49,5859.7264,mp_oct
40,5860.0268,mp_oct
40,5860.3271,mp_oct
40,5860.6274,mp_oct
40,5860.9278,mp_oct
33,5861.2281,mp_oct
44,5861.5284,mp_oct
48,5861.8288,mp_oct
48,5862.1291,mp_oct
1,5862.4294,mp_oct
48,5862.7298,mp_oct
48,5863.0301,mp_oct
32,5863.3304,mp_oct
48,5863.6307,mp_oct
32,5863.931,mp_oct
32,5864.2314,mp_oct
32,5864.5317,mp_oct
39,5864.832,mp_oct
39,5865.1324,mp_oct
7,5865.4327,mp_oct
7,5865.733,mp_oct
7,5866.0334,mp_oct
7,5866.3337,mp_oct
32,5866.634,mp_oct
48,5866.9344,mp_oct
1,5867.2347,mp_oct
1,5867.535,mp_oct
48,5867.8354,mp_oct
39,5868.1357,mp_oct
7,5868.436,mp_oct
7,5868.7364,mp_oct
7,5869.0367,mp_oct
7,5869.337,mp_oct
7,5869.6373,mp_oct
7,5869.9377,mp_oct
39,5870.238,mp_oct
39,5870.5383,mp_oct
39,5870.8386,mp_oct
39,5871.139,mp_oct
27,5871.4394,mp_oct
36,5871.7396,mp_oct
37,5872.04,mp_oct
49,5872.3403,mp_oct
36,5872.6406,mp_oct
33,5872.941,mp_oct
48,5873.2413,mp_oct
39,5873.5417,mp_oct
39,5873.842,mp_oct
7,5874.1423,mp_oct
7,5874.4427,mp_oct
7,5874.7429,mp_oct
7,5875.0442,mp_oct
9,5875.3436,mp_oct
32,5875.649,mp_oct
48,5875.9443,mp_oct
1,5876.2446,mp_oct
49,5876.5449,mp_oct
49,5876.8453,mp_oct
49,5877.1457,mp_oct
30,5877.446,mp_oct
30,5877.7463,mp_oct
48,5878.0466,mp_oct
32,5878.3469,mp_oct
48,5878.6473,mp_oct
48,5878.9476,mp_oct
32,5879.248,mp_oct
48,5879.5483,mp_oct
1,5879.8487,mp_oct
1,5880.1489,mp_oct
48,5880.4492,mp_oct
48,5880.7496,mp_oct
1,5881.05,mp_oct
30,5881.3502,mp_oct
30,5881.6506,mp_oct
30,5881.9509,mp_oct
1,5882.2513,mp_oct
48,5882.5516,mp_oct
32,5882.8519,mp_oct
48,5883.1523,mp_oct
29,5883.4526,mp_oct
26,5883.7529,mp_oct
38,5884.0532,mp_oct
38,5884.3536,mp_oct
38,5885.2546,mp_oct
33,5885.5548,mp_oct
26,5885.8553,mp_oct
44,5886.1556,mp_oct
27,5886.4559,mp_oct
33,5886.7563,mp_oct
27,5887.0565,mp_oct
27,5887.3569,mp_oct
27,5887.6572,mp_oct
36,5887.9576,mp_oct
30,5888.2579,mp_oct
30,5888.5583,mp_oct
37,5888.8586,mp_oct
30,5889.1589,mp_oct
40,5889.4592,mp_oct
37,5889.7596,mp_oct
49,5890.0599,mp_oct
37,5890.3603,mp_oct
36,5890.6605,mp_oct
27,5890.9609,mp_oct
27,5891.2612,mp_oct
39,5891.5615,mp_oct
39,5891.8619,mp_oct
39,5892.1622,mp_oct
7,5892.4625,mp_oct
7,5892.7628,mp_oct
36,5893.0632,mp_oct
31,5893.3635,mp_oct
31,5893.6638,mp_oct
31,5893.9642,mp_oct
31,5894.2645,mp_oct
31,5894.5648,mp_oct
31,5894.8651,mp_oct
31,5895.1655,mp_oct
31,5895.4659,mp_oct
30,5895.7661,mp_oct
39,5896.0665,mp_oct
39,5896.3669,mp_oct
27,5896.6672,mp_oct
27,5896.9675,mp_oct
33,5897.2678,mp_oct
30,5897.5682,mp_oct
36,5897.8685,mp_oct
33,5898.1688,mp_oct
27,5898.4692,mp_oct
27,5898.7695,mp_oct
27,5899.0698,mp_oct
33,5899.3701,mp_oct
36,5899.6705,mp_oct
49,5899.9708,mp_oct
37,5900.2712,mp_oct
37,5900.5715,mp_oct
30,5900.8718,mp_oct
37,5901.1722,mp_oct
37,5901.4724,mp_oct
40,5901.7728,mp_oct
40,5902.0732,mp_oct
49,5902.3735,mp_oct
40,5902.6738,mp_oct
40,5902.9741,mp_oct
40,5903.2745,mp_oct
37,5903.5748,mp_oct
37,5903.8751,mp_oct
36,5904.1755,mp_oct
39,5904.4758,mp_oct
27,5904.7762,mp_oct
44,5905.0765,mp_oct
44,5905.3768,mp_oct
33,5905.6771,mp_oct
28,5905.9774,mp_oct
40,5906.2778,mp_oct
37,5906.5781,mp_oct
37,5906.8784,mp_oct
37,5907.1788,mp_oct
30,5907.4791,mp_oct
37,5907.7794,mp_oct
37,5908.0797,mp_oct
49,5908.3801,mp_oct
44,5908.6805,mp_oct
27,5908.9808,mp_oct
36,5909.2811,mp_oct
37,5909.5814,mp_oct
40,5909.8818,mp_oct
40,5910.1821,mp_oct
37,5910.4824,mp_oct
37,5910.7828,mp_oct
37,5911.083,mp_oct
33,5911.3834,mp_oct
27,5911.6838,mp_oct
27,5911.9841,mp_oct
27,5912.2844,mp_oct
27,5912.5848,mp_oct
33,5912.8851,mp_oct
33,5913.1854,mp_oct
27,5913.4857,mp_oct
37,5913.7861,mp_oct
37,5914.0864,mp_oct
40,5914.3867,mp_oct
37,5914.6871,mp_oct
40,5914.9875,mp_oct
37,5915.2877,mp_oct
28,5915.5881,mp_oct
37,5915.8884,mp_oct
40,5916.1887,mp_oct
37,5916.489,mp_oct
49,5916.7894,mp_oct
37,5917.0897,mp_oct
37,5917.3901,mp_oct
49,5917.6904,mp_oct
37,5917.9907,mp_oct
27,5918.2911,mp_oct
27,5918.5914,mp_oct
36,5918.8918,mp_oct
40,5919.1921,mp_oct
40,5919.4924,mp_oct
40,5919.7927,mp_oct
37,5920.0931,mp_oct
37,5920.3934,mp_oct
37,5920.6937,mp_oct
37,5920.9941,mp_oct
27,5921.2944,mp_oct
27,5921.5947,mp_oct
40,5921.895,mp_oct
37,5922.1954,mp_oct
49,5922.4957,mp_oct
28,5922.7961,mp_oct
37,5923.0964,mp_oct
37,5923.3967,mp_oct
36,5923.697,mp_oct
27,5923.9974,mp_oct
27,5924.2977,mp_oct
37,5924.598,mp_oct
37,5924.8983,mp_oct
40,5925.1987,mp_oct
33,5925.499,mp_oct
27,5925.7994,mp_oct
27,5926.0997,mp_oct
27,5926.4,mp_oct
30,5926.7004,mp_oct
37,5927.0007,mp_oct
40,5927.301,mp_oct
37,5927.6014,mp_oct
36,5927.9017,mp_oct
27,5928.202,mp_oct
27,5928.5023,mp_oct
27,5928.8027,mp_oct
27,5929.103,mp_oct
27,5929.4033,mp_oct
27,5929.7037,mp_oct
33,5930.004,mp_oct
44,5930.3044,mp_oct
35,5930.6047,mp_oct
26,5930.9051,mp_oct
44,5931.2053,mp_oct
44,5931.5057,mp_oct
38,5931.806,mp_oct
30,5932.1063,mp_oct
30,5932.4067,mp_oct
28,5932.707,mp_oct
40,5933.0074,mp_oct
40,5933.3076,mp_oct
40,5933.608,mp_oct
40,5933.9083,mp_oct
28,5934.2087,mp_oct
37,5934.509,mp_oct
40,5934.8093,mp_oct
28,5935.1097,mp_oct
28,5935.41,mp_oct
37,5935.7103,mp_oct
37,5936.0107,mp_oct
37,5936.311,mp_oct
37,5936.6113,mp_oct
28,5936.9116,mp_oct
28,5937.212,mp_oct
28,5937.5123,mp_oct
11,5937.8127,mp_oct
11,5938.113,mp_oct
26,5938.4133,mp_oct
44,5938.7136,mp_oct
27,5939.014,mp_oct
27,5939.3143,mp_oct
36,5939.6146,mp_oct
40,5939.915,mp_oct
40,5940.2153,mp_oct
28,5940.5156,mp_oct
27,5940.816,mp_oct
27,5941.1163,mp_oct
27,5941.4166,mp_oct
27,5941.717,mp_oct
36,5942.0173,mp_oct
40,5942.3176,mp_oct
40,5942.618,mp_oct
40,5942.9183,mp_oct
40,5943.2187,mp_oct
37,5943.5189,mp_oct
40,5943.8193,mp_oct
40,5944.1196,mp_oct
28,5944.42,mp_oct
27,5944.7203,mp_oct
27,5945.0206,mp_oct
27,5945.3209,mp_oct
36,5945.6213,mp_oct
38,5945.9217,mp_oct
33,5946.222,mp_oct
27,5946.5223,mp_oct
27,5946.8226,mp_oct
33,5947.1229,mp_oct
36,5947.4233,mp_oct
36,5947.7236,mp_oct
36,5948.024,mp_oct
37,5948.3243,mp_oct
40,5948.6246,mp_oct
49,5948.9249,mp_oct
40,5949.2253,mp_oct
28,5949.5256,mp_oct
36,5949.826,mp_oct
33,5950.1263,mp_oct
30,5950.4266,mp_oct
37,5950.7269,mp_oct
37,5951.0273,mp_oct
36,5951.3276,mp_oct
27,5951.6279,mp_oct
39,5951.9283,mp_oct
39,5952.2285,mp_oct
44,5952.5289,mp_oct
44,5952.8293,mp_oct
44,5953.1295,mp_oct
44,5953.4299,mp_oct
44,5953.7303,mp_oct
44,5954.0306,mp_oct
44,5954.3309,mp_oct
33,5954.6313,mp_oct
38,5954.9316,mp_oct
37,5955.2319,mp_oct
40,5955.5323,mp_oct
40,5955.8326,mp_oct
37,5956.133,mp_oct
30,5956.4332,mp_oct
30,5956.7336,mp_oct
38,5957.0356,mp_oct
40,5957.3342,mp_oct
49,5957.6346,mp_oct
44,5957.9349,mp_oct
33,5958.2353,mp_oct
36,5958.5356,mp_oct
40,5958.8359,mp_oct
28,5959.1362,mp_oct
37,5959.4365,mp_oct
27,5959.7369,mp_oct
33,5960.0372,mp_oct
33,5960.3376,mp_oct
37,5960.6379,mp_oct
40,5960.9383,mp_oct
40,5961.2386,mp_oct
40,5961.5389,mp_oct
37,5961.8392,mp_oct
27,5962.1396,mp_oct
33,5962.4399,mp_oct
37,5962.7403,mp_oct
37,5963.0406,mp_oct
40,5963.3409,mp_oct
40,5963.6412,mp_oct
40,5963.9416,mp_oct
37,5964.2419,mp_oct
27,5964.5422,mp_oct
27,5964.8426,mp_oct
39,5965.1429,mp_oct
36,5965.4432,mp_oct
39,5965.7436,mp_oct
39,5966.0439,mp_oct
39,5966.3442,mp_oct
7,5966.6446,mp_oct
7,5966.9449,mp_oct
7,5967.2452,mp_oct
7,5967.5455,mp_oct
7,5967.8459,mp_oct
7,5968.1462,mp_oct
7,5968.4465,mp_oct
7,5968.7469,mp_oct
7,5969.0472,mp_oct
7,5969.3475,mp_oct
39,5969.6478,mp_oct
39,5969.9482,mp_oct
27,5970.2485,mp_oct
36,5970.5489,mp_oct
28,5970.8492,mp_oct
40,5971.1496,mp_oct
40,5971.4499,mp_oct
40,5971.7502,mp_oct
40,5972.0505,mp_oct
40,5972.3509,mp_oct
40,5972.6512,mp_oct
40,5972.9515,mp_oct
49,5973.2518,mp_oct
40,5973.5522,mp_oct
37,5973.8525,mp_oct
27,5974.1528,mp_oct
27,5974.4532,mp_oct
39,5974.7535,mp_oct
39,5975.0539,mp_oct
7,5975.3542,mp_oct
7,5975.6545,mp_oct
36,5975.9548,mp_oct
31,5976.2552,mp_oct
31,5976.5555,mp_oct
31,5976.8558,mp_oct
7,5977.1562,mp_oct
7,5977.4565,mp_oct
9,5977.7568,mp_oct
30,5978.0572,mp_oct
31,5978.3574,mp_oct
48,5978.6578,mp_oct
32,5978.9582,mp_oct
39,5979.2585,mp_oct
39,5979.5588,mp_oct
27,5979.8592,mp_oct
37,5980.1595,mp_oct
27,5980.4598,mp_oct
36,5980.7602,mp_oct
33,5981.0605,mp_oct
40,5981.3609,mp_oct
40,5981.6628,mp_oct
37,5981.9614,mp_oct
40,5982.2618,mp_oct
37,5982.5621,mp_oct
40,5982.8684,mp_oct
40,5983.1628,mp_oct
40,5983.4631,mp_oct
40,5983.7635,mp_oct
40,5984.0638,mp_oct
40,5984.3642,mp_oct
40,5984.6645,mp_oct
38,5984.9648,mp_oct
37,5985.2651,mp_oct
37,5985.5654,mp_oct
40,5985.8659,mp_oct
33,5986.1661,mp_oct
44,5986.4665,mp_oct
35,5987.0721,mp_oct
26,5987.3675,mp_oct
46,5987.6678,mp_oct
29,5987.9681,mp_oct
29,5988.2684,mp_oct
46,5988.5688,mp_oct
29,5988.8692,mp_oct
29,5989.1694,mp_oct
29,5989.4698,mp_oct
46,5989.7701,mp_oct
30,5990.0704,mp_oct
2,5990.3708,mp_oct
45,5990.6711,mp_oct
41,5990.9714,mp_oct
41,5991.2718,mp_oct
6,5991.5721,mp_oct
41,5991.8725,mp_oct
41,5992.1728,mp_oct
41,5992.4731,mp_oct
41,5992.7734,mp_oct
41,5993.0738,mp_oct
45,5993.3741,mp_oct
43,5993.6744,mp_oct
46,5993.9748,mp_oct
46,5994.275,mp_oct
29,5994.5754,mp_oct
46,5994.8758,mp_oct
5,5995.1761,mp_oct
5,5995.4764,mp_oct
46,5995.7768,mp_oct
29,5996.0771,mp_oct
4,5996.3774,mp_oct
47,5996.6778,mp_oct
47,5996.9781,mp_oct
50,5997.2784,mp_oct
50,5997.5788,mp_oct
50,5997.8791,mp_oct
50,5998.1795,mp_oct
50,5998.4797,mp_oct
2,5998.7801,mp_oct
50,5999.0804,mp_oct
2,5999.3808,mp_oct
50,5999.6811,mp_oct
50,5999.9814,mp_oct
50,6000.2817,mp_oct
50,6000.5821,mp_oct
50,6000.8824,mp_oct
50,6001.1827,mp_oct
29,6001.4831,mp_oct
34,6001.7834,mp_oct
50,6002.0838,mp_oct
50,6002.3841,mp_oct
50,6002.6844,mp_oct
50,6002.9847,mp_oct
41,6003.2851,mp_oct
41,6003.5854,mp_oct
6,6003.8866,mp_oct
35,6004.186,mp_oct
35,6004.4864,mp_oct
35,6004.7867,mp_oct
26,6005.0871,mp_oct
35,6005.3874,mp_oct
46,6005.6877,mp_oct
43,6005.988,mp_oct
43,6006.2884,mp_oct
43,6006.5887,mp_oct
43,6006.889,mp_oct
46,6007.1894,mp_oct
43,6007.4897,mp_oct
43,6007.79,mp_oct
25,6008.3907,mp_oct
43,6008.6911,mp_oct
43,6008.9914,mp_oct
34,6009.2917,mp_oct
34,6009.592,mp_oct
45,6009.8924,mp_oct
45,6010.1927,mp_oct
41,6010.493,mp_oct
6,6010.7934,mp_oct
45,6011.0937,mp_oct
6,6011.394,mp_oct
34,6011.6943,mp_oct
43,6011.9947,mp_oct
46,6012.295,mp_oct
47,6012.5954,mp_oct
4,6012.8956,mp_oct
3,6013.196,mp_oct
3,6013.4963,mp_oct
3,6013.7966,mp_oct
3,6014.097,mp_oct
3,6014.3974,mp_oct
3,6014.6977,mp_oct
4,6014.998,mp_oct
4,6015.2983,mp_oct
3,6015.5987,mp_oct
9,6015.899,mp_oct
4,6016.1993,mp_oct
47,6016.4996,mp_oct
47,6016.8,mp_oct
31,6017.1003,mp_oct
30,6017.4007,mp_oct
29,6017.701,mp_oct
29,6018.0013,mp_oct
48,6018.3017,mp_oct
47,6018.602,mp_oct
28,6018.9023,mp_oct
28,6019.2027,mp_oct
40,6019.503,mp_oct
37,6019.8033,mp_oct
28,6020.1037,mp_oct
38,6020.404,mp_oct
29,6020.7043,mp_oct
5,6021.0046,mp_oct
30,6021.3049,mp_oct
50,6021.6052,mp_oct
30,6021.9056,mp_oct
46,6022.206,mp_oct
43,6022.5063,mp_oct
46,6022.8067,mp_oct
25,6023.1069,mp_oct
46,6023.4073,mp_oct
46,6023.7076,mp_oct
43,6024.0079,mp_oct
43,6024.3083,mp_oct
24,6024.6086,mp_oct
35,6024.909,mp_oct
35,6025.2093,mp_oct
24,6025.5096,mp_oct
35,6025.8099,mp_oct
24,6026.1103,mp_oct
35,6026.4106,mp_oct
35,6026.7109,mp_oct
24,6027.0113,mp_oct
24,6027.3116,mp_oct
24,6027.6119,mp_oct
25,6027.9123,mp_oct
25,6028.2126,mp_oct
25,6028.5129,mp_oct
25,6028.8132,mp_oct
25,6029.1135,mp_oct
25,6029.4139,mp_oct
25,6029.7143,mp_oct
25,6030.0146,mp_oct
25,6030.3149,mp_oct
25,6030.6152,mp_oct
25,6030.9156,mp_oct
25,6031.2159,mp_oct
25,6031.5162,mp_oct
25,6031.8166,mp_oct
43,6032.1169,mp_oct
24,6032.4172,mp_oct
24,6032.7176,mp_oct
35,6033.0179,mp_oct
35,6033.3182,mp_oct
12,6033.6186,mp_oct
24,6033.9188,mp_oct
35,6034.2192,mp_oct
24,6034.5196,mp_oct
26,6034.8199,mp_oct
6,6035.1202,mp_oct
34,6035.4205,mp_oct
45,6035.7209,mp_oct
8,6036.0212,mp_oct
43,6036.3215,mp_oct
43,6036.6219,mp_oct
25,6036.9221,mp_oct
25,6037.2225,mp_oct
25,6037.5228,mp_oct
25,6037.8232,mp_oct
25,6038.1235,mp_oct
25,6038.4238,mp_oct
25,6038.7242,mp_oct
25,6039.0244,mp_oct
25,6039.3248,mp_oct
25,6039.6252,mp_oct
25,6039.9255,mp_oct
25,6040.2258,mp_oct
25,6040.5312,mp_oct
25,6040.8265,mp_oct
25,6041.1268,mp_oct
25,6041.4271,mp_oct
25,6041.7275,mp_oct
25,6042.0278,mp_oct
25,6042.3281,mp_oct
8,6042.6284,mp_oct
5,6042.9288,mp_oct
17,6043.2291,mp_oct
18,6043.5294,mp_oct
18,6043.8298,mp_oct
18,6044.1301,mp_oct
18,6044.4304,mp_oct
18,6044.7308,mp_oct
18,6045.031,mp_oct
6,6045.3314,mp_oct
18,6045.6317,mp_oct
18,6045.9321,mp_oct
18,6046.2324,mp_oct
18,6046.5327,mp_oct
17,6046.833,mp_oct
18,6047.1334,mp_oct
18,6047.4337,mp_oct
41,6047.734,mp_oct
6,6048.0343,mp_oct
41,6048.3347,mp_oct
18,6048.635,mp_oct
41,6048.9353,mp_oct
41,6049.2357,mp_oct
18,6049.536,mp_oct
41,6049.8363,mp_oct
18,6050.1367,mp_oct
41,6050.437,mp_oct
41,6050.7373,mp_oct
18,6051.0377,mp_oct
17,6051.338,mp_oct
12,6051.6383,mp_oct
43,6051.9386,mp_oct
43,6052.239,mp_oct
25,6052.5394,mp_oct
29,6052.8396,mp_oct
32,6053.14,mp_oct
32,6053.4403,mp_oct
1,6053.7406,mp_oct
30,6054.041,mp_oct
1,6054.3413,mp_oct
32,6054.6416,mp_oct
32,6054.942,mp_oct
32,6055.2423,mp_oct
32,6055.5427,mp_oct
29,6055.843,mp_oct
32,6056.1433,mp_oct
1,6056.4436,mp_oct
2,6056.744,mp_oct
50,6057.0443,mp_oct
49,6057.3446,mp_oct
50,6057.6449,mp_oct
47,6057.9453,mp_oct
29,6058.2456,mp_oct
29,6058.546,mp_oct
29,6058.8463,mp_oct
29,6059.1466,mp_oct
29,6059.4469,mp_oct
5,6059.7473,mp_oct
47,6060.0476,mp_oct
46,6060.3478,mp_oct
46,6060.6532,mp_oct
4,6060.9485,mp_oct
47,6061.2489,mp_oct
47,6061.5492,mp_oct
47,6061.8496,mp_oct
49,6062.1499,mp_oct
1,6062.4502,mp_oct
48,6062.7505,mp_oct
32,6063.0508,mp_oct
48,6063.3512,mp_oct
39,6063.6515,mp_oct
39,6063.9569,mp_oct
39,6064.2522,mp_oct
48,6064.5525,mp_oct
1,6064.8528,mp_oct
30,6065.1532,mp_oct
36,6065.4535,mp_oct
30,6065.7539,mp_oct
30,6066.0542,mp_oct
30,6066.3545,mp_oct
37,6066.6548,mp_oct
49,6066.9552,mp_oct
30,6067.2555,mp_oct
32,6067.5558,mp_oct
36,6067.8562,mp_oct
49,6068.1564,mp_oct
30,6068.4569,mp_oct
1,6068.7572,mp_oct
48,6069.0575,mp_oct
48,6069.3579,mp_oct
39,6069.6582,mp_oct
48,6069.9585,mp_oct
39,6070.2597,mp_oct
1,6070.5591,mp_oct
36,6070.8595,mp_oct
31,6071.1598,mp_oct
31,6071.4602,mp_oct
31,6071.7605,mp_oct
31,6072.0608,mp_oct
36,6072.3612,mp_oct
1,6072.6614,mp_oct
36,6072.9618,mp_oct
40,6073.2621,mp_oct
30,6073.5625,mp_oct
31,6073.8628,mp_oct
49,6074.1631,mp_oct
1,6074.4635,mp_oct
36,6074.7638,mp_oct
48,6075.0641,mp_oct
39,6075.3644,mp_oct
39,6075.6648,mp_oct
48,6075.9651,mp_oct
48,6076.2654,mp_oct
36,6076.5657,mp_oct
31,6076.8661,mp_oct
36,6077.1664,mp_oct
30,6077.4668,mp_oct
36,6077.7671,mp_oct
49,6078.0674,mp_oct
48,6078.3677,mp_oct
39,6078.6681,mp_oct
39,6078.9684,mp_oct
39,6079.2688,mp_oct
48,6079.5691,mp_oct
32,6079.8694,mp_oct
48,6080.1697,mp_oct
48,6080.47,mp_oct
32,6080.7704,mp_oct
48,6081.0707,mp_oct
9,6081.3711,mp_oct
1,6081.6714,mp_oct
1,6081.9717,mp_oct
36,6082.272,mp_oct
30,6082.5724,mp_oct
30,6082.8727,mp_oct
40,6083.1731,mp_oct
49,6083.4734,mp_oct
30,6083.7737,mp_oct
49,6084.074,mp_oct
49,6084.3744,mp_oct
49,6084.6747,mp_oct
30,6084.975,mp_oct
48,6085.2754,mp_oct
30,6085.5757,mp_oct
2,6085.876,mp_oct
2,6086.1764,mp_oct
30,6086.4767,mp_oct
30,6086.7771,mp_oct
48,6087.0773,mp_oct
48,6087.3777,mp_oct
32,6087.678,mp_oct
39,6087.9784,mp_oct
36,6088.2787,mp_oct
31,6088.579,mp_oct
30,6088.8793,mp_oct
1,6089.1797,mp_oct
48,6089.48,mp_oct
48,6089.7803,mp_oct
1,6090.0806,mp_oct
36,6090.381,mp_oct
30,6090.6813,mp_oct
31,6090.9817,mp_oct
2,6091.282,mp_oct
49,6091.5824,mp_oct
49,6091.8827,mp_oct
30,6092.183,mp_oct
49,6092.4834,mp_oct
2,6092.7837,mp_oct
49,6093.084,mp_oct
2,6093.3844,mp_oct
2,6093.6846,mp_oct
50,6093.985,mp_oct
50,6094.2853,mp_oct
50,6094.5857,mp_oct
2,6094.886,mp_oct
46,6095.1864,mp_oct
29,6095.4867,mp_oct
32,6095.787,mp_oct
1,6096.0874,mp_oct
30,6096.3876,mp_oct
40,6096.688,mp_oct
40,6096.9884,mp_oct
28,6097.2887,mp_oct
37,6097.589,mp_oct
28,6097.8893,mp_oct
40,6098.1896,mp_oct
40,6098.49,mp_oct
40,6098.7903,mp_oct
2,6099.0906,mp_oct
35,6099.391,mp_oct
35,6099.6913,mp_oct
33,6099.9916,mp_oct
33,6100.292,mp_oct
26,6100.5923,mp_oct
26,6100.8926,mp_oct
28,6101.1929,mp_oct
2,6101.4933,mp_oct
2,6101.7936,mp_oct
38,6102.094,mp_oct
38,6102.3943,mp_oct
38,6102.6946,mp_oct
2,6102.995,mp_oct
38,6103.2953,mp_oct
26,6103.5956,mp_oct
29,6103.8959,mp_oct
32,6104.1963,mp_oct
5,6104.4965,mp_oct
34,6104.7969,mp_oct
30,6105.0972,mp_oct
45,6105.3976,mp_oct
34,6105.6979,mp_oct
1,6105.9982,mp_oct
2,6106.2985,mp_oct
2,6106.5989,mp_oct
47,6106.8992,mp_oct
2,6107.1996,mp_oct
50,6107.4999,mp_oct
50,6107.8002,mp_oct
34,6108.1006,mp_oct
45,6108.4009,mp_oct
41,6108.7012,mp_oct
41,6109.0016,mp_oct
41,6109.3019,mp_oct
41,6109.6022,mp_oct
41,6109.9026,mp_oct
41,6110.2029,mp_oct
41,6110.5032,mp_oct
41,6110.8036,mp_oct
41,6111.1039,mp_oct
41,6111.4043,mp_oct
45,6111.7045,mp_oct
41,6112.0048,mp_oct
6,6112.3052,mp_oct
41,6112.6055,mp_oct
45,6112.9059,mp_oct
45,6113.2062,mp_oct
41,6113.5066,mp_oct
45,6113.8068,mp_oct
45,6114.1072,mp_oct
34,6114.4075,mp_oct
45,6114.7078,mp_oct
41,6115.0082,mp_oct
41,6115.3086,mp_oct
45,6115.6088,mp_oct
5,6115.9092,mp_oct
45,6116.2095,mp_oct
41,6116.5099,mp_oct
41,6116.8102,mp_oct
45,6117.1105,mp_oct
41,6117.4108,mp_oct
41,6117.7112,mp_oct
41,6118.0115,mp_oct
41,6118.3118,mp_oct
6,6118.6122,mp_oct
41,6118.9125,mp_oct
41,6119.2128,mp_oct
41,6119.5132,mp_oct
45,6119.8135,mp_oct
45,6120.1138,mp_oct
8,6120.4142,mp_oct
8,6120.7145,mp_oct
43,6121.0148,mp_oct
8,6121.3151,mp_oct
32,6121.6155,mp_oct
4,6121.9158,mp_oct
48,6122.2161,mp_oct
36,6122.5164,mp_oct
36,6122.8168,mp_oct
49,6123.1171,mp_oct
49,6123.4174,mp_oct
30,6123.7178,mp_oct
48,6124.0181,mp_oct
39,6124.3184,mp_oct
39,6124.6188,mp_oct
39,6124.9191,mp_oct
39,6125.2195,mp_oct
39,6125.5198,mp_oct
39,6125.8201,mp_oct
39,6126.1204,mp_oct
39,6126.4208,mp_oct
39,6126.7211,mp_oct
48,6127.0214,mp_oct
1,6127.3218,mp_oct
36,6127.622,mp_oct
39,6127.9225,mp_oct
1,6128.2228,mp_oct
36,6128.523,mp_oct
30,6128.8234,mp_oct
36,6129.1237,mp_oct
1,6129.4241,mp_oct
39,6129.7244,mp_oct
1,6130.0248,mp_oct
36,6130.3251,mp_oct
30,6130.6254,mp_oct
36,6130.9258,mp_oct
36,6131.226,mp_oct
39,6131.5265,mp_oct
39,6131.8267,mp_oct
48,6132.1271,mp_oct
36,6132.4274,mp_oct
49,6132.7277,mp_oct
31,6133.0281,mp_oct
36,6133.3284,mp_oct
36,6133.6287,mp_oct
36,6133.9291,mp_oct
31,6134.2294,mp_oct
49,6134.5297,mp_oct
36,6134.83,mp_oct
48,6135.1303,mp_oct
48,6135.4307,mp_oct
48,6135.7311,mp_oct
48,6136.0314,mp_oct
36,6136.3317,mp_oct
1,6136.632,mp_oct
36,6136.9324,mp_oct
48,6137.2327,mp_oct
39,6137.533,mp_oct
36,6137.8334,mp_oct
30,6138.1338,mp_oct
31,6138.434,mp_oct
36,6138.7343,mp_oct
48,6139.0347,mp_oct
32,6139.335,mp_oct
1,6139.6354,mp_oct
37,6139.9356,mp_oct
40,6140.236,mp_oct
49,6140.5364,mp_oct
30,6140.8368,mp_oct
30,6141.1371,mp_oct
49,6141.4374,mp_oct
37,6141.7378,mp_oct
30,6142.038,mp_oct
40,6142.3384,mp_oct
30,6142.6387,mp_oct
48,6142.939,mp_oct
32,6143.2394,mp_oct
48,6143.5397,mp_oct
39,6143.84,mp_oct
48,6144.1403,mp_oct
36,6144.4407,mp_oct
30,6144.7411,mp_oct
30,6145.0413,mp_oct
48,6145.3417,mp_oct
1,6145.642,mp_oct
37,6145.9424,mp_oct
30,6146.2427,mp_oct
48,6146.543,mp_oct
33,6146.8434,mp_oct
33,6147.1437,mp_oct
33,6147.444,mp_oct
37,6147.7443,mp_oct
40,6148.0447,mp_oct
40,6148.345,mp_oct
30,6148.6454,mp_oct
37,6148.9457,mp_oct
28,6149.246,mp_oct
37,6149.5463,mp_oct
28,6149.8467,mp_oct
38,6150.147,mp_oct
29,6150.4473,mp_oct
34,6150.7477,mp_oct
45,6151.048,mp_oct
47,6151.3483,mp_oct
50,6151.6487,mp_oct
38,6151.949,mp_oct
28,6152.2493,mp_oct
50,6152.5496,mp_oct
38,6152.85,mp_oct
38,6153.1503,mp_oct
50,6153.4507,mp_oct
40,6153.751,mp_oct
40,6154.0513,mp_oct
28,6154.3516,mp_oct
38,6154.652,mp_oct
26,6154.9523,mp_oct
44,6155.2527,mp_oct
44,6155.553,mp_oct
27,6155.8533,mp_oct
33,6156.1536,mp_oct
37,6156.454,mp_oct
37,6156.7543,mp_oct
38,6157.0546,mp_oct
33,6157.355,mp_oct
30,6157.6553,mp_oct
33,6157.9556,mp_oct
33,6158.2559,mp_oct
38,6158.5563,mp_oct
37,6158.8566,mp_oct
26,6159.157,mp_oct
33,6159.4573,mp_oct
49,6159.7576,mp_oct
28,6160.058,mp_oct
40,6160.3583,mp_oct
28,6160.6586,mp_oct
38,6160.959,mp_oct
35,6161.2593,mp_oct
33,6161.5596,mp_oct
44,6161.86,mp_oct
44,6162.1603,mp_oct
26,6162.4606,mp_oct
33,6162.761,mp_oct
40,6163.0613,mp_oct
28,6163.3617,mp_oct
38,6163.662,mp_oct
37,6163.9623,mp_oct
28,6164.2626,mp_oct
40,6164.563,mp_oct
28,6164.8633,mp_oct
2,6165.1637,mp_oct
28,6165.464,mp_oct
28,6165.7642,mp_oct
2,6166.0646,mp_oct
26,6166.3649,mp_oct
26,6166.6652,mp_oct
46,6166.9656,mp_oct
4,6167.2659,mp_oct
1,6167.5662,mp_oct
38,6167.8666,mp_oct
5,6168.1669,mp_oct
5,6168.4672,mp_oct
30,6168.7676,mp_oct
47,6169.0679,mp_oct
47,6169.3683,mp_oct
47,6169.6686,mp_oct
47,6169.9689,mp_oct
29,6170.2693,mp_oct
29,6170.5696,mp_oct
8,6170.8699,mp_oct
34,6171.1702,mp_oct
6,6171.4706,mp_oct
26,6171.7709,mp_oct
43,6172.0712,mp_oct
6,6172.3716,mp_oct
6,6172.6719,mp_oct
6,6172.9722,mp_oct
45,6173.2725,mp_oct
41,6173.5729,mp_oct
41,6173.8732,mp_oct
41,6174.1736,mp_oct
42,6174.4739,mp_oct
41,6174.7742,mp_oct
42,6175.0746,mp_oct
42,6175.3749,mp_oct
19,6175.6752,mp_oct
45,6175.9756,mp_oct
41,6176.2759,mp_oct
42,6176.5762,mp_oct
42,6176.8765,mp_oct
42,6177.1769,mp_oct
42,6177.4772,mp_oct
20,6177.7775,mp_oct
19,6178.0779,mp_oct
43,6178.3782,mp_oct
43,6178.6785,mp_oct
29,6178.9788,mp_oct
9,6179.2792,mp_oct
2,6179.5795,mp_oct
47,6179.8798,mp_oct
48,6180.1802,mp_oct
7,6180.4805,mp_oct
32,6180.7809,mp_oct
1,6181.0812,mp_oct
49,6181.3815,mp_oct
49,6181.6819,mp_oct
49,6181.9821,mp_oct
49,6182.2825,mp_oct
49,6182.5828,mp_oct
49,6182.8831,mp_oct
49,6183.1835,mp_oct
50,6183.4838,mp_oct
50,6183.7842,mp_oct
2,6184.0845,mp_oct
29,6184.3848,mp_oct
32,6184.6902,mp_oct
1,6184.9855,mp_oct
30,6185.2859,mp_oct
1,6185.5862,mp_oct
48,6185.8865,mp_oct
50,6186.1868,mp_oct
50,6186.4872,mp_oct
2,6186.7875,mp_oct
28,6187.0878,mp_oct
5,6187.3882,mp_oct
48,6187.6885,mp_oct
30,6187.9889,mp_oct
50,6188.2892,mp_oct
2,6188.5895,mp_oct
50,6188.8898,mp_oct
45,6189.1901,mp_oct
50,6189.4905,mp_oct
50,6189.7908,mp_oct
50,6190.0911,mp_oct
34,6190.3915,mp_oct
29,6190.6917,mp_oct
38,6190.9921,mp_oct
2,6191.2924,mp_oct
49,6191.5928,mp_oct
50,6191.8931,mp_oct
50,6192.1934,mp_oct
50,6192.4938,mp_oct
50,6192.7941,mp_oct
28,6193.0944,mp_oct
50,6193.3948,mp_oct
5,6193.6951,mp_oct
34,6193.9955,mp_oct
2,6194.2958,mp_oct
1,6194.5961,mp_oct
2,6194.8964,mp_oct
50,6195.1968,mp_oct
50,6195.4971,mp_oct
2,6195.7974,mp_oct
2,6196.0977,mp_oct
28,6196.3981,mp_oct
50,6196.6984,mp_oct
28,6196.9988,mp_oct
50,6197.299,mp_oct
50,6197.5994,mp_oct
2,6197.8997,mp_oct
2,6198.2001,mp_oct
50,6198.5004,mp_oct
50,6198.8008,mp_oct
50,6199.1011,mp_oct
45,6199.4014,mp_oct
46,6199.7017,mp_oct
43,6200.002,mp_oct
43,6200.3024,mp_oct
29,6200.6027,mp_oct
38,6200.9031,mp_oct
28,6201.2034,mp_oct
38,6201.5037,mp_oct
42,6201.804,mp_oct
45,6202.1044,mp_oct
46,6202.4047,mp_oct
8,6202.705,mp_oct
35,6203.0053,mp_oct
44,6203.3057,mp_oct
44,6203.606,mp_oct
44,6203.9064,mp_oct
38,6204.2067,mp_oct
48,6204.507,mp_oct
48,6204.8074,mp_oct
1,6205.1077,mp_oct
49,6205.408,mp_oct
30,6205.7083,mp_oct
30,6206.0087,mp_oct
2,6206.309,mp_oct
37,6206.6093,mp_oct
49,6206.9097,mp_oct
49,6207.21,mp_oct
30,6207.5103,mp_oct
30,6207.8107,mp_oct
2,6208.111,mp_oct
2,6208.4113,mp_oct
2,6208.7117,mp_oct
50,6209.012,mp_oct
29,6209.3173,mp_oct
8,6209.6127,mp_oct
29,6209.913,mp_oct
35,6210.2133,mp_oct
38,6210.5136,mp_oct
37,6210.814,mp_oct
28,6211.1143,mp_oct
40,6211.4146,mp_oct
28,6211.7149,mp_oct
40,6212.0153,mp_oct
40,6212.3156,mp_oct
28,6212.6159,mp_oct
38,6212.9163,mp_oct
26,6213.2166,mp_oct
35,6213.517,mp_oct
32,6213.8173,mp_oct
48,6214.1176,mp_oct
1,6214.418,mp_oct
30,6214.7183,mp_oct
48,6215.0186,mp_oct
49,6215.3189,mp_oct
30,6215.6193,mp_oct
40,6215.9196,mp_oct
48,6216.22,mp_oct
32,6216.5203,mp_oct
1,6216.8206,mp_oct
1,6217.1209,mp_oct
48,6217.4213,mp_oct
32,6217.7216,mp_oct
36,6218.022,mp_oct
49,6218.3223,mp_oct
49,6218.6226,mp_oct
49,6218.9229,mp_oct
40,6219.2233,mp_oct
40,6219.5236,mp_oct
49,6219.8239,mp_oct
49,6220.1243,mp_oct
2,6220.4246,mp_oct
49,6220.7249,mp_oct
50,6221.0252,mp_oct
28,6221.3256,mp_oct
2,6221.6259,mp_oct
26,6221.9262,mp_oct
38,6222.2266,mp_oct
40,6222.5269,mp_oct
28,6222.8273,mp_oct
28,6223.1276,mp_oct
28,6223.4279,mp_oct
46,6223.7282,mp_oct
8,6224.0285,mp_oct
6,6224.3288,mp_oct
5,6224.6292,mp_oct
34,6224.9295,mp_oct
46,6225.2299,mp_oct
46,6225.5302,mp_oct
5,6225.8305,mp_oct
4,6226.1308,mp_oct
9,6226.4312,mp_oct
32,6226.7315,mp_oct
29,6227.0319,mp_oct
32,6227.3322,mp_oct
32,6227.6325,mp_oct
29,6227.9329,mp_oct
1,6228.2332,mp_oct
34,6228.5336,mp_oct
30,6228.8339,mp_oct
38,6229.1342,mp_oct
47,6229.4344,mp_oct
29,6229.7348,mp_oct
5,6230.0351,mp_oct
8,6230.3355,mp_oct
8,6230.6358,mp_oct
34,6230.9361,mp_oct
43,6231.2364,mp_oct
8,6231.5368,mp_oct
4,6231.8371,mp_oct
4,6232.1374,mp_oct
3,6232.4378,mp_oct
8,6232.7381,mp_oct
8,6233.0385,mp_oct
28,6233.3388,mp_oct
35,6233.6391,mp_oct
35,6233.9395,mp_oct
26,6234.2398,mp_oct
28,6234.5401,mp_oct
40,6234.8404,mp_oct
28,6235.1407,mp_oct
28,6235.4412,mp_oct
42,6235.7415,mp_oct
28,6236.0418,mp_oct
6,6236.3421,mp_oct
12,6236.6425,mp_oct
8,6236.9427,mp_oct
34,6237.2431,mp_oct
45,6237.5434,mp_oct
46,6237.8437,mp_oct
29,6238.144,mp_oct
8,6238.4444,mp_oct
3,6238.7447,mp_oct
43,6239.045,mp_oct
43,6239.3453,mp_oct
43,6239.6457,mp_oct
8,6239.946,mp_oct
46,6240.2464,mp_oct
46,6240.5467,mp_oct
9,6240.8471,mp_oct
46,6241.1474,mp_oct
43,6241.4477,mp_oct
5,6241.748,mp_oct
5,6242.0484,mp_oct
6,6242.3487,mp_oct
45,6242.6491,mp_oct
6,6242.9493,mp_oct
8,6243.2497,mp_oct
8,6243.55,mp_oct
3,6243.8503,mp_oct
47,6244.1507,mp_oct
45,6244.451,mp_oct
41,6244.7513,mp_oct
6,6245.0517,mp_oct
34,6245.352,mp_oct
6,6245.6523,mp_oct
5,6245.9527,mp_oct
10,6246.253,mp_oct
26,6246.5533,mp_oct
35,6246.8536,mp_oct
35,6247.154,mp_oct
8,6247.4543,mp_oct
43,6247.7547,mp_oct
43,6248.0549,mp_oct
43,6248.3553,mp_oct
43,6248.6556,mp_oct
43,6248.9559,mp_oct
46,6249.2563,mp_oct
46,6249.5566,mp_oct
5,6249.8569,mp_oct
34,6250.1572,mp_oct
30,6250.4576,mp_oct
2,6250.758,mp_oct
2,6251.0582,mp_oct
46,6251.3586,mp_oct
29,6251.6589,mp_oct
8,6251.9593,mp_oct
47,6252.2596,mp_oct
50,6252.5599,mp_oct
45,6252.8603,mp_oct
45,6253.1606,mp_oct
11,6253.461,mp_oct
28,6253.7612,mp_oct
38,6254.0615,mp_oct
46,6254.3619,mp_oct
32,6254.6623,mp_oct
32,6254.9626,mp_oct
29,6255.2629,mp_oct
38,6255.5632,mp_oct
47,6255.8635,mp_oct
29,6256.1639,mp_oct
32,6256.4642,mp_oct
32,6256.7645,mp_oct
32,6257.0648,mp_oct
32,6257.3652,mp_oct
48,6257.6656,mp_oct
48,6257.9659,mp_oct
1,6258.2662,mp_oct
30,6258.5665,mp_oct
30,6258.8669,mp_oct
1,6259.1672,mp_oct
32,6259.4675,mp_oct
29,6259.7678,mp_oct
29,6260.0682,mp_oct
5,6260.3685,mp_oct
5,6260.6688,mp_oct
34,6260.9692,mp_oct
50,6261.2694,mp_oct
2,6261.5698,mp_oct
46,6261.8701,mp_oct
29,6262.1705,mp_oct
29,6262.4708,mp_oct
38,6262.7712,mp_oct
47,6263.0715,mp_oct
2,6263.3718,mp_oct
2,6263.6721,mp_oct
2,6263.9724,mp_oct
2,6264.2728,mp_oct
2,6264.5731,mp_oct
50,6264.8734,mp_oct
28,6265.1738,mp_oct
28,6265.4741,mp_oct
2,6265.7744,mp_oct
2,6266.0748,mp_oct
33,6266.3751,mp_oct
26,6266.6754,mp_oct
26,6266.9758,mp_oct
48,6267.2761,mp_oct
32,6267.5764,mp_oct
29,6267.8768,mp_oct
1,6268.1771,mp_oct
38,6268.4774,mp_oct
26,6268.7777,mp_oct
38,6269.0781,mp_oct
28,6269.3784,mp_oct
28,6269.6787,mp_oct
41,6269.9791,mp_oct
28,6270.2794,mp_oct
28,6270.5797,mp_oct
5,6270.88,mp_oct
43,6271.1804,mp_oct
43,6271.4807,mp_oct
46,6271.781,mp_oct
29,6272.0814,mp_oct
1,6272.3817,mp_oct
32,6272.682,mp_oct
1,6272.9824,mp_oct
1,6273.2827,mp_oct
1,6273.583,mp_oct
48,6273.8834,mp_oct
32,6274.1837,mp_oct
39,6274.484,mp_oct
39,6274.7843,mp_oct
39,6275.0846,mp_oct
39,6275.385,mp_oct
39,6275.6853,mp_oct
36,6275.9857,mp_oct
48,6276.286,mp_oct
1,6276.5863,mp_oct
30,6276.8867,mp_oct
31,6277.187,mp_oct
36,6277.4873,mp_oct
1,6277.7876,mp_oct
1,6278.088,mp_oct
1,6278.3883,mp_oct
49,6278.6887,mp_oct
2,6278.989,mp_oct
30,6279.2893,mp_oct
49,6279.5896,mp_oct
30,6279.8899,mp_oct
1,6280.1903,mp_oct
48,6280.4906,mp_oct
48,6280.7909,mp_oct
48,6281.0913,mp_oct
39,6281.3916,mp_oct
39,6281.6919,mp_oct
32,6281.9923,mp_oct
32,6282.2925,mp_oct
32,6282.5929,mp_oct
32,6282.8932,mp_oct
46,6283.1936,mp_oct
32,6283.4939,mp_oct
29,6283.7942,mp_oct
29,6284.0945,mp_oct
1,6284.3948,mp_oct
34,6284.6953,mp_oct
2,6284.9956,mp_oct
8,6285.2959,mp_oct
32,6285.5963,mp_oct
1,6285.8966,mp_oct
30,6286.1969,mp_oct
30,6286.4972,mp_oct
37,6286.7976,mp_oct
37,6287.0979,mp_oct
37,6287.3982,mp_oct
37,6287.6985,mp_oct
28,6287.9988,mp_oct
26,6288.2992,mp_oct
35,6288.5995,mp_oct
35,6288.8999,mp_oct
38,6289.2002,mp_oct
28,6289.5005,mp_oct
28,6289.8009,mp_oct
28,6290.1011,mp_oct
28,6290.4015,mp_oct
28,6290.7018,mp_oct
50,6291.0021,mp_oct
2,6291.3075,mp_oct
26,6291.6028,mp_oct
26,6291.9032,mp_oct
5,6292.2035,mp_oct
8,6292.5038,mp_oct
8,6292.8041,mp_oct
45,6293.1044,mp_oct
41,6293.4048,mp_oct
41,6293.7052,mp_oct
34,6294.0054,mp_oct
5,6294.3058,mp_oct
34,6294.6061,mp_oct
8,6294.9064,mp_oct
43,6295.2068,mp_oct
4,6295.5071,mp_oct
3,6295.8074,mp_oct
3,6296.1077,mp_oct
3,6296.408,mp_oct
43,6296.7084,mp_oct
43,6297.0087,mp_oct
43,6297.3091,mp_oct
43,6297.6094,mp_oct
43,6297.9098,mp_oct
6,6298.2101,mp_oct
8,6298.5103,mp_oct
43,6298.8107,mp_oct
43,6299.111,mp_oct
8,6299.4114,mp_oct
45,6299.7117,mp_oct
5,6300.012,mp_oct
45,6300.3124,mp_oct
45,6300.6126,mp_oct
45,6300.9129,mp_oct
41,6301.2133,mp_oct
41,6301.5136,mp_oct
41,6301.814,mp_oct
5,6302.1143,mp_oct
43,6302.4147,mp_oct
26,6302.715,mp_oct
35,6303.0153,mp_oct
35,6303.3157,mp_oct
35,6303.616,mp_oct
35,6303.9163,mp_oct
35,6304.2166,mp_oct
26,6304.517,mp_oct
35,6304.8173,mp_oct
35,6305.1176,mp_oct
35,6305.418,mp_oct
44,6305.7183,mp_oct
29,6306.0186,mp_oct
34,6306.319,mp_oct
2,6306.6193,mp_oct
26,6306.9196,mp_oct
26,6307.2199,mp_oct
38,6307.5203,mp_oct
35,6307.8206,mp_oct
44,6308.1209,mp_oct
38,6308.4213,mp_oct
28,6308.7216,mp_oct
40,6309.0219,mp_oct
28,6309.3222,mp_oct
40,6309.6226,mp_oct
28,6309.9229,mp_oct
34,6310.2233,mp_oct
43,6310.5236,mp_oct
43,6310.8238,mp_oct
3,6311.1242,mp_oct
46,6311.4245,mp_oct
43,6311.7248,mp_oct
46,6312.0252,mp_oct
35,6312.3255,mp_oct
35,6312.6259,mp_oct
35,6312.9262,mp_oct
35,6313.2265,mp_oct
29,6313.5268,mp_oct
46,6313.8272,mp_oct
32,6314.1275,mp_oct
48,6314.4278,mp_oct
36,6314.7282,mp_oct
30,6315.0285,mp_oct
37,6315.3288,mp_oct
36,6315.6291,mp_oct
32,6315.9294,mp_oct
44,6316.5301,mp_oct
33,6316.8305,mp_oct
44,6317.1308,mp_oct
35,6317.4311,mp_oct
35,6317.7314,mp_oct
29,6318.0317,mp_oct
29,6318.3321,mp_oct
47,6318.6332,mp_oct
2,6318.9327,mp_oct
46,6319.2339,mp_oct
46,6319.8338,mp_oct
26,6320.1341,mp_oct
38,6320.4344,mp_oct
26,6320.7347,mp_oct
44,6321.0351,mp_oct
26,6321.3353,mp_oct
35,6321.6357,mp_oct
2,6321.936,mp_oct
38,6322.2363,mp_oct
35,6322.5367,mp_oct
26,6322.8371,mp_oct
35,6323.1374,mp_oct
38,6323.4377,mp_oct
38,6323.738,mp_oct
35,6324.0383,mp_oct
26,6324.3395,mp_oct
2,6324.639,mp_oct
50,6324.9393,mp_oct
40,6325.2396,mp_oct
38,6325.5399,mp_oct
35,6325.8403,mp_oct
35,6326.1407,mp_oct
33,6326.441,mp_oct
33,6326.7413,mp_oct
38,6327.0417,mp_oct
26,6327.3419,mp_oct
26,6327.6423,mp_oct
26,6327.9426,mp_oct
26,6328.243,mp_oct
35,6328.5433,mp_oct
32,6328.8436,mp_oct
48,6329.1439,mp_oct
1,6329.4443,mp_oct
30,6329.7446,mp_oct
2,6330.0449,mp_oct
49,6330.3452,mp_oct
2,6330.6456,mp_oct
1,6330.9459,mp_oct
44,6331.2462,mp_oct
44,6331.5466,mp_oct
26,6331.8469,mp_oct
33,6332.1472,mp_oct
38,6332.4475,mp_oct
37,6332.7479,mp_oct
26,6333.0482,mp_oct
38,6333.3485,mp_oct
37,6333.6489,mp_oct
11,6333.9492,mp_oct
26,6334.2495,mp_oct
38,6334.5499,mp_oct
38,6334.8501,mp_oct
11,6335.1505,mp_oct
15,6335.4508,mp_oct
44,6335.7512,mp_oct
44,6336.0515,mp_oct
26,6336.3518,mp_oct
44,6336.9525,mp_oct
44,6337.2528,mp_oct
44,6337.5531,mp_oct
44,6337.8534,mp_oct
33,6338.1538,mp_oct
33,6338.4542,mp_oct
26,6338.7545,mp_oct
2,6339.0548,mp_oct
28,6339.355,mp_oct
26,6339.6554,mp_oct
26,6339.9557,mp_oct
35,6340.2561,mp_oct
26,6340.5564,mp_oct
34,6340.8567,mp_oct
6,6341.1571,mp_oct
17,6341.4574,mp_oct
5,6341.7577,mp_oct
10,6342.058,mp_oct
42,6342.3584,mp_oct
42,6342.6587,mp_oct
11,6342.959,mp_oct
11,6343.2594,mp_oct
11,6343.5597,mp_oct
42,6343.86,mp_oct
42,6344.1604,mp_oct
11,6344.4606,mp_oct
42,6344.7611,mp_oct
42,6345.0613,mp_oct
11,6345.3616,mp_oct
11,6345.662,mp_oct
42,6345.9623,mp_oct
42,6346.2636,mp_oct
11,6346.563,mp_oct
11,6346.8633,mp_oct
42,6347.1636,mp_oct
42,6347.464,mp_oct
10,6347.7643,mp_oct
10,6348.0646,mp_oct
11,6348.3649,mp_oct
42,6348.6653,mp_oct
11,6348.9656,mp_oct
11,6349.2659,mp_oct
42,6349.5662,mp_oct
11,6349.8666,mp_oct
42,6350.1669,mp_oct
42,6350.4673,mp_oct
42,6350.7676,mp_oct
42,6351.0679,mp_oct
42,6351.3682,mp_oct
42,6351.6686,mp_oct
42,6351.969,mp_oct
11,6352.2692,mp_oct
42,6352.5696,mp_oct
42,6352.8699,mp_oct
42,6353.1702,mp_oct
11,6353.4706,mp_oct
42,6353.7709,mp_oct
42,6354.0712,mp_oct
42,6354.3715,mp_oct
42,6354.6719,mp_oct
42,6354.9722,mp_oct
42,6355.2725,mp_oct
42,6355.5728,mp_oct
11,6355.8732,mp_oct
42,6356.1735,mp_oct
42,6356.4739,mp_oct
42,6356.7742,mp_oct
42,6357.0745,mp_oct
28,6357.3749,mp_oct
42,6357.6751,mp_oct
21,6357.9755,mp_oct
45,6358.2758,mp_oct
45,6358.5762,mp_oct
11,6358.8765,mp_oct
12,6359.1768,mp_oct
35,6359.4772,mp_oct
8,6359.7775,mp_oct
5,6360.0778,mp_oct
6,6360.3781,mp_oct
34,6360.6785,mp_oct
45,6360.9788,mp_oct
41,6361.2791,mp_oct
41,6361.5795,mp_oct
5,6361.8798,mp_oct
34,6362.1801,mp_oct
45,6362.4804,mp_oct
45,6362.7808,mp_oct
6,6363.0812,mp_oct
41,6363.3815,mp_oct
5,6363.6818,mp_oct
35,6363.9821,mp_oct
35,6364.2824,mp_oct
26,6364.5827,mp_oct
11,6364.8831,mp_oct
11,6365.1834,mp_oct
26,6365.4837,mp_oct
44,6365.7866,mp_oct
38,6366.0844,mp_oct
37,6366.3847,mp_oct
37,6366.6851,mp_oct
37,6366.9854,mp_oct
40,6367.2858,mp_oct
40,6367.5861,mp_oct
40,6367.8864,mp_oct
40,6368.1867,mp_oct
40,6368.487,mp_oct
40,6368.7874,mp_oct
37,6369.0876,mp_oct
40,6369.388,mp_oct
37,6369.6884,mp_oct
37,6369.9887,mp_oct
44,6370.2891,mp_oct
33,6370.5893,mp_oct
27,6370.8897,mp_oct
37,6371.19,mp_oct
40,6371.4903,mp_oct
40,6371.7907,mp_oct
30,6372.091,mp_oct
33,6372.3913,mp_oct
44,6372.6917,mp_oct
33,6372.992,mp_oct
37,6373.2923,mp_oct
40,6373.5976,mp_oct
28,6373.8929,mp_oct
38,6374.1933,mp_oct
30,6374.4937,mp_oct
38,6374.794,mp_oct
42,6375.0943,mp_oct
10,6375.3946,mp_oct
44,6375.695,mp_oct
33,6375.9953,mp_oct
33,6376.2956,mp_oct
33,6376.596,mp_oct
44,6376.8963,mp_oct
35,6377.1966,mp_oct
13,6377.497,mp_oct
38,6377.7973,mp_oct
8,6378.1001,mp_oct
38,6378.398,mp_oct
10,6378.6983,mp_oct
41,6378.9986,mp_oct
10,6379.2989,mp_oct
35,6379.5993,mp_oct
26,6379.8996,mp_oct
11,6380.1999,mp_oct
11,6380.5002,mp_oct
42,6380.8006,mp_oct
10,6381.1009,mp_oct
11,6381.4012,mp_oct
42,6381.7015,mp_oct
11,6382.0018,mp_oct
11,6382.3022,mp_oct
11,6382.6025,mp_oct
11,6382.9029,mp_oct
42,6383.204,mp_oct
10,6383.5035,mp_oct
11,6383.8038,mp_oct
11,6384.1042,mp_oct
11,6384.4045,mp_oct
42,6384.7048,mp_oct
11,6385.0052,mp_oct
42,6385.3055,mp_oct
42,6385.6058,mp_oct
42,6385.9061,mp_oct
11,6386.2064,mp_oct
42,6386.5068,mp_oct
42,6386.8071,mp_oct
42,6387.1075,mp_oct
42,6387.4078,mp_oct
42,6387.7081,mp_oct
15,6388.0084,mp_oct
10,6388.3088,mp_oct
11,6388.6091,mp_oct
42,6388.9095,mp_oct
42,6389.2098,mp_oct
6,6389.5101,mp_oct
42,6389.8104,mp_oct
41,6390.1108,mp_oct
19,6390.4111,mp_oct
10,6390.7114,mp_oct
11,6391.0118,mp_oct
42,6391.3121,mp_oct
11,6391.6124,mp_oct
10,6391.9127,mp_oct
5,6392.2131,mp_oct
6,6392.5134,mp_oct
6,6392.8137,mp_oct
41,6393.114,mp_oct
42,6393.4143,mp_oct
28,6393.7147,mp_oct
45,6394.015,mp_oct
11,6394.3154,mp_oct
11,6394.6158,mp_oct
42,6394.9161,mp_oct
10,6395.2164,mp_oct
11,6395.5167,mp_oct
11,6395.817,mp_oct
11,6396.1173,mp_oct
42,6396.4177,mp_oct
11,6396.718,mp_oct
10,6397.0184,mp_oct
11,6397.3186,mp_oct
42,6397.619,mp_oct
42,6397.9194,mp_oct
10,6398.2197,mp_oct
15,6398.52,mp_oct
10,6398.8203,mp_oct
11,6399.1207,mp_oct
42,6399.421,mp_oct
11,6399.7213,mp_oct
42,6400.0216,mp_oct
42,6400.322,mp_oct
42,6400.6223,mp_oct
10,6400.9227,mp_oct
11,6401.223,mp_oct
42,6401.5233,mp_oct
11,6401.8236,mp_oct
11,6402.124,mp_oct
42,6402.4242,mp_oct
11,6402.7246,mp_oct
11,6403.0249,mp_oct
15,6403.3253,mp_oct
8,6403.6256,mp_oct
5,6403.926,mp_oct
41,6404.2263,mp_oct
28,6404.5266,mp_oct
11,6404.8269,mp_oct
11,6405.1273,mp_oct
42,6405.4276,mp_oct
28,6405.728,mp_oct
12,6406.0282,mp_oct
26,6406.3286,mp_oct
8,6406.6289,mp_oct
45,6406.9292,mp_oct
6,6407.2296,mp_oct
45,6407.5299,mp_oct
41,6407.8302,mp_oct
45,6408.1306,mp_oct
6,6408.4309,mp_oct
45,6408.7312,mp_oct
41,6409.0315,mp_oct
45,6409.3318,mp_oct
5,6409.6322,mp_oct
6,6409.9325,mp_oct
11,6410.2329,mp_oct
28,6410.5332,mp_oct
28,6410.8335,mp_oct
42,6411.1339,mp_oct
19,6411.4342,mp_oct
28,6411.7345,mp_oct
28,6412.0348,mp_oct
10,6412.3352,mp_oct
11,6412.6355,mp_oct
6,6412.9358,mp_oct
45,6413.2362,mp_oct
41,6413.5365,mp_oct
41,6413.8369,mp_oct
45,6414.1371,mp_oct
35,6414.4374,mp_oct
10,6414.7378,mp_oct
26,6415.0381,mp_oct
11,6415.3384,mp_oct
11,6415.6388,mp_oct
11,6415.9391,mp_oct
11,6416.2394,mp_oct
11,6416.5398,mp_oct
38,6416.8401,mp_oct
26,6417.1404,mp_oct
10,6417.4408,mp_oct
28,6417.7411,mp_oct
42,6418.0415,mp_oct
11,6418.3418,mp_oct
28,6418.6421,mp_oct
28,6418.9424,mp_oct
42,6419.2428,mp_oct
11,6419.543,mp_oct
11,6419.8433,mp_oct
42,6420.1437,mp_oct
42,6420.444,mp_oct
28,6420.7444,mp_oct
42,6421.0447,mp_oct
42,6421.3451,mp_oct
42,6421.6453,mp_oct
11,6421.9457,mp_oct
10,6422.246,mp_oct
26,6422.5464,mp_oct
11,6422.8467,mp_oct
42,6423.147,mp_oct
38,6423.4474,mp_oct
10,6423.7477,mp_oct
10,6424.048,mp_oct
10,6424.3483,mp_oct
10,6424.6487,mp_oct
11,6424.949,mp_oct
11,6425.2493,mp_oct
11,6425.5497,mp_oct
42,6425.85,mp_oct
11,6426.1503,mp_oct
10,6426.4507,mp_oct
15,6426.7509,mp_oct
10,6427.0513,mp_oct
11,6427.3516,mp_oct
38,6427.6519,mp_oct
10,6427.9523,mp_oct
28,6428.2526,mp_oct
11,6428.553,mp_oct
28,6428.8533,mp_oct
38,6429.1536,mp_oct
11,6429.454,mp_oct
11,6429.7543,mp_oct
42,6430.0547,mp_oct
38,6430.355,mp_oct
15,6430.6552,mp_oct
38,6430.9556,mp_oct
38,6431.2559,mp_oct
10,6431.5563,mp_oct
28,6431.8566,mp_oct
10,6432.157,mp_oct
38,6432.4573,mp_oct
11,6432.7576,mp_oct
11,6433.058,mp_oct
11,6433.3582,mp_oct
28,6433.6586,mp_oct
11,6433.9589,mp_oct
11,6434.2593,mp_oct
42,6434.5595,mp_oct
42,6434.8599,mp_oct
28,6435.1602,mp_oct
28,6435.4606,mp_oct
11,6435.7609,mp_oct
28,6436.0612,mp_oct
42,6436.3615,mp_oct
11,6436.6619,mp_oct
11,6436.9622,mp_oct
15,6437.2625,mp_oct
35,6437.5628,mp_oct
35,6437.8632,mp_oct
1,6438.1635,mp_oct
29,6438.4639,mp_oct
5,6438.7642,mp_oct
4,6439.0645,mp_oct
4,6439.3648,mp_oct
7,6439.6652,mp_oct
1,6439.9655,mp_oct
47,6440.2658,mp_oct
31,6440.5661,mp_oct
40,6440.8665,mp_oct
30,6441.1668,mp_oct
31,6441.4671,mp_oct
49,6441.7674,mp_oct
49,6442.0678,mp_oct
49,6442.3681,mp_oct
31,6442.6685,mp_oct
31,6442.9688,mp_oct
40,6443.2691,mp_oct
49,6443.5695,mp_oct
49,6443.8698,mp_oct
2,6444.1701,mp_oct
4,6444.4704,mp_oct
9,6444.7708,mp_oct
43,6445.0711,mp_oct
35,6445.3714,mp_oct
35,6445.6718,mp_oct
26,6445.9721,mp_oct
38,6446.2724,mp_oct
38,6446.5728,mp_oct
11,6446.8731,mp_oct
11,6447.1734,mp_oct
42,6447.4737,mp_oct
28,6447.7741,mp_oct
42,6448.0744,mp_oct
10,6448.3747,mp_oct
11,6448.6751,mp_oct
42,6448.9754,mp_oct
42,6449.2757,mp_oct
11,6449.5761,mp_oct
11,6449.8764,mp_oct
42,6450.1767,mp_oct
42,6450.477,mp_oct
42,6450.7773,mp_oct
42,6451.0777,mp_oct
11,6451.378,mp_oct
42,6451.6784,mp_oct
42,6451.9787,mp_oct
42,6452.279,mp_oct
11,6452.5793,mp_oct
42,6452.8797,mp_oct
11,6453.18,mp_oct
17,6453.4803,mp_oct
41,6453.7807,mp_oct
5,6454.081,mp_oct
26,6454.3814,mp_oct
8,6454.6817,mp_oct
8,6454.982,mp_oct
45,6455.2873,mp_oct
41,6455.5826,mp_oct
34,6455.883,mp_oct
3,6456.1833,mp_oct
9,6456.4836,mp_oct
4,6456.784,mp_oct
50,6457.0852,mp_oct
28,6457.3847,mp_oct
50,6457.685,mp_oct
50,6457.9853,mp_oct
6,6458.2856,mp_oct
41,6458.586,mp_oct
45,6458.8863,mp_oct
6,6459.1866,mp_oct
8,6459.487,mp_oct
19,6459.7873,mp_oct
19,6460.0876,mp_oct
13,6460.3879,mp_oct
11,6460.6883,mp_oct
41,6460.9886,mp_oct
34,6461.289,mp_oct
6,6461.5892,mp_oct
43,6461.8896,mp_oct
43,6462.1899,mp_oct
43,6462.4902,mp_oct
8,6462.7906,mp_oct
4,6463.0909,mp_oct
3,6463.3912,mp_oct
9,6463.6916,mp_oct
29,6463.9919,mp_oct
46,6464.2922,mp_oct
46,6464.5925,mp_oct
5,6464.8929,mp_oct
4,6465.1932,mp_oct
8,6465.4935,mp_oct
8,6465.7939,mp_oct
43,6466.0942,mp_oct
43,6466.3946,mp_oct
43,6466.6948,mp_oct
43,6466.9952,mp_oct
5,6467.2955,mp_oct
6,6467.5959,mp_oct
5,6467.8962,mp_oct
5,6468.1965,mp_oct
46,6468.4969,mp_oct
46,6468.7972,mp_oct
29,6469.0975,mp_oct
6,6469.3979,mp_oct
41,6469.6982,mp_oct
45,6469.9985,mp_oct
41,6470.2988,mp_oct
38,6470.5992,mp_oct
19,6470.8995,mp_oct
35,6471.1998,mp_oct
35,6471.5002,mp_oct
24,6471.8005,mp_oct
12,6472.1008,mp_oct
43,6472.4012,mp_oct
43,6472.7015,mp_oct
43,6473.0018,mp_oct
5,6473.3022,mp_oct
29,6473.6025,mp_oct
32,6473.9028,mp_oct
29,6474.2031,mp_oct
32,6474.5035,mp_oct
29,6474.8038,mp_oct
32,6475.1041,mp_oct
29,6475.4045,mp_oct
5,6475.7047,mp_oct
38,6476.0051,mp_oct
50,6476.3054,mp_oct
2,6476.6057,mp_oct
50,6476.9061,mp_oct
50,6477.2065,mp_oct
50,6477.5067,mp_oct
28,6477.8071,mp_oct
50,6478.1074,mp_oct
2,6478.4077,mp_oct
34,6478.7081,mp_oct
5,6479.0084,mp_oct
8,6479.3087,mp_oct
29,6479.6091,mp_oct
30,6479.9094,mp_oct
47,6480.2097,mp_oct
5,6480.51,mp_oct
29,6480.8103,mp_oct
32,6481.1108,mp_oct
32,6481.411,mp_oct
32,6481.7114,mp_oct
32,6482.0117,mp_oct
32,6482.312,mp_oct
48,6482.6124,mp_oct
32,6482.9127,mp_oct
32,6483.213,mp_oct
32,6483.5133,mp_oct
32,6483.8137,mp_oct
7,6484.114,mp_oct
32,6484.4143,mp_oct
32,6484.7146,mp_oct
29,6485.015,mp_oct
2,6485.3154,mp_oct
29,6485.6156,mp_oct
1,6485.916,mp_oct
2,6486.2164,mp_oct
32,6486.5166,mp_oct
1,6486.817,mp_oct
48,6487.1173,mp_oct
30,6487.4176,mp_oct
30,6487.718,mp_oct
30,6488.0183,mp_oct
32,6488.3186,mp_oct
32,6488.6189,mp_oct
47,6488.9193,mp_oct
4,6489.2196,mp_oct
1,6489.5199,mp_oct
32,6489.8202,mp_oct
7,6490.1206,mp_oct
7,6490.4209,mp_oct
7,6490.7212,mp_oct
7,6491.0216,mp_oct
31,6491.3219,mp_oct
7,6491.6222,mp_oct
7,6491.9226,mp_oct
7,6492.5232,mp_oct
9,6492.8236,mp_oct
9,6493.1239,mp_oct
9,6493.4242,mp_oct
9,6493.7245,mp_oct
7,6494.0249,mp_oct
7,6494.3252,mp_oct
7,6494.6255,mp_oct
7,6494.9258,mp_oct
7,6495.2262,mp_oct
7,6495.5265,mp_oct
7,6495.8268,mp_oct
7,6496.1272,mp_oct
7,6496.4275,mp_oct
7,6496.7279,mp_oct
7,6497.0282,mp_oct
36,6497.3285,mp_oct
36,6497.6288,mp_oct
36,6497.9291,mp_oct
7,6498.2295,mp_oct
7,6498.5298,mp_oct
31,6498.8301,mp_oct
31,6499.1304,mp_oct
36,6499.4308,mp_oct
36,6499.7311,mp_oct
31,6500.0315,mp_oct
7,6500.3318,mp_oct
7,6500.6321,mp_oct
1,6500.9325,mp_oct
7,6501.2327,mp_oct
7,6501.5331,mp_oct
7,6501.8334,mp_oct
7,6502.1337,mp_oct
7,6502.434,mp_oct
7,6502.7344,mp_oct
7,6503.0348,mp_oct
7,6503.3351,mp_oct
7,6503.6354,mp_oct
36,6503.9357,mp_oct
31,6504.2361,mp_oct
7,6504.5364,mp_oct
7,6504.8367,mp_oct
36,6505.137,mp_oct
31,6505.4374,mp_oct
7,6505.7377,mp_oct
4,6506.038,mp_oct
30,6506.3384,mp_oct
31,6506.6387,mp_oct
31,6506.939,mp_oct
31,6507.2394,mp_oct
31,6507.5397,mp_oct
31,6507.84,mp_oct
31,6508.1404,mp_oct
31,6508.4406,mp_oct
7,6508.741,mp_oct
7,6509.0413,mp_oct
7,6509.3417,mp_oct
7,6509.642,mp_oct
7,6509.9423,mp_oct
7,6510.2427,mp_oct
7,6510.543,mp_oct
7,6510.8433,mp_oct
7,6511.1437,mp_oct
9,6511.444,mp_oct
1,6511.7443,mp_oct
30,6512.0446,mp_oct
36,6512.345,mp_oct
30,6512.6453,mp_oct
49,6512.9456,mp_oct
49,6513.246,mp_oct
49,6513.5462,mp_oct
48,6513.8466,mp_oct
32,6514.1469,mp_oct
7,6514.4473,mp_oct
1,6514.7476,mp_oct
31,6515.0479,mp_oct
31,6515.3482,mp_oct
36,6515.6486,mp_oct
1,6515.949,mp_oct
32,6516.2492,mp_oct
39,6516.5496,mp_oct
32,6516.85,mp_oct
39,6517.1503,mp_oct
39,6517.4506,mp_oct
39,6517.751,mp_oct
39,6518.0512,mp_oct
7,6518.3515,mp_oct
7,6518.6518,mp_oct
31,6518.9523,mp_oct
31,6519.2526,mp_oct
36,6519.5529,mp_oct
7,6519.8532,mp_oct
36,6520.1535,mp_oct
31,6520.4539,mp_oct
36,6520.7542,mp_oct
7,6521.0545,mp_oct
48,6521.3548,mp_oct
46,6521.6552,mp_oct
29,6521.9555,mp_oct
38,6522.2558,mp_oct
47,6522.5562,mp_oct
47,6522.8565,mp_oct
9,6523.1568,mp_oct
9,6523.4572,mp_oct
31,6523.7575,mp_oct
40,6524.0578,mp_oct
9,6524.3581,mp_oct
1,6524.6585,mp_oct
31,6524.9588,mp_oct
31,6525.2591,mp_oct
30,6525.5595,mp_oct
48,6525.8598,mp_oct
4,6526.1601,mp_oct
30,6526.4605,mp_oct
30,6526.7608,mp_oct
9,6527.0611,mp_oct
32,6527.3614,mp_oct
34,6527.6618,mp_oct
2,6527.9621,mp_oct
2,6528.2625,mp_oct
29,6528.5627,mp_oct
32,6528.8631,mp_oct
48,6529.1634,mp_oct
31,6529.4638,mp_oct
31,6529.7641,mp_oct
1,6530.0644,mp_oct
7,6530.3648,mp_oct
7,6530.6651,mp_oct
30,6530.9654,mp_oct
31,6531.2657,mp_oct
31,6531.566,mp_oct
31,6531.8664,mp_oct
36,6532.1668,mp_oct
49,6532.467,mp_oct
36,6532.7674,mp_oct
32,6533.0677,mp_oct
48,6533.368,mp_oct
1,6533.6684,mp_oct
49,6533.9687,mp_oct
29,6534.2691,mp_oct
2,6534.5694,mp_oct
30,6534.8697,mp_oct
30,6535.17,mp_oct
50,6535.4704,mp_oct
2,6535.7707,mp_oct
50,6536.071,mp_oct
30,6536.3714,mp_oct
34,6536.6717,mp_oct
29,6536.972,mp_oct
48,6537.2723,mp_oct
49,6537.5726,mp_oct
30,6537.873,mp_oct
4,6538.1733,mp_oct
9,6538.4736,mp_oct
9,6538.774,mp_oct
7,6539.0743,mp_oct
36,6539.3746,mp_oct
7,6539.675,mp_oct
36,6539.9762,mp_oct
36,6540.2756,mp_oct
7,6540.576,mp_oct
7,6540.8763,mp_oct
7,6541.1766,mp_oct
31,6541.4769,mp_oct
7,6541.7773,mp_oct
7,6542.0776,mp_oct
7,6542.378,mp_oct
7,6542.6783,mp_oct
7,6542.9786,mp_oct
1,6543.2789,mp_oct
1,6543.5793,mp_oct
36,6543.8796,mp_oct
36,6544.1799,mp_oct
30,6544.4802,mp_oct
49,6544.7806,mp_oct
40,6545.081,mp_oct
49,6545.3812,mp_oct
30,6545.6816,mp_oct
49,6545.9819,mp_oct
1,6546.2822,mp_oct
1,6546.5826,mp_oct
49,6546.8829,mp_oct
1,6547.1832,mp_oct
32,6547.4836,mp_oct
39,6547.7839,mp_oct
36,6548.0842,mp_oct
30,6548.3845,mp_oct
49,6548.6849,mp_oct
39,6548.9852,mp_oct
7,6549.2855,mp_oct
31,6549.5858,mp_oct
31,6549.8862,mp_oct
36,6550.1865,mp_oct
31,6550.4869,mp_oct
39,6550.7872,mp_oct
39,6551.0876,mp_oct
39,6551.3879,mp_oct
39,6551.6882,mp_oct
7,6551.9885,mp_oct
7,6552.2888,mp_oct
7,6552.5892,mp_oct
7,6552.8895,mp_oct
7,6553.1899,mp_oct
48,6553.4901,mp_oct
48,6553.7905,mp_oct
39,6554.0908,mp_oct
39,6554.3912,mp_oct
27,6554.6915,mp_oct
44,6554.9918,mp_oct
44,6555.2922,mp_oct
44,6555.5925,mp_oct
29,6555.8928,mp_oct
29,6556.1931,mp_oct
29,6556.7938,mp_oct
29,6557.0941,mp_oct
5,6557.3945,mp_oct
8,6557.6948,mp_oct
29,6557.9951,mp_oct
29,6558.2955,mp_oct
32,6558.5958,mp_oct
44,6558.8962,mp_oct
44,6559.1965,mp_oct
44,6559.4968,mp_oct
32,6559.7971,mp_oct
5,6560.0975,mp_oct
2,6560.3978,mp_oct
5,6560.6981,mp_oct
29,6560.9985,mp_oct
29,6561.2988,mp_oct
29,6561.5991,mp_oct
38,6561.8994,mp_oct
35,6562.1998,mp_oct
44,6562.5001,mp_oct
44,6562.8004,mp_oct
35,6563.1008,mp_oct
35,6563.4011,mp_oct
26,6563.7014,mp_oct
26,6564.0018,mp_oct
26,6564.3021,mp_oct
26,6564.6025,mp_oct
38,6564.9028,mp_oct
35,6565.2031,mp_oct
26,6565.5034,mp_oct
26,6565.8037,mp_oct
44,6566.104,mp_oct
44,6566.4044,mp_oct
44,6566.7047,mp_oct
38,6567.0051,mp_oct
38,6567.3054,mp_oct
44,6567.6058,mp_oct
44,6567.9061,mp_oct
44,6568.2064,mp_oct
26,6568.5067,mp_oct
44,6568.8071,mp_oct
44,6569.1074,mp_oct
26,6569.4077,mp_oct
44,6569.708,mp_oct
26,6570.0084,mp_oct
44,6570.3087,mp_oct
35,6570.6091,mp_oct
46,6570.9093,mp_oct
29,6571.2097,mp_oct
29,6571.51,mp_oct
46,6571.8103,mp_oct
35,6572.1107,mp_oct
35,6572.411,mp_oct
26,6572.7113,mp_oct
35,6573.0116,mp_oct
8,6573.312,mp_oct
6,6573.6123,mp_oct
11,6573.9126,mp_oct
45,6574.213,mp_oct
13,6574.5132,mp_oct
26,6574.8136,mp_oct
26,6575.114,mp_oct
26,6575.4143,mp_oct
35,6575.7146,mp_oct
35,6576.015,mp_oct
26,6576.3152,mp_oct
26,6576.6156,mp_oct
26,6576.916,mp_oct
35,6577.2163,mp_oct
35,6577.5166,mp_oct
6,6577.8169,mp_oct
28,6578.1173,mp_oct
35,6578.4176,mp_oct
35,6578.7179,mp_oct
35,6579.0182,mp_oct
46,6579.3186,mp_oct
6,6579.6189,mp_oct
43,6579.9192,mp_oct
46,6580.2196,mp_oct
29,6580.5199,mp_oct
46,6580.8202,mp_oct
43,6581.1205,mp_oct
43,6581.4209,mp_oct
46,6581.7212,mp_oct
46,6582.0215,mp_oct
46,6582.3219,mp_oct
46,6582.6222,mp_oct
3,6582.9226,mp_oct
3,6583.2229,mp_oct
3,6583.5232,mp_oct
3,6583.8235,mp_oct
3,6584.1239,mp_oct
3,6584.4242,mp_oct
3,6584.7245,mp_oct
3,6585.0248,mp_oct
4,6585.3252,mp_oct
3,6585.6255,mp_oct
29,6585.9259,mp_oct
29,6586.2261,mp_oct
46,6586.5265,mp_oct
46,6586.8268,mp_oct
43,6587.1272,mp_oct
46,6587.4275,mp_oct
43,6587.7278,mp_oct
46,6588.0281,mp_oct
5,6588.3284,mp_oct
47,6588.6288,mp_oct
8,6588.9291,mp_oct
46,6589.2295,mp_oct
47,6589.5298,mp_oct
2,6589.8301,mp_oct
45,6590.1305,mp_oct
2,6590.4308,mp_oct
49,6590.7311,mp_oct
5,6591.0315,mp_oct
50,6591.3318,mp_oct
50,6591.6321,mp_oct
29,6591.9324,mp_oct
34,6592.2328,mp_oct
2,6592.5331,mp_oct
45,6592.8334,mp_oct
50,6593.1337,mp_oct
50,6593.4341,mp_oct
50,6593.7344,mp_oct
50,6594.0347,mp_oct
50,6594.335,mp_oct
50,6594.6354,mp_oct
50,6594.9357,mp_oct
50,6595.236,mp_oct
50,6595.5364,mp_oct
45,6595.8367,mp_oct
46,6596.137,mp_oct
34,6596.4374,mp_oct
5,6596.7377,mp_oct
26,6597.038,mp_oct
38,6597.3384,mp_oct
38,6597.6387,mp_oct
49,6597.939,mp_oct
49,6598.2393,mp_oct
49,6598.5397,mp_oct
50,6598.84,mp_oct
50,6599.1404,mp_oct
50,6599.4407,mp_oct
28,6599.741,mp_oct
47,6600.0413,mp_oct
35,6600.3416,mp_oct
38,6600.642,mp_oct
35,6600.9423,mp_oct
44,6601.2477,mp_oct
27,6601.543,mp_oct
44,6601.8434,mp_oct
33,6602.1436,mp_oct
30,6602.4439,mp_oct
37,6602.7443,mp_oct
40,6603.0446,mp_oct
40,6603.3449,mp_oct
37,6603.6453,mp_oct
49,6603.9456,mp_oct
48,6604.246,mp_oct
32,6604.5471,mp_oct
2,6604.8466,mp_oct
49,6605.1469,mp_oct
49,6605.4473,mp_oct
30,6605.7476,mp_oct
48,6606.0479,mp_oct
30,6606.3483,mp_oct
32,6606.6486,mp_oct
48,6606.9489,mp_oct
36,6607.2492,mp_oct
30,6607.5496,mp_oct
1,6607.8499,mp_oct
48,6608.1502,mp_oct
48,6608.4506,mp_oct
36,6608.7509,mp_oct
30,6609.0513,mp_oct
48,6609.3516,mp_oct
37,6609.6519,mp_oct
40,6609.9522,mp_oct
28,6610.2526,mp_oct
49,6610.5529,mp_oct
1,6610.8532,mp_oct
46,6611.1536,mp_oct
5,6611.4539,mp_oct
2,6611.7542,mp_oct
5,6612.0545,mp_oct
45,6612.3548,mp_oct
41,6612.6577,mp_oct
41,6612.9555,mp_oct
41,6613.2559,mp_oct
41,6613.5561,mp_oct
34,6613.8565,mp_oct
45,6614.1569,mp_oct
45,6614.4572,mp_oct
41,6614.7575,mp_oct
41,6615.0578,mp_oct
41,6615.3582,mp_oct
41,6615.6585,mp_oct
42,6615.9588,mp_oct
42,6616.2591,mp_oct
42,6616.5595,mp_oct
42,6616.8598,mp_oct
42,6617.1602,mp_oct
41,6617.4605,mp_oct
28,6617.7608,mp_oct
8,6618.0611,mp_oct
8,6618.3615,mp_oct
43,6618.6618,mp_oct
29,6618.9621,mp_oct
43,6619.2625,mp_oct
34,6619.5628,mp_oct
43,6619.8632,mp_oct
43,6620.1634,mp_oct
29,6620.4637,mp_oct
46,6620.7641,mp_oct
46,6621.0644,mp_oct
43,6621.3648,mp_oct
43,6621.6651,mp_oct
43,6621.9654,mp_oct
46,6622.2658,mp_oct
46,6622.566,mp_oct
43,6622.8664,mp_oct
43,6623.1668,mp_oct
5,6623.467,mp_oct
5,6623.7674,mp_oct
8,6624.0677,mp_oct
8,6624.3681,mp_oct
8,6624.6684,mp_oct
5,6624.9687,mp_oct
8,6625.2691,mp_oct
29,6625.5693,mp_oct
5,6625.8697,mp_oct
47,6626.17,mp_oct
45,6626.4703,mp_oct
45,6626.7707,mp_oct
6,6627.071,mp_oct
46,6627.3714,mp_oct
5,6627.6717,mp_oct
8,6627.972,mp_oct
43,6628.2724,mp_oct
29,6628.5727,mp_oct
29,6628.873,mp_oct
4,6629.1733,mp_oct
50,6629.4737,mp_oct
2,6629.774,mp_oct
2,6630.0743,mp_oct
29,6630.3747,mp_oct
8,6630.675,mp_oct
32,6630.9753,mp_oct
32,6631.2756,mp_oct
1,6631.576,mp_oct
30,6631.8763,mp_oct
49,6632.1776,mp_oct
2,6632.477,mp_oct
45,6632.7773,mp_oct
50,6633.0777,mp_oct
45,6633.378,mp_oct
5,6633.6783,mp_oct
32,6633.9786,mp_oct
29,6634.5793,mp_oct
29,6634.8796,mp_oct
34,6635.18,mp_oct
2,6635.4803,mp_oct
34,6635.7806,mp_oct
34,6636.081,mp_oct
4,6636.3813,mp_oct
2,6636.6816,mp_oct
30,6636.9819,mp_oct
47,6637.2822,mp_oct
34,6637.5826,mp_oct
45,6637.8829,mp_oct
41,6638.1833,mp_oct
41,6638.4836,mp_oct
28,6638.7839,mp_oct
28,6639.0842,mp_oct
17,6639.3845,mp_oct
41,6639.6849,mp_oct
28,6639.9852,mp_oct
28,6640.2855,mp_oct
6,6640.5859,mp_oct
45,6640.8862,mp_oct
11,6641.1865,mp_oct
6,6641.4869,mp_oct
28,6641.7872,mp_oct
26,6642.0876,mp_oct
35,6642.3879,mp_oct
46,6642.6882,mp_oct
46,6642.9885,mp_oct
43,6643.2889,mp_oct
46,6643.5892,mp_oct
46,6643.8895,mp_oct
46,6644.1898,mp_oct
29,6644.4902,mp_oct
29,6644.7905,mp_oct
29,6645.0908,mp_oct
46,6645.3911,mp_oct
1,6645.6915,mp_oct
30,6645.9918,mp_oct
30,6646.2922,mp_oct
2,6646.5925,mp_oct
2,6646.8928,mp_oct
50,6647.1932,mp_oct
2,6647.4934,mp_oct
30,6647.7939,mp_oct
2,6648.0941,mp_oct
2,6648.3945,mp_oct
50,6648.6948,mp_oct
8,6648.9951,mp_oct
46,6649.2955,mp_oct
46,6649.5957,mp_oct
29,6649.8961,mp_oct
48,6650.1964,mp_oct
1,6650.4968,mp_oct
28,6650.7972,mp_oct
26,6651.0974,mp_oct
26,6651.3978,mp_oct
26,6651.6981,mp_oct
38,6651.9984,mp_oct
28,6652.2987,mp_oct
19,6652.599,mp_oct
26,6652.8995,mp_oct
5,6653.1997,mp_oct
46,6653.5,mp_oct
43,6653.8004,mp_oct
5,6654.1007,mp_oct
2,6654.4011,mp_oct
50,6654.7014,mp_oct
29,6655.0017,mp_oct
26,6655.302,mp_oct
29,6655.6024,mp_oct
32,6655.9027,mp_oct
32,6656.2031,mp_oct
1,6656.5034,mp_oct
48,6656.8037,mp_oct
44,6657.1041,mp_oct
44,6657.4044,mp_oct
44,6657.7047,mp_oct
37,6658.005,mp_oct
40,6658.3054,mp_oct
40,6658.6057,mp_oct
40,6658.906,mp_oct
44,6659.2063,mp_oct
27,6659.5067,mp_oct
27,6659.807,mp_oct
37,6660.1074,mp_oct
33,6660.4077,mp_oct
27,6660.708,mp_oct
27,6661.0083,mp_oct
27,6661.3086,mp_oct
27,6661.609,mp_oct
27,6661.9093,mp_oct
27,6662.2097,mp_oct
27,6662.51,mp_oct
27,6662.8103,mp_oct
27,6663.1106,mp_oct
27,6663.411,mp_oct
27,6663.7113,mp_oct
44,6664.0116,mp_oct
32,6664.312,mp_oct
32,6664.6123,mp_oct
32,6664.9126,mp_oct
39,6665.213,mp_oct
32,6665.5132,mp_oct
32,6665.8136,mp_oct
36,6666.1139,mp_oct
32,6666.4143,mp_oct
46,6666.7146,mp_oct
1,6667.0149,mp_oct
2,6667.3152,mp_oct
30,6667.6156,mp_oct
30,6667.9159,mp_oct
48,6668.2162,mp_oct
32,6668.5166,mp_oct
39,6668.8169,mp_oct
48,6669.1181,mp_oct
36,6669.4175,mp_oct
36,6669.7178,mp_oct
30,6670.0182,mp_oct
39,6670.3185,mp_oct
7,6670.6188,mp_oct
7,6670.9192,mp_oct
31,6671.2195,mp_oct
31,6671.5198,mp_oct
31,6671.8201,mp_oct
7,6672.1205,mp_oct
7,6672.4208,mp_oct
7,6672.7212,mp_oct
7,6673.0215,mp_oct
36,6673.3218,mp_oct
31,6673.6221,mp_oct
7,6673.9225,mp_oct
7,6674.2228,mp_oct
39,6674.5231,mp_oct
32,6674.8235,mp_oct
48,6675.1238,mp_oct
39,6675.4241,mp_oct
39,6675.7245,mp_oct
27,6676.0248,mp_oct
27,6676.3251,mp_oct
27,6676.6255,mp_oct
44,6676.9258,mp_oct
26,6677.2261,mp_oct
38,6677.5264,mp_oct
44,6677.8268,mp_oct
38,6678.1271,mp_oct
50,6678.4274,mp_oct
28,6678.7277,mp_oct
50,6679.0281,mp_oct
28,6679.3284,mp_oct
28,6679.6288,mp_oct
26,6679.9291,mp_oct
46,6680.2294,mp_oct
43,6680.5297,mp_oct
29,6680.83,mp_oct
46,6681.1304,mp_oct
46,6681.4307,mp_oct
43,6681.731,mp_oct
43,6682.0314,mp_oct
46,6682.3317,mp_oct
43,6682.632,mp_oct
43,6682.9324,mp_oct
43,6683.2327,mp_oct
43,6683.533,mp_oct
8,6683.8333,mp_oct
8,6684.1337,mp_oct
8,6684.434,mp_oct
43,6684.7394,mp_oct
43,6685.0347,mp_oct
43,6685.335,mp_oct
43,6685.6353,mp_oct
43,6685.9356,mp_oct
46,6686.236,mp_oct
43,6686.5364,mp_oct
8,6686.8366,mp_oct
8,6687.137,mp_oct
46,6687.4373,mp_oct
34,6687.7376,mp_oct
43,6688.0379,mp_oct
43,6688.3383,mp_oct
8,6688.6386,mp_oct
43,6688.9389,mp_oct
43,6689.2393,mp_oct
5,6689.5396,mp_oct
6,6689.8399,mp_oct
6,6690.1402,mp_oct
45,6690.4406,mp_oct
34,6690.741,mp_oct
34,6691.0412,mp_oct
5,6691.3415,mp_oct
45,6691.6419,mp_oct
41,6691.9422,mp_oct
34,6692.2426,mp_oct
43,6692.5429,mp_oct
43,6692.8432,mp_oct
8,6693.1436,mp_oct
4,6693.4438,mp_oct
47,6693.7442,mp_oct
6,6694.0445,mp_oct
45,6694.3449,mp_oct
6,6694.6451,mp_oct
8,6694.9456,mp_oct
5,6695.2458,mp_oct
43,6695.5462,mp_oct
43,6695.8465,mp_oct
46,6696.1468,mp_oct
32,6696.4471,mp_oct
48,6696.7475,mp_oct
39,6697.0478,mp_oct
48,6697.3481,mp_oct
48,6697.6484,mp_oct
49,6697.9488,mp_oct
49,6698.2492,mp_oct
49,6698.5495,mp_oct
30,6698.8498,mp_oct
49,6699.1501,mp_oct
30,6699.4505,mp_oct
32,6699.7508,mp_oct
48,6700.0511,mp_oct
48,6700.3515,mp_oct
29,6700.6518,mp_oct
1,6700.9521,mp_oct
37,6701.2524,mp_oct
49,6701.5528,mp_oct
2,6701.8531,mp_oct
30,6702.1534,mp_oct
38,6702.4538,mp_oct
44,6702.754,mp_oct
28,6703.0544,mp_oct
2,6703.3547,mp_oct
6,6703.6551,mp_oct
46,6703.9554,mp_oct
34,6704.2557,mp_oct
6,6704.5561,mp_oct
34,6704.8564,mp_oct
6,6705.1567,mp_oct
45,6705.457,mp_oct
45,6705.7573,mp_oct
6,6706.0577,mp_oct
45,6706.363,mp_oct
41,6706.6583,mp_oct
45,6706.9587,mp_oct
34,6707.259,mp_oct
45,6707.5593,mp_oct
45,6707.8596,mp_oct
45,6708.16,mp_oct
6,6708.4603,mp_oct
34,6708.7607,mp_oct
13,6709.061,mp_oct
13,6709.3613,mp_oct
6,6709.6616,mp_oct
34,6709.962,mp_oct
19,6710.2673,mp_oct
13,6710.5626,mp_oct
12,6710.8629,mp_oct
12,6711.1633,mp_oct
12,6711.4636,mp_oct
34,6711.7639,mp_oct
45,6712.0643,mp_oct
6,6712.3646,mp_oct
8,6712.6649,mp_oct
43,6712.9652,mp_oct
8,6713.2656,mp_oct
8,6713.5659,mp_oct
43,6713.8663,mp_oct
43,6714.1666,mp_oct
43,6714.4669,mp_oct
43,6714.7672,mp_oct
43,6715.0676,mp_oct
29,6715.3679,mp_oct
46,6715.6682,mp_oct
43,6715.9685,mp_oct
46,6716.2689,mp_oct
46,6716.5692,mp_oct
43,6716.8695,mp_oct
46,6717.1699,mp_oct
43,6717.4702,mp_oct
46,6717.7705,mp_oct
29,6718.0709,mp_oct
46,6718.3711,mp_oct
43,6718.6715,mp_oct
46,6718.9718,mp_oct
43,6719.2722,mp_oct
43,6719.5725,mp_oct
43,6719.8728,mp_oct
46,6720.1732,mp_oct
43,6720.4735,mp_oct
46,6720.7738,mp_oct
46,6721.0741,mp_oct
46,6721.3745,mp_oct
43,6721.6748,mp_oct
46,6721.9751,mp_oct
43,6722.2754,mp_oct
46,6722.5758,mp_oct
43,6722.8761,mp_oct
43,6723.1764,mp_oct
8,6723.4767,mp_oct
8,6723.7771,mp_oct
29,6724.0774,mp_oct
43,6724.3777,mp_oct
43,6724.6781,mp_oct
46,6724.9785,mp_oct
46,6725.2787,mp_oct
46,6725.5791,mp_oct
29,6725.8794,mp_oct
46,6726.1797,mp_oct
43,6726.4801,mp_oct
8,6726.7804,mp_oct
4,6727.0807,mp_oct
29,6727.3811,mp_oct
46,6727.6813,mp_oct
29,6727.9817,mp_oct
5,6728.2821,mp_oct
43,6728.5824,mp_oct
5,6728.8827,mp_oct
46,6729.183,mp_oct
29,6729.4834,mp_oct
43,6729.7837,mp_oct
43,6730.084,mp_oct
46,6730.3844,mp_oct
46,6730.6846,mp_oct
46,6730.985,mp_oct
43,6731.2853,mp_oct
46,6731.5857,mp_oct
43,6731.886,mp_oct
46,6732.1863,mp_oct
43,6732.4866,mp_oct
43,6732.787,mp_oct
29,6733.0873,mp_oct
43,6733.3876,mp_oct
43,6733.6879,mp_oct
43,6733.9883,mp_oct
43,6734.2886,mp_oct
46,6734.5889,mp_oct
46,6734.8892,mp_oct
29,6735.1896,mp_oct
43,6735.49,mp_oct
29,6735.7902,mp_oct
8,6736.0906,mp_oct
46,6736.3909,mp_oct
9,6736.6912,mp_oct
32,6736.9916,mp_oct
32,6737.2919,mp_oct
1,6737.5922,mp_oct
48,6737.8926,mp_oct
48,6738.1929,mp_oct
32,6738.4932,mp_oct
1,6738.7935,mp_oct
29,6739.0938,mp_oct
46,6739.3942,mp_oct
8,6739.6946,mp_oct
8,6739.9949,mp_oct
8,6740.2952,mp_oct
43,6740.5955,mp_oct
5,6740.8958,mp_oct
43,6741.1962,mp_oct
29,6741.4965,mp_oct
46,6741.7967,mp_oct
46,6742.0972,mp_oct
46,6742.3975,mp_oct
46,6742.6978,mp_oct
43,6742.9981,mp_oct
46,6743.2985,mp_oct
8,6743.5988,mp_oct
8,6743.8991,mp_oct
46,6744.1994,mp_oct
46,6744.4998,mp_oct
29,6744.8001,mp_oct
43,6745.1004,mp_oct
46,6745.4008,mp_oct
43,6745.7011,mp_oct
46,6746.0014,mp_oct
43,6746.3017,mp_oct
46,6746.6021,mp_oct
8,6746.9024,mp_oct
46,6747.2028,mp_oct
43,6747.5031,mp_oct
46,6747.8034,mp_oct
43,6748.1036,mp_oct
43,6748.404,mp_oct
29,6748.7044,mp_oct
46,6749.0047,mp_oct
43,6749.305,mp_oct
46,6749.6053,mp_oct
43,6749.9057,mp_oct
43,6750.206,mp_oct
46,6750.5063,mp_oct
43,6750.8067,mp_oct
5,6751.107,mp_oct
43,6751.4073,mp_oct
3,6751.7076,mp_oct
4,6752.0079,mp_oct
41,6752.3083,mp_oct
45,6752.6086,mp_oct
45,6752.9089,mp_oct
43,6753.2093,mp_oct
34,6753.5096,mp_oct
45,6753.8099,mp_oct
45,6754.1102,mp_oct
6,6754.4106,mp_oct
41,6754.7109,mp_oct
34,6755.0112,mp_oct
6,6755.3116,mp_oct
6,6755.6119,mp_oct
34,6755.9122,mp_oct
8,6756.2126,mp_oct
5,6756.5128,mp_oct
46,6756.8132,mp_oct
8,6757.1135,mp_oct
45,6757.4138,mp_oct
41,6757.7141,mp_oct
41,6758.0146,mp_oct
34,6758.3149,mp_oct
43,6758.6152,mp_oct
5,6758.9155,mp_oct
6,6759.2158,mp_oct
41,6759.5161,mp_oct
6,6759.8165,mp_oct
3,6760.1168,mp_oct
3,6760.4171,mp_oct
3,6760.7175,mp_oct
5,6761.0178,mp_oct
3,6761.3181,mp_oct
3,6761.6185,mp_oct
8,6761.9188,mp_oct
8,6762.2191,mp_oct
46,6762.5194,mp_oct
8,6762.8198,mp_oct
5,6763.1201,mp_oct
29,6763.4204,mp_oct
46,6763.7207,mp_oct
46,6764.0211,mp_oct
6,6764.3214,mp_oct
34,6764.6218,mp_oct
5,6764.922,mp_oct
6,6765.2224,mp_oct
8,6765.5227,mp_oct
34,6765.823,mp_oct
45,6766.1234,mp_oct
41,6766.4237,mp_oct
45,6766.724,mp_oct
45,6767.0244,mp_oct
41,6767.3246,mp_oct
41,6767.6251,mp_oct
6,6767.9253,mp_oct
8,6768.2257,mp_oct
8,6768.526,mp_oct
34,6768.8264,mp_oct
43,6769.1267,mp_oct
3,6769.4269,mp_oct
4,6769.7273,mp_oct
3,6770.0276,mp_oct
3,6770.3279,mp_oct
43,6770.6284,mp_oct
8,6770.9286,mp_oct
34,6771.229,mp_oct
45,6771.5293,mp_oct
8,6771.8296,mp_oct
43,6772.13,mp_oct
43,6772.4303,mp_oct
35,6772.7306,mp_oct
26,6773.0309,mp_oct
44,6773.3312,mp_oct
29,6773.6316,mp_oct
29,6773.9319,mp_oct
46,6774.2322,mp_oct
32,6774.5326,mp_oct
32,6774.8329,mp_oct
32,6775.1332,mp_oct
32,6775.4335,mp_oct
46,6775.7339,mp_oct
8,6776.0342,mp_oct
46,6776.3345,mp_oct
8,6776.6348,mp_oct
43,6776.9351,mp_oct
46,6777.2355,mp_oct
43,6777.5358,mp_oct
46,6777.8362,mp_oct
46,6778.1364,mp_oct
43,6778.4368,mp_oct
46,6778.7371,mp_oct
29,6779.0375,mp_oct
46,6779.3378,mp_oct
43,6779.6381,mp_oct
4,6779.9384,mp_oct
5,6780.2388,mp_oct
2,6780.5391,mp_oct
45,6780.8394,mp_oct
6,6781.1398,mp_oct
43,6783.242,mp_oct
8,6783.5424,mp_oct
5,6783.8427,mp_oct
46,6784.1431,mp_oct
46,6784.7437,mp_oct
43,6785.0441,mp_oct
43,6785.3444,mp_oct
43,6785.6447,mp_oct
43,6785.945,mp_oct
43,6786.2453,mp_oct
35,6786.5457,mp_oct
35,6786.846,mp_oct
43,6787.1464,mp_oct
46,6787.4467,mp_oct
46,6787.747,mp_oct
8,6788.0473,mp_oct
29,6788.3476,mp_oct
46,6788.648,mp_oct
29,6788.9483,mp_oct
29,6789.2486,mp_oct
32,6789.5498,mp_oct
43,6789.8493,mp_oct
46,6790.1496,mp_oct
43,6790.45,mp_oct
43,6790.7503,mp_oct
8,6791.0506,mp_oct
46,6791.3509,mp_oct
34,6791.6512,mp_oct
8,6791.9516,mp_oct
5,6792.2519,mp_oct
46,6792.5523,mp_oct
43,6792.8526,mp_oct
43,6793.1529,mp_oct
46,6793.4532,mp_oct
32,6793.7536,mp_oct
43,6794.0539,mp_oct
43,6794.3542,mp_oct
46,6794.6545,mp_oct
46,6794.9549,mp_oct
34,6795.2552,mp_oct
6,6795.5555,mp_oct
46,6795.8558,mp_oct
29,6796.1562,mp_oct
1,6796.4565,mp_oct
4,6796.7569,mp_oct
5,6797.0572,mp_oct
5,6797.3575,mp_oct
8,6797.6579,mp_oct
46,6797.9581,mp_oct
46,6798.2585,mp_oct
8,6798.5588,mp_oct
46,6798.8591,mp_oct
46,6799.1595,mp_oct
43,6799.4598,mp_oct
46,6799.7601,mp_oct
29,6800.0605,mp_oct
29,6800.3608,mp_oct
46,6800.6612,mp_oct
46,6800.9615,mp_oct
46,6801.2618,mp_oct
46,6801.5621,mp_oct
32,6801.8624,mp_oct
46,6802.1627,mp_oct
32,6802.4631,mp_oct
32,6802.7635,mp_oct
32,6803.0638,mp_oct
29,6803.3641,mp_oct
32,6803.6644,mp_oct
32,6803.9647,mp_oct
48,6804.2651,mp_oct
1,6804.5654,mp_oct
36,6804.8658,mp_oct
39,6805.166,mp_oct
32,6805.4664,mp_oct
29,6805.7667,mp_oct
44,6806.0671,mp_oct
44,6806.3674,mp_oct
27,6806.6677,mp_oct
27,6806.9681,mp_oct
32,6807.2684,mp_oct
48,6807.5687,mp_oct
32,6807.869,mp_oct
32,6808.1693,mp_oct
32,6808.4697,mp_oct
32,6808.77,mp_oct
48,6809.0703,mp_oct
30,6809.3706,mp_oct
48,6809.671,mp_oct
48,6809.9713,mp_oct
1,6810.2717,mp_oct
49,6810.572,mp_oct
49,6810.8723,mp_oct
32,6811.1726,mp_oct
32,6811.473,mp_oct
32,6811.7733,mp_oct
44,6812.0737,mp_oct
44,6812.374,mp_oct
35,6812.6743,mp_oct
35,6812.9746,mp_oct
35,6813.275,mp_oct
35,6813.5753,mp_oct
35,6813.8756,mp_oct
35,6814.176,mp_oct
35,6814.4763,mp_oct
29,6814.7766,mp_oct
29,6815.0769,mp_oct
46,6815.3773,mp_oct
4,6815.6776,mp_oct
29,6815.9779,mp_oct
46,6816.2782,mp_oct
26,6816.5786,mp_oct
44,6816.8789,mp_oct
44,6817.1792,mp_oct
26,6817.4796,mp_oct
33,6817.7798,mp_oct
35,6818.0802,mp_oct
44,6818.3805,mp_oct
44,6818.6809,mp_oct
35,6818.9812,mp_oct
46,6819.2815,mp_oct
46,6819.5819,mp_oct
29,6819.8821,mp_oct
43,6820.1825,mp_oct
29,6820.4828,mp_oct
5,6820.7832,mp_oct
45,6821.0885,mp_oct
50,6821.3838,mp_oct
50,6821.6842,mp_oct
41,6821.9845,mp_oct
45,6822.2847,mp_oct
19,6822.5851,mp_oct
19,6822.8854,mp_oct
45,6823.1858,mp_oct
41,6823.4861,mp_oct
41,6823.7864,mp_oct
41,6824.0867,mp_oct
41,6824.387,mp_oct
28,6824.6874,mp_oct
42,6824.9877,mp_oct
6,6825.2881,mp_oct
35,6825.5884,mp_oct
8,6825.8887,mp_oct
45,6826.1891,mp_oct
41,6826.4894,mp_oct
41,6826.7897,mp_oct
45,6827.0901,mp_oct
41,6827.3904,mp_oct
41,6827.6907,mp_oct
41,6827.991,mp_oct
41,6828.2914,mp_oct
41,6828.5917,mp_oct
34,6828.892,mp_oct
43,6829.1923,mp_oct
3,6829.4927,mp_oct
3,6829.793,mp_oct
9,6830.0933,mp_oct
46,6830.3936,mp_oct
29,6830.694,mp_oct
29,6830.9943,mp_oct
2,6831.2947,mp_oct
50,6831.5949,mp_oct
2,6831.8953,mp_oct
2,6832.1956,mp_oct
32,6832.4959,mp_oct
32,6832.7963,mp_oct
1,6833.0966,mp_oct
1,6833.3969,mp_oct
32,6833.6972,mp_oct
9,6833.9976,mp_oct
4,6834.2979,mp_oct
47,6834.5982,mp_oct
47,6834.8986,mp_oct
29,6835.1989,mp_oct
32,6835.4992,mp_oct
2,6835.8004,mp_oct
49,6836.0999,mp_oct
49,6836.4002,mp_oct
1,6836.7005,mp_oct
32,6837.0008,mp_oct
48,6837.3012,mp_oct
48,6837.6015,mp_oct
9,6837.9019,mp_oct
9,6838.2021,mp_oct
1,6838.5025,mp_oct
48,6838.8028,mp_oct
36,6839.1032,mp_oct
32,6839.4035,mp_oct
27,6839.7039,mp_oct
27,6840.0042,mp_oct
27,6840.3045,mp_oct
44,6840.6048,mp_oct
44,6840.9052,mp_oct
44,6841.2054,mp_oct
44,6841.5058,mp_oct
44,6841.8061,mp_oct
44,6842.1065,mp_oct
33,6842.4068,mp_oct
38,6842.7071,mp_oct
44,6843.0074,mp_oct
33,6843.3078,mp_oct
44,6843.6081,mp_oct
37,6843.9084,mp_oct
44,6844.2088,mp_oct
38,6844.5091,mp_oct
33,6844.8094,mp_oct
44,6845.1106,mp_oct
44,6845.4101,mp_oct
44,6845.7104,mp_oct
35,6846.0107,mp_oct
29,6846.311,mp_oct
46,6846.6114,mp_oct
29,6846.9117,mp_oct
43,6847.212,mp_oct
45,6847.5124,mp_oct
45,6847.8127,mp_oct
45,6848.1131,mp_oct
45,6848.4134,mp_oct
6,6848.7137,mp_oct
13,6849.014,mp_oct
35,6849.3143,mp_oct
26,6849.6146,mp_oct
35,6849.915,mp_oct
35,6850.2153,mp_oct
35,6850.5156,mp_oct
35,6850.816,mp_oct
44,6851.1164,mp_oct
44,6851.4166,mp_oct
44,6852.3177,mp_oct
33,6852.623,mp_oct
26,6852.9183,mp_oct
26,6853.2186,mp_oct
44,6853.5189,mp_oct
35,6853.8193,mp_oct
35,6854.1196,mp_oct
35,6854.4199,mp_oct
35,6854.7203,mp_oct
44,6855.0206,mp_oct
35,6855.321,mp_oct
35,6855.6212,mp_oct
35,6855.9216,mp_oct
35,6856.2219,mp_oct
35,6856.5222,mp_oct
35,6856.8226,mp_oct
35,6857.1229,mp_oct
43,6857.4231,mp_oct
43,6857.7235,mp_oct
4,6858.0238,mp_oct
1,6858.3242,mp_oct
1,6858.6244,mp_oct
1,6858.9248,mp_oct
32,6859.2252,mp_oct
32,6859.5255,mp_oct
46,6859.8259,mp_oct
29,6860.1262,mp_oct
35,6860.4265,mp_oct
44,6860.7268,mp_oct
32,6861.0271,mp_oct
32,6861.3275,mp_oct
32,6861.6278,mp_oct
35,6861.9281,mp_oct
26,6862.2285,mp_oct
26,6862.5288,mp_oct
35,6862.8291,mp_oct
35,6863.1295,mp_oct
26,6863.4298,mp_oct
4,6863.7301,mp_oct
5,6864.0304,mp_oct
46,6864.3308,mp_oct
46,6864.6311,mp_oct
48,6864.9314,mp_oct
39,6865.2318,mp_oct
48,6865.5321,mp_oct
39,6865.8324,mp_oct
39,6866.1327,mp_oct
39,6866.433,mp_oct
39,6866.7334,mp_oct
48,6867.0337,mp_oct
48,6867.3341,mp_oct
44,6867.6344,mp_oct
27,6867.9347,mp_oct
33,6868.235,mp_oct
37,6868.5354,mp_oct
37,6868.8357,mp_oct
36,6869.136,mp_oct
27,6869.4363,mp_oct
33,6869.7367,mp_oct
36,6870.037,mp_oct
33,6870.3373,mp_oct
37,6870.6376,mp_oct
33,6870.938,mp_oct
27,6871.2383,mp_oct
33,6871.5387,mp_oct
36,6871.839,mp_oct
37,6872.1393,mp_oct
36,6872.4396,mp_oct
27,6872.7399,mp_oct
44,6873.0403,mp_oct
44,6873.3406,mp_oct
33,6873.6409,mp_oct
30,6873.9412,mp_oct
36,6874.2416,mp_oct
27,6874.5419,mp_oct
27,6874.8422,mp_oct
27,6875.1426,mp_oct
27,6875.4429,mp_oct
27,6875.7432,mp_oct
27,6876.0436,mp_oct
27,6876.3439,mp_oct
36,6876.6442,mp_oct
33,6876.9446,mp_oct
27,6877.2449,mp_oct
27,6877.5452,mp_oct
33,6877.8455,mp_oct
33,6878.1458,mp_oct
36,6878.4462,mp_oct
36,6878.7465,mp_oct
44,6879.0468,mp_oct
27,6879.3472,mp_oct
27,6879.6475,mp_oct
27,6879.9478,mp_oct
27,6880.2481,mp_oct
27,6880.5484,mp_oct
27,6880.8488,mp_oct
44,6881.1492,mp_oct
44,6881.4495,mp_oct
35,6881.7498,mp_oct
44,6882.0501,mp_oct
27,6882.3504,mp_oct
27,6882.6508,mp_oct
27,6882.9511,mp_oct
27,6883.2515,mp_oct
27,6883.5517,mp_oct
33,6883.8521,mp_oct
33,6884.1524,mp_oct
1,6884.4527,mp_oct
48,6884.7531,mp_oct
27,6885.0534,mp_oct
44,6885.3538,mp_oct
44,6885.6541,mp_oct
27,6885.9544,mp_oct
28,6886.2548,mp_oct
30,6886.555,mp_oct
27,6886.8554,mp_oct
36,6887.1556,mp_oct
27,6887.456,mp_oct
27,6887.7564,mp_oct
33,6888.0567,mp_oct
30,6888.3571,mp_oct
40,6888.6573,mp_oct
40,6888.9577,mp_oct
37,6889.258,mp_oct
37,6889.5584,mp_oct
40,6889.8587,mp_oct
40,6890.159,mp_oct
36,6890.4594,mp_oct
27,6890.7596,mp_oct
33,6891.06,mp_oct
40,6891.3603,mp_oct
37,6891.6606,mp_oct
33,6891.9609,mp_oct
27,6892.2613,mp_oct
27,6892.5616,mp_oct
39,6892.862,mp_oct
39,6893.1623,mp_oct
27,6893.4626,mp_oct
27,6893.7629,mp_oct
27,6894.0633,mp_oct
27,6894.3636,mp_oct
33,6894.6639,mp_oct
36,6894.9643,mp_oct
30,6895.2646,mp_oct
36,6895.5649,mp_oct
37,6895.8653,mp_oct
27,6896.1656,mp_oct
27,6896.4659,mp_oct
27,6896.7662,mp_oct
27,6897.0666,mp_oct
36,6897.3669,mp_oct
27,6897.6673,mp_oct
36,6897.9676,mp_oct
37,6898.2679,mp_oct
30,6898.5682,mp_oct
27,6898.8685,mp_oct
39,6899.1689,mp_oct
27,6899.4692,mp_oct
36,6899.7695,mp_oct
33,6900.0699,mp_oct
39,6900.3702,mp_oct
39,6900.6705,mp_oct
30,6900.9708,mp_oct
40,6901.2712,mp_oct
49,6901.5715,mp_oct
39,6901.8718,mp_oct
27,6902.1722,mp_oct
27,6902.4725,mp_oct
39,6902.7728,mp_oct
39,6903.0732,mp_oct
27,6903.3735,mp_oct
27,6903.6738,mp_oct
27,6903.9741,mp_oct
37,6904.2745,mp_oct
33,6904.5748,mp_oct
33,6904.8751,mp_oct
36,6905.1755,mp_oct
33,6905.4758,mp_oct
27,6905.7761,mp_oct
33,6906.0764,mp_oct
36,6906.3768,mp_oct
37,6906.6771,mp_oct
33,6906.9774,mp_oct
33,6907.2778,mp_oct
33,6907.5781,mp_oct
33,6907.8784,mp_oct
27,6908.1788,mp_oct
27,6908.4791,mp_oct
27,6908.7794,mp_oct
27,6909.0797,mp_oct
44,6909.3801,mp_oct
44,6909.6804,mp_oct
27,6909.9808,mp_oct
27,6910.2811,mp_oct
33,6910.5814,mp_oct
36,6910.8818,mp_oct
37,6911.182,mp_oct
36,6911.4824,mp_oct
27,6911.7827,mp_oct
27,6912.083,mp_oct
27,6912.3834,mp_oct
36,6912.6837,mp_oct
37,6912.984,mp_oct
37,6913.2844,mp_oct
36,6913.5847,mp_oct
36,6913.885,mp_oct
27,6914.1853,mp_oct
27,6914.4857,mp_oct
39,6914.786,mp_oct
1,6915.0863,mp_oct
36,6915.3867,mp_oct
39,6915.687,mp_oct
39,6915.9874,mp_oct
39,6916.2876,mp_oct
27,6916.5879,mp_oct
27,6916.8884,mp_oct
27,6917.1887,mp_oct
36,6917.489,mp_oct
33,6917.7893,mp_oct
36,6918.0896,mp_oct
27,6918.39,mp_oct
27,6918.6903,mp_oct
27,6918.9906,mp_oct
39,6919.291,mp_oct
36,6919.5913,mp_oct
39,6919.8916,mp_oct
39,6920.1919,mp_oct
27,6920.4922,mp_oct
33,6920.7926,mp_oct
27,6921.093,mp_oct
27,6921.3932,mp_oct
37,6921.6936,mp_oct
37,6921.9939,mp_oct
36,6922.2943,mp_oct
37,6922.5946,mp_oct
49,6922.8949,mp_oct
33,6923.1952,mp_oct
44,6923.4956,mp_oct
33,6923.7959,mp_oct
49,6924.0962,mp_oct
40,6924.3965,mp_oct
44,6924.6969,mp_oct
44,6924.9972,mp_oct
27,6925.2975,mp_oct
33,6925.5978,mp_oct
37,6925.8982,mp_oct
40,6926.1985,mp_oct
28,6926.4988,mp_oct
37,6926.7992,mp_oct
37,6927.0996,mp_oct
37,6927.3999,mp_oct
40,6927.7002,mp_oct
37,6928.0005,mp_oct
27,6928.3008,mp_oct
44,6928.6012,mp_oct
44,6928.9014,mp_oct
32,6929.2019,mp_oct
44,6929.5022,mp_oct
38,6929.8025,mp_oct
30,6930.1028,mp_oct
26,6930.4032,mp_oct
26,6930.7035,mp_oct
27,6931.0038,mp_oct
33,6931.3041,mp_oct
36,6931.6045,mp_oct
36,6931.9048,mp_oct
27,6932.2051,mp_oct
27,6932.5054,mp_oct
27,6932.8058,mp_oct
27,6933.1061,mp_oct
27,6933.4064,mp_oct
27,6933.7068,mp_oct
44,6934.0071,mp_oct
44,6934.3075,mp_oct
44,6934.6077,mp_oct
44,6934.9081,mp_oct
44,6935.2084,mp_oct
27,6935.5088,mp_oct
27,6935.8091,mp_oct
27,6936.1094,mp_oct
27,6936.4097,mp_oct
27,6936.7101,mp_oct
39,6937.0105,mp_oct
7,6937.3107,mp_oct
7,6937.6111,mp_oct
7,6937.9114,mp_oct
7,6938.2117,mp_oct
7,6938.512,mp_oct
7,6938.8124,mp_oct
4,6939.1126,mp_oct
1,6939.413,mp_oct
7,6939.7133,mp_oct
7,6940.0137,mp_oct
36,6940.314,mp_oct
31,6940.6143,mp_oct
48,6940.9147,mp_oct
39,6941.215,mp_oct
27,6941.5153,mp_oct
27,6941.8156,mp_oct
27,6942.116,mp_oct
27,6942.4163,mp_oct
30,6942.7166,mp_oct
40,6943.017,mp_oct
40,6943.3173,mp_oct
40,6943.6176,mp_oct
28,6943.918,mp_oct
40,6944.2183,mp_oct
36,6944.5186,mp_oct
27,6944.8189,mp_oct
27,6945.1193,mp_oct
44,6945.4263,mp_oct
44,6945.7199,mp_oct
35,6946.0203,mp_oct
35,6946.3205,mp_oct
29,6946.6209,mp_oct
8,6946.9212,mp_oct
8,6947.2215,mp_oct
8,6947.5219,mp_oct
29,6947.8222,mp_oct
8,6948.1226,mp_oct
8,6948.4229,mp_oct
6,6948.7232,mp_oct
8,6949.0235,mp_oct
43,6949.3239,mp_oct
5,6949.6242,mp_oct
8,6949.9245,mp_oct
46,6950.2249,mp_oct
46,6950.5252,mp_oct
43,6950.8255,mp_oct
46,6951.1258,mp_oct
43,6951.4262,mp_oct
46,6951.7265,mp_oct
8,6952.0268,mp_oct
46,6952.3271,mp_oct
43,6952.6275,mp_oct
29,6952.9278,mp_oct
5,6953.2281,mp_oct
43,6953.5284,mp_oct
8,6953.8288,mp_oct
6,6954.1291,mp_oct
34,6954.4294,mp_oct
6,6954.7297,mp_oct
43,6955.03,mp_oct
43,6955.3305,mp_oct
46,6955.6308,mp_oct
46,6955.9311,mp_oct
46,6956.2314,mp_oct
46,6956.5317,mp_oct
43,6956.8321,mp_oct
43,6957.1324,mp_oct
43,6957.4328,mp_oct
43,6957.733,mp_oct
43,6958.0334,mp_oct
43,6958.3337,mp_oct
29,6958.634,mp_oct
32,6958.9344,mp_oct
43,6959.2347,mp_oct
4,6959.5351,mp_oct
35,6959.8354,mp_oct
26,6960.1358,mp_oct
38,6960.4361,mp_oct
38,6960.7364,mp_oct
38,6961.0367,mp_oct
2,6961.337,mp_oct
43,6961.6373,mp_oct
43,6961.9377,mp_oct
43,6962.238,mp_oct
43,6962.5384,mp_oct
46,6962.8387,mp_oct
43,6963.139,mp_oct
43,6963.4393,mp_oct
46,6963.7397,mp_oct
46,6964.04,mp_oct
43,6964.3403,mp_oct
43,6964.6407,mp_oct
8,6964.941,mp_oct
46,6965.2413,mp_oct
46,6965.5416,mp_oct
43,6965.8419,mp_oct
8,6966.1422,mp_oct
46,6966.4426,mp_oct
29,6966.7429,mp_oct
46,6967.0432,mp_oct
38,6967.3436,mp_oct
6,6967.644,mp_oct
34,6967.9443,mp_oct
34,6968.2446,mp_oct
8,6968.5449,mp_oct
46,6968.8452,mp_oct
43,6969.1456,mp_oct
46,6969.4459,mp_oct
29,6969.7462,mp_oct
46,6970.0465,mp_oct
43,6970.3469,mp_oct
43,6970.6472,mp_oct
46,6970.9475,mp_oct
5,6971.2478,mp_oct
43,6971.5482,mp_oct
4,6971.8484,mp_oct
9,6972.1488,mp_oct
43,6972.4492,mp_oct
29,6972.7495,mp_oct
46,6973.0498,mp_oct
5,6973.3501,mp_oct
46,6973.6505,mp_oct
5,6973.9508,mp_oct
34,6974.2511,mp_oct
6,6974.5515,mp_oct
6,6974.8518,mp_oct
46,6975.1521,mp_oct
43,6975.4524,mp_oct
8,6975.7528,mp_oct
43,6976.0532,mp_oct
29,6976.3534,mp_oct
43,6976.6538,mp_oct
43,6976.9541,mp_oct
8,6977.2544,mp_oct
43,6977.5547,mp_oct
46,6977.8551,mp_oct
46,6978.1554,mp_oct
43,6978.4557,mp_oct
43,6978.7561,mp_oct
8,6979.0564,mp_oct
8,6979.3567,mp_oct
8,6979.657,mp_oct
46,6979.9573,mp_oct
46,6980.2577,mp_oct
46,6980.558,mp_oct
46,6980.8584,mp_oct
46,6981.1587,mp_oct
43,6981.459,mp_oct
43,6981.7594,mp_oct
43,6982.0597,mp_oct
8,6982.36,mp_oct
34,6982.6603,mp_oct
5,6982.9607,mp_oct
45,6983.2609,mp_oct
45,6983.5613,mp_oct
41,6983.8616,mp_oct
41,6984.162,mp_oct
41,6984.4623,mp_oct
41,6984.7626,mp_oct
45,6985.0629,mp_oct
34,6985.3633,mp_oct
45,6985.6636,mp_oct
8,6985.9639,mp_oct
6,6986.2642,mp_oct
34,6986.5646,mp_oct
5,6986.8649,mp_oct
46,6987.1653,mp_oct
46,6987.4656,mp_oct
46,6987.766,mp_oct
46,6988.0663,mp_oct
46,6988.3666,mp_oct
46,6988.6669,mp_oct
43,6988.9672,mp_oct
29,6989.2676,mp_oct
32,6989.5679,mp_oct
29,6989.8682,mp_oct
8,6990.1685,mp_oct
5,6990.4689,mp_oct
2,6990.7691,mp_oct
46,6991.0695,mp_oct
6,6991.3699,mp_oct
34,6991.6702,mp_oct
43,6991.9705,mp_oct
1,6992.2708,mp_oct
2,6992.5712,mp_oct
30,6992.8716,mp_oct
8,6993.1718,mp_oct
8,6993.4721,mp_oct
6,6993.7724,mp_oct
41,6994.0728,mp_oct
45,6994.3731,mp_oct
8,6994.6735,mp_oct
5,6994.9738,mp_oct
6,6995.2741,mp_oct
41,6995.5744,mp_oct
6,6995.8748,mp_oct
43,6996.1751,mp_oct
35,6996.4754,mp_oct
38,6996.7758,mp_oct
38,6997.0761,mp_oct
50,6997.3764,mp_oct
28,6997.6768,mp_oct
35,6997.9771,mp_oct
38,6998.2773,mp_oct
37,6998.5777,mp_oct
28,6998.8781,mp_oct
40,6999.1784,mp_oct
40,6999.4788,mp_oct
6,6999.779,mp_oct
46,7000.0794,mp_oct
46,7000.3797,mp_oct
46,7000.68,mp_oct
46,7000.9804,mp_oct
46,7001.2807,mp_oct
32,7001.581,mp_oct
46,7001.8813,mp_oct
46,7002.1817,mp_oct
46,7002.482,mp_oct
46,7002.7823,mp_oct
46,7003.0827,mp_oct
46,7003.383,mp_oct
46,7003.6834,mp_oct
46,7003.9836,mp_oct
29,7004.284,mp_oct
32,7004.5843,mp_oct
32,7004.8847,mp_oct
29,7005.185,mp_oct
32,7005.4853,mp_oct
29,7005.7857,mp_oct
30,7006.086,mp_oct
30,7006.3863,mp_oct
48,7006.6866,mp_oct
33,7006.987,mp_oct
44,7007.2873,mp_oct
48,7007.5876,mp_oct
32,7007.8879,mp_oct
39,7008.1882,mp_oct
32,7008.4886,mp_oct
32,7008.7889,mp_oct
32,7009.0892,mp_oct
32,7009.3896,mp_oct
32,7009.6899,mp_oct
9,7009.9902,mp_oct
7,7010.2906,mp_oct
9,7010.5917,mp_oct
4,7010.8912,mp_oct
3,7011.1915,mp_oct
9,7011.4918,mp_oct
4,7011.7921,mp_oct
9,7012.0925,mp_oct
9,7012.3929,mp_oct
9,7012.6932,mp_oct
3,7012.9935,mp_oct
9,7013.2938,mp_oct
29,7013.5941,mp_oct
43,7013.8945,mp_oct
3,7014.1948,mp_oct
4,7014.4951,mp_oct
9,7014.7954,mp_oct
9,7015.3961,mp_oct
4,7015.6964,mp_oct
32,7015.9968,mp_oct
39,7016.2971,mp_oct
27,7016.5975,mp_oct
27,7016.8978,mp_oct
36,7017.1981,mp_oct
40,7017.4985,mp_oct
40,7017.7988,mp_oct
28,7018.0991,mp_oct
33,7018.3995,mp_oct
27,7018.6997,mp_oct
27,7019.0001,mp_oct
32,7019.3004,mp_oct
32,7019.6007,mp_oct
39,7019.9011,mp_oct
39,7020.2014,mp_oct
30,7020.5017,mp_oct
37,7020.8021,mp_oct
37,7021.1024,mp_oct
33,7021.4027,mp_oct
27,7021.703,mp_oct
27,7022.0033,mp_oct
44,7022.3036,mp_oct
33,7022.604,mp_oct
33,7022.9044,mp_oct
44,7023.2046,mp_oct
26,7023.505,mp_oct
35,7023.8053,mp_oct
44,7024.1057,mp_oct
35,7024.406,mp_oct
35,7024.7063,mp_oct
35,7025.0067,mp_oct
35,7025.307,mp_oct
44,7025.6082,mp_oct
44,7025.9076,mp_oct
35,7026.2079,mp_oct
35,7026.5083,mp_oct
35,7026.8094,mp_oct
26,7027.109,mp_oct
35,7027.4092,mp_oct
44,7027.7096,mp_oct
44,7028.01,mp_oct
35,7028.3103,mp_oct
35,7028.6106,mp_oct
35,7028.9109,mp_oct
26,7029.2112,mp_oct
35,7029.5116,mp_oct
44,7029.8119,mp_oct
35,7030.1122,mp_oct
44,7030.4126,mp_oct
44,7030.7129,mp_oct
35,7031.0132,mp_oct
26,7031.3136,mp_oct
35,7031.6139,mp_oct
35,7031.9142,mp_oct
33,7032.2145,mp_oct
44,7032.5148,mp_oct
35,7032.8151,mp_oct
35,7033.1155,mp_oct
29,7033.4159,mp_oct
29,7033.7161,mp_oct
35,7034.0165,mp_oct
26,7034.3168,mp_oct
38,7034.6171,mp_oct
38,7034.9174,mp_oct
40,7035.2178,mp_oct
28,7035.5181,mp_oct
38,7035.8184,mp_oct
40,7036.1188,mp_oct
41,7036.4191,mp_oct
41,7036.7194,mp_oct
42,7037.0198,mp_oct
28,7037.3201,mp_oct
42,7037.6204,mp_oct
42,7037.9207,mp_oct
41,7038.2211,mp_oct
26,7038.5214,mp_oct
35,7038.8218,mp_oct
43,7039.1221,mp_oct
34,7039.4224,mp_oct
41,7039.7227,mp_oct
6,7040.0231,mp_oct
6,7040.3234,mp_oct
45,7040.6237,mp_oct
41,7040.924,mp_oct
41,7041.2244,mp_oct
41,7041.5246,mp_oct
45,7041.825,mp_oct
41,7042.1254,mp_oct
41,7042.4257,mp_oct
41,7042.726,mp_oct
41,7043.0263,mp_oct
41,7043.3267,mp_oct
42,7043.627,mp_oct
42,7043.9273,mp_oct
41,7044.2276,mp_oct
6,7044.528,mp_oct
6,7044.8283,mp_oct
8,7045.1286,mp_oct
34,7045.4289,mp_oct
41,7045.7293,mp_oct
41,7046.0296,mp_oct
41,7046.3299,mp_oct
41,7046.6302,mp_oct
41,7046.9305,mp_oct
41,7047.2308,mp_oct
41,7047.5312,mp_oct
41,7047.8316,mp_oct
41,7048.1319,mp_oct
41,7048.4322,mp_oct
41,7048.7326,mp_oct
41,7049.0329,mp_oct
45,7049.3332,mp_oct
41,7049.6335,mp_oct
34,7049.9339,mp_oct
43,7050.2342,mp_oct
3,7050.5345,mp_oct
9,7050.8349,mp_oct
9,7051.1352,mp_oct
4,7051.4355,mp_oct
46,7051.7359,mp_oct
32,7052.0362,mp_oct
32,7052.3365,mp_oct
32,7052.6368,mp_oct
29,7052.9372,mp_oct
47,7053.2375,mp_oct
2,7053.5378,mp_oct
50,7053.8381,mp_oct
50,7054.1385,mp_oct
50,7054.4388,mp_oct
50,7054.7391,mp_oct
50,7055.0395,mp_oct
29,7055.3398,mp_oct
29,7055.6401,mp_oct
34,7055.9404,mp_oct
38,7056.2408,mp_oct
50,7056.5411,mp_oct
2,7056.8414,mp_oct
34,7057.1417,mp_oct
26,7057.4421,mp_oct
35,7057.7424,mp_oct
48,7058.0428,mp_oct
48,7058.3431,mp_oct
39,7058.6434,mp_oct
32,7058.9437,mp_oct
48,7059.2441,mp_oct
1,7059.5444,mp_oct
30,7059.8448,mp_oct
2,7060.1451,mp_oct
45,7060.4454,mp_oct
4,7060.7457,mp_oct
46,7061.046,mp_oct
3,7061.3463,mp_oct
9,7061.6467,mp_oct
47,7061.947,mp_oct
9,7062.2474,mp_oct
32,7062.5477,mp_oct
1,7062.848,mp_oct
1,7063.1484,mp_oct
4,7063.4486,mp_oct
2,7063.7489,mp_oct
47,7064.0493,mp_oct
50,7064.3496,mp_oct
50,7064.65,mp_oct
29,7064.9503,mp_oct
5,7065.2507,mp_oct
47,7065.551,mp_oct
50,7065.8513,mp_oct
50,7066.1516,mp_oct
34,7066.4519,mp_oct
43,7066.7523,mp_oct
29,7067.0534,mp_oct
8,7067.353,mp_oct
43,7067.6533,mp_oct
4,7067.9536,mp_oct
4,7068.2539,mp_oct
3,7068.5542,mp_oct
9,7068.8546,mp_oct
9,7069.1549,mp_oct
48,7069.4552,mp_oct
39,7069.7556,mp_oct
33,7070.0559,mp_oct
36,7070.3562,mp_oct
37,7070.6566,mp_oct
40,7070.9569,mp_oct
36,7071.2572,mp_oct
27,7071.5576,mp_oct
39,7071.8579,mp_oct
7,7072.1582,mp_oct
7,7072.4586,mp_oct
7,7072.7588,mp_oct
7,7073.0592,mp_oct
7,7073.3595,mp_oct
31,7073.6598,mp_oct
31,7073.9602,mp_oct
40,7074.2605,mp_oct
47,7074.5608,mp_oct
9,7074.8612,mp_oct
30,7075.1615,mp_oct
47,7075.4618,mp_oct
32,7075.7621,mp_oct
32,7076.0625,mp_oct
46,7076.3628,mp_oct
8,7076.6632,mp_oct
29,7076.9635,mp_oct
46,7077.2638,mp_oct
46,7077.5641,mp_oct
46,7077.8644,mp_oct
46,7078.1648,mp_oct
46,7078.4651,mp_oct
3,7078.7655,mp_oct
9,7079.0658,mp_oct
9,7079.6664,mp_oct
9,7079.9668,mp_oct
9,7080.2671,mp_oct
9,7080.5674,mp_oct
9,7080.8678,mp_oct
1,7081.1681,mp_oct
31,7081.4685,mp_oct
40,7081.7687,mp_oct
49,7082.0691,mp_oct
31,7082.3694,mp_oct
9,7082.6697,mp_oct
48,7082.9701,mp_oct
9,7083.2704,mp_oct
9,7083.5707,mp_oct
47,7083.8711,mp_oct
31,7084.1714,mp_oct
30,7084.4717,mp_oct
4,7084.772,mp_oct
2,7085.0724,mp_oct
50,7085.3727,mp_oct
30,7085.6731,mp_oct
46,7085.9733,mp_oct
29,7086.2737,mp_oct
32,7086.5741,mp_oct
32,7086.8744,mp_oct
32,7087.1747,mp_oct
46,7087.475,mp_oct
46,7087.7753,mp_oct
29,7088.0757,mp_oct
1,7088.376,mp_oct
50,7088.6763,mp_oct
5,7088.9766,mp_oct
29,7089.277,mp_oct
5,7089.5773,mp_oct
50,7089.8777,mp_oct
50,7090.178,mp_oct
50,7090.4783,mp_oct
29,7090.7787,mp_oct
29,7091.0789,mp_oct
48,7091.3792,mp_oct
32,7091.6796,mp_oct
32,7091.9799,mp_oct
7,7092.2802,mp_oct
32,7092.5806,mp_oct
9,7092.8809,mp_oct
9,7093.1813,mp_oct
7,7093.4816,mp_oct
7,7093.7819,mp_oct
7,7094.0822,mp_oct
39,7094.3826,mp_oct
39,7094.6829,mp_oct
39,7094.9832,mp_oct
27,7095.2836,mp_oct
44,7095.5839,mp_oct
33,7095.8842,mp_oct
37,7096.1846,mp_oct
40,7096.4849,mp_oct
37,7096.7852,mp_oct
27,7097.0855,mp_oct
27,7097.3859,mp_oct
44,7097.6862,mp_oct
32,7097.9865,mp_oct
48,7098.2869,mp_oct
29,7098.5872,mp_oct
34,7098.8875,mp_oct
38,7099.1878,mp_oct
28,7099.4881,mp_oct
2,7099.7885,mp_oct
29,7100.0888,mp_oct
29,7100.3891,mp_oct
29,7100.6895,mp_oct
32,7100.9898,mp_oct
32,7101.2901,mp_oct
1,7101.5913,mp_oct
44,7101.8908,mp_oct
44,7102.1911,mp_oct
33,7102.4914,mp_oct
44,7102.7918,mp_oct
44,7103.0921,mp_oct
35,7103.3924,mp_oct
33,7103.6928,mp_oct
38,7103.9931,mp_oct
35,7104.2934,mp_oct
35,7104.5938,mp_oct
35,7104.8941,mp_oct
33,7105.1944,mp_oct
38,7105.4948,mp_oct
44,7105.7951,mp_oct
35,7106.0954,mp_oct
26,7106.3958,mp_oct
38,7106.696,mp_oct
38,7106.9964,mp_oct
35,7107.2967,mp_oct
26,7107.597,mp_oct
35,7107.8974,mp_oct
38,7108.1977,mp_oct
32,7108.4981,mp_oct
32,7108.7983,mp_oct
32,7109.0987,mp_oct
9,7109.399,mp_oct
47,7109.6993,mp_oct
9,7109.9996,mp_oct
9,7110.3001,mp_oct
32,7110.6003,mp_oct
32,7110.9006,mp_oct
32,7111.201,mp_oct
44,7111.5013,mp_oct
32,7111.8016,mp_oct
48,7112.102,mp_oct
32,7112.4023,mp_oct
32,7112.7027,mp_oct
32,7113.003,mp_oct
32,7113.3033,mp_oct
32,7113.6036,mp_oct
32,7113.9039,mp_oct
32,7114.2043,mp_oct
44,7114.5046,mp_oct
33,7114.8049,mp_oct
33,7115.1052,mp_oct
35,7115.4056,mp_oct
33,7115.7059,mp_oct
2,7116.0062,mp_oct
28,7116.3066,mp_oct
38,7116.6069,mp_oct
38,7116.9072,mp_oct
28,7117.2076,mp_oct
40,7117.5079,mp_oct
40,7117.8082,mp_oct
40,7118.1086,mp_oct
40,7118.4089,mp_oct
28,7118.7092,mp_oct
26,7119.0095,mp_oct
46,7119.3099,mp_oct
46,7119.6101,mp_oct
32,7119.9105,mp_oct
4,7120.2109,mp_oct
2,7120.5112,mp_oct
50,7120.8115,mp_oct
2,7121.1118,mp_oct
28,7121.4121,mp_oct
2,7121.7125,mp_oct
2,7122.0128,mp_oct
2,7122.3132,mp_oct
8,7122.6135,mp_oct
5,7122.9138,mp_oct
43,7123.2141,mp_oct
43,7123.5145,mp_oct
43,7123.8148,mp_oct
43,7124.1151,mp_oct
43,7124.4155,mp_oct
8,7124.7157,mp_oct
29,7125.0161,mp_oct
29,7125.3165,mp_oct
46,7125.6168,mp_oct
43,7125.9171,mp_oct
29,7126.2174,mp_oct
2,7126.5177,mp_oct
30,7126.8181,mp_oct
8,7127.1184,mp_oct
46,7127.4187,mp_oct
5,7127.7191,mp_oct
8,7128.0194,mp_oct
8,7128.3197,mp_oct
35,7128.6201,mp_oct
38,7128.9204,mp_oct
38,7129.2207,mp_oct
38,7129.521,mp_oct
35,7129.8214,mp_oct
28,7130.1217,mp_oct
28,7130.422,mp_oct
28,7130.7224,mp_oct
6,7131.0228,mp_oct
41,7131.323,mp_oct
28,7131.6233,mp_oct
45,7131.9236,mp_oct
35,7132.224,mp_oct
26,7132.5244,mp_oct
29,7132.8247,mp_oct
32,7133.125,mp_oct
32,7133.4253,mp_oct
29,7133.7256,mp_oct
46,7134.026,mp_oct
32,7134.3263,mp_oct
29,7134.6266,mp_oct
29,7134.9269,mp_oct
8,7135.2273,mp_oct
29,7135.5326,mp_oct
43,7135.8279,mp_oct
43,7136.1283,mp_oct
3,7136.4286,mp_oct
4,7136.729,mp_oct
4,7137.0293,mp_oct
47,7137.3296,mp_oct
4,7137.6299,mp_oct
4,7137.9302,mp_oct
9,7138.2306,mp_oct
4,7138.5309,mp_oct
4,7138.8312,mp_oct
47,7139.1316,mp_oct
47,7139.4319,mp_oct
9,7139.7322,mp_oct
9,7140.0326,mp_oct
9,7140.3329,mp_oct
9,7140.6332,mp_oct
4,7140.9335,mp_oct
2,7141.2339,mp_oct
47,7141.5342,mp_oct
9,7141.8345,mp_oct
9,7142.1348,mp_oct
9,7142.4352,mp_oct
3,7142.7355,mp_oct
47,7143.0358,mp_oct
2,7143.3362,mp_oct
47,7143.6365,mp_oct
29,7143.9368,mp_oct
29,7144.2372,mp_oct
50,7144.5375,mp_oct
45,7144.8378,mp_oct
50,7145.1381,mp_oct
45,7145.4385,mp_oct
41,7145.7388,mp_oct
6,7146.0391,mp_oct
8,7146.3395,mp_oct
5,7146.6398,mp_oct
45,7146.9401,mp_oct
41,7147.2405,mp_oct
45,7147.5408,mp_oct
8,7147.8411,mp_oct
43,7148.1414,mp_oct
26,7148.4418,mp_oct
38,7148.7421,mp_oct
10,7149.0424,mp_oct
13,7149.3428,mp_oct
8,7149.6431,mp_oct
45,7149.9434,mp_oct
41,7150.2437,mp_oct
6,7150.5441,mp_oct
11,7150.8444,mp_oct
41,7151.1447,mp_oct
28,7151.4451,mp_oct
8,7151.7453,mp_oct
46,7152.0457,mp_oct
43,7152.346,mp_oct
46,7152.6463,mp_oct
43,7152.9467,mp_oct
8,7153.247,mp_oct
8,7153.5473,mp_oct
43,7153.8477,mp_oct
46,7154.148,mp_oct
8,7154.4483,mp_oct
8,7154.7487,mp_oct
46,7155.049,mp_oct
32,7155.3493,mp_oct
32,7155.6497,mp_oct
48,7155.95,mp_oct
48,7156.2504,mp_oct
32,7156.5507,mp_oct
48,7156.851,mp_oct
1,7157.1513,mp_oct
1,7157.4517,mp_oct
49,7157.7519,mp_oct
49,7158.0523,mp_oct
37,7158.3526,mp_oct
36,7158.653,mp_oct
49,7158.9533,mp_oct
2,7159.2536,mp_oct
30,7159.554,mp_oct
2,7159.8543,mp_oct
32,7160.1546,mp_oct
32,7160.4549,mp_oct
32,7160.7553,mp_oct
48,7161.0556,mp_oct
48,7161.3559,mp_oct
1,7161.6563,mp_oct
30,7161.9566,mp_oct
30,7162.2569,mp_oct
29,7162.5573,mp_oct
44,7162.8576,mp_oct
33,7163.158,mp_oct
33,7163.4583,mp_oct
37,7163.7586,mp_oct
30,7164.0589,mp_oct
33,7164.3592,mp_oct
48,7164.6595,mp_oct
48,7164.9599,mp_oct
7,7165.2602,mp_oct
7,7165.5605,mp_oct
7,7165.8608,mp_oct
7,7166.1612,mp_oct
7,7166.4615,mp_oct
36,7166.7618,mp_oct
7,7167.0622,mp_oct
7,7167.3625,mp_oct
7,7167.6628,mp_oct
7,7167.9632,mp_oct
36,7168.2635,mp_oct
36,7168.5638,mp_oct
32,7168.8642,mp_oct
1,7169.1644,mp_oct
36,7169.4648,mp_oct
30,7169.7651,mp_oct
31,7170.0655,mp_oct
31,7170.3658,mp_oct
31,7170.6661,mp_oct
7,7170.9665,mp_oct
36,7171.2668,mp_oct
36,7171.5671,mp_oct
7,7171.8674,mp_oct
36,7172.1677,mp_oct
31,7172.4681,mp_oct
36,7172.7685,mp_oct
7,7173.0687,mp_oct
7,7173.3691,mp_oct
7,7173.6694,mp_oct
7,7173.9698,mp_oct
36,7174.2701,mp_oct
31,7174.5704,mp_oct
1,7174.8708,mp_oct
7,7175.1711,mp_oct
7,7175.4714,mp_oct
7,7175.7717,mp_oct
7,7176.0721,mp_oct
7,7176.3724,mp_oct
7,7176.6728,mp_oct
7,7176.9731,mp_oct
7,7177.2734,mp_oct
7,7177.5737,mp_oct
30,7177.874,mp_oct
30,7178.1744,mp_oct
2,7178.4747,mp_oct
30,7178.775,mp_oct
30,7179.0753,mp_oct
1,7179.3757,mp_oct
36,7179.676,mp_oct
48,7179.9764,mp_oct
32,7180.2767,mp_oct
32,7180.577,mp_oct
7,7180.8773,mp_oct
7,7181.1777,mp_oct
7,7181.478,mp_oct
7,7181.7783,mp_oct
7,7182.0787,mp_oct
7,7182.379,mp_oct
47,7182.6794,mp_oct
31,7182.9796,mp_oct
47,7183.28,mp_oct
47,7183.5803,mp_oct
7,7183.8806,mp_oct
7,7184.181,mp_oct
7,7184.4813,mp_oct
7,7184.7817,mp_oct
7,7185.082,mp_oct
7,7185.3823,mp_oct
7,7185.6826,mp_oct
9,7185.983,mp_oct
9,7186.2833,mp_oct
9,7186.5836,mp_oct
9,7186.884,mp_oct
3,7187.1843,mp_oct
3,7187.4846,mp_oct
3,7187.7849,mp_oct
3,7188.0853,mp_oct
9,7188.3857,mp_oct
9,7188.686,mp_oct
9,7188.9863,mp_oct
9,7189.2866,mp_oct
47,7189.5869,mp_oct
4,7189.8873,mp_oct
32,7190.1876,mp_oct
1,7190.4879,mp_oct
47,7190.7883,mp_oct
4,7191.0886,mp_oct
9,7191.3889,mp_oct
7,7191.6892,mp_oct
1,7191.9896,mp_oct
47,7192.2899,mp_oct
1,7192.5902,mp_oct
49,7192.8906,mp_oct
47,7193.1909,mp_oct
4,7193.4912,mp_oct
47,7193.7916,mp_oct
4,7194.0918,mp_oct
4,7194.3922,mp_oct
9,7194.6926,mp_oct
4,7194.9928,mp_oct
9,7195.2932,mp_oct
9,7195.5935,mp_oct
4,7195.8938,mp_oct
9,7196.1941,mp_oct
4,7196.4945,mp_oct
9,7196.7948,mp_oct
4,7197.0952,mp_oct
3,7197.3955,mp_oct
3,7197.6958,mp_oct
9,7197.9962,mp_oct
9,7198.2965,mp_oct
1,7198.5968,mp_oct
29,7198.8972,mp_oct
4,7199.1975,mp_oct
9,7199.4978,mp_oct
2,7199.7981,mp_oct
9,7200.0985,mp_oct
4,7200.3988,mp_oct
3,7200.6991,mp_oct
3,7200.9994,mp_oct
3,7201.2997,mp_oct
3,7201.6001,mp_oct
6,7201.9004,mp_oct
6,7202.2007,mp_oct
6,7202.5011,mp_oct
47,7202.8014,mp_oct
45,7203.1017,mp_oct
45,7203.4021,mp_oct
47,7203.7024,mp_oct
3,7204.0027,mp_oct
47,7204.3031,mp_oct
4,7204.6034,mp_oct
47,7204.9037,mp_oct
50,7205.204,mp_oct
50,7205.5044,mp_oct
47,7205.8047,mp_oct
29,7206.105,mp_oct
30,7206.4053,mp_oct
9,7206.7057,mp_oct
9,7207.006,mp_oct
4,7207.3063,mp_oct
47,7207.6067,mp_oct
4,7207.907,mp_oct
50,7208.2074,mp_oct
50,7208.5077,mp_oct
47,7208.808,mp_oct
4,7209.1084,mp_oct
47,7209.4087,mp_oct
50,7209.709,mp_oct
29,7210.0093,mp_oct
8,7210.3096,mp_oct
45,7210.61,mp_oct
45,7210.9103,mp_oct
5,7211.2106,mp_oct
29,7211.511,mp_oct
29,7211.8113,mp_oct
4,7212.1116,mp_oct
34,7212.4119,mp_oct
41,7212.7123,mp_oct
6,7213.0126,mp_oct
8,7213.3129,mp_oct
3,7213.6132,mp_oct
9,7213.9136,mp_oct
9,7214.214,mp_oct
47,7214.5143,mp_oct
49,7214.8146,mp_oct
29,7215.1149,mp_oct
4,7215.4152,mp_oct
28,7215.7156,mp_oct
50,7216.0159,mp_oct
41,7216.3162,mp_oct
8,7216.6166,mp_oct
43,7216.9169,mp_oct
4,7217.2172,mp_oct
9,7217.5176,mp_oct
4,7217.818,mp_oct
9,7218.1182,mp_oct
47,7218.4186,mp_oct
50,7218.7189,mp_oct
50,7219.0192,mp_oct
4,7219.3196,mp_oct
47,7219.6198,mp_oct
2,7219.9202,mp_oct
29,7220.2205,mp_oct
47,7220.5209,mp_oct
49,7220.8212,mp_oct
2,7221.1215,mp_oct
34,7221.4218,mp_oct
5,7221.7222,mp_oct
29,7222.0225,mp_oct
9,7222.3228,mp_oct
7,7222.6232,mp_oct
7,7222.9235,mp_oct
49,7223.2238,mp_oct
40,7223.5241,mp_oct
49,7223.8244,mp_oct
49,7224.1248,mp_oct
31,7224.4252,mp_oct
9,7224.7255,mp_oct
4,7225.0258,mp_oct
47,7225.3261,mp_oct
9,7225.6265,mp_oct
1,7225.9268,mp_oct
4,7226.2271,mp_oct
47,7226.5274,mp_oct
47,7226.8278,mp_oct
4,7227.1281,mp_oct
9,7227.4284,mp_oct
32,7227.7287,mp_oct
46,7228.0291,mp_oct
34,7228.3294,mp_oct
47,7228.6297,mp_oct
50,7228.93,mp_oct
45,7229.2304,mp_oct
34,7229.5307,mp_oct
4,7229.831,mp_oct
3,7230.1313,mp_oct
4,7230.4317,mp_oct
2,7230.732,mp_oct
47,7231.0323,mp_oct
4,7231.3326,mp_oct
50,7231.633,mp_oct
50,7231.9333,mp_oct
50,7232.2337,mp_oct
4,7232.534,mp_oct
50,7232.8343,mp_oct
50,7233.1346,mp_oct
4,7233.435,mp_oct
6,7233.7353,mp_oct
45,7234.0356,mp_oct
45,7234.3359,mp_oct
6,7234.6363,mp_oct
3,7234.9366,mp_oct
3,7235.2369,mp_oct
9,7235.5372,mp_oct
9,7235.8376,mp_oct
9,7236.138,mp_oct
47,7236.4382,mp_oct
50,7236.7386,mp_oct
50,7237.0389,mp_oct
50,7237.3392,mp_oct
50,7237.6396,mp_oct
18,7237.9399,mp_oct
45,7238.2402,mp_oct
18,7238.5406,mp_oct
45,7238.8409,mp_oct
45,7239.1412,mp_oct
47,7239.4416,mp_oct
50,7239.7419,mp_oct
41,7240.0422,mp_oct
41,7240.3426,mp_oct
18,7240.6429,mp_oct
18,7240.9432,mp_oct
41,7241.2435,mp_oct
47,7241.5438,mp_oct
47,7241.8442,mp_oct
18,7242.1445,mp_oct
18,7242.4448,mp_oct
5,7242.7452,mp_oct
3,7243.0455,mp_oct
9,7243.3458,mp_oct
47,7243.6461,mp_oct
50,7243.9465,mp_oct
50,7244.2468,mp_oct
49,7244.5472,mp_oct
3,7244.8475,mp_oct
47,7245.1477,mp_oct
6,7245.4482,mp_oct
47,7245.7484,mp_oct
4,7246.0487,mp_oct
3,7246.3491,mp_oct
3,7246.6494,mp_oct
9,7246.9498,mp_oct
4,7247.2501,mp_oct
2,7247.5504,mp_oct
2,7247.8508,mp_oct
50,7248.1511,mp_oct
4,7248.4514,mp_oct
4,7248.7517,mp_oct
1,7249.0521,mp_oct
4,7249.3524,mp_oct
9,7249.6528,mp_oct
4,7249.9531,mp_oct
4,7250.2533,mp_oct
47,7250.5537,mp_oct
47,7250.854,mp_oct
50,7251.1543,mp_oct
45,7251.4547,mp_oct
47,7251.755,mp_oct
50,7252.0553,mp_oct
50,7252.3556,mp_oct
50,7252.656,mp_oct
41,7252.9563,mp_oct
41,7253.2567,mp_oct
41,7253.557,mp_oct
47,7253.8572,mp_oct
43,7254.1576,mp_oct
46,7254.458,mp_oct
29,7254.7583,mp_oct
2,7255.0587,mp_oct
30,7255.359,mp_oct
49,7255.6593,mp_oct
2,7255.9596,mp_oct
2,7256.26,mp_oct
30,7256.5603,mp_oct
32,7256.8606,mp_oct
45,7257.161,mp_oct
50,7257.4613,mp_oct
2,7257.7616,mp_oct
2,7258.062,mp_oct
50,7258.3623,mp_oct
50,7258.6626,mp_oct
50,7258.9629,mp_oct
45,7259.2633,mp_oct
34,7259.5636,mp_oct
29,7259.8639,mp_oct
4,7260.1642,mp_oct
50,7260.4646,mp_oct
4,7260.7649,mp_oct
9,7261.0652,mp_oct
29,7261.3655,mp_oct
32,7261.6659,mp_oct
32,7261.9662,mp_oct
48,7262.2666,mp_oct
32,7262.5669,mp_oct
27,7262.8673,mp_oct
33,7263.1676,mp_oct
38,7263.4678,mp_oct
33,7263.7682,mp_oct
37,7264.0685,mp_oct
49,7264.3689,mp_oct
28,7264.6691,mp_oct
44,7264.9695,mp_oct
33,7265.2699,mp_oct
37,7265.5702,mp_oct
40,7265.8705,mp_oct
40,7266.1708,mp_oct
50,7266.4712,mp_oct
40,7266.7715,mp_oct
28,7267.0718,mp_oct
2,7267.3721,mp_oct
26,7267.6724,mp_oct
29,7267.9728,mp_oct
32,7268.2731,mp_oct
30,7268.5735,mp_oct
37,7268.8738,mp_oct
29,7269.1741,mp_oct
32,7269.4744,mp_oct
32,7269.7748,mp_oct
32,7270.0751,mp_oct
33,7270.3755,mp_oct
37,7270.6757,mp_oct
33,7270.9761,mp_oct
32,7271.2764,mp_oct
1,7271.5768,mp_oct
1,7271.8771,mp_oct
37,7272.4777,mp_oct
30,7272.778,mp_oct
40,7273.0784,mp_oct
40,7273.3787,mp_oct
49,7273.6791,mp_oct
49,7273.9794,mp_oct
49,7274.2797,mp_oct
49,7274.5825,mp_oct
5,7274.8804,mp_oct
29,7275.1807,mp_oct
9,7275.481,mp_oct
4,7275.7813,mp_oct
4,7276.0816,mp_oct
47,7276.382,mp_oct
1,7276.6823,mp_oct
7,7276.9827,mp_oct
7,7277.283,mp_oct
36,7277.5833,mp_oct
1,7277.8836,mp_oct
7,7278.184,mp_oct
7,7278.4843,mp_oct
9,7278.7846,mp_oct
30,7279.085,mp_oct
49,7279.3853,mp_oct
40,7279.6856,mp_oct
31,7279.986,mp_oct
2,7280.2863,mp_oct
50,7280.5866,mp_oct
50,7280.887,mp_oct
50,7281.1873,mp_oct
50,7281.4876,mp_oct
50,7281.7879,mp_oct
50,7282.0882,mp_oct
50,7282.3886,mp_oct
50,7282.6889,mp_oct
50,7282.9892,mp_oct
30,7283.2896,mp_oct
29,7283.59,mp_oct
29,7283.8903,mp_oct
26,7284.1906,mp_oct
38,7284.4909,mp_oct
37,7284.7913,mp_oct
38,7285.0916,mp_oct
28,7285.3919,mp_oct
40,7285.6923,mp_oct
28,7285.9925,mp_oct
50,7286.2929,mp_oct
40,7286.5932,mp_oct
28,7286.8935,mp_oct
26,7287.1939,mp_oct
46,7287.4942,mp_oct
5,7287.7962,mp_oct
41,7288.0948,mp_oct
50,7288.3952,mp_oct
41,7288.6955,mp_oct
41,7288.9958,mp_oct
47,7289.2962,mp_oct
34,7289.5965,mp_oct
2,7289.8968,mp_oct
4,7290.1972,mp_oct
34,7290.4975,mp_oct
47,7290.7978,mp_oct
4,7291.0981,mp_oct
3,7291.3985,mp_oct
9,7291.6988,mp_oct
9,7291.9992,mp_oct
47,7292.2995,mp_oct
50,7292.5998,mp_oct
50,7292.9002,mp_oct
50,7293.2004,mp_oct
28,7293.5008,mp_oct
50,7293.8011,mp_oct
50,7294.1014,mp_oct
50,7294.4018,mp_oct
50,7294.7021,mp_oct
50,7295.0024,mp_oct
28,7295.3028,mp_oct
50,7295.603,mp_oct
2,7295.9034,mp_oct
45,7296.2037,mp_oct
50,7296.5041,mp_oct
2,7296.8044,mp_oct
47,7297.1047,mp_oct
4,7297.405,mp_oct
4,7297.7054,mp_oct
47,7298.0057,mp_oct
47,7298.3061,mp_oct
47,7298.6064,mp_oct
47,7298.9068,mp_oct
9,7299.2071,mp_oct
32,7299.5073,mp_oct
8,7299.8077,mp_oct
8,7300.108,mp_oct
6,7300.4084,mp_oct
41,7300.7087,mp_oct
5,7301.009,mp_oct
34,7301.3094,mp_oct
45,7301.6097,mp_oct
41,7301.91,mp_oct
41,7302.2104,mp_oct
41,7302.5107,mp_oct
41,7302.811,mp_oct
41,7303.1113,mp_oct
41,7303.4117,mp_oct
45,7303.712,mp_oct
45,7304.0124,mp_oct
8,7304.3126,mp_oct
46,7304.613,mp_oct
9,7304.9133,mp_oct
9,7305.2136,mp_oct
7,7305.514,mp_oct
30,7305.8143,mp_oct
40,7306.1146,mp_oct
49,7306.4149,mp_oct
49,7306.7153,mp_oct
40,7307.0156,mp_oct
40,7307.316,mp_oct
31,7307.6163,mp_oct
49,7307.9166,mp_oct
40,7308.2169,mp_oct
31,7308.5173,mp_oct
49,7308.8176,mp_oct
49,7309.1179,mp_oct
49,7309.4182,mp_oct
49,7309.7186,mp_oct
50,7310.0189,mp_oct
49,7310.3193,mp_oct
50,7310.6196,mp_oct
31,7310.9199,mp_oct
45,7311.2203,mp_oct
2,7311.5205,mp_oct
2,7311.8209,mp_oct
2,7312.1212,mp_oct
31,7312.4215,mp_oct
49,7312.7219,mp_oct
45,7313.0222,mp_oct
50,7313.3225,mp_oct
50,7313.6229,mp_oct
2,7313.9232,mp_oct
47,7314.2236,mp_oct
4,7314.5238,mp_oct
29,7314.8242,mp_oct
5,7315.1245,mp_oct
4,7315.4249,mp_oct
32,7315.7252,mp_oct
48,7316.0255,mp_oct
1,7316.3258,mp_oct
49,7316.6261,mp_oct
49,7316.9265,mp_oct
40,7317.2268,mp_oct
49,7317.5272,mp_oct
49,7317.8275,mp_oct
49,7318.1278,mp_oct
49,7318.4281,mp_oct
49,7318.7284,mp_oct
34,7319.0287,mp_oct
29,7319.3291,mp_oct
2,7319.6295,mp_oct
30,7319.9298,mp_oct
2,7320.2301,mp_oct
50,7320.5304,mp_oct
28,7320.8308,mp_oct
50,7321.1311,mp_oct
50,7321.4314,mp_oct
29,7321.7317,mp_oct
2,7322.0321,mp_oct
45,7322.3324,mp_oct
50,7322.6328,mp_oct
41,7322.9331,mp_oct
41,7323.2333,mp_oct
45,7323.5338,mp_oct
41,7323.834,mp_oct
41,7324.1344,mp_oct
41,7324.4347,mp_oct
41,7324.735,mp_oct
6,7325.0354,mp_oct
41,7325.3357,mp_oct
41,7325.636,mp_oct
5,7325.9363,mp_oct
46,7326.2367,mp_oct
34,7326.537,mp_oct
41,7326.8373,mp_oct
41,7327.1376,mp_oct
41,7327.438,mp_oct
41,7327.7383,mp_oct
34,7328.0387,mp_oct
45,7328.339,mp_oct
45,7328.6393,mp_oct
6,7328.9396,mp_oct
41,7329.2399,mp_oct
8,7329.5403,mp_oct
4,7329.8406,mp_oct
9,7330.141,mp_oct
9,7330.4413,mp_oct
32,7330.7416,mp_oct
30,7331.0419,mp_oct
40,7331.3423,mp_oct
49,7331.6426,mp_oct
50,7331.9429,mp_oct
34,7332.2433,mp_oct
32,7332.5436,mp_oct
44,7332.8439,mp_oct
44,7333.1443,mp_oct
44,7333.4446,mp_oct
44,7333.745,mp_oct
27,7334.0453,mp_oct
27,7334.3456,mp_oct
27,7334.6509,mp_oct
27,7334.9462,mp_oct
27,7335.2466,mp_oct
36,7335.5469,mp_oct
30,7335.8472,mp_oct
37,7336.1476,mp_oct
27,7336.4488,mp_oct
27,7336.7482,mp_oct
39,7337.0485,mp_oct
39,7337.3489,mp_oct
30,7337.6492,mp_oct
39,7337.9496,mp_oct
27,7338.2499,mp_oct
27,7338.5502,mp_oct
36,7338.8505,mp_oct
40,7339.1509,mp_oct
40,7339.4512,mp_oct
40,7339.7515,mp_oct
36,7340.0518,mp_oct
27,7340.3522,mp_oct
33,7340.6525,mp_oct
37,7340.9528,mp_oct
37,7341.2531,mp_oct
40,7341.5535,mp_oct
37,7341.8539,mp_oct
33,7342.1541,mp_oct
37,7342.4544,mp_oct
48,7342.7548,mp_oct
48,7343.0551,mp_oct
30,7343.3555,mp_oct
40,7343.6558,mp_oct
49,7343.9561,mp_oct
30,7344.2565,mp_oct
49,7344.5568,mp_oct
40,7344.8571,mp_oct
49,7345.1574,mp_oct
49,7345.4578,mp_oct
49,7345.7581,mp_oct
37,7346.0585,mp_oct
40,7346.3588,mp_oct
37,7346.6591,mp_oct
40,7346.9594,mp_oct
33,7347.2597,mp_oct
44,7347.5601,mp_oct
36,7347.8604,mp_oct
40,7348.1607,mp_oct
38,7348.4611,mp_oct
27,7348.7614,mp_oct
37,7349.0617,mp_oct
37,7349.3621,mp_oct
37,7349.6624,mp_oct
27,7349.9627,mp_oct
33,7350.263,mp_oct
40,7350.5634,mp_oct
40,7350.8637,mp_oct
40,7351.1641,mp_oct
40,7351.4644,mp_oct
38,7351.7647,mp_oct
44,7352.065,mp_oct
30,7352.3653,mp_oct
33,7352.6657,mp_oct
37,7352.966,mp_oct
33,7353.2664,mp_oct
44,7353.5667,mp_oct
33,7353.867,mp_oct
37,7354.1674,mp_oct
40,7354.4677,mp_oct
40,7354.768,mp_oct
37,7355.0683,mp_oct
30,7355.3687,mp_oct
37,7355.669,mp_oct
37,7355.9693,mp_oct
40,7356.2697,mp_oct
40,7356.57,mp_oct
33,7356.8703,mp_oct
35,7357.1707,mp_oct
33,7357.471,mp_oct
38,7357.7713,mp_oct
38,7358.0716,mp_oct
48,7358.372,mp_oct
30,7358.6723,mp_oct
48,7358.9726,mp_oct
1,7359.2729,mp_oct
29,7359.5733,mp_oct
47,7359.8737,mp_oct
2,7360.174,mp_oct
2,7360.4742,mp_oct
5,7360.7746,mp_oct
50,7361.0749,mp_oct
2,7361.3753,mp_oct
50,7361.6756,mp_oct
50,7361.9759,mp_oct
28,7362.2762,mp_oct
50,7362.5766,mp_oct
2,7362.8769,mp_oct
2,7363.1772,mp_oct
33,7363.4775,mp_oct
35,7363.7779,mp_oct
44,7364.0782,mp_oct
44,7364.3786,mp_oct
38,7364.6789,mp_oct
33,7364.9792,mp_oct
36,7365.2795,mp_oct
40,7365.5799,mp_oct
40,7365.8802,mp_oct
37,7366.1805,mp_oct
40,7366.4808,mp_oct
40,7366.7812,mp_oct
40,7367.0815,mp_oct
28,7367.3819,mp_oct
40,7367.6822,mp_oct
49,7367.9825,mp_oct
30,7368.2829,mp_oct
44,7368.5832,mp_oct
44,7368.8835,mp_oct
29,7369.1838,mp_oct
29,7369.4859,mp_oct
43,7369.7845,mp_oct
6,7370.0857,mp_oct
45,7370.3852,mp_oct
41,7370.6854,mp_oct
29,7370.9858,mp_oct
6,7371.2861,mp_oct
41,7371.5865,mp_oct
45,7371.8868,mp_oct
41,7372.1871,mp_oct
41,7372.4874,mp_oct
41,7372.7878,mp_oct
41,7373.0881,mp_oct
28,7373.3884,mp_oct
28,7373.6887,mp_oct
41,7373.9891,mp_oct
41,7374.2894,mp_oct
41,7374.5898,mp_oct
28,7374.8901,mp_oct
5,7375.1905,mp_oct
8,7375.4908,mp_oct
45,7375.7911,mp_oct
45,7376.0914,mp_oct
8,7376.3917,mp_oct
8,7376.692,mp_oct
8,7376.9924,mp_oct
34,7377.2927,mp_oct
45,7377.593,mp_oct
41,7377.8934,mp_oct
45,7378.1937,mp_oct
45,7378.494,mp_oct
41,7378.7943,mp_oct
41,7379.0947,mp_oct
45,7379.395,mp_oct
41,7379.6954,mp_oct
41,7379.9957,mp_oct
41,7380.296,mp_oct
45,7380.5964,mp_oct
8,7380.8967,mp_oct
46,7381.197,mp_oct
46,7381.4974,mp_oct
46,7381.7977,mp_oct
43,7382.098,mp_oct
43,7382.3983,mp_oct
43,7382.6987,mp_oct
8,7382.999,mp_oct
43,7383.2994,mp_oct
43,7383.5997,mp_oct
46,7383.9,mp_oct
9,7384.2003,mp_oct
9,7384.5007,mp_oct
9,7384.801,mp_oct
7,7385.1013,mp_oct
7,7385.4016,mp_oct
1,7385.702,mp_oct
2,7386.0023,mp_oct
40,7386.3026,mp_oct
49,7386.603,mp_oct
30,7386.9033,mp_oct
36,7387.2036,mp_oct
36,7387.5039,mp_oct
2,7387.8043,mp_oct
50,7388.1047,mp_oct
50,7388.405,mp_oct
50,7388.7053,mp_oct
29,7389.0056,mp_oct
26,7389.306,mp_oct
38,7389.6062,mp_oct
26,7389.9066,mp_oct
35,7390.2069,mp_oct
26,7390.5072,mp_oct
35,7390.8076,mp_oct
46,7391.1079,mp_oct
5,7391.4083,mp_oct
6,7391.7086,mp_oct
45,7392.0089,mp_oct
41,7392.3092,mp_oct
41,7392.6095,mp_oct
41,7392.9099,mp_oct
41,7393.2102,mp_oct
41,7393.5105,mp_oct
41,7393.8108,mp_oct
41,7394.1112,mp_oct
41,7394.4116,mp_oct
45,7394.7118,mp_oct
6,7395.0122,mp_oct
8,7395.3125,mp_oct
46,7395.6128,mp_oct
29,7395.9132,mp_oct
46,7396.2135,mp_oct
8,7396.5138,mp_oct
5,7396.8142,mp_oct
2,7397.1145,mp_oct
41,7397.4148,mp_oct
5,7397.7152,mp_oct
45,7398.0155,mp_oct
41,7398.3158,mp_oct
41,7398.6162,mp_oct
41,7398.9165,mp_oct
41,7399.2168,mp_oct
45,7399.5171,mp_oct
41,7399.8174,mp_oct
41,7400.1178,mp_oct
41,7400.4182,mp_oct
34,7400.7185,mp_oct
35,7401.0188,mp_oct
38,7401.3191,mp_oct
26,7401.6194,mp_oct
26,7401.9198,mp_oct
43,7402.2201,mp_oct
6,7402.5204,mp_oct
45,7402.8208,mp_oct
46,7403.1211,mp_oct
34,7403.4214,mp_oct
45,7403.7217,mp_oct
41,7404.0221,mp_oct
45,7404.3224,mp_oct
34,7404.6227,mp_oct
6,7404.9231,mp_oct
50,7405.2234,mp_oct
41,7405.5237,mp_oct
50,7405.8241,mp_oct
41,7406.1244,mp_oct
34,7406.4247,mp_oct
2,7406.7251,mp_oct
41,7407.0254,mp_oct
50,7407.3257,mp_oct
41,7407.626,mp_oct
34,7407.9263,mp_oct
34,7408.2267,mp_oct
6,7408.527,mp_oct
45,7408.8274,mp_oct
41,7409.1276,mp_oct
41,7409.428,mp_oct
41,7409.7283,mp_oct
6,7410.0287,mp_oct
41,7410.329,mp_oct
41,7410.6293,mp_oct
45,7410.9297,mp_oct
6,7411.23,mp_oct
8,7411.5303,mp_oct
35,7411.8307,mp_oct
26,7412.131,mp_oct
44,7412.4314,mp_oct
27,7412.7317,mp_oct
27,7413.032,mp_oct
36,7413.3324,mp_oct
1,7413.6326,mp_oct
32,7413.933,mp_oct
29,7414.2333,mp_oct
30,7414.5337,mp_oct
2,7414.834,mp_oct
2,7415.1343,mp_oct
50,7415.4346,mp_oct
47,7415.7349,mp_oct
30,7416.0353,mp_oct
28,7416.3356,mp_oct
50,7416.6359,mp_oct
50,7416.9363,mp_oct
2,7417.2366,mp_oct
1,7417.5369,mp_oct
2,7417.8373,mp_oct
50,7418.1376,mp_oct
50,7418.4379,mp_oct
45,7418.7383,mp_oct
45,7419.0386,mp_oct
5,7419.3389,mp_oct
5,7419.6392,mp_oct
2,7419.9396,mp_oct
1,7420.2399,mp_oct
29,7420.5452,mp_oct
30,7420.8405,mp_oct
28,7421.1409,mp_oct
2,7421.4412,mp_oct
5,7421.7415,mp_oct
2,7422.0419,mp_oct
50,7422.3422,mp_oct
50,7422.6426,mp_oct
34,7422.9429,mp_oct
50,7423.2432,mp_oct
40,7423.5435,mp_oct
40,7423.8439,mp_oct
50,7424.1442,mp_oct
50,7424.4445,mp_oct
29,7424.7449,mp_oct
29,7425.0452,mp_oct
50,7425.3454,mp_oct
50,7425.6458,mp_oct
2,7425.9461,mp_oct
29,7426.2465,mp_oct
50,7426.5468,mp_oct
50,7426.8471,mp_oct
50,7427.1475,mp_oct
50,7427.4478,mp_oct
50,7427.7482,mp_oct
50,7428.0485,mp_oct
50,7428.3488,mp_oct
50,7428.6491,mp_oct
50,7428.9494,mp_oct
50,7429.2497,mp_oct
50,7429.5501,mp_oct
50,7429.8504,mp_oct
45,7430.1508,mp_oct
50,7430.4511,mp_oct
50,7430.7514,mp_oct
45,7431.0518,mp_oct
5,7431.3521,mp_oct
46,7431.6524,mp_oct
32,7431.9527,mp_oct
32,7432.2531,mp_oct
32,7432.5534,mp_oct
7,7432.8537,mp_oct
7,7433.1541,mp_oct
39,7433.4544,mp_oct
39,7433.7548,mp_oct
36,7434.0551,mp_oct
31,7434.3554,mp_oct
36,7434.6557,mp_oct
48,7434.9561,mp_oct
30,7435.2564,mp_oct
49,7435.5567,mp_oct
50,7435.857,mp_oct
49,7436.1574,mp_oct
30,7436.4577,mp_oct
1,7436.758,mp_oct
1,7437.0583,mp_oct
36,7437.3587,mp_oct
30,7437.659,mp_oct
47,7437.9594,mp_oct
1,7438.2597,mp_oct
32,7438.56,mp_oct
30,7438.8604,mp_oct
49,7439.1607,mp_oct
2,7439.461,mp_oct
47,7439.7613,mp_oct
1,7440.0617,mp_oct
1,7440.362,mp_oct
29,7440.6623,mp_oct
30,7440.9627,mp_oct
2,7441.2629,mp_oct
49,7441.5633,mp_oct
37,7441.8636,mp_oct
48,7442.164,mp_oct
1,7442.4643,mp_oct
32,7442.7646,mp_oct
32,7443.065,mp_oct
48,7443.3653,mp_oct
36,7443.6656,mp_oct
30,7443.9659,mp_oct
36,7444.2663,mp_oct
39,7444.5666,mp_oct
1,7444.867,mp_oct
30,7445.1673,mp_oct
31,7445.4676,mp_oct
49,7445.7679,mp_oct
49,7446.0683,mp_oct
48,7446.3686,mp_oct
1,7446.6689,mp_oct
1,7446.9693,mp_oct
30,7447.2696,mp_oct
40,7447.57,mp_oct
37,7447.8702,mp_oct
49,7448.1706,mp_oct
30,7448.4709,mp_oct
29,7448.7712,mp_oct
32,7449.0716,mp_oct
36,7449.3719,mp_oct
36,7449.6723,mp_oct
49,7449.9725,mp_oct
31,7450.2729,mp_oct
30,7450.5732,mp_oct
30,7450.8735,mp_oct
36,7451.1738,mp_oct
1,7451.4741,mp_oct
48,7451.7746,mp_oct
39,7452.0748,mp_oct
39,7452.3752,mp_oct
39,7452.6755,mp_oct
1,7452.9759,mp_oct
36,7453.2762,mp_oct
36,7453.5765,mp_oct
36,7453.8768,mp_oct
39,7454.1772,mp_oct
39,7454.4775,mp_oct
36,7454.7778,mp_oct
36,7455.0782,mp_oct
30,7455.3785,mp_oct
49,7455.6788,mp_oct
48,7455.9791,mp_oct
48,7456.2794,mp_oct
48,7456.5798,mp_oct
36,7456.8801,mp_oct
36,7457.1804,mp_oct
36,7457.4808,mp_oct
36,7457.7811,mp_oct
36,7458.0815,mp_oct
30,7458.3818,mp_oct
36,7458.6821,mp_oct
50,7458.9825,mp_oct
31,7459.2828,mp_oct
49,7459.5832,mp_oct
49,7459.8834,mp_oct
50,7460.1838,mp_oct
49,7460.4841,mp_oct
37,7460.7844,mp_oct
40,7461.0847,mp_oct
40,7461.3851,mp_oct
49,7461.6854,mp_oct
49,7461.9858,mp_oct
40,7462.2861,mp_oct
49,7462.5864,mp_oct
1,7462.8867,mp_oct
1,7463.1871,mp_oct
30,7463.4875,mp_oct
30,7463.7877,mp_oct
47,7464.088,mp_oct
29,7464.3884,mp_oct
32,7464.6887,mp_oct
1,7464.9891,mp_oct
29,7465.2894,mp_oct
1,7465.5897,mp_oct
47,7465.89,mp_oct
9,7466.1904,mp_oct
9,7466.4907,mp_oct
7,7466.791,mp_oct
1,7467.0913,mp_oct
36,7467.3916,mp_oct
31,7467.692,mp_oct
36,7467.9923,mp_oct
32,7468.2926,mp_oct
1,7468.5931,mp_oct
30,7468.8933,mp_oct
32,7469.1937,mp_oct
48,7469.494,mp_oct
48,7469.7943,mp_oct
48,7470.0947,mp_oct
2,7470.395,mp_oct
49,7470.6953,mp_oct
49,7470.9956,mp_oct
48,7471.296,mp_oct
1,7471.5963,mp_oct
1,7471.8966,mp_oct
50,7472.1969,mp_oct
49,7472.4973,mp_oct
1,7472.7977,mp_oct
1,7473.098,mp_oct
2,7473.3983,mp_oct
2,7473.6987,mp_oct
2,7473.9989,mp_oct
38,7474.2993,mp_oct
29,7474.5996,mp_oct
32,7474.8999,mp_oct
32,7475.2003,mp_oct
39,7475.5006,mp_oct
39,7475.8009,mp_oct
39,7476.1012,mp_oct
39,7476.4015,mp_oct
39,7476.7019,mp_oct
39,7477.0022,mp_oct
39,7477.3026,mp_oct
39,7477.6029,mp_oct
39,7477.9032,mp_oct
39,7478.2036,mp_oct
39,7478.5039,mp_oct
48,7478.8042,mp_oct
7,7479.1045,mp_oct
7,7479.4049,mp_oct
36,7479.7052,mp_oct
48,7480.0055,mp_oct
1,7480.3059,mp_oct
36,7480.6061,mp_oct
36,7480.9065,mp_oct
36,7481.2068,mp_oct
39,7481.5072,mp_oct
7,7481.8075,mp_oct
7,7482.1078,mp_oct
7,7482.4081,mp_oct
7,7482.7085,mp_oct
39,7483.0088,mp_oct
48,7483.3091,mp_oct
39,7483.6094,mp_oct
39,7483.9098,mp_oct
1,7484.2101,mp_oct
48,7484.5105,mp_oct
48,7484.8108,mp_oct
36,7485.1111,mp_oct
48,7485.4114,mp_oct
48,7485.7118,mp_oct
39,7486.0121,mp_oct
48,7486.3124,mp_oct
1,7486.6128,mp_oct
36,7486.9156,mp_oct
36,7487.2134,mp_oct
48,7487.5138,mp_oct
32,7487.8141,mp_oct
48,7488.1145,mp_oct
48,7488.4148,mp_oct
32,7488.7151,mp_oct
1,7489.0154,mp_oct
1,7489.3158,mp_oct
48,7489.6161,mp_oct
48,7489.9165,mp_oct
1,7490.2167,mp_oct
1,7490.5171,mp_oct
32,7490.8174,mp_oct
1,7491.1178,mp_oct
48,7491.4181,mp_oct
36,7491.7183,mp_oct
1,7492.0187,mp_oct
32,7492.3191,mp_oct
48,7492.6194,mp_oct
1,7492.9198,mp_oct
1,7493.22,mp_oct
36,7493.5204,mp_oct
48,7493.8207,mp_oct
48,7494.1211,mp_oct
32,7494.4213,mp_oct
3,7494.7217,mp_oct
3,7495.022,mp_oct
9,7495.3223,mp_oct
32,7495.6227,mp_oct
48,7495.923,mp_oct
32,7496.2234,mp_oct
1,7496.5237,mp_oct
30,7496.824,mp_oct
48,7497.1244,mp_oct
32,7497.4247,mp_oct
30,7497.73,mp_oct
49,7498.0253,mp_oct
30,7498.3274,mp_oct
49,7498.626,mp_oct
49,7498.9264,mp_oct
49,7499.2267,mp_oct
49,7499.527,mp_oct
50,7499.8273,mp_oct
30,7500.1277,mp_oct
49,7500.428,mp_oct
49,7500.7284,mp_oct
49,7501.0295,mp_oct
49,7501.329,mp_oct
49,7501.6293,mp_oct
32,7501.9296,mp_oct
5,7502.2299,mp_oct
45,7502.5302,mp_oct
28,7502.8306,mp_oct
2,7503.1309,mp_oct
50,7503.7366,mp_oct
45,7504.0319,mp_oct
50,7504.3323,mp_oct
50,7504.6326,mp_oct
28,7504.9329,mp_oct
50,7505.2332,mp_oct
28,7505.5336,mp_oct
2,7505.8339,mp_oct
47,7506.1343,mp_oct
29,7506.4346,mp_oct
2,7506.7349,mp_oct
50,7507.0353,mp_oct
50,7507.3356,mp_oct
29,7507.6359,mp_oct
2,7507.9362,mp_oct
50,7508.2365,mp_oct
50,7508.5369,mp_oct
50,7508.8372,mp_oct
50,7509.1375,mp_oct
45,7509.4379,mp_oct
50,7509.7382,mp_oct
28,7510.0385,mp_oct
50,7510.3388,mp_oct
50,7510.6392,mp_oct
50,7510.9396,mp_oct
50,7511.2399,mp_oct
2,7511.5402,mp_oct
50,7511.8405,mp_oct
50,7512.1409,mp_oct
45,7512.4437,mp_oct
50,7512.7415,mp_oct
50,7513.0418,mp_oct
50,7513.3421,mp_oct
50,7513.6425,mp_oct
50,7513.9428,mp_oct
41,7514.2432,mp_oct
41,7514.5435,mp_oct
45,7514.8438,mp_oct
50,7515.1441,mp_oct
45,7515.4445,mp_oct
41,7515.7448,mp_oct
6,7516.0452,mp_oct
5,7516.3454,mp_oct
45,7516.6458,mp_oct
6,7516.9461,mp_oct
45,7517.2464,mp_oct
5,7517.5468,mp_oct
41,7517.8471,mp_oct
41,7518.1474,mp_oct
45,7518.4478,mp_oct
5,7518.748,mp_oct
6,7519.0484,mp_oct
6,7519.3488,mp_oct
43,7519.6491,mp_oct
4,7519.9494,mp_oct
9,7520.2498,mp_oct
1,7520.5501,mp_oct
7,7520.8504,mp_oct
36,7521.1507,mp_oct
36,7521.4511,mp_oct
36,7521.7514,mp_oct
31,7522.0517,mp_oct
31,7522.3521,mp_oct
36,7522.6524,mp_oct
36,7522.9528,mp_oct
7,7523.2531,mp_oct
7,7523.5534,mp_oct
39,7523.8537,mp_oct
39,7524.154,mp_oct
48,7524.4544,mp_oct
1,7524.7547,mp_oct
1,7525.055,mp_oct
39,7525.3554,mp_oct
48,7525.6557,mp_oct
32,7525.956,mp_oct
1,7526.2564,mp_oct
48,7526.5567,mp_oct
39,7526.857,mp_oct
48,7527.1574,mp_oct
49,7527.4577,mp_oct
36,7527.758,mp_oct
39,7528.0583,mp_oct
48,7528.3587,mp_oct
39,7528.659,mp_oct
39,7528.9593,mp_oct
39,7529.2596,mp_oct
48,7529.56,mp_oct
36,7529.8604,mp_oct
48,7530.1606,mp_oct
36,7530.461,mp_oct
30,7530.7613,mp_oct
30,7531.0617,mp_oct
49,7531.362,mp_oct
40,7531.6623,mp_oct
49,7531.9627,mp_oct
30,7532.263,mp_oct
49,7532.5634,mp_oct
1,7532.8637,mp_oct
30,7533.164,mp_oct
32,7533.4643,mp_oct
44,7533.7647,mp_oct
35,7534.065,mp_oct
35,7534.3653,mp_oct
35,7534.6656,mp_oct
35,7534.9659,mp_oct
35,7535.2663,mp_oct
35,7535.5666,mp_oct
46,7535.8669,mp_oct
8,7536.1673,mp_oct
3,7536.4676,mp_oct
3,7536.7679,mp_oct
3,7537.0683,mp_oct
3,7537.3686,mp_oct
3,7537.6689,mp_oct
3,7537.9693,mp_oct
3,7538.2696,mp_oct
3,7538.5724,mp_oct
3,7538.8702,mp_oct
3,7539.1706,mp_oct
3,7539.4709,mp_oct
3,7539.7712,mp_oct
3,7540.0715,mp_oct
43,7540.3719,mp_oct
43,7540.6722,mp_oct
43,7540.9725,mp_oct
46,7541.2729,mp_oct
34,7541.5733,mp_oct
45,7541.8736,mp_oct
6,7542.1738,mp_oct
41,7542.4742,mp_oct
34,7542.7746,mp_oct
5,7543.0748,mp_oct
34,7543.3752,mp_oct
45,7543.6756,mp_oct
6,7543.9758,mp_oct
5,7544.2762,mp_oct
34,7544.5765,mp_oct
6,7544.8769,mp_oct
6,7545.1771,mp_oct
6,7545.4776,mp_oct
8,7545.7779,mp_oct
5,7546.0781,mp_oct
6,7546.3785,mp_oct
8,7546.6789,mp_oct
35,7546.9792,mp_oct
35,7547.2796,mp_oct
27,7547.5799,mp_oct
39,7547.8802,mp_oct
39,7548.1805,mp_oct
39,7548.4809,mp_oct
48,7548.7812,mp_oct
32,7549.0981,mp_oct
32,7549.3819,mp_oct
36,7549.6822,mp_oct
48,7549.9825,mp_oct
30,7550.2828,mp_oct
30,7550.5832,mp_oct
48,7550.8835,mp_oct
1,7551.1837,mp_oct
31,7551.4841,mp_oct
36,7551.7844,mp_oct
31,7552.0848,mp_oct
39,7552.3852,mp_oct
48,7552.6855,mp_oct
32,7552.9858,mp_oct
32,7553.2861,mp_oct
48,7553.5865,mp_oct
33,7553.8868,mp_oct
33,7554.1871,mp_oct
27,7554.4874,mp_oct
27,7554.7878,mp_oct
48,7555.0881,mp_oct
48,7555.3884,mp_oct
39,7555.6887,mp_oct
32,7555.9891,mp_oct
48,7556.2894,mp_oct
32,7556.5898,mp_oct
32,7556.8901,mp_oct
44,7557.1904,mp_oct
38,7557.4908,mp_oct
49,7557.791,mp_oct
36,7558.0914,mp_oct
32,7558.3917,mp_oct
44,7558.6921,mp_oct
44,7558.9924,mp_oct
32,7559.2927,mp_oct
48,7559.5931,mp_oct
49,7559.8934,mp_oct
49,7560.1938,mp_oct
30,7560.494,mp_oct
30,7560.7944,mp_oct
44,7561.0947,mp_oct
44,7561.395,mp_oct
44,7561.6953,mp_oct
44,7561.9957,mp_oct
44,7562.296,mp_oct
44,7562.5963,mp_oct
33,7562.8967,mp_oct
44,7563.1971,mp_oct
32,7563.4973,mp_oct
29,7563.7977,mp_oct
32,7564.098,mp_oct
32,7564.3983,mp_oct
48,7564.6987,mp_oct
36,7564.9989,mp_oct
36,7565.2994,mp_oct
36,7565.5996,mp_oct
36,7565.9,mp_oct
39,7566.2004,mp_oct
48,7566.5007,mp_oct
32,7566.801,mp_oct
32,7567.1013,mp_oct
38,7567.4016,mp_oct
30,7567.702,mp_oct
1,7568.0023,mp_oct
5,7568.3026,mp_oct
29,7568.6029,mp_oct
32,7568.9033,mp_oct
38,7569.2036,mp_oct
28,7569.504,mp_oct
28,7569.8043,mp_oct
40,7570.1047,mp_oct
28,7570.405,mp_oct
30,7570.7053,mp_oct
37,7571.0057,mp_oct
37,7571.306,mp_oct
37,7571.6063,mp_oct
33,7571.9066,mp_oct
37,7572.2069,mp_oct
30,7572.5072,mp_oct
32,7572.8076,mp_oct
32,7573.1079,mp_oct
32,7573.4083,mp_oct
1,7573.7086,mp_oct
1,7574.009,mp_oct
30,7574.3093,mp_oct
49,7574.6096,mp_oct
2,7574.9099,mp_oct
49,7575.2102,mp_oct
1,7575.5106,mp_oct
32,7575.8109,mp_oct
9,7576.1112,mp_oct
9,7576.4116,mp_oct
4,7576.7119,mp_oct
4,7577.0122,mp_oct
2,7577.3125,mp_oct
2,7577.6129,mp_oct
4,7577.9132,mp_oct
4,7578.2135,mp_oct
4,7578.5139,mp_oct
4,7578.8142,mp_oct
4,7579.1145,mp_oct
9,7579.4149,mp_oct
9,7579.7152,mp_oct
9,7580.0155,mp_oct
9,7580.3159,mp_oct
9,7580.6162,mp_oct
4,7580.9165,mp_oct
7,7581.2168,mp_oct
7,7581.5172,mp_oct
7,7581.8175,mp_oct
7,7582.1178,mp_oct
48,7582.4181,mp_oct
1,7582.7185,mp_oct
31,7583.0188,mp_oct
36,7583.3191,mp_oct
48,7583.6195,mp_oct
39,7583.9199,mp_oct
36,7584.2202,mp_oct
36,7584.5205,mp_oct
39,7584.8209,mp_oct
1,7585.1212,mp_oct
36,7585.4215,mp_oct
31,7585.7218,mp_oct
31,7586.0221,mp_oct
36,7586.3225,mp_oct
7,7586.6228,mp_oct
7,7586.9248,mp_oct
7,7587.2235,mp_oct
7,7587.5238,mp_oct
7,7587.8241,mp_oct
7,7588.1245,mp_oct
7,7588.4248,mp_oct
7,7588.7251,mp_oct
7,7589.0254,mp_oct
7,7589.3258,mp_oct
7,7589.6261,mp_oct
36,7589.9264,mp_oct
7,7590.5271,mp_oct
7,7590.8274,mp_oct
1,7591.1278,mp_oct
7,7591.4281,mp_oct
7,7591.7284,mp_oct
7,7592.0288,mp_oct
39,7592.3291,mp_oct
39,7592.6294,mp_oct
7,7592.9297,mp_oct
48,7593.2301,mp_oct
1,7593.5304,mp_oct
48,7593.8307,mp_oct
1,7594.131,mp_oct
30,7594.4314,mp_oct
36,7594.7318,mp_oct
30,7595.0321,mp_oct
48,7595.3324,mp_oct
48,7595.6327,mp_oct
36,7595.9331,mp_oct
30,7596.2334,mp_oct
48,7596.5337,mp_oct
47,7596.834,mp_oct
49,7597.1344,mp_oct
1,7597.4347,mp_oct
1,7597.735,mp_oct
9,7598.0354,mp_oct
9,7598.3357,mp_oct
4,7598.636,mp_oct
47,7598.9363,mp_oct
7,7599.2367,mp_oct
7,7599.537,mp_oct
7,7599.8373,mp_oct
7,7600.1377,mp_oct
7,7600.438,mp_oct
7,7600.7383,mp_oct
7,7601.0387,mp_oct
7,7601.339,mp_oct
7,7601.6393,mp_oct
9,7601.9396,mp_oct
9,7602.24,mp_oct
32,7602.5403,mp_oct
32,7602.8406,mp_oct
48,7603.141,mp_oct
36,7603.4413,mp_oct
30,7603.7416,mp_oct
36,7604.042,mp_oct
1,7604.3423,mp_oct
1,7604.6427,mp_oct
47,7604.9429,mp_oct
50,7605.2433,mp_oct
46,7605.5436,mp_oct
4,7605.8439,mp_oct
9,7606.1443,mp_oct
9,7606.4446,mp_oct
46,7606.7449,mp_oct
32,7607.0452,mp_oct
46,7607.3456,mp_oct
46,7607.6459,mp_oct
1,7607.9462,mp_oct
29,7608.2466,mp_oct
29,7608.5478,mp_oct
29,7608.8473,mp_oct
34,7609.1476,mp_oct
38,7609.4479,mp_oct
29,7609.7483,mp_oct
29,7610.0486,mp_oct
36,7610.3539,mp_oct
2,7610.6492,mp_oct
4,7610.9495,mp_oct
9,7611.2499,mp_oct
9,7611.5502,mp_oct
4,7611.8506,mp_oct
47,7612.1508,mp_oct
4,7612.4512,mp_oct
47,7612.7516,mp_oct
2,7613.0519,mp_oct
46,7613.3522,mp_oct
32,7613.6525,mp_oct
4,7613.9528,mp_oct
47,7614.2532,mp_oct
29,7614.5535,mp_oct
32,7614.8539,mp_oct
32,7615.1542,mp_oct
