ClusterIdx,Timestamp,Folder_Name
2,22.5039,control_jul
2,22.8043,control_jul
2,23.1045,control_jul
2,23.4049,control_jul
2,23.7052,control_jul
2,24.0054,control_jul
2,24.3057,control_jul
2,24.606,control_jul
2,24.9063,control_jul
2,25.2066,control_jul
2,25.5069,control_jul
2,25.8073,control_jul
2,26.1075,control_jul
2,26.4078,control_jul
2,26.7081,control_jul
2,27.0084,control_jul
2,27.3087,control_jul
2,27.609,control_jul
2,27.9093,control_jul
0,28.2096,control_jul
2,28.5099,control_jul
2,28.8102,control_jul
2,29.1105,control_jul
2,29.4108,control_jul
2,29.7111,control_jul
2,30.0114,control_jul
2,30.3117,control_jul
2,30.6121,control_jul
2,30.9124,control_jul
2,31.2126,control_jul
2,31.5129,control_jul
2,31.8132,control_jul
2,32.1136,control_jul
2,32.4139,control_jul
2,32.7142,control_jul
0,33.0144,control_jul
2,33.3148,control_jul
2,33.6151,control_jul
0,33.9154,control_jul
2,34.2157,control_jul
2,34.516,control_jul
2,34.8163,control_jul
2,35.1166,control_jul
2,35.4169,control_jul
2,35.7172,control_jul
2,36.0175,control_jul
2,36.3178,control_jul
2,36.6181,control_jul
2,36.9184,control_jul
2,37.2187,control_jul
2,37.519,control_jul
0,37.8193,control_jul
2,38.1196,control_jul
2,38.4199,control_jul
2,38.7202,control_jul
2,39.0205,control_jul
2,39.3208,control_jul
2,39.6212,control_jul
2,39.9214,control_jul
2,40.2218,control_jul
2,40.5221,control_jul
2,40.8224,control_jul
0,41.1227,control_jul
2,41.423,control_jul
2,41.7233,control_jul
2,42.0236,control_jul
2,42.3239,control_jul
2,42.6242,control_jul
2,42.9245,control_jul
2,43.2248,control_jul
2,43.5251,control_jul
2,43.8254,control_jul
2,44.1257,control_jul
2,44.426,control_jul
2,44.7263,control_jul
0,45.0267,control_jul
2,45.3269,control_jul
2,45.6272,control_jul
2,45.9276,control_jul
2,46.2279,control_jul
2,46.5282,control_jul
2,46.8285,control_jul
2,47.1289,control_jul
2,47.4291,control_jul
2,47.7294,control_jul
2,48.0297,control_jul
2,48.33,control_jul
2,48.6303,control_jul
2,48.9307,control_jul
2,49.2309,control_jul
2,49.5312,control_jul
2,49.8316,control_jul
2,50.1318,control_jul
2,50.4321,control_jul
2,50.7325,control_jul
2,51.0328,control_jul
2,51.3331,control_jul
1,51.6334,control_jul
1,51.9337,control_jul
1,52.234,control_jul
2,52.5343,control_jul
2,52.8346,control_jul
2,53.1349,control_jul
0,53.4352,control_jul
0,53.7356,control_jul
2,54.0359,control_jul
2,54.3362,control_jul
2,54.6365,control_jul
2,54.9368,control_jul
2,55.2371,control_jul
2,55.5374,control_jul
2,55.8377,control_jul
0,56.138,control_jul
2,56.4383,control_jul
2,56.7386,control_jul
2,57.039,control_jul
2,57.3393,control_jul
2,57.6396,control_jul
2,57.9399,control_jul
2,58.2402,control_jul
2,58.5405,control_jul
2,58.8408,control_jul
0,59.1412,control_jul
2,59.4414,control_jul
2,59.7418,control_jul
2,60.042,control_jul
2,60.3424,control_jul
2,60.6427,control_jul
2,60.943,control_jul
2,61.2433,control_jul
2,61.5436,control_jul
2,61.8439,control_jul
2,62.1443,control_jul
2,62.4445,control_jul
2,62.7449,control_jul
2,63.0452,control_jul
2,63.3454,control_jul
2,63.6458,control_jul
2,63.9461,control_jul
2,64.2464,control_jul
1,64.5467,control_jul
2,64.847,control_jul
2,65.1473,control_jul
2,65.4476,control_jul
2,65.748,control_jul
2,66.0482,control_jul
2,66.3486,control_jul
2,66.6489,control_jul
2,66.9492,control_jul
2,67.2495,control_jul
2,67.5498,control_jul
2,67.8501,control_jul
2,68.1504,control_jul
2,68.4508,control_jul
2,68.751,control_jul
2,69.0514,control_jul
2,69.3516,control_jul
2,69.652,control_jul
2,69.9522,control_jul
0,70.2526,control_jul
2,70.5529,control_jul
2,70.8532,control_jul
2,71.1535,control_jul
2,71.4539,control_jul
2,71.7542,control_jul
0,72.0545,control_jul
2,72.3548,control_jul
2,72.6551,control_jul
2,72.9554,control_jul
2,73.2557,control_jul
2,73.556,control_jul
2,73.8563,control_jul
2,74.1566,control_jul
2,74.457,control_jul
2,74.7572,control_jul
2,75.0576,control_jul
2,75.3579,control_jul
2,75.6582,control_jul
2,75.9585,control_jul
2,76.2589,control_jul
2,76.5591,control_jul
2,76.8595,control_jul
2,77.1598,control_jul
2,77.4601,control_jul
2,77.7604,control_jul
2,78.0607,control_jul
2,78.361,control_jul
0,78.6613,control_jul
2,78.9616,control_jul
2,79.262,control_jul
2,79.5623,control_jul
2,79.8626,control_jul
2,80.1629,control_jul
2,80.4632,control_jul
2,80.7635,control_jul
2,81.0638,control_jul
2,81.3641,control_jul
2,81.6645,control_jul
2,81.9648,control_jul
2,82.2651,control_jul
0,82.5654,control_jul
2,82.8657,control_jul
2,83.166,control_jul
1,83.4663,control_jul
2,83.7667,control_jul
2,84.067,control_jul
2,84.3673,control_jul
2,84.6676,control_jul
2,84.9679,control_jul
0,85.2682,control_jul
2,85.5686,control_jul
2,85.8688,control_jul
2,86.1691,control_jul
2,86.4694,control_jul
2,86.7697,control_jul
2,87.07,control_jul
2,87.3704,control_jul
2,87.6707,control_jul
2,87.971,control_jul
2,88.2713,control_jul
2,88.5717,control_jul
2,88.8719,control_jul
2,89.1723,control_jul
2,89.4726,control_jul
2,89.7729,control_jul
0,90.0732,control_jul
2,90.3735,control_jul
2,90.6738,control_jul
0,90.9741,control_jul
2,91.2744,control_jul
0,91.5748,control_jul
2,91.8751,control_jul
2,92.1754,control_jul
2,92.4757,control_jul
2,92.7761,control_jul
2,93.0764,control_jul
2,93.3767,control_jul
2,93.677,control_jul
2,93.9772,control_jul
2,94.2777,control_jul
2,94.5779,control_jul
2,94.8782,control_jul
2,95.1785,control_jul
2,95.4788,control_jul
2,95.7791,control_jul
2,96.0795,control_jul
2,96.3798,control_jul
2,96.6801,control_jul
2,96.9804,control_jul
2,97.2807,control_jul
2,97.5811,control_jul
2,97.8814,control_jul
2,98.1817,control_jul
2,98.482,control_jul
2,98.7823,control_jul
2,99.0826,control_jul
2,99.3829,control_jul
2,99.6832,control_jul
0,99.9836,control_jul
2,100.2839,control_jul
2,100.5841,control_jul
2,100.8845,control_jul
2,101.1848,control_jul
2,101.4851,control_jul
2,101.7855,control_jul
2,102.0858,control_jul
2,102.386,control_jul
2,102.6863,control_jul
0,102.9867,control_jul
2,103.287,control_jul
2,103.5873,control_jul
2,103.8876,control_jul
2,104.1879,control_jul
2,104.4883,control_jul
2,104.7885,control_jul
2,105.0889,control_jul
0,105.3892,control_jul
2,105.6895,control_jul
2,105.9899,control_jul
2,106.2901,control_jul
2,106.5905,control_jul
2,106.8908,control_jul
2,107.1911,control_jul
2,107.4914,control_jul
2,107.7918,control_jul
2,108.092,control_jul
2,108.3924,control_jul
2,108.6927,control_jul
2,108.993,control_jul
2,109.2933,control_jul
2,109.5936,control_jul
2,109.8939,control_jul
2,110.1942,control_jul
2,110.4945,control_jul
2,110.7948,control_jul
2,111.0952,control_jul
2,111.3955,control_jul
2,111.6958,control_jul
2,111.9961,control_jul
2,112.2964,control_jul
2,112.5967,control_jul
2,112.8971,control_jul
2,113.1974,control_jul
0,113.4977,control_jul
0,113.798,control_jul
2,114.0983,control_jul
2,114.3986,control_jul
2,114.699,control_jul
2,114.9992,control_jul
2,115.2995,control_jul
2,115.5999,control_jul
2,115.9003,control_jul
2,116.2005,control_jul
2,116.5009,control_jul
2,116.8011,control_jul
2,117.1015,control_jul
2,117.4017,control_jul
0,117.7021,control_jul
2,118.0024,control_jul
2,118.3027,control_jul
2,118.603,control_jul
2,118.9034,control_jul
2,119.2037,control_jul
0,119.504,control_jul
2,119.8043,control_jul
2,120.1046,control_jul
2,120.405,control_jul
2,120.7053,control_jul
2,121.0056,control_jul
2,121.3059,control_jul
2,121.6062,control_jul
0,121.9065,control_jul
2,122.2068,control_jul
2,122.5071,control_jul
2,122.8075,control_jul
2,123.1078,control_jul
0,123.4081,control_jul
2,123.7084,control_jul
0,124.0087,control_jul
2,124.309,control_jul
2,124.6094,control_jul
2,124.9097,control_jul
2,125.21,control_jul
2,125.5103,control_jul
2,125.8106,control_jul
2,126.111,control_jul
2,126.4112,control_jul
2,126.7116,control_jul
2,127.0119,control_jul
2,127.3122,control_jul
2,127.6125,control_jul
2,127.9129,control_jul
2,128.2131,control_jul
2,128.5135,control_jul
2,128.8138,control_jul
2,129.1141,control_jul
2,129.4144,control_jul
0,129.7148,control_jul
2,130.0151,control_jul
2,130.3154,control_jul
0,130.6157,control_jul
2,130.916,control_jul
2,131.2163,control_jul
2,131.5167,control_jul
2,131.817,control_jul
2,132.1173,control_jul
2,132.4176,control_jul
2,132.7179,control_jul
2,133.0182,control_jul
2,133.3186,control_jul
2,133.6189,control_jul
2,133.9192,control_jul
2,134.2195,control_jul
2,134.5199,control_jul
2,134.8202,control_jul
2,135.1205,control_jul
2,135.4208,control_jul
2,135.7211,control_jul
2,136.0213,control_jul
2,136.3218,control_jul
2,136.622,control_jul
2,136.9224,control_jul
0,137.2227,control_jul
2,137.523,control_jul
2,137.8233,control_jul
2,138.1236,control_jul
2,138.4239,control_jul
2,138.7243,control_jul
2,139.0246,control_jul
2,139.3249,control_jul
2,139.6252,control_jul
2,139.9255,control_jul
2,140.2259,control_jul
2,140.5261,control_jul
0,140.8265,control_jul
2,141.1268,control_jul
2,141.4271,control_jul
0,141.7275,control_jul
2,142.0278,control_jul
2,142.3281,control_jul
2,142.6284,control_jul
2,142.9288,control_jul
2,143.229,control_jul
2,143.5294,control_jul
2,143.8296,control_jul
2,144.13,control_jul
2,144.4303,control_jul
2,144.7307,control_jul
2,145.031,control_jul
2,145.3312,control_jul
2,145.6345,control_jul
2,145.9319,control_jul
2,146.2323,control_jul
2,146.5325,control_jul
2,146.8329,control_jul
2,147.1332,control_jul
2,147.4335,control_jul
2,147.7339,control_jul
2,148.0341,control_jul
2,148.3345,control_jul
2,148.6348,control_jul
2,148.9351,control_jul
2,149.2354,control_jul
2,149.5357,control_jul
2,149.8361,control_jul
2,150.1364,control_jul
2,150.4367,control_jul
0,150.737,control_jul
2,151.0373,control_jul
2,151.3377,control_jul
2,151.638,control_jul
2,151.9382,control_jul
2,152.2386,control_jul
2,152.5389,control_jul
2,152.8393,control_jul
2,153.1396,control_jul
2,153.4398,control_jul
2,153.7402,control_jul
2,154.0405,control_jul
2,154.3408,control_jul
2,154.6412,control_jul
2,154.9414,control_jul
2,155.2418,control_jul
2,155.5421,control_jul
2,155.8424,control_jul
2,156.1428,control_jul
2,156.443,control_jul
2,156.7434,control_jul
2,157.0437,control_jul
2,157.3449,control_jul
2,157.6444,control_jul
2,157.9446,control_jul
2,158.245,control_jul
2,158.5453,control_jul
2,158.8456,control_jul
2,159.1459,control_jul
2,159.4462,control_jul
2,159.7466,control_jul
2,160.0469,control_jul
2,160.3472,control_jul
2,160.6475,control_jul
2,160.9478,control_jul
2,161.2482,control_jul
2,161.5485,control_jul
2,161.8488,control_jul
2,162.1491,control_jul
0,162.4495,control_jul
2,162.7498,control_jul
2,163.0501,control_jul
2,163.3504,control_jul
2,163.6507,control_jul
2,163.951,control_jul
2,164.2514,control_jul
2,164.5517,control_jul
2,164.852,control_jul
2,165.1524,control_jul
2,165.4526,control_jul
2,165.753,control_jul
0,166.0533,control_jul
2,166.3536,control_jul
2,166.6539,control_jul
2,166.9542,control_jul
2,167.2545,control_jul
2,167.5549,control_jul
2,167.8552,control_jul
2,168.1555,control_jul
2,168.4558,control_jul
2,168.7562,control_jul
2,169.0565,control_jul
2,169.3568,control_jul
2,169.6571,control_jul
2,169.9574,control_jul
2,170.2577,control_jul
2,170.5581,control_jul
2,170.8584,control_jul
2,171.1587,control_jul
2,171.459,control_jul
2,171.7594,control_jul
2,172.0596,control_jul
2,172.36,control_jul
2,172.6603,control_jul
2,172.9606,control_jul
2,173.2609,control_jul
2,173.564,control_jul
2,173.8616,control_jul
2,174.1619,control_jul
2,174.4622,control_jul
2,174.7626,control_jul
2,175.0628,control_jul
2,175.3632,control_jul
2,175.6635,control_jul
2,175.9638,control_jul
2,176.2641,control_jul
2,176.5644,control_jul
2,176.8648,control_jul
0,177.1651,control_jul
2,177.4654,control_jul
2,177.7658,control_jul
2,178.066,control_jul
2,178.3664,control_jul
2,178.6667,control_jul
0,178.967,control_jul
2,179.2673,control_jul
2,179.5676,control_jul
2,179.868,control_jul
2,180.1683,control_jul
2,180.4686,control_jul
2,180.7689,control_jul
2,181.0692,control_jul
2,181.3695,control_jul
2,181.6699,control_jul
2,181.9702,control_jul
2,182.2705,control_jul
2,182.5709,control_jul
2,182.8711,control_jul
2,183.1715,control_jul
2,183.4718,control_jul
2,183.7721,control_jul
0,184.0724,control_jul
0,184.3728,control_jul
2,184.6731,control_jul
2,184.9734,control_jul
2,185.2737,control_jul
2,185.574,control_jul
2,185.8744,control_jul
2,186.1747,control_jul
2,186.475,control_jul
2,186.7754,control_jul
2,187.0757,control_jul
2,187.376,control_jul
2,187.6763,control_jul
2,187.9767,control_jul
0,188.2825,control_jul
2,188.5773,control_jul
2,188.8775,control_jul
2,189.1779,control_jul
2,189.4782,control_jul
2,189.7786,control_jul
2,190.0788,control_jul
2,190.3791,control_jul
2,190.6795,control_jul
2,190.9798,control_jul
0,191.2802,control_jul
2,191.5804,control_jul
2,191.8808,control_jul
2,192.1811,control_jul
2,192.4814,control_jul
2,192.7817,control_jul
2,193.082,control_jul
2,193.3824,control_jul
2,193.6827,control_jul
2,193.983,control_jul
2,194.2834,control_jul
2,194.5837,control_jul
2,194.884,control_jul
2,195.1843,control_jul
0,195.4846,control_jul
2,195.7849,control_jul
2,196.0852,control_jul
2,196.3856,control_jul
2,196.6859,control_jul
2,196.9862,control_jul
2,197.2866,control_jul
2,197.5868,control_jul
2,197.8872,control_jul
0,198.1875,control_jul
2,198.4878,control_jul
2,198.7881,control_jul
2,199.0884,control_jul
2,199.3888,control_jul
2,199.6892,control_jul
0,199.9894,control_jul
2,200.2898,control_jul
2,200.5901,control_jul
2,200.8904,control_jul
2,201.1907,control_jul
2,201.491,control_jul
2,201.7913,control_jul
2,202.0917,control_jul
1,202.392,control_jul
0,202.6924,control_jul
2,202.9926,control_jul
2,203.293,control_jul
2,203.5933,control_jul
2,203.8936,control_jul
2,204.1939,control_jul
2,204.4943,control_jul
2,204.7946,control_jul
2,205.0949,control_jul
2,205.3952,control_jul
2,205.6955,control_jul
2,205.9958,control_jul
2,206.2962,control_jul
0,206.5965,control_jul
0,206.8968,control_jul
2,207.1972,control_jul
2,207.4974,control_jul
2,207.7977,control_jul
2,208.0981,control_jul
2,208.3984,control_jul
2,208.6988,control_jul
2,208.999,control_jul
0,209.2994,control_jul
1,209.5996,control_jul
2,209.9,control_jul
2,210.2003,control_jul
2,210.5007,control_jul
2,210.801,control_jul
2,211.1013,control_jul
2,211.4016,control_jul
2,211.702,control_jul
0,212.0023,control_jul
0,212.3026,control_jul
2,212.6029,control_jul
2,212.9032,control_jul
2,213.2036,control_jul
2,213.5038,control_jul
2,213.8042,control_jul
0,214.1045,control_jul
2,214.4048,control_jul
2,214.7052,control_jul
2,215.0055,control_jul
2,215.3058,control_jul
2,215.6061,control_jul
2,215.9065,control_jul
2,216.2068,control_jul
2,216.5071,control_jul
2,216.8074,control_jul
2,217.1077,control_jul
2,217.408,control_jul
2,217.7084,control_jul
2,218.0096,control_jul
2,218.3091,control_jul
2,218.6093,control_jul
2,218.9097,control_jul
2,219.21,control_jul
2,219.5102,control_jul
2,219.8107,control_jul
2,220.1109,control_jul
2,220.4113,control_jul
2,220.7116,control_jul
2,221.0119,control_jul
2,221.3123,control_jul
2,221.6126,control_jul
0,221.9129,control_jul
2,222.2132,control_jul
2,222.5135,control_jul
2,222.8138,control_jul
2,223.1141,control_jul
2,223.4145,control_jul
2,223.7148,control_jul
2,224.0151,control_jul
2,224.3154,control_jul
2,224.6158,control_jul
2,224.9161,control_jul
2,225.2164,control_jul
2,225.5167,control_jul
2,225.8171,control_jul
2,226.1173,control_jul
2,226.4178,control_jul
2,226.718,control_jul
2,227.0184,control_jul
2,227.3187,control_jul
2,227.619,control_jul
2,227.9193,control_jul
2,228.2196,control_jul
2,228.52,control_jul
2,228.8203,control_jul
2,229.1206,control_jul
2,229.4209,control_jul
2,229.7212,control_jul
2,230.0216,control_jul
2,230.3219,control_jul
2,230.6222,control_jul
2,230.9225,control_jul
2,231.2228,control_jul
2,231.5232,control_jul
2,231.8235,control_jul
2,232.1238,control_jul
2,232.4242,control_jul
2,232.7245,control_jul
2,233.0248,control_jul
0,233.3251,control_jul
2,233.6254,control_jul
2,233.9258,control_jul
2,234.2261,control_jul
2,234.5264,control_jul
2,234.8267,control_jul
2,235.1271,control_jul
2,235.4274,control_jul
2,235.7277,control_jul
2,236.028,control_jul
2,236.3284,control_jul
2,236.6287,control_jul
2,236.929,control_jul
0,237.2293,control_jul
2,237.5297,control_jul
2,237.83,control_jul
2,238.1303,control_jul
2,238.4306,control_jul
2,238.7309,control_jul
2,239.0312,control_jul
2,239.3316,control_jul
2,239.6319,control_jul
2,239.9322,control_jul
2,240.2325,control_jul
2,240.5329,control_jul
2,240.8332,control_jul
2,241.1335,control_jul
2,241.4339,control_jul
0,241.7342,control_jul
2,242.0345,control_jul
2,242.3348,control_jul
2,242.6351,control_jul
2,242.9355,control_jul
2,243.2357,control_jul
2,243.5361,control_jul
2,243.8364,control_jul
2,244.1367,control_jul
2,244.4371,control_jul
2,244.7373,control_jul
2,245.0377,control_jul
0,245.338,control_jul
2,245.6383,control_jul
2,245.9387,control_jul
2,246.239,control_jul
2,246.5393,control_jul
2,246.8396,control_jul
2,247.1399,control_jul
2,247.4403,control_jul
0,247.7406,control_jul
2,248.041,control_jul
2,248.3412,control_jul
2,248.6416,control_jul
2,248.9419,control_jul
2,249.2422,control_jul
2,249.5425,control_jul
2,249.8429,control_jul
2,250.1432,control_jul
2,250.4435,control_jul
2,250.7438,control_jul
2,251.0442,control_jul
2,251.3445,control_jul
2,251.6448,control_jul
2,251.9451,control_jul
2,252.2455,control_jul
2,252.5458,control_jul
2,252.846,control_jul
2,253.1464,control_jul
2,253.4467,control_jul
2,253.747,control_jul
2,254.0474,control_jul
2,254.3477,control_jul
2,254.6481,control_jul
2,254.9484,control_jul
2,255.2487,control_jul
2,255.549,control_jul
2,255.8493,control_jul
2,256.1497,control_jul
2,256.45,control_jul
2,256.7503,control_jul
2,257.0506,control_jul
2,257.3509,control_jul
2,257.6512,control_jul
2,257.9516,control_jul
2,258.2519,control_jul
2,258.5522,control_jul
2,258.8525,control_jul
2,259.1528,control_jul
2,259.4532,control_jul
2,259.7535,control_jul
2,260.0538,control_jul
2,260.3542,control_jul
2,260.6545,control_jul
2,260.9548,control_jul
2,261.2552,control_jul
2,261.5555,control_jul
2,261.8557,control_jul
2,262.1561,control_jul
2,262.4564,control_jul
2,262.7567,control_jul
2,263.0571,control_jul
2,263.3574,control_jul
2,263.6577,control_jul
2,263.958,control_jul
2,264.2583,control_jul
2,264.5587,control_jul
2,264.859,control_jul
2,265.1594,control_jul
2,265.4596,control_jul
2,265.7599,control_jul
2,266.0603,control_jul
2,266.3606,control_jul
2,266.6609,control_jul
2,266.9613,control_jul
2,267.2616,control_jul
0,267.5619,control_jul
2,267.8622,control_jul
2,268.1625,control_jul
2,268.4629,control_jul
2,268.7632,control_jul
2,269.0636,control_jul
2,269.3638,control_jul
2,269.6641,control_jul
2,269.9644,control_jul
2,270.2648,control_jul
2,270.5651,control_jul
2,270.8654,control_jul
0,271.1658,control_jul
2,271.4661,control_jul
2,271.7664,control_jul
2,272.0667,control_jul
2,272.3671,control_jul
2,272.6674,control_jul
2,272.9677,control_jul
2,273.268,control_jul
2,273.5684,control_jul
2,273.8686,control_jul
2,274.169,control_jul
2,274.4693,control_jul
2,274.7697,control_jul
2,275.07,control_jul
2,275.3703,control_jul
2,275.6706,control_jul
2,275.971,control_jul
2,276.2713,control_jul
2,276.5716,control_jul
2,276.8719,control_jul
2,277.1723,control_jul
2,277.4725,control_jul
2,277.7729,control_jul
2,278.0732,control_jul
0,278.3735,control_jul
2,278.6739,control_jul
2,278.9741,control_jul
2,279.2745,control_jul
2,279.5748,control_jul
2,279.8752,control_jul
2,280.1754,control_jul
2,280.4757,control_jul
2,280.7817,control_jul
2,281.0764,control_jul
2,281.3767,control_jul
0,281.6771,control_jul
0,281.9774,control_jul
2,282.2777,control_jul
2,282.578,control_jul
2,282.8784,control_jul
2,283.1787,control_jul
2,283.479,control_jul
2,283.7794,control_jul
2,284.0797,control_jul
2,284.38,control_jul
0,284.6803,control_jul
2,284.9806,control_jul
2,285.2809,control_jul
2,285.5813,control_jul
2,285.8816,control_jul
2,286.1819,control_jul
2,286.4822,control_jul
2,286.7826,control_jul
2,287.0829,control_jul
2,287.3832,control_jul
2,287.6835,control_jul
0,287.9838,control_jul
2,288.2842,control_jul
2,288.5845,control_jul
2,288.8848,control_jul
2,289.1852,control_jul
2,289.4854,control_jul
2,289.7858,control_jul
2,290.0861,control_jul
2,290.3865,control_jul
2,290.6868,control_jul
2,290.9871,control_jul
2,291.2874,control_jul
0,291.5877,control_jul
2,291.888,control_jul
2,292.1884,control_jul
2,292.4887,control_jul
2,292.789,control_jul
2,293.0893,control_jul
2,293.3897,control_jul
2,293.69,control_jul
2,293.9903,control_jul
2,294.2906,control_jul
2,294.591,control_jul
2,294.8913,control_jul
2,295.1916,control_jul
2,295.492,control_jul
2,295.7923,control_jul
2,296.0926,control_jul
2,296.3929,control_jul
2,296.6932,control_jul
2,296.9945,control_jul
2,297.2939,control_jul
2,297.5942,control_jul
2,297.8946,control_jul
2,298.1948,control_jul
2,298.4952,control_jul
2,298.7955,control_jul
2,299.0959,control_jul
2,299.3962,control_jul
2,299.6964,control_jul
2,299.9968,control_jul
2,300.2972,control_jul
2,300.5974,control_jul
2,300.8978,control_jul
2,301.1981,control_jul
2,301.4984,control_jul
2,301.7987,control_jul
2,302.099,control_jul
2,302.3994,control_jul
2,302.6997,control_jul
2,303.0,control_jul
2,303.3004,control_jul
0,303.6007,control_jul
2,303.901,control_jul
2,304.2013,control_jul
2,304.5016,control_jul
2,304.8019,control_jul
2,305.1023,control_jul
2,305.4026,control_jul
2,305.7029,control_jul
2,306.0033,control_jul
2,306.3036,control_jul
2,306.6039,control_jul
2,306.9043,control_jul
2,307.2045,control_jul
2,307.5049,control_jul
2,307.8052,control_jul
2,308.1056,control_jul
2,308.4059,control_jul
2,308.7062,control_jul
2,309.0065,control_jul
2,309.3068,control_jul
2,309.6072,control_jul
2,309.9075,control_jul
2,310.2078,control_jul
2,310.5081,control_jul
2,310.8084,control_jul
2,311.1087,control_jul
2,311.4091,control_jul
2,311.7094,control_jul
2,312.0098,control_jul
2,312.3101,control_jul
2,312.6104,control_jul
2,312.9107,control_jul
2,313.211,control_jul
2,313.5114,control_jul
2,313.8117,control_jul
2,314.112,control_jul
0,314.4124,control_jul
2,314.7126,control_jul
2,315.013,control_jul
2,315.3133,control_jul
0,315.6136,control_jul
2,315.9139,control_jul
0,316.2143,control_jul
2,316.5146,control_jul
2,316.8149,control_jul
0,317.1152,control_jul
2,317.4155,control_jul
2,317.7158,control_jul
2,318.0162,control_jul
2,318.3165,control_jul
2,318.6168,control_jul
2,318.9172,control_jul
2,319.2175,control_jul
2,319.5178,control_jul
2,319.8181,control_jul
2,320.1185,control_jul
2,320.4188,control_jul
2,320.7191,control_jul
2,321.0194,control_jul
2,321.3198,control_jul
2,321.6201,control_jul
2,321.9204,control_jul
2,322.2207,control_jul
2,322.521,control_jul
2,322.8214,control_jul
2,323.1217,control_jul
2,323.422,control_jul
2,323.7223,control_jul
0,324.0227,control_jul
2,324.323,control_jul
2,324.6233,control_jul
2,324.9236,control_jul
2,325.224,control_jul
2,325.5243,control_jul
2,325.8246,control_jul
2,326.4252,control_jul
2,326.7256,control_jul
2,327.0259,control_jul
2,327.3262,control_jul
2,327.6266,control_jul
2,327.9269,control_jul
2,328.2272,control_jul
2,328.5275,control_jul
2,328.8279,control_jul
0,329.1282,control_jul
2,329.4284,control_jul
2,329.7289,control_jul
2,330.0291,control_jul
2,330.3294,control_jul
2,330.6298,control_jul
2,330.9301,control_jul
2,331.2305,control_jul
2,331.5308,control_jul
2,331.8311,control_jul
2,332.1314,control_jul
2,332.4317,control_jul
2,332.7321,control_jul
2,333.0324,control_jul
2,333.3327,control_jul
2,333.633,control_jul
2,333.9334,control_jul
2,334.2337,control_jul
2,334.534,control_jul
2,334.8343,control_jul
2,335.1346,control_jul
2,335.435,control_jul
2,335.7353,control_jul
2,336.0356,control_jul
2,336.3359,control_jul
2,336.6363,control_jul
2,336.9366,control_jul
2,337.237,control_jul
2,337.5372,control_jul
2,337.8376,control_jul
2,338.1379,control_jul
2,338.4382,control_jul
2,338.7385,control_jul
2,339.0388,control_jul
2,339.3392,control_jul
2,339.6395,control_jul
2,339.9398,control_jul
2,340.2402,control_jul
2,340.5404,control_jul
2,340.8408,control_jul
2,341.1411,control_jul
2,341.4415,control_jul
2,341.7418,control_jul
2,342.042,control_jul
2,342.3424,control_jul
2,342.6428,control_jul
2,342.943,control_jul
2,343.2434,control_jul
2,343.5437,control_jul
2,343.844,control_jul
2,344.1444,control_jul
2,344.4447,control_jul
0,344.745,control_jul
2,345.0453,control_jul
2,345.3456,control_jul
2,345.646,control_jul
2,345.9463,control_jul
2,346.2466,control_jul
2,346.5469,control_jul
2,346.8473,control_jul
2,347.1476,control_jul
2,347.4479,control_jul
2,347.7483,control_jul
2,348.0486,control_jul
2,348.3489,control_jul
2,348.6492,control_jul
2,348.9496,control_jul
2,349.2499,control_jul
2,349.5502,control_jul
2,349.8505,control_jul
2,350.1508,control_jul
2,350.4512,control_jul
2,350.7515,control_jul
2,351.0518,control_jul
2,351.3521,control_jul
2,351.6524,control_jul
2,351.9528,control_jul
2,352.2531,control_jul
2,352.5534,control_jul
2,352.8537,control_jul
2,353.1541,control_jul
2,353.4544,control_jul
2,353.7548,control_jul
2,354.055,control_jul
0,354.3554,control_jul
2,354.6557,control_jul
2,354.956,control_jul
2,355.2564,control_jul
2,355.5567,control_jul
2,355.857,control_jul
2,356.1573,control_jul
2,356.4577,control_jul
2,356.758,control_jul
2,357.0583,control_jul
2,357.3587,control_jul
2,357.6589,control_jul
2,357.9592,control_jul
2,358.2596,control_jul
2,358.5599,control_jul
2,358.8603,control_jul
2,359.1606,control_jul
2,359.4609,control_jul
2,359.7612,control_jul
2,360.0616,control_jul
2,360.3619,control_jul
2,360.6621,control_jul
0,360.9625,control_jul
2,361.2628,control_jul
2,361.5632,control_jul
2,361.8635,control_jul
2,362.1638,control_jul
2,362.4641,control_jul
2,362.7644,control_jul
2,363.0647,control_jul
2,363.3651,control_jul
2,363.6654,control_jul
2,363.9657,control_jul
2,364.266,control_jul
2,364.5664,control_jul
2,364.8667,control_jul
2,365.167,control_jul
2,365.4674,control_jul
2,365.7677,control_jul
2,366.068,control_jul
2,366.3684,control_jul
0,366.6686,control_jul
2,366.969,control_jul
2,367.2693,control_jul
2,367.5696,control_jul
2,367.87,control_jul
2,368.1703,control_jul
2,368.4707,control_jul
2,368.7709,control_jul
2,369.0713,control_jul
2,369.3716,control_jul
2,369.672,control_jul
2,369.9723,control_jul
2,370.2726,control_jul
2,370.5728,control_jul
0,370.8732,control_jul
2,371.1735,control_jul
2,371.4738,control_jul
2,371.7741,control_jul
2,372.0745,control_jul
2,372.3748,control_jul
2,372.6752,control_jul
2,372.9755,control_jul
2,373.2758,control_jul
2,373.5761,control_jul
2,373.8765,control_jul
2,374.1767,control_jul
2,374.4771,control_jul
2,374.7775,control_jul
2,375.0778,control_jul
2,375.3781,control_jul
0,375.6784,control_jul
2,375.9788,control_jul
2,376.279,control_jul
2,376.5794,control_jul
2,376.8797,control_jul
2,377.18,control_jul
2,377.4804,control_jul
2,377.7806,control_jul
2,378.081,control_jul
2,378.3813,control_jul
2,378.6817,control_jul
2,378.982,control_jul
2,379.2823,control_jul
2,379.5826,control_jul
2,379.8829,control_jul
2,380.1832,control_jul
2,380.4836,control_jul
2,380.7839,control_jul
2,381.0842,control_jul
2,381.3845,control_jul
2,381.6849,control_jul
2,381.9852,control_jul
2,382.2855,control_jul
2,382.5859,control_jul
2,382.8862,control_jul
2,383.1865,control_jul
0,383.4868,control_jul
2,383.7871,control_jul
2,384.0875,control_jul
2,384.3878,control_jul
2,384.6881,control_jul
2,384.9884,control_jul
2,385.2888,control_jul
2,385.5891,control_jul
2,385.8894,control_jul
2,386.1898,control_jul
2,386.4901,control_jul
0,386.7904,control_jul
2,387.0907,control_jul
2,387.391,control_jul
2,387.6914,control_jul
2,387.9917,control_jul
2,388.292,control_jul
2,388.5924,control_jul
2,388.8926,control_jul
2,389.193,control_jul
2,389.4933,control_jul
2,389.7936,control_jul
2,390.0939,control_jul
2,390.3942,control_jul
2,390.6947,control_jul
2,390.9949,control_jul
2,391.2953,control_jul
2,391.5955,control_jul
2,391.8959,control_jul
2,392.1962,control_jul
2,392.4965,control_jul
2,392.7969,control_jul
2,393.0972,control_jul
2,393.3975,control_jul
2,393.6979,control_jul
2,393.9982,control_jul
2,394.2985,control_jul
2,394.5988,control_jul
2,394.8992,control_jul
2,395.1995,control_jul
2,395.4998,control_jul
2,395.8001,control_jul
2,396.1005,control_jul
2,396.4008,control_jul
2,396.7011,control_jul
2,397.0014,control_jul
2,397.3018,control_jul
2,397.602,control_jul
2,397.9024,control_jul
2,398.2027,control_jul
2,398.5031,control_jul
2,398.8034,control_jul
2,399.1037,control_jul
2,399.404,control_jul
0,399.7044,control_jul
2,400.0047,control_jul
2,400.305,control_jul
2,400.6053,control_jul
2,400.9056,control_jul
2,401.206,control_jul
2,401.5063,control_jul
2,401.8066,control_jul
2,402.1069,control_jul
2,402.4073,control_jul
2,402.7076,control_jul
2,403.0079,control_jul
2,403.3083,control_jul
2,403.6086,control_jul
0,403.9089,control_jul
2,404.2092,control_jul
2,404.5095,control_jul
2,404.8099,control_jul
2,405.1102,control_jul
2,405.4105,control_jul
2,405.7108,control_jul
2,406.0111,control_jul
2,406.3115,control_jul
2,406.6118,control_jul
2,406.9121,control_jul
2,407.2124,control_jul
2,407.5128,control_jul
2,407.8132,control_jul
0,408.1135,control_jul
2,408.4138,control_jul
2,408.7141,control_jul
2,409.0144,control_jul
2,409.3148,control_jul
2,409.615,control_jul
2,409.9154,control_jul
2,410.2157,control_jul
2,410.516,control_jul
2,410.8164,control_jul
2,411.1167,control_jul
2,411.417,control_jul
2,411.7173,control_jul
2,412.0177,control_jul
2,412.318,control_jul
2,412.6183,control_jul
2,412.9186,control_jul
2,413.2189,control_jul
2,413.5193,control_jul
2,413.8196,control_jul
2,414.12,control_jul
2,414.4203,control_jul
2,415.0209,control_jul
2,415.3212,control_jul
2,415.6216,control_jul
2,415.9219,control_jul
2,416.2222,control_jul
2,416.5226,control_jul
2,416.8229,control_jul
2,417.1231,control_jul
2,417.4235,control_jul
2,417.7238,control_jul
2,418.0241,control_jul
2,418.3245,control_jul
2,418.6248,control_jul
2,418.9251,control_jul
2,419.2255,control_jul
2,419.5258,control_jul
2,419.8261,control_jul
2,420.1265,control_jul
2,420.4268,control_jul
2,420.727,control_jul
2,421.0274,control_jul
2,421.3278,control_jul
2,421.628,control_jul
2,421.9284,control_jul
2,422.2287,control_jul
2,422.529,control_jul
2,422.8293,control_jul
2,423.1297,control_jul
2,423.43,control_jul
2,423.7303,control_jul
2,424.0307,control_jul
2,424.3338,control_jul
2,424.6313,control_jul
2,424.9516,control_jul
2,425.232,control_jul
2,425.5323,control_jul
2,425.8326,control_jul
2,426.1329,control_jul
2,426.4332,control_jul
2,426.7336,control_jul
2,427.0339,control_jul
2,427.3342,control_jul
2,427.6345,control_jul
2,427.9348,control_jul
2,428.2352,control_jul
2,428.5355,control_jul
2,428.8358,control_jul
2,429.1361,control_jul
2,429.4365,control_jul
2,429.7368,control_jul
2,430.0372,control_jul
2,430.3375,control_jul
2,430.6378,control_jul
2,430.9381,control_jul
0,431.2384,control_jul
2,431.5388,control_jul
2,431.8391,control_jul
2,432.1394,control_jul
2,432.4397,control_jul
2,432.7401,control_jul
2,433.0404,control_jul
2,433.3407,control_jul
2,433.6411,control_jul
2,433.9414,control_jul
2,434.2417,control_jul
2,434.542,control_jul
0,434.8424,control_jul
2,435.1427,control_jul
2,435.443,control_jul
2,435.7433,control_jul
2,436.0436,control_jul
2,436.344,control_jul
2,436.6443,control_jul
2,436.9446,control_jul
2,437.2449,control_jul
2,437.5452,control_jul
2,437.8455,control_jul
2,438.1459,control_jul
2,438.4463,control_jul
2,438.7465,control_jul
2,439.0469,control_jul
2,439.3472,control_jul
2,439.6476,control_jul
2,439.9479,control_jul
2,440.2482,control_jul
2,440.5485,control_jul
2,440.8489,control_jul
2,441.1491,control_jul
2,441.4495,control_jul
2,441.7498,control_jul
2,442.0501,control_jul
2,442.3504,control_jul
2,442.6508,control_jul
2,442.9511,control_jul
2,443.2514,control_jul
2,443.5517,control_jul
2,443.8521,control_jul
2,444.1524,control_jul
2,444.4527,control_jul
2,444.753,control_jul
2,445.0534,control_jul
2,445.3537,control_jul
2,445.654,control_jul
2,445.9544,control_jul
2,446.2547,control_jul
2,446.555,control_jul
2,446.8581,control_jul
2,447.1556,control_jul
2,447.4559,control_jul
2,447.7563,control_jul
2,448.0566,control_jul
2,448.3569,control_jul
2,448.6572,control_jul
2,448.9576,control_jul
2,449.2579,control_jul
2,449.5582,control_jul
0,449.8586,control_jul
2,450.1589,control_jul
2,450.4592,control_jul
2,450.7596,control_jul
2,451.0599,control_jul
2,451.3602,control_jul
2,451.6605,control_jul
2,451.9608,control_jul
2,452.2611,control_jul
2,452.5615,control_jul
2,452.8618,control_jul
2,453.1621,control_jul
2,453.4624,control_jul
2,453.7628,control_jul
2,454.0631,control_jul
2,454.3634,control_jul
2,454.6637,control_jul
2,454.9641,control_jul
2,455.2644,control_jul
2,455.5647,control_jul
2,455.8651,control_jul
2,456.1653,control_jul
2,456.4657,control_jul
2,456.766,control_jul
2,457.0664,control_jul
0,457.3667,control_jul
2,457.667,control_jul
2,457.9673,control_jul
2,458.2676,control_jul
2,458.568,control_jul
2,458.8683,control_jul
2,459.1686,control_jul
2,459.469,control_jul
2,459.7692,control_jul
2,460.0696,control_jul
0,460.3699,control_jul
2,460.6702,control_jul
2,460.9706,control_jul
2,461.2708,control_jul
2,461.5712,control_jul
2,461.8715,control_jul
2,462.1718,control_jul
2,462.4722,control_jul
2,462.7725,control_jul
2,463.0728,control_jul
2,463.3731,control_jul
2,463.6735,control_jul
2,463.9738,control_jul
2,464.2741,control_jul
0,464.5744,control_jul
2,464.8747,control_jul
2,465.1751,control_jul
2,465.4754,control_jul
2,465.7757,control_jul
2,466.0761,control_jul
2,466.3764,control_jul
2,466.6767,control_jul
2,466.977,control_jul
0,467.2773,control_jul
2,467.5777,control_jul
2,467.878,control_jul
2,468.1783,control_jul
2,468.4787,control_jul
2,468.779,control_jul
2,469.0793,control_jul
2,469.3796,control_jul
2,469.68,control_jul
2,469.9803,control_jul
2,470.2806,control_jul
2,470.5809,control_jul
2,470.8812,control_jul
2,471.1816,control_jul
2,471.482,control_jul
2,471.7822,control_jul
2,472.0826,control_jul
2,472.3829,control_jul
2,472.6832,control_jul
2,472.9836,control_jul
2,473.2838,control_jul
2,473.5842,control_jul
2,473.8845,control_jul
2,474.1848,control_jul
2,474.4851,control_jul
2,474.7855,control_jul
2,475.0858,control_jul
2,475.3861,control_jul
2,475.6864,control_jul
2,475.9868,control_jul
2,476.2871,control_jul
0,476.8878,control_jul
2,477.1881,control_jul
2,477.4884,control_jul
2,477.7887,control_jul
2,478.089,control_jul
2,478.3894,control_jul
2,478.6897,control_jul
2,478.99,control_jul
2,479.2903,control_jul
2,479.5907,control_jul
2,479.891,control_jul
2,480.1913,control_jul
2,480.4916,control_jul
2,480.792,control_jul
2,481.0923,control_jul
2,481.3926,control_jul
2,481.6929,control_jul
2,481.9932,control_jul
2,482.2935,control_jul
0,482.5939,control_jul
2,482.8942,control_jul
2,483.1946,control_jul
2,483.4949,control_jul
2,483.7952,control_jul
2,484.0955,control_jul
2,484.3958,control_jul
2,484.6962,control_jul
0,484.9965,control_jul
2,485.2968,control_jul
2,485.5972,control_jul
2,485.8975,control_jul
2,486.1978,control_jul
2,486.4981,control_jul
2,486.7985,control_jul
2,487.0988,control_jul
2,487.3991,control_jul
2,487.6994,control_jul
2,487.9997,control_jul
2,488.3001,control_jul
2,488.6004,control_jul
2,488.9007,control_jul
2,489.2011,control_jul
2,489.5013,control_jul
2,489.8017,control_jul
2,490.102,control_jul
2,490.4023,control_jul
2,490.7027,control_jul
2,491.003,control_jul
2,491.3033,control_jul
2,491.6036,control_jul
2,491.904,control_jul
2,492.2043,control_jul
2,492.5046,control_jul
2,492.805,control_jul
2,493.1052,control_jul
2,493.4056,control_jul
2,493.7059,control_jul
2,494.0062,control_jul
2,494.3066,control_jul
2,494.6068,control_jul
2,494.9072,control_jul
2,495.2075,control_jul
2,495.5079,control_jul
2,495.8082,control_jul
2,496.1085,control_jul
2,496.4088,control_jul
2,496.7092,control_jul
2,497.0094,control_jul
2,497.3098,control_jul
2,497.6157,control_jul
2,497.9104,control_jul
2,498.2108,control_jul
2,498.5111,control_jul
2,498.8114,control_jul
2,499.1117,control_jul
2,499.7124,control_jul
2,500.0127,control_jul
2,500.313,control_jul
2,500.6134,control_jul
2,500.9137,control_jul
0,501.214,control_jul
2,501.5143,control_jul
2,501.8147,control_jul
2,502.115,control_jul
2,502.4153,control_jul
2,502.7156,control_jul
2,503.0159,control_jul
2,503.3163,control_jul
2,503.6166,control_jul
2,503.9169,control_jul
0,504.2172,control_jul
2,504.5175,control_jul
2,504.8179,control_jul
2,505.1182,control_jul
2,505.4185,control_jul
2,505.7188,control_jul
2,506.0192,control_jul
2,506.3195,control_jul
0,506.6198,control_jul
2,506.9202,control_jul
2,507.2204,control_jul
2,507.5208,control_jul
2,507.8212,control_jul
2,508.1215,control_jul
2,508.4218,control_jul
2,508.7221,control_jul
2,509.0224,control_jul
2,509.3228,control_jul
2,509.6231,control_jul
2,509.9234,control_jul
2,510.2237,control_jul
2,510.524,control_jul
2,510.8244,control_jul
2,511.1247,control_jul
2,511.425,control_jul
2,511.7253,control_jul
2,512.0257,control_jul
2,512.326,control_jul
2,512.6263,control_jul
2,513.2269,control_jul
2,513.5273,control_jul
2,513.8276,control_jul
2,514.128,control_jul
2,514.4283,control_jul
2,514.7286,control_jul
2,515.0289,control_jul
2,515.3293,control_jul
0,515.6295,control_jul
2,515.9299,control_jul
2,516.2302,control_jul
2,516.5305,control_jul
2,516.8309,control_jul
2,517.1312,control_jul
2,517.4316,control_jul
2,518.0322,control_jul
2,518.3324,control_jul
2,518.6328,control_jul
2,518.9332,control_jul
2,519.2334,control_jul
2,519.5338,control_jul
2,519.8341,control_jul
2,520.1344,control_jul
2,520.4348,control_jul
2,520.7351,control_jul
2,521.0354,control_jul
2,521.3357,control_jul
2,521.6361,control_jul
2,521.9373,control_jul
2,522.2367,control_jul
2,522.537,control_jul
0,522.8373,control_jul
2,523.1377,control_jul
2,523.438,control_jul
2,523.7383,control_jul
2,524.0387,control_jul
2,524.339,control_jul
2,524.9396,control_jul
2,525.24,control_jul
2,525.5403,control_jul
2,525.8406,control_jul
2,526.1409,control_jul
2,526.4412,control_jul
2,526.7416,control_jul
2,527.0419,control_jul
2,527.3422,control_jul
2,527.6426,control_jul
2,527.9428,control_jul
2,528.2432,control_jul
2,528.5435,control_jul
2,528.8438,control_jul
2,529.1442,control_jul
2,529.4445,control_jul
2,529.7448,control_jul
2,530.0451,control_jul
2,530.3455,control_jul
2,530.6458,control_jul
2,530.9461,control_jul
2,531.2465,control_jul
2,531.5468,control_jul
2,531.847,control_jul
2,532.1474,control_jul
2,532.4477,control_jul
2,532.748,control_jul
2,533.0484,control_jul
2,533.3487,control_jul
2,533.649,control_jul
2,533.9493,control_jul
2,534.2497,control_jul
2,534.55,control_jul
2,534.8503,control_jul
2,535.1507,control_jul
2,535.451,control_jul
2,535.7513,control_jul
2,536.0516,control_jul
2,536.352,control_jul
2,536.6523,control_jul
2,536.9525,control_jul
2,537.253,control_jul
2,537.5532,control_jul
2,537.8536,control_jul
2,538.1539,control_jul
2,538.4542,control_jul
2,538.7545,control_jul
2,539.0549,control_jul
2,539.3552,control_jul
2,539.6555,control_jul
0,539.9559,control_jul
2,540.2562,control_jul
2,540.5565,control_jul
2,540.8569,control_jul
2,541.1571,control_jul
2,541.4575,control_jul
2,541.7578,control_jul
2,542.0581,control_jul
2,542.3585,control_jul
2,542.6588,control_jul
2,542.9591,control_jul
2,543.2595,control_jul
2,543.5598,control_jul
2,543.86,control_jul
2,544.1604,control_jul
2,544.4607,control_jul
2,544.7667,control_jul
2,545.0614,control_jul
2,545.3617,control_jul
2,545.662,control_jul
0,545.9624,control_jul
0,546.2626,control_jul
2,546.563,control_jul
2,546.8633,control_jul
0,547.1637,control_jul
2,547.464,control_jul
2,547.7643,control_jul
2,548.0646,control_jul
0,548.3649,control_jul
2,548.6653,control_jul
2,548.9656,control_jul
0,549.266,control_jul
2,549.5663,control_jul
2,549.8666,control_jul
2,550.1668,control_jul
2,550.4672,control_jul
2,550.7675,control_jul
2,551.0679,control_jul
2,551.3682,control_jul
2,551.6685,control_jul
2,551.9688,control_jul
2,552.2692,control_jul
2,552.5695,control_jul
2,552.8698,control_jul
2,553.1701,control_jul
2,553.4761,control_jul
0,553.7708,control_jul
2,554.0712,control_jul
2,554.3715,control_jul
2,554.6718,control_jul
2,554.9721,control_jul
2,555.2724,control_jul
2,555.5728,control_jul
2,555.8731,control_jul
2,556.1734,control_jul
0,556.4738,control_jul
2,556.7741,control_jul
2,557.0744,control_jul
2,557.3747,control_jul
2,557.6751,control_jul
2,557.9753,control_jul
2,558.2757,control_jul
2,558.576,control_jul
2,558.8764,control_jul
2,559.1766,control_jul
2,559.4771,control_jul
2,559.7774,control_jul
2,560.0777,control_jul
2,560.378,control_jul
2,560.6783,control_jul
2,560.9787,control_jul
0,561.279,control_jul
2,561.5793,control_jul
2,561.8796,control_jul
2,562.18,control_jul
2,562.4803,control_jul
2,562.7806,control_jul
2,563.0809,control_jul
2,563.3812,control_jul
2,563.6815,control_jul
0,563.9819,control_jul
2,564.2823,control_jul
2,564.5826,control_jul
2,564.8829,control_jul
2,565.1832,control_jul
2,565.4836,control_jul
2,565.7838,control_jul
0,566.0842,control_jul
2,566.3845,control_jul
2,566.6848,control_jul
2,566.9852,control_jul
2,567.2855,control_jul
2,567.5858,control_jul
2,567.8861,control_jul
2,568.1865,control_jul
2,568.4868,control_jul
2,568.7871,control_jul
2,569.0875,control_jul
2,569.3877,control_jul
2,569.6881,control_jul
2,569.9884,control_jul
2,570.2888,control_jul
2,570.5891,control_jul
2,570.8894,control_jul
2,571.1898,control_jul
2,571.4901,control_jul
2,571.7904,control_jul
2,572.0908,control_jul
2,572.3911,control_jul
2,572.6914,control_jul
2,572.9917,control_jul
2,573.2921,control_jul
2,573.5924,control_jul
2,573.8927,control_jul
2,574.1931,control_jul
2,574.4933,control_jul
2,574.7937,control_jul
2,575.094,control_jul
2,575.3943,control_jul
2,575.6946,control_jul
2,575.995,control_jul
2,576.2953,control_jul
2,576.5957,control_jul
2,576.896,control_jul
2,577.1963,control_jul
2,577.4966,control_jul
2,577.797,control_jul
0,578.0973,control_jul
2,578.3976,control_jul
2,578.6979,control_jul
0,578.9983,control_jul
2,579.2986,control_jul
2,579.5989,control_jul
0,579.902,control_jul
2,580.1996,control_jul
2,580.4999,control_jul
2,580.8002,control_jul
2,581.1005,control_jul
2,581.4008,control_jul
2,581.7012,control_jul
2,582.0015,control_jul
2,582.3018,control_jul
2,582.6022,control_jul
2,582.9025,control_jul
2,583.2029,control_jul
2,583.5031,control_jul
2,583.8035,control_jul
2,584.1038,control_jul
2,584.4042,control_jul
0,584.7045,control_jul
2,585.0048,control_jul
2,585.3052,control_jul
2,585.6054,control_jul
2,585.9058,control_jul
2,586.2061,control_jul
2,586.5065,control_jul
2,586.8068,control_jul
2,587.1071,control_jul
2,587.4074,control_jul
2,587.7077,control_jul
2,588.0081,control_jul
2,588.3084,control_jul
2,588.6087,control_jul
2,588.9091,control_jul
2,589.2094,control_jul
2,589.5097,control_jul
2,589.81,control_jul
2,590.1104,control_jul
2,590.4107,control_jul
2,590.711,control_jul
2,591.0114,control_jul
2,591.3117,control_jul
2,591.612,control_jul
2,591.9124,control_jul
0,592.2127,control_jul
2,592.513,control_jul
2,592.8133,control_jul
2,593.1137,control_jul
2,593.414,control_jul
2,593.7143,control_jul
2,594.0147,control_jul
2,594.315,control_jul
0,594.6153,control_jul
2,594.9156,control_jul
2,595.2159,control_jul
2,595.5163,control_jul
2,595.8166,control_jul
2,596.1169,control_jul
2,596.4173,control_jul
2,596.7176,control_jul
2,597.0179,control_jul
2,597.3182,control_jul
2,597.6186,control_jul
2,597.9189,control_jul
2,598.2192,control_jul
2,598.5196,control_jul
2,598.8198,control_jul
2,599.1202,control_jul
2,599.4205,control_jul
2,599.7208,control_jul
2,600.0212,control_jul
2,600.3215,control_jul
2,600.6219,control_jul
2,600.9221,control_jul
2,601.2225,control_jul
2,601.5228,control_jul
2,601.8231,control_jul
2,602.1234,control_jul
2,602.4238,control_jul
2,602.7241,control_jul
2,603.0245,control_jul
2,603.3247,control_jul
2,603.6251,control_jul
2,603.9254,control_jul
2,604.2258,control_jul
2,604.5317,control_jul
2,604.8265,control_jul
2,605.1268,control_jul
0,605.4271,control_jul
2,605.7274,control_jul
0,606.0277,control_jul
2,606.3281,control_jul
2,606.6284,control_jul
2,606.9288,control_jul
2,607.2291,control_jul
2,607.5294,control_jul
2,607.8297,control_jul
2,608.13,control_jul
2,608.4304,control_jul
2,608.7307,control_jul
2,609.031,control_jul
2,609.3313,control_jul
2,609.6317,control_jul
2,609.932,control_jul
2,610.2323,control_jul
2,610.5327,control_jul
2,610.833,control_jul
2,611.1333,control_jul
2,611.4336,control_jul
2,611.734,control_jul
2,612.0343,control_jul
2,612.3346,control_jul
2,612.635,control_jul
2,612.9353,control_jul
2,613.2356,control_jul
0,613.5359,control_jul
2,613.8363,control_jul
2,614.1365,control_jul
2,614.4369,control_jul
2,614.7372,control_jul
2,615.0376,control_jul
2,615.3379,control_jul
2,615.6383,control_jul
2,615.9385,control_jul
2,616.2388,control_jul
2,616.5392,control_jul
2,616.8395,control_jul
2,617.1398,control_jul
2,617.4402,control_jul
2,617.7405,control_jul
2,618.0408,control_jul
0,618.3412,control_jul
2,618.6415,control_jul
2,618.9418,control_jul
2,619.2421,control_jul
2,619.5425,control_jul
0,619.8428,control_jul
2,620.1432,control_jul
2,620.4435,control_jul
2,620.7438,control_jul
2,621.0441,control_jul
2,621.3444,control_jul
2,621.6448,control_jul
2,621.9451,control_jul
2,622.2454,control_jul
2,622.5458,control_jul
2,622.8461,control_jul
2,623.1464,control_jul
2,623.4468,control_jul
2,623.747,control_jul
2,624.0474,control_jul
2,624.3477,control_jul
2,624.648,control_jul
2,624.9484,control_jul
2,625.2487,control_jul
2,625.549,control_jul
2,625.8494,control_jul
2,626.1497,control_jul
2,626.45,control_jul
0,626.7503,control_jul
2,627.0506,control_jul
2,627.351,control_jul
2,627.6513,control_jul
2,627.9516,control_jul
2,628.252,control_jul
2,628.5523,control_jul
2,628.8527,control_jul
0,629.153,control_jul
2,629.4533,control_jul
0,629.7537,control_jul
2,630.0539,control_jul
2,630.3543,control_jul
2,630.6546,control_jul
2,630.9549,control_jul
2,631.2553,control_jul
2,631.5556,control_jul
2,631.8559,control_jul
2,632.4566,control_jul
2,632.7569,control_jul
2,633.0572,control_jul
2,633.3576,control_jul
2,633.6579,control_jul
2,633.9582,control_jul
2,634.2586,control_jul
2,634.5589,control_jul
0,634.8592,control_jul
2,635.1596,control_jul
2,635.4599,control_jul
2,635.7602,control_jul
2,636.0605,control_jul
2,636.3608,control_jul
2,636.6611,control_jul
2,636.9615,control_jul
2,637.2619,control_jul
2,637.5622,control_jul
0,637.8625,control_jul
0,638.1628,control_jul
0,638.4631,control_jul
0,638.7634,control_jul
0,639.0638,control_jul
0,639.3641,control_jul
0,639.6644,control_jul
0,639.9648,control_jul
0,640.2651,control_jul
0,640.5654,control_jul
0,640.8658,control_jul
0,641.1661,control_jul
2,641.4664,control_jul
2,641.7667,control_jul
2,642.0671,control_jul
2,642.3675,control_jul
2,642.6677,control_jul
2,642.968,control_jul
2,643.2684,control_jul
2,643.5687,control_jul
2,643.869,control_jul
2,644.1693,control_jul
2,644.4697,control_jul
2,644.77,control_jul
2,645.0704,control_jul
2,645.3707,control_jul
2,645.671,control_jul
2,645.9713,control_jul
2,646.2716,control_jul
2,646.572,control_jul
2,646.8723,control_jul
2,647.1727,control_jul
2,647.473,control_jul
2,647.7733,control_jul
2,648.0736,control_jul
2,648.374,control_jul
2,648.6743,control_jul
0,648.9746,control_jul
2,649.2749,control_jul
2,649.5753,control_jul
2,649.8756,control_jul
2,650.1759,control_jul
2,650.4762,control_jul
2,650.7766,control_jul
2,651.0769,control_jul
2,651.3772,control_jul
2,651.6775,control_jul
2,651.9779,control_jul
2,652.2782,control_jul
2,652.5794,control_jul
2,652.8788,control_jul
2,653.1792,control_jul
2,653.4795,control_jul
2,653.7798,control_jul
2,654.0802,control_jul
2,654.3805,control_jul
2,654.6808,control_jul
2,654.9812,control_jul
2,655.2815,control_jul
2,655.5818,control_jul
2,655.8821,control_jul
2,656.1825,control_jul
2,656.4828,control_jul
2,656.7831,control_jul
2,657.0835,control_jul
2,657.3837,control_jul
2,657.6841,control_jul
2,657.9844,control_jul
2,658.2848,control_jul
2,658.5851,control_jul
2,658.8854,control_jul
2,659.1857,control_jul
2,659.486,control_jul
2,659.7864,control_jul
2,660.0867,control_jul
2,660.387,control_jul
0,660.6874,control_jul
2,660.9877,control_jul
2,661.2881,control_jul
2,661.5884,control_jul
2,661.8887,control_jul
2,662.189,control_jul
2,662.4893,control_jul
2,662.7897,control_jul
2,663.09,control_jul
2,663.3903,control_jul
2,663.6907,control_jul
2,663.991,control_jul
2,664.2913,control_jul
2,664.5916,control_jul
2,664.892,control_jul
2,665.1923,control_jul
2,665.4927,control_jul
2,665.793,control_jul
2,666.0933,control_jul
2,666.3936,control_jul
2,666.694,control_jul
2,666.9943,control_jul
2,667.2946,control_jul
2,667.5949,control_jul
2,667.8953,control_jul
2,668.1956,control_jul
2,668.4959,control_jul
2,668.7962,control_jul
2,669.0966,control_jul
2,669.397,control_jul
2,669.6972,control_jul
2,669.9976,control_jul
2,670.2979,control_jul
2,670.5982,control_jul
2,670.8985,control_jul
2,671.1989,control_jul
2,671.4992,control_jul
2,671.7996,control_jul
2,672.0998,control_jul
2,672.4002,control_jul
2,672.7005,control_jul
2,673.0009,control_jul
2,673.3012,control_jul
2,673.6015,control_jul
2,673.9018,control_jul
2,674.2022,control_jul
2,674.5025,control_jul
2,674.8028,control_jul
0,675.1031,control_jul
2,675.4035,control_jul
0,675.7038,control_jul
2,676.0042,control_jul
2,676.3045,control_jul
2,676.6048,control_jul
2,676.9051,control_jul
2,677.2054,control_jul
2,677.5058,control_jul
2,677.8061,control_jul
2,678.1064,control_jul
2,678.4068,control_jul
2,678.7071,control_jul
2,679.0074,control_jul
2,679.3077,control_jul
2,679.6081,control_jul
2,679.9084,control_jul
2,680.2087,control_jul
2,680.509,control_jul
2,680.8093,control_jul
2,681.1097,control_jul
2,681.41,control_jul
2,681.7104,control_jul
2,682.0107,control_jul
2,682.311,control_jul
2,682.6114,control_jul
2,682.9116,control_jul
2,683.212,control_jul
2,683.5124,control_jul
2,683.8126,control_jul
2,684.113,control_jul
2,684.4133,control_jul
2,684.7145,control_jul
2,685.014,control_jul
2,685.3143,control_jul
2,685.6146,control_jul
2,685.915,control_jul
2,686.2153,control_jul
2,686.5156,control_jul
2,686.8159,control_jul
2,687.1163,control_jul
2,687.4165,control_jul
2,687.717,control_jul
2,688.0172,control_jul
2,688.3176,control_jul
2,688.618,control_jul
2,688.9182,control_jul
2,689.2186,control_jul
2,689.5189,control_jul
2,689.8192,control_jul
2,690.1195,control_jul
2,690.4199,control_jul
0,690.7202,control_jul
2,691.0206,control_jul
2,691.3209,control_jul
2,691.6212,control_jul
2,691.9215,control_jul
2,692.2218,control_jul
2,692.5221,control_jul
2,692.8225,control_jul
2,693.1228,control_jul
2,693.4231,control_jul
2,693.7235,control_jul
0,694.0238,control_jul
2,694.3241,control_jul
2,694.6245,control_jul
2,694.9248,control_jul
0,695.2251,control_jul
2,695.5254,control_jul
0,695.8258,control_jul
2,696.1261,control_jul
2,696.4265,control_jul
2,696.7267,control_jul
2,697.0271,control_jul
2,697.3274,control_jul
2,697.6277,control_jul
2,697.9281,control_jul
2,698.2284,control_jul
2,698.5287,control_jul
2,698.8291,control_jul
2,699.4297,control_jul
2,699.73,control_jul
2,700.0304,control_jul
2,700.3307,control_jul
2,700.631,control_jul
2,700.9314,control_jul
2,701.2317,control_jul
2,701.532,control_jul
2,701.8323,control_jul
2,702.1327,control_jul
2,702.433,control_jul
2,702.7333,control_jul
2,703.0337,control_jul
2,703.334,control_jul
2,703.6343,control_jul
2,703.9346,control_jul
2,704.235,control_jul
2,704.5353,control_jul
2,704.8356,control_jul
2,705.1359,control_jul
0,705.4363,control_jul
2,705.7366,control_jul
2,706.0369,control_jul
2,706.3372,control_jul
2,706.6376,control_jul
2,706.9379,control_jul
2,707.2382,control_jul
2,707.5386,control_jul
2,707.8389,control_jul
2,708.1393,control_jul
2,708.4395,control_jul
2,708.7399,control_jul
0,709.0402,control_jul
2,709.3405,control_jul
2,709.6409,control_jul
2,709.9412,control_jul
2,710.2415,control_jul
2,710.5419,control_jul
2,710.8422,control_jul
2,711.1425,control_jul
2,711.4428,control_jul
0,711.7432,control_jul
2,712.0435,control_jul
2,712.3438,control_jul
0,712.6441,control_jul
2,712.9445,control_jul
2,713.2448,control_jul
2,713.5451,control_jul
2,713.8454,control_jul
2,714.1458,control_jul
2,714.4461,control_jul
2,714.7464,control_jul
2,715.0468,control_jul
2,715.3471,control_jul
2,715.6475,control_jul
0,715.9477,control_jul
2,716.248,control_jul
0,716.5484,control_jul
2,716.8487,control_jul
2,717.1491,control_jul
2,717.4494,control_jul
2,717.7497,control_jul
2,718.05,control_jul
2,718.3503,control_jul
2,718.6507,control_jul
2,718.951,control_jul
2,719.2513,control_jul
2,719.5516,control_jul
2,719.852,control_jul
2,720.1523,control_jul
2,720.4526,control_jul
2,720.753,control_jul
2,721.0533,control_jul
2,721.3536,control_jul
2,721.654,control_jul
2,721.9543,control_jul
2,722.2546,control_jul
2,722.5549,control_jul
2,722.8553,control_jul
2,723.1556,control_jul
2,723.4559,control_jul
2,723.7563,control_jul
2,724.0566,control_jul
2,724.3569,control_jul
2,724.6572,control_jul
2,724.9576,control_jul
2,725.2579,control_jul
2,725.5582,control_jul
2,725.8585,control_jul
2,726.1589,control_jul
0,726.4591,control_jul
2,726.7596,control_jul
2,727.0598,control_jul
2,727.3602,control_jul
2,727.6605,control_jul
2,727.9609,control_jul
2,728.2668,control_jul
2,728.5615,control_jul
2,728.8619,control_jul
0,729.1621,control_jul
2,729.4625,control_jul
2,729.7627,control_jul
2,730.0631,control_jul
2,730.3634,control_jul
2,730.6638,control_jul
2,730.9641,control_jul
2,731.2644,control_jul
2,731.5647,control_jul
2,731.8651,control_jul
2,732.1654,control_jul
2,732.4657,control_jul
2,732.7661,control_jul
2,733.0664,control_jul
2,733.3667,control_jul
2,733.667,control_jul
2,733.9674,control_jul
2,734.2677,control_jul
2,734.568,control_jul
2,734.8683,control_jul
2,735.1687,control_jul
2,735.469,control_jul
2,735.7693,control_jul
2,736.0697,control_jul
2,736.37,control_jul
2,736.6703,control_jul
2,736.9706,control_jul
2,737.2709,control_jul
2,737.5713,control_jul
2,737.8716,control_jul
2,738.1719,control_jul
2,738.4723,control_jul
2,738.7726,control_jul
2,739.0729,control_jul
2,739.3732,control_jul
2,739.6736,control_jul
2,739.9739,control_jul
2,740.2742,control_jul
2,740.5746,control_jul
2,740.8749,control_jul
0,741.1752,control_jul
2,741.4756,control_jul
2,741.7758,control_jul
1,742.0762,control_jul
2,742.3765,control_jul
2,742.6768,control_jul
2,742.9772,control_jul
2,743.2775,control_jul
2,743.5778,control_jul
2,743.8781,control_jul
2,744.1785,control_jul
2,744.4788,control_jul
2,744.7791,control_jul
2,745.0795,control_jul
2,745.3798,control_jul
2,745.6801,control_jul
2,745.9805,control_jul
2,746.2808,control_jul
0,746.5811,control_jul
2,746.8814,control_jul
2,747.1818,control_jul
2,747.482,control_jul
2,747.7824,control_jul
2,748.0828,control_jul
2,748.3831,control_jul
2,748.6834,control_jul
2,748.9837,control_jul
2,749.2841,control_jul
2,749.5844,control_jul
2,749.8847,control_jul
2,750.1851,control_jul
2,750.4854,control_jul
2,750.7857,control_jul
2,751.086,control_jul
0,751.3863,control_jul
2,751.6867,control_jul
2,751.9869,control_jul
2,752.2874,control_jul
2,752.5877,control_jul
2,752.888,control_jul
2,753.1883,control_jul
2,753.4886,control_jul
0,753.789,control_jul
2,754.0893,control_jul
2,754.3897,control_jul
2,754.69,control_jul
2,754.9902,control_jul
2,755.2906,control_jul
2,755.5909,control_jul
2,755.8913,control_jul
2,756.1916,control_jul
2,756.4919,control_jul
2,756.7923,control_jul
2,757.0926,control_jul
2,757.3929,control_jul
2,757.6933,control_jul
2,757.9936,control_jul
2,758.2939,control_jul
2,758.5942,control_jul
2,758.8945,control_jul
2,759.1949,control_jul
2,759.4952,control_jul
2,759.7955,control_jul
2,760.0959,control_jul
2,760.3962,control_jul
2,760.6965,control_jul
2,760.9969,control_jul
2,761.2972,control_jul
2,761.5975,control_jul
2,761.8978,control_jul
2,762.1981,control_jul
2,762.4985,control_jul
2,762.7988,control_jul
2,763.0992,control_jul
2,763.3995,control_jul
2,763.6998,control_jul
2,764.0002,control_jul
2,764.3004,control_jul
2,764.6008,control_jul
2,764.9011,control_jul
2,765.2014,control_jul
2,765.5018,control_jul
2,765.8021,control_jul
2,766.1025,control_jul
2,766.4028,control_jul
2,766.7031,control_jul
0,767.0034,control_jul
2,767.3038,control_jul
2,767.6041,control_jul
2,767.9044,control_jul
2,768.2047,control_jul
2,768.5051,control_jul
2,768.8054,control_jul
2,769.1057,control_jul
2,769.406,control_jul
2,769.7063,control_jul
2,770.0067,control_jul
2,770.307,control_jul
2,770.6073,control_jul
2,770.9076,control_jul
2,771.208,control_jul
2,771.5084,control_jul
2,771.8086,control_jul
2,772.1089,control_jul
2,772.4093,control_jul
2,772.7097,control_jul
2,773.01,control_jul
2,773.3103,control_jul
0,773.6106,control_jul
2,773.911,control_jul
2,774.2113,control_jul
2,774.5116,control_jul
2,774.8119,control_jul
2,775.1123,control_jul
0,775.4126,control_jul
2,775.7129,control_jul
2,776.0133,control_jul
2,776.3135,control_jul
2,776.6139,control_jul
2,776.9142,control_jul
2,777.2145,control_jul
2,777.5149,control_jul
2,777.8152,control_jul
2,778.1155,control_jul
2,778.4158,control_jul
2,778.7162,control_jul
2,779.0165,control_jul
2,779.3169,control_jul
2,779.6172,control_jul
2,779.9175,control_jul
2,780.2178,control_jul
2,780.5181,control_jul
2,780.8185,control_jul
2,781.1188,control_jul
2,781.4191,control_jul
2,781.7195,control_jul
2,782.0198,control_jul
2,782.3201,control_jul
2,782.6204,control_jul
2,782.9208,control_jul
2,783.2211,control_jul
2,783.5214,control_jul
2,783.8217,control_jul
2,784.1221,control_jul
2,784.4224,control_jul
0,784.7228,control_jul
0,785.0231,control_jul
0,785.3234,control_jul
2,785.6237,control_jul
0,785.9241,control_jul
2,786.2244,control_jul
2,786.5247,control_jul
2,786.8251,control_jul
2,787.1253,control_jul
2,787.4257,control_jul
2,787.726,control_jul
2,788.0263,control_jul
2,788.3267,control_jul
2,788.6298,control_jul
2,788.9273,control_jul
2,789.2276,control_jul
2,789.528,control_jul
0,789.8283,control_jul
0,790.1286,control_jul
2,790.429,control_jul
2,790.7293,control_jul
2,791.0297,control_jul
2,791.3299,control_jul
2,791.6303,control_jul
2,791.9306,control_jul
2,792.2309,control_jul
2,792.5313,control_jul
2,792.8316,control_jul
2,793.1319,control_jul
2,793.4323,control_jul
2,793.7326,control_jul
2,794.0329,control_jul
2,794.3332,control_jul
2,794.6353,control_jul
2,794.9339,control_jul
2,795.2342,control_jul
2,795.5346,control_jul
2,795.8349,control_jul
2,796.1352,control_jul
2,796.4355,control_jul
2,796.7358,control_jul
2,797.0362,control_jul
2,797.3365,control_jul
2,797.6368,control_jul
2,797.9372,control_jul
2,798.2375,control_jul
2,798.5379,control_jul
2,798.8382,control_jul
2,799.1385,control_jul
2,799.4388,control_jul
2,799.7392,control_jul
2,800.0395,control_jul
2,800.3398,control_jul
2,800.6402,control_jul
2,800.9405,control_jul
2,801.2408,control_jul
2,801.5411,control_jul
2,801.8414,control_jul
2,802.1418,control_jul
2,802.4421,control_jul
2,802.7424,control_jul
2,803.0427,control_jul
0,803.3431,control_jul
2,803.6434,control_jul
2,803.9437,control_jul
2,804.2441,control_jul
2,804.5444,control_jul
2,804.8447,control_jul
2,805.1451,control_jul
2,805.4454,control_jul
2,805.7457,control_jul
2,806.046,control_jul
2,806.3464,control_jul
0,806.6467,control_jul
2,806.947,control_jul
2,807.2474,control_jul
2,807.5476,control_jul
2,807.848,control_jul
2,808.1484,control_jul
2,808.4486,control_jul
2,808.749,control_jul
2,809.0493,control_jul
2,809.3496,control_jul
2,809.65,control_jul
2,809.9503,control_jul
2,810.2506,control_jul
2,810.551,control_jul
2,810.8513,control_jul
2,811.1516,control_jul
2,811.4519,control_jul
2,811.7523,control_jul
2,812.0526,control_jul
2,812.3529,control_jul
2,812.6533,control_jul
2,812.9536,control_jul
2,813.254,control_jul
2,813.5542,control_jul
2,813.8546,control_jul
2,814.1549,control_jul
2,814.4552,control_jul
0,814.7556,control_jul
0,815.0559,control_jul
2,815.3562,control_jul
2,815.6565,control_jul
2,815.9569,control_jul
2,816.2572,control_jul
2,816.5575,control_jul
2,816.8579,control_jul
2,817.1581,control_jul
0,817.4585,control_jul
2,817.7588,control_jul
2,818.0591,control_jul
2,818.3595,control_jul
2,818.6598,control_jul
2,818.9601,control_jul
2,819.2605,control_jul
2,819.5608,control_jul
2,819.8611,control_jul
2,820.1615,control_jul
2,820.4617,control_jul
2,820.7621,control_jul
0,821.0625,control_jul
2,821.3628,control_jul
2,821.6631,control_jul
2,821.9634,control_jul
2,822.2637,control_jul
2,822.5641,control_jul
2,822.8644,control_jul
2,823.1647,control_jul
2,823.4651,control_jul
2,823.7654,control_jul
2,824.0658,control_jul
2,824.366,control_jul
2,824.6664,control_jul
2,824.9667,control_jul
2,825.267,control_jul
2,825.5674,control_jul
2,825.8677,control_jul
2,826.168,control_jul
2,826.4684,control_jul
2,826.7687,control_jul
2,827.069,control_jul
2,827.3694,control_jul
2,827.6697,control_jul
2,827.97,control_jul
2,828.2704,control_jul
2,828.5707,control_jul
2,828.871,control_jul
2,829.1713,control_jul
2,829.4716,control_jul
2,829.772,control_jul
2,830.0723,control_jul
0,830.3726,control_jul
2,830.673,control_jul
2,830.9789,control_jul
2,831.2736,control_jul
2,831.574,control_jul
2,831.8742,control_jul
2,832.1746,control_jul
2,832.4749,control_jul
2,832.7753,control_jul
2,833.0756,control_jul
2,833.3759,control_jul
2,833.6763,control_jul
2,833.9766,control_jul
2,834.2769,control_jul
2,834.5772,control_jul
2,834.8776,control_jul
2,835.1779,control_jul
2,835.4782,control_jul
2,835.7786,control_jul
2,836.0788,control_jul
2,836.3792,control_jul
2,836.6795,control_jul
1,836.9798,control_jul
2,837.2802,control_jul
2,837.5805,control_jul
2,837.8808,control_jul
2,838.1812,control_jul
2,838.4815,control_jul
2,838.7818,control_jul
2,839.0821,control_jul
2,839.3824,control_jul
2,839.6828,control_jul
2,839.9831,control_jul
2,840.2834,control_jul
2,840.5838,control_jul
2,840.8841,control_jul
2,841.1844,control_jul
2,841.4847,control_jul
2,841.7851,control_jul
2,842.0855,control_jul
2,842.3858,control_jul
2,842.6861,control_jul
2,842.9864,control_jul
2,843.2867,control_jul
2,843.5871,control_jul
2,843.8874,control_jul
2,844.1877,control_jul
2,844.488,control_jul
2,844.7884,control_jul
2,845.0887,control_jul
2,845.389,control_jul
2,845.6893,control_jul
2,845.9897,control_jul
2,846.29,control_jul
2,846.5903,control_jul
2,846.8906,control_jul
2,847.191,control_jul
2,847.4913,control_jul
2,847.7916,control_jul
2,848.092,control_jul
2,848.3923,control_jul
2,848.6926,control_jul
2,848.993,control_jul
2,849.2933,control_jul
2,849.5936,control_jul
2,849.8939,control_jul
2,850.1942,control_jul
2,850.4946,control_jul
2,850.7949,control_jul
2,851.0952,control_jul
2,851.3956,control_jul
2,851.6959,control_jul
2,851.9962,control_jul
2,852.2965,control_jul
2,852.5968,control_jul
2,852.8972,control_jul
2,853.1975,control_jul
2,853.4979,control_jul
2,853.7981,control_jul
2,854.0985,control_jul
2,854.3988,control_jul
2,854.6992,control_jul
2,854.9995,control_jul
0,855.2998,control_jul
2,855.6002,control_jul
2,855.9004,control_jul
2,856.2008,control_jul
2,856.5012,control_jul
2,856.8014,control_jul
2,857.1018,control_jul
2,857.4021,control_jul
2,857.7024,control_jul
2,858.0028,control_jul
2,858.3031,control_jul
2,858.6034,control_jul
2,858.9037,control_jul
2,859.2041,control_jul
2,859.5044,control_jul
2,859.8047,control_jul
2,860.1051,control_jul
2,860.4053,control_jul
2,860.7057,control_jul
2,861.006,control_jul
2,861.3063,control_jul
2,861.6095,control_jul
2,861.907,control_jul
2,862.2073,control_jul
2,862.5077,control_jul
2,862.808,control_jul
2,863.1083,control_jul
2,863.4087,control_jul
2,863.709,control_jul
2,864.0093,control_jul
2,864.3096,control_jul
2,864.61,control_jul
2,864.9103,control_jul
2,865.2106,control_jul
2,865.511,control_jul
2,865.8113,control_jul
2,866.1116,control_jul
2,866.4119,control_jul
2,866.7123,control_jul
2,867.0126,control_jul
2,867.3129,control_jul
2,867.6132,control_jul
2,867.9135,control_jul
2,868.2139,control_jul
0,868.5143,control_jul
2,868.8146,control_jul
2,869.1149,control_jul
2,869.4152,control_jul
2,869.7155,control_jul
2,870.0159,control_jul
2,870.3162,control_jul
2,870.6165,control_jul
2,870.9168,control_jul
2,871.2172,control_jul
2,871.5175,control_jul
2,871.8178,control_jul
2,872.1181,control_jul
2,872.4185,control_jul
2,872.7188,control_jul
2,873.0192,control_jul
2,873.3195,control_jul
0,873.6198,control_jul
2,873.9201,control_jul
2,874.2205,control_jul
2,874.5208,control_jul
2,874.8211,control_jul
2,875.1215,control_jul
2,875.4218,control_jul
2,875.7221,control_jul
2,876.0225,control_jul
2,876.3228,control_jul
2,876.6231,control_jul
2,876.9234,control_jul
2,877.2237,control_jul
2,877.5241,control_jul
2,877.8244,control_jul
2,878.1247,control_jul
2,878.4251,control_jul
2,878.7254,control_jul
2,879.0257,control_jul
0,879.326,control_jul
2,879.6264,control_jul
2,879.9267,control_jul
2,880.227,control_jul
2,880.5274,control_jul
2,880.8277,control_jul
2,881.1279,control_jul
2,881.4284,control_jul
2,881.7286,control_jul
0,882.029,control_jul
2,882.3293,control_jul
2,882.6297,control_jul
2,882.93,control_jul
2,883.2303,control_jul
2,883.5306,control_jul
2,883.831,control_jul
0,884.1313,control_jul
2,884.4316,control_jul
2,884.7319,control_jul
2,885.0322,control_jul
2,885.3326,control_jul
2,885.6329,control_jul
2,885.9333,control_jul
2,886.2336,control_jul
2,886.5339,control_jul
2,886.8342,control_jul
2,887.1345,control_jul
2,887.4348,control_jul
2,887.7352,control_jul
2,888.0355,control_jul
2,888.3358,control_jul
2,888.6362,control_jul
2,888.9365,control_jul
2,889.2368,control_jul
0,889.5372,control_jul
2,889.8375,control_jul
2,890.1378,control_jul
2,890.4381,control_jul
2,890.7384,control_jul
2,891.0388,control_jul
2,891.3391,control_jul
2,891.6394,control_jul
2,891.9398,control_jul
2,892.2401,control_jul
2,892.5404,control_jul
2,892.8408,control_jul
2,893.1411,control_jul
2,893.4414,control_jul
2,893.7418,control_jul
2,894.042,control_jul
0,894.3424,control_jul
2,894.6427,control_jul
2,894.943,control_jul
2,895.2434,control_jul
2,895.5437,control_jul
2,895.844,control_jul
2,896.1443,control_jul
0,896.4559,control_jul
2,896.745,control_jul
2,897.0453,control_jul
2,897.3456,control_jul
2,897.646,control_jul
2,897.9463,control_jul
2,898.2466,control_jul
2,898.547,control_jul
2,898.8473,control_jul
2,899.1476,control_jul
2,899.448,control_jul
2,899.7483,control_jul
2,900.0486,control_jul
2,900.3489,control_jul
2,900.6492,control_jul
2,900.9495,control_jul
2,901.2499,control_jul
0,901.5502,control_jul
2,901.8505,control_jul
2,902.1509,control_jul
2,902.4512,control_jul
2,902.7515,control_jul
2,903.0518,control_jul
2,903.3522,control_jul
2,903.6525,control_jul
2,903.9529,control_jul
2,904.2532,control_jul
2,904.5535,control_jul
2,904.8538,control_jul
2,905.1541,control_jul
2,905.4545,control_jul
2,905.7548,control_jul
2,906.0551,control_jul
2,906.3555,control_jul
2,906.6557,control_jul
2,906.9561,control_jul
2,907.2564,control_jul
2,907.5568,control_jul
2,907.8571,control_jul
2,908.1574,control_jul
2,908.4577,control_jul
2,908.758,control_jul
2,909.0584,control_jul
2,909.3587,control_jul
2,909.659,control_jul
2,909.9593,control_jul
2,910.2596,control_jul
2,910.56,control_jul
2,910.8604,control_jul
2,911.1607,control_jul
2,911.461,control_jul
2,911.7613,control_jul
2,912.0617,control_jul
2,912.362,control_jul
2,912.6623,control_jul
2,912.9626,control_jul
2,913.2629,control_jul
2,913.5632,control_jul
2,913.8636,control_jul
2,914.1639,control_jul
2,914.4643,control_jul
2,914.7646,control_jul
2,915.0649,control_jul
2,915.3652,control_jul
2,915.6656,control_jul
2,915.9659,control_jul
2,916.2662,control_jul
2,916.5665,control_jul
2,916.8668,control_jul
2,917.1672,control_jul
2,917.4675,control_jul
2,917.7678,control_jul
2,918.0681,control_jul
2,918.3685,control_jul
2,918.6688,control_jul
2,918.9692,control_jul
2,919.2694,control_jul
2,919.5698,control_jul
2,919.8701,control_jul
0,920.1705,control_jul
2,920.4708,control_jul
2,920.7711,control_jul
2,921.0715,control_jul
2,921.3717,control_jul
2,921.6721,control_jul
2,921.9724,control_jul
2,922.2727,control_jul
2,922.5731,control_jul
2,922.8734,control_jul
2,923.1737,control_jul
2,923.474,control_jul
2,923.7743,control_jul
2,924.0747,control_jul
2,924.375,control_jul
2,924.6753,control_jul
2,924.9757,control_jul
2,925.276,control_jul
0,925.5763,control_jul
2,925.8766,control_jul
0,926.177,control_jul
2,926.4772,control_jul
2,926.7776,control_jul
2,927.0779,control_jul
2,927.3783,control_jul
2,927.6785,control_jul
2,927.9789,control_jul
2,928.2792,control_jul
2,928.5796,control_jul
2,928.8798,control_jul
0,929.1802,control_jul
2,929.4805,control_jul
2,929.7809,control_jul
2,930.0812,control_jul
2,930.3816,control_jul
2,930.6818,control_jul
2,930.9822,control_jul
2,931.2825,control_jul
2,931.5829,control_jul
2,931.8832,control_jul
2,932.1835,control_jul
2,932.4838,control_jul
2,932.7841,control_jul
2,933.0844,control_jul
2,933.3847,control_jul
2,933.6851,control_jul
2,933.9854,control_jul
2,934.2857,control_jul
2,934.586,control_jul
2,934.8864,control_jul
2,935.1867,control_jul
2,935.487,control_jul
2,935.7874,control_jul
2,936.0877,control_jul
2,936.3881,control_jul
2,936.6884,control_jul
2,936.9887,control_jul
2,937.289,control_jul
2,937.5893,control_jul
2,937.8897,control_jul
2,938.1899,control_jul
2,938.4902,control_jul
2,938.7907,control_jul
2,939.0909,control_jul
2,939.3913,control_jul
2,939.6915,control_jul
2,939.9919,control_jul
0,940.2922,control_jul
2,940.5925,control_jul
2,940.8929,control_jul
2,941.1932,control_jul
2,941.4935,control_jul
2,941.7939,control_jul
2,942.0942,control_jul
2,942.3945,control_jul
2,942.6948,control_jul
2,942.9952,control_jul
2,943.2955,control_jul
2,943.5958,control_jul
2,943.8961,control_jul
2,944.1964,control_jul
2,944.4968,control_jul
2,944.7971,control_jul
2,945.0975,control_jul
2,945.3978,control_jul
2,945.6981,control_jul
2,945.9984,control_jul
2,946.2988,control_jul
2,946.599,control_jul
2,946.8994,control_jul
2,947.1997,control_jul
2,947.5,control_jul
2,947.8004,control_jul
2,948.1007,control_jul
2,948.401,control_jul
2,948.7013,control_jul
2,949.0017,control_jul
0,949.302,control_jul
2,949.6023,control_jul
2,949.9026,control_jul
2,950.203,control_jul
2,950.5033,control_jul
2,950.8036,control_jul
0,951.1039,control_jul
2,951.4043,control_jul
2,951.7046,control_jul
0,952.3052,control_jul
0,952.6056,control_jul
2,952.9059,control_jul
2,953.2062,control_jul
2,953.5065,control_jul
2,953.8068,control_jul
0,954.1072,control_jul
2,954.4076,control_jul
2,954.7079,control_jul
2,955.0082,control_jul
2,955.3085,control_jul
2,955.6089,control_jul
2,955.9091,control_jul
2,956.2095,control_jul
2,956.5098,control_jul
2,956.8102,control_jul
2,957.1104,control_jul
2,957.4108,control_jul
2,957.7111,control_jul
2,958.0115,control_jul
2,958.3117,control_jul
0,958.6121,control_jul
2,958.9124,control_jul
2,959.2127,control_jul
2,959.5131,control_jul
2,959.8134,control_jul
0,960.1138,control_jul
2,960.414,control_jul
2,960.7144,control_jul
2,961.0147,control_jul
2,961.315,control_jul
2,961.6154,control_jul
0,961.9157,control_jul
2,962.216,control_jul
0,962.5163,control_jul
2,962.8166,control_jul
2,963.117,control_jul
2,963.4173,control_jul
2,963.7176,control_jul
2,964.0179,control_jul
2,964.3183,control_jul
2,964.6186,control_jul
2,964.9189,control_jul
2,965.2192,control_jul
2,965.5196,control_jul
2,965.8199,control_jul
2,966.1203,control_jul
2,966.4206,control_jul
2,966.7208,control_jul
2,967.0211,control_jul
2,967.3215,control_jul
2,967.6218,control_jul
2,967.9221,control_jul
2,968.2225,control_jul
2,968.5228,control_jul
2,968.8232,control_jul
2,969.1235,control_jul
2,969.4238,control_jul
2,969.7241,control_jul
2,970.0245,control_jul
2,970.3247,control_jul
2,970.6251,control_jul
2,970.9254,control_jul
2,971.2258,control_jul
2,971.5261,control_jul
2,971.8264,control_jul
2,972.1268,control_jul
2,972.427,control_jul
2,972.7274,control_jul
2,973.0277,control_jul
2,973.328,control_jul
2,973.6284,control_jul
0,973.9287,control_jul
2,974.229,control_jul
2,974.5293,control_jul
2,974.8297,control_jul
2,975.13,control_jul
2,975.4303,control_jul
2,975.7306,control_jul
2,976.031,control_jul
2,976.3313,control_jul
2,976.6316,control_jul
2,976.932,control_jul
0,977.2323,control_jul
0,977.5326,control_jul
2,977.8329,control_jul
2,978.1333,control_jul
2,978.4336,control_jul
2,978.7339,control_jul
2,979.0342,control_jul
2,979.3346,control_jul
2,979.6349,control_jul
2,979.9352,control_jul
2,980.2356,control_jul
2,980.5359,control_jul
2,980.8362,control_jul
2,981.1365,control_jul
0,981.4369,control_jul
2,981.7372,control_jul
2,982.0375,control_jul
2,982.3378,control_jul
2,982.6382,control_jul
2,982.9385,control_jul
2,983.2388,control_jul
2,983.5391,control_jul
2,983.8395,control_jul
2,984.1398,control_jul
2,984.4402,control_jul
2,984.7404,control_jul
2,985.0408,control_jul
2,985.3411,control_jul
2,985.6414,control_jul
2,985.9417,control_jul
2,986.2421,control_jul
2,986.5424,control_jul
0,986.8428,control_jul
0,987.143,control_jul
2,987.4434,control_jul
2,987.7437,control_jul
2,988.044,control_jul
2,988.3444,control_jul
2,988.6447,control_jul
2,988.945,control_jul
2,989.2454,control_jul
2,989.5457,control_jul
2,989.846,control_jul
2,990.1463,control_jul
2,990.4467,control_jul
2,990.747,control_jul
2,991.0473,control_jul
2,991.3476,control_jul
2,991.648,control_jul
2,991.9483,control_jul
2,992.2486,control_jul
2,992.549,control_jul
2,992.8493,control_jul
2,993.1496,control_jul
2,993.4527,control_jul
2,993.754,control_jul
2,994.0506,control_jul
2,994.3509,control_jul
2,994.6512,control_jul
2,994.9516,control_jul
2,995.2519,control_jul
1,995.5522,control_jul
0,995.8525,control_jul
2,996.1528,control_jul
2,996.4532,control_jul
2,996.7536,control_jul
2,997.0539,control_jul
2,997.3542,control_jul
2,997.6546,control_jul
2,997.9548,control_jul
2,998.2552,control_jul
2,998.5555,control_jul
0,998.8558,control_jul
2,999.1561,control_jul
2,999.4565,control_jul
2,999.7568,control_jul
2,1000.0571,control_jul
2,1000.3574,control_jul
2,1000.6578,control_jul
2,1000.9581,control_jul
2,1001.2584,control_jul
2,1001.5588,control_jul
2,1001.8591,control_jul
2,1002.1595,control_jul
2,1002.4597,control_jul
2,1002.7601,control_jul
2,1003.0604,control_jul
2,1003.3607,control_jul
2,1003.6611,control_jul
2,1003.9613,control_jul
2,1004.2617,control_jul
2,1004.562,control_jul
2,1004.8623,control_jul
2,1005.1627,control_jul
2,1005.463,control_jul
2,1005.7633,control_jul
2,1006.0637,control_jul
2,1006.364,control_jul
0,1006.6643,control_jul
2,1006.9646,control_jul
2,1007.2649,control_jul
2,1007.567,control_jul
2,1007.8656,control_jul
2,1008.166,control_jul
2,1008.4663,control_jul
2,1008.7666,control_jul
2,1009.0669,control_jul
2,1009.3673,control_jul
2,1009.6676,control_jul
2,1009.9679,control_jul
2,1010.2683,control_jul
2,1010.5686,control_jul
2,1010.8689,control_jul
2,1011.1692,control_jul
2,1011.4695,control_jul
2,1011.7699,control_jul
2,1012.0702,control_jul
2,1012.3705,control_jul
2,1012.6708,control_jul
2,1012.9712,control_jul
2,1013.2715,control_jul
2,1013.5718,control_jul
2,1013.8722,control_jul
2,1014.1725,control_jul
2,1014.4728,control_jul
2,1014.7732,control_jul
2,1015.0735,control_jul
2,1015.3738,control_jul
2,1015.6741,control_jul
0,1015.9745,control_jul
2,1016.2748,control_jul
2,1016.5751,control_jul
2,1016.8754,control_jul
2,1017.1757,control_jul
2,1017.4761,control_jul
2,1017.7764,control_jul
2,1018.0768,control_jul
2,1018.3771,control_jul
2,1018.6774,control_jul
2,1018.9778,control_jul
2,1019.2781,control_jul
2,1019.5784,control_jul
2,1019.8788,control_jul
2,1020.1791,control_jul
2,1020.4794,control_jul
2,1020.7797,control_jul
2,1021.0801,control_jul
2,1021.3803,control_jul
2,1021.6807,control_jul
2,1021.981,control_jul
2,1022.2814,control_jul
2,1022.5817,control_jul
2,1022.882,control_jul
2,1023.1823,control_jul
2,1023.4826,control_jul
2,1023.7829,control_jul
2,1024.0834,control_jul
2,1024.3837,control_jul
2,1024.684,control_jul
2,1024.9843,control_jul
2,1025.2846,control_jul
2,1025.585,control_jul
2,1025.8853,control_jul
2,1026.1856,control_jul
2,1026.486,control_jul
2,1026.7862,control_jul
2,1027.0866,control_jul
2,1027.3868,control_jul
2,1027.6872,control_jul
2,1027.9875,control_jul
2,1028.2879,control_jul
2,1028.5882,control_jul
2,1028.8885,control_jul
2,1029.1889,control_jul
2,1029.4892,control_jul
2,1029.7895,control_jul
2,1030.0899,control_jul
2,1030.3902,control_jul
2,1030.6905,control_jul
2,1030.9908,control_jul
2,1031.2912,control_jul
2,1031.5915,control_jul
0,1032.1938,control_jul
2,1032.4924,control_jul
2,1032.7928,control_jul
2,1033.0931,control_jul
2,1033.3934,control_jul
2,1033.6938,control_jul
2,1033.994,control_jul
0,1034.2944,control_jul
2,1034.5947,control_jul
2,1034.8951,control_jul
2,1035.1954,control_jul
2,1035.4957,control_jul
2,1035.796,control_jul
2,1036.0964,control_jul
2,1036.3967,control_jul
2,1036.697,control_jul
2,1036.9974,control_jul
2,1037.2977,control_jul
2,1037.598,control_jul
2,1037.8983,control_jul
2,1038.1987,control_jul
2,1038.499,control_jul
2,1038.7993,control_jul
2,1039.0997,control_jul
2,1039.4,control_jul
2,1039.7003,control_jul
2,1040.0006,control_jul
2,1040.301,control_jul
2,1040.6013,control_jul
0,1040.9016,control_jul
2,1041.202,control_jul
2,1041.5023,control_jul
2,1041.8026,control_jul
2,1042.1029,control_jul
2,1042.4033,control_jul
2,1042.7036,control_jul
2,1043.004,control_jul
2,1043.3043,control_jul
2,1043.6045,control_jul
2,1043.9049,control_jul
0,1044.2052,control_jul
2,1044.5056,control_jul
2,1044.8059,control_jul
2,1045.1062,control_jul
2,1045.4065,control_jul
2,1045.7069,control_jul
2,1046.0072,control_jul
2,1046.3075,control_jul
2,1046.6078,control_jul
2,1046.9082,control_jul
2,1047.2085,control_jul
1,1047.5088,control_jul
2,1047.8091,control_jul
2,1048.1095,control_jul
2,1048.4098,control_jul
2,1048.7101,control_jul
2,1049.0105,control_jul
2,1049.3108,control_jul
2,1049.6111,control_jul
2,1049.9115,control_jul
2,1050.2118,control_jul
2,1050.5121,control_jul
2,1050.8125,control_jul
2,1051.1127,control_jul
2,1051.4131,control_jul
2,1051.7134,control_jul
2,1052.0137,control_jul
2,1052.314,control_jul
2,1052.6144,control_jul
2,1052.9147,control_jul
2,1053.215,control_jul
2,1053.5154,control_jul
2,1053.8156,control_jul
2,1054.1161,control_jul
2,1054.4164,control_jul
2,1054.7167,control_jul
0,1055.017,control_jul
2,1055.3173,control_jul
2,1055.6177,control_jul
2,1055.918,control_jul
2,1056.2183,control_jul
2,1056.5186,control_jul
2,1056.819,control_jul
2,1057.1193,control_jul
2,1057.4196,control_jul
0,1057.7208,control_jul
2,1058.0231,control_jul
0,1058.3206,control_jul
2,1058.6209,control_jul
2,1058.9213,control_jul
2,1059.2216,control_jul
0,1059.522,control_jul
0,1059.8223,control_jul
2,1060.1226,control_jul
2,1060.4229,control_jul
2,1060.7233,control_jul
2,1061.0306,control_jul
2,1061.3239,control_jul
2,1061.6242,control_jul
2,1061.9254,control_jul
2,1062.2249,control_jul
2,1062.5252,control_jul
2,1062.8255,control_jul
2,1063.1259,control_jul
2,1063.4262,control_jul
2,1063.7266,control_jul
2,1064.0268,control_jul
2,1064.3272,control_jul
2,1064.6275,control_jul
2,1064.9278,control_jul
2,1065.2282,control_jul
2,1065.5285,control_jul
2,1065.8288,control_jul
2,1066.1291,control_jul
2,1066.4294,control_jul
2,1066.7298,control_jul
2,1067.0301,control_jul
2,1067.3305,control_jul
2,1067.6308,control_jul
2,1067.9311,control_jul
2,1068.2315,control_jul
2,1068.5318,control_jul
2,1068.8321,control_jul
2,1069.1324,control_jul
2,1069.4328,control_jul
2,1069.7331,control_jul
2,1070.0334,control_jul
2,1070.3337,control_jul
2,1070.634,control_jul
2,1070.9344,control_jul
2,1071.2347,control_jul
2,1071.5351,control_jul
2,1071.8354,control_jul
2,1072.1357,control_jul
2,1072.436,control_jul
2,1072.7364,control_jul
2,1073.0367,control_jul
2,1073.337,control_jul
2,1073.6374,control_jul
2,1073.9377,control_jul
2,1074.238,control_jul
2,1074.5383,control_jul
2,1074.8387,control_jul
2,1075.139,control_jul
2,1075.4393,control_jul
0,1075.7396,control_jul
2,1076.04,control_jul
2,1076.3404,control_jul
2,1076.6406,control_jul
2,1076.9409,control_jul
2,1077.2413,control_jul
2,1077.5416,control_jul
2,1077.8419,control_jul
2,1078.1423,control_jul
2,1078.7429,control_jul
2,1079.0432,control_jul
2,1079.3436,control_jul
2,1079.6439,control_jul
2,1079.9443,control_jul
2,1080.2446,control_jul
1,1080.5449,control_jul
1,1080.8452,control_jul
2,1081.1455,control_jul
2,1081.4459,control_jul
2,1081.7462,control_jul
2,1082.0466,control_jul
2,1082.3468,control_jul
2,1082.6472,control_jul
2,1082.9475,control_jul
2,1083.2478,control_jul
2,1083.5482,control_jul
2,1083.8485,control_jul
2,1084.1488,control_jul
2,1084.4492,control_jul
2,1084.7495,control_jul
2,1085.0499,control_jul
2,1085.3502,control_jul
2,1085.6505,control_jul
2,1085.9508,control_jul
2,1086.2511,control_jul
2,1086.5515,control_jul
2,1086.8518,control_jul
2,1087.1521,control_jul
2,1087.4524,control_jul
2,1087.7528,control_jul
2,1088.0531,control_jul
2,1088.3534,control_jul
2,1088.6538,control_jul
2,1088.9541,control_jul
2,1089.2545,control_jul
2,1089.5548,control_jul
2,1089.8551,control_jul
2,1090.1554,control_jul
2,1090.4557,control_jul
0,1090.7561,control_jul
2,1091.0564,control_jul
2,1091.3567,control_jul
2,1091.6571,control_jul
2,1091.9574,control_jul
2,1092.2577,control_jul
0,1092.558,control_jul
2,1092.8583,control_jul
2,1093.1587,control_jul
2,1093.459,control_jul
2,1093.7594,control_jul
2,1094.0597,control_jul
2,1094.36,control_jul
2,1094.6603,control_jul
2,1094.9606,control_jul
2,1095.261,control_jul
2,1095.5613,control_jul
0,1095.8617,control_jul
2,1096.162,control_jul
2,1096.4623,control_jul
2,1096.7626,control_jul
2,1097.0629,control_jul
0,1097.3633,control_jul
2,1097.6636,control_jul
2,1097.9639,control_jul
2,1098.2643,control_jul
0,1098.5646,control_jul
2,1098.8649,control_jul
2,1099.1652,control_jul
2,1099.4656,control_jul
2,1099.7659,control_jul
2,1100.0662,control_jul
0,1100.3665,control_jul
2,1100.6669,control_jul
2,1100.9672,control_jul
2,1101.2675,control_jul
2,1101.5679,control_jul
2,1101.8683,control_jul
2,1102.1685,control_jul
2,1102.4689,control_jul
2,1102.7692,control_jul
2,1103.0695,control_jul
0,1103.3698,control_jul
2,1103.6702,control_jul
2,1103.9705,control_jul
2,1104.2708,control_jul
2,1104.5711,control_jul
2,1104.8715,control_jul
2,1105.1718,control_jul
2,1105.4722,control_jul
2,1105.7725,control_jul
2,1106.0728,control_jul
2,1106.3732,control_jul
2,1106.6735,control_jul
2,1106.9738,control_jul
2,1107.2742,control_jul
2,1107.5745,control_jul
2,1107.8748,control_jul
2,1108.1751,control_jul
2,1108.4754,control_jul
2,1108.7757,control_jul
2,1109.076,control_jul
2,1109.3764,control_jul
2,1109.6768,control_jul
2,1109.9771,control_jul
2,1110.2774,control_jul
2,1110.5778,control_jul
2,1110.878,control_jul
2,1111.1784,control_jul
2,1111.4787,control_jul
2,1111.779,control_jul
2,1112.0794,control_jul
2,1112.3797,control_jul
2,1112.68,control_jul
2,1112.9803,control_jul
2,1113.2807,control_jul
0,1113.581,control_jul
2,1113.8813,control_jul
2,1114.1817,control_jul
2,1114.482,control_jul
2,1114.7823,control_jul
2,1115.0826,control_jul
2,1115.3829,control_jul
2,1115.6833,control_jul
2,1115.9836,control_jul
2,1116.284,control_jul
2,1116.5843,control_jul
2,1116.8846,control_jul
2,1117.185,control_jul
2,1117.4852,control_jul
2,1117.7856,control_jul
2,1118.0859,control_jul
2,1118.3863,control_jul
2,1118.6865,control_jul
2,1118.9869,control_jul
2,1119.2872,control_jul
0,1119.5876,control_jul
2,1119.8878,control_jul
2,1120.1882,control_jul
2,1120.4885,control_jul
2,1120.7889,control_jul
2,1121.0892,control_jul
2,1121.3895,control_jul
2,1121.6899,control_jul
2,1121.9902,control_jul
2,1122.2905,control_jul
2,1122.5908,control_jul
2,1122.8911,control_jul
2,1123.1915,control_jul
2,1123.4918,control_jul
2,1123.7921,control_jul
2,1124.0925,control_jul
2,1124.3928,control_jul
2,1124.6931,control_jul
2,1124.9934,control_jul
2,1125.2938,control_jul
2,1125.5941,control_jul
2,1125.8945,control_jul
2,1126.1947,control_jul
2,1126.4951,control_jul
2,1126.7954,control_jul
2,1127.0957,control_jul
2,1127.396,control_jul
2,1127.6964,control_jul
2,1127.9967,control_jul
2,1128.297,control_jul
2,1128.5974,control_jul
2,1128.8977,control_jul
0,1129.198,control_jul
2,1129.4984,control_jul
2,1129.7986,control_jul
2,1130.099,control_jul
2,1130.3994,control_jul
0,1130.6997,control_jul
2,1131.0,control_jul
2,1131.3003,control_jul
2,1131.6007,control_jul
2,1131.901,control_jul
2,1132.2013,control_jul
2,1132.5017,control_jul
2,1132.802,control_jul
2,1133.1023,control_jul
2,1133.4027,control_jul
2,1133.703,control_jul
2,1134.0033,control_jul
2,1134.3036,control_jul
2,1134.604,control_jul
2,1134.9043,control_jul
2,1135.2046,control_jul
2,1135.505,control_jul
2,1135.8052,control_jul
2,1136.1056,control_jul
2,1136.4059,control_jul
0,1136.7062,control_jul
2,1137.0066,control_jul
2,1137.3069,control_jul
2,1137.6073,control_jul
2,1137.9084,control_jul
2,1138.2079,control_jul
2,1138.5082,control_jul
2,1138.8085,control_jul
2,1139.1089,control_jul
0,1139.4092,control_jul
2,1139.7095,control_jul
2,1140.0099,control_jul
2,1140.3102,control_jul
2,1140.6105,control_jul
2,1140.9109,control_jul
2,1141.2112,control_jul
2,1141.5115,control_jul
2,1141.8118,control_jul
2,1142.1121,control_jul
2,1142.4125,control_jul
2,1142.7128,control_jul
2,1143.0131,control_jul
2,1143.3135,control_jul
2,1143.6138,control_jul
0,1143.9141,control_jul
2,1144.2144,control_jul
2,1144.5148,control_jul
2,1144.8151,control_jul
2,1145.1155,control_jul
2,1145.4158,control_jul
2,1145.7161,control_jul
2,1146.0164,control_jul
2,1146.3168,control_jul
2,1146.6171,control_jul
2,1146.9174,control_jul
2,1147.2178,control_jul
2,1147.518,control_jul
2,1147.8184,control_jul
2,1148.1188,control_jul
2,1148.4191,control_jul
2,1148.7194,control_jul
2,1149.0197,control_jul
2,1149.32,control_jul
2,1149.6204,control_jul
2,1149.9207,control_jul
2,1150.2211,control_jul
2,1150.5214,control_jul
0,1150.8217,control_jul
2,1151.122,control_jul
2,1151.4224,control_jul
2,1151.7226,control_jul
2,1152.023,control_jul
2,1152.3233,control_jul
2,1152.6236,control_jul
2,1152.924,control_jul
2,1153.2243,control_jul
2,1153.5246,control_jul
2,1153.825,control_jul
2,1154.1253,control_jul
2,1154.4257,control_jul
2,1154.726,control_jul
2,1155.0263,control_jul
2,1155.3266,control_jul
0,1155.6269,control_jul
2,1155.9272,control_jul
2,1156.2276,control_jul
2,1156.5288,control_jul
2,1156.8283,control_jul
2,1157.1285,control_jul
2,1157.4289,control_jul
2,1157.7292,control_jul
2,1158.0296,control_jul
2,1158.3299,control_jul
2,1158.6302,control_jul
2,1158.9305,control_jul
2,1159.2309,control_jul
2,1159.5312,control_jul
2,1159.8315,control_jul
0,1160.1319,control_jul
2,1160.4322,control_jul
2,1160.7325,control_jul
2,1161.0329,control_jul
2,1161.3332,control_jul
2,1161.6335,control_jul
2,1161.9338,control_jul
2,1162.2342,control_jul
2,1162.5345,control_jul
2,1162.8348,control_jul
2,1163.1351,control_jul
2,1163.4355,control_jul
2,1163.7357,control_jul
2,1164.0361,control_jul
2,1164.3364,control_jul
2,1164.6368,control_jul
2,1164.9371,control_jul
2,1165.2374,control_jul
2,1165.5377,control_jul
2,1165.838,control_jul
2,1166.1384,control_jul
2,1166.4387,control_jul
2,1166.7391,control_jul
2,1167.0394,control_jul
2,1167.3397,control_jul
2,1167.6401,control_jul
2,1167.9404,control_jul
2,1168.2407,control_jul
0,1168.541,control_jul
2,1168.8413,control_jul
2,1169.1417,control_jul
2,1169.442,control_jul
2,1169.7423,control_jul
0,1170.0427,control_jul
2,1170.343,control_jul
2,1170.6434,control_jul
2,1170.9436,control_jul
2,1171.2439,control_jul
0,1171.5443,control_jul
2,1171.8446,control_jul
2,1172.145,control_jul
2,1172.4453,control_jul
2,1172.7456,control_jul
2,1173.0459,control_jul
2,1173.3462,control_jul
2,1173.6466,control_jul
2,1173.9469,control_jul
2,1174.2472,control_jul
2,1174.5476,control_jul
2,1174.8479,control_jul
2,1175.1482,control_jul
2,1175.4485,control_jul
2,1175.7489,control_jul
2,1176.0492,control_jul
2,1176.3495,control_jul
2,1176.6499,control_jul
2,1176.9502,control_jul
2,1177.2505,control_jul
2,1177.5508,control_jul
2,1177.8512,control_jul
2,1178.1515,control_jul
2,1178.4518,control_jul
2,1178.7522,control_jul
2,1179.0525,control_jul
2,1179.3528,control_jul
2,1179.6532,control_jul
0,1179.9534,control_jul
2,1180.2538,control_jul
2,1180.5541,control_jul
2,1180.8545,control_jul
2,1181.1548,control_jul
0,1181.4551,control_jul
2,1181.7555,control_jul
2,1182.0558,control_jul
2,1182.3562,control_jul
2,1182.6564,control_jul
2,1182.9567,control_jul
2,1183.2571,control_jul
2,1183.5574,control_jul
2,1183.8577,control_jul
2,1184.158,control_jul
2,1184.4584,control_jul
2,1184.7587,control_jul
2,1185.059,control_jul
2,1185.3594,control_jul
2,1185.6596,control_jul
2,1185.96,control_jul
2,1186.2604,control_jul
2,1186.5607,control_jul
2,1186.861,control_jul
2,1187.1613,control_jul
0,1187.4616,control_jul
2,1187.762,control_jul
2,1188.0623,control_jul
2,1188.3627,control_jul
2,1188.6629,control_jul
0,1188.9633,control_jul
2,1189.2636,control_jul
2,1189.564,control_jul
2,1189.8642,control_jul
0,1190.1645,control_jul
2,1190.4649,control_jul
2,1190.7652,control_jul
2,1191.0655,control_jul
2,1191.3659,control_jul
2,1191.6662,control_jul
2,1191.9666,control_jul
2,1192.2668,control_jul
2,1192.5672,control_jul
2,1192.8676,control_jul
2,1193.1678,control_jul
2,1193.4682,control_jul
2,1193.7685,control_jul
2,1194.0688,control_jul
2,1194.3691,control_jul
2,1194.6695,control_jul
2,1194.9697,control_jul
2,1195.2701,control_jul
2,1195.5704,control_jul
2,1195.8708,control_jul
2,1196.1711,control_jul
2,1196.4714,control_jul
2,1196.7718,control_jul
0,1197.0721,control_jul
2,1197.3724,control_jul
2,1197.6727,control_jul
2,1197.9731,control_jul
2,1198.2733,control_jul
0,1198.5737,control_jul
2,1198.8741,control_jul
2,1199.1743,control_jul
2,1199.4747,control_jul
2,1199.775,control_jul
2,1200.0754,control_jul
2,1200.3756,control_jul
2,1200.676,control_jul
2,1200.9763,control_jul
2,1201.2766,control_jul
2,1201.577,control_jul
2,1201.8773,control_jul
2,1202.1776,control_jul
0,1202.478,control_jul
2,1202.7783,control_jul
2,1203.0786,control_jul
2,1203.3789,control_jul
2,1203.6793,control_jul
2,1203.9796,control_jul
2,1204.2799,control_jul
2,1204.5802,control_jul
2,1204.8805,control_jul
2,1205.1809,control_jul
2,1205.4812,control_jul
2,1205.7815,control_jul
2,1206.0819,control_jul
0,1206.3822,control_jul
2,1206.6825,control_jul
2,1206.9828,control_jul
2,1207.2832,control_jul
2,1207.5835,control_jul
2,1207.8838,control_jul
2,1208.1841,control_jul
2,1208.4844,control_jul
2,1208.7848,control_jul
2,1209.0851,control_jul
2,1209.3854,control_jul
2,1209.6858,control_jul
2,1210.5867,control_jul
2,1210.8871,control_jul
2,1211.1874,control_jul
2,1211.4877,control_jul
2,1211.788,control_jul
2,1212.0884,control_jul
2,1212.3887,control_jul
2,1212.689,control_jul
2,1212.9894,control_jul
2,1213.2897,control_jul
2,1213.59,control_jul
2,1213.8904,control_jul
2,1214.1906,control_jul
2,1214.491,control_jul
2,1214.7913,control_jul
2,1215.0916,control_jul
2,1215.392,control_jul
2,1215.6923,control_jul
2,1215.9926,control_jul
2,1216.2929,control_jul
2,1216.5933,control_jul
2,1216.8936,control_jul
2,1217.1939,control_jul
2,1217.4942,control_jul
2,1217.7946,control_jul
2,1218.0949,control_jul
2,1218.3952,control_jul
2,1218.6956,control_jul
2,1218.9959,control_jul
2,1219.2962,control_jul
2,1219.5965,control_jul
2,1219.8968,control_jul
2,1220.1972,control_jul
2,1220.4975,control_jul
2,1220.7978,control_jul
2,1221.0981,control_jul
2,1221.3985,control_jul
2,1221.6988,control_jul
2,1222.2995,control_jul
2,1222.5998,control_jul
2,1222.9,control_jul
2,1223.2004,control_jul
2,1223.5007,control_jul
2,1223.8011,control_jul
2,1224.1014,control_jul
2,1224.4017,control_jul
2,1224.702,control_jul
2,1225.0024,control_jul
2,1225.3027,control_jul
2,1225.603,control_jul
2,1225.9033,control_jul
2,1226.2036,control_jul
2,1226.504,control_jul
2,1226.8043,control_jul
2,1227.1046,control_jul
2,1227.4049,control_jul
2,1227.7053,control_jul
2,1228.0056,control_jul
2,1228.3059,control_jul
2,1228.6062,control_jul
2,1228.9066,control_jul
2,1229.2069,control_jul
2,1229.5072,control_jul
2,1229.8076,control_jul
0,1230.1079,control_jul
2,1230.4083,control_jul
2,1230.7085,control_jul
2,1231.0089,control_jul
1,1231.3092,control_jul
2,1231.6095,control_jul
2,1231.9098,control_jul
2,1232.2101,control_jul
2,1232.5105,control_jul
2,1232.8108,control_jul
0,1233.1111,control_jul
2,1233.4115,control_jul
2,1233.7118,control_jul
2,1234.0121,control_jul
2,1234.3124,control_jul
2,1234.6128,control_jul
2,1234.9131,control_jul
2,1235.2134,control_jul
2,1235.5137,control_jul
2,1235.8141,control_jul
2,1236.1143,control_jul
2,1236.4147,control_jul
2,1236.715,control_jul
2,1237.0154,control_jul
2,1237.3157,control_jul
2,1237.616,control_jul
2,1237.9163,control_jul
2,1238.2167,control_jul
2,1238.5226,control_jul
2,1238.8173,control_jul
2,1239.1177,control_jul
2,1239.418,control_jul
2,1239.7183,control_jul
2,1240.0186,control_jul
2,1240.3189,control_jul
2,1240.6192,control_jul
2,1240.9196,control_jul
2,1241.2199,control_jul
2,1241.5202,control_jul
2,1241.8206,control_jul
2,1242.1209,control_jul
2,1242.4212,control_jul
2,1242.7216,control_jul
2,1243.0218,control_jul
2,1243.3222,control_jul
2,1243.6225,control_jul
2,1243.9228,control_jul
2,1244.2232,control_jul
2,1244.5235,control_jul
0,1244.8238,control_jul
2,1245.1241,control_jul
2,1245.4244,control_jul
2,1245.7248,control_jul
2,1246.0251,control_jul
2,1246.3254,control_jul
2,1246.6258,control_jul
2,1246.9261,control_jul
2,1247.2264,control_jul
2,1247.5267,control_jul
2,1247.8271,control_jul
0,1248.1274,control_jul
2,1248.4277,control_jul
2,1248.728,control_jul
2,1249.0284,control_jul
2,1249.6291,control_jul
2,1249.9293,control_jul
2,1250.2297,control_jul
2,1250.53,control_jul
2,1250.8303,control_jul
2,1251.1306,control_jul
2,1251.431,control_jul
2,1251.7313,control_jul
2,1252.6323,control_jul
2,1252.9326,control_jul
2,1253.2329,control_jul
2,1253.5332,control_jul
2,1253.8335,control_jul
2,1254.1339,control_jul
2,1254.4342,control_jul
2,1254.7346,control_jul
2,1255.0348,control_jul
2,1255.3408,control_jul
0,1255.6355,control_jul
2,1255.9358,control_jul
2,1256.2361,control_jul
2,1256.5365,control_jul
2,1256.8368,control_jul
2,1257.1371,control_jul
2,1257.4375,control_jul
2,1257.7378,control_jul
2,1258.0381,control_jul
2,1258.3384,control_jul
2,1258.6388,control_jul
0,1258.9391,control_jul
2,1259.2394,control_jul
2,1259.5397,control_jul
2,1259.8401,control_jul
2,1260.1404,control_jul
2,1260.4407,control_jul
0,1260.7411,control_jul
2,1261.0413,control_jul
2,1261.3417,control_jul
2,1261.642,control_jul
2,1261.9423,control_jul
2,1262.2427,control_jul
2,1262.543,control_jul
2,1262.8433,control_jul
2,1263.1436,control_jul
2,1263.4439,control_jul
2,1263.7443,control_jul
2,1264.0445,control_jul
2,1264.3449,control_jul
2,1264.6452,control_jul
2,1264.9456,control_jul
2,1265.2459,control_jul
2,1265.5462,control_jul
2,1265.8466,control_jul
2,1266.1469,control_jul
2,1266.4472,control_jul
2,1266.7476,control_jul
2,1267.0479,control_jul
2,1267.3482,control_jul
2,1267.6485,control_jul
2,1267.9488,control_jul
2,1268.2548,control_jul
2,1268.5568,control_jul
2,1268.8498,control_jul
2,1269.1502,control_jul
2,1269.4504,control_jul
2,1269.7508,control_jul
0,1270.0511,control_jul
2,1270.3514,control_jul
2,1270.6518,control_jul
2,1270.9521,control_jul
2,1271.2524,control_jul
2,1271.5527,control_jul
2,1271.8531,control_jul
2,1272.1534,control_jul
2,1272.4537,control_jul
2,1272.7541,control_jul
2,1273.0544,control_jul
2,1273.3547,control_jul
2,1273.655,control_jul
2,1273.9553,control_jul
2,1274.2557,control_jul
2,1274.556,control_jul
2,1274.8563,control_jul
2,1275.1567,control_jul
2,1275.457,control_jul
2,1275.7573,control_jul
2,1276.0576,control_jul
2,1276.3579,control_jul
2,1276.6582,control_jul
2,1276.9586,control_jul
0,1277.2589,control_jul
0,1277.5592,control_jul
0,1277.8596,control_jul
2,1278.1599,control_jul
2,1278.4602,control_jul
2,1278.7605,control_jul
2,1279.0609,control_jul
2,1279.6615,control_jul
2,1279.9618,control_jul
2,1280.2621,control_jul
2,1280.5624,control_jul
2,1280.8628,control_jul
2,1281.1631,control_jul
2,1281.4635,control_jul
2,1281.7638,control_jul
2,1282.0641,control_jul
2,1282.3644,control_jul
0,1282.6647,control_jul
2,1282.965,control_jul
2,1283.2654,control_jul
2,1283.5657,control_jul
2,1283.866,control_jul
2,1284.1663,control_jul
2,1284.4667,control_jul
2,1284.767,control_jul
0,1285.0673,control_jul
2,1285.3676,control_jul
2,1285.668,control_jul
2,1285.9683,control_jul
2,1286.2686,control_jul
2,1286.569,control_jul
2,1286.8693,control_jul
2,1287.1696,control_jul
2,1287.47,control_jul
2,1287.7703,control_jul
2,1288.0706,control_jul
2,1288.3709,control_jul
2,1288.6712,control_jul
2,1288.9716,control_jul
2,1289.2719,control_jul
2,1289.5722,control_jul
2,1289.8725,control_jul
2,1290.1728,control_jul
2,1290.4731,control_jul
2,1290.7735,control_jul
2,1291.0738,control_jul
2,1291.3741,control_jul
2,1291.6745,control_jul
0,1291.9748,control_jul
2,1292.2751,control_jul
2,1292.5754,control_jul
2,1292.8757,control_jul
2,1293.1761,control_jul
2,1293.4764,control_jul
2,1293.7767,control_jul
2,1294.0771,control_jul
2,1294.3773,control_jul
0,1294.6777,control_jul
2,1294.978,control_jul
2,1295.2783,control_jul
2,1295.5787,control_jul
2,1295.879,control_jul
2,1296.1793,control_jul
0,1296.4796,control_jul
0,1296.78,control_jul
2,1297.0803,control_jul
2,1297.3806,control_jul
2,1297.681,control_jul
2,1297.9813,control_jul
2,1298.2816,control_jul
2,1298.5819,control_jul
2,1298.8823,control_jul
2,1299.1826,control_jul
0,1299.4828,control_jul
2,1299.7832,control_jul
2,1300.0836,control_jul
2,1300.6842,control_jul
2,1300.9846,control_jul
2,1301.2849,control_jul
2,1301.5852,control_jul
2,1301.8855,control_jul
2,1302.1858,control_jul
2,1302.4861,control_jul
2,1302.7864,control_jul
2,1303.0868,control_jul
2,1303.3871,control_jul
2,1303.6874,control_jul
2,1303.9878,control_jul
2,1304.2881,control_jul
2,1304.5884,control_jul
2,1304.8887,control_jul
2,1305.1891,control_jul
2,1305.4894,control_jul
2,1305.7897,control_jul
2,1306.09,control_jul
2,1306.3904,control_jul
2,1306.6907,control_jul
2,1306.991,control_jul
2,1307.2913,control_jul
2,1307.5916,control_jul
2,1307.892,control_jul
2,1308.1923,control_jul
2,1308.4926,control_jul
2,1309.3936,control_jul
2,1309.9942,control_jul
2,1310.5948,control_jul
0,1310.8952,control_jul
2,1311.1955,control_jul
2,1311.4958,control_jul
2,1311.7962,control_jul
2,1312.0965,control_jul
2,1312.3968,control_jul
2,1312.6972,control_jul
2,1312.9975,control_jul
2,1313.2978,control_jul
2,1313.5981,control_jul
2,1313.8984,control_jul
2,1314.1987,control_jul
2,1314.4991,control_jul
2,1314.7994,control_jul
2,1315.0997,control_jul
2,1315.4001,control_jul
2,1315.7004,control_jul
2,1316.0007,control_jul
2,1316.301,control_jul
2,1316.6013,control_jul
2,1316.9017,control_jul
2,1317.202,control_jul
2,1317.5024,control_jul
2,1317.8027,control_jul
2,1318.103,control_jul
2,1318.4033,control_jul
2,1318.7036,control_jul
2,1319.004,control_jul
2,1319.3043,control_jul
2,1319.6046,control_jul
2,1319.9049,control_jul
2,1320.2053,control_jul
2,1320.5055,control_jul
2,1320.806,control_jul
2,1321.1062,control_jul
2,1321.4066,control_jul
2,1321.7069,control_jul
2,1322.0072,control_jul
2,1322.3075,control_jul
2,1322.6078,control_jul
2,1322.9082,control_jul
2,1323.2085,control_jul
2,1323.5088,control_jul
2,1323.8091,control_jul
2,1324.1095,control_jul
2,1324.4098,control_jul
2,1324.7102,control_jul
2,1325.0105,control_jul
2,1325.3108,control_jul
2,1325.6111,control_jul
2,1325.9115,control_jul
2,1326.2117,control_jul
2,1326.5121,control_jul
2,1326.8124,control_jul
2,1327.1127,control_jul
2,1327.413,control_jul
2,1327.7133,control_jul
2,1328.0137,control_jul
2,1328.314,control_jul
0,1328.6144,control_jul
2,1328.9147,control_jul
2,1329.215,control_jul
2,1329.5153,control_jul
2,1329.8156,control_jul
2,1330.116,control_jul
2,1330.4163,control_jul
0,1330.7166,control_jul
2,1331.0169,control_jul
2,1331.3172,control_jul
2,1331.6176,control_jul
2,1331.9179,control_jul
2,1332.2182,control_jul
2,1332.5185,control_jul
2,1332.8188,control_jul
2,1333.1192,control_jul
2,1333.4195,control_jul
2,1333.7198,control_jul
2,1334.0202,control_jul
2,1334.3205,control_jul
2,1334.6208,control_jul
2,1334.9212,control_jul
2,1335.2215,control_jul
2,1335.5218,control_jul
2,1335.8221,control_jul
2,1336.1224,control_jul
2,1336.4228,control_jul
2,1336.7231,control_jul
2,1337.0234,control_jul
2,1337.3237,control_jul
2,1337.6241,control_jul
2,1337.9244,control_jul
2,1338.2247,control_jul
2,1339.1257,control_jul
2,1339.426,control_jul
2,1339.7264,control_jul
2,1340.0267,control_jul
0,1340.327,control_jul
2,1340.6273,control_jul
2,1340.9276,control_jul
2,1341.228,control_jul
2,1341.5283,control_jul
0,1341.8286,control_jul
2,1342.7296,control_jul
2,1343.0299,control_jul
2,1343.3302,control_jul
2,1343.6306,control_jul
0,1343.9309,control_jul
2,1344.2312,control_jul
2,1344.5315,control_jul
0,1344.8319,control_jul
2,1345.1322,control_jul
2,1345.4325,control_jul
2,1345.7328,control_jul
2,1346.0331,control_jul
2,1346.3335,control_jul
2,1346.6338,control_jul
2,1346.9341,control_jul
2,1347.2344,control_jul
2,1347.5348,control_jul
2,1347.8351,control_jul
2,1348.1354,control_jul
2,1348.4357,control_jul
2,1348.7361,control_jul
2,1349.0364,control_jul
2,1349.3367,control_jul
2,1349.6371,control_jul
2,1349.9374,control_jul
2,1350.2377,control_jul
2,1350.538,control_jul
2,1350.8383,control_jul
2,1351.1387,control_jul
2,1351.439,control_jul
2,1351.7393,control_jul
2,1352.0396,control_jul
2,1352.34,control_jul
2,1352.6403,control_jul
2,1352.9406,control_jul
2,1353.2409,control_jul
2,1353.5412,control_jul
2,1353.8416,control_jul
0,1354.142,control_jul
0,1354.4422,control_jul
2,1354.7426,control_jul
2,1355.0429,control_jul
2,1355.3432,control_jul
2,1355.6435,control_jul
2,1355.9438,control_jul
2,1356.2442,control_jul
2,1356.5445,control_jul
2,1356.8448,control_jul
2,1357.1451,control_jul
2,1357.4454,control_jul
2,1357.7458,control_jul
2,1358.0461,control_jul
2,1358.3465,control_jul
2,1358.6468,control_jul
2,1358.947,control_jul
2,1359.2475,control_jul
0,1359.5477,control_jul
2,1359.848,control_jul
0,1360.1484,control_jul
2,1360.4487,control_jul
2,1360.7491,control_jul
2,1361.0494,control_jul
2,1361.3497,control_jul
2,1361.65,control_jul
2,1361.9503,control_jul
2,1362.2507,control_jul
2,1362.551,control_jul
2,1362.8513,control_jul
0,1363.1516,control_jul
2,1363.4519,control_jul
2,1363.7522,control_jul
2,1364.0526,control_jul
2,1364.3529,control_jul
2,1364.6532,control_jul
2,1364.9536,control_jul
2,1365.2539,control_jul
2,1365.5542,control_jul
2,1365.8545,control_jul
2,1366.1549,control_jul
2,1366.4552,control_jul
2,1366.7555,control_jul
2,1367.0567,control_jul
2,1367.3562,control_jul
2,1367.6565,control_jul
2,1367.9568,control_jul
2,1368.2571,control_jul
2,1368.5574,control_jul
0,1368.8578,control_jul
2,1369.1582,control_jul
2,1369.4584,control_jul
2,1369.7588,control_jul
2,1370.0623,control_jul
2,1370.3594,control_jul
2,1370.6597,control_jul
2,1370.96,control_jul
2,1371.2604,control_jul
2,1371.5606,control_jul
2,1371.8611,control_jul
2,1372.1613,control_jul
2,1372.4617,control_jul
2,1372.762,control_jul
2,1373.0623,control_jul
2,1373.3627,control_jul
2,1373.663,control_jul
2,1373.9633,control_jul
2,1374.2636,control_jul
2,1374.5639,control_jul
2,1374.8643,control_jul
2,1375.1646,control_jul
2,1375.4649,control_jul
2,1375.7652,control_jul
2,1376.0656,control_jul
2,1376.3659,control_jul
2,1376.6662,control_jul
2,1376.9665,control_jul
2,1377.2668,control_jul
2,1377.5672,control_jul
2,1377.8675,control_jul
2,1378.1678,control_jul
2,1378.4682,control_jul
2,1378.7685,control_jul
2,1379.0688,control_jul
2,1379.3691,control_jul
2,1379.6694,control_jul
2,1379.9697,control_jul
2,1380.2701,control_jul
2,1380.5704,control_jul
2,1380.8707,control_jul
2,1381.1711,control_jul
2,1381.7717,control_jul
0,1382.072,control_jul
2,1382.3724,control_jul
0,1382.6727,control_jul
2,1382.973,control_jul
2,1383.2733,control_jul
2,1383.5792,control_jul
2,1383.874,control_jul
2,1384.1742,control_jul
2,1384.4746,control_jul
2,1384.7749,control_jul
2,1385.0753,control_jul
2,1385.3756,control_jul
2,1385.6759,control_jul
2,1385.9763,control_jul
2,1386.2766,control_jul
2,1386.5769,control_jul
2,1386.8772,control_jul
2,1387.1775,control_jul
2,1387.4779,control_jul
2,1387.7782,control_jul
2,1388.0785,control_jul
2,1388.3788,control_jul
2,1388.6792,control_jul
2,1388.9795,control_jul
2,1389.2798,control_jul
2,1389.5802,control_jul
2,1389.8805,control_jul
2,1390.1807,control_jul
2,1390.4811,control_jul
2,1390.7814,control_jul
2,1391.0817,control_jul
2,1391.3821,control_jul
2,1391.6824,control_jul
2,1391.9827,control_jul
2,1392.283,control_jul
2,1392.5834,control_jul
2,1392.8837,control_jul
2,1393.184,control_jul
2,1393.4844,control_jul
2,1393.7847,control_jul
2,1394.085,control_jul
2,1394.3853,control_jul
2,1394.6856,control_jul
2,1394.9859,control_jul
2,1395.2863,control_jul
2,1395.5866,control_jul
0,1395.887,control_jul
2,1396.1872,control_jul
2,1396.4876,control_jul
2,1396.7879,control_jul
2,1397.0882,control_jul
2,1397.3885,control_jul
2,1397.6888,control_jul
2,1397.9892,control_jul
2,1398.2895,control_jul
2,1398.5898,control_jul
2,1398.8901,control_jul
2,1399.1905,control_jul
2,1399.4908,control_jul
2,1399.7912,control_jul
2,1400.0915,control_jul
2,1400.3917,control_jul
2,1400.6921,control_jul
2,1400.9924,control_jul
2,1401.2928,control_jul
2,1401.5931,control_jul
2,1401.8934,control_jul
2,1402.1937,control_jul
2,1402.494,control_jul
2,1402.7943,control_jul
2,1403.0947,control_jul
2,1403.395,control_jul
2,1403.6953,control_jul
2,1403.9956,control_jul
2,1404.296,control_jul
2,1404.5963,control_jul
2,1404.8966,control_jul
2,1405.197,control_jul
2,1405.4973,control_jul
2,1405.7976,control_jul
2,1406.0979,control_jul
2,1406.3982,control_jul
2,1406.6986,control_jul
2,1406.9989,control_jul
2,1407.2992,control_jul
2,1407.5995,control_jul
2,1407.8998,control_jul
2,1408.2001,control_jul
2,1408.5005,control_jul
2,1408.8009,control_jul
2,1409.1012,control_jul
0,1409.4014,control_jul
2,1409.7018,control_jul
2,1410.0021,control_jul
2,1410.3025,control_jul
2,1410.6028,control_jul
2,1410.9031,control_jul
2,1411.2034,control_jul
2,1411.5037,control_jul
2,1411.8041,control_jul
2,1412.1044,control_jul
2,1412.4047,control_jul
2,1412.705,control_jul
2,1413.0053,control_jul
2,1413.3057,control_jul
2,1413.606,control_jul
2,1413.9063,control_jul
2,1414.2066,control_jul
2,1414.507,control_jul
2,1414.8073,control_jul
2,1415.1076,control_jul
2,1415.4079,control_jul
2,1415.7082,control_jul
2,1416.0086,control_jul
2,1416.3089,control_jul
2,1416.6092,control_jul
2,1416.9095,control_jul
2,1417.2099,control_jul
2,1417.5102,control_jul
2,1417.8105,control_jul
2,1418.1108,control_jul
2,1418.4112,control_jul
2,1418.7115,control_jul
2,1419.0118,control_jul
2,1419.3121,control_jul
2,1419.6125,control_jul
2,1419.9127,control_jul
2,1420.2131,control_jul
2,1420.5134,control_jul
2,1420.8138,control_jul
2,1421.114,control_jul
2,1421.4144,control_jul
2,1421.7147,control_jul
2,1422.015,control_jul
2,1422.3153,control_jul
2,1422.6157,control_jul
2,1422.916,control_jul
2,1423.2164,control_jul
2,1423.5166,control_jul
2,1423.817,control_jul
2,1424.1173,control_jul
2,1424.4176,control_jul
2,1424.7179,control_jul
2,1425.0183,control_jul
2,1425.3186,control_jul
2,1425.6189,control_jul
2,1425.9192,control_jul
2,1426.2196,control_jul
2,1426.5199,control_jul
2,1426.8202,control_jul
2,1427.1205,control_jul
2,1427.4209,control_jul
2,1427.7212,control_jul
2,1428.0215,control_jul
2,1428.3218,control_jul
2,1428.6221,control_jul
2,1428.9225,control_jul
2,1429.2228,control_jul
2,1429.5231,control_jul
2,1429.8234,control_jul
2,1430.1237,control_jul
2,1430.4241,control_jul
2,1430.7244,control_jul
2,1431.0247,control_jul
2,1431.325,control_jul
2,1431.6254,control_jul
2,1431.9257,control_jul
2,1432.226,control_jul
2,1432.5263,control_jul
0,1432.8267,control_jul
2,1433.127,control_jul
2,1433.4273,control_jul
2,1433.7276,control_jul
2,1434.028,control_jul
2,1434.3283,control_jul
2,1434.6285,control_jul
2,1434.9289,control_jul
0,1435.2292,control_jul
2,1435.5296,control_jul
2,1435.8299,control_jul
2,1436.1302,control_jul
2,1436.4305,control_jul
0,1436.7309,control_jul
2,1437.0312,control_jul
2,1437.3315,control_jul
2,1437.6318,control_jul
2,1437.9322,control_jul
2,1438.2324,control_jul
2,1438.5328,control_jul
2,1438.8331,control_jul
2,1439.1334,control_jul
2,1439.4338,control_jul
2,1439.7341,control_jul
2,1440.0344,control_jul
2,1440.3348,control_jul
0,1440.635,control_jul
2,1440.9354,control_jul
2,1441.2357,control_jul
2,1441.536,control_jul
2,1441.8364,control_jul
2,1442.1366,control_jul
2,1442.4371,control_jul
0,1442.7374,control_jul
2,1443.0377,control_jul
2,1443.338,control_jul
2,1443.6383,control_jul
2,1443.9387,control_jul
2,1444.2389,control_jul
2,1444.5393,control_jul
2,1444.8396,control_jul
0,1445.1399,control_jul
2,1445.4402,control_jul
2,1445.7405,control_jul
2,1446.0409,control_jul
2,1446.3412,control_jul
2,1446.6416,control_jul
2,1446.9418,control_jul
2,1447.2422,control_jul
2,1447.5425,control_jul
2,1447.8428,control_jul
2,1448.1431,control_jul
2,1448.4434,control_jul
2,1448.7438,control_jul
2,1449.0441,control_jul
2,1449.3444,control_jul
2,1449.6448,control_jul
2,1449.9451,control_jul
2,1450.2454,control_jul
2,1450.5457,control_jul
2,1450.846,control_jul
2,1451.1464,control_jul
0,1451.4467,control_jul
2,1451.747,control_jul
2,1452.0473,control_jul
2,1452.3477,control_jul
2,1452.9483,control_jul
2,1453.2486,control_jul
2,1453.549,control_jul
2,1453.8492,control_jul
2,1454.1496,control_jul
2,1454.4499,control_jul
2,1454.7502,control_jul
2,1455.0506,control_jul
2,1455.3509,control_jul
2,1455.6512,control_jul
2,1455.9515,control_jul
2,1456.2519,control_jul
2,1456.5522,control_jul
2,1456.8525,control_jul
2,1457.1528,control_jul
2,1457.4531,control_jul
2,1457.7535,control_jul
2,1458.0538,control_jul
2,1458.3541,control_jul
2,1458.6544,control_jul
2,1458.9548,control_jul
2,1459.2551,control_jul
2,1459.5555,control_jul
2,1459.8557,control_jul
2,1460.156,control_jul
2,1460.4564,control_jul
2,1460.7567,control_jul
2,1461.3574,control_jul
2,1461.6662,control_jul
2,1461.958,control_jul
2,1462.2583,control_jul
2,1462.5587,control_jul
2,1462.859,control_jul
2,1463.1593,control_jul
2,1463.4596,control_jul
2,1463.7599,control_jul
2,1464.0603,control_jul
2,1464.3606,control_jul
2,1464.6609,control_jul
2,1464.9613,control_jul
2,1465.2616,control_jul
2,1465.5619,control_jul
2,1465.8621,control_jul
2,1466.1625,control_jul
2,1466.4628,control_jul
2,1466.7632,control_jul
2,1467.0636,control_jul
2,1467.3638,control_jul
2,1467.6641,control_jul
2,1467.9645,control_jul
2,1468.2648,control_jul
2,1468.5651,control_jul
0,1468.8654,control_jul
2,1469.1658,control_jul
2,1469.4661,control_jul
2,1469.7664,control_jul
2,1470.0668,control_jul
2,1470.367,control_jul
2,1470.6674,control_jul
2,1470.9677,control_jul
2,1471.2681,control_jul
2,1471.5684,control_jul
2,1471.8687,control_jul
2,1472.1691,control_jul
2,1472.4694,control_jul
0,1472.7697,control_jul
2,1473.3703,control_jul
2,1473.6706,control_jul
2,1473.9709,control_jul
2,1474.2713,control_jul
2,1474.872,control_jul
2,1475.1723,control_jul
2,1475.4726,control_jul
2,1475.7729,control_jul
2,1476.0732,control_jul
2,1476.3736,control_jul
2,1476.6739,control_jul
2,1476.9742,control_jul
2,1477.2745,control_jul
2,1477.5748,control_jul
2,1477.8752,control_jul
2,1478.1755,control_jul
2,1478.4758,control_jul
2,1478.7761,control_jul
2,1479.0765,control_jul
2,1479.3768,control_jul
2,1479.6771,control_jul
2,1479.9774,control_jul
2,1480.2778,control_jul
2,1480.578,control_jul
2,1480.8785,control_jul
2,1481.1787,control_jul
2,1481.4791,control_jul
2,1481.7794,control_jul
2,1482.0797,control_jul
2,1482.38,control_jul
2,1482.6804,control_jul
2,1482.9807,control_jul
0,1483.281,control_jul
2,1483.5813,control_jul
2,1483.8817,control_jul
2,1484.182,control_jul
2,1484.4823,control_jul
2,1484.7826,control_jul
2,1485.0829,control_jul
2,1485.3832,control_jul
2,1485.6836,control_jul
2,1485.9839,control_jul
0,1486.2842,control_jul
2,1486.5845,control_jul
2,1486.8849,control_jul
2,1487.1852,control_jul
2,1487.4856,control_jul
2,1487.7859,control_jul
2,1488.0862,control_jul
0,1488.3865,control_jul
2,1488.6868,control_jul
2,1488.9872,control_jul
2,1489.2875,control_jul
2,1489.5877,control_jul
2,1489.8881,control_jul
2,1490.1885,control_jul
2,1490.4887,control_jul
2,1490.7891,control_jul
2,1491.0894,control_jul
0,1491.3897,control_jul
2,1491.6901,control_jul
2,1491.9904,control_jul
2,1492.2907,control_jul
2,1492.591,control_jul
2,1492.8914,control_jul
2,1493.1916,control_jul
2,1493.492,control_jul
2,1493.7923,control_jul
2,1494.0927,control_jul
2,1494.393,control_jul
2,1494.6932,control_jul
2,1494.9936,control_jul
2,1495.2939,control_jul
2,1495.5942,control_jul
2,1495.8945,control_jul
2,1496.1949,control_jul
2,1496.4952,control_jul
2,1496.7956,control_jul
2,1497.0958,control_jul
2,1497.3962,control_jul
2,1497.6965,control_jul
2,1497.9968,control_jul
2,1498.2971,control_jul
2,1498.8978,control_jul
2,1499.1981,control_jul
2,1499.4985,control_jul
2,1499.7988,control_jul
2,1500.0991,control_jul
2,1500.3994,control_jul
2,1500.6998,control_jul
2,1501.0001,control_jul
2,1501.3004,control_jul
2,1501.6007,control_jul
2,1501.9011,control_jul
2,1502.2013,control_jul
2,1502.5017,control_jul
2,1502.802,control_jul
2,1503.1023,control_jul
2,1503.4027,control_jul
2,1503.703,control_jul
2,1504.0033,control_jul
2,1504.3036,control_jul
0,1504.6039,control_jul
2,1504.9042,control_jul
2,1505.2046,control_jul
2,1505.5049,control_jul
2,1505.8052,control_jul
2,1506.1055,control_jul
2,1506.4059,control_jul
2,1506.7062,control_jul
2,1507.0066,control_jul
2,1507.3069,control_jul
2,1507.6072,control_jul
2,1507.9075,control_jul
2,1508.2079,control_jul
2,1508.5082,control_jul
2,1508.8085,control_jul
2,1509.1088,control_jul
2,1509.4091,control_jul
2,1509.7094,control_jul
2,1510.0098,control_jul
2,1510.3101,control_jul
2,1510.6104,control_jul
2,1510.9107,control_jul
2,1511.211,control_jul
2,1511.5114,control_jul
2,1511.8117,control_jul
2,1512.112,control_jul
2,1512.4124,control_jul
0,1512.7126,control_jul
2,1513.013,control_jul
2,1513.3133,control_jul
2,1513.6136,control_jul
2,1513.9139,control_jul
2,1514.2142,control_jul
2,1514.5146,control_jul
2,1514.8149,control_jul
2,1515.1152,control_jul
2,1515.4156,control_jul
2,1515.7159,control_jul
2,1516.0161,control_jul
2,1516.3165,control_jul
2,1516.6169,control_jul
2,1516.9172,control_jul
2,1517.2175,control_jul
0,1517.5178,control_jul
2,1517.8181,control_jul
2,1518.1185,control_jul
2,1518.4187,control_jul
2,1518.7191,control_jul
2,1519.0194,control_jul
2,1519.3197,control_jul
2,1519.6201,control_jul
2,1519.9204,control_jul
2,1520.2207,control_jul
2,1520.5211,control_jul
2,1520.8213,control_jul
2,1521.1217,control_jul
2,1521.422,control_jul
2,1521.7223,control_jul
2,1522.0298,control_jul
2,1522.3229,control_jul
2,1522.6233,control_jul
2,1522.9236,control_jul
2,1523.2239,control_jul
2,1523.5243,control_jul
2,1523.8246,control_jul
2,1524.1249,control_jul
2,1524.4252,control_jul
2,1524.7256,control_jul
0,1525.0258,control_jul
2,1525.3262,control_jul
0,1525.6265,control_jul
2,1525.9268,control_jul
2,1526.2272,control_jul
2,1526.5275,control_jul
2,1526.8278,control_jul
2,1527.1282,control_jul
2,1527.4285,control_jul
2,1527.7288,control_jul
0,1528.0291,control_jul
2,1528.3294,control_jul
2,1528.6298,control_jul
2,1528.9301,control_jul
2,1529.2304,control_jul
2,1529.5308,control_jul
0,1529.831,control_jul
2,1530.1314,control_jul
2,1530.4317,control_jul
2,1530.732,control_jul
2,1531.0324,control_jul
2,1531.3326,control_jul
2,1531.633,control_jul
2,1531.9333,control_jul
2,1532.2336,control_jul
2,1532.534,control_jul
2,1532.8342,control_jul
2,1533.1346,control_jul
2,1533.4349,control_jul
2,1533.7352,control_jul
2,1534.0356,control_jul
2,1534.3359,control_jul
2,1534.6362,control_jul
2,1534.9365,control_jul
2,1535.2369,control_jul
2,1535.5372,control_jul
0,1535.8375,control_jul
2,1536.1378,control_jul
2,1536.4381,control_jul
2,1536.7385,control_jul
2,1537.0388,control_jul
2,1537.3391,control_jul
2,1537.6394,control_jul
2,1537.9397,control_jul
2,1538.2401,control_jul
2,1538.5404,control_jul
2,1538.8407,control_jul
2,1539.1411,control_jul
2,1539.4414,control_jul
2,1539.7416,control_jul
2,1540.042,control_jul
2,1540.3423,control_jul
2,1540.6427,control_jul
2,1540.943,control_jul
2,1541.2433,control_jul
2,1541.5436,control_jul
2,1541.8439,control_jul
2,1542.1443,control_jul
2,1542.4446,control_jul
2,1542.7449,control_jul
2,1543.0452,control_jul
2,1543.3455,control_jul
2,1543.6459,control_jul
2,1543.9462,control_jul
2,1544.2465,control_jul
2,1544.5469,control_jul
2,1544.8472,control_jul
2,1545.1475,control_jul
2,1545.4478,control_jul
2,1545.7481,control_jul
2,1546.0484,control_jul
2,1546.3488,control_jul
2,1546.6491,control_jul
2,1546.9494,control_jul
2,1547.2497,control_jul
2,1547.55,control_jul
2,1547.8504,control_jul
2,1548.1507,control_jul
2,1548.451,control_jul
2,1548.7514,control_jul
2,1549.0516,control_jul
2,1549.352,control_jul
2,1549.6523,control_jul
2,1549.9526,control_jul
2,1550.253,control_jul
2,1550.5533,control_jul
2,1550.8536,control_jul
2,1551.154,control_jul
2,1551.4542,control_jul
2,1551.7546,control_jul
2,1552.0549,control_jul
2,1552.3552,control_jul
2,1552.6556,control_jul
2,1552.9559,control_jul
2,1553.2562,control_jul
2,1553.5565,control_jul
2,1553.8568,control_jul
2,1554.1572,control_jul
2,1554.4575,control_jul
2,1554.7578,control_jul
2,1555.0637,control_jul
2,1555.3585,control_jul
2,1555.6588,control_jul
2,1555.9591,control_jul
2,1556.2594,control_jul
2,1556.5597,control_jul
2,1556.8601,control_jul
2,1557.1604,control_jul
2,1557.4607,control_jul
2,1557.7611,control_jul
2,1558.0614,control_jul
2,1558.3616,control_jul
2,1558.662,control_jul
2,1558.9623,control_jul
2,1559.2626,control_jul
2,1559.5629,control_jul
2,1559.8633,control_jul
2,1560.1636,control_jul
2,1560.4639,control_jul
2,1560.7643,control_jul
2,1561.0645,control_jul
2,1561.3649,control_jul
2,1561.6652,control_jul
2,1561.9655,control_jul
2,1562.2659,control_jul
2,1562.5662,control_jul
2,1562.8665,control_jul
2,1563.1668,control_jul
2,1563.4671,control_jul
2,1563.7675,control_jul
2,1564.0678,control_jul
2,1564.3681,control_jul
2,1564.6684,control_jul
2,1564.9687,control_jul
2,1565.2691,control_jul
2,1565.5694,control_jul
2,1565.8698,control_jul
2,1566.17,control_jul
2,1566.4704,control_jul
2,1566.7707,control_jul
2,1567.071,control_jul
2,1567.3713,control_jul
2,1567.6716,control_jul
2,1567.972,control_jul
2,1568.2723,control_jul
2,1568.5754,control_jul
2,1568.873,control_jul
2,1569.1732,control_jul
2,1569.4736,control_jul
2,1569.7739,control_jul
2,1570.0742,control_jul
2,1570.3745,control_jul
2,1570.6749,control_jul
2,1570.9751,control_jul
2,1571.2755,control_jul
2,1571.5759,control_jul
2,1571.8761,control_jul
2,1572.1765,control_jul
2,1572.4767,control_jul
1,1572.7771,control_jul
2,1573.0774,control_jul
2,1573.6781,control_jul
2,1573.9784,control_jul
2,1574.2787,control_jul
2,1574.579,control_jul
2,1574.8794,control_jul
2,1575.1796,control_jul
2,1575.48,control_jul
2,1575.7803,control_jul
2,1576.0807,control_jul
2,1576.381,control_jul
2,1576.6813,control_jul
2,1576.9816,control_jul
2,1577.2819,control_jul
2,1577.5822,control_jul
2,1577.8826,control_jul
2,1578.1829,control_jul
0,1578.4832,control_jul
2,1578.7836,control_jul
2,1579.0839,control_jul
2,1579.3842,control_jul
2,1579.6845,control_jul
2,1579.9848,control_jul
2,1580.2851,control_jul
2,1580.5855,control_jul
2,1580.8858,control_jul
2,1581.186,control_jul
2,1581.4864,control_jul
2,1581.7868,control_jul
2,1582.087,control_jul
2,1582.3874,control_jul
2,1582.6877,control_jul
2,1582.988,control_jul
0,1583.2884,control_jul
2,1583.5886,control_jul
2,1583.889,control_jul
2,1584.1893,control_jul
2,1584.4896,control_jul
2,1584.79,control_jul
2,1585.0903,control_jul
2,1585.3906,control_jul
2,1585.6909,control_jul
2,1585.9913,control_jul
2,1586.2916,control_jul
2,1586.5919,control_jul
2,1586.8922,control_jul
2,1587.1926,control_jul
2,1587.4929,control_jul
2,1587.7932,control_jul
2,1588.0935,control_jul
2,1588.3938,control_jul
2,1588.6942,control_jul
2,1588.9945,control_jul
2,1589.2948,control_jul
2,1589.5951,control_jul
2,1589.8954,control_jul
2,1590.1957,control_jul
2,1590.4961,control_jul
2,1590.7964,control_jul
2,1591.0967,control_jul
2,1591.397,control_jul
2,1591.6974,control_jul
2,1591.9977,control_jul
2,1592.298,control_jul
2,1592.5984,control_jul
2,1592.8987,control_jul
2,1593.199,control_jul
2,1593.4993,control_jul
2,1593.7996,control_jul
2,1594.0999,control_jul
2,1594.4003,control_jul
2,1594.7005,control_jul
2,1595.0009,control_jul
2,1595.3012,control_jul
2,1595.6015,control_jul
2,1595.9019,control_jul
2,1596.2022,control_jul
2,1596.5025,control_jul
2,1596.8028,control_jul
2,1597.1031,control_jul
2,1597.4035,control_jul
2,1597.7038,control_jul
2,1598.0041,control_jul
2,1598.3044,control_jul
2,1598.6048,control_jul
2,1598.9051,control_jul
2,1599.2054,control_jul
0,1599.5057,control_jul
2,1599.806,control_jul
2,1600.1063,control_jul
2,1600.4067,control_jul
2,1600.707,control_jul
2,1601.0074,control_jul
2,1601.3077,control_jul
2,1601.608,control_jul
2,1601.9083,control_jul
2,1602.2086,control_jul
2,1602.5089,control_jul
0,1602.8093,control_jul
2,1603.1096,control_jul
2,1603.4099,control_jul
2,1603.7102,control_jul
2,1604.0106,control_jul
2,1604.3108,control_jul
2,1604.6112,control_jul
2,1604.9116,control_jul
2,1605.2119,control_jul
2,1605.5122,control_jul
2,1605.8125,control_jul
2,1606.1128,control_jul
2,1606.4132,control_jul
2,1606.7134,control_jul
2,1607.0138,control_jul
2,1607.3141,control_jul
2,1607.6144,control_jul
2,1607.9148,control_jul
2,1608.215,control_jul
2,1608.5154,control_jul
2,1608.8157,control_jul
2,1609.116,control_jul
2,1609.4164,control_jul
2,1609.7166,control_jul
2,1610.017,control_jul
2,1610.3173,control_jul
2,1610.6176,control_jul
2,1610.918,control_jul
2,1611.2183,control_jul
2,1611.5186,control_jul
2,1611.8189,control_jul
0,1612.1193,control_jul
2,1612.4196,control_jul
2,1612.7199,control_jul
2,1613.0202,control_jul
2,1613.3205,control_jul
2,1613.6208,control_jul
2,1613.9212,control_jul
2,1614.2215,control_jul
2,1614.5219,control_jul
2,1614.8221,control_jul
2,1615.1225,control_jul
2,1615.4228,control_jul
2,1615.7231,control_jul
2,1616.0235,control_jul
2,1616.3237,control_jul
2,1616.624,control_jul
2,1616.9244,control_jul
2,1617.2247,control_jul
2,1617.5251,control_jul
2,1617.8254,control_jul
2,1618.1257,control_jul
2,1618.426,control_jul
2,1618.7263,control_jul
2,1619.0266,control_jul
2,1619.327,control_jul
2,1619.6273,control_jul
2,1619.9276,control_jul
2,1620.2279,control_jul
2,1620.5283,control_jul
2,1620.8286,control_jul
2,1621.1289,control_jul
2,1621.4292,control_jul
2,1621.7295,control_jul
2,1622.0299,control_jul
2,1622.3302,control_jul
2,1622.6305,control_jul
2,1622.9308,control_jul
2,1623.2312,control_jul
2,1623.5315,control_jul
2,1623.8318,control_jul
2,1624.1321,control_jul
2,1624.4324,control_jul
2,1624.7384,control_jul
2,1625.0331,control_jul
2,1625.3334,control_jul
2,1625.6338,control_jul
2,1625.9349,control_jul
2,1626.2344,control_jul
2,1626.5347,control_jul
2,1626.835,control_jul
2,1627.1353,control_jul
2,1627.4356,control_jul
2,1627.736,control_jul
2,1628.0363,control_jul
2,1628.3367,control_jul
2,1628.6369,control_jul
2,1628.9373,control_jul
2,1629.2376,control_jul
2,1629.5379,control_jul
2,1629.8382,control_jul
0,1630.1386,control_jul
2,1630.4388,control_jul
2,1630.7392,control_jul
2,1631.0395,control_jul
2,1631.3398,control_jul
2,1631.6402,control_jul
2,1631.9405,control_jul
2,1632.2408,control_jul
2,1632.5412,control_jul
2,1632.8415,control_jul
2,1633.1418,control_jul
0,1633.4421,control_jul
2,1633.7425,control_jul
2,1634.0428,control_jul
2,1634.3431,control_jul
2,1634.6434,control_jul
2,1634.9437,control_jul
0,1635.244,control_jul
2,1635.5443,control_jul
2,1635.8447,control_jul
2,1636.145,control_jul
2,1636.4454,control_jul
2,1636.7457,control_jul
0,1637.046,control_jul
2,1637.3463,control_jul
2,1637.6467,control_jul
0,1637.947,control_jul
2,1638.2473,control_jul
2,1638.5476,control_jul
2,1638.8479,control_jul
2,1639.1482,control_jul
2,1639.4486,control_jul
0,1639.7489,control_jul
2,1640.0492,control_jul
2,1640.3495,control_jul
2,1640.6498,control_jul
2,1640.9502,control_jul
2,1641.2506,control_jul
2,1641.5508,control_jul
2,1641.8511,control_jul
2,1642.1514,control_jul
2,1642.4518,control_jul
2,1642.7521,control_jul
2,1643.0525,control_jul
2,1643.3528,control_jul
2,1643.6531,control_jul
2,1643.9534,control_jul
2,1644.2538,control_jul
2,1644.554,control_jul
2,1644.8544,control_jul
2,1645.1547,control_jul
2,1645.455,control_jul
2,1645.7554,control_jul
2,1646.0556,control_jul
2,1646.356,control_jul
2,1646.6563,control_jul
2,1646.9566,control_jul
2,1647.257,control_jul
2,1647.5573,control_jul
2,1647.8576,control_jul
2,1648.1579,control_jul
0,1648.4583,control_jul
2,1648.7586,control_jul
2,1649.0589,control_jul
0,1649.3593,control_jul
2,1649.6595,control_jul
1,1649.9598,control_jul
2,1650.2602,control_jul
0,1650.5605,control_jul
2,1650.8608,control_jul
2,1651.1612,control_jul
2,1651.4615,control_jul
0,1651.7618,control_jul
0,1652.0621,control_jul
2,1652.3625,control_jul
2,1652.6628,control_jul
2,1652.9631,control_jul
2,1653.2634,control_jul
2,1653.5638,control_jul
2,1653.864,control_jul
2,1654.1644,control_jul
2,1654.4647,control_jul
2,1654.7651,control_jul
2,1655.0653,control_jul
2,1655.3657,control_jul
2,1655.666,control_jul
2,1655.9663,control_jul
2,1656.2666,control_jul
2,1656.5669,control_jul
2,1656.8673,control_jul
2,1657.1676,control_jul
2,1657.4679,control_jul
2,1657.7682,control_jul
2,1658.0686,control_jul
2,1658.3689,control_jul
2,1658.6692,control_jul
2,1658.9695,control_jul
2,1659.2699,control_jul
2,1659.5702,control_jul
2,1659.8705,control_jul
2,1660.1708,control_jul
2,1660.4712,control_jul
2,1660.7715,control_jul
2,1661.0718,control_jul
2,1661.3721,control_jul
2,1661.6724,control_jul
2,1661.9728,control_jul
0,1662.2731,control_jul
2,1662.5734,control_jul
2,1662.8737,control_jul
2,1663.1741,control_jul
2,1663.4744,control_jul
2,1663.7747,control_jul
2,1664.075,control_jul
2,1664.3754,control_jul
2,1664.6756,control_jul
2,1664.976,control_jul
2,1665.2763,control_jul
2,1665.5767,control_jul
2,1665.877,control_jul
2,1666.1773,control_jul
2,1666.4776,control_jul
2,1666.778,control_jul
2,1667.0783,control_jul
2,1667.3786,control_jul
2,1667.6789,control_jul
2,1667.9792,control_jul
2,1668.2795,control_jul
2,1668.5798,control_jul
2,1668.8802,control_jul
2,1669.1805,control_jul
2,1669.4809,control_jul
2,1669.7811,control_jul
2,1670.0815,control_jul
2,1670.3818,control_jul
2,1670.6821,control_jul
2,1670.9824,control_jul
2,1671.2828,control_jul
2,1671.583,control_jul
2,1671.8834,control_jul
2,1672.1837,control_jul
2,1672.484,control_jul
2,1672.7844,control_jul
2,1673.0847,control_jul
2,1673.3851,control_jul
2,1673.6853,control_jul
2,1673.9857,control_jul
2,1674.286,control_jul
2,1674.5863,control_jul
2,1674.8867,control_jul
2,1675.187,control_jul
2,1675.4873,control_jul
2,1675.7876,control_jul
2,1676.0879,control_jul
2,1676.3882,control_jul
2,1676.6886,control_jul
2,1676.9889,control_jul
2,1677.2892,control_jul
2,1677.5896,control_jul
2,1677.8899,control_jul
2,1678.1902,control_jul
2,1678.4905,control_jul
2,1678.7908,control_jul
1,1679.0911,control_jul
0,1679.3915,control_jul
2,1679.6917,control_jul
1,1679.9921,control_jul
2,1680.2924,control_jul
2,1680.5928,control_jul
2,1680.8931,control_jul
2,1681.1934,control_jul
2,1681.4938,control_jul
2,1681.794,control_jul
2,1682.0944,control_jul
2,1682.3947,control_jul
2,1682.695,control_jul
2,1682.9954,control_jul
2,1683.2957,control_jul
2,1683.596,control_jul
2,1683.8963,control_jul
2,1684.1966,control_jul
2,1684.497,control_jul
2,1684.7973,control_jul
2,1685.0976,control_jul
2,1685.3979,control_jul
2,1685.6983,control_jul
2,1685.9986,control_jul
2,1686.2989,control_jul
2,1686.5992,control_jul
2,1686.8996,control_jul
2,1687.1999,control_jul
2,1687.5002,control_jul
0,1687.8005,control_jul
2,1688.1008,control_jul
2,1688.4012,control_jul
2,1688.7015,control_jul
2,1689.0018,control_jul
2,1689.3021,control_jul
2,1689.6024,control_jul
2,1689.9028,control_jul
2,1690.203,control_jul
2,1690.5034,control_jul
2,1690.8037,control_jul
2,1691.1041,control_jul
2,1691.4044,control_jul
2,1691.7047,control_jul
2,1692.005,control_jul
2,1692.3054,control_jul
2,1692.6057,control_jul
2,1692.906,control_jul
2,1693.2063,control_jul
2,1693.5067,control_jul
2,1693.807,control_jul
2,1694.1073,control_jul
2,1694.4076,control_jul
2,1694.7079,control_jul
2,1695.0083,control_jul
2,1695.3086,control_jul
2,1695.6089,control_jul
2,1695.9092,control_jul
0,1696.2095,control_jul
2,1696.5099,control_jul
2,1696.8101,control_jul
2,1697.1105,control_jul
2,1697.4108,control_jul
2,1697.7111,control_jul
2,1698.0114,control_jul
0,1698.3117,control_jul
2,1698.6121,control_jul
2,1698.9124,control_jul
2,1699.2128,control_jul
2,1699.5131,control_jul
0,1699.8134,control_jul
2,1700.1137,control_jul
2,1700.4141,control_jul
2,1700.7143,control_jul
2,1701.0147,control_jul
0,1701.315,control_jul
2,1701.6154,control_jul
2,1701.9156,control_jul
2,1702.216,control_jul
2,1702.5163,control_jul
2,1702.8167,control_jul
2,1703.117,control_jul
2,1703.4172,control_jul
2,1703.7176,control_jul
2,1704.0179,control_jul
0,1704.3183,control_jul
2,1704.6186,control_jul
2,1704.9189,control_jul
2,1705.2192,control_jul
2,1705.5195,control_jul
2,1705.8199,control_jul
2,1706.1202,control_jul
2,1706.4205,control_jul
2,1706.7208,control_jul
2,1707.0212,control_jul
2,1707.3215,control_jul
2,1707.6218,control_jul
2,1707.9221,control_jul
2,1708.2224,control_jul
2,1708.5228,control_jul
2,1708.8231,control_jul
2,1709.1235,control_jul
2,1709.4237,control_jul
2,1709.724,control_jul
2,1710.0244,control_jul
2,1710.3247,control_jul
2,1710.625,control_jul
2,1710.9253,control_jul
2,1711.2257,control_jul
2,1711.526,control_jul
2,1711.8263,control_jul
2,1712.1267,control_jul
2,1712.4269,control_jul
2,1712.7273,control_jul
2,1713.0276,control_jul
2,1713.3279,control_jul
2,1713.6282,control_jul
2,1713.9285,control_jul
2,1714.2288,control_jul
2,1714.5292,control_jul
2,1714.8295,control_jul
2,1715.1298,control_jul
2,1715.4302,control_jul
0,1715.7305,control_jul
2,1716.0308,control_jul
2,1716.3311,control_jul
2,1716.6314,control_jul
2,1716.9317,control_jul
2,1717.2321,control_jul
2,1717.5324,control_jul
0,1717.8327,control_jul
2,1718.1331,control_jul
2,1718.4333,control_jul
2,1718.7337,control_jul
2,1719.034,control_jul
2,1719.3344,control_jul
2,1719.6347,control_jul
2,1719.935,control_jul
2,1720.2353,control_jul
2,1720.5428,control_jul
2,1720.836,control_jul
2,1721.1363,control_jul
2,1721.4366,control_jul
2,1721.7369,control_jul
0,1722.0372,control_jul
2,1722.3376,control_jul
2,1722.6379,control_jul
2,1722.9382,control_jul
2,1723.2385,control_jul
2,1723.5388,control_jul
2,1723.8392,control_jul
2,1724.1395,control_jul
2,1724.4398,control_jul
2,1724.7402,control_jul
2,1725.0404,control_jul
2,1725.3408,control_jul
2,1725.6411,control_jul
2,1725.9414,control_jul
2,1726.2417,control_jul
2,1726.5421,control_jul
2,1726.8424,control_jul
2,1727.1427,control_jul
2,1727.443,control_jul
2,1727.7434,control_jul
0,1728.0437,control_jul
2,1728.3441,control_jul
2,1728.6444,control_jul
2,1728.9446,control_jul
2,1729.245,control_jul
2,1729.5453,control_jul
2,1729.8456,control_jul
2,1730.146,control_jul
2,1730.4463,control_jul
0,1730.7466,control_jul
0,1731.047,control_jul
2,1731.3473,control_jul
2,1731.6476,control_jul
2,1731.9479,control_jul
2,1732.2482,control_jul
2,1732.5485,control_jul
2,1732.8489,control_jul
2,1733.1492,control_jul
2,1733.4496,control_jul
2,1733.7498,control_jul
2,1734.0502,control_jul
2,1734.3505,control_jul
2,1734.6508,control_jul
2,1734.9511,control_jul
0,1735.2515,control_jul
2,1735.5518,control_jul
2,1735.8522,control_jul
2,1736.1524,control_jul
2,1736.4528,control_jul
2,1736.7531,control_jul
2,1737.0534,control_jul
2,1737.3537,control_jul
2,1737.6541,control_jul
2,1737.9543,control_jul
2,1738.2547,control_jul
2,1738.555,control_jul
2,1738.8553,control_jul
2,1739.1556,control_jul
2,1739.456,control_jul
2,1739.7563,control_jul
2,1740.0567,control_jul
2,1740.3569,control_jul
2,1740.6573,control_jul
2,1740.9577,control_jul
2,1741.258,control_jul
2,1741.5583,control_jul
2,1741.8586,control_jul
2,1742.1589,control_jul
0,1742.4593,control_jul
2,1742.7596,control_jul
2,1743.0599,control_jul
2,1743.3602,control_jul
2,1743.6605,control_jul
2,1743.9609,control_jul
2,1744.2612,control_jul
2,1744.5643,control_jul
2,1744.8618,control_jul
2,1745.1621,control_jul
0,1745.4625,control_jul
2,1745.7628,control_jul
0,1746.0631,control_jul
2,1746.3635,control_jul
2,1746.6638,control_jul
2,1746.9641,control_jul
2,1747.2644,control_jul
2,1747.5648,control_jul
2,1747.8651,control_jul
0,1748.1654,control_jul
2,1748.4657,control_jul
0,1748.7661,control_jul
2,1749.0664,control_jul
2,1749.3667,control_jul
2,1749.667,control_jul
2,1749.9674,control_jul
2,1750.2677,control_jul
2,1750.568,control_jul
2,1750.8683,control_jul
2,1751.1687,control_jul
2,1751.469,control_jul
2,1751.7693,control_jul
2,1752.0697,control_jul
2,1752.3699,control_jul
2,1752.6703,control_jul
0,1752.9706,control_jul
2,1753.2709,control_jul
0,1753.5712,control_jul
2,1753.8715,control_jul
2,1754.1719,control_jul
2,1754.4722,control_jul
0,1754.7725,control_jul
2,1755.0729,control_jul
2,1755.3732,control_jul
2,1755.6734,control_jul
2,1755.9739,control_jul
2,1756.2742,control_jul
2,1756.5745,control_jul
2,1756.8748,control_jul
2,1757.1751,control_jul
2,1757.4755,control_jul
2,1757.7758,control_jul
2,1758.0761,control_jul
2,1758.3765,control_jul
0,1758.6768,control_jul
2,1758.9772,control_jul
2,1759.2774,control_jul
2,1759.5777,control_jul
2,1759.8781,control_jul
2,1760.1784,control_jul
2,1760.4787,control_jul
2,1760.779,control_jul
2,1761.0793,control_jul
0,1761.3797,control_jul
2,1761.68,control_jul
2,1761.9803,control_jul
2,1762.2806,control_jul
2,1762.581,control_jul
2,1762.8813,control_jul
2,1763.1816,control_jul
2,1763.482,control_jul
2,1763.7823,control_jul
2,1764.0826,control_jul
2,1764.3829,control_jul
2,1764.6832,control_jul
2,1764.9836,control_jul
2,1765.2838,control_jul
2,1765.5842,control_jul
2,1765.8845,control_jul
2,1766.1848,control_jul
2,1766.4852,control_jul
2,1766.7856,control_jul
2,1767.0859,control_jul
2,1767.3862,control_jul
2,1767.6865,control_jul
2,1767.9868,control_jul
2,1768.2871,control_jul
2,1768.5875,control_jul
2,1768.8878,control_jul
2,1769.1881,control_jul
2,1769.4884,control_jul
2,1769.7887,control_jul
2,1770.0891,control_jul
2,1770.3894,control_jul
2,1770.6897,control_jul
2,1770.99,control_jul
2,1771.2904,control_jul
2,1771.5907,control_jul
0,1771.891,control_jul
2,1772.1913,control_jul
2,1772.4917,control_jul
2,1772.792,control_jul
2,1773.0923,control_jul
2,1773.3926,control_jul
2,1773.693,control_jul
2,1773.9933,control_jul
2,1774.2936,control_jul
2,1774.594,control_jul
2,1774.8943,control_jul
2,1775.1946,control_jul
2,1775.4949,control_jul
2,1775.7952,control_jul
2,1776.0955,control_jul
2,1776.3959,control_jul
0,1776.6962,control_jul
2,1776.9965,control_jul
2,1777.2968,control_jul
2,1777.5971,control_jul
2,1777.8975,control_jul
2,1778.1979,control_jul
2,1778.4982,control_jul
2,1778.7985,control_jul
2,1779.0988,control_jul
2,1779.3991,control_jul
2,1779.6995,control_jul
2,1779.9998,control_jul
2,1780.3001,control_jul
2,1780.6004,control_jul
2,1780.9007,control_jul
2,1781.2011,control_jul
2,1781.5014,control_jul
2,1781.8017,control_jul
2,1782.1021,control_jul
2,1782.4024,control_jul
2,1782.7027,control_jul
2,1783.003,control_jul
2,1783.3034,control_jul
2,1783.6037,control_jul
2,1783.904,control_jul
2,1784.2043,control_jul
2,1784.5047,control_jul
2,1784.805,control_jul
2,1785.1053,control_jul
2,1785.7059,control_jul
2,1786.0063,control_jul
0,1786.3066,control_jul
2,1786.6069,control_jul
2,1786.9072,control_jul
2,1787.2076,control_jul
2,1787.5079,control_jul
0,1787.8083,control_jul
2,1788.1085,control_jul
2,1788.4088,control_jul
2,1788.7092,control_jul
2,1789.0095,control_jul
2,1789.3099,control_jul
2,1789.6101,control_jul
2,1789.9105,control_jul
2,1790.2108,control_jul
2,1790.5111,control_jul
2,1790.8115,control_jul
2,1791.1118,control_jul
2,1791.4122,control_jul
2,1791.7125,control_jul
2,1792.0128,control_jul
2,1792.3131,control_jul
2,1792.6134,control_jul
2,1792.9137,control_jul
2,1793.2141,control_jul
2,1793.5144,control_jul
2,1793.8148,control_jul
2,1794.115,control_jul
2,1794.4154,control_jul
2,1794.7157,control_jul
2,1795.016,control_jul
2,1795.3163,control_jul
2,1795.6167,control_jul
2,1795.917,control_jul
2,1796.2173,control_jul
2,1796.5176,control_jul
2,1796.818,control_jul
2,1797.1183,control_jul
2,1797.4186,control_jul
2,1797.719,control_jul
2,1798.0193,control_jul
2,1798.3196,control_jul
2,1798.6199,control_jul
2,1798.9203,control_jul
2,1799.2205,control_jul
2,1799.5209,control_jul
2,1799.8212,control_jul
2,1800.1216,control_jul
2,1800.4219,control_jul
2,1800.7222,control_jul
2,1801.0226,control_jul
2,1801.3229,control_jul
2,1801.6232,control_jul
2,1801.9236,control_jul
2,1802.2238,control_jul
2,1802.5242,control_jul
2,1802.8245,control_jul
2,1803.1248,control_jul
2,1803.4251,control_jul
2,1803.7255,control_jul
2,1804.0258,control_jul
2,1804.3261,control_jul
2,1804.6365,control_jul
2,1804.9268,control_jul
2,1805.2271,control_jul
2,1805.5275,control_jul
2,1805.8278,control_jul
2,1806.1281,control_jul
2,1806.4284,control_jul
2,1806.7287,control_jul
2,1807.0291,control_jul
2,1807.3294,control_jul
2,1807.6297,control_jul
2,1807.9301,control_jul
2,1808.2304,control_jul
0,1808.5307,control_jul
0,1808.831,control_jul
2,1809.1314,control_jul
2,1809.4317,control_jul
0,1809.732,control_jul
2,1810.0324,control_jul
2,1810.3327,control_jul
2,1810.6329,control_jul
0,1810.9333,control_jul
2,1811.2336,control_jul
2,1811.534,control_jul
2,1811.8343,control_jul
2,1812.1346,control_jul
2,1812.4349,control_jul
0,1812.7352,control_jul
2,1813.0356,control_jul
2,1813.3359,control_jul
2,1813.6363,control_jul
2,1813.9365,control_jul
2,1814.2369,control_jul
2,1814.5372,control_jul
2,1814.8375,control_jul
2,1815.1379,control_jul
2,1815.4382,control_jul
2,1815.7385,control_jul
0,1816.0389,control_jul
2,1816.3392,control_jul
2,1816.6395,control_jul
2,1816.9398,control_jul
2,1817.2401,control_jul
2,1817.5405,control_jul
2,1817.8408,control_jul
2,1818.1411,control_jul
2,1818.4415,control_jul
2,1818.7418,control_jul
2,1819.0421,control_jul
0,1819.3424,control_jul
2,1819.6428,control_jul
2,1819.9431,control_jul
2,1820.2434,control_jul
2,1820.5437,control_jul
2,1820.8441,control_jul
0,1821.1444,control_jul
0,1821.4447,control_jul
2,1821.7451,control_jul
2,1822.0453,control_jul
2,1822.3457,control_jul
2,1822.646,control_jul
2,1822.9463,control_jul
2,1823.2467,control_jul
2,1823.547,control_jul
2,1823.8474,control_jul
2,1824.1477,control_jul
2,1824.448,control_jul
0,1824.7483,control_jul
0,1825.0486,control_jul
2,1825.349,control_jul
0,1825.6492,control_jul
2,1825.9496,control_jul
2,1826.2499,control_jul
2,1826.5503,control_jul
0,1826.8506,control_jul
2,1827.1509,control_jul
2,1827.4512,control_jul
2,1827.7516,control_jul
2,1828.0519,control_jul
2,1828.3522,control_jul
2,1828.6525,control_jul
2,1828.9528,control_jul
2,1829.2532,control_jul
2,1829.5535,control_jul
2,1829.8539,control_jul
2,1830.1541,control_jul
2,1830.4545,control_jul
0,1830.7548,control_jul
2,1831.0551,control_jul
2,1831.3555,control_jul
2,1831.6557,control_jul
2,1831.9561,control_jul
2,1832.2564,control_jul
0,1832.5568,control_jul
2,1832.8571,control_jul
2,1833.1574,control_jul
2,1833.4578,control_jul
2,1833.7581,control_jul
2,1834.0584,control_jul
2,1834.3587,control_jul
2,1834.659,control_jul
2,1834.9594,control_jul
2,1835.2597,control_jul
2,1835.56,control_jul
2,1835.8604,control_jul
2,1836.1607,control_jul
2,1836.461,control_jul
2,1836.7613,control_jul
2,1837.0617,control_jul
2,1837.362,control_jul
2,1837.6623,control_jul
2,1837.9627,control_jul
2,1838.2629,control_jul
2,1838.5633,control_jul
2,1838.8636,control_jul
2,1839.1639,control_jul
2,1839.4642,control_jul
2,1839.7646,control_jul
0,1840.0649,control_jul
2,1840.3652,control_jul
2,1840.6655,control_jul
2,1840.9659,control_jul
2,1841.2662,control_jul
2,1841.5666,control_jul
2,1841.8669,control_jul
2,1842.1671,control_jul
2,1842.4675,control_jul
2,1842.7678,control_jul
0,1843.0682,control_jul
2,1843.3685,control_jul
2,1843.6688,control_jul
2,1843.9692,control_jul
0,1844.2695,control_jul
0,1844.5698,control_jul
2,1844.8701,control_jul
2,1845.1705,control_jul
2,1845.4708,control_jul
2,1845.771,control_jul
2,1846.0714,control_jul
2,1846.3717,control_jul
2,1846.6721,control_jul
2,1846.9724,control_jul
2,1847.2727,control_jul
2,1847.573,control_jul
2,1847.8742,control_jul
2,1848.1737,control_jul
2,1848.474,control_jul
2,1848.7744,control_jul
2,1849.0747,control_jul
2,1849.375,control_jul
2,1849.6753,control_jul
2,1849.9756,control_jul
2,1850.276,control_jul
2,1850.5763,control_jul
2,1850.8766,control_jul
2,1851.177,control_jul
2,1851.4773,control_jul
2,1851.7776,control_jul
2,1852.078,control_jul
2,1852.3783,control_jul
2,1852.6786,control_jul
2,1852.9789,control_jul
2,1853.2792,control_jul
2,1853.5796,control_jul
2,1853.8799,control_jul
2,1854.1802,control_jul
0,1854.4805,control_jul
2,1854.7809,control_jul
2,1855.0812,control_jul
2,1855.3815,control_jul
2,1855.6819,control_jul
2,1855.9821,control_jul
2,1856.2825,control_jul
2,1856.5828,control_jul
2,1856.8832,control_jul
2,1857.1835,control_jul
2,1857.4838,control_jul
2,1857.7842,control_jul
2,1858.0844,control_jul
2,1858.3848,control_jul
2,1858.6851,control_jul
2,1858.9854,control_jul
2,1859.2858,control_jul
1,1859.586,control_jul
1,1859.8864,control_jul
2,1860.1867,control_jul
1,1860.4871,control_jul
1,1860.7874,control_jul
1,1861.0877,control_jul
2,1861.388,control_jul
1,1861.6884,control_jul
2,1861.9887,control_jul
2,1862.289,control_jul
2,1862.5893,control_jul
2,1862.8897,control_jul
2,1863.19,control_jul
2,1863.4903,control_jul
2,1863.7906,control_jul
2,1864.0909,control_jul
2,1864.3913,control_jul
2,1864.6916,control_jul
2,1864.9919,control_jul
2,1865.2922,control_jul
2,1865.5926,control_jul
2,1865.8929,control_jul
2,1866.1932,control_jul
2,1866.4936,control_jul
2,1866.7939,control_jul
2,1867.0942,control_jul
2,1867.3946,control_jul
2,1867.6949,control_jul
2,1867.9952,control_jul
2,1868.2956,control_jul
2,1868.5959,control_jul
2,1868.8962,control_jul
2,1869.1964,control_jul
2,1869.4968,control_jul
2,1869.7971,control_jul
0,1870.0975,control_jul
2,1870.3978,control_jul
2,1870.6981,control_jul
0,1870.9985,control_jul
2,1871.2988,control_jul
2,1871.5991,control_jul
2,1871.8994,control_jul
2,1872.1998,control_jul
2,1872.5001,control_jul
2,1872.8004,control_jul
2,1873.1007,control_jul
2,1873.4011,control_jul
2,1873.7014,control_jul
2,1874.0017,control_jul
2,1874.302,control_jul
2,1874.6023,control_jul
2,1874.9027,control_jul
2,1875.203,control_jul
2,1875.5033,control_jul
2,1875.8036,control_jul
0,1876.104,control_jul
2,1876.4043,control_jul
2,1876.7046,control_jul
2,1877.005,control_jul
2,1877.3053,control_jul
2,1877.6056,control_jul
2,1877.906,control_jul
2,1878.2062,control_jul
2,1878.5066,control_jul
2,1878.8069,control_jul
2,1879.1072,control_jul
2,1879.4076,control_jul
2,1879.7079,control_jul
2,1880.0082,control_jul
2,1880.3085,control_jul
2,1880.6088,control_jul
2,1880.9092,control_jul
2,1881.2095,control_jul
2,1881.5098,control_jul
2,1881.8102,control_jul
2,1882.1105,control_jul
2,1882.4108,control_jul
2,1882.7111,control_jul
2,1883.0115,control_jul
2,1883.3118,control_jul
2,1883.6121,control_jul
2,1883.9124,control_jul
2,1884.2127,control_jul
2,1884.5131,control_jul
2,1884.8134,control_jul
2,1885.1137,control_jul
2,1885.414,control_jul
2,1885.7143,control_jul
2,1886.0147,control_jul
2,1886.315,control_jul
2,1886.6153,control_jul
2,1886.9156,control_jul
2,1887.216,control_jul
2,1887.5163,control_jul
2,1887.8166,control_jul
2,1888.117,control_jul
2,1888.4172,control_jul
2,1888.7176,control_jul
2,1889.0179,control_jul
2,1889.3182,control_jul
2,1889.6186,control_jul
2,1889.9189,control_jul
2,1890.2192,control_jul
2,1890.5196,control_jul
2,1890.8199,control_jul
2,1891.1202,control_jul
2,1891.7209,control_jul
2,1892.0212,control_jul
2,1892.3215,control_jul
2,1892.6218,control_jul
2,1892.9221,control_jul
2,1893.2224,control_jul
2,1893.5228,control_jul
2,1893.8232,control_jul
2,1894.1235,control_jul
2,1894.4238,control_jul
2,1894.7241,control_jul
0,1895.0244,control_jul
2,1895.3248,control_jul
2,1895.6251,control_jul
2,1895.9254,control_jul
2,1896.2257,control_jul
2,1896.526,control_jul
2,1896.8263,control_jul
2,1897.1267,control_jul
2,1897.427,control_jul
2,1897.7273,control_jul
2,1898.0277,control_jul
2,1898.328,control_jul
2,1898.6284,control_jul
2,1898.9287,control_jul
2,1899.229,control_jul
2,1899.5293,control_jul
0,1899.8296,control_jul
2,1900.13,control_jul
2,1900.4303,control_jul
2,1900.7307,control_jul
2,1901.0309,control_jul
2,1901.3312,control_jul
2,1901.6316,control_jul
2,1901.9319,control_jul
0,1902.2323,control_jul
2,1902.5326,control_jul
2,1902.8329,control_jul
2,1903.1332,control_jul
2,1903.4335,control_jul
2,1903.7338,control_jul
2,1904.0342,control_jul
2,1904.3345,control_jul
1,1904.6348,control_jul
2,1904.9352,control_jul
2,1905.2355,control_jul
2,1905.5358,control_jul
2,1905.8361,control_jul
2,1906.1365,control_jul
2,1906.4368,control_jul
2,1906.7372,control_jul
2,1907.0375,control_jul
0,1907.3378,control_jul
2,1907.6381,control_jul
2,1907.9384,control_jul
2,1908.2388,control_jul
2,1908.5391,control_jul
2,1908.8394,control_jul
2,1909.1397,control_jul
2,1909.44,control_jul
2,1909.7403,control_jul
2,1910.0407,control_jul
2,1910.341,control_jul
2,1910.6413,control_jul
2,1910.9417,control_jul
2,1911.242,control_jul
2,1911.5423,control_jul
2,1911.8427,control_jul
2,1912.143,control_jul
2,1912.4433,control_jul
2,1912.7436,control_jul
2,1913.0439,control_jul
2,1913.3443,control_jul
2,1913.6446,control_jul
2,1913.9449,control_jul
2,1914.2452,control_jul
2,1914.5456,control_jul
2,1914.8459,control_jul
2,1915.1462,control_jul
2,1915.4465,control_jul
2,1915.7469,control_jul
2,1916.0471,control_jul
0,1916.3475,control_jul
0,1916.6478,control_jul
2,1916.9482,control_jul
2,1917.2485,control_jul
2,1917.5488,control_jul
2,1917.8492,control_jul
2,1918.1494,control_jul
2,1918.4498,control_jul
2,1918.7501,control_jul
2,1919.0504,control_jul
2,1919.3508,control_jul
2,1919.6511,control_jul
2,1919.9514,control_jul
2,1920.2517,control_jul
2,1920.5521,control_jul
2,1920.8524,control_jul
2,1921.1527,control_jul
2,1921.4531,control_jul
2,1921.7533,control_jul
2,1922.0537,control_jul
2,1922.354,control_jul
2,1922.6544,control_jul
2,1922.9547,control_jul
2,1923.255,control_jul
2,1923.5553,control_jul
2,1923.8556,control_jul
2,1924.156,control_jul
2,1924.4563,control_jul
2,1924.7566,control_jul
2,1925.057,control_jul
2,1925.3572,control_jul
2,1925.6576,control_jul
2,1925.958,control_jul
2,1926.2582,control_jul
2,1926.5586,control_jul
2,1926.8588,control_jul
2,1927.1592,control_jul
2,1927.4596,control_jul
2,1927.7599,control_jul
2,1928.0602,control_jul
2,1928.3605,control_jul
2,1928.6609,control_jul
2,1928.9612,control_jul
2,1929.2616,control_jul
2,1929.5619,control_jul
2,1929.8621,control_jul
2,1930.1624,control_jul
2,1930.4628,control_jul
2,1930.7631,control_jul
2,1931.0634,control_jul
2,1931.3637,control_jul
2,1931.6641,control_jul
2,1931.9644,control_jul
2,1932.2648,control_jul
2,1932.5652,control_jul
2,1932.8654,control_jul
2,1933.1657,control_jul
2,1933.4661,control_jul
2,1933.7664,control_jul
2,1934.0667,control_jul
2,1934.367,control_jul
2,1934.6752,control_jul
2,1934.9677,control_jul
2,1935.268,control_jul
2,1935.5683,control_jul
2,1935.8687,control_jul
2,1936.169,control_jul
2,1936.4693,control_jul
2,1936.7696,control_jul
0,1937.07,control_jul
2,1937.3703,control_jul
2,1937.6706,control_jul
2,1937.9709,control_jul
2,1938.2713,control_jul
2,1938.5716,control_jul
2,1938.8719,control_jul
0,1939.1722,control_jul
2,1939.4725,control_jul
2,1939.7729,control_jul
2,1940.0732,control_jul
2,1940.3735,control_jul
2,1940.6739,control_jul
2,1940.9741,control_jul
2,1941.2745,control_jul
2,1941.5748,control_jul
2,1941.8752,control_jul
2,1942.1755,control_jul
2,1942.4758,control_jul
2,1942.7761,control_jul
2,1943.0764,control_jul
2,1943.3768,control_jul
0,1943.6771,control_jul
2,1943.9774,control_jul
2,1944.2777,control_jul
2,1944.5781,control_jul
2,1944.8784,control_jul
2,1945.1788,control_jul
2,1945.4791,control_jul
2,1945.7794,control_jul
2,1946.0797,control_jul
2,1946.38,control_jul
2,1946.6803,control_jul
2,1946.9807,control_jul
2,1947.281,control_jul
2,1947.5813,control_jul
2,1947.8817,control_jul
2,1948.182,control_jul
2,1948.4823,control_jul
2,1948.7826,control_jul
2,1949.0829,control_jul
2,1949.3833,control_jul
2,1949.6836,control_jul
2,1949.9839,control_jul
2,1950.2843,control_jul
2,1950.5845,control_jul
2,1950.8849,control_jul
2,1951.1852,control_jul
2,1951.4856,control_jul
2,1951.7859,control_jul
2,1952.0862,control_jul
2,1952.3865,control_jul
2,1952.6868,control_jul
2,1952.9872,control_jul
2,1953.2875,control_jul
0,1953.5878,control_jul
2,1953.8882,control_jul
2,1954.1885,control_jul
2,1954.4888,control_jul
2,1954.7891,control_jul
2,1955.0895,control_jul
2,1955.3898,control_jul
2,1955.6901,control_jul
1,1955.9905,control_jul
1,1956.2908,control_jul
0,1956.5911,control_jul
2,1956.8914,control_jul
2,1957.1917,control_jul
2,1957.492,control_jul
2,1957.7924,control_jul
2,1958.0927,control_jul
2,1958.393,control_jul
2,1958.6934,control_jul
2,1958.9937,control_jul
2,1959.294,control_jul
2,1959.5943,control_jul
2,1959.8947,control_jul
2,1960.1949,control_jul
2,1960.4953,control_jul
2,1960.7956,control_jul
2,1961.096,control_jul
2,1961.3963,control_jul
0,1961.6966,control_jul
2,1961.9969,control_jul
2,1962.2972,control_jul
2,1962.5976,control_jul
2,1962.8979,control_jul
2,1963.1982,control_jul
2,1963.4985,control_jul
2,1963.7988,control_jul
2,1964.0992,control_jul
2,1964.3996,control_jul
2,1964.6999,control_jul
2,1965.0001,control_jul
2,1965.3005,control_jul
2,1965.6008,control_jul
2,1965.9012,control_jul
2,1966.2014,control_jul
2,1966.5018,control_jul
2,1966.8021,control_jul
0,1967.1024,control_jul
2,1967.4028,control_jul
2,1967.7031,control_jul
2,1968.0034,control_jul
0,1968.3037,control_jul
2,1968.6041,control_jul
2,1968.9044,control_jul
2,1969.2047,control_jul
2,1969.505,control_jul
2,1969.8054,control_jul
2,1970.1057,control_jul
2,1970.406,control_jul
1,1970.7064,control_jul
1,1971.0067,control_jul
1,1971.307,control_jul
1,1971.6074,control_jul
0,1971.9076,control_jul
2,1972.208,control_jul
2,1972.5083,control_jul
2,1972.8086,control_jul
2,1973.1089,control_jul
2,1973.4092,control_jul
2,1973.7096,control_jul
2,1974.0099,control_jul
2,1974.3102,control_jul
2,1974.6106,control_jul
2,1974.9109,control_jul
2,1975.2112,control_jul
2,1975.5115,control_jul
2,1975.8118,control_jul
0,1976.1122,control_jul
2,1976.4125,control_jul
2,1976.7128,control_jul
2,1977.0132,control_jul
2,1977.3135,control_jul
2,1977.6138,control_jul
2,1977.9141,control_jul
2,1978.2144,control_jul
2,1978.5148,control_jul
2,1978.8151,control_jul
2,1979.1154,control_jul
2,1979.4157,control_jul
2,1979.716,control_jul
2,1980.0164,control_jul
2,1980.3167,control_jul
2,1980.6171,control_jul
2,1980.9174,control_jul
2,1981.2177,control_jul
2,1981.518,control_jul
2,1981.8183,control_jul
2,1982.1187,control_jul
2,1982.419,control_jul
2,1982.7193,control_jul
2,1983.0196,control_jul
2,1983.32,control_jul
2,1983.6203,control_jul
2,1983.9206,control_jul
2,1984.2209,control_jul
2,1984.5212,control_jul
2,1984.8216,control_jul
2,1985.1219,control_jul
2,1985.4222,control_jul
2,1985.7226,control_jul
2,1986.0228,control_jul
2,1986.3232,control_jul
2,1986.6236,control_jul
2,1986.9238,control_jul
2,1987.2242,control_jul
2,1987.5245,control_jul
2,1987.8248,control_jul
2,1988.1251,control_jul
2,1988.4255,control_jul
0,1988.7258,control_jul
2,1989.0261,control_jul
2,1989.3265,control_jul
2,1989.6268,control_jul
0,1989.9271,control_jul
2,1990.2274,control_jul
2,1990.5278,control_jul
2,1990.8281,control_jul
2,1991.1284,control_jul
2,1991.4288,control_jul
2,1991.7291,control_jul
2,1992.0294,control_jul
2,1992.3297,control_jul
2,1992.63,control_jul
2,1992.9303,control_jul
0,1993.2307,control_jul
2,1993.531,control_jul
2,1993.8314,control_jul
2,1994.1316,control_jul
2,1994.432,control_jul
2,1994.7323,control_jul
2,1995.0326,control_jul
2,1995.3329,control_jul
0,1995.6333,control_jul
2,1995.9336,control_jul
2,1996.2339,control_jul
2,1996.5343,control_jul
2,1996.8346,control_jul
2,1997.1349,control_jul
2,1997.4352,control_jul
2,1997.7356,control_jul
2,1998.0359,control_jul
0,1998.3362,control_jul
2,1998.6365,control_jul
2,1998.9369,control_jul
2,1999.2372,control_jul
2,1999.5375,control_jul
2,1999.8378,control_jul
2,2000.1382,control_jul
2,2000.4385,control_jul
2,2000.7388,control_jul
2,2001.0391,control_jul
2,2001.3395,control_jul
0,2001.6398,control_jul
2,2001.9401,control_jul
2,2002.2404,control_jul
0,2002.5408,control_jul
1,2002.8411,control_jul
1,2003.1414,control_jul
1,2003.4418,control_jul
1,2003.7421,control_jul
1,2004.0423,control_jul
1,2004.3427,control_jul
1,2004.643,control_jul
1,2004.9433,control_jul
1,2005.2437,control_jul
1,2005.544,control_jul
1,2005.8443,control_jul
1,2006.1447,control_jul
2,2006.445,control_jul
2,2006.7452,control_jul
2,2007.0456,control_jul
2,2007.346,control_jul
2,2007.6463,control_jul
2,2007.9466,control_jul
2,2008.2469,control_jul
2,2008.5473,control_jul
2,2008.8476,control_jul
2,2009.1479,control_jul
2,2009.4483,control_jul
2,2009.7486,control_jul
2,2010.0488,control_jul
2,2010.3492,control_jul
2,2010.6495,control_jul
2,2010.9499,control_jul
2,2011.2501,control_jul
2,2011.5505,control_jul
2,2012.1511,control_jul
2,2012.4515,control_jul
2,2012.7518,control_jul
2,2013.0521,control_jul
2,2013.3525,control_jul
2,2013.6527,control_jul
2,2013.9531,control_jul
2,2014.2534,control_jul
2,2014.5537,control_jul
2,2014.854,control_jul
2,2015.1544,control_jul
2,2015.4547,control_jul
2,2015.755,control_jul
2,2016.0554,control_jul
2,2016.3557,control_jul
2,2016.656,control_jul
2,2016.9563,control_jul
2,2017.2567,control_jul
2,2017.557,control_jul
2,2017.8573,control_jul
2,2018.1576,control_jul
2,2018.458,control_jul
2,2018.7583,control_jul
2,2019.0586,control_jul
2,2019.3589,control_jul
2,2019.6593,control_jul
2,2019.9596,control_jul
2,2020.2599,control_jul
2,2020.5603,control_jul
2,2020.8605,control_jul
2,2021.1609,control_jul
2,2021.4612,control_jul
2,2021.7615,control_jul
2,2022.0619,control_jul
2,2022.3622,control_jul
2,2022.6625,control_jul
2,2022.9628,control_jul
2,2023.2632,control_jul
2,2023.5635,control_jul
2,2023.8638,control_jul
2,2024.1641,control_jul
2,2024.4644,control_jul
2,2024.7647,control_jul
2,2025.0651,control_jul
2,2025.3654,control_jul
2,2025.6657,control_jul
2,2025.966,control_jul
2,2026.2664,control_jul
2,2026.5667,control_jul
2,2026.867,control_jul
2,2027.1674,control_jul
2,2027.4677,control_jul
2,2027.7679,control_jul
2,2028.0684,control_jul
2,2028.3686,control_jul
2,2028.669,control_jul
2,2028.9693,control_jul
2,2029.2696,control_jul
2,2029.57,control_jul
2,2029.8703,control_jul
2,2030.1706,control_jul
2,2030.4709,control_jul
2,2030.7712,control_jul
2,2031.0715,control_jul
2,2031.3719,control_jul
2,2031.6721,control_jul
2,2031.9725,control_jul
2,2032.2728,control_jul
2,2032.5732,control_jul
2,2032.8735,control_jul
2,2033.1738,control_jul
2,2033.4741,control_jul
2,2033.7745,control_jul
2,2034.0748,control_jul
2,2034.3751,control_jul
2,2034.6755,control_jul
2,2034.9758,control_jul
0,2035.2761,control_jul
2,2035.5765,control_jul
2,2035.8767,control_jul
2,2036.1771,control_jul
2,2036.4773,control_jul
2,2036.7777,control_jul
2,2037.078,control_jul
2,2037.3784,control_jul
2,2037.6787,control_jul
2,2037.979,control_jul
2,2038.2793,control_jul
0,2038.5796,control_jul
2,2038.88,control_jul
2,2039.1803,control_jul
2,2039.4806,control_jul
0,2039.781,control_jul
2,2040.0812,control_jul
2,2040.3816,control_jul
2,2040.6819,control_jul
2,2040.9822,control_jul
2,2041.2826,control_jul
2,2041.5829,control_jul
2,2041.8832,control_jul
2,2042.1836,control_jul
2,2042.4839,control_jul
2,2042.7842,control_jul
2,2043.0845,control_jul
2,2043.3849,control_jul
2,2043.6852,control_jul
2,2043.9854,control_jul
2,2044.2858,control_jul
2,2044.5861,control_jul
2,2044.8865,control_jul
2,2045.1868,control_jul
2,2045.4871,control_jul
2,2045.7874,control_jul
2,2046.0877,control_jul
2,2046.3881,control_jul
2,2046.6884,control_jul
2,2046.9887,control_jul
2,2047.289,control_jul
2,2047.5893,control_jul
2,2047.8897,control_jul
2,2048.19,control_jul
2,2048.4903,control_jul
2,2048.7906,control_jul
2,2049.091,control_jul
2,2049.3913,control_jul
2,2049.6916,control_jul
2,2049.992,control_jul
2,2050.2923,control_jul
2,2050.5926,control_jul
2,2050.893,control_jul
2,2051.1932,control_jul
2,2051.4935,control_jul
2,2051.7939,control_jul
2,2052.0942,control_jul
2,2052.3945,control_jul
2,2052.6949,control_jul
2,2052.9952,control_jul
2,2053.2955,control_jul
2,2053.5958,control_jul
0,2053.8962,control_jul
2,2054.1965,control_jul
2,2054.4968,control_jul
2,2054.7971,control_jul
2,2055.0975,control_jul
2,2055.3978,control_jul
2,2055.6981,control_jul
2,2055.9985,control_jul
2,2056.2988,control_jul
2,2056.5991,control_jul
0,2056.8994,control_jul
2,2057.1997,control_jul
2,2057.5,control_jul
2,2057.8004,control_jul
2,2058.1007,control_jul
2,2058.401,control_jul
2,2058.7013,control_jul
2,2059.0017,control_jul
2,2059.302,control_jul
2,2059.6024,control_jul
2,2059.9027,control_jul
2,2060.2029,control_jul
2,2060.5033,control_jul
2,2060.8036,control_jul
2,2061.104,control_jul
0,2061.4043,control_jul
2,2061.7046,control_jul
2,2062.0049,control_jul
2,2062.3053,control_jul
2,2062.6056,control_jul
2,2062.9059,control_jul
2,2063.2062,control_jul
2,2063.5066,control_jul
2,2063.8069,control_jul
2,2064.1072,control_jul
2,2064.4075,control_jul
2,2064.7078,control_jul
2,2065.0082,control_jul
2,2065.3085,control_jul
2,2065.6088,control_jul
2,2065.9092,control_jul
2,2066.2095,control_jul
2,2066.5098,control_jul
2,2066.8101,control_jul
2,2067.1104,control_jul
2,2067.4108,control_jul
2,2067.7111,control_jul
2,2068.0114,control_jul
2,2068.3117,control_jul
2,2068.6121,control_jul
2,2068.9124,control_jul
2,2069.2127,control_jul
2,2069.5131,control_jul
2,2069.8134,control_jul
2,2070.1137,control_jul
2,2070.414,control_jul
2,2070.7143,control_jul
2,2071.0147,control_jul
0,2071.315,control_jul
2,2071.6153,control_jul
0,2071.9156,control_jul
0,2072.216,control_jul
2,2072.5163,control_jul
2,2072.8166,control_jul
2,2073.1169,control_jul
2,2073.4172,control_jul
0,2073.7176,control_jul
2,2074.0179,control_jul
2,2074.3182,control_jul
2,2074.6186,control_jul
2,2074.9188,control_jul
2,2075.2192,control_jul
2,2075.5195,control_jul
2,2075.8198,control_jul
2,2076.1202,control_jul
2,2076.4205,control_jul
2,2076.7208,control_jul
2,2077.0212,control_jul
2,2077.3215,control_jul
2,2077.9221,control_jul
2,2078.2225,control_jul
2,2078.5228,control_jul
2,2078.8231,control_jul
2,2079.1234,control_jul
2,2079.4238,control_jul
2,2079.7241,control_jul
2,2080.0244,control_jul
2,2080.3247,control_jul
2,2080.625,control_jul
2,2080.9254,control_jul
2,2081.2257,control_jul
2,2081.526,control_jul
2,2081.8263,control_jul
2,2082.1267,control_jul
2,2082.427,control_jul
2,2082.7273,control_jul
2,2083.0276,control_jul
2,2083.328,control_jul
2,2083.6283,control_jul
2,2083.9286,control_jul
2,2084.2289,control_jul
2,2084.5292,control_jul
2,2084.8296,control_jul
2,2085.13,control_jul
0,2085.4302,control_jul
2,2085.7306,control_jul
2,2086.0309,control_jul
2,2086.3312,control_jul
2,2086.6316,control_jul
2,2086.9319,control_jul
2,2087.2322,control_jul
2,2087.5325,control_jul
2,2087.8328,control_jul
2,2088.1332,control_jul
2,2088.4335,control_jul
2,2088.7338,control_jul
2,2089.0341,control_jul
2,2089.3345,control_jul
2,2089.6348,control_jul
2,2089.9351,control_jul
2,2090.2355,control_jul
2,2090.5358,control_jul
2,2090.8361,control_jul
2,2091.1364,control_jul
2,2091.4367,control_jul
2,2091.7371,control_jul
2,2092.0374,control_jul
2,2092.3377,control_jul
2,2092.638,control_jul
2,2092.9384,control_jul
2,2093.2387,control_jul
2,2093.539,control_jul
2,2093.8393,control_jul
2,2094.1396,control_jul
2,2094.44,control_jul
0,2094.7404,control_jul
2,2095.0406,control_jul
2,2095.341,control_jul
2,2095.6413,control_jul
2,2095.9617,control_jul
2,2096.2419,control_jul
2,2096.5423,control_jul
2,2096.8426,control_jul
2,2097.1429,control_jul
2,2097.4432,control_jul
2,2097.7436,control_jul
2,2098.0439,control_jul
2,2098.3442,control_jul
2,2098.6446,control_jul
2,2098.9449,control_jul
0,2099.2452,control_jul
0,2099.5455,control_jul
2,2099.8459,control_jul
2,2100.1461,control_jul
0,2100.4465,control_jul
2,2100.7468,control_jul
2,2101.0471,control_jul
0,2101.3474,control_jul
2,2101.6478,control_jul
2,2101.9482,control_jul
2,2102.2485,control_jul
2,2102.5488,control_jul
2,2102.8491,control_jul
2,2103.1494,control_jul
2,2103.4498,control_jul
2,2103.7501,control_jul
2,2104.0504,control_jul
2,2104.3507,control_jul
2,2104.6511,control_jul
2,2104.9514,control_jul
2,2105.2517,control_jul
2,2105.552,control_jul
2,2105.8523,control_jul
2,2106.1527,control_jul
2,2106.453,control_jul
2,2106.7533,control_jul
2,2107.0537,control_jul
2,2107.354,control_jul
2,2107.6543,control_jul
2,2107.9546,control_jul
2,2108.2549,control_jul
2,2108.5553,control_jul
2,2108.8556,control_jul
2,2109.1559,control_jul
2,2109.4562,control_jul
2,2109.7566,control_jul
2,2110.0569,control_jul
2,2110.3572,control_jul
2,2110.6575,control_jul
2,2110.9579,control_jul
0,2111.2582,control_jul
2,2111.5586,control_jul
2,2111.8588,control_jul
2,2112.1591,control_jul
2,2112.4595,control_jul
2,2112.7598,control_jul
2,2113.0602,control_jul
2,2113.3605,control_jul
2,2113.6608,control_jul
0,2113.9612,control_jul
2,2114.2615,control_jul
2,2114.5618,control_jul
2,2114.8621,control_jul
2,2115.1624,control_jul
2,2115.4627,control_jul
2,2115.7631,control_jul
2,2116.0634,control_jul
2,2116.3637,control_jul
2,2116.6641,control_jul
2,2116.9644,control_jul
2,2117.2647,control_jul
2,2117.5651,control_jul
2,2117.8653,control_jul
2,2118.1657,control_jul
2,2118.466,control_jul
2,2118.7663,control_jul
2,2119.0667,control_jul
0,2119.367,control_jul
2,2119.6673,control_jul
2,2119.9676,control_jul
2,2120.268,control_jul
2,2120.5683,control_jul
2,2120.8686,control_jul
2,2121.1689,control_jul
2,2121.4701,control_jul
0,2121.7696,control_jul
2,2122.0699,control_jul
2,2122.3703,control_jul
2,2122.6706,control_jul
2,2122.9709,control_jul
2,2123.2712,control_jul
2,2123.5715,control_jul
2,2123.8718,control_jul
2,2124.1722,control_jul
2,2124.4725,control_jul
2,2124.7728,control_jul
2,2125.0731,control_jul
2,2125.3735,control_jul
2,2125.6738,control_jul
2,2125.9741,control_jul
2,2126.2745,control_jul
2,2126.5748,control_jul
2,2126.8751,control_jul
2,2127.1754,control_jul
2,2127.4758,control_jul
2,2127.7761,control_jul
2,2128.0764,control_jul
2,2128.3767,control_jul
2,2128.677,control_jul
2,2128.9773,control_jul
2,2129.2777,control_jul
0,2129.578,control_jul
2,2129.8783,control_jul
2,2130.1787,control_jul
2,2130.4789,control_jul
2,2130.7793,control_jul
2,2131.0796,control_jul
2,2131.3799,control_jul
2,2131.6803,control_jul
2,2131.9862,control_jul
2,2132.2809,control_jul
0,2132.5812,control_jul
2,2132.8816,control_jul
2,2133.1819,control_jul
2,2133.4822,control_jul
2,2133.7825,control_jul
2,2134.0828,control_jul
2,2134.3831,control_jul
2,2134.6835,control_jul
2,2134.9838,control_jul
2,2135.2841,control_jul
2,2135.5845,control_jul
2,2135.8848,control_jul
2,2136.1852,control_jul
2,2136.4854,control_jul
2,2136.7858,control_jul
2,2137.0861,control_jul
2,2137.3864,control_jul
2,2137.6867,control_jul
2,2137.9871,control_jul
2,2138.2874,control_jul
2,2138.5877,control_jul
2,2138.888,control_jul
2,2139.1883,control_jul
2,2139.4887,control_jul
2,2139.789,control_jul
2,2140.0893,control_jul
2,2140.3897,control_jul
2,2140.69,control_jul
2,2140.9903,control_jul
2,2141.2906,control_jul
2,2141.5909,control_jul
2,2141.8913,control_jul
2,2142.1916,control_jul
2,2142.4919,control_jul
2,2142.7922,control_jul
0,2143.0926,control_jul
2,2143.3929,control_jul
2,2143.6932,control_jul
2,2143.9935,control_jul
2,2144.2939,control_jul
2,2144.5942,control_jul
2,2144.8945,control_jul
2,2145.1948,control_jul
2,2145.4951,control_jul
2,2145.7955,control_jul
2,2146.0958,control_jul
2,2146.3961,control_jul
2,2146.6964,control_jul
2,2146.9968,control_jul
2,2147.2971,control_jul
2,2147.5974,control_jul
2,2147.8978,control_jul
2,2148.1981,control_jul
2,2148.4984,control_jul
2,2148.7987,control_jul
2,2149.099,control_jul
2,2149.3993,control_jul
2,2149.6996,control_jul
2,2150.0,control_jul
2,2150.3003,control_jul
2,2150.6006,control_jul
2,2150.901,control_jul
2,2151.2013,control_jul
2,2151.5016,control_jul
2,2151.8019,control_jul
2,2152.1023,control_jul
2,2152.4026,control_jul
2,2152.7029,control_jul
2,2153.0032,control_jul
0,2153.3036,control_jul
2,2153.6039,control_jul
2,2153.9042,control_jul
2,2154.2045,control_jul
2,2154.5049,control_jul
2,2154.8052,control_jul
2,2155.1055,control_jul
2,2155.4058,control_jul
2,2155.7061,control_jul
0,2156.0065,control_jul
2,2156.3068,control_jul
2,2156.6071,control_jul
2,2156.9074,control_jul
2,2157.2077,control_jul
2,2157.508,control_jul
2,2157.8084,control_jul
2,2158.1087,control_jul
2,2158.4091,control_jul
2,2158.7094,control_jul
2,2159.0097,control_jul
2,2159.31,control_jul
2,2159.6103,control_jul
2,2159.9107,control_jul
2,2160.211,control_jul
2,2160.5113,control_jul
2,2160.8116,control_jul
0,2161.1119,control_jul
2,2161.4122,control_jul
2,2161.7125,control_jul
2,2162.0129,control_jul
2,2162.3132,control_jul
2,2162.6135,control_jul
2,2162.9138,control_jul
2,2163.2141,control_jul
0,2163.5145,control_jul
2,2163.8148,control_jul
2,2164.1151,control_jul
2,2164.4155,control_jul
2,2164.7158,control_jul
2,2165.0161,control_jul
2,2165.3164,control_jul
2,2165.6168,control_jul
2,2165.9171,control_jul
2,2166.2174,control_jul
2,2166.5177,control_jul
2,2166.818,control_jul
2,2167.1184,control_jul
2,2167.4187,control_jul
2,2167.719,control_jul
2,2168.0193,control_jul
0,2168.3196,control_jul
2,2168.62,control_jul
2,2168.9203,control_jul
2,2169.2206,control_jul
2,2169.5209,control_jul
2,2169.8213,control_jul
2,2170.1215,control_jul
2,2170.4219,control_jul
2,2170.7222,control_jul
2,2171.0225,control_jul
2,2171.3228,control_jul
2,2171.6232,control_jul
2,2171.9235,control_jul
2,2172.2238,control_jul
2,2172.5242,control_jul
2,2172.8244,control_jul
2,2173.1247,control_jul
2,2173.4251,control_jul
2,2173.7255,control_jul
2,2174.0258,control_jul
2,2174.3261,control_jul
2,2174.6264,control_jul
2,2174.9267,control_jul
2,2175.227,control_jul
2,2175.5273,control_jul
2,2175.8277,control_jul
2,2176.128,control_jul
2,2176.4284,control_jul
2,2176.7286,control_jul
2,2177.029,control_jul
2,2177.3293,control_jul
2,2177.6297,control_jul
2,2177.93,control_jul
2,2178.2303,control_jul
2,2178.5306,control_jul
2,2178.8309,control_jul
2,2179.1313,control_jul
2,2179.4316,control_jul
2,2179.7319,control_jul
2,2180.0323,control_jul
2,2180.3325,control_jul
2,2180.6329,control_jul
2,2180.9332,control_jul
2,2181.2335,control_jul
0,2181.5339,control_jul
2,2181.8342,control_jul
2,2182.1345,control_jul
2,2182.4348,control_jul
2,2182.7351,control_jul
2,2183.0355,control_jul
0,2183.3357,control_jul
2,2183.6361,control_jul
2,2183.9364,control_jul
2,2184.2367,control_jul
2,2184.537,control_jul
2,2184.8374,control_jul
2,2185.1377,control_jul
2,2185.438,control_jul
2,2185.7384,control_jul
2,2186.0387,control_jul
2,2186.339,control_jul
2,2186.6393,control_jul
2,2186.9396,control_jul
2,2187.2399,control_jul
2,2187.5404,control_jul
2,2187.8406,control_jul
2,2188.1409,control_jul
2,2188.4413,control_jul
2,2188.7416,control_jul
2,2189.0419,control_jul
0,2189.3422,control_jul
2,2189.6426,control_jul
2,2189.9429,control_jul
2,2190.2432,control_jul
2,2190.5435,control_jul
2,2190.8438,control_jul
2,2191.1442,control_jul
2,2191.4445,control_jul
2,2191.7448,control_jul
2,2192.0451,control_jul
2,2192.3454,control_jul
2,2192.6458,control_jul
2,2192.9461,control_jul
2,2193.2464,control_jul
2,2193.5467,control_jul
2,2193.847,control_jul
2,2194.1474,control_jul
2,2194.4477,control_jul
2,2194.7481,control_jul
2,2195.0484,control_jul
2,2195.3487,control_jul
2,2195.649,control_jul
2,2195.9493,control_jul
2,2196.2497,control_jul
2,2196.55,control_jul
2,2196.8503,control_jul
2,2197.1506,control_jul
2,2197.4509,control_jul
2,2197.7512,control_jul
2,2198.0516,control_jul
2,2198.3519,control_jul
2,2198.6522,control_jul
2,2198.9526,control_jul
2,2199.2529,control_jul
2,2199.5532,control_jul
2,2199.8535,control_jul
0,2200.1539,control_jul
2,2200.4541,control_jul
2,2200.7545,control_jul
2,2201.0548,control_jul
2,2201.3552,control_jul
2,2201.6554,control_jul
2,2201.9558,control_jul
2,2202.2561,control_jul
2,2202.5564,control_jul
2,2202.8568,control_jul
2,2203.1571,control_jul
2,2203.4574,control_jul
2,2203.7577,control_jul
2,2204.058,control_jul
2,2204.3584,control_jul
2,2204.6587,control_jul
2,2204.959,control_jul
2,2205.2594,control_jul
2,2205.5596,control_jul
2,2205.86,control_jul
2,2206.1603,control_jul
2,2206.4606,control_jul
2,2206.7609,control_jul
2,2207.0612,control_jul
2,2207.3616,control_jul
2,2207.6619,control_jul
2,2207.9622,control_jul
2,2208.2625,control_jul
2,2208.5628,control_jul
2,2208.8632,control_jul
2,2209.1635,control_jul
2,2209.4638,control_jul
2,2209.7641,control_jul
2,2210.0645,control_jul
2,2210.3648,control_jul
2,2210.6652,control_jul
2,2210.9654,control_jul
2,2211.5661,control_jul
2,2211.8664,control_jul
2,2212.1667,control_jul
2,2212.4671,control_jul
2,2212.7674,control_jul
2,2213.0677,control_jul
2,2213.368,control_jul
2,2213.6684,control_jul
2,2213.9686,control_jul
2,2214.269,control_jul
2,2214.5693,control_jul
2,2214.8696,control_jul
2,2215.17,control_jul
2,2215.4703,control_jul
2,2215.7706,control_jul
2,2216.0709,control_jul
2,2216.3712,control_jul
2,2216.6716,control_jul
2,2216.9719,control_jul
2,2217.2722,control_jul
2,2217.5725,control_jul
2,2217.8729,control_jul
2,2218.1901,control_jul
2,2218.4735,control_jul
2,2218.7739,control_jul
2,2219.0742,control_jul
2,2219.3745,control_jul
2,2219.6748,control_jul
2,2219.975,control_jul
2,2220.2755,control_jul
2,2220.5758,control_jul
2,2220.8761,control_jul
0,2221.1764,control_jul
2,2221.4767,control_jul
2,2221.777,control_jul
2,2222.0774,control_jul
2,2222.3777,control_jul
0,2222.678,control_jul
2,2222.9784,control_jul
2,2223.2787,control_jul
2,2223.579,control_jul
2,2223.8793,control_jul
2,2224.1796,control_jul
2,2224.48,control_jul
2,2224.7803,control_jul
2,2225.0806,control_jul
2,2225.3809,control_jul
2,2225.6813,control_jul
2,2225.9816,control_jul
2,2226.2819,control_jul
2,2226.5822,control_jul
2,2226.8825,control_jul
2,2227.1829,control_jul
2,2227.4831,control_jul
2,2227.7835,control_jul
2,2228.0838,control_jul
2,2228.3842,control_jul
2,2228.6845,control_jul
2,2228.9848,control_jul
2,2229.2851,control_jul
2,2229.5855,control_jul
2,2229.8858,control_jul
2,2230.1861,control_jul
2,2230.4864,control_jul
2,2230.7867,control_jul
2,2231.0871,control_jul
2,2231.3874,control_jul
2,2231.988,control_jul
2,2232.2883,control_jul
2,2232.5887,control_jul
0,2232.889,control_jul
2,2233.1893,control_jul
2,2233.4896,control_jul
2,2233.7899,control_jul
2,2234.0902,control_jul
2,2234.3906,control_jul
2,2234.6909,control_jul
2,2234.9912,control_jul
2,2235.2916,control_jul
2,2235.5919,control_jul
2,2235.8922,control_jul
2,2236.1925,control_jul
2,2236.4928,control_jul
2,2236.7932,control_jul
2,2237.0935,control_jul
2,2237.3938,control_jul
2,2237.6941,control_jul
2,2237.9945,control_jul
2,2238.2948,control_jul
2,2238.5951,control_jul
2,2238.8954,control_jul
2,2239.1957,control_jul
2,2239.4961,control_jul
2,2239.7964,control_jul
2,2240.0967,control_jul
2,2240.3971,control_jul
2,2240.6974,control_jul
2,2240.9977,control_jul
2,2241.298,control_jul
2,2241.5983,control_jul
2,2241.8986,control_jul
2,2242.1989,control_jul
2,2242.4993,control_jul
2,2243.1,control_jul
2,2243.4003,control_jul
2,2243.7006,control_jul
2,2244.0009,control_jul
2,2244.3012,control_jul
2,2244.6015,control_jul
2,2244.9018,control_jul
2,2245.2022,control_jul
2,2245.5025,control_jul
2,2245.8028,control_jul
2,2246.1031,control_jul
2,2246.4035,control_jul
2,2246.7038,control_jul
2,2247.0041,control_jul
2,2247.3044,control_jul
2,2247.6048,control_jul
2,2247.9051,control_jul
2,2248.2054,control_jul
2,2248.5057,control_jul
2,2248.806,control_jul
2,2249.1063,control_jul
2,2249.4067,control_jul
2,2249.7069,control_jul
2,2250.0074,control_jul
2,2250.3076,control_jul
2,2250.608,control_jul
2,2250.9083,control_jul
2,2251.2086,control_jul
2,2251.5089,control_jul
2,2251.8092,control_jul
2,2252.1096,control_jul
2,2252.4099,control_jul
2,2252.7102,control_jul
2,2253.0105,control_jul
2,2253.3108,control_jul
2,2253.6112,control_jul
0,2253.9115,control_jul
2,2254.2118,control_jul
2,2254.5121,control_jul
2,2254.8125,control_jul
2,2255.1128,control_jul
2,2255.4131,control_jul
2,2255.7134,control_jul
2,2256.0137,control_jul
2,2256.314,control_jul
2,2256.6144,control_jul
2,2256.9147,control_jul
2,2257.2151,control_jul
2,2257.5153,control_jul
2,2257.8156,control_jul
2,2258.116,control_jul
2,2258.4163,control_jul
2,2258.7166,control_jul
2,2259.0169,control_jul
2,2259.3173,control_jul
2,2259.6176,control_jul
2,2259.9179,control_jul
0,2260.2183,control_jul
2,2260.5186,control_jul
2,2260.8189,control_jul
2,2261.1192,control_jul
2,2261.4195,control_jul
2,2261.7199,control_jul
2,2262.0202,control_jul
2,2262.3205,control_jul
2,2262.6208,control_jul
2,2262.9211,control_jul
2,2263.2214,control_jul
2,2263.5218,control_jul
2,2263.822,control_jul
2,2264.1225,control_jul
2,2264.4228,control_jul
2,2264.7231,control_jul
2,2265.0234,control_jul
2,2265.3237,control_jul
2,2265.6241,control_jul
0,2265.9244,control_jul
2,2266.2247,control_jul
2,2266.525,control_jul
0,2266.8253,control_jul
2,2267.1256,control_jul
2,2267.4259,control_jul
2,2267.7263,control_jul
2,2268.0266,control_jul
2,2268.3269,control_jul
2,2268.6272,control_jul
2,2268.9276,control_jul
2,2269.2278,control_jul
2,2269.5282,control_jul
2,2269.8285,control_jul
2,2270.1289,control_jul
2,2270.4292,control_jul
0,2270.7295,control_jul
2,2271.0298,control_jul
2,2271.3301,control_jul
2,2271.6304,control_jul
2,2271.9308,control_jul
2,2272.2311,control_jul
2,2272.5314,control_jul
2,2272.8317,control_jul
2,2273.1321,control_jul
2,2273.4324,control_jul
2,2273.7327,control_jul
2,2274.033,control_jul
2,2274.3333,control_jul
2,2274.6336,control_jul
2,2274.934,control_jul
2,2275.2343,control_jul
2,2275.5347,control_jul
2,2275.8349,control_jul
2,2276.1353,control_jul
2,2276.4356,control_jul
2,2276.7359,control_jul
2,2277.0362,control_jul
2,2277.3365,control_jul
2,2277.6369,control_jul
2,2277.9372,control_jul
2,2278.2375,control_jul
2,2278.5378,control_jul
2,2278.8382,control_jul
2,2279.1385,control_jul
2,2279.4388,control_jul
2,2279.7391,control_jul
2,2280.0395,control_jul
2,2280.3398,control_jul
2,2280.6401,control_jul
2,2280.9404,control_jul
2,2281.2408,control_jul
2,2281.541,control_jul
2,2281.8414,control_jul
2,2282.1417,control_jul
2,2282.442,control_jul
2,2282.7423,control_jul
2,2283.0426,control_jul
2,2283.343,control_jul
2,2283.6433,control_jul
2,2283.9436,control_jul
2,2284.2439,control_jul
2,2284.5443,control_jul
2,2284.8446,control_jul
2,2285.1449,control_jul
2,2285.4452,control_jul
2,2285.7456,control_jul
2,2286.0459,control_jul
2,2286.3462,control_jul
2,2286.6465,control_jul
2,2286.9469,control_jul
2,2287.2472,control_jul
2,2287.5475,control_jul
2,2287.8478,control_jul
2,2288.1481,control_jul
2,2288.4485,control_jul
2,2288.7488,control_jul
2,2289.0491,control_jul
0,2289.3494,control_jul
2,2289.6497,control_jul
2,2289.9501,control_jul
2,2290.2504,control_jul
2,2290.5507,control_jul
0,2290.851,control_jul
2,2291.1514,control_jul
2,2291.4517,control_jul
2,2291.752,control_jul
2,2292.0523,control_jul
2,2292.3526,control_jul
0,2292.653,control_jul
2,2292.9533,control_jul
2,2293.2536,control_jul
2,2293.5539,control_jul
2,2293.8543,control_jul
2,2294.1545,control_jul
2,2294.4548,control_jul
2,2294.7552,control_jul
2,2295.0555,control_jul
2,2295.3558,control_jul
2,2295.6562,control_jul
2,2295.9565,control_jul
2,2296.2568,control_jul
2,2296.5572,control_jul
2,2296.8575,control_jul
2,2297.1578,control_jul
2,2297.4581,control_jul
2,2297.7584,control_jul
2,2298.0587,control_jul
2,2298.3591,control_jul
2,2298.6594,control_jul
2,2298.9597,control_jul
2,2299.26,control_jul
2,2299.5603,control_jul
2,2299.8607,control_jul
2,2300.161,control_jul
2,2300.4613,control_jul
2,2300.7616,control_jul
2,2301.062,control_jul
2,2301.3623,control_jul
2,2301.6626,control_jul
2,2301.9629,control_jul
0,2302.2632,control_jul
0,2302.5635,control_jul
2,2302.8639,control_jul
2,2303.1642,control_jul
2,2303.4645,control_jul
2,2303.7648,control_jul
2,2304.0652,control_jul
2,2304.3655,control_jul
2,2304.6658,control_jul
2,2304.9661,control_jul
2,2305.2664,control_jul
2,2305.5668,control_jul
2,2305.867,control_jul
2,2306.1674,control_jul
2,2306.4677,control_jul
2,2306.7681,control_jul
2,2307.0684,control_jul
2,2307.3687,control_jul
2,2307.669,control_jul
0,2307.9694,control_jul
2,2308.2696,control_jul
2,2308.57,control_jul
2,2308.8703,control_jul
2,2309.1706,control_jul
2,2309.471,control_jul
2,2309.7713,control_jul
2,2310.0716,control_jul
2,2310.3719,control_jul
2,2310.6722,control_jul
2,2310.9725,control_jul
2,2311.2728,control_jul
2,2311.5732,control_jul
2,2311.8735,control_jul
2,2312.1739,control_jul
2,2312.4741,control_jul
2,2312.7745,control_jul
2,2313.0748,control_jul
2,2313.3751,control_jul
2,2313.6755,control_jul
2,2313.9757,control_jul
2,2314.2761,control_jul
2,2314.5764,control_jul
2,2314.8767,control_jul
2,2315.1771,control_jul
2,2315.4773,control_jul
2,2315.7777,control_jul
2,2316.078,control_jul
2,2316.3783,control_jul
2,2316.6786,control_jul
2,2316.979,control_jul
2,2317.2793,control_jul
2,2317.5796,control_jul
2,2317.8799,control_jul
2,2318.1803,control_jul
2,2318.4806,control_jul
2,2318.7809,control_jul
2,2319.0812,control_jul
2,2319.3815,control_jul
2,2319.6818,control_jul
0,2319.9822,control_jul
2,2320.2825,control_jul
2,2320.5828,control_jul
2,2320.8831,control_jul
2,2321.1834,control_jul
2,2321.4837,control_jul
2,2321.7841,control_jul
2,2322.0844,control_jul
2,2322.3847,control_jul
2,2322.6851,control_jul
2,2322.9854,control_jul
2,2323.2857,control_jul
2,2323.5861,control_jul
2,2323.8864,control_jul
2,2324.1867,control_jul
2,2324.487,control_jul
2,2324.7873,control_jul
2,2325.0876,control_jul
0,2325.388,control_jul
2,2325.6883,control_jul
2,2325.9887,control_jul
2,2326.289,control_jul
2,2326.5892,control_jul
2,2326.8895,control_jul
2,2327.1899,control_jul
2,2327.4902,control_jul
2,2327.7905,control_jul
2,2328.0908,control_jul
2,2328.3912,control_jul
2,2328.6915,control_jul
2,2328.9918,control_jul
2,2329.2922,control_jul
2,2329.5925,control_jul
2,2329.8928,control_jul
2,2330.1931,control_jul
2,2330.4935,control_jul
2,2330.7937,control_jul
2,2331.0941,control_jul
2,2331.3944,control_jul
2,2331.6948,control_jul
2,2331.995,control_jul
2,2332.2954,control_jul
2,2332.5957,control_jul
2,2332.896,control_jul
2,2333.1964,control_jul
2,2333.4967,control_jul
2,2333.797,control_jul
2,2334.0973,control_jul
2,2334.3976,control_jul
2,2334.698,control_jul
2,2334.9983,control_jul
0,2335.2986,control_jul
2,2335.5989,control_jul
2,2335.8992,control_jul
2,2336.1996,control_jul
2,2336.4999,control_jul
2,2336.8002,control_jul
0,2337.1005,control_jul
2,2337.4009,control_jul
2,2337.7012,control_jul
2,2338.0015,control_jul
2,2338.3018,control_jul
2,2338.6021,control_jul
2,2338.9025,control_jul
2,2339.2028,control_jul
2,2339.5031,control_jul
2,2339.8034,control_jul
2,2340.1038,control_jul
2,2340.4041,control_jul
2,2340.7044,control_jul
2,2341.0047,control_jul
2,2341.305,control_jul
2,2341.6054,control_jul
2,2341.9057,control_jul
2,2342.206,control_jul
2,2342.5064,control_jul
2,2342.8067,control_jul
2,2343.1069,control_jul
2,2343.4073,control_jul
2,2343.7076,control_jul
2,2344.0079,control_jul
2,2344.3083,control_jul
0,2344.6086,control_jul
2,2344.9089,control_jul
2,2345.2092,control_jul
0,2345.5096,control_jul
2,2345.8099,control_jul
2,2346.1101,control_jul
2,2346.4105,control_jul
0,2346.7108,control_jul
2,2347.0111,control_jul
0,2347.3115,control_jul
2,2347.6119,control_jul
2,2347.9121,control_jul
2,2348.218,control_jul
2,2348.5127,control_jul
2,2348.8131,control_jul
2,2349.1134,control_jul
2,2349.4138,control_jul
2,2349.714,control_jul
2,2350.0144,control_jul
2,2350.3147,control_jul
2,2350.6151,control_jul
2,2350.9154,control_jul
2,2351.2157,control_jul
2,2351.5159,control_jul
2,2351.8163,control_jul
2,2352.1166,control_jul
2,2352.417,control_jul
2,2352.7172,control_jul
2,2353.0176,control_jul
2,2353.3179,control_jul
2,2353.6182,control_jul
2,2353.9185,control_jul
2,2354.2189,control_jul
2,2354.5192,control_jul
0,2354.8195,control_jul
2,2355.1198,control_jul
2,2355.4202,control_jul
2,2355.7205,control_jul
2,2356.0208,control_jul
2,2356.3211,control_jul
2,2356.6214,control_jul
2,2356.9218,control_jul
2,2357.2221,control_jul
2,2357.5224,control_jul
2,2357.8228,control_jul
2,2358.123,control_jul
2,2358.4234,control_jul
2,2358.7237,control_jul
0,2359.024,control_jul
2,2359.3243,control_jul
2,2359.6247,control_jul
2,2359.925,control_jul
2,2360.2253,control_jul
2,2360.5257,control_jul
2,2360.826,control_jul
2,2361.1263,control_jul
2,2361.4266,control_jul
2,2361.7269,control_jul
2,2362.0273,control_jul
2,2362.3276,control_jul
2,2362.6279,control_jul
2,2362.9282,control_jul
2,2363.2285,control_jul
2,2363.5288,control_jul
2,2363.8292,control_jul
2,2364.1295,control_jul
2,2364.4298,control_jul
2,2364.7301,control_jul
2,2365.0305,control_jul
2,2365.3308,control_jul
2,2365.6311,control_jul
2,2365.9315,control_jul
2,2366.2318,control_jul
2,2366.5321,control_jul
2,2366.8324,control_jul
2,2367.1327,control_jul
2,2367.433,control_jul
2,2367.7333,control_jul
2,2368.0337,control_jul
2,2368.334,control_jul
2,2368.6343,control_jul
2,2368.9347,control_jul
2,2369.235,control_jul
2,2369.5353,control_jul
2,2369.8356,control_jul
2,2370.1359,control_jul
2,2370.4363,control_jul
2,2370.7366,control_jul
2,2371.0369,control_jul
2,2371.3372,control_jul
2,2371.6375,control_jul
2,2371.9379,control_jul
2,2372.2382,control_jul
2,2372.5385,control_jul
2,2372.8388,control_jul
2,2373.1391,control_jul
2,2373.4395,control_jul
2,2373.7398,control_jul
2,2374.0401,control_jul
2,2374.3405,control_jul
2,2374.6408,control_jul
2,2374.9411,control_jul
2,2375.2414,control_jul
2,2375.5418,control_jul
2,2375.8421,control_jul
2,2376.1424,control_jul
2,2376.4427,control_jul
2,2376.743,control_jul
2,2377.0434,control_jul
2,2377.3436,control_jul
2,2377.644,control_jul
2,2377.9443,control_jul
0,2378.2446,control_jul
2,2378.545,control_jul
2,2378.8453,control_jul
2,2379.1456,control_jul
2,2379.4459,control_jul
2,2379.7462,control_jul
2,2380.0466,control_jul
2,2380.3469,control_jul
2,2380.6472,control_jul
2,2380.9475,control_jul
2,2381.2478,control_jul
2,2381.5482,control_jul
2,2381.8485,control_jul
2,2382.1488,control_jul
2,2382.4492,control_jul
2,2382.7495,control_jul
2,2383.0498,control_jul
2,2383.35,control_jul
2,2383.6504,control_jul
2,2383.9508,control_jul
2,2384.2511,control_jul
0,2384.5514,control_jul
2,2384.8516,control_jul
2,2385.152,control_jul
2,2385.4523,control_jul
2,2385.7526,control_jul
2,2386.053,control_jul
2,2386.3533,control_jul
2,2386.6536,control_jul
2,2386.9539,control_jul
2,2387.2542,control_jul
0,2387.5546,control_jul
2,2387.8549,control_jul
2,2388.1553,control_jul
2,2388.4556,control_jul
2,2388.7558,control_jul
2,2389.0562,control_jul
2,2389.3565,control_jul
2,2389.6568,control_jul
2,2389.9572,control_jul
2,2390.2575,control_jul
2,2390.5578,control_jul
2,2390.8581,control_jul
2,2391.1584,control_jul
2,2391.4588,control_jul
2,2391.7591,control_jul
2,2392.0594,control_jul
2,2392.3597,control_jul
2,2392.66,control_jul
2,2392.9604,control_jul
2,2393.2607,control_jul
2,2393.5611,control_jul
2,2393.8613,control_jul
2,2394.1617,control_jul
2,2394.462,control_jul
0,2394.7623,control_jul
2,2395.0626,control_jul
2,2395.3629,control_jul
2,2395.6632,control_jul
2,2395.9636,control_jul
2,2396.2639,control_jul
2,2396.5642,control_jul
2,2396.8645,control_jul
0,2397.1649,control_jul
2,2397.7655,control_jul
2,2398.0659,control_jul
2,2398.3661,control_jul
2,2398.6664,control_jul
2,2398.9668,control_jul
2,2399.2671,control_jul
2,2399.5674,control_jul
2,2399.8677,control_jul
2,2400.1681,control_jul
2,2400.4684,control_jul
2,2400.7687,control_jul
2,2401.0691,control_jul
2,2401.3694,control_jul
2,2401.6697,control_jul
2,2401.97,control_jul
2,2402.2703,control_jul
2,2402.5707,control_jul
2,2402.8709,control_jul
2,2403.1713,control_jul
2,2403.4716,control_jul
2,2403.772,control_jul
2,2404.0722,control_jul
2,2404.3725,control_jul
2,2404.6785,control_jul
2,2404.9732,control_jul
2,2405.2735,control_jul
2,2405.5739,control_jul
0,2405.8741,control_jul
2,2406.1745,control_jul
2,2406.4748,control_jul
2,2406.7751,control_jul
2,2407.0755,control_jul
2,2407.3757,control_jul
2,2407.6761,control_jul
2,2407.9764,control_jul
2,2408.2767,control_jul
2,2408.5771,control_jul
2,2408.8773,control_jul
2,2409.1777,control_jul
2,2409.478,control_jul
2,2409.7783,control_jul
2,2410.0787,control_jul
2,2410.379,control_jul
2,2410.6793,control_jul
2,2410.9796,control_jul
2,2411.2799,control_jul
2,2411.5802,control_jul
0,2411.8806,control_jul
2,2412.1809,control_jul
2,2412.4812,control_jul
0,2412.7816,control_jul
2,2413.0819,control_jul
2,2413.3822,control_jul
2,2413.6825,control_jul
2,2413.9828,control_jul
2,2414.2831,control_jul
2,2414.5835,control_jul
2,2414.8838,control_jul
2,2415.1842,control_jul
2,2415.4844,control_jul
2,2415.7848,control_jul
2,2416.0851,control_jul
2,2416.3854,control_jul
2,2416.6857,control_jul
0,2416.9861,control_jul
2,2417.2864,control_jul
2,2417.5867,control_jul
2,2417.887,control_jul
2,2418.1873,control_jul
2,2418.4876,control_jul
2,2418.788,control_jul
2,2419.0883,control_jul
2,2419.3886,control_jul
2,2419.6889,control_jul
2,2419.9892,control_jul
2,2420.2896,control_jul
2,2420.5899,control_jul
2,2420.8902,control_jul
0,2421.1905,control_jul
2,2421.4908,control_jul
2,2421.7912,control_jul
2,2422.0915,control_jul
2,2422.3918,control_jul
2,2422.6921,control_jul
2,2422.9925,control_jul
2,2423.2928,control_jul
2,2423.5931,control_jul
2,2423.8934,control_jul
2,2424.1938,control_jul
2,2424.4941,control_jul
2,2424.7944,control_jul
2,2425.0947,control_jul
2,2425.395,control_jul
2,2425.6954,control_jul
2,2425.9956,control_jul
2,2426.296,control_jul
2,2426.5964,control_jul
2,2426.8966,control_jul
2,2427.197,control_jul
2,2427.4973,control_jul
2,2427.7976,control_jul
2,2428.0979,control_jul
2,2428.3983,control_jul
2,2428.6986,control_jul
2,2428.9989,control_jul
2,2429.2992,control_jul
2,2429.5995,control_jul
2,2429.8998,control_jul
2,2430.2002,control_jul
2,2430.5005,control_jul
2,2430.8008,control_jul
2,2431.1012,control_jul
2,2431.4014,control_jul
2,2431.7018,control_jul
2,2432.0021,control_jul
2,2432.3024,control_jul
2,2432.6027,control_jul
2,2432.9031,control_jul
2,2433.2034,control_jul
2,2433.5037,control_jul
2,2433.804,control_jul
2,2434.1043,control_jul
2,2434.4047,control_jul
2,2434.705,control_jul
2,2435.0053,control_jul
2,2435.3056,control_jul
2,2435.6059,control_jul
2,2435.9063,control_jul
2,2436.2066,control_jul
2,2436.5069,control_jul
2,2436.8072,control_jul
2,2437.1121,control_jul
2,2437.4079,control_jul
2,2437.7082,control_jul
2,2438.0085,control_jul
2,2438.3088,control_jul
2,2438.6092,control_jul
2,2438.9095,control_jul
2,2439.2098,control_jul
2,2439.5101,control_jul
2,2439.8105,control_jul
2,2440.1108,control_jul
2,2440.4111,control_jul
2,2440.7115,control_jul
2,2441.0117,control_jul
2,2441.3121,control_jul
2,2441.6124,control_jul
2,2441.9127,control_jul
2,2442.2131,control_jul
2,2442.5133,control_jul
2,2442.8137,control_jul
2,2443.114,control_jul
2,2443.4143,control_jul
2,2443.7147,control_jul
2,2444.0149,control_jul
2,2444.3153,control_jul
2,2444.6156,control_jul
2,2444.9159,control_jul
2,2445.2163,control_jul
2,2445.5165,control_jul
2,2445.8169,control_jul
2,2446.1172,control_jul
0,2446.4175,control_jul
0,2446.7178,control_jul
2,2447.0182,control_jul
2,2447.3185,control_jul
2,2447.6188,control_jul
2,2447.9192,control_jul
2,2448.2195,control_jul
2,2448.5198,control_jul
2,2448.8201,control_jul
2,2449.1204,control_jul
2,2449.4207,control_jul
2,2449.7211,control_jul
2,2450.0214,control_jul
2,2450.3217,control_jul
2,2450.622,control_jul
2,2450.9224,control_jul
2,2451.2227,control_jul
2,2451.523,control_jul
2,2451.8234,control_jul
2,2452.1237,control_jul
2,2452.424,control_jul
0,2452.7243,control_jul
2,2453.0246,control_jul
2,2453.325,control_jul
2,2453.6253,control_jul
0,2453.9256,control_jul
2,2454.226,control_jul
2,2454.5263,control_jul
2,2454.8266,control_jul
2,2455.1269,control_jul
2,2455.4272,control_jul
2,2455.7275,control_jul
2,2456.0278,control_jul
2,2456.3282,control_jul
2,2456.6285,control_jul
2,2456.9289,control_jul
2,2457.2292,control_jul
2,2457.5295,control_jul
2,2457.8298,control_jul
2,2458.1301,control_jul
2,2458.4305,control_jul
2,2458.7308,control_jul
2,2459.0311,control_jul
2,2459.3314,control_jul
2,2459.6317,control_jul
2,2459.932,control_jul
2,2460.2324,control_jul
2,2460.5327,control_jul
2,2460.8331,control_jul
2,2461.1333,control_jul
2,2461.4337,control_jul
2,2461.734,control_jul
2,2462.0343,control_jul
2,2462.3347,control_jul
2,2462.6349,control_jul
2,2462.9353,control_jul
2,2463.2356,control_jul
2,2463.5359,control_jul
2,2463.8363,control_jul
0,2464.1366,control_jul
2,2464.4369,control_jul
2,2464.7372,control_jul
2,2465.0375,control_jul
2,2465.3378,control_jul
2,2465.6381,control_jul
2,2465.9385,control_jul
2,2466.2388,control_jul
2,2466.5392,control_jul
2,2466.8395,control_jul
2,2467.1398,control_jul
2,2467.4401,control_jul
2,2467.7404,control_jul
2,2468.0407,control_jul
2,2468.3411,control_jul
0,2468.6414,control_jul
2,2468.9417,control_jul
2,2469.2421,control_jul
2,2469.5424,control_jul
2,2469.8427,control_jul
2,2470.143,control_jul
2,2470.4434,control_jul
2,2470.7437,control_jul
2,2471.044,control_jul
2,2471.3443,control_jul
2,2471.6446,control_jul
0,2471.9449,control_jul
2,2472.2453,control_jul
2,2472.5456,control_jul
2,2472.8459,control_jul
2,2473.1463,control_jul
2,2473.4466,control_jul
2,2473.7469,control_jul
2,2474.0473,control_jul
2,2474.3475,control_jul
2,2474.6478,control_jul
2,2474.9482,control_jul
2,2475.2485,control_jul
2,2475.5488,control_jul
2,2475.8492,control_jul
2,2476.1495,control_jul
2,2476.4498,control_jul
2,2476.7501,control_jul
2,2477.0504,control_jul
2,2477.3508,control_jul
2,2477.6511,control_jul
2,2477.9514,control_jul
2,2478.2517,control_jul
2,2478.5521,control_jul
2,2478.8524,control_jul
2,2479.1527,control_jul
2,2479.4531,control_jul
2,2479.7534,control_jul
2,2480.0537,control_jul
2,2480.354,control_jul
2,2480.6543,control_jul
2,2480.9547,control_jul
2,2481.255,control_jul
2,2481.5553,control_jul
2,2481.8556,control_jul
2,2482.1559,control_jul
2,2482.4563,control_jul
2,2482.7566,control_jul
2,2483.0569,control_jul
2,2483.3572,control_jul
2,2483.6576,control_jul
2,2483.9579,control_jul
2,2484.2582,control_jul
2,2484.5585,control_jul
2,2484.8588,control_jul
2,2485.1592,control_jul
2,2485.4595,control_jul
0,2485.7598,control_jul
2,2486.0601,control_jul
2,2486.3604,control_jul
2,2486.6608,control_jul
2,2486.9611,control_jul
2,2487.2614,control_jul
2,2487.5618,control_jul
2,2487.8621,control_jul
2,2488.1624,control_jul
2,2488.4627,control_jul
2,2488.763,control_jul
0,2489.0634,control_jul
0,2489.3637,control_jul
2,2489.664,control_jul
2,2489.9643,control_jul
2,2490.2647,control_jul
2,2490.565,control_jul
2,2490.8653,control_jul
2,2491.1656,control_jul
2,2491.466,control_jul
2,2491.7663,control_jul
2,2492.0666,control_jul
2,2492.3669,control_jul
2,2492.6673,control_jul
2,2492.9676,control_jul
2,2493.2679,control_jul
0,2493.5682,control_jul
2,2493.8685,control_jul
2,2494.1688,control_jul
2,2494.4692,control_jul
2,2494.7695,control_jul
2,2495.0698,control_jul
2,2495.3701,control_jul
2,2495.6705,control_jul
2,2495.9708,control_jul
2,2496.2711,control_jul
2,2496.5714,control_jul
2,2496.8718,control_jul
2,2497.1721,control_jul
0,2497.4724,control_jul
2,2497.7728,control_jul
2,2498.0731,control_jul
2,2498.3734,control_jul
2,2498.6737,control_jul
2,2498.974,control_jul
2,2499.2743,control_jul
2,2499.5747,control_jul
2,2499.875,control_jul
2,2500.1753,control_jul
2,2500.4757,control_jul
2,2500.776,control_jul
2,2501.0763,control_jul
2,2501.3766,control_jul
2,2501.6769,control_jul
2,2501.9772,control_jul
2,2502.2775,control_jul
2,2502.5779,control_jul
2,2502.8782,control_jul
2,2503.1785,control_jul
2,2503.4788,control_jul
2,2503.7792,control_jul
2,2504.0795,control_jul
2,2504.3798,control_jul
2,2504.6802,control_jul
2,2504.9805,control_jul
2,2505.2808,control_jul
2,2505.5812,control_jul
2,2505.8814,control_jul
2,2506.1818,control_jul
2,2506.4821,control_jul
2,2506.7824,control_jul
2,2507.0827,control_jul
2,2507.383,control_jul
2,2507.6834,control_jul
2,2507.9837,control_jul
2,2508.284,control_jul
2,2508.5843,control_jul
2,2508.8847,control_jul
2,2509.185,control_jul
2,2509.4853,control_jul
2,2509.7856,control_jul
2,2510.0859,control_jul
2,2510.3863,control_jul
2,2510.6866,control_jul
2,2510.9869,control_jul
2,2511.2872,control_jul
2,2511.5876,control_jul
2,2511.8879,control_jul
2,2512.1882,control_jul
2,2512.4885,control_jul
2,2512.7889,control_jul
2,2513.0892,control_jul
2,2513.3895,control_jul
2,2513.6898,control_jul
2,2513.9901,control_jul
2,2514.2905,control_jul
2,2514.5908,control_jul
2,2514.8912,control_jul
2,2515.1915,control_jul
2,2515.4918,control_jul
2,2515.7921,control_jul
2,2516.0924,control_jul
2,2516.3927,control_jul
2,2516.6931,control_jul
2,2516.9934,control_jul
2,2517.2937,control_jul
2,2517.594,control_jul
2,2517.8943,control_jul
2,2518.1947,control_jul
2,2518.495,control_jul
2,2518.7953,control_jul
2,2519.0956,control_jul
2,2519.396,control_jul
2,2519.6964,control_jul
2,2519.9966,control_jul
2,2520.297,control_jul
2,2520.5973,control_jul
2,2520.8976,control_jul
2,2521.1979,control_jul
2,2521.4983,control_jul
2,2521.7986,control_jul
2,2522.0989,control_jul
2,2522.3992,control_jul
2,2522.6995,control_jul
2,2522.9999,control_jul
2,2523.3002,control_jul
2,2523.6005,control_jul
2,2523.9008,control_jul
2,2524.2012,control_jul
2,2524.5015,control_jul
2,2524.8018,control_jul
2,2525.1021,control_jul
2,2525.4024,control_jul
2,2525.7028,control_jul
2,2526.0031,control_jul
2,2526.3034,control_jul
2,2526.6038,control_jul
2,2526.9041,control_jul
2,2527.2044,control_jul
2,2527.5047,control_jul
2,2527.8051,control_jul
2,2528.1054,control_jul
2,2528.4057,control_jul
2,2528.706,control_jul
2,2529.0064,control_jul
2,2529.3067,control_jul
2,2529.607,control_jul
2,2529.9073,control_jul
2,2530.2076,control_jul
2,2530.5079,control_jul
2,2530.8083,control_jul
2,2531.1086,control_jul
2,2531.409,control_jul
2,2531.7093,control_jul
2,2532.0096,control_jul
2,2532.3099,control_jul
2,2532.6102,control_jul
2,2532.9106,control_jul
2,2533.2108,control_jul
2,2533.5112,control_jul
2,2533.8116,control_jul
2,2534.1119,control_jul
2,2534.4122,control_jul
2,2534.7125,control_jul
2,2535.0129,control_jul
2,2535.3132,control_jul
2,2535.6135,control_jul
2,2535.9138,control_jul
2,2536.2141,control_jul
2,2536.5145,control_jul
2,2536.8148,control_jul
2,2537.1151,control_jul
2,2537.4155,control_jul
2,2537.7158,control_jul
2,2538.0161,control_jul
2,2538.3164,control_jul
2,2538.6168,control_jul
2,2538.9171,control_jul
2,2539.2174,control_jul
2,2539.5177,control_jul
2,2539.818,control_jul
2,2540.1183,control_jul
2,2540.4187,control_jul
2,2540.719,control_jul
2,2541.0193,control_jul
0,2541.3196,control_jul
2,2541.6199,control_jul
0,2541.9204,control_jul
0,2542.2206,control_jul
2,2542.521,control_jul
2,2542.8213,control_jul
2,2543.1216,control_jul
2,2543.422,control_jul
2,2543.7222,control_jul
2,2544.0226,control_jul
2,2544.3229,control_jul
2,2544.6233,control_jul
2,2544.9236,control_jul
2,2545.2239,control_jul
2,2545.5242,control_jul
2,2545.8245,control_jul
2,2546.1249,control_jul
2,2546.4252,control_jul
2,2546.7255,control_jul
2,2547.0259,control_jul
2,2547.3262,control_jul
2,2547.6265,control_jul
2,2547.9268,control_jul
2,2548.2272,control_jul
2,2548.5275,control_jul
2,2548.8278,control_jul
2,2549.1282,control_jul
2,2549.4284,control_jul
2,2549.7288,control_jul
2,2550.0291,control_jul
2,2550.3294,control_jul
2,2550.6298,control_jul
2,2550.93,control_jul
2,2551.2304,control_jul
2,2551.5308,control_jul
2,2551.8311,control_jul
2,2552.1314,control_jul
2,2552.4317,control_jul
2,2552.7321,control_jul
2,2553.0324,control_jul
2,2553.3327,control_jul
2,2553.633,control_jul
2,2553.9333,control_jul
2,2554.2336,control_jul
2,2554.534,control_jul
2,2554.8343,control_jul
2,2555.1346,control_jul
0,2555.4349,control_jul
0,2555.7353,control_jul
2,2556.0356,control_jul
2,2556.336,control_jul
2,2556.6363,control_jul
2,2556.9366,control_jul
2,2557.2369,control_jul
2,2557.5372,control_jul
2,2557.8375,control_jul
2,2558.1378,control_jul
2,2558.4382,control_jul
2,2558.7386,control_jul
2,2559.0389,control_jul
2,2559.3392,control_jul
2,2559.6395,control_jul
2,2559.9398,control_jul
0,2560.2401,control_jul
0,2560.5405,control_jul
2,2560.8408,control_jul
2,2561.1412,control_jul
0,2561.4414,control_jul
2,2561.7418,control_jul
2,2562.0421,control_jul
2,2562.3424,control_jul
2,2562.6428,control_jul
2,2562.943,control_jul
2,2563.2434,control_jul
2,2563.5437,control_jul
2,2563.8441,control_jul
2,2564.1444,control_jul
2,2564.4447,control_jul
2,2564.745,control_jul
2,2565.0453,control_jul
2,2565.3457,control_jul
2,2565.646,control_jul
2,2565.9463,control_jul
2,2566.2467,control_jul
2,2566.547,control_jul
2,2566.8473,control_jul
2,2567.1476,control_jul
2,2567.4479,control_jul
2,2567.7483,control_jul
2,2568.0486,control_jul
2,2568.3489,control_jul
2,2568.6492,control_jul
2,2568.9496,control_jul
2,2569.2499,control_jul
2,2569.5502,control_jul
0,2569.8506,control_jul
2,2570.1508,control_jul
2,2570.4512,control_jul
2,2570.7515,control_jul
2,2571.0518,control_jul
2,2571.3522,control_jul
0,2571.6525,control_jul
2,2571.9528,control_jul
2,2572.2531,control_jul
2,2572.5534,control_jul
2,2572.8538,control_jul
2,2573.154,control_jul
2,2573.4544,control_jul
2,2573.7547,control_jul
2,2574.0551,control_jul
2,2574.3554,control_jul
2,2574.6557,control_jul
2,2574.956,control_jul
2,2575.2564,control_jul
2,2575.5567,control_jul
2,2575.857,control_jul
2,2576.1573,control_jul
2,2576.4576,control_jul
2,2576.7579,control_jul
2,2577.0583,control_jul
2,2577.3586,control_jul
2,2577.6589,control_jul
2,2577.9593,control_jul
2,2578.2596,control_jul
2,2578.5599,control_jul
2,2578.8603,control_jul
2,2579.1606,control_jul
2,2579.4609,control_jul
2,2579.7612,control_jul
2,2580.0616,control_jul
2,2580.3619,control_jul
2,2580.6622,control_jul
2,2580.9625,control_jul
2,2581.2629,control_jul
2,2581.5632,control_jul
2,2581.8635,control_jul
2,2582.1638,control_jul
2,2582.4641,control_jul
2,2582.7645,control_jul
2,2583.0648,control_jul
2,2583.3651,control_jul
2,2583.6654,control_jul
2,2583.9658,control_jul
2,2584.2661,control_jul
2,2584.5664,control_jul
2,2584.8667,control_jul
2,2585.1671,control_jul
2,2585.4674,control_jul
2,2585.7677,control_jul
2,2586.068,control_jul
2,2586.3683,control_jul
2,2586.6687,control_jul
2,2586.969,control_jul
2,2587.2693,control_jul
2,2587.5697,control_jul
2,2587.87,control_jul
2,2588.1703,control_jul
2,2588.4706,control_jul
2,2588.771,control_jul
2,2589.0713,control_jul
2,2589.3716,control_jul
2,2589.6719,control_jul
2,2589.9723,control_jul
2,2590.2725,control_jul
2,2590.5729,control_jul
2,2590.8732,control_jul
2,2591.1735,control_jul
2,2591.4738,control_jul
2,2591.7741,control_jul
2,2592.0745,control_jul
2,2592.3748,control_jul
2,2592.6752,control_jul
2,2592.9755,control_jul
2,2593.2758,control_jul
2,2593.5817,control_jul
2,2593.8764,control_jul
2,2594.1767,control_jul
2,2594.4771,control_jul
2,2594.7774,control_jul
0,2595.0777,control_jul
2,2595.3781,control_jul
2,2595.6784,control_jul
2,2595.9787,control_jul
2,2596.279,control_jul
2,2596.5793,control_jul
2,2596.8797,control_jul
2,2597.18,control_jul
2,2597.4804,control_jul
2,2597.7807,control_jul
2,2598.0809,control_jul
2,2598.3813,control_jul
0,2598.6817,control_jul
2,2598.9819,control_jul
0,2599.2823,control_jul
0,2599.5826,control_jul
2,2599.8829,control_jul
2,2600.1832,control_jul
2,2600.4835,control_jul
2,2600.7839,control_jul
2,2601.0842,control_jul
2,2601.3845,control_jul
2,2601.6849,control_jul
2,2601.9852,control_jul
2,2602.2855,control_jul
2,2602.5858,control_jul
2,2602.8861,control_jul
2,2603.1865,control_jul
2,2603.4868,control_jul
2,2603.7871,control_jul
2,2604.0874,control_jul
2,2604.3877,control_jul
0,2604.6881,control_jul
2,2604.9884,control_jul
2,2605.2887,control_jul
2,2605.5891,control_jul
2,2605.8893,control_jul
2,2606.1897,control_jul
2,2606.49,control_jul
2,2606.7903,control_jul
2,2607.0907,control_jul
2,2607.391,control_jul
2,2607.6913,control_jul
2,2607.9916,control_jul
2,2608.2919,control_jul
2,2608.5923,control_jul
0,2608.8926,control_jul
2,2609.1929,control_jul
2,2609.4933,control_jul
2,2609.7936,control_jul
2,2610.0939,control_jul
2,2610.3942,control_jul
2,2610.6946,control_jul
2,2610.9948,control_jul
0,2611.2952,control_jul
2,2611.5955,control_jul
0,2611.8958,control_jul
0,2612.1961,control_jul
2,2612.4965,control_jul
2,2612.7968,control_jul
2,2613.0971,control_jul
2,2613.3975,control_jul
2,2613.6978,control_jul
2,2613.9981,control_jul
2,2614.2984,control_jul
2,2614.5988,control_jul
2,2614.8991,control_jul
2,2615.1994,control_jul
2,2615.4997,control_jul
2,2615.8,control_jul
2,2616.1003,control_jul
2,2616.4006,control_jul
2,2616.701,control_jul
2,2617.0013,control_jul
0,2617.3017,control_jul
2,2617.602,control_jul
2,2617.9023,control_jul
2,2618.2026,control_jul
2,2618.5029,control_jul
2,2618.8033,control_jul
2,2619.1036,control_jul
2,2619.4039,control_jul
2,2619.7042,control_jul
2,2620.0046,control_jul
2,2620.3049,control_jul
2,2620.6052,control_jul
2,2620.9055,control_jul
2,2621.2059,control_jul
2,2621.5062,control_jul
2,2621.8065,control_jul
2,2622.1068,control_jul
2,2622.4071,control_jul
2,2622.7075,control_jul
2,2623.0078,control_jul
2,2623.3081,control_jul
2,2623.6084,control_jul
2,2623.9088,control_jul
2,2624.2091,control_jul
2,2624.5094,control_jul
2,2624.8097,control_jul
0,2625.11,control_jul
2,2625.4104,control_jul
0,2625.7107,control_jul
2,2626.011,control_jul
2,2626.3114,control_jul
2,2626.6116,control_jul
2,2626.912,control_jul
2,2627.2123,control_jul
2,2627.5126,control_jul
0,2627.813,control_jul
2,2628.1133,control_jul
2,2628.4136,control_jul
2,2628.7139,control_jul
2,2629.0142,control_jul
2,2629.3146,control_jul
2,2629.6149,control_jul
2,2629.9152,control_jul
2,2630.2155,control_jul
2,2630.5159,control_jul
2,2630.8162,control_jul
2,2631.1165,control_jul
2,2631.4168,control_jul
2,2631.7172,control_jul
2,2632.0203,control_jul
2,2632.3178,control_jul
2,2632.6181,control_jul
2,2632.9184,control_jul
2,2633.2188,control_jul
2,2633.5192,control_jul
2,2633.8194,control_jul
2,2634.1198,control_jul
0,2634.4201,control_jul
2,2634.7204,control_jul
2,2635.0207,control_jul
2,2635.321,control_jul
2,2635.6213,control_jul
2,2635.9217,control_jul
2,2636.222,control_jul
2,2636.5223,control_jul
2,2636.8227,control_jul
2,2637.123,control_jul
2,2637.4233,control_jul
2,2637.7236,control_jul
2,2638.0239,control_jul
2,2638.3243,control_jul
2,2638.6246,control_jul
2,2638.9249,control_jul
2,2639.2253,control_jul
0,2639.5255,control_jul
2,2639.8259,control_jul
2,2640.1262,control_jul
0,2640.4265,control_jul
2,2640.7268,control_jul
2,2641.0272,control_jul
2,2641.3275,control_jul
0,2641.6278,control_jul
2,2641.9282,control_jul
2,2642.2285,control_jul
2,2642.5288,control_jul
0,2642.8291,control_jul
0,2643.1294,control_jul
2,2643.4298,control_jul
2,2643.7301,control_jul
2,2644.0304,control_jul
2,2644.3307,control_jul
2,2644.6311,control_jul
2,2644.9314,control_jul
2,2645.2317,control_jul
2,2645.532,control_jul
2,2645.8324,control_jul
2,2646.1327,control_jul
2,2646.433,control_jul
2,2646.7333,control_jul
2,2647.0336,control_jul
2,2647.334,control_jul
2,2647.6343,control_jul
2,2647.9346,control_jul
2,2648.2349,control_jul
2,2648.5353,control_jul
2,2648.8356,control_jul
2,2649.1359,control_jul
2,2649.4363,control_jul
2,2649.7366,control_jul
2,2650.0369,control_jul
2,2650.3372,control_jul
2,2650.6375,control_jul
2,2650.9379,control_jul
2,2651.2381,control_jul
2,2651.5385,control_jul
2,2651.8389,control_jul
2,2652.1391,control_jul
2,2652.4394,control_jul
2,2652.7398,control_jul
2,2653.0401,control_jul
2,2653.3404,control_jul
2,2653.6408,control_jul
2,2653.9411,control_jul
2,2654.2414,control_jul
2,2654.5417,control_jul
2,2654.842,control_jul
2,2655.1424,control_jul
2,2655.4427,control_jul
2,2655.743,control_jul
2,2656.0434,control_jul
2,2656.3436,control_jul
2,2656.644,control_jul
2,2656.9443,control_jul
2,2657.2446,control_jul
2,2657.545,control_jul
2,2657.8453,control_jul
2,2658.1456,control_jul
2,2658.4459,control_jul
2,2658.7463,control_jul
2,2659.0466,control_jul
2,2659.3469,control_jul
0,2659.6472,control_jul
2,2659.9476,control_jul
2,2660.2479,control_jul
2,2660.5482,control_jul
2,2660.8485,control_jul
2,2661.1488,control_jul
2,2661.4492,control_jul
2,2661.7495,control_jul
2,2662.0498,control_jul
2,2662.3501,control_jul
2,2662.6505,control_jul
2,2662.9508,control_jul
2,2663.2511,control_jul
2,2663.5515,control_jul
2,2663.8517,control_jul
2,2664.1521,control_jul
2,2664.4524,control_jul
2,2664.7527,control_jul
2,2665.053,control_jul
2,2665.3534,control_jul
2,2665.6537,control_jul
2,2665.954,control_jul
2,2666.2544,control_jul
2,2666.5547,control_jul
2,2666.8549,control_jul
2,2667.1553,control_jul
2,2667.4556,control_jul
0,2667.756,control_jul
2,2668.0563,control_jul
2,2668.3566,control_jul
2,2668.6569,control_jul
0,2668.9572,control_jul
2,2669.2576,control_jul
2,2669.5579,control_jul
2,2669.8582,control_jul
2,2670.1585,control_jul
2,2670.4588,control_jul
2,2670.7592,control_jul
2,2671.0595,control_jul
2,2671.3598,control_jul
2,2671.6602,control_jul
2,2671.9604,control_jul
2,2672.2608,control_jul
2,2672.5611,control_jul
2,2672.8614,control_jul
2,2673.1618,control_jul
2,2673.462,control_jul
2,2673.7624,control_jul
2,2674.0628,control_jul
2,2674.363,control_jul
2,2674.6634,control_jul
2,2674.9637,control_jul
2,2675.264,control_jul
2,2675.5643,control_jul
2,2675.8646,control_jul
2,2676.165,control_jul
2,2676.4653,control_jul
2,2676.7656,control_jul
2,2677.0659,control_jul
2,2677.3662,control_jul
2,2677.6666,control_jul
2,2677.9669,control_jul
2,2678.2672,control_jul
2,2678.5676,control_jul
2,2678.8679,control_jul
2,2679.1682,control_jul
2,2679.4685,control_jul
2,2679.7688,control_jul
2,2680.0692,control_jul
2,2680.3695,control_jul
2,2680.6698,control_jul
2,2680.9701,control_jul
2,2681.2704,control_jul
2,2681.5707,control_jul
2,2681.8711,control_jul
2,2682.1714,control_jul
2,2682.4717,control_jul
2,2682.7721,control_jul
2,2683.0724,control_jul
2,2683.3727,control_jul
2,2683.673,control_jul
2,2683.9733,control_jul
2,2684.2736,control_jul
2,2684.574,control_jul
2,2684.8743,control_jul
2,2685.1746,control_jul
2,2685.4749,control_jul
2,2685.7753,control_jul
2,2686.0755,control_jul
2,2686.3759,control_jul
2,2686.6762,control_jul
2,2686.9766,control_jul
2,2687.2769,control_jul
2,2687.5772,control_jul
2,2687.8775,control_jul
2,2688.1778,control_jul
2,2688.4781,control_jul
2,2688.7785,control_jul
2,2689.0788,control_jul
1,2689.3791,control_jul
2,2689.6795,control_jul
2,2689.9797,control_jul
2,2690.2801,control_jul
2,2690.5804,control_jul
2,2690.8807,control_jul
2,2691.1811,control_jul
2,2691.4814,control_jul
2,2691.7817,control_jul
2,2692.082,control_jul
2,2692.3823,control_jul
2,2692.6827,control_jul
2,2692.983,control_jul
2,2693.2833,control_jul
2,2693.5836,control_jul
2,2693.884,control_jul
2,2694.1843,control_jul
2,2694.4846,control_jul
2,2694.7849,control_jul
2,2695.0852,control_jul
2,2695.3855,control_jul
2,2695.6859,control_jul
2,2695.9862,control_jul
2,2696.2866,control_jul
2,2696.5868,control_jul
2,2696.8872,control_jul
2,2697.1875,control_jul
2,2697.4878,control_jul
2,2697.7881,control_jul
2,2698.0884,control_jul
2,2698.3888,control_jul
2,2698.6891,control_jul
2,2698.9894,control_jul
2,2699.2898,control_jul
2,2699.5901,control_jul
0,2699.8904,control_jul
2,2700.1907,control_jul
2,2700.491,control_jul
2,2700.7914,control_jul
0,2701.0917,control_jul
2,2701.392,control_jul
2,2701.6924,control_jul
2,2701.9927,control_jul
2,2702.293,control_jul
2,2702.5932,control_jul
2,2702.8936,control_jul
2,2703.1939,control_jul
2,2703.4942,control_jul
0,2703.7946,control_jul
2,2704.0949,control_jul
2,2704.3952,control_jul
2,2704.6956,control_jul
2,2704.9958,control_jul
2,2705.2962,control_jul
2,2705.5965,control_jul
2,2705.8968,control_jul
2,2706.1972,control_jul
2,2706.4975,control_jul
2,2706.7978,control_jul
2,2707.0981,control_jul
2,2707.3985,control_jul
2,2707.6988,control_jul
2,2707.9991,control_jul
2,2708.2994,control_jul
2,2708.5997,control_jul
2,2708.9001,control_jul
2,2709.2004,control_jul
2,2709.5007,control_jul
2,2709.801,control_jul
2,2710.1013,control_jul
2,2710.4017,control_jul
2,2710.702,control_jul
2,2711.0023,control_jul
2,2711.3027,control_jul
2,2711.603,control_jul
2,2711.9032,control_jul
2,2712.2036,control_jul
2,2712.5039,control_jul
2,2712.8098,control_jul
2,2713.1046,control_jul
2,2713.4049,control_jul
2,2713.7052,control_jul
2,2714.0056,control_jul
2,2714.3059,control_jul
2,2714.6062,control_jul
0,2714.9065,control_jul
0,2715.2068,control_jul
2,2715.5071,control_jul
2,2715.8075,control_jul
2,2716.1078,control_jul
2,2716.4081,control_jul
2,2716.7084,control_jul
2,2717.0087,control_jul
2,2717.3091,control_jul
0,2717.6094,control_jul
2,2717.9097,control_jul
2,2718.21,control_jul
2,2718.5104,control_jul
2,2718.8107,control_jul
2,2719.111,control_jul
2,2719.4113,control_jul
2,2719.7116,control_jul
2,2720.012,control_jul
2,2720.3123,control_jul
2,2720.6126,control_jul
2,2720.9129,control_jul
2,2721.2132,control_jul
2,2721.5136,control_jul
2,2721.8139,control_jul
2,2722.1142,control_jul
2,2722.4145,control_jul
2,2722.7148,control_jul
2,2723.0152,control_jul
2,2723.3155,control_jul
2,2723.6158,control_jul
2,2723.9162,control_jul
2,2724.2164,control_jul
2,2724.5168,control_jul
2,2724.8171,control_jul
2,2725.1174,control_jul
2,2725.4177,control_jul
2,2725.7181,control_jul
2,2726.0184,control_jul
2,2726.3187,control_jul
2,2726.6191,control_jul
2,2726.9193,control_jul
0,2727.2197,control_jul
2,2727.52,control_jul
2,2727.8204,control_jul
2,2728.1206,control_jul
2,2728.421,control_jul
2,2728.7213,control_jul
2,2729.0216,control_jul
2,2729.3219,control_jul
2,2729.6222,control_jul
2,2729.9226,control_jul
2,2730.2229,control_jul
2,2730.5232,control_jul
2,2730.8235,control_jul
0,2731.1239,control_jul
1,2731.4242,control_jul
1,2731.7245,control_jul
2,2732.0249,control_jul
2,2732.3251,control_jul
2,2732.6255,control_jul
2,2732.9258,control_jul
2,2733.2261,control_jul
2,2733.5264,control_jul
2,2733.8268,control_jul
0,2734.1271,control_jul
2,2734.4274,control_jul
2,2734.7277,control_jul
2,2735.0281,control_jul
2,2735.3283,control_jul
1,2735.6286,control_jul
2,2735.929,control_jul
2,2736.2293,control_jul
2,2736.5296,control_jul
2,2736.83,control_jul
0,2737.1303,control_jul
1,2737.4306,control_jul
1,2737.731,control_jul
1,2738.0312,control_jul
1,2738.3316,control_jul
2,2738.6319,control_jul
2,2738.9323,control_jul
2,2739.2325,control_jul
2,2739.5329,control_jul
2,2739.8332,control_jul
2,2740.1335,control_jul
2,2740.4339,control_jul
2,2740.7342,control_jul
2,2741.0345,control_jul
2,2741.3348,control_jul
2,2741.6351,control_jul
2,2741.9354,control_jul
2,2742.2358,control_jul
2,2742.5361,control_jul
2,2742.8364,control_jul
2,2743.1368,control_jul
2,2743.4371,control_jul
2,2743.7374,control_jul
2,2744.0377,control_jul
2,2744.338,control_jul
2,2744.6384,control_jul
2,2744.9387,control_jul
2,2745.239,control_jul
2,2745.5393,control_jul
2,2745.8397,control_jul
2,2746.1399,control_jul
2,2746.4403,control_jul
2,2746.7406,control_jul
2,2747.0409,control_jul
2,2747.3412,control_jul
2,2747.6415,control_jul
2,2747.9419,control_jul
2,2748.2422,control_jul
2,2748.5425,control_jul
2,2748.8428,control_jul
2,2749.1432,control_jul
2,2749.4435,control_jul
2,2749.7438,control_jul
2,2750.0442,control_jul
2,2750.3445,control_jul
2,2750.6447,control_jul
2,2750.9451,control_jul
2,2751.2455,control_jul
2,2751.5457,control_jul
2,2751.8461,control_jul
2,2752.1464,control_jul
2,2752.4467,control_jul
2,2752.747,control_jul
2,2753.0473,control_jul
2,2753.3477,control_jul
2,2753.648,control_jul
2,2753.9484,control_jul
2,2754.2486,control_jul
2,2754.549,control_jul
2,2754.8492,control_jul
2,2755.1496,control_jul
2,2755.45,control_jul
2,2755.7502,control_jul
2,2756.0506,control_jul
2,2756.3509,control_jul
2,2756.6512,control_jul
2,2756.9516,control_jul
2,2757.2519,control_jul
2,2757.5522,control_jul
0,2757.8525,control_jul
0,2758.1528,control_jul
0,2758.4532,control_jul
2,2758.7535,control_jul
0,2759.0538,control_jul
0,2759.3541,control_jul
2,2759.6544,control_jul
2,2759.9548,control_jul
2,2760.2551,control_jul
2,2760.5554,control_jul
2,2760.8558,control_jul
2,2761.1561,control_jul
2,2761.4564,control_jul
2,2761.7567,control_jul
2,2762.0571,control_jul
2,2762.3573,control_jul
2,2762.6577,control_jul
2,2762.958,control_jul
2,2763.2583,control_jul
2,2763.5586,control_jul
2,2763.8589,control_jul
2,2764.1593,control_jul
2,2764.4596,control_jul
2,2764.7655,control_jul
2,2765.0602,control_jul
2,2765.3606,control_jul
2,2765.6608,control_jul
2,2765.9612,control_jul
2,2766.2615,control_jul
2,2766.5618,control_jul
2,2766.8621,control_jul
2,2767.1625,control_jul
2,2767.4628,control_jul
2,2767.7631,control_jul
2,2768.0635,control_jul
2,2768.3637,control_jul
2,2768.6641,control_jul
0,2768.9644,control_jul
2,2769.2648,control_jul
2,2769.5651,control_jul
2,2769.8654,control_jul
2,2770.1657,control_jul
2,2770.466,control_jul
2,2770.7664,control_jul
2,2771.0667,control_jul
2,2771.367,control_jul
2,2771.6673,control_jul
2,2771.9676,control_jul
0,2772.2679,control_jul
2,2772.5683,control_jul
2,2772.8686,control_jul
2,2773.1689,control_jul
2,2773.4692,control_jul
2,2773.7695,control_jul
2,2774.0699,control_jul
2,2774.3702,control_jul
2,2774.6705,control_jul
2,2774.9708,control_jul
2,2775.2712,control_jul
2,2775.5715,control_jul
2,2775.8718,control_jul
2,2776.1722,control_jul
2,2776.4725,control_jul
2,2776.7728,control_jul
2,2777.0731,control_jul
2,2777.3734,control_jul
2,2777.6737,control_jul
2,2777.974,control_jul
2,2778.2744,control_jul
2,2778.5747,control_jul
2,2778.875,control_jul
2,2779.1753,control_jul
2,2779.4757,control_jul
2,2779.776,control_jul
2,2780.0763,control_jul
2,2780.3766,control_jul
2,2780.6769,control_jul
2,2780.9773,control_jul
2,2781.2775,control_jul
2,2781.5779,control_jul
2,2781.8782,control_jul
2,2782.1786,control_jul
2,2782.4789,control_jul
2,2782.7792,control_jul
2,2783.0795,control_jul
2,2783.3798,control_jul
2,2783.6802,control_jul
2,2783.9805,control_jul
2,2784.2808,control_jul
2,2784.5812,control_jul
2,2784.8814,control_jul
2,2785.1817,control_jul
2,2785.4821,control_jul
2,2785.7824,control_jul
2,2786.0827,control_jul
2,2786.3831,control_jul
2,2786.6834,control_jul
2,2786.9837,control_jul
2,2787.284,control_jul
2,2787.5844,control_jul
2,2787.8847,control_jul
2,2788.185,control_jul
2,2788.4853,control_jul
2,2788.7856,control_jul
2,2789.086,control_jul
2,2789.3863,control_jul
2,2789.6866,control_jul
2,2789.9869,control_jul
2,2790.2872,control_jul
2,2790.5875,control_jul
2,2790.8879,control_jul
2,2791.1882,control_jul
2,2791.4886,control_jul
2,2791.7889,control_jul
2,2792.0892,control_jul
2,2792.3895,control_jul
2,2792.6898,control_jul
2,2792.9901,control_jul
2,2793.2904,control_jul
2,2793.5908,control_jul
2,2793.8911,control_jul
2,2794.1914,control_jul
0,2794.4917,control_jul
2,2794.7921,control_jul
2,2795.0924,control_jul
2,2795.3927,control_jul
2,2795.693,control_jul
2,2795.9933,control_jul
2,2796.2937,control_jul
2,2796.594,control_jul
2,2796.8943,control_jul
2,2797.1947,control_jul
2,2797.495,control_jul
2,2797.7953,control_jul
2,2798.0956,control_jul
2,2798.3959,control_jul
0,2798.6963,control_jul
2,2798.9966,control_jul
2,2799.2969,control_jul
2,2799.5972,control_jul
2,2799.8976,control_jul
2,2800.1979,control_jul
2,2800.4981,control_jul
2,2800.7985,control_jul
2,2801.0988,control_jul
2,2801.3992,control_jul
2,2801.6995,control_jul
2,2801.9998,control_jul
2,2802.3001,control_jul
2,2802.6004,control_jul
2,2802.9008,control_jul
2,2803.2011,control_jul
2,2803.5014,control_jul
2,2803.8017,control_jul
2,2804.102,control_jul
2,2804.4023,control_jul
2,2804.7027,control_jul
2,2805.003,control_jul
2,2805.3033,control_jul
2,2805.6036,control_jul
2,2805.9039,control_jul
2,2806.2043,control_jul
2,2806.5046,control_jul
2,2806.805,control_jul
2,2807.1052,control_jul
2,2807.4056,control_jul
2,2807.7059,control_jul
2,2808.0062,control_jul
2,2808.3066,control_jul
2,2808.6068,control_jul
2,2808.9072,control_jul
2,2809.2075,control_jul
2,2809.5078,control_jul
2,2809.8081,control_jul
2,2810.1085,control_jul
2,2810.4088,control_jul
2,2810.7091,control_jul
2,2811.0094,control_jul
2,2811.3098,control_jul
2,2811.6101,control_jul
2,2811.9104,control_jul
2,2812.2107,control_jul
2,2812.511,control_jul
2,2812.8113,control_jul
2,2813.1117,control_jul
2,2813.412,control_jul
2,2813.7123,control_jul
2,2814.0126,control_jul
2,2814.313,control_jul
2,2814.6133,control_jul
2,2814.9136,control_jul
2,2815.2139,control_jul
2,2815.5151,control_jul
2,2815.8146,control_jul
2,2816.1149,control_jul
2,2816.4152,control_jul
2,2816.7156,control_jul
2,2817.0159,control_jul
2,2817.3162,control_jul
2,2817.6165,control_jul
2,2817.9168,control_jul
2,2818.2172,control_jul
2,2818.5174,control_jul
2,2818.8178,control_jul
2,2819.1181,control_jul
2,2819.4184,control_jul
2,2819.7187,control_jul
2,2820.019,control_jul
1,2820.3194,control_jul
2,2820.6197,control_jul
2,2820.92,control_jul
2,2821.2204,control_jul
2,2821.5206,control_jul
2,2821.821,control_jul
2,2822.1213,control_jul
2,2822.4217,control_jul
2,2822.722,control_jul
2,2823.0223,control_jul
2,2823.3226,control_jul
2,2823.6229,control_jul
0,2823.9233,control_jul
2,2824.2236,control_jul
2,2824.5239,control_jul
2,2824.8242,control_jul
2,2825.1245,control_jul
2,2825.4249,control_jul
2,2825.7252,control_jul
2,2826.0255,control_jul
2,2826.3259,control_jul
2,2826.6261,control_jul
2,2826.9265,control_jul
2,2827.2268,control_jul
2,2827.5271,control_jul
2,2827.8274,control_jul
2,2828.1277,control_jul
2,2828.4281,control_jul
2,2828.7284,control_jul
2,2829.0287,control_jul
2,2829.329,control_jul
2,2829.6294,control_jul
0,2829.9297,control_jul
2,2830.23,control_jul
2,2830.5303,control_jul
2,2830.8307,control_jul
2,2831.131,control_jul
2,2831.4313,control_jul
2,2831.7316,control_jul
2,2832.032,control_jul
2,2832.3323,control_jul
2,2832.6326,control_jul
2,2832.9329,control_jul
2,2833.2332,control_jul
2,2833.5335,control_jul
2,2833.8339,control_jul
2,2834.1342,control_jul
2,2834.4345,control_jul
2,2834.7348,control_jul
2,2835.0352,control_jul
2,2835.3355,control_jul
2,2835.6358,control_jul
2,2835.9362,control_jul
0,2836.2365,control_jul
2,2836.5367,control_jul
2,2836.8371,control_jul
2,2837.1374,control_jul
2,2837.4377,control_jul
2,2837.7381,control_jul
2,2838.0384,control_jul
2,2838.3387,control_jul
2,2838.639,control_jul
2,2838.9393,control_jul
2,2839.2397,control_jul
2,2839.54,control_jul
2,2839.8403,control_jul
2,2840.1407,control_jul
2,2840.441,control_jul
2,2840.7413,control_jul
2,2841.0416,control_jul
2,2841.342,control_jul
2,2841.6423,control_jul
2,2841.9426,control_jul
2,2842.2429,control_jul
2,2842.5432,control_jul
2,2842.8436,control_jul
2,2843.1438,control_jul
2,2843.4442,control_jul
2,2843.7445,control_jul
2,2844.0448,control_jul
2,2844.3452,control_jul
2,2844.6455,control_jul
2,2844.9458,control_jul
2,2845.2461,control_jul
2,2845.5465,control_jul
2,2845.8468,control_jul
2,2846.1471,control_jul
2,2846.4474,control_jul
2,2846.7478,control_jul
2,2847.0481,control_jul
2,2847.3483,control_jul
2,2847.6487,control_jul
2,2847.9491,control_jul
2,2848.2494,control_jul
2,2848.5497,control_jul
2,2848.85,control_jul
2,2849.1503,control_jul
2,2849.4506,control_jul
2,2849.7509,control_jul
2,2850.0513,control_jul
2,2850.3516,control_jul
2,2850.6519,control_jul
2,2850.9522,control_jul
2,2851.2526,control_jul
2,2851.5528,control_jul
2,2851.8532,control_jul
2,2852.1535,control_jul
2,2852.4538,control_jul
2,2852.7541,control_jul
2,2853.0545,control_jul
2,2853.3548,control_jul
2,2853.6551,control_jul
2,2853.9555,control_jul
2,2854.2558,control_jul
2,2854.556,control_jul
2,2854.8564,control_jul
2,2855.1568,control_jul
2,2855.457,control_jul
2,2855.7574,control_jul
2,2856.0577,control_jul
2,2856.358,control_jul
2,2856.6584,control_jul
2,2856.9587,control_jul
2,2857.259,control_jul
2,2857.5593,control_jul
2,2857.8597,control_jul
0,2858.16,control_jul
2,2858.4603,control_jul
2,2858.7606,control_jul
2,2859.061,control_jul
2,2859.3612,control_jul
2,2859.6616,control_jul
2,2859.9619,control_jul
2,2860.2622,control_jul
2,2860.5625,control_jul
2,2860.8628,control_jul
0,2861.1632,control_jul
2,2861.4635,control_jul
2,2861.7638,control_jul
2,2862.0642,control_jul
2,2862.3644,control_jul
2,2862.6648,control_jul
2,2862.9651,control_jul
2,2863.2655,control_jul
2,2863.5658,control_jul
2,2863.8661,control_jul
2,2864.1664,control_jul
2,2864.4668,control_jul
2,2864.7671,control_jul
2,2865.0674,control_jul
2,2865.3677,control_jul
2,2865.668,control_jul
2,2865.9683,control_jul
2,2866.2686,control_jul
2,2866.569,control_jul
2,2866.8693,control_jul
2,2867.1696,control_jul
2,2867.47,control_jul
2,2867.7702,control_jul
2,2868.0706,control_jul
2,2868.3709,control_jul
2,2868.6712,control_jul
2,2868.9716,control_jul
2,2869.2719,control_jul
2,2869.5722,control_jul
2,2869.8725,control_jul
2,2870.1729,control_jul
2,2870.4732,control_jul
2,2870.7735,control_jul
2,2871.0738,control_jul
2,2871.3741,control_jul
2,2871.6744,control_jul
2,2871.9748,control_jul
2,2872.2751,control_jul
2,2872.5754,control_jul
2,2872.8758,control_jul
2,2873.1761,control_jul
2,2873.4764,control_jul
2,2873.7767,control_jul
2,2874.0771,control_jul
2,2874.3773,control_jul
2,2874.6777,control_jul
2,2874.978,control_jul
2,2875.2783,control_jul
2,2875.5786,control_jul
2,2875.8789,control_jul
2,2876.1793,control_jul
2,2876.4796,control_jul
2,2876.7799,control_jul
2,2877.0802,control_jul
2,2877.3805,control_jul
2,2877.6809,control_jul
2,2877.9812,control_jul
2,2878.2815,control_jul
2,2878.5819,control_jul
2,2878.8822,control_jul
2,2879.1825,control_jul
2,2879.4828,control_jul
2,2879.7831,control_jul
2,2880.0835,control_jul
2,2880.3838,control_jul
2,2880.6841,control_jul
2,2880.9844,control_jul
2,2881.2847,control_jul
2,2881.585,control_jul
2,2881.8854,control_jul
2,2882.1857,control_jul
2,2882.486,control_jul
2,2882.7864,control_jul
2,2883.0867,control_jul
2,2883.387,control_jul
2,2883.6873,control_jul
2,2884.288,control_jul
2,2884.5882,control_jul
2,2884.8886,control_jul
2,2885.1889,control_jul
2,2885.4892,control_jul
2,2885.7895,control_jul
2,2886.0899,control_jul
2,2886.3902,control_jul
2,2886.6906,control_jul
2,2886.9908,control_jul
2,2887.2912,control_jul
2,2887.5915,control_jul
2,2887.8918,control_jul
2,2888.1922,control_jul
2,2888.4924,control_jul
2,2888.7928,control_jul
2,2889.0931,control_jul
2,2889.3934,control_jul
2,2889.6937,control_jul
2,2889.994,control_jul
2,2890.2944,control_jul
2,2890.5947,control_jul
0,2890.895,control_jul
2,2891.1954,control_jul
2,2891.4957,control_jul
2,2891.796,control_jul
2,2892.0963,control_jul
2,2892.3967,control_jul
2,2892.697,control_jul
2,2892.9973,control_jul
2,2893.2976,control_jul
2,2893.5979,control_jul
0,2893.8982,control_jul
2,2894.1987,control_jul
2,2894.4988,control_jul
2,2894.7993,control_jul
2,2895.0996,control_jul
2,2895.3998,control_jul
2,2895.7002,control_jul
2,2896.0005,control_jul
2,2896.3008,control_jul
2,2896.6012,control_jul
2,2896.9015,control_jul
2,2897.2018,control_jul
2,2897.5021,control_jul
2,2897.8025,control_jul
2,2898.1028,control_jul
0,2898.4031,control_jul
2,2898.7034,control_jul
2,2899.0037,control_jul
2,2899.3041,control_jul
2,2899.6044,control_jul
1,2899.9047,control_jul
0,2900.205,control_jul
2,2900.5053,control_jul
2,2900.8057,control_jul
2,2901.106,control_jul
2,2901.4064,control_jul
2,2901.7066,control_jul
0,2902.0069,control_jul
0,2902.3073,control_jul
2,2902.6076,control_jul
2,2903.2083,control_jul
2,2903.5086,control_jul
2,2903.8089,control_jul
2,2904.1092,control_jul
2,2904.4095,control_jul
2,2904.7099,control_jul
2,2905.0102,control_jul
2,2905.3105,control_jul
2,2905.6108,control_jul
2,2905.9112,control_jul
2,2906.2115,control_jul
2,2906.5118,control_jul
2,2906.8121,control_jul
2,2907.1125,control_jul
2,2907.4128,control_jul
2,2907.7131,control_jul
2,2908.0134,control_jul
2,2908.3138,control_jul
2,2908.6141,control_jul
2,2908.9143,control_jul
2,2909.2147,control_jul
2,2909.5151,control_jul
2,2909.8154,control_jul
2,2910.1157,control_jul
2,2910.416,control_jul
2,2910.7164,control_jul
2,2911.0167,control_jul
2,2911.317,control_jul
2,2911.6173,control_jul
0,2911.9176,control_jul
2,2912.2179,control_jul
2,2912.5183,control_jul
2,2912.8186,control_jul
2,2913.1189,control_jul
2,2913.4192,control_jul
2,2913.7196,control_jul
2,2914.0198,control_jul
0,2914.3202,control_jul
2,2914.6205,control_jul
2,2914.9209,control_jul
2,2915.2212,control_jul
2,2915.5214,control_jul
2,2915.8218,control_jul
2,2916.1222,control_jul
2,2916.4224,control_jul
2,2916.7228,control_jul
2,2917.0231,control_jul
0,2917.3234,control_jul
2,2917.6238,control_jul
2,2917.924,control_jul
2,2918.2244,control_jul
2,2918.5248,control_jul
2,2918.825,control_jul
2,2919.1254,control_jul
2,2919.4257,control_jul
2,2919.726,control_jul
2,2920.0263,control_jul
2,2920.3267,control_jul
2,2920.6269,control_jul
2,2920.9273,control_jul
2,2921.2276,control_jul
0,2921.5279,control_jul
2,2921.8283,control_jul
2,2922.1286,control_jul
0,2922.4289,control_jul
2,2922.7292,control_jul
2,2923.0295,control_jul
2,2923.3299,control_jul
2,2923.6302,control_jul
2,2923.9305,control_jul
2,2924.2308,control_jul
2,2924.5312,control_jul
2,2924.8315,control_jul
2,2925.1319,control_jul
2,2925.4321,control_jul
2,2925.7324,control_jul
2,2926.0328,control_jul
2,2926.3332,control_jul
2,2926.6334,control_jul
2,2926.9338,control_jul
2,2927.2341,control_jul
2,2927.5344,control_jul
2,2927.8347,control_jul
2,2928.1351,control_jul
2,2928.4354,control_jul
2,2928.7357,control_jul
2,2929.036,control_jul
2,2929.3364,control_jul
2,2929.6367,control_jul
2,2929.937,control_jul
2,2930.2373,control_jul
0,2930.5377,control_jul
2,2930.8379,control_jul
2,2931.1382,control_jul
2,2931.4386,control_jul
0,2931.7389,control_jul
2,2932.0392,control_jul
2,2932.3396,control_jul
2,2932.6399,control_jul
0,2932.9402,control_jul
2,2933.2406,control_jul
2,2933.5409,control_jul
2,2933.8412,control_jul
2,2934.1415,control_jul
2,2934.4419,control_jul
2,2934.7422,control_jul
2,2935.0425,control_jul
2,2935.3428,control_jul
2,2935.6431,control_jul
2,2935.9435,control_jul
2,2936.2438,control_jul
2,2936.5441,control_jul
2,2936.8444,control_jul
2,2937.1448,control_jul
2,2937.4451,control_jul
2,2937.7454,control_jul
2,2938.0458,control_jul
2,2938.346,control_jul
2,2938.6464,control_jul
2,2938.9467,control_jul
2,2939.247,control_jul
2,2939.5473,control_jul
2,2939.8477,control_jul
2,2940.148,control_jul
2,2940.4483,control_jul
2,2940.7486,control_jul
2,2941.049,control_jul
2,2941.3493,control_jul
2,2941.6496,control_jul
2,2941.9499,control_jul
2,2942.2503,control_jul
2,2942.5506,control_jul
2,2942.8509,control_jul
2,2943.1512,control_jul
2,2943.4516,control_jul
2,2943.7519,control_jul
2,2944.0522,control_jul
2,2944.3525,control_jul
2,2944.6529,control_jul
2,2944.9531,control_jul
2,2945.2535,control_jul
2,2945.5538,control_jul
2,2945.8541,control_jul
2,2946.1544,control_jul
2,2946.4548,control_jul
2,2946.7551,control_jul
2,2947.0554,control_jul
2,2947.3557,control_jul
2,2947.6561,control_jul
2,2947.9564,control_jul
2,2948.2568,control_jul
2,2948.557,control_jul
2,2948.8574,control_jul
2,2949.1577,control_jul
2,2949.458,control_jul
2,2949.7583,control_jul
0,2950.0586,control_jul
2,2950.359,control_jul
2,2950.6593,control_jul
2,2950.9596,control_jul
2,2951.2599,control_jul
2,2951.5603,control_jul
2,2951.8606,control_jul
0,2952.161,control_jul
2,2952.4613,control_jul
2,2952.7616,control_jul
2,2953.0619,control_jul
2,2953.3622,control_jul
2,2953.6625,control_jul
2,2953.9629,control_jul
2,2954.2632,control_jul
2,2954.5635,control_jul
2,2954.8638,control_jul
2,2955.1642,control_jul
2,2955.4645,control_jul
2,2955.7648,control_jul
2,2956.0651,control_jul
2,2956.3654,control_jul
2,2956.6658,control_jul
2,2956.9661,control_jul
2,2957.2664,control_jul
2,2957.5668,control_jul
2,2957.8671,control_jul
2,2958.1674,control_jul
2,2958.4677,control_jul
2,2958.768,control_jul
2,2959.0683,control_jul
2,2959.3687,control_jul
2,2959.669,control_jul
2,2959.9693,control_jul
2,2960.2697,control_jul
2,2960.57,control_jul
2,2960.8703,control_jul
2,2961.1706,control_jul
2,2961.4709,control_jul
2,2961.7712,control_jul
2,2962.0716,control_jul
2,2962.3719,control_jul
2,2962.6723,control_jul
2,2962.9726,control_jul
0,2963.2729,control_jul
2,2963.5732,control_jul
0,2963.8735,control_jul
2,2964.1739,control_jul
2,2964.4742,control_jul
2,2964.7745,control_jul
2,2965.0748,control_jul
2,2965.3751,control_jul
2,2965.6755,control_jul
2,2965.9757,control_jul
2,2966.2761,control_jul
2,2966.5764,control_jul
2,2966.8767,control_jul
0,2967.1771,control_jul
2,2967.4774,control_jul
2,2967.7778,control_jul
2,2968.078,control_jul
0,2968.3784,control_jul
2,2968.6787,control_jul
2,2968.979,control_jul
2,2969.2793,control_jul
2,2969.5797,control_jul
2,2969.88,control_jul
2,2970.1803,control_jul
2,2970.4807,control_jul
2,2970.781,control_jul
2,2971.0812,control_jul
0,2971.3816,control_jul
2,2971.6819,control_jul
2,2971.9823,control_jul
2,2972.2826,control_jul
2,2972.5829,control_jul
2,2972.8832,control_jul
2,2973.1836,control_jul
2,2973.4839,control_jul
0,2973.7842,control_jul
2,2974.0845,control_jul
2,2974.3848,control_jul
2,2974.6852,control_jul
2,2974.9855,control_jul
2,2975.2858,control_jul
2,2975.5861,control_jul
2,2975.8865,control_jul
2,2976.1868,control_jul
2,2976.4871,control_jul
2,2976.7875,control_jul
2,2977.0877,control_jul
2,2977.3881,control_jul
2,2977.6884,control_jul
2,2977.9887,control_jul
2,2978.2891,control_jul
2,2978.5894,control_jul
2,2978.8897,control_jul
2,2979.19,control_jul
2,2979.4904,control_jul
2,2979.7906,control_jul
2,2980.091,control_jul
0,2980.3913,control_jul
2,2980.6916,control_jul
2,2980.992,control_jul
2,2981.2922,control_jul
2,2981.5926,control_jul
2,2981.8929,control_jul
2,2982.1932,control_jul
2,2982.4936,control_jul
2,2982.7939,control_jul
2,2983.0942,control_jul
2,2983.3945,control_jul
2,2983.6948,control_jul
2,2983.9952,control_jul
2,2984.2955,control_jul
2,2984.5958,control_jul
2,2984.8962,control_jul
2,2985.1964,control_jul
2,2985.4968,control_jul
2,2985.7972,control_jul
2,2986.0974,control_jul
2,2986.3978,control_jul
2,2986.698,control_jul
2,2986.9984,control_jul
2,2987.2988,control_jul
2,2987.5991,control_jul
2,2987.8994,control_jul
2,2988.1997,control_jul
2,2988.5,control_jul
2,2988.8004,control_jul
2,2989.1007,control_jul
2,2989.401,control_jul
2,2989.7013,control_jul
2,2990.0017,control_jul
2,2990.302,control_jul
2,2990.6023,control_jul
2,2990.9026,control_jul
2,2991.2029,control_jul
2,2991.5032,control_jul
2,2991.8036,control_jul
2,2992.1039,control_jul
2,2992.4042,control_jul
2,2992.7045,control_jul
2,2993.0049,control_jul
2,2993.3052,control_jul
2,2993.6055,control_jul
2,2993.9058,control_jul
2,2994.2061,control_jul
0,2994.5064,control_jul
2,2994.8068,control_jul
2,2995.1071,control_jul
2,2995.4074,control_jul
2,2995.7077,control_jul
2,2996.0081,control_jul
2,2996.3084,control_jul
2,2996.6087,control_jul
2,2996.909,control_jul
2,2997.2094,control_jul
2,2997.5097,control_jul
2,2997.81,control_jul
2,2998.1103,control_jul
2,2998.4107,control_jul
0,2998.711,control_jul
2,2999.0113,control_jul
2,2999.3116,control_jul
2,2999.612,control_jul
2,2999.9123,control_jul
2,3000.2125,control_jul
2,3000.5129,control_jul
2,3000.8132,control_jul
2,3001.1136,control_jul
2,3001.4139,control_jul
2,3001.7142,control_jul
2,3002.0145,control_jul
2,3002.3149,control_jul
2,3002.6152,control_jul
2,3002.9155,control_jul
2,3003.2158,control_jul
0,3003.5161,control_jul
2,3003.8164,control_jul
2,3004.1168,control_jul
2,3004.4171,control_jul
2,3004.7174,control_jul
2,3005.0178,control_jul
2,3005.318,control_jul
2,3005.6184,control_jul
2,3005.9187,control_jul
2,3006.2191,control_jul
2,3006.5193,control_jul
2,3006.8197,control_jul
2,3007.12,control_jul
2,3007.4203,control_jul
0,3007.7207,control_jul
2,3008.0209,control_jul
2,3008.3212,control_jul
2,3008.6216,control_jul
2,3008.9219,control_jul
2,3009.2222,control_jul
2,3009.5226,control_jul
0,3009.8229,control_jul
2,3010.1232,control_jul
2,3010.4235,control_jul
2,3010.7239,control_jul
2,3011.0242,control_jul
2,3011.3245,control_jul
2,3011.6249,control_jul
2,3011.9252,control_jul
2,3012.2254,control_jul
2,3012.5258,control_jul
2,3012.8261,control_jul
2,3013.1265,control_jul
2,3013.4268,control_jul
2,3013.7271,control_jul
2,3014.0274,control_jul
2,3014.3277,control_jul
2,3014.6281,control_jul
2,3014.9283,control_jul
2,3015.2287,control_jul
2,3015.529,control_jul
2,3015.8293,control_jul
2,3016.1297,control_jul
2,3016.43,control_jul
2,3016.7302,control_jul
2,3017.0306,control_jul
2,3017.3309,control_jul
2,3017.6312,control_jul
2,3017.9316,control_jul
2,3018.2319,control_jul
2,3018.5322,control_jul
2,3018.8325,control_jul
2,3019.1328,control_jul
2,3019.4332,control_jul
2,3019.7335,control_jul
2,3020.0338,control_jul
0,3020.3341,control_jul
2,3020.6345,control_jul
2,3020.9348,control_jul
2,3021.2351,control_jul
2,3021.5354,control_jul
2,3021.8357,control_jul
2,3022.1361,control_jul
2,3022.4364,control_jul
2,3022.7367,control_jul
2,3023.037,control_jul
2,3023.3374,control_jul
2,3023.6377,control_jul
2,3023.938,control_jul
2,3024.2383,control_jul
2,3024.5386,control_jul
2,3024.8389,control_jul
2,3025.1393,control_jul
2,3025.4396,control_jul
2,3025.7399,control_jul
2,3026.0403,control_jul
2,3026.3405,control_jul
2,3026.6409,control_jul
2,3026.9412,control_jul
2,3027.2415,control_jul
2,3027.5419,control_jul
2,3027.8422,control_jul
2,3028.1425,control_jul
2,3028.4428,control_jul
2,3028.7431,control_jul
2,3029.0435,control_jul
2,3029.3437,control_jul
2,3029.6441,control_jul
2,3029.9444,control_jul
2,3030.2448,control_jul
0,3030.5451,control_jul
2,3030.8454,control_jul
2,3031.1457,control_jul
2,3031.4461,control_jul
2,3031.7464,control_jul
2,3032.0467,control_jul
2,3032.347,control_jul
2,3032.6473,control_jul
2,3032.9477,control_jul
2,3033.2479,control_jul
2,3033.5483,control_jul
2,3033.8486,control_jul
2,3034.1489,control_jul
2,3034.4492,control_jul
2,3034.7496,control_jul
2,3035.05,control_jul
2,3035.3502,control_jul
2,3035.6506,control_jul
2,3035.9509,control_jul
2,3036.2512,control_jul
2,3036.5515,control_jul
2,3036.8518,control_jul
2,3037.1522,control_jul
2,3037.4525,control_jul
2,3037.7528,control_jul
2,3038.0531,control_jul
2,3038.3534,control_jul
2,3038.6538,control_jul
2,3038.9541,control_jul
2,3039.2544,control_jul
2,3039.5547,control_jul
2,3039.8551,control_jul
2,3040.1554,control_jul
0,3040.4557,control_jul
2,3040.7616,control_jul
2,3041.0564,control_jul
2,3041.3567,control_jul
2,3041.657,control_jul
2,3041.9573,control_jul
2,3042.2576,control_jul
2,3042.558,control_jul
2,3042.8583,control_jul
2,3043.1586,control_jul
2,3043.4589,control_jul
2,3043.7592,control_jul
2,3044.0596,control_jul
2,3044.3598,control_jul
2,3044.6602,control_jul
2,3044.9605,control_jul
2,3045.2609,control_jul
2,3045.5612,control_jul
2,3045.8615,control_jul
2,3046.1618,control_jul
2,3046.4621,control_jul
2,3046.7625,control_jul
2,3047.0628,control_jul
2,3047.363,control_jul
2,3047.6634,control_jul
2,3047.9637,control_jul
2,3048.2641,control_jul
2,3048.5644,control_jul
2,3048.8647,control_jul
2,3049.165,control_jul
2,3049.4653,control_jul
2,3049.7656,control_jul
2,3050.066,control_jul
2,3050.3663,control_jul
2,3050.6667,control_jul
2,3050.9669,control_jul
2,3051.2673,control_jul
2,3051.5676,control_jul
2,3051.8679,control_jul
2,3052.1682,control_jul
2,3052.4686,control_jul
2,3052.7689,control_jul
2,3053.0692,control_jul
2,3053.3696,control_jul
2,3053.6699,control_jul
2,3053.9702,control_jul
2,3054.2705,control_jul
2,3054.5708,control_jul
0,3054.8712,control_jul
2,3055.1715,control_jul
2,3055.4718,control_jul
0,3055.7722,control_jul
2,3056.0724,control_jul
2,3056.3728,control_jul
2,3056.6731,control_jul
2,3056.9734,control_jul
2,3057.2737,control_jul
2,3057.574,control_jul
2,3057.8743,control_jul
2,3058.1747,control_jul
2,3058.475,control_jul
2,3058.7753,control_jul
2,3059.0756,control_jul
2,3059.3759,control_jul
2,3059.6763,control_jul
2,3059.9766,control_jul
2,3060.2769,control_jul
2,3060.5772,control_jul
2,3060.8775,control_jul
0,3061.1779,control_jul
0,3061.4782,control_jul
2,3061.7785,control_jul
2,3062.0788,control_jul
2,3062.3792,control_jul
2,3062.6795,control_jul
2,3062.9798,control_jul
2,3063.2802,control_jul
2,3063.5805,control_jul
2,3063.8808,control_jul
2,3064.1811,control_jul
2,3064.4814,control_jul
2,3064.7817,control_jul
2,3065.082,control_jul
2,3065.3824,control_jul
2,3065.6827,control_jul
2,3065.983,control_jul
2,3066.2834,control_jul
2,3066.5836,control_jul
2,3066.884,control_jul
2,3067.1843,control_jul
2,3067.4846,control_jul
2,3067.7849,control_jul
2,3068.0852,control_jul
2,3068.3856,control_jul
2,3068.6859,control_jul
2,3068.9862,control_jul
2,3069.2866,control_jul
2,3069.5869,control_jul
2,3069.8872,control_jul
2,3070.1875,control_jul
2,3070.4879,control_jul
2,3070.7881,control_jul
2,3071.0885,control_jul
2,3071.3888,control_jul
2,3071.6892,control_jul
2,3071.9894,control_jul
2,3072.2898,control_jul
2,3072.5901,control_jul
2,3072.8904,control_jul
2,3073.1908,control_jul
2,3073.491,control_jul
2,3073.7913,control_jul
2,3074.0917,control_jul
2,3074.392,control_jul
2,3074.6923,control_jul
2,3074.9927,control_jul
2,3075.293,control_jul
2,3075.5933,control_jul
2,3075.8936,control_jul
2,3076.1939,control_jul
2,3076.4943,control_jul
2,3076.7946,control_jul
2,3077.0949,control_jul
2,3077.3952,control_jul
2,3077.6955,control_jul
2,3077.9959,control_jul
2,3078.2962,control_jul
2,3078.5965,control_jul
2,3078.8968,control_jul
2,3079.1971,control_jul
2,3079.4975,control_jul
2,3079.7978,control_jul
2,3080.0981,control_jul
2,3080.3984,control_jul
2,3080.6988,control_jul
2,3080.9991,control_jul
2,3081.2994,control_jul
2,3081.5997,control_jul
2,3081.9,control_jul
2,3082.2003,control_jul
2,3082.5007,control_jul
2,3082.801,control_jul
2,3083.1013,control_jul
2,3083.4017,control_jul
2,3083.702,control_jul
2,3084.0022,control_jul
2,3084.3026,control_jul
2,3084.6029,control_jul
2,3084.9032,control_jul
2,3085.2036,control_jul
2,3085.5039,control_jul
2,3085.8042,control_jul
2,3086.1045,control_jul
2,3086.4048,control_jul
2,3086.7051,control_jul
2,3087.0055,control_jul
2,3087.3058,control_jul
2,3087.6061,control_jul
2,3087.9064,control_jul
2,3088.2068,control_jul
2,3088.5071,control_jul
2,3088.8074,control_jul
2,3089.1077,control_jul
2,3089.4081,control_jul
2,3089.7084,control_jul
2,3090.0087,control_jul
2,3090.309,control_jul
2,3090.6093,control_jul
2,3090.9096,control_jul
2,3091.21,control_jul
2,3091.5103,control_jul
2,3091.8106,control_jul
2,3092.1109,control_jul
2,3092.4113,control_jul
2,3092.7116,control_jul
2,3093.0119,control_jul
2,3093.3122,control_jul
2,3093.6125,control_jul
2,3093.9128,control_jul
2,3094.2132,control_jul
2,3094.5135,control_jul
2,3094.8138,control_jul
2,3095.1141,control_jul
2,3095.4145,control_jul
2,3095.7148,control_jul
2,3096.0151,control_jul
2,3096.3155,control_jul
2,3096.6158,control_jul
2,3096.9161,control_jul
2,3097.2173,control_jul
2,3097.5167,control_jul
2,3097.817,control_jul
2,3098.1174,control_jul
2,3098.4177,control_jul
2,3098.718,control_jul
2,3099.0183,control_jul
2,3099.3187,control_jul
2,3099.619,control_jul
2,3099.9193,control_jul
2,3100.2196,control_jul
2,3100.5199,control_jul
2,3100.8203,control_jul
2,3101.1206,control_jul
2,3101.4209,control_jul
2,3101.7212,control_jul
2,3102.0215,control_jul
2,3102.3219,control_jul
2,3102.6222,control_jul
2,3102.9225,control_jul
2,3103.2228,control_jul
2,3103.5232,control_jul
2,3103.8235,control_jul
2,3104.1238,control_jul
2,3104.4241,control_jul
2,3104.7244,control_jul
2,3105.0247,control_jul
2,3105.325,control_jul
2,3105.6254,control_jul
2,3105.9257,control_jul
2,3106.2261,control_jul
2,3106.5264,control_jul
2,3106.8267,control_jul
2,3107.127,control_jul
2,3107.4273,control_jul
2,3107.7276,control_jul
2,3108.028,control_jul
2,3108.3283,control_jul
2,3108.6286,control_jul
2,3108.9289,control_jul
2,3109.2293,control_jul
2,3109.5296,control_jul
2,3109.8299,control_jul
0,3110.1302,control_jul
0,3110.4306,control_jul
2,3110.7308,control_jul
2,3111.0312,control_jul
2,3111.3316,control_jul
2,3111.6318,control_jul
0,3111.9322,control_jul
2,3112.2325,control_jul
2,3112.5328,control_jul
2,3112.8332,control_jul
2,3113.1335,control_jul
2,3113.4338,control_jul
2,3113.7341,control_jul
2,3114.0344,control_jul
2,3114.3348,control_jul
2,3114.6351,control_jul
2,3114.9354,control_jul
2,3115.2357,control_jul
2,3115.536,control_jul
2,3115.8364,control_jul
2,3116.1367,control_jul
2,3116.437,control_jul
2,3116.7373,control_jul
2,3117.0377,control_jul
2,3117.338,control_jul
2,3117.6383,control_jul
2,3117.9386,control_jul
2,3118.2389,control_jul
2,3118.5393,control_jul
2,3118.8396,control_jul
2,3119.1399,control_jul
2,3119.4402,control_jul
2,3119.7405,control_jul
2,3120.0409,control_jul
2,3120.3412,control_jul
2,3120.6415,control_jul
2,3120.9419,control_jul
2,3121.2422,control_jul
2,3121.5425,control_jul
2,3121.8428,control_jul
2,3122.1432,control_jul
2,3122.4435,control_jul
2,3122.7438,control_jul
2,3123.0441,control_jul
2,3123.3444,control_jul
2,3123.6448,control_jul
2,3123.9451,control_jul
2,3124.2454,control_jul
2,3124.5457,control_jul
2,3124.846,control_jul
2,3125.1464,control_jul
2,3125.4467,control_jul
2,3125.747,control_jul
2,3126.0474,control_jul
2,3126.3477,control_jul
2,3126.648,control_jul
2,3126.9483,control_jul
2,3127.2486,control_jul
2,3127.549,control_jul
2,3127.8493,control_jul
2,3128.1496,control_jul
2,3128.4499,control_jul
2,3128.7503,control_jul
2,3129.0506,control_jul
0,3129.3509,control_jul
2,3129.6512,control_jul
2,3129.9516,control_jul
2,3130.2519,control_jul
2,3130.5522,control_jul
2,3130.8525,control_jul
2,3131.1528,control_jul
2,3131.4532,control_jul
2,3131.7535,control_jul
2,3132.0538,control_jul
2,3132.3541,control_jul
2,3132.6545,control_jul
2,3132.9548,control_jul
2,3133.2551,control_jul
2,3133.5554,control_jul
2,3133.8558,control_jul
2,3134.1561,control_jul
2,3134.4564,control_jul
2,3134.7567,control_jul
2,3135.0571,control_jul
2,3135.3574,control_jul
2,3135.6577,control_jul
2,3135.958,control_jul
2,3136.2583,control_jul
2,3136.5587,control_jul
2,3136.859,control_jul
2,3137.1593,control_jul
2,3137.4596,control_jul
2,3137.76,control_jul
2,3138.0603,control_jul
2,3138.3606,control_jul
2,3138.6609,control_jul
2,3138.9613,control_jul
2,3139.2616,control_jul
2,3139.5619,control_jul
2,3139.8622,control_jul
2,3140.1625,control_jul
2,3140.4628,control_jul
2,3140.764,control_jul
2,3141.0636,control_jul
2,3141.3638,control_jul
2,3141.6642,control_jul
0,3141.9645,control_jul
2,3142.2648,control_jul
2,3142.5651,control_jul
2,3142.8654,control_jul
2,3143.1658,control_jul
2,3143.4661,control_jul
2,3143.7664,control_jul
2,3144.0667,control_jul
0,3144.3671,control_jul
2,3144.6673,control_jul
2,3144.9677,control_jul
2,3145.268,control_jul
2,3145.5684,control_jul
2,3145.8687,control_jul
2,3146.169,control_jul
2,3146.4693,control_jul
2,3146.7697,control_jul
2,3147.07,control_jul
2,3147.3703,control_jul
2,3147.6706,control_jul
2,3147.9709,control_jul
2,3148.2712,control_jul
2,3148.5716,control_jul
2,3148.8719,control_jul
2,3149.1722,control_jul
2,3149.4725,control_jul
2,3149.7729,control_jul
2,3150.0732,control_jul
2,3150.3735,control_jul
2,3150.6739,control_jul
2,3150.9742,control_jul
2,3151.2745,control_jul
2,3151.5748,control_jul
2,3151.8751,control_jul
2,3152.1755,control_jul
2,3152.4758,control_jul
2,3152.776,control_jul
0,3153.0764,control_jul
2,3153.3767,control_jul
2,3153.6771,control_jul
0,3153.9774,control_jul
2,3154.2777,control_jul
2,3154.5781,control_jul
2,3154.8784,control_jul
2,3155.1787,control_jul
2,3155.479,control_jul
2,3155.7793,control_jul
0,3156.0797,control_jul
0,3156.38,control_jul
2,3156.6803,control_jul
2,3156.9806,control_jul
2,3157.2809,control_jul
2,3157.5813,control_jul
2,3157.8816,control_jul
2,3158.1819,control_jul
2,3158.4823,control_jul
2,3158.7825,control_jul
2,3159.0829,control_jul
2,3159.3832,control_jul
2,3159.6836,control_jul
2,3159.9839,control_jul
2,3160.2842,control_jul
2,3160.5845,control_jul
2,3160.8848,control_jul
2,3161.1852,control_jul
2,3161.4855,control_jul
2,3161.7858,control_jul
2,3162.0861,control_jul
2,3162.3864,control_jul
2,3162.6868,control_jul
2,3162.9871,control_jul
2,3163.2874,control_jul
2,3163.5877,control_jul
2,3163.8881,control_jul
2,3164.1884,control_jul
2,3164.4887,control_jul
2,3164.789,control_jul
2,3165.0893,control_jul
2,3165.3896,control_jul
2,3165.69,control_jul
2,3165.9903,control_jul
0,3166.2907,control_jul
2,3166.591,control_jul
2,3166.8913,control_jul
2,3167.1916,control_jul
2,3167.4919,control_jul
2,3167.7922,control_jul
0,3168.0925,control_jul
2,3168.3929,control_jul
2,3168.6932,control_jul
0,3168.9936,control_jul
2,3169.2939,control_jul
2,3169.5942,control_jul
2,3169.8946,control_jul
2,3170.1948,control_jul
2,3170.4952,control_jul
2,3170.7955,control_jul
2,3171.0958,control_jul
2,3171.3961,control_jul
2,3171.6964,control_jul
0,3171.9967,control_jul
2,3172.2971,control_jul
2,3172.5974,control_jul
2,3172.8977,control_jul
2,3173.198,control_jul
0,3173.4984,control_jul
2,3173.7988,control_jul
2,3174.0991,control_jul
2,3174.3993,control_jul
2,3174.6997,control_jul
2,3175.0,control_jul
2,3175.3003,control_jul
2,3175.6007,control_jul
2,3175.901,control_jul
2,3176.2013,control_jul
2,3176.5016,control_jul
2,3176.802,control_jul
2,3177.1023,control_jul
2,3177.4026,control_jul
2,3177.7029,control_jul
2,3178.0033,control_jul
2,3178.3036,control_jul
2,3178.6039,control_jul
2,3178.9042,control_jul
2,3179.2046,control_jul
2,3179.5049,control_jul
2,3179.8052,control_jul
2,3180.1055,control_jul
2,3180.4059,control_jul
2,3180.7062,control_jul
2,3181.0065,control_jul
0,3181.3068,control_jul
2,3181.6071,control_jul
2,3181.9075,control_jul
2,3182.2078,control_jul
2,3182.5081,control_jul
2,3182.8084,control_jul
2,3183.1087,control_jul
2,3183.4091,control_jul
2,3183.7094,control_jul
2,3184.0098,control_jul
2,3184.31,control_jul
2,3184.6104,control_jul
2,3184.9107,control_jul
2,3185.211,control_jul
2,3185.5114,control_jul
2,3185.8117,control_jul
2,3186.112,control_jul
2,3186.4123,control_jul
2,3186.7126,control_jul
2,3187.013,control_jul
2,3187.3133,control_jul
2,3187.6136,control_jul
2,3187.9139,control_jul
2,3188.2142,control_jul
2,3188.5146,control_jul
2,3188.8149,control_jul
2,3189.1152,control_jul
2,3189.4156,control_jul
2,3189.7159,control_jul
2,3190.0162,control_jul
2,3190.3165,control_jul
2,3190.6169,control_jul
2,3190.9172,control_jul
2,3191.2175,control_jul
2,3191.5179,control_jul
2,3191.8181,control_jul
2,3192.1185,control_jul
2,3192.4188,control_jul
2,3192.7191,control_jul
2,3193.0195,control_jul
2,3193.3197,control_jul
2,3193.6201,control_jul
2,3193.9204,control_jul
2,3194.2207,control_jul
2,3194.5211,control_jul
2,3194.8214,control_jul
2,3195.1217,control_jul
0,3195.422,control_jul
2,3195.7223,control_jul
2,3196.0227,control_jul
2,3196.323,control_jul
2,3196.6233,control_jul
2,3196.9236,control_jul
2,3197.224,control_jul
2,3197.5243,control_jul
2,3197.8246,control_jul
2,3198.125,control_jul
2,3198.4253,control_jul
2,3198.7256,control_jul
2,3199.0259,control_jul
2,3199.3262,control_jul
2,3199.6266,control_jul
2,3199.9269,control_jul
2,3200.2272,control_jul
2,3200.5275,control_jul
2,3200.8279,control_jul
2,3201.1282,control_jul
2,3201.4285,control_jul
2,3201.7288,control_jul
2,3202.0291,control_jul
2,3202.3295,control_jul
2,3202.6298,control_jul
2,3202.9301,control_jul
2,3203.2304,control_jul
2,3203.5308,control_jul
2,3203.8311,control_jul
2,3204.1314,control_jul
2,3204.4317,control_jul
2,3204.7321,control_jul
2,3205.0324,control_jul
2,3205.3327,control_jul
0,3205.633,control_jul
0,3205.9334,control_jul
2,3206.2336,control_jul
2,3206.534,control_jul
2,3206.8343,control_jul
2,3207.1347,control_jul
2,3207.4349,control_jul
2,3207.7353,control_jul
2,3208.0356,control_jul
2,3208.3359,control_jul
2,3208.6363,control_jul
2,3208.9366,control_jul
2,3209.237,control_jul
2,3209.5372,control_jul
2,3209.8376,control_jul
2,3210.1379,control_jul
0,3210.4382,control_jul
2,3210.7386,control_jul
2,3211.0388,control_jul
2,3211.3392,control_jul
2,3211.6395,control_jul
2,3211.9399,control_jul
2,3212.2402,control_jul
2,3212.5405,control_jul
2,3212.8408,control_jul
2,3213.1411,control_jul
2,3213.4415,control_jul
2,3213.7418,control_jul
0,3214.0421,control_jul
2,3214.3425,control_jul
2,3214.6428,control_jul
2,3214.943,control_jul
2,3215.2435,control_jul
2,3215.5437,control_jul
2,3215.844,control_jul
2,3216.1444,control_jul
2,3216.4447,control_jul
2,3216.745,control_jul
2,3217.0453,control_jul
2,3217.3457,control_jul
2,3217.646,control_jul
2,3217.9463,control_jul
2,3218.2467,control_jul
2,3218.5469,control_jul
0,3218.8473,control_jul
2,3219.1476,control_jul
2,3219.4479,control_jul
0,3219.7482,control_jul
2,3220.0486,control_jul
2,3220.3489,control_jul
2,3220.6492,control_jul
2,3220.9495,control_jul
2,3221.2499,control_jul
2,3221.5502,control_jul
2,3221.8505,control_jul
2,3222.1508,control_jul
2,3222.4512,control_jul
2,3222.7515,control_jul
2,3223.0518,control_jul
2,3223.3522,control_jul
2,3223.6524,control_jul
2,3223.9528,control_jul
2,3224.2532,control_jul
2,3224.5535,control_jul
2,3224.8538,control_jul
2,3225.1541,control_jul
2,3225.4545,control_jul
2,3225.7548,control_jul
2,3226.0551,control_jul
2,3226.3554,control_jul
2,3226.6557,control_jul
2,3226.9561,control_jul
2,3227.2564,control_jul
2,3227.5567,control_jul
2,3227.8571,control_jul
2,3228.1573,control_jul
2,3228.4577,control_jul
2,3228.758,control_jul
2,3229.0583,control_jul
2,3229.3586,control_jul
2,3229.659,control_jul
2,3229.9593,control_jul
2,3230.2596,control_jul
1,3230.56,control_jul
1,3230.8602,control_jul
1,3231.1606,control_jul
1,3231.461,control_jul
2,3231.7612,control_jul
2,3232.0615,control_jul
2,3232.3619,control_jul
2,3232.6622,control_jul
0,3232.9625,control_jul
2,3233.2628,control_jul
2,3233.5631,control_jul
2,3233.8635,control_jul
2,3234.1638,control_jul
2,3234.4642,control_jul
2,3234.7645,control_jul
2,3235.0648,control_jul
2,3235.3651,control_jul
2,3235.6655,control_jul
2,3235.9657,control_jul
2,3236.2661,control_jul
2,3236.5664,control_jul
2,3236.8667,control_jul
2,3237.167,control_jul
2,3237.4674,control_jul
2,3237.7677,control_jul
2,3238.068,control_jul
2,3238.3684,control_jul
2,3238.6687,control_jul
2,3238.969,control_jul
2,3239.2693,control_jul
2,3239.5696,control_jul
2,3239.87,control_jul
2,3240.1703,control_jul
2,3240.4706,control_jul
2,3240.771,control_jul
2,3241.0713,control_jul
2,3241.3716,control_jul
2,3241.6719,control_jul
2,3241.9723,control_jul
2,3242.2726,control_jul
2,3242.5729,control_jul
2,3242.8732,control_jul
2,3243.1736,control_jul
2,3243.4739,control_jul
2,3243.7742,control_jul
2,3244.0745,control_jul
2,3244.3748,control_jul
2,3244.6751,control_jul
2,3244.9755,control_jul
2,3245.2758,control_jul
2,3245.5761,control_jul
2,3245.8764,control_jul
2,3246.1768,control_jul
2,3246.4771,control_jul
2,3246.7774,control_jul
2,3247.0778,control_jul
2,3247.378,control_jul
2,3247.6784,control_jul
2,3247.9787,control_jul
2,3248.2846,control_jul
2,3248.5793,control_jul
2,3248.8797,control_jul
2,3249.18,control_jul
2,3249.4804,control_jul
2,3249.7807,control_jul
2,3250.081,control_jul
2,3250.3813,control_jul
2,3250.6817,control_jul
2,3250.9819,control_jul
2,3251.2823,control_jul
2,3251.5826,control_jul
2,3251.8829,control_jul
2,3252.1832,control_jul
2,3252.4836,control_jul
2,3252.7839,control_jul
2,3253.0842,control_jul
2,3253.3845,control_jul
2,3253.6849,control_jul
2,3253.9852,control_jul
2,3254.2855,control_jul
2,3254.5858,control_jul
2,3254.8861,control_jul
2,3255.1865,control_jul
2,3255.4868,control_jul
2,3255.7871,control_jul
2,3256.0875,control_jul
2,3256.3877,control_jul
2,3256.6881,control_jul
2,3256.9884,control_jul
2,3257.2887,control_jul
2,3257.5891,control_jul
0,3257.8894,control_jul
2,3258.1897,control_jul
2,3258.49,control_jul
2,3258.7904,control_jul
2,3259.0907,control_jul
0,3259.391,control_jul
2,3259.6914,control_jul
2,3259.9917,control_jul
2,3260.292,control_jul
2,3260.5923,control_jul
2,3260.8926,control_jul
2,3261.193,control_jul
2,3261.4932,control_jul
2,3261.7936,control_jul
2,3262.0939,control_jul
2,3262.3942,control_jul
0,3262.6946,control_jul
2,3262.9949,control_jul
2,3263.2952,control_jul
2,3263.5956,control_jul
2,3263.8959,control_jul
2,3264.1962,control_jul
2,3264.4965,control_jul
2,3264.7969,control_jul
1,3265.0972,control_jul
1,3265.3975,control_jul
2,3265.6978,control_jul
2,3265.9981,control_jul
2,3266.2985,control_jul
2,3266.5988,control_jul
2,3266.8991,control_jul
2,3267.1995,control_jul
2,3267.4998,control_jul
2,3267.8001,control_jul
2,3268.1004,control_jul
2,3268.4008,control_jul
2,3268.7011,control_jul
2,3269.0014,control_jul
2,3269.3018,control_jul
2,3269.602,control_jul
2,3269.9024,control_jul
2,3270.2027,control_jul
2,3270.503,control_jul
2,3270.8034,control_jul
1,3271.1037,control_jul
1,3271.404,control_jul
2,3271.7044,control_jul
2,3272.0047,control_jul
2,3272.3049,control_jul
2,3272.6053,control_jul
2,3272.9057,control_jul
0,3273.206,control_jul
2,3273.5063,control_jul
2,3273.8066,control_jul
2,3274.1069,control_jul
2,3274.4072,control_jul
2,3274.7076,control_jul
2,3275.0079,control_jul
2,3275.3082,control_jul
2,3275.6085,control_jul
0,3275.9089,control_jul
2,3276.2092,control_jul
2,3276.5095,control_jul
2,3276.8098,control_jul
2,3277.1102,control_jul
2,3277.4105,control_jul
2,3277.7108,control_jul
2,3278.0112,control_jul
2,3278.3114,control_jul
2,3278.6118,control_jul
2,3278.9121,control_jul
2,3279.2124,control_jul
2,3279.5128,control_jul
2,3279.8131,control_jul
2,3280.1134,control_jul
2,3280.4137,control_jul
2,3280.714,control_jul
2,3281.0143,control_jul
2,3281.3147,control_jul
2,3281.615,control_jul
2,3281.9154,control_jul
2,3282.2156,control_jul
2,3282.516,control_jul
2,3282.8164,control_jul
2,3283.1166,control_jul
2,3283.417,control_jul
2,3283.7173,control_jul
2,3284.0176,control_jul
2,3284.3179,control_jul
2,3284.6183,control_jul
2,3284.9186,control_jul
2,3285.2189,control_jul
2,3285.5192,control_jul
2,3285.8195,control_jul
2,3286.1199,control_jul
2,3286.4202,control_jul
2,3286.7205,control_jul
2,3287.0209,control_jul
2,3287.3212,control_jul
2,3287.6215,control_jul
2,3287.9218,control_jul
2,3288.2222,control_jul
0,3288.5225,control_jul
2,3288.8228,control_jul
2,3289.1232,control_jul
2,3289.4235,control_jul
2,3289.7238,control_jul
2,3290.0241,control_jul
2,3290.3244,control_jul
2,3290.6248,control_jul
2,3290.9251,control_jul
2,3291.2254,control_jul
2,3291.5257,control_jul
2,3291.826,control_jul
2,3292.1263,control_jul
2,3292.4267,control_jul
2,3292.727,control_jul
2,3293.0274,control_jul
2,3293.3276,control_jul
2,3293.628,control_jul
2,3293.9284,control_jul
2,3294.2286,control_jul
0,3294.529,control_jul
2,3294.8293,control_jul
2,3295.1296,control_jul
2,3295.4299,control_jul
2,3295.7302,control_jul
2,3296.0306,control_jul
2,3296.3309,control_jul
2,3296.6312,control_jul
2,3296.9316,control_jul
2,3297.2319,control_jul
2,3297.5322,control_jul
2,3297.8325,control_jul
0,3298.1329,control_jul
2,3298.4332,control_jul
0,3299.0339,control_jul
2,3299.3341,control_jul
2,3299.6345,control_jul
0,3299.9348,control_jul
2,3300.2351,control_jul
0,3300.5355,control_jul
2,3300.8358,control_jul
2,3301.1361,control_jul
2,3301.4364,control_jul
2,3301.7367,control_jul
2,3302.0371,control_jul
2,3302.3374,control_jul
2,3302.6377,control_jul
2,3302.938,control_jul
2,3303.2384,control_jul
2,3303.5387,control_jul
2,3303.839,control_jul
2,3304.1393,control_jul
2,3304.4396,control_jul
2,3304.74,control_jul
2,3305.0403,control_jul
2,3305.3407,control_jul
2,3305.641,control_jul
2,3305.9412,control_jul
2,3306.2416,control_jul
2,3306.542,control_jul
2,3306.8422,control_jul
2,3307.1426,control_jul
2,3307.4429,control_jul
2,3307.7433,control_jul
2,3308.0436,control_jul
2,3308.3439,control_jul
2,3308.6442,control_jul
2,3308.9445,control_jul
2,3309.2449,control_jul
2,3309.5452,control_jul
2,3309.8455,control_jul
2,3310.1459,control_jul
0,3310.4461,control_jul
2,3310.7465,control_jul
0,3311.0468,control_jul
2,3311.3471,control_jul
2,3311.6475,control_jul
2,3311.9478,control_jul
2,3312.2481,control_jul
2,3312.5484,control_jul
2,3312.8487,control_jul
2,3313.1491,control_jul
2,3313.4494,control_jul
2,3313.7497,control_jul
2,3314.05,control_jul
2,3314.3504,control_jul
2,3314.6507,control_jul
2,3314.951,control_jul
2,3315.2514,control_jul
2,3315.5517,control_jul
0,3315.8519,control_jul
2,3316.1523,control_jul
0,3316.4527,control_jul
2,3316.753,control_jul
2,3317.0533,control_jul
2,3317.3536,control_jul
2,3317.654,control_jul
2,3317.9543,control_jul
0,3318.2546,control_jul
2,3318.5549,control_jul
2,3318.8552,control_jul
2,3319.1555,control_jul
2,3319.4559,control_jul
0,3319.7562,control_jul
2,3320.0565,control_jul
2,3320.3568,control_jul
2,3320.6572,control_jul
2,3320.9574,control_jul
2,3321.2578,control_jul
2,3321.5581,control_jul
2,3321.8584,control_jul
2,3322.1588,control_jul
2,3322.4591,control_jul
2,3322.7595,control_jul
2,3323.0598,control_jul
0,3323.3601,control_jul
2,3323.6604,control_jul
2,3323.9608,control_jul
2,3324.2611,control_jul
2,3324.5613,control_jul
2,3324.8617,control_jul
2,3325.1621,control_jul
2,3325.4624,control_jul
2,3325.7627,control_jul
2,3326.063,control_jul
2,3326.3634,control_jul
2,3326.6637,control_jul
2,3326.964,control_jul
2,3327.2643,control_jul
2,3327.5646,control_jul
2,3327.865,control_jul
0,3328.1653,control_jul
2,3328.4656,control_jul
2,3328.766,control_jul
2,3329.0662,control_jul
2,3329.3666,control_jul
2,3329.6669,control_jul
2,3329.9672,control_jul
2,3330.2676,control_jul
2,3330.5679,control_jul
0,3330.8682,control_jul
2,3331.1685,control_jul
2,3331.4689,control_jul
2,3331.7692,control_jul
2,3332.0694,control_jul
2,3332.3698,control_jul
2,3332.6701,control_jul
2,3332.9705,control_jul
2,3333.2708,control_jul
2,3333.5711,control_jul
2,3333.8714,control_jul
2,3334.1718,control_jul
2,3334.4721,control_jul
2,3334.7724,control_jul
2,3335.0727,control_jul
2,3335.3731,control_jul
2,3335.6734,control_jul
2,3335.9737,control_jul
2,3336.274,control_jul
2,3336.5743,control_jul
2,3336.8747,control_jul
2,3337.175,control_jul
0,3337.4753,control_jul
2,3337.7756,control_jul
2,3338.076,control_jul
2,3338.3763,control_jul
2,3338.6766,control_jul
2,3338.977,control_jul
2,3339.2772,control_jul
2,3339.5776,control_jul
2,3339.8779,control_jul
2,3340.1782,control_jul
2,3340.4786,control_jul
2,3340.7788,control_jul
2,3341.0792,control_jul
2,3341.3796,control_jul
2,3341.6799,control_jul
2,3341.9802,control_jul
2,3342.2805,control_jul
2,3342.5809,control_jul
2,3342.8812,control_jul
2,3343.1815,control_jul
2,3343.4818,control_jul
2,3343.7822,control_jul
2,3344.0825,control_jul
2,3344.3828,control_jul
2,3344.6831,control_jul
0,3344.9835,control_jul
2,3345.2837,control_jul
2,3345.584,control_jul
2,3345.8844,control_jul
2,3346.1847,control_jul
2,3346.4851,control_jul
2,3346.7854,control_jul
2,3347.0857,control_jul
2,3347.386,control_jul
0,3347.6864,control_jul
2,3347.9866,control_jul
2,3348.287,control_jul
0,3348.5873,control_jul
2,3348.8876,control_jul
2,3349.188,control_jul
2,3349.4882,control_jul
2,3349.7886,control_jul
2,3350.0889,control_jul
2,3350.3893,control_jul
2,3350.6896,control_jul
2,3350.9899,control_jul
2,3351.2902,control_jul
2,3351.5906,control_jul
2,3351.8908,control_jul
2,3352.1913,control_jul
2,3352.4916,control_jul
2,3352.7919,control_jul
2,3353.0922,control_jul
2,3353.3925,control_jul
2,3353.6928,control_jul
2,3353.9932,control_jul
2,3354.2935,control_jul
2,3354.5938,control_jul
2,3354.8941,control_jul
2,3355.1944,control_jul
2,3355.4948,control_jul
2,3355.7951,control_jul
2,3356.0954,control_jul
2,3356.3957,control_jul
2,3356.6961,control_jul
2,3356.9964,control_jul
2,3357.2967,control_jul
2,3357.5971,control_jul
2,3357.8974,control_jul
2,3358.1977,control_jul
2,3358.498,control_jul
2,3358.7983,control_jul
2,3359.0987,control_jul
2,3359.399,control_jul
2,3359.6993,control_jul
2,3359.9996,control_jul
2,3360.3,control_jul
2,3360.6003,control_jul
2,3360.9006,control_jul
2,3361.2009,control_jul
2,3361.5012,control_jul
2,3361.8016,control_jul
2,3362.1019,control_jul
2,3362.4022,control_jul
2,3362.7026,control_jul
2,3363.0028,control_jul
2,3363.3032,control_jul
2,3363.6036,control_jul
2,3363.9038,control_jul
2,3364.2042,control_jul
2,3364.5044,control_jul
2,3364.8048,control_jul
2,3365.1052,control_jul
2,3365.4055,control_jul
2,3365.7058,control_jul
2,3366.0061,control_jul
2,3366.3064,control_jul
2,3366.6068,control_jul
2,3366.9071,control_jul
2,3367.2074,control_jul
2,3367.5077,control_jul
2,3367.808,control_jul
2,3368.1084,control_jul
2,3368.4087,control_jul
2,3368.7091,control_jul
2,3369.0093,control_jul
2,3369.3096,control_jul
2,3369.61,control_jul
2,3369.9103,control_jul
2,3370.2106,control_jul
2,3370.511,control_jul
2,3370.8113,control_jul
2,3371.1116,control_jul
2,3371.4119,control_jul
2,3371.7123,control_jul
2,3372.0126,control_jul
2,3372.3129,control_jul
2,3372.6132,control_jul
2,3372.9135,control_jul
2,3373.2138,control_jul
2,3373.5142,control_jul
2,3373.8144,control_jul
2,3374.1148,control_jul
2,3374.4151,control_jul
2,3374.7155,control_jul
2,3375.0158,control_jul
2,3375.3161,control_jul
2,3375.6164,control_jul
2,3375.9167,control_jul
2,3376.2171,control_jul
2,3376.5174,control_jul
2,3376.8177,control_jul
2,3377.118,control_jul
2,3377.4184,control_jul
2,3377.7187,control_jul
2,3378.019,control_jul
2,3378.3193,control_jul
2,3378.6196,control_jul
2,3378.92,control_jul
2,3379.2203,control_jul
2,3379.5206,control_jul
2,3379.821,control_jul
2,3380.1213,control_jul
2,3380.4216,control_jul
1,3380.7219,control_jul
1,3381.0222,control_jul
1,3381.3226,control_jul
1,3381.6228,control_jul
1,3381.9232,control_jul
2,3382.2235,control_jul
2,3382.5239,control_jul
1,3382.8242,control_jul
2,3383.1245,control_jul
2,3383.4248,control_jul
2,3383.7251,control_jul
2,3384.0255,control_jul
2,3384.3258,control_jul
2,3384.6261,control_jul
2,3384.9264,control_jul
2,3385.2268,control_jul
2,3385.527,control_jul
0,3385.8274,control_jul
2,3386.1277,control_jul
2,3386.4281,control_jul
1,3386.7284,control_jul
1,3387.0287,control_jul
1,3387.329,control_jul
1,3387.6294,control_jul
1,3387.9297,control_jul
1,3388.23,control_jul
1,3388.5303,control_jul
2,3388.8307,control_jul
2,3389.131,control_jul
2,3389.4313,control_jul
2,3389.7316,control_jul
2,3390.0319,control_jul
2,3390.3323,control_jul
2,3390.6326,control_jul
0,3390.9329,control_jul
0,3391.2332,control_jul
2,3391.5335,control_jul
2,3391.8339,control_jul
2,3392.1342,control_jul
2,3392.4345,control_jul
2,3392.7348,control_jul
2,3393.0351,control_jul
2,3393.3355,control_jul
2,3393.6357,control_jul
2,3393.9361,control_jul
2,3394.2364,control_jul
0,3394.5367,control_jul
2,3394.8371,control_jul
2,3395.1374,control_jul
2,3395.4377,control_jul
2,3395.738,control_jul
2,3396.0384,control_jul
2,3396.3387,control_jul
2,3396.639,control_jul
2,3396.9394,control_jul
2,3397.2397,control_jul
2,3397.54,control_jul
2,3397.8403,control_jul
2,3398.1406,control_jul
2,3398.4409,control_jul
2,3398.7413,control_jul
2,3399.0416,control_jul
2,3399.3419,control_jul
2,3399.6423,control_jul
2,3399.9425,control_jul
2,3400.2429,control_jul
2,3400.5432,control_jul
2,3400.8435,control_jul
2,3401.1438,control_jul
2,3401.4442,control_jul
2,3401.7445,control_jul
2,3402.0448,control_jul
2,3402.3452,control_jul
2,3402.6455,control_jul
2,3402.9458,control_jul
2,3403.2461,control_jul
2,3403.5465,control_jul
2,3403.8468,control_jul
2,3404.1471,control_jul
2,3404.4474,control_jul
2,3404.7477,control_jul
2,3405.048,control_jul
2,3405.3484,control_jul
2,3405.6487,control_jul
2,3405.949,control_jul
2,3406.2493,control_jul
2,3406.5497,control_jul
2,3406.8499,control_jul
2,3407.1503,control_jul
0,3407.4507,control_jul
2,3407.7509,control_jul
2,3408.0512,control_jul
2,3408.3516,control_jul
2,3408.6519,control_jul
2,3408.9522,control_jul
2,3409.2526,control_jul
2,3409.5529,control_jul
2,3409.8532,control_jul
2,3410.1536,control_jul
2,3410.4538,control_jul
2,3410.7542,control_jul
2,3411.0545,control_jul
2,3411.3548,control_jul
2,3411.6551,control_jul
2,3411.9555,control_jul
2,3412.2558,control_jul
2,3412.5561,control_jul
0,3412.8564,control_jul
2,3413.1568,control_jul
2,3413.4571,control_jul
2,3413.7574,control_jul
2,3414.0577,control_jul
2,3414.358,control_jul
2,3414.6584,control_jul
2,3414.9587,control_jul
2,3415.259,control_jul
2,3415.5594,control_jul
2,3415.8596,control_jul
2,3416.16,control_jul
2,3416.4603,control_jul
2,3416.7607,control_jul
2,3417.061,control_jul
2,3417.3613,control_jul
2,3417.6616,control_jul
2,3417.962,control_jul
2,3418.2623,control_jul
2,3418.5626,control_jul
2,3418.8629,control_jul
2,3419.1632,control_jul
2,3419.4636,control_jul
2,3419.7638,control_jul
2,3420.0642,control_jul
2,3420.3645,control_jul
2,3420.6648,control_jul
2,3420.9652,control_jul
2,3421.2655,control_jul
2,3421.5658,control_jul
2,3421.8661,control_jul
2,3422.1664,control_jul
2,3422.4668,control_jul
2,3422.7671,control_jul
0,3423.0675,control_jul
2,3423.3678,control_jul
0,3423.6681,control_jul
2,3423.9684,control_jul
2,3424.2687,control_jul
2,3424.5691,control_jul
2,3424.8694,control_jul
2,3425.1697,control_jul
2,3425.47,control_jul
2,3425.7703,control_jul
2,3426.0707,control_jul
0,3426.371,control_jul
2,3426.6713,control_jul
2,3426.9716,control_jul
2,3427.272,control_jul
2,3427.5723,control_jul
2,3427.8726,control_jul
2,3428.1785,control_jul
2,3428.4733,control_jul
2,3428.7736,control_jul
2,3429.0739,control_jul
2,3429.3742,control_jul
2,3429.6746,control_jul
2,3429.9749,control_jul
2,3430.2752,control_jul
2,3430.5756,control_jul
2,3430.8758,control_jul
2,3431.1762,control_jul
2,3431.4765,control_jul
2,3431.7768,control_jul
2,3432.0772,control_jul
2,3432.3774,control_jul
2,3432.6779,control_jul
2,3432.9782,control_jul
2,3433.2785,control_jul
2,3433.5788,control_jul
2,3433.8791,control_jul
2,3434.1794,control_jul
2,3434.4797,control_jul
2,3434.7801,control_jul
2,3435.0804,control_jul
0,3435.3807,control_jul
0,3435.6811,control_jul
2,3435.9813,control_jul
0,3436.2817,control_jul
2,3436.582,control_jul
2,3436.8824,control_jul
2,3437.1827,control_jul
2,3437.483,control_jul
2,3437.7833,control_jul
2,3438.0837,control_jul
2,3438.384,control_jul
2,3438.6843,control_jul
2,3438.9846,control_jul
2,3439.2849,control_jul
2,3439.5852,control_jul
2,3439.8856,control_jul
2,3440.1859,control_jul
2,3440.4862,control_jul
2,3440.7866,control_jul
2,3441.0868,control_jul
2,3441.3872,control_jul
2,3441.6875,control_jul
2,3441.9878,control_jul
2,3442.2881,control_jul
2,3442.5885,control_jul
2,3442.8888,control_jul
2,3443.1892,control_jul
2,3443.4894,control_jul
2,3443.7898,control_jul
2,3444.0901,control_jul
2,3444.3905,control_jul
2,3444.6908,control_jul
2,3444.991,control_jul
2,3445.2915,control_jul
2,3445.5918,control_jul
2,3445.892,control_jul
2,3446.1924,control_jul
0,3446.4927,control_jul
2,3446.793,control_jul
2,3447.0933,control_jul
2,3447.3937,control_jul
2,3447.694,control_jul
2,3447.9943,control_jul
2,3448.2946,control_jul
2,3448.595,control_jul
2,3448.8953,control_jul
2,3449.1956,control_jul
2,3449.4959,control_jul
0,3449.7962,control_jul
2,3450.0965,control_jul
2,3450.3969,control_jul
2,3450.6972,control_jul
2,3450.9975,control_jul
2,3451.2979,control_jul
2,3451.5982,control_jul
2,3451.8985,control_jul
2,3452.1988,control_jul
2,3452.4991,control_jul
2,3452.7995,control_jul
2,3453.0998,control_jul
2,3453.4001,control_jul
2,3453.7004,control_jul
2,3454.0008,control_jul
2,3454.6014,control_jul
2,3454.9018,control_jul
2,3455.2021,control_jul
2,3455.5024,control_jul
2,3455.8027,control_jul
2,3456.103,control_jul
2,3456.4034,control_jul
2,3456.7037,control_jul
2,3457.004,control_jul
0,3457.3043,control_jul
2,3457.6047,control_jul
2,3457.905,control_jul
2,3458.2053,control_jul
2,3458.5056,control_jul
2,3458.8059,control_jul
2,3459.1063,control_jul
2,3459.4066,control_jul
2,3459.7069,control_jul
2,3460.0073,control_jul
2,3460.3076,control_jul
2,3460.6079,control_jul
2,3460.9082,control_jul
2,3461.2086,control_jul
2,3461.5088,control_jul
2,3461.8092,control_jul
2,3462.1094,control_jul
2,3462.4098,control_jul
2,3462.7102,control_jul
2,3463.0105,control_jul
2,3463.3108,control_jul
2,3463.6111,control_jul
2,3463.9114,control_jul
2,3464.2118,control_jul
2,3464.5121,control_jul
2,3464.8124,control_jul
2,3465.1127,control_jul
2,3465.4131,control_jul
2,3465.7134,control_jul
2,3466.0137,control_jul
2,3466.314,control_jul
0,3466.6143,control_jul
2,3466.9146,control_jul
2,3467.215,control_jul
2,3467.5153,control_jul
2,3467.8156,control_jul
2,3468.1159,control_jul
2,3468.4162,control_jul
2,3468.7166,control_jul
2,3469.0169,control_jul
2,3469.3172,control_jul
2,3469.6175,control_jul
2,3469.9179,control_jul
2,3470.2182,control_jul
2,3470.5185,control_jul
2,3470.8188,control_jul
2,3471.1191,control_jul
2,3471.4195,control_jul
2,3471.7198,control_jul
2,3472.0202,control_jul
2,3472.3205,control_jul
2,3472.6208,control_jul
2,3472.9211,control_jul
2,3473.2214,control_jul
2,3473.5218,control_jul
2,3473.822,control_jul
2,3474.1224,control_jul
2,3474.4228,control_jul
0,3474.723,control_jul
2,3475.0234,control_jul
2,3475.3236,control_jul
1,3475.624,control_jul
1,3475.9244,control_jul
1,3476.2246,control_jul
1,3476.525,control_jul
1,3476.8253,control_jul
2,3477.1256,control_jul
0,3477.4259,control_jul
2,3477.7263,control_jul
2,3478.0266,control_jul
2,3478.3269,control_jul
2,3478.6272,control_jul
2,3478.9276,control_jul
2,3479.2278,control_jul
2,3479.5282,control_jul
2,3479.8285,control_jul
2,3480.1289,control_jul
2,3480.4292,control_jul
2,3480.7295,control_jul
2,3481.0298,control_jul
2,3481.3301,control_jul
2,3481.6305,control_jul
2,3481.9308,control_jul
2,3482.2311,control_jul
2,3482.5315,control_jul
2,3482.8317,control_jul
2,3483.1321,control_jul
2,3483.4324,control_jul
2,3483.7327,control_jul
2,3484.0331,control_jul
2,3484.3334,control_jul
2,3484.6337,control_jul
2,3484.934,control_jul
2,3485.2343,control_jul
2,3485.5347,control_jul
2,3485.835,control_jul
2,3486.1353,control_jul
2,3486.4356,control_jul
2,3486.736,control_jul
2,3487.0363,control_jul
2,3487.3366,control_jul
2,3487.637,control_jul
2,3487.9372,control_jul
2,3488.2376,control_jul
2,3488.5379,control_jul
2,3488.8382,control_jul
2,3489.1385,control_jul
2,3489.4388,control_jul
2,3489.7392,control_jul
2,3490.0395,control_jul
2,3490.3398,control_jul
2,3490.6401,control_jul
2,3490.9404,control_jul
2,3491.2408,control_jul
2,3491.5411,control_jul
2,3491.8414,control_jul
2,3492.1418,control_jul
2,3492.442,control_jul
2,3492.7424,control_jul
2,3493.0428,control_jul
2,3493.343,control_jul
2,3493.6434,control_jul
2,3493.9437,control_jul
2,3494.244,control_jul
2,3494.5444,control_jul
2,3494.8447,control_jul
2,3495.1451,control_jul
2,3495.4453,control_jul
2,3495.7457,control_jul
2,3496.046,control_jul
2,3496.3463,control_jul
2,3496.6466,control_jul
2,3496.9469,control_jul
2,3497.2472,control_jul
2,3497.5476,control_jul
2,3497.8479,control_jul
2,3498.1483,control_jul
2,3498.4485,control_jul
2,3498.7489,control_jul
2,3499.0492,control_jul
2,3499.3496,control_jul
2,3499.6499,control_jul
2,3499.9501,control_jul
2,3500.2505,control_jul
2,3500.5508,control_jul
2,3500.8511,control_jul
2,3501.1514,control_jul
2,3501.4518,control_jul
2,3501.7521,control_jul
2,3502.0524,control_jul
2,3502.3528,control_jul
2,3502.6531,control_jul
2,3502.9534,control_jul
2,3503.2538,control_jul
2,3503.554,control_jul
2,3503.8544,control_jul
2,3504.1547,control_jul
2,3504.455,control_jul
2,3504.7554,control_jul
2,3505.0557,control_jul
2,3505.356,control_jul
0,3505.6564,control_jul
2,3505.9566,control_jul
2,3506.257,control_jul
2,3506.5572,control_jul
2,3506.8577,control_jul
2,3507.158,control_jul
2,3507.4582,control_jul
2,3507.7586,control_jul
2,3508.0589,control_jul
2,3508.3592,control_jul
2,3508.6595,control_jul
2,3508.9599,control_jul
2,3509.2602,control_jul
2,3509.5605,control_jul
2,3509.8609,control_jul
2,3510.1612,control_jul
2,3510.4615,control_jul
2,3510.7618,control_jul
2,3511.0621,control_jul
2,3511.3625,control_jul
2,3511.6628,control_jul
2,3511.9631,control_jul
2,3512.2634,control_jul
2,3512.5637,control_jul
2,3512.8641,control_jul
2,3513.1644,control_jul
0,3513.4647,control_jul
2,3513.7651,control_jul
0,3514.0654,control_jul
2,3514.3657,control_jul
2,3514.666,control_jul
2,3514.9663,control_jul
2,3515.2666,control_jul
2,3515.567,control_jul
2,3515.8673,control_jul
2,3516.1676,control_jul
2,3516.468,control_jul
2,3516.7682,control_jul
2,3517.0686,control_jul
2,3517.3689,control_jul
2,3517.6692,control_jul
2,3517.9695,control_jul
2,3518.2699,control_jul
2,3518.5702,control_jul
2,3518.8706,control_jul
2,3519.1708,control_jul
2,3519.4712,control_jul
2,3519.7715,control_jul
2,3520.0718,control_jul
2,3520.3721,control_jul
2,3520.6724,control_jul
0,3520.9728,control_jul
2,3521.2731,control_jul
2,3521.5734,control_jul
2,3521.8737,control_jul
2,3522.174,control_jul
2,3522.4744,control_jul
2,3522.7747,control_jul
2,3523.075,control_jul
2,3523.3753,control_jul
2,3523.6757,control_jul
2,3523.976,control_jul
2,3524.2763,control_jul
2,3524.5766,control_jul
2,3524.877,control_jul
2,3525.1773,control_jul
2,3525.4776,control_jul
2,3525.778,control_jul
2,3526.0783,control_jul
2,3526.3786,control_jul
2,3526.6789,control_jul
2,3526.9792,control_jul
2,3527.2796,control_jul
2,3527.5798,control_jul
0,3527.8802,control_jul
2,3528.1805,control_jul
2,3528.4808,control_jul
2,3528.7812,control_jul
2,3529.0815,control_jul
2,3529.3818,control_jul
2,3529.6821,control_jul
2,3529.9824,control_jul
2,3530.2828,control_jul
2,3530.5831,control_jul
2,3530.8834,control_jul
2,3531.1837,control_jul
2,3531.4841,control_jul
2,3531.7844,control_jul
2,3532.0847,control_jul
2,3532.385,control_jul
2,3532.6853,control_jul
2,3532.9857,control_jul
2,3533.286,control_jul
2,3533.5863,control_jul
2,3533.8866,control_jul
2,3534.1869,control_jul
2,3534.4873,control_jul
2,3534.7876,control_jul
2,3535.0879,control_jul
2,3535.3882,control_jul
2,3535.6885,control_jul
2,3535.9889,control_jul
2,3536.2892,control_jul
2,3536.5895,control_jul
2,3536.8899,control_jul
2,3537.1901,control_jul
2,3537.4905,control_jul
0,3537.7908,control_jul
2,3538.0911,control_jul
2,3538.3915,control_jul
2,3538.6917,control_jul
2,3538.9921,control_jul
2,3539.2924,control_jul
2,3539.5927,control_jul
2,3539.8931,control_jul
2,3540.1934,control_jul
2,3540.4937,control_jul
2,3540.794,control_jul
2,3541.0943,control_jul
2,3541.3947,control_jul
2,3541.6949,control_jul
2,3541.9953,control_jul
2,3542.2956,control_jul
2,3542.5959,control_jul
2,3542.8963,control_jul
2,3543.1966,control_jul
2,3543.4969,control_jul
2,3543.7972,control_jul
2,3544.0975,control_jul
2,3544.3979,control_jul
2,3544.6982,control_jul
2,3544.9985,control_jul
2,3545.2988,control_jul
2,3545.5992,control_jul
2,3545.8995,control_jul
2,3546.1998,control_jul
2,3546.5002,control_jul
2,3546.8004,control_jul
2,3547.1008,control_jul
2,3547.4012,control_jul
2,3547.7014,control_jul
2,3548.0018,control_jul
2,3548.302,control_jul
2,3548.6023,control_jul
2,3548.9027,control_jul
2,3549.2031,control_jul
2,3549.5034,control_jul
2,3549.8037,control_jul
2,3550.104,control_jul
2,3550.4043,control_jul
2,3550.7046,control_jul
2,3551.005,control_jul
2,3551.3053,control_jul
2,3551.6073,control_jul
2,3551.9059,control_jul
2,3552.2063,control_jul
2,3552.5066,control_jul
2,3552.8069,control_jul
2,3553.1073,control_jul
0,3553.4076,control_jul
2,3553.7078,control_jul
2,3554.0082,control_jul
2,3554.3085,control_jul
2,3554.6089,control_jul
2,3554.9092,control_jul
2,3555.2095,control_jul
0,3555.5098,control_jul
2,3555.8101,control_jul
2,3556.1105,control_jul
2,3556.4108,control_jul
2,3556.7111,control_jul
2,3557.0114,control_jul
2,3557.3118,control_jul
2,3557.6121,control_jul
2,3557.9124,control_jul
2,3558.2127,control_jul
2,3558.5131,control_jul
2,3558.8134,control_jul
2,3559.1137,control_jul
2,3559.414,control_jul
2,3559.7143,control_jul
2,3560.0146,control_jul
2,3560.315,control_jul
2,3560.6153,control_jul
2,3560.9156,control_jul
2,3561.2159,control_jul
2,3561.5163,control_jul
2,3561.8166,control_jul
2,3562.1169,control_jul
2,3562.4172,control_jul
2,3562.7176,control_jul
2,3563.0179,control_jul
2,3563.3182,control_jul
0,3563.6185,control_jul
2,3563.9189,control_jul
2,3564.2191,control_jul
2,3564.5195,control_jul
2,3564.8198,control_jul
2,3565.1201,control_jul
2,3565.4204,control_jul
2,3565.7208,control_jul
2,3566.0211,control_jul
2,3566.3214,control_jul
2,3566.6218,control_jul
2,3566.9221,control_jul
0,3567.2224,control_jul
2,3567.5227,control_jul
2,3567.823,control_jul
2,3568.1234,control_jul
2,3568.4237,control_jul
2,3568.724,control_jul
2,3569.0243,control_jul
2,3569.3247,control_jul
2,3569.625,control_jul
2,3569.9309,control_jul
2,3570.2256,control_jul
2,3570.526,control_jul
2,3570.8263,control_jul
2,3571.1266,control_jul
2,3571.4269,control_jul
2,3571.7272,control_jul
2,3572.0276,control_jul
2,3572.3279,control_jul
2,3572.6282,control_jul
2,3572.9285,control_jul
0,3573.2289,control_jul
0,3573.5292,control_jul
2,3573.8295,control_jul
2,3574.1298,control_jul
2,3574.4301,control_jul
2,3574.7305,control_jul
2,3575.0308,control_jul
2,3575.3311,control_jul
2,3575.6314,control_jul
2,3575.9317,control_jul
2,3576.232,control_jul
2,3576.5324,control_jul
2,3576.8327,control_jul
2,3577.1331,control_jul
2,3577.4334,control_jul
2,3577.7337,control_jul
2,3578.034,control_jul
2,3578.3343,control_jul
2,3578.6347,control_jul
2,3578.935,control_jul
2,3579.2353,control_jul
2,3579.5356,control_jul
2,3579.8359,control_jul
2,3580.1363,control_jul
2,3580.4365,control_jul
2,3580.7369,control_jul
2,3581.0372,control_jul
2,3581.3375,control_jul
2,3581.6379,control_jul
2,3581.9382,control_jul
2,3582.2385,control_jul
2,3582.5539,control_jul
2,3582.8392,control_jul
0,3583.1395,control_jul
2,3583.4398,control_jul
2,3583.7401,control_jul
2,3584.0404,control_jul
2,3584.3407,control_jul
2,3584.6411,control_jul
2,3584.9414,control_jul
2,3585.2418,control_jul
2,3585.542,control_jul
2,3585.8424,control_jul
2,3586.1427,control_jul
2,3586.4431,control_jul
2,3586.7434,control_jul
2,3587.0437,control_jul
0,3587.344,control_jul
2,3587.6444,control_jul
2,3587.9446,control_jul
2,3588.245,control_jul
2,3588.5453,control_jul
2,3588.8456,control_jul
2,3589.1459,control_jul
2,3589.4463,control_jul
2,3589.7466,control_jul
2,3590.0469,control_jul
2,3590.3472,control_jul
2,3590.6476,control_jul
2,3590.9479,control_jul
2,3591.2482,control_jul
2,3591.5485,control_jul
2,3591.8488,control_jul
2,3592.1492,control_jul
2,3592.4495,control_jul
2,3592.7498,control_jul
2,3593.0501,control_jul
2,3593.3504,control_jul
2,3593.6507,control_jul
2,3593.9511,control_jul
0,3594.2514,control_jul
2,3594.5518,control_jul
2,3594.852,control_jul
2,3595.1524,control_jul
2,3595.4527,control_jul
2,3595.753,control_jul
2,3596.0533,control_jul
2,3596.3537,control_jul
2,3596.654,control_jul
2,3596.9543,control_jul
2,3597.2547,control_jul
2,3597.555,control_jul
2,3597.8553,control_jul
2,3598.1556,control_jul
0,3598.4559,control_jul
1,3598.7563,control_jul
2,3599.0566,control_jul
2,3599.3569,control_jul
2,3599.6572,control_jul
2,3599.9576,control_jul
2,3600.2579,control_jul
2,3600.5582,control_jul
2,3600.8585,control_jul
2,3601.1588,control_jul
2,3601.4592,control_jul
2,3601.7595,control_jul
2,3602.0598,control_jul
2,3602.3601,control_jul
2,3602.6604,control_jul
2,3602.9608,control_jul
2,3603.2611,control_jul
2,3603.5614,control_jul
2,3603.8617,control_jul
2,3604.1621,control_jul
2,3604.4624,control_jul
2,3604.7627,control_jul
2,3605.063,control_jul
2,3605.3634,control_jul
2,3605.6637,control_jul
2,3605.964,control_jul
2,3606.2643,control_jul
2,3606.5646,control_jul
2,3606.865,control_jul
2,3607.1653,control_jul
2,3607.4656,control_jul
2,3607.7659,control_jul
2,3608.0662,control_jul
2,3608.3666,control_jul
2,3608.6669,control_jul
2,3608.9672,control_jul
2,3609.2676,control_jul
2,3609.5679,control_jul
2,3609.8682,control_jul
2,3610.1685,control_jul
2,3610.4688,control_jul
2,3610.7692,control_jul
2,3611.0695,control_jul
2,3611.3699,control_jul
2,3611.6701,control_jul
0,3611.9704,control_jul
2,3612.2707,control_jul
2,3612.5711,control_jul
2,3612.8714,control_jul
2,3613.1717,control_jul
2,3613.472,control_jul
2,3613.7724,control_jul
2,3614.0727,control_jul
2,3614.373,control_jul
2,3614.6733,control_jul
2,3614.9737,control_jul
2,3615.274,control_jul
2,3615.5743,control_jul
0,3615.8747,control_jul
2,3616.175,control_jul
2,3616.4753,control_jul
2,3616.7756,control_jul
2,3617.076,control_jul
2,3617.3762,control_jul
2,3617.6765,control_jul
2,3617.9769,control_jul
2,3618.2772,control_jul
0,3618.5776,control_jul
2,3618.8779,control_jul
2,3619.1782,control_jul
2,3619.4785,control_jul
2,3619.7788,control_jul
2,3620.0792,control_jul
2,3620.3795,control_jul
2,3620.6798,control_jul
2,3620.9802,control_jul
2,3621.2805,control_jul
2,3621.5808,control_jul
2,3621.8811,control_jul
2,3622.1814,control_jul
2,3622.4818,control_jul
2,3622.7821,control_jul
2,3623.0824,control_jul
2,3623.3827,control_jul
2,3623.683,control_jul
2,3623.9834,control_jul
2,3624.2837,control_jul
2,3624.584,control_jul
2,3624.8844,control_jul
2,3625.1847,control_jul
2,3625.485,control_jul
2,3625.7853,control_jul
2,3626.0856,control_jul
2,3626.386,control_jul
2,3626.6863,control_jul
2,3626.9866,control_jul
2,3627.2869,control_jul
2,3627.5873,control_jul
0,3627.8875,control_jul
0,3628.1879,control_jul
2,3628.4882,control_jul
2,3628.7885,control_jul
2,3629.0888,control_jul
2,3629.3892,control_jul
2,3629.6895,control_jul
2,3629.9899,control_jul
2,3630.2901,control_jul
2,3630.5905,control_jul
0,3630.8908,control_jul
2,3631.1911,control_jul
2,3631.4915,control_jul
2,3631.7918,control_jul
2,3632.0921,control_jul
2,3632.3924,control_jul
2,3632.6927,control_jul
2,3632.9931,control_jul
2,3633.2934,control_jul
2,3633.5937,control_jul
2,3633.894,control_jul
2,3634.1944,control_jul
2,3634.4947,control_jul
2,3634.795,control_jul
2,3635.0953,control_jul
2,3635.3956,control_jul
2,3635.696,control_jul
2,3635.9963,control_jul
2,3636.2966,control_jul
2,3636.5969,control_jul
2,3636.8972,control_jul
2,3637.1976,control_jul
2,3637.4979,control_jul
2,3637.7982,control_jul
2,3638.0986,control_jul
2,3638.3989,control_jul
2,3638.6992,control_jul
2,3638.9995,control_jul
2,3639.2998,control_jul
2,3639.6002,control_jul
2,3639.9005,control_jul
2,3640.2008,control_jul
2,3640.5012,control_jul
2,3640.8015,control_jul
2,3641.1018,control_jul
2,3641.4021,control_jul
2,3641.7025,control_jul
2,3642.0027,control_jul
2,3642.3031,control_jul
2,3642.6034,control_jul
2,3642.9037,control_jul
2,3643.2041,control_jul
2,3643.5044,control_jul
2,3643.8047,control_jul
2,3644.105,control_jul
2,3644.4054,control_jul
0,3644.7056,control_jul
2,3645.006,control_jul
2,3645.3063,control_jul
2,3645.6067,control_jul
2,3645.907,control_jul
2,3646.2073,control_jul
2,3646.5076,control_jul
2,3646.808,control_jul
2,3647.1082,control_jul
2,3647.4086,control_jul
2,3647.7089,control_jul
2,3648.0092,control_jul
2,3648.3095,control_jul
2,3648.6099,control_jul
2,3648.9102,control_jul
0,3649.2105,control_jul
2,3649.5108,control_jul
2,3649.8112,control_jul
2,3650.1115,control_jul
2,3650.4118,control_jul
2,3651.0125,control_jul
2,3651.3128,control_jul
2,3651.6131,control_jul
2,3651.9135,control_jul
2,3652.2137,control_jul
2,3652.514,control_jul
2,3652.8144,control_jul
2,3653.1148,control_jul
2,3653.4151,control_jul
2,3653.7154,control_jul
2,3654.0157,control_jul
2,3654.316,control_jul
2,3654.6164,control_jul
2,3654.9167,control_jul
2,3655.217,control_jul
2,3655.5173,control_jul
2,3655.8176,control_jul
2,3656.118,control_jul
2,3656.4183,control_jul
2,3656.7186,control_jul
2,3657.0189,control_jul
2,3657.3193,control_jul
2,3657.6196,control_jul
2,3657.9199,control_jul
2,3658.2203,control_jul
2,3658.5206,control_jul
2,3658.8209,control_jul
2,3659.1212,control_jul
2,3659.4215,control_jul
2,3659.7219,control_jul
2,3660.0222,control_jul
2,3660.3225,control_jul
2,3660.6228,control_jul
2,3660.9231,control_jul
2,3661.2235,control_jul
2,3661.5238,control_jul
2,3661.8241,control_jul
2,3662.1244,control_jul
2,3662.4248,control_jul
2,3662.7251,control_jul
2,3663.0254,control_jul
2,3663.3377,control_jul
2,3663.626,control_jul
2,3663.9263,control_jul
2,3664.2267,control_jul
2,3664.527,control_jul
2,3664.8274,control_jul
2,3665.1277,control_jul
2,3665.428,control_jul
2,3665.7283,control_jul
0,3666.0287,control_jul
2,3666.329,control_jul
2,3666.6293,control_jul
2,3666.9296,control_jul
2,3667.2299,control_jul
2,3667.5303,control_jul
2,3667.8306,control_jul
2,3668.1309,control_jul
2,3668.4312,control_jul
2,3668.7316,control_jul
2,3669.0319,control_jul
2,3669.3322,control_jul
2,3669.6325,control_jul
2,3669.9329,control_jul
2,3670.2332,control_jul
2,3670.5335,control_jul
2,3670.8339,control_jul
2,3671.1342,control_jul
2,3671.4345,control_jul
2,3671.7348,control_jul
2,3672.0351,control_jul
2,3672.3355,control_jul
2,3672.6357,control_jul
2,3672.9361,control_jul
2,3673.2364,control_jul
2,3673.5367,control_jul
2,3673.8371,control_jul
2,3674.1373,control_jul
2,3674.4377,control_jul
2,3674.738,control_jul
2,3675.0383,control_jul
2,3675.3388,control_jul
2,3675.639,control_jul
2,3675.9393,control_jul
2,3676.2397,control_jul
2,3676.54,control_jul
2,3676.8403,control_jul
2,3677.1406,control_jul
2,3677.4409,control_jul
2,3677.7412,control_jul
2,3678.0416,control_jul
2,3678.3419,control_jul
2,3678.6423,control_jul
2,3678.9426,control_jul
0,3679.2429,control_jul
2,3679.5432,control_jul
2,3679.8435,control_jul
2,3680.1439,control_jul
2,3680.4442,control_jul
2,3680.7445,control_jul
2,3681.0448,control_jul
2,3681.3452,control_jul
2,3681.6454,control_jul
2,3681.9458,control_jul
2,3682.2461,control_jul
2,3682.5465,control_jul
2,3682.8468,control_jul
2,3683.1471,control_jul
2,3683.4475,control_jul
2,3683.7477,control_jul
2,3684.0481,control_jul
2,3684.3484,control_jul
2,3684.6487,control_jul
2,3684.9491,control_jul
2,3685.2494,control_jul
2,3685.5497,control_jul
2,3685.85,control_jul
2,3686.1504,control_jul
2,3686.4507,control_jul
2,3686.751,control_jul
2,3687.0513,control_jul
2,3687.3516,control_jul
2,3687.652,control_jul
2,3687.9523,control_jul
2,3688.2526,control_jul
2,3688.553,control_jul
2,3688.8533,control_jul
2,3689.1536,control_jul
2,3689.4539,control_jul
2,3689.7542,control_jul
2,3690.0546,control_jul
2,3690.3548,control_jul
2,3690.6552,control_jul
2,3690.9555,control_jul
2,3691.2559,control_jul
2,3691.5562,control_jul
2,3691.8564,control_jul
2,3692.1568,control_jul
2,3692.4572,control_jul
2,3692.7575,control_jul
2,3693.0578,control_jul
2,3693.3581,control_jul
2,3693.6584,control_jul
2,3693.9588,control_jul
2,3694.259,control_jul
2,3694.5594,control_jul
2,3694.8597,control_jul
2,3695.1601,control_jul
2,3695.4604,control_jul
2,3695.7607,control_jul
2,3696.061,control_jul
2,3696.3613,control_jul
2,3696.6617,control_jul
2,3696.962,control_jul
2,3697.2623,control_jul
2,3697.5627,control_jul
2,3697.863,control_jul
2,3698.1633,control_jul
2,3698.4636,control_jul
2,3698.7639,control_jul
2,3699.0643,control_jul
2,3699.3646,control_jul
2,3699.6649,control_jul
2,3699.9652,control_jul
2,3700.2656,control_jul
2,3700.5715,control_jul
2,3700.8662,control_jul
2,3701.1666,control_jul
2,3701.4668,control_jul
2,3701.7671,control_jul
2,3702.0675,control_jul
2,3702.3678,control_jul
2,3702.6682,control_jul
2,3702.9684,control_jul
2,3703.2688,control_jul
2,3703.5691,control_jul
2,3703.8694,control_jul
0,3704.1697,control_jul
2,3704.4701,control_jul
2,3704.7704,control_jul
2,3705.0708,control_jul
2,3705.3711,control_jul
2,3705.6714,control_jul
2,3705.9717,control_jul
2,3706.272,control_jul
2,3706.5723,control_jul
2,3706.8727,control_jul
2,3707.173,control_jul
2,3707.4733,control_jul
2,3707.7736,control_jul
2,3708.074,control_jul
2,3708.3743,control_jul
2,3708.6746,control_jul
2,3708.9749,control_jul
2,3709.2752,control_jul
2,3709.5755,control_jul
2,3709.8759,control_jul
2,3710.1762,control_jul
2,3710.4765,control_jul
2,3710.7769,control_jul
2,3711.0772,control_jul
2,3711.3775,control_jul
2,3711.6778,control_jul
2,3711.9781,control_jul
2,3712.2785,control_jul
2,3712.5788,control_jul
2,3712.8791,control_jul
2,3713.1794,control_jul
2,3713.4797,control_jul
2,3713.7801,control_jul
2,3714.0804,control_jul
2,3714.3807,control_jul
2,3714.6811,control_jul
2,3714.9814,control_jul
2,3715.2817,control_jul
2,3715.582,control_jul
2,3715.8824,control_jul
2,3716.1827,control_jul
2,3716.4831,control_jul
2,3716.7833,control_jul
2,3717.0836,control_jul
2,3717.3839,control_jul
2,3717.6843,control_jul
2,3717.9846,control_jul
2,3718.2849,control_jul
2,3718.5852,control_jul
2,3718.8856,control_jul
2,3719.1859,control_jul
2,3719.4862,control_jul
2,3719.7866,control_jul
2,3720.0869,control_jul
2,3720.3872,control_jul
2,3720.6875,control_jul
2,3720.9878,control_jul
2,3721.2882,control_jul
2,3721.5885,control_jul
2,3721.8888,control_jul
2,3722.1891,control_jul
2,3722.4895,control_jul
2,3722.7898,control_jul
2,3723.0901,control_jul
2,3723.3904,control_jul
2,3723.6908,control_jul
2,3723.9911,control_jul
2,3724.2914,control_jul
2,3724.5917,control_jul
2,3724.8921,control_jul
2,3725.1923,control_jul
2,3725.4926,control_jul
2,3725.793,control_jul
2,3726.0934,control_jul
2,3726.3936,control_jul
2,3726.694,control_jul
2,3726.9943,control_jul
2,3727.2946,control_jul
2,3727.5949,control_jul
2,3727.8953,control_jul
2,3728.1956,control_jul
2,3728.4959,control_jul
2,3728.7962,control_jul
2,3729.0965,control_jul
2,3729.3969,control_jul
2,3729.6972,control_jul
2,3730.0004,control_jul
2,3730.2978,control_jul
2,3730.5982,control_jul
2,3730.8985,control_jul
2,3731.1988,control_jul
2,3731.4991,control_jul
2,3731.7995,control_jul
2,3732.0998,control_jul
2,3732.4001,control_jul
2,3732.7004,control_jul
2,3733.0007,control_jul
2,3733.3011,control_jul
2,3733.6014,control_jul
2,3733.9017,control_jul
2,3734.2021,control_jul
2,3734.5024,control_jul
2,3734.8027,control_jul
2,3735.103,control_jul
2,3735.4033,control_jul
2,3735.7037,control_jul
2,3736.004,control_jul
2,3736.3043,control_jul
2,3736.6046,control_jul
2,3736.905,control_jul
2,3737.2053,control_jul
2,3737.5056,control_jul
2,3737.806,control_jul
2,3738.1063,control_jul
0,3738.4066,control_jul
0,3738.7069,control_jul
2,3739.0072,control_jul
2,3739.3075,control_jul
2,3739.6078,control_jul
2,3739.9081,control_jul
2,3740.2085,control_jul
2,3740.5089,control_jul
2,3740.8092,control_jul
2,3741.1095,control_jul
2,3741.4098,control_jul
2,3741.7101,control_jul
0,3742.0105,control_jul
2,3742.3108,control_jul
2,3742.6111,control_jul
2,3742.9114,control_jul
2,3743.2117,control_jul
2,3743.5121,control_jul
2,3743.8124,control_jul
2,3744.1127,control_jul
2,3744.413,control_jul
2,3744.7133,control_jul
2,3745.0136,control_jul
2,3745.314,control_jul
2,3745.6143,control_jul
2,3745.9146,control_jul
2,3746.215,control_jul
2,3746.5153,control_jul
2,3746.8156,control_jul
2,3747.116,control_jul
2,3747.4163,control_jul
2,3747.7166,control_jul
2,3748.0169,control_jul
2,3748.3172,control_jul
2,3748.6175,control_jul
2,3748.9179,control_jul
2,3749.2182,control_jul
2,3749.5185,control_jul
2,3749.8188,control_jul
2,3750.1191,control_jul
2,3750.4195,control_jul
2,3750.7198,control_jul
2,3751.0202,control_jul
2,3751.3205,control_jul
2,3751.6208,control_jul
2,3751.9211,control_jul
2,3752.2214,control_jul
2,3752.5217,control_jul
2,3753.1224,control_jul
2,3753.4227,control_jul
2,3753.7231,control_jul
2,3754.0234,control_jul
2,3754.3237,control_jul
2,3754.6241,control_jul
2,3754.9244,control_jul
2,3755.2247,control_jul
2,3755.525,control_jul
2,3755.8253,control_jul
2,3756.1256,control_jul
2,3756.4259,control_jul
2,3756.7262,control_jul
2,3757.0266,control_jul
2,3757.3269,control_jul
2,3757.6272,control_jul
2,3757.9276,control_jul
2,3758.2279,control_jul
2,3758.5282,control_jul
2,3758.8285,control_jul
2,3759.1289,control_jul
2,3759.4292,control_jul
2,3759.7295,control_jul
2,3760.0299,control_jul
2,3760.3301,control_jul
2,3760.6305,control_jul
2,3760.9308,control_jul
2,3761.2311,control_jul
2,3761.5314,control_jul
2,3761.8318,control_jul
2,3762.1321,control_jul
2,3762.4324,control_jul
2,3762.7328,control_jul
2,3763.0331,control_jul
2,3763.3333,control_jul
2,3763.6337,control_jul
2,3763.934,control_jul
2,3764.2343,control_jul
2,3764.5347,control_jul
2,3764.835,control_jul
0,3765.1353,control_jul
2,3765.4356,control_jul
2,3765.736,control_jul
2,3766.0363,control_jul
2,3766.3366,control_jul
2,3766.6369,control_jul
2,3766.9372,control_jul
2,3767.2375,control_jul
2,3767.5379,control_jul
2,3767.8382,control_jul
2,3768.1386,control_jul
2,3768.4388,control_jul
2,3768.7392,control_jul
2,3769.0395,control_jul
2,3769.3398,control_jul
2,3769.6402,control_jul
2,3769.9405,control_jul
2,3770.2408,control_jul
2,3770.5411,control_jul
2,3770.8414,control_jul
2,3771.1417,control_jul
2,3771.442,control_jul
0,3771.7424,control_jul
2,3772.0427,control_jul
2,3772.3431,control_jul
2,3772.6434,control_jul
2,3772.9437,control_jul
2,3773.244,control_jul
2,3773.5443,control_jul
2,3773.8447,control_jul
2,3774.1449,control_jul
2,3774.4453,control_jul
2,3774.7456,control_jul
2,3775.0459,control_jul
2,3775.3462,control_jul
2,3775.6466,control_jul
2,3775.9469,control_jul
2,3776.2472,control_jul
2,3776.5475,control_jul
2,3776.8479,control_jul
2,3777.1482,control_jul
2,3777.4485,control_jul
2,3777.7488,control_jul
2,3778.0492,control_jul
2,3778.3495,control_jul
2,3778.6498,control_jul
2,3778.9502,control_jul
2,3779.2504,control_jul
2,3779.5508,control_jul
2,3779.8511,control_jul
2,3780.1514,control_jul
2,3780.4517,control_jul
2,3780.752,control_jul
2,3781.0524,control_jul
2,3781.3527,control_jul
2,3781.653,control_jul
2,3781.9534,control_jul
2,3782.2537,control_jul
2,3782.554,control_jul
2,3782.8543,control_jul
2,3783.1546,control_jul
2,3783.4549,control_jul
2,3783.7553,control_jul
2,3784.0556,control_jul
2,3784.3559,control_jul
2,3784.6563,control_jul
2,3784.9566,control_jul
2,3785.2569,control_jul
0,3785.5572,control_jul
2,3785.8575,control_jul
2,3786.1579,control_jul
2,3786.4582,control_jul
2,3786.7585,control_jul
2,3787.0589,control_jul
2,3787.3591,control_jul
2,3787.6595,control_jul
2,3787.9598,control_jul
2,3788.2601,control_jul
2,3788.5604,control_jul
2,3788.8608,control_jul
2,3789.1611,control_jul
2,3789.4614,control_jul
2,3789.7617,control_jul
2,3790.062,control_jul
2,3790.3624,control_jul
2,3790.6628,control_jul
2,3790.963,control_jul
2,3791.2633,control_jul
2,3791.5637,control_jul
2,3791.864,control_jul
2,3792.1643,control_jul
2,3792.4646,control_jul
2,3792.765,control_jul
2,3793.0653,control_jul
2,3793.3656,control_jul
2,3793.666,control_jul
2,3793.9662,control_jul
2,3794.2666,control_jul
2,3794.5669,control_jul
2,3794.8672,control_jul
2,3795.1675,control_jul
2,3795.4678,control_jul
2,3795.7681,control_jul
2,3796.0685,control_jul
2,3796.3689,control_jul
2,3796.6692,control_jul
2,3796.9694,control_jul
2,3797.2698,control_jul
2,3797.5701,control_jul
2,3797.8705,control_jul
2,3798.1708,control_jul
2,3798.4711,control_jul
2,3798.7714,control_jul
2,3799.0717,control_jul
2,3799.372,control_jul
2,3799.6724,control_jul
2,3799.9727,control_jul
2,3800.273,control_jul
2,3800.5733,control_jul
2,3800.8737,control_jul
2,3801.174,control_jul
2,3801.4743,control_jul
2,3801.7746,control_jul
2,3802.0749,control_jul
2,3802.3753,control_jul
2,3802.6756,control_jul
2,3802.9759,control_jul
2,3803.2762,control_jul
2,3803.5766,control_jul
2,3803.8769,control_jul
2,3804.1772,control_jul
2,3804.4775,control_jul
2,3804.7778,control_jul
2,3805.0782,control_jul
2,3805.3785,control_jul
2,3805.6788,control_jul
2,3805.9792,control_jul
2,3806.2795,control_jul
2,3806.5798,control_jul
2,3806.8801,control_jul
2,3807.1805,control_jul
2,3807.4808,control_jul
2,3807.7811,control_jul
2,3808.0814,control_jul
2,3808.3818,control_jul
2,3808.6821,control_jul
2,3808.9824,control_jul
2,3809.2827,control_jul
2,3809.583,control_jul
2,3809.8834,control_jul
2,3810.1836,control_jul
2,3810.484,control_jul
2,3810.7843,control_jul
2,3811.0846,control_jul
2,3811.3849,control_jul
2,3811.6852,control_jul
2,3811.9856,control_jul
2,3812.2859,control_jul
2,3812.5863,control_jul
2,3812.8866,control_jul
2,3813.1869,control_jul
2,3813.4872,control_jul
0,3813.7876,control_jul
2,3814.0879,control_jul
2,3814.3882,control_jul
2,3814.6885,control_jul
2,3814.9888,control_jul
2,3815.2891,control_jul
2,3815.5895,control_jul
2,3815.8898,control_jul
2,3816.1901,control_jul
2,3816.4904,control_jul
2,3816.7908,control_jul
2,3817.0911,control_jul
0,3817.3914,control_jul
0,3817.6917,control_jul
2,3817.9921,control_jul
2,3818.2923,control_jul
2,3818.5927,control_jul
2,3818.893,control_jul
2,3819.1933,control_jul
2,3819.4937,control_jul
2,3819.794,control_jul
2,3820.0943,control_jul
2,3820.3946,control_jul
2,3820.6949,control_jul
2,3820.9953,control_jul
2,3821.2956,control_jul
2,3821.5959,control_jul
0,3821.8963,control_jul
2,3822.1966,control_jul
2,3822.4969,control_jul
2,3822.7972,control_jul
2,3823.0975,control_jul
2,3823.3979,control_jul
2,3823.6982,control_jul
2,3823.9985,control_jul
2,3824.2988,control_jul
2,3824.5991,control_jul
2,3824.8994,control_jul
2,3825.1998,control_jul
0,3825.5001,control_jul
2,3825.8004,control_jul
2,3826.1007,control_jul
2,3826.4011,control_jul
2,3826.7013,control_jul
2,3827.0017,control_jul
2,3827.302,control_jul
2,3827.6024,control_jul
2,3827.9027,control_jul
2,3828.203,control_jul
2,3828.5033,control_jul
2,3828.8036,control_jul
2,3829.104,control_jul
2,3829.4043,control_jul
2,3829.7046,control_jul
2,3830.0049,control_jul
2,3830.3053,control_jul
2,3830.6055,control_jul
2,3830.9059,control_jul
2,3831.2062,control_jul
2,3831.5065,control_jul
2,3831.8069,control_jul
2,3832.1072,control_jul
2,3832.4075,control_jul
2,3832.7078,control_jul
2,3833.0082,control_jul
2,3833.3085,control_jul
2,3833.6088,control_jul
2,3833.9091,control_jul
2,3834.2094,control_jul
2,3834.5097,control_jul
2,3834.8101,control_jul
2,3835.1104,control_jul
2,3835.4108,control_jul
2,3835.711,control_jul
2,3836.0114,control_jul
0,3836.3116,control_jul
2,3836.612,control_jul
2,3836.9124,control_jul
2,3837.2127,control_jul
2,3837.513,control_jul
2,3837.8133,control_jul
2,3838.1137,control_jul
2,3838.414,control_jul
2,3838.7143,control_jul
2,3839.0146,control_jul
2,3839.3149,control_jul
2,3839.6152,control_jul
2,3839.9156,control_jul
2,3840.2159,control_jul
2,3840.5163,control_jul
2,3840.8165,control_jul
2,3841.1168,control_jul
2,3841.4172,control_jul
2,3841.7175,control_jul
0,3842.0179,control_jul
2,3842.3181,control_jul
2,3842.6184,control_jul
2,3842.9188,control_jul
2,3843.2191,control_jul
0,3843.5194,control_jul
2,3843.8197,control_jul
2,3844.1201,control_jul
2,3844.4204,control_jul
2,3844.7207,control_jul
2,3845.0211,control_jul
2,3845.3213,control_jul
2,3845.6217,control_jul
2,3845.922,control_jul
2,3846.2223,control_jul
2,3846.5227,control_jul
2,3846.823,control_jul
2,3847.1233,control_jul
2,3847.4236,control_jul
2,3847.724,control_jul
2,3848.0243,control_jul
2,3848.3246,control_jul
2,3848.625,control_jul
2,3848.9252,control_jul
2,3849.2255,control_jul
2,3849.5259,control_jul
2,3849.8262,control_jul
2,3850.1265,control_jul
2,3850.4269,control_jul
2,3850.7272,control_jul
2,3851.0275,control_jul
2,3851.3278,control_jul
2,3851.6281,control_jul
2,3851.9284,control_jul
2,3852.2288,control_jul
2,3852.5292,control_jul
2,3852.8295,control_jul
2,3853.1298,control_jul
2,3853.4301,control_jul
2,3853.7304,control_jul
2,3854.0307,control_jul
2,3854.3311,control_jul
2,3854.6314,control_jul
2,3854.9317,control_jul
2,3855.2321,control_jul
2,3855.5324,control_jul
2,3855.8327,control_jul
2,3856.133,control_jul
2,3856.4333,control_jul
2,3856.7337,control_jul
2,3857.034,control_jul
2,3857.3343,control_jul
2,3857.6346,control_jul
2,3857.9349,control_jul
2,3858.2352,control_jul
2,3858.5356,control_jul
2,3858.8359,control_jul
2,3859.1362,control_jul
2,3859.4365,control_jul
2,3859.7368,control_jul
2,3860.0372,control_jul
2,3860.3375,control_jul
2,3860.6378,control_jul
2,3860.9382,control_jul
2,3861.2385,control_jul
2,3861.5388,control_jul
2,3861.8392,control_jul
2,3862.1395,control_jul
2,3862.4398,control_jul
2,3862.7401,control_jul
2,3863.0404,control_jul
2,3863.3407,control_jul
2,3863.6411,control_jul
2,3863.9414,control_jul
2,3864.2417,control_jul
2,3864.542,control_jul
2,3864.8423,control_jul
2,3865.1427,control_jul
2,3865.443,control_jul
2,3865.7433,control_jul
2,3866.0436,control_jul
2,3866.344,control_jul
2,3866.6443,control_jul
2,3866.9446,control_jul
2,3867.2449,control_jul
2,3867.5452,control_jul
2,3867.8456,control_jul
2,3868.1459,control_jul
2,3868.4462,control_jul
2,3868.7465,control_jul
2,3869.0468,control_jul
2,3869.3472,control_jul
2,3869.6476,control_jul
2,3869.9478,control_jul
2,3870.2482,control_jul
2,3870.5485,control_jul
2,3870.8488,control_jul
2,3871.1491,control_jul
2,3871.4494,control_jul
2,3871.7498,control_jul
2,3872.0501,control_jul
2,3872.3504,control_jul
2,3872.6508,control_jul
2,3872.951,control_jul
2,3873.2514,control_jul
2,3873.5517,control_jul
2,3873.852,control_jul
2,3874.1523,control_jul
2,3874.4527,control_jul
2,3874.753,control_jul
2,3875.0533,control_jul
2,3875.3536,control_jul
2,3875.654,control_jul
2,3875.9543,control_jul
2,3876.2546,control_jul
2,3876.5549,control_jul
2,3876.8553,control_jul
2,3877.1556,control_jul
2,3877.4559,control_jul
2,3877.7562,control_jul
2,3878.0565,control_jul
2,3878.3568,control_jul
2,3878.6572,control_jul
2,3878.9575,control_jul
2,3879.2578,control_jul
2,3879.5581,control_jul
2,3879.8584,control_jul
2,3880.1588,control_jul
2,3880.4591,control_jul
2,3880.7595,control_jul
2,3881.0597,control_jul
2,3881.3601,control_jul
2,3881.6604,control_jul
2,3881.9607,control_jul
2,3882.2611,control_jul
2,3882.5614,control_jul
0,3882.8617,control_jul
2,3883.162,control_jul
2,3883.4624,control_jul
2,3883.7627,control_jul
2,3884.063,control_jul
2,3884.3633,control_jul
2,3884.6636,control_jul
2,3884.9639,control_jul
2,3885.2643,control_jul
2,3885.5646,control_jul
2,3885.8649,control_jul
2,3886.1652,control_jul
2,3886.4656,control_jul
2,3886.7659,control_jul
2,3887.0662,control_jul
2,3887.3665,control_jul
2,3887.6668,control_jul
2,3887.9672,control_jul
2,3888.2675,control_jul
2,3888.5678,control_jul
2,3888.8682,control_jul
2,3889.1685,control_jul
2,3889.4688,control_jul
2,3889.7691,control_jul
2,3890.0694,control_jul
2,3890.3698,control_jul
2,3890.67,control_jul
2,3890.9704,control_jul
2,3891.2707,control_jul
2,3891.571,control_jul
2,3891.8714,control_jul
2,3892.1716,control_jul
2,3892.472,control_jul
2,3892.7723,control_jul
0,3893.0726,control_jul
2,3893.3729,control_jul
2,3893.6733,control_jul
2,3893.9736,control_jul
2,3894.274,control_jul
2,3894.5743,control_jul
2,3894.8746,control_jul
2,3895.1749,control_jul
2,3895.4752,control_jul
2,3895.7756,control_jul
2,3896.0759,control_jul
2,3896.3762,control_jul
2,3896.6765,control_jul
2,3896.9768,control_jul
2,3897.2772,control_jul
2,3897.5775,control_jul
2,3897.8778,control_jul
2,3898.1781,control_jul
2,3898.4785,control_jul
2,3898.7788,control_jul
2,3899.0791,control_jul
2,3899.3794,control_jul
2,3899.6798,control_jul
2,3899.98,control_jul
2,3900.2804,control_jul
2,3900.5807,control_jul
2,3900.881,control_jul
2,3901.1814,control_jul
2,3901.4817,control_jul
2,3901.782,control_jul
2,3902.0823,control_jul
2,3902.3827,control_jul
2,3902.6829,control_jul
2,3902.9833,control_jul
2,3903.2836,control_jul
2,3903.5839,control_jul
2,3903.8843,control_jul
2,3904.1845,control_jul
0,3904.4849,control_jul
0,3904.7852,control_jul
2,3905.0855,control_jul
2,3905.3859,control_jul
2,3905.6862,control_jul
2,3905.9865,control_jul
2,3906.2868,control_jul
2,3906.5871,control_jul
0,3906.8874,control_jul
2,3907.1878,control_jul
2,3907.4881,control_jul
2,3907.7884,control_jul
2,3908.0887,control_jul
2,3908.3891,control_jul
2,3908.6894,control_jul
2,3908.9897,control_jul
2,3909.29,control_jul
2,3909.5904,control_jul
0,3909.8907,control_jul
2,3910.1909,control_jul
2,3910.4914,control_jul
2,3910.7916,control_jul
2,3911.092,control_jul
2,3911.3923,control_jul
2,3911.6926,control_jul
2,3911.9929,control_jul
2,3912.2933,control_jul
2,3912.5936,control_jul
0,3912.8939,control_jul
2,3913.1943,control_jul
2,3913.4945,control_jul
2,3913.7948,control_jul
2,3914.0952,control_jul
2,3914.3955,control_jul
2,3914.6958,control_jul
2,3914.9961,control_jul
2,3915.2964,control_jul
2,3915.5968,control_jul
2,3915.8971,control_jul
2,3916.1974,control_jul
2,3916.4978,control_jul
2,3916.7981,control_jul
2,3917.0984,control_jul
2,3917.3987,control_jul
2,3917.699,control_jul
2,3917.9994,control_jul
2,3918.2997,control_jul
2,3918.6,control_jul
2,3918.9003,control_jul
0,3919.2007,control_jul
2,3919.501,control_jul
2,3919.8013,control_jul
2,3920.1016,control_jul
2,3920.4019,control_jul
2,3920.7023,control_jul
2,3921.0026,control_jul
2,3921.3029,control_jul
2,3921.6033,control_jul
2,3921.9036,control_jul
0,3922.2039,control_jul
2,3922.5042,control_jul
2,3922.8045,control_jul
2,3923.1049,control_jul
2,3923.4052,control_jul
2,3923.7055,control_jul
2,3924.0059,control_jul
2,3924.3061,control_jul
2,3924.6064,control_jul
2,3924.9068,control_jul
2,3925.2071,control_jul
2,3925.5074,control_jul
2,3925.8077,control_jul
2,3926.108,control_jul
0,3926.4084,control_jul
2,3926.7087,control_jul
2,3927.009,control_jul
0,3927.3094,control_jul
2,3927.6097,control_jul
2,3927.91,control_jul
2,3928.2103,control_jul
2,3928.5107,control_jul
0,3928.811,control_jul
0,3929.1113,control_jul
2,3929.4116,control_jul
0,3929.712,control_jul
2,3930.0124,control_jul
2,3930.3126,control_jul
2,3930.6129,control_jul
0,3930.9132,control_jul
2,3931.2136,control_jul
2,3931.5139,control_jul
2,3931.8142,control_jul
2,3932.1145,control_jul
0,3932.4149,control_jul
2,3932.7152,control_jul
2,3933.0155,control_jul
0,3933.3158,control_jul
1,3933.6162,control_jul
2,3933.9165,control_jul
2,3934.2168,control_jul
2,3934.5171,control_jul
2,3934.8174,control_jul
0,3935.1178,control_jul
2,3935.4181,control_jul
0,3935.7185,control_jul
2,3936.0188,control_jul
2,3936.319,control_jul
2,3936.6194,control_jul
2,3936.9197,control_jul
2,3937.22,control_jul
2,3937.5204,control_jul
2,3937.8206,control_jul
2,3938.121,control_jul
2,3938.4213,control_jul
0,3938.7216,control_jul
2,3939.022,control_jul
2,3939.3223,control_jul
2,3939.6226,control_jul
2,3939.9229,control_jul
2,3940.2233,control_jul
2,3940.5236,control_jul
2,3940.8239,control_jul
2,3941.1242,control_jul
0,3941.4246,control_jul
2,3941.7249,control_jul
2,3942.0252,control_jul
2,3942.3256,control_jul
2,3942.6259,control_jul
2,3942.9262,control_jul
2,3943.2266,control_jul
2,3943.5268,control_jul
2,3943.8272,control_jul
2,3944.1275,control_jul
2,3944.4278,control_jul
2,3944.7282,control_jul
2,3945.0285,control_jul
2,3945.3288,control_jul
2,3945.6291,control_jul
2,3945.9294,control_jul
2,3946.2298,control_jul
2,3946.5301,control_jul
2,3946.8304,control_jul
2,3947.1308,control_jul
2,3947.4311,control_jul
2,3947.7314,control_jul
2,3948.0317,control_jul
2,3948.332,control_jul
0,3948.6324,control_jul
2,3948.9327,control_jul
2,3949.2331,control_jul
2,3949.5333,control_jul
2,3949.8337,control_jul
2,3950.134,control_jul
2,3950.4343,control_jul
2,3950.7347,control_jul
2,3951.035,control_jul
0,3951.3352,control_jul
2,3951.6356,control_jul
2,3951.9359,control_jul
2,3952.2362,control_jul
2,3952.5366,control_jul
2,3952.8369,control_jul
2,3953.1372,control_jul
2,3953.4376,control_jul
2,3953.7379,control_jul
2,3954.0383,control_jul
2,3954.3385,control_jul
2,3954.6389,control_jul
2,3954.9392,control_jul
2,3955.2395,control_jul
2,3955.5398,control_jul
2,3955.8402,control_jul
2,3956.1404,control_jul
2,3956.4408,control_jul
2,3956.7411,control_jul
2,3957.0415,control_jul
2,3957.3418,control_jul
2,3957.6421,control_jul
0,3957.9424,control_jul
2,3958.2427,control_jul
0,3958.543,control_jul
2,3958.8434,control_jul
2,3959.1437,control_jul
2,3959.4441,control_jul
0,3959.7444,control_jul
2,3960.0447,control_jul
2,3960.3451,control_jul
2,3960.6454,control_jul
2,3960.9457,control_jul
2,3961.246,control_jul
2,3961.5463,control_jul
2,3961.8467,control_jul
2,3962.147,control_jul
2,3962.4473,control_jul
2,3962.7476,control_jul
2,3963.048,control_jul
2,3963.3483,control_jul
2,3963.6486,control_jul
2,3963.949,control_jul
2,3964.2492,control_jul
2,3964.5496,control_jul
2,3964.8499,control_jul
0,3965.1503,control_jul
2,3965.4506,control_jul
2,3965.7508,control_jul
2,3966.0512,control_jul
2,3966.3516,control_jul
2,3966.6518,control_jul
2,3966.9522,control_jul
2,3967.2525,control_jul
2,3967.5528,control_jul
2,3967.8532,control_jul
2,3968.1535,control_jul
2,3968.4538,control_jul
2,3968.7541,control_jul
2,3969.0545,control_jul
2,3969.3548,control_jul
2,3969.6551,control_jul
2,3969.9555,control_jul
2,3970.2558,control_jul
2,3970.556,control_jul
2,3970.8564,control_jul
2,3971.1567,control_jul
2,3971.4571,control_jul
2,3971.7574,control_jul
2,3972.0577,control_jul
2,3972.358,control_jul
2,3972.6583,control_jul
2,3972.9587,control_jul
2,3973.259,control_jul
2,3973.5593,control_jul
2,3973.8597,control_jul
2,3974.16,control_jul
2,3974.4604,control_jul
2,3974.7606,control_jul
2,3975.0609,control_jul
2,3975.3613,control_jul
2,3975.6616,control_jul
2,3975.962,control_jul
2,3976.2623,control_jul
2,3976.5625,control_jul
2,3976.8629,control_jul
2,3977.1632,control_jul
2,3977.4636,control_jul
2,3977.7639,control_jul
2,3978.0642,control_jul
2,3978.3645,control_jul
0,3978.6649,control_jul
2,3978.9652,control_jul
2,3979.2655,control_jul
2,3979.5658,control_jul
2,3979.8661,control_jul
0,3980.1665,control_jul
2,3980.4668,control_jul
2,3980.7671,control_jul
2,3981.0674,control_jul
2,3981.3678,control_jul
2,3981.6681,control_jul
2,3981.9684,control_jul
2,3982.2687,control_jul
2,3982.5691,control_jul
2,3982.8694,control_jul
2,3983.1697,control_jul
2,3983.47,control_jul
2,3983.7704,control_jul
2,3984.0707,control_jul
2,3984.371,control_jul
2,3984.6713,control_jul
2,3984.9716,control_jul
2,3985.272,control_jul
2,3985.5723,control_jul
2,3985.8726,control_jul
2,3986.173,control_jul
2,3986.4733,control_jul
2,3986.7736,control_jul
2,3987.0739,control_jul
2,3987.3742,control_jul
2,3987.6746,control_jul
2,3987.9749,control_jul
2,3988.2752,control_jul
2,3988.5755,control_jul
2,3988.8759,control_jul
2,3989.1762,control_jul
2,3989.4765,control_jul
2,3989.7769,control_jul
2,3990.0772,control_jul
2,3990.3775,control_jul
2,3990.6779,control_jul
2,3990.9781,control_jul
2,3991.2785,control_jul
2,3991.5788,control_jul
2,3991.8791,control_jul
2,3992.1794,control_jul
2,3992.4797,control_jul
2,3992.7801,control_jul
2,3993.0804,control_jul
2,3993.3807,control_jul
2,3993.6811,control_jul
2,3993.9814,control_jul
2,3994.2845,control_jul
2,3994.582,control_jul
2,3994.8823,control_jul
2,3995.1827,control_jul
2,3995.483,control_jul
2,3995.7834,control_jul
2,3996.0836,control_jul
2,3996.3839,control_jul
2,3996.6843,control_jul
0,3996.9846,control_jul
2,3997.2849,control_jul
2,3997.5852,control_jul
2,3997.8855,control_jul
2,3998.1859,control_jul
2,3998.4862,control_jul
2,3998.7866,control_jul
0,3999.0869,control_jul
1,3999.3872,control_jul
2,3999.6875,control_jul
2,3999.9878,control_jul
2,4000.2881,control_jul
2,4000.5885,control_jul
2,4000.8888,control_jul
2,4001.1892,control_jul
2,4001.4895,control_jul
2,4001.7898,control_jul
2,4002.0901,control_jul
2,4002.3904,control_jul
2,4002.6908,control_jul
2,4002.9911,control_jul
2,4003.2914,control_jul
2,4003.5917,control_jul
2,4003.892,control_jul
2,4004.1924,control_jul
2,4004.4927,control_jul
2,4004.793,control_jul
2,4005.0933,control_jul
2,4005.3937,control_jul
2,4005.694,control_jul
2,4005.9943,control_jul
2,4006.2947,control_jul
2,4006.595,control_jul
2,4006.8953,control_jul
2,4007.1956,control_jul
2,4007.496,control_jul
2,4007.7963,control_jul
0,4008.0966,control_jul
0,4008.3969,control_jul
2,4008.6972,control_jul
2,4008.9975,control_jul
2,4009.2979,control_jul
2,4009.5982,control_jul
2,4009.8985,control_jul
2,4010.1988,control_jul
2,4010.4992,control_jul
2,4010.7995,control_jul
2,4011.0998,control_jul
2,4011.4001,control_jul
2,4011.7004,control_jul
2,4012.0007,control_jul
2,4012.3011,control_jul
2,4012.6014,control_jul
0,4012.9017,control_jul
2,4013.202,control_jul
2,4013.5024,control_jul
2,4013.8027,control_jul
2,4014.103,control_jul
2,4014.4034,control_jul
2,4014.7037,control_jul
2,4015.004,control_jul
2,4015.3043,control_jul
2,4015.6047,control_jul
2,4015.905,control_jul
2,4016.2053,control_jul
0,4016.5056,control_jul
2,4016.806,control_jul
2,4017.1063,control_jul
2,4017.4066,control_jul
2,4017.7069,control_jul
2,4018.0073,control_jul
2,4018.3076,control_jul
2,4018.6079,control_jul
2,4018.9082,control_jul
2,4019.2085,control_jul
2,4019.5089,control_jul
2,4019.8092,control_jul
2,4020.1095,control_jul
2,4020.4099,control_jul
2,4020.7102,control_jul
2,4021.0105,control_jul
2,4021.3108,control_jul
2,4021.6112,control_jul
2,4021.9115,control_jul
2,4022.2118,control_jul
2,4022.5121,control_jul
2,4022.8124,control_jul
2,4023.1128,control_jul
2,4023.4131,control_jul
2,4023.7134,control_jul
2,4024.0137,control_jul
2,4024.314,control_jul
2,4024.6143,control_jul
2,4024.9147,control_jul
2,4025.215,control_jul
2,4025.5154,control_jul
2,4025.8156,control_jul
2,4026.116,control_jul
2,4026.4163,control_jul
2,4026.7166,control_jul
0,4027.017,control_jul
2,4027.3173,control_jul
2,4027.6176,control_jul
2,4027.9179,control_jul
2,4028.2182,control_jul
2,4028.5186,control_jul
2,4028.8189,control_jul
2,4029.1192,control_jul
2,4029.4195,control_jul
2,4029.7199,control_jul
2,4030.0202,control_jul
2,4030.3205,control_jul
2,4030.6208,control_jul
2,4030.9212,control_jul
2,4031.2215,control_jul
2,4031.5218,control_jul
2,4031.8221,control_jul
2,4032.1225,control_jul
2,4032.4228,control_jul
2,4032.7231,control_jul
2,4033.0234,control_jul
2,4033.3237,control_jul
2,4033.6241,control_jul
2,4033.9244,control_jul
2,4034.2247,control_jul
2,4034.525,control_jul
2,4034.8253,control_jul
2,4035.1257,control_jul
2,4035.426,control_jul
2,4035.7263,control_jul
2,4036.0267,control_jul
2,4036.327,control_jul
2,4036.6273,control_jul
2,4036.9276,control_jul
2,4037.228,control_jul
2,4037.5282,control_jul
2,4037.8286,control_jul
2,4038.1289,control_jul
2,4038.4292,control_jul
2,4038.7295,control_jul
2,4039.0299,control_jul
2,4039.3302,control_jul
2,4039.6305,control_jul
2,4039.9309,control_jul
2,4040.2312,control_jul
2,4040.5315,control_jul
2,4040.8318,control_jul
0,4041.1321,control_jul
2,4041.4325,control_jul
2,4041.7328,control_jul
2,4042.0332,control_jul
2,4042.3334,control_jul
2,4042.6338,control_jul
2,4042.9341,control_jul
2,4043.2344,control_jul
2,4043.5347,control_jul
2,4043.8351,control_jul
2,4044.1353,control_jul
2,4044.4357,control_jul
2,4044.7361,control_jul
2,4045.0364,control_jul
2,4045.3367,control_jul
2,4045.637,control_jul
2,4045.9374,control_jul
2,4046.2376,control_jul
0,4046.538,control_jul
2,4046.8383,control_jul
2,4047.1386,control_jul
2,4047.4389,control_jul
2,4047.7393,control_jul
0,4048.0396,control_jul
0,4048.3399,control_jul
2,4048.6402,control_jul
2,4048.9405,control_jul
2,4049.2409,control_jul
2,4049.5412,control_jul
2,4049.8416,control_jul
2,4050.1419,control_jul
2,4050.4422,control_jul
2,4050.7425,control_jul
2,4051.0428,control_jul
2,4051.3432,control_jul
2,4051.6435,control_jul
2,4051.9438,control_jul
2,4052.2441,control_jul
2,4052.5444,control_jul
2,4052.8448,control_jul
2,4053.1451,control_jul
2,4053.4454,control_jul
2,4053.7457,control_jul
2,4054.0461,control_jul
2,4054.3464,control_jul
2,4054.6467,control_jul
2,4054.947,control_jul
2,4055.2473,control_jul
2,4055.5477,control_jul
2,4055.848,control_jul
2,4056.1484,control_jul
2,4056.4486,control_jul
2,4056.749,control_jul
2,4057.0493,control_jul
0,4057.3496,control_jul
0,4057.65,control_jul
2,4057.9503,control_jul
2,4058.2506,control_jul
2,4058.5509,control_jul
2,4058.8513,control_jul
2,4059.1516,control_jul
2,4059.4519,control_jul
2,4059.7522,control_jul
2,4060.0526,control_jul
2,4060.3529,control_jul
2,4060.6532,control_jul
2,4060.9535,control_jul
2,4061.2538,control_jul
2,4061.5542,control_jul
2,4061.8545,control_jul
2,4062.1548,control_jul
2,4062.4551,control_jul
2,4062.7555,control_jul
2,4063.0558,control_jul
2,4063.3561,control_jul
2,4063.6565,control_jul
2,4063.9568,control_jul
2,4064.2571,control_jul
2,4064.5574,control_jul
2,4064.8578,control_jul
2,4065.158,control_jul
2,4065.4584,control_jul
2,4065.7587,control_jul
2,4066.059,control_jul
2,4066.3594,control_jul
2,4066.6597,control_jul
2,4066.96,control_jul
2,4067.2604,control_jul
2,4067.5607,control_jul
2,4067.861,control_jul
2,4068.1613,control_jul
2,4068.4616,control_jul
2,4068.762,control_jul
2,4069.0623,control_jul
2,4069.3626,control_jul
2,4069.6629,control_jul
0,4069.9633,control_jul
2,4070.2636,control_jul
2,4070.5639,control_jul
2,4070.8643,control_jul
2,4071.1646,control_jul
2,4071.4649,control_jul
2,4071.7652,control_jul
2,4072.0656,control_jul
2,4072.3658,control_jul
2,4072.6662,control_jul
2,4072.9665,control_jul
2,4073.2669,control_jul
2,4073.5672,control_jul
2,4073.8675,control_jul
2,4074.1678,control_jul
2,4074.4681,control_jul
2,4074.7685,control_jul
2,4075.0688,control_jul
2,4075.3691,control_jul
2,4075.6695,control_jul
2,4075.9698,control_jul
2,4076.2701,control_jul
2,4076.5704,control_jul
2,4076.8708,control_jul
2,4077.1711,control_jul
2,4077.4714,control_jul
2,4077.7717,control_jul
2,4078.072,control_jul
2,4078.3724,control_jul
2,4078.6727,control_jul
2,4078.9731,control_jul
0,4079.2733,control_jul
2,4079.5737,control_jul
2,4079.874,control_jul
2,4080.1743,control_jul
2,4080.4746,control_jul
2,4080.7749,control_jul
0,4081.0753,control_jul
2,4081.3756,control_jul
2,4081.6759,control_jul
2,4081.9763,control_jul
2,4082.2766,control_jul
2,4082.577,control_jul
2,4082.8772,control_jul
2,4083.1776,control_jul
2,4083.4779,control_jul
2,4083.7782,control_jul
2,4084.0785,control_jul
2,4084.3789,control_jul
0,4084.6792,control_jul
0,4084.9795,control_jul
2,4085.2799,control_jul
2,4085.5802,control_jul
2,4085.8805,control_jul
2,4086.1808,control_jul
2,4086.4812,control_jul
2,4086.7814,control_jul
2,4087.0818,control_jul
2,4087.3821,control_jul
2,4087.6824,control_jul
0,4087.9828,control_jul
2,4088.2831,control_jul
2,4088.5834,control_jul
2,4088.8837,control_jul
2,4089.1841,control_jul
2,4089.4844,control_jul
2,4089.7848,control_jul
2,4090.0851,control_jul
2,4090.3853,control_jul
2,4090.6857,control_jul
2,4090.986,control_jul
2,4091.2863,control_jul
2,4091.5866,control_jul
2,4091.887,control_jul
2,4092.1873,control_jul
2,4092.4876,control_jul
2,4092.788,control_jul
2,4093.0883,control_jul
0,4093.3886,control_jul
2,4093.689,control_jul
2,4093.9893,control_jul
2,4094.2896,control_jul
2,4094.5899,control_jul
2,4094.8902,control_jul
2,4095.1906,control_jul
2,4095.4909,control_jul
2,4095.7912,control_jul
2,4096.0915,control_jul
2,4096.3918,control_jul
2,4096.6922,control_jul
2,4096.9925,control_jul
2,4097.2928,control_jul
2,4097.5932,control_jul
2,4097.8935,control_jul
2,4098.1938,control_jul
2,4098.4941,control_jul
2,4098.7945,control_jul
2,4099.0948,control_jul
2,4099.3952,control_jul
2,4099.6955,control_jul
2,4099.9957,control_jul
0,4100.2961,control_jul
2,4100.5964,control_jul
2,4100.8967,control_jul
2,4101.1971,control_jul
2,4101.4973,control_jul
2,4101.7977,control_jul
2,4102.098,control_jul
2,4102.3983,control_jul
2,4102.6987,control_jul
2,4102.999,control_jul
2,4103.2993,control_jul
2,4103.5996,control_jul
2,4103.9,control_jul
2,4104.2003,control_jul
2,4104.5006,control_jul
2,4105.1012,control_jul
2,4105.4016,control_jul
2,4105.7019,control_jul
2,4106.0023,control_jul
2,4106.3026,control_jul
2,4106.6029,control_jul
2,4106.9032,control_jul
2,4107.2036,control_jul
2,4107.5039,control_jul
2,4107.8042,control_jul
2,4108.1045,control_jul
2,4108.4048,control_jul
2,4108.7052,control_jul
2,4109.0055,control_jul
2,4109.3058,control_jul
2,4109.6061,control_jul
2,4109.9065,control_jul
2,4110.2068,control_jul
2,4110.5071,control_jul
2,4110.8074,control_jul
2,4111.1077,control_jul
2,4111.4081,control_jul
2,4111.7084,control_jul
2,4112.0088,control_jul
2,4112.3091,control_jul
2,4112.6094,control_jul
2,4112.9097,control_jul
2,4113.21,control_jul
2,4113.5104,control_jul
2,4113.8107,control_jul
2,4114.111,control_jul
2,4114.4114,control_jul
2,4114.7116,control_jul
2,4115.012,control_jul
2,4115.3123,control_jul
2,4115.6126,control_jul
2,4115.913,control_jul
2,4116.2133,control_jul
2,4116.5136,control_jul
2,4116.814,control_jul
2,4117.1142,control_jul
2,4117.4146,control_jul
2,4117.7149,control_jul
0,4118.0152,control_jul
2,4118.3156,control_jul
2,4118.6159,control_jul
2,4118.9162,control_jul
2,4119.2165,control_jul
2,4119.5168,control_jul
2,4119.8172,control_jul
2,4120.1175,control_jul
2,4120.4178,control_jul
2,4120.7182,control_jul
0,4121.0185,control_jul
2,4121.3188,control_jul
2,4121.6191,control_jul
2,4121.9195,control_jul
2,4122.2198,control_jul
2,4122.5201,control_jul
2,4122.8204,control_jul
2,4123.1207,control_jul
2,4123.4211,control_jul
2,4123.7214,control_jul
0,4124.0217,control_jul
2,4124.322,control_jul
2,4124.6223,control_jul
2,4124.9227,control_jul
2,4125.223,control_jul
0,4125.5233,control_jul
2,4125.8236,control_jul
2,4126.124,control_jul
2,4126.4243,control_jul
2,4126.7246,control_jul
2,4127.0249,control_jul
2,4127.3253,control_jul
2,4127.6256,control_jul
2,4127.9259,control_jul
2,4128.2263,control_jul
2,4128.5266,control_jul
2,4128.8269,control_jul
2,4129.1272,control_jul
2,4129.4275,control_jul
2,4129.7279,control_jul
2,4130.0282,control_jul
2,4130.3285,control_jul
2,4130.6289,control_jul
2,4130.9292,control_jul
2,4131.2294,control_jul
2,4131.5298,control_jul
2,4131.8302,control_jul
2,4132.1305,control_jul
2,4132.4308,control_jul
2,4132.7311,control_jul
2,4133.0315,control_jul
2,4133.3317,control_jul
2,4133.6321,control_jul
2,4133.9324,control_jul
2,4134.2328,control_jul
2,4134.5331,control_jul
2,4134.8334,control_jul
2,4135.1337,control_jul
2,4135.4341,control_jul
2,4135.7344,control_jul
2,4136.0347,control_jul
2,4136.335,control_jul
2,4136.6353,control_jul
2,4136.9357,control_jul
2,4137.236,control_jul
2,4137.5363,control_jul
2,4137.8366,control_jul
2,4138.137,control_jul
2,4138.4373,control_jul
2,4138.7376,control_jul
2,4139.0379,control_jul
2,4139.3383,control_jul
0,4139.6386,control_jul
2,4139.9389,control_jul
2,4140.2392,control_jul
2,4140.5395,control_jul
2,4140.8399,control_jul
2,4141.1402,control_jul
2,4141.4405,control_jul
2,4141.7408,control_jul
2,4142.0412,control_jul
2,4142.3415,control_jul
2,4142.6419,control_jul
2,4142.9421,control_jul
2,4143.2424,control_jul
2,4143.5428,control_jul
2,4143.8431,control_jul
2,4144.1434,control_jul
2,4144.4437,control_jul
2,4144.7441,control_jul
2,4145.0444,control_jul
2,4145.3447,control_jul
2,4145.645,control_jul
2,4145.9454,control_jul
2,4146.2457,control_jul
2,4146.546,control_jul
2,4146.8463,control_jul
2,4147.1467,control_jul
0,4147.447,control_jul
2,4147.7473,control_jul
2,4148.0476,control_jul
2,4148.348,control_jul
2,4148.6483,control_jul
2,4148.9486,control_jul
2,4149.249,control_jul
2,4149.5492,control_jul
2,4149.8496,control_jul
2,4150.1499,control_jul
2,4150.4502,control_jul
2,4150.7506,control_jul
2,4151.0509,control_jul
2,4151.3512,control_jul
2,4151.6515,control_jul
2,4151.9519,control_jul
2,4152.2522,control_jul
2,4152.5525,control_jul
2,4152.8528,control_jul
2,4153.1532,control_jul
2,4153.4534,control_jul
0,4153.7538,control_jul
2,4154.0541,control_jul
2,4154.3545,control_jul
2,4154.6548,control_jul
2,4154.9551,control_jul
2,4155.2555,control_jul
2,4155.5558,control_jul
2,4155.8561,control_jul
2,4156.1564,control_jul
2,4156.4567,control_jul
2,4156.757,control_jul
2,4157.0574,control_jul
2,4157.3577,control_jul
2,4157.658,control_jul
0,4157.9583,control_jul
0,4158.2587,control_jul
2,4158.559,control_jul
0,4158.8594,control_jul
2,4159.1596,control_jul
2,4159.4599,control_jul
2,4159.7603,control_jul
2,4160.0606,control_jul
2,4160.3609,control_jul
2,4160.6613,control_jul
2,4160.9616,control_jul
2,4161.2619,control_jul
2,4161.5622,control_jul
2,4161.8626,control_jul
2,4162.1629,control_jul
2,4162.4632,control_jul
2,4162.7635,control_jul
2,4163.0639,control_jul
2,4163.3642,control_jul
2,4163.6645,control_jul
2,4163.9648,control_jul
2,4164.2652,control_jul
2,4164.5655,control_jul
2,4164.8658,control_jul
2,4165.1661,control_jul
2,4165.4664,control_jul
2,4165.7668,control_jul
2,4166.0671,control_jul
2,4166.3674,control_jul
2,4166.6677,control_jul
2,4166.968,control_jul
2,4167.2684,control_jul
2,4167.5687,control_jul
2,4167.869,control_jul
2,4168.1694,control_jul
2,4168.4697,control_jul
2,4168.77,control_jul
2,4169.0703,control_jul
2,4169.3706,control_jul
2,4169.671,control_jul
2,4169.9713,control_jul
2,4170.2716,control_jul
2,4170.572,control_jul
2,4170.8723,control_jul
2,4171.1726,control_jul
0,4171.473,control_jul
2,4171.7732,control_jul
2,4172.0735,control_jul
2,4172.3739,control_jul
2,4172.6742,control_jul
2,4172.9746,control_jul
2,4173.2749,control_jul
2,4173.5752,control_jul
2,4173.8756,control_jul
2,4174.1758,control_jul
2,4174.4762,control_jul
2,4174.7765,control_jul
2,4175.0768,control_jul
0,4175.3772,control_jul
2,4175.6775,control_jul
2,4175.9778,control_jul
2,4176.2781,control_jul
2,4176.5785,control_jul
2,4176.8788,control_jul
2,4177.1791,control_jul
2,4177.4794,control_jul
2,4177.7798,control_jul
2,4178.0801,control_jul
2,4178.3804,control_jul
2,4178.6807,control_jul
2,4178.9811,control_jul
2,4179.2814,control_jul
0,4179.5817,control_jul
2,4179.882,control_jul
2,4180.1823,control_jul
2,4180.4827,control_jul
2,4180.7829,control_jul
0,4181.0834,control_jul
2,4181.3837,control_jul
2,4181.6839,control_jul
2,4181.9843,control_jul
2,4182.2846,control_jul
2,4182.5849,control_jul
0,4182.8853,control_jul
2,4183.1855,control_jul
2,4183.4859,control_jul
2,4183.7862,control_jul
2,4184.0866,control_jul
2,4184.3868,control_jul
2,4184.6872,control_jul
2,4184.9876,control_jul
2,4185.2878,control_jul
2,4185.5881,control_jul
2,4185.8884,control_jul
2,4186.1888,control_jul
2,4186.4892,control_jul
2,4186.7895,control_jul
2,4187.0898,control_jul
2,4187.3901,control_jul
2,4187.6904,control_jul
2,4187.9907,control_jul
2,4188.291,control_jul
2,4188.5914,control_jul
2,4188.8917,control_jul
2,4189.1921,control_jul
2,4189.4924,control_jul
2,4189.7927,control_jul
2,4190.093,control_jul
2,4190.3933,control_jul
2,4190.6937,control_jul
2,4190.994,control_jul
2,4191.2943,control_jul
2,4191.5946,control_jul
2,4191.8949,control_jul
2,4192.1953,control_jul
2,4192.4956,control_jul
2,4192.7959,control_jul
2,4193.0963,control_jul
2,4193.3965,control_jul
2,4193.6969,control_jul
2,4193.9972,control_jul
2,4194.2975,control_jul
2,4194.5979,control_jul
2,4194.8982,control_jul
2,4195.1985,control_jul
2,4195.4988,control_jul
2,4195.7991,control_jul
2,4196.0995,control_jul
2,4196.3998,control_jul
2,4196.7001,control_jul
2,4197.0004,control_jul
2,4197.3008,control_jul
2,4197.6011,control_jul
2,4197.9014,control_jul
0,4198.2017,control_jul
2,4198.502,control_jul
2,4198.8024,control_jul
2,4199.1027,control_jul
2,4199.403,control_jul
2,4199.7034,control_jul
2,4200.0037,control_jul
2,4200.304,control_jul
2,4200.6043,control_jul
2,4200.9047,control_jul
2,4201.205,control_jul
2,4201.5052,control_jul
2,4201.8056,control_jul
2,4202.106,control_jul
2,4202.4062,control_jul
2,4202.7065,control_jul
2,4203.0069,control_jul
2,4203.3128,control_jul
2,4203.6075,control_jul
0,4203.9079,control_jul
2,4204.2082,control_jul
2,4204.5085,control_jul
2,4204.8088,control_jul
2,4205.1092,control_jul
2,4205.4095,control_jul
2,4205.7098,control_jul
2,4206.0101,control_jul
2,4206.3105,control_jul
2,4206.6108,control_jul
2,4206.9111,control_jul
2,4207.2114,control_jul
2,4207.5117,control_jul
2,4207.8121,control_jul
2,4208.1124,control_jul
2,4208.4127,control_jul
2,4208.7131,control_jul
2,4209.0134,control_jul
2,4209.3137,control_jul
2,4209.614,control_jul
2,4209.9143,control_jul
2,4210.2184,control_jul
2,4210.5149,control_jul
2,4210.8153,control_jul
2,4211.1156,control_jul
2,4211.4159,control_jul
2,4211.7162,control_jul
2,4212.0166,control_jul
2,4212.3169,control_jul
2,4212.6172,control_jul
2,4212.9175,control_jul
2,4213.2179,control_jul
2,4213.5182,control_jul
2,4213.8185,control_jul
2,4214.1189,control_jul
2,4214.4192,control_jul
2,4214.7195,control_jul
2,4215.0198,control_jul
2,4215.3202,control_jul
2,4215.6205,control_jul
2,4215.9207,control_jul
2,4216.2211,control_jul
2,4216.5214,control_jul
2,4216.8218,control_jul
0,4217.122,control_jul
2,4217.4224,control_jul
2,4217.7227,control_jul
2,4218.0231,control_jul
2,4218.3234,control_jul
2,4218.6237,control_jul
2,4218.924,control_jul
2,4219.2244,control_jul
2,4219.5246,control_jul
2,4219.825,control_jul
2,4220.1253,control_jul
2,4220.4256,control_jul
2,4220.726,control_jul
2,4221.0263,control_jul
2,4221.3266,control_jul
2,4221.6269,control_jul
2,4221.9273,control_jul
2,4222.2276,control_jul
2,4222.5279,control_jul
2,4222.8282,control_jul
2,4223.1285,control_jul
2,4223.4288,control_jul
2,4223.7292,control_jul
0,4224.0295,control_jul
2,4224.3299,control_jul
2,4224.6301,control_jul
2,4224.9305,control_jul
0,4225.2308,control_jul
2,4225.5311,control_jul
2,4225.8315,control_jul
2,4226.1318,control_jul
2,4226.4321,control_jul
2,4226.7324,control_jul
2,4227.0328,control_jul
1,4227.3331,control_jul
2,4227.6334,control_jul
2,4227.9337,control_jul
2,4228.234,control_jul
2,4228.5344,control_jul
2,4228.8347,control_jul
2,4229.135,control_jul
2,4229.4354,control_jul
2,4229.7357,control_jul
2,4230.0359,control_jul
2,4230.3363,control_jul
2,4230.6366,control_jul
2,4230.9369,control_jul
2,4231.2373,control_jul
2,4231.5376,control_jul
2,4231.8379,control_jul
2,4232.1382,control_jul
2,4232.4385,control_jul
2,4232.7389,control_jul
2,4233.3396,control_jul
2,4233.6398,control_jul
2,4233.9402,control_jul
0,4234.2405,control_jul
0,4234.5408,control_jul
2,4234.8412,control_jul
2,4235.1415,control_jul
2,4235.4418,control_jul
2,4235.7421,control_jul
2,4236.0424,control_jul
2,4236.3428,control_jul
2,4236.6431,control_jul
2,4236.9434,control_jul
2,4237.2437,control_jul
2,4237.544,control_jul
2,4237.8444,control_jul
2,4238.1447,control_jul
2,4238.445,control_jul
2,4238.7453,control_jul
2,4239.0457,control_jul
2,4239.346,control_jul
2,4239.6463,control_jul
2,4239.9466,control_jul
2,4240.247,control_jul
2,4240.5473,control_jul
0,4240.8476,control_jul
2,4241.148,control_jul
0,4241.4483,control_jul
2,4241.7486,control_jul
2,4242.0489,control_jul
2,4242.3492,control_jul
2,4242.6496,control_jul
2,4242.9499,control_jul
2,4243.2502,control_jul
2,4243.5505,control_jul
2,4243.8509,control_jul
2,4244.1512,control_jul
2,4244.4515,control_jul
2,4244.7518,control_jul
2,4245.0522,control_jul
2,4245.3525,control_jul
2,4245.6528,control_jul
2,4245.9531,control_jul
2,4246.2534,control_jul
2,4246.5538,control_jul
2,4246.8541,control_jul
2,4247.1544,control_jul
2,4247.4548,control_jul
2,4247.7551,control_jul
2,4248.0554,control_jul
2,4248.3557,control_jul
0,4248.656,control_jul
2,4248.9564,control_jul
2,4249.2567,control_jul
2,4249.557,control_jul
2,4250.1576,control_jul
2,4250.458,control_jul
2,4250.7583,control_jul
2,4251.0586,control_jul
2,4251.359,control_jul
2,4251.6593,control_jul
2,4251.9596,control_jul
2,4252.2599,control_jul
2,4252.5602,control_jul
0,4252.8606,control_jul
2,4253.1609,control_jul
2,4253.4612,control_jul
2,4253.7615,control_jul
2,4254.0619,control_jul
2,4254.3622,control_jul
2,4254.6625,control_jul
2,4254.9628,control_jul
2,4255.2632,control_jul
2,4255.5635,control_jul
2,4255.8638,control_jul
2,4256.1641,control_jul
2,4256.4645,control_jul
2,4256.7648,control_jul
2,4257.0651,control_jul
2,4257.3654,control_jul
2,4257.6658,control_jul
2,4257.9661,control_jul
2,4258.2664,control_jul
2,4258.5667,control_jul
2,4258.8671,control_jul
2,4259.1674,control_jul
2,4259.4677,control_jul
2,4259.7681,control_jul
2,4260.0684,control_jul
2,4260.3687,control_jul
2,4260.669,control_jul
2,4260.9693,control_jul
2,4261.2696,control_jul
2,4261.57,control_jul
2,4261.8703,control_jul
2,4262.1707,control_jul
2,4262.4709,control_jul
2,4262.7713,control_jul
2,4263.0716,control_jul
2,4263.3719,control_jul
2,4263.6723,control_jul
2,4263.9725,control_jul
2,4264.2729,control_jul
2,4264.5732,control_jul
2,4264.8735,control_jul
2,4265.1739,control_jul
2,4265.4742,control_jul
2,4265.7746,control_jul
0,4266.0749,control_jul
2,4266.3752,control_jul
2,4266.6755,control_jul
2,4266.9758,control_jul
2,4267.2762,control_jul
2,4267.5765,control_jul
2,4267.8768,control_jul
2,4268.1771,control_jul
2,4268.4774,control_jul
2,4268.7778,control_jul
2,4269.0781,control_jul
2,4269.3784,control_jul
2,4269.6787,control_jul
2,4269.9791,control_jul
2,4270.2794,control_jul
2,4270.5797,control_jul
0,4270.8801,control_jul
2,4271.1804,control_jul
0,4271.4807,control_jul
2,4271.781,control_jul
2,4272.0813,control_jul
2,4272.3817,control_jul
2,4272.682,control_jul
2,4272.9823,control_jul
2,4273.2826,control_jul
2,4273.5829,control_jul
2,4273.8832,control_jul
2,4274.1836,control_jul
2,4274.4839,control_jul
2,4274.7842,control_jul
2,4275.0846,control_jul
2,4275.3849,control_jul
2,4275.6852,control_jul
2,4275.9856,control_jul
2,4276.2859,control_jul
0,4276.5862,control_jul
2,4276.8866,control_jul
2,4277.1869,control_jul
2,4277.4872,control_jul
2,4277.7875,control_jul
2,4278.0878,control_jul
2,4278.3882,control_jul
2,4278.6885,control_jul
2,4278.9889,control_jul
2,4279.2892,control_jul
2,4279.5895,control_jul
2,4279.8898,control_jul
2,4280.1901,control_jul
2,4280.4905,control_jul
2,4280.7908,control_jul
2,4281.0911,control_jul
2,4281.3914,control_jul
2,4281.6917,control_jul
2,4281.992,control_jul
2,4282.2924,control_jul
2,4282.5927,control_jul
0,4282.893,control_jul
0,4283.1934,control_jul
2,4283.4937,control_jul
2,4283.794,control_jul
2,4284.0943,control_jul
2,4284.3946,control_jul
2,4284.695,control_jul
2,4284.9953,control_jul
2,4285.2956,control_jul
2,4285.596,control_jul
2,4285.8963,control_jul
2,4286.1966,control_jul
2,4286.497,control_jul
2,4286.7973,control_jul
2,4287.0976,control_jul
2,4287.3979,control_jul
2,4287.6982,control_jul
2,4287.9985,control_jul
2,4288.2989,control_jul
2,4288.5992,control_jul
2,4288.8995,control_jul
2,4289.1999,control_jul
2,4289.5002,control_jul
2,4289.8005,control_jul
2,4290.1008,control_jul
2,4290.4012,control_jul
0,4290.7014,control_jul
2,4291.0018,control_jul
2,4291.3021,control_jul
2,4291.6024,control_jul
2,4291.9028,control_jul
2,4292.2031,control_jul
2,4292.5034,control_jul
2,4292.8037,control_jul
2,4293.1041,control_jul
2,4293.4044,control_jul
2,4293.7047,control_jul
2,4294.0051,control_jul
2,4294.3053,control_jul
2,4294.6057,control_jul
2,4294.906,control_jul
2,4295.2063,control_jul
2,4295.5067,control_jul
2,4295.807,control_jul
2,4296.1073,control_jul
2,4296.4076,control_jul
2,4296.708,control_jul
2,4297.0084,control_jul
2,4297.3142,control_jul
2,4297.609,control_jul
2,4297.9093,control_jul
2,4298.2096,control_jul
2,4298.51,control_jul
2,4298.8102,control_jul
2,4299.1106,control_jul
2,4299.4109,control_jul
2,4299.7112,control_jul
2,4300.0115,control_jul
2,4300.3119,control_jul
2,4300.6122,control_jul
2,4300.9125,control_jul
2,4301.2128,control_jul
2,4301.5132,control_jul
2,4301.8134,control_jul
2,4302.1138,control_jul
2,4302.4141,control_jul
2,4302.7144,control_jul
2,4303.0148,control_jul
2,4303.3151,control_jul
2,4303.6154,control_jul
2,4303.9157,control_jul
2,4304.2161,control_jul
2,4304.5164,control_jul
2,4304.8167,control_jul
2,4305.117,control_jul
2,4305.4174,control_jul
2,4305.7177,control_jul
2,4306.018,control_jul
2,4306.3183,control_jul
2,4306.6187,control_jul
2,4306.9189,control_jul
0,4307.2193,control_jul
2,4307.5196,control_jul
2,4307.8255,control_jul
2,4308.1203,control_jul
2,4308.4206,control_jul
2,4308.7209,control_jul
2,4309.0212,control_jul
2,4309.3253,control_jul
2,4309.6219,control_jul
2,4309.9222,control_jul
2,4310.2225,control_jul
0,4310.5228,control_jul
2,4310.8231,control_jul
2,4311.1235,control_jul
2,4311.4238,control_jul
2,4311.7241,control_jul
2,4312.0244,control_jul
2,4312.3247,control_jul
2,4312.6251,control_jul
2,4312.9254,control_jul
2,4313.2258,control_jul
2,4313.526,control_jul
2,4313.8264,control_jul
2,4314.1267,control_jul
2,4314.427,control_jul
2,4314.7273,control_jul
2,4315.328,control_jul
2,4315.6283,control_jul
2,4315.9286,control_jul
2,4316.2289,control_jul
2,4316.5293,control_jul
2,4316.8296,control_jul
2,4317.1299,control_jul
2,4317.4302,control_jul
2,4317.7306,control_jul
2,4318.0309,control_jul
2,4318.3312,control_jul
2,4318.6316,control_jul
2,4318.9318,control_jul
2,4319.2322,control_jul
2,4319.5325,control_jul
2,4319.8329,control_jul
2,4320.1332,control_jul
2,4320.4335,control_jul
2,4320.7338,control_jul
2,4321.0341,control_jul
2,4321.3345,control_jul
2,4321.6347,control_jul
2,4321.935,control_jul
2,4322.2354,control_jul
2,4322.5357,control_jul
2,4322.836,control_jul
2,4323.1364,control_jul
2,4323.4367,control_jul
2,4323.737,control_jul
2,4324.0374,control_jul
2,4324.3377,control_jul
2,4324.638,control_jul
2,4324.9383,control_jul
2,4325.2386,control_jul
2,4325.539,control_jul
2,4325.8393,control_jul
2,4326.1396,control_jul
2,4326.4399,control_jul
2,4326.7403,control_jul
2,4327.0406,control_jul
2,4327.3409,control_jul
2,4327.6412,control_jul
2,4327.9416,control_jul
2,4328.2419,control_jul
2,4328.5422,control_jul
2,4328.8425,control_jul
2,4329.1428,control_jul
2,4329.4431,control_jul
2,4329.7435,control_jul
2,4330.0438,control_jul
2,4330.3441,control_jul
2,4330.6444,control_jul
2,4330.9449,control_jul
2,4331.2451,control_jul
2,4331.5454,control_jul
2,4331.8458,control_jul
2,4332.1461,control_jul
2,4332.4464,control_jul
2,4332.7467,control_jul
2,4333.047,control_jul
2,4333.3473,control_jul
2,4333.6477,control_jul
2,4333.948,control_jul
2,4334.2484,control_jul
2,4334.5487,control_jul
2,4334.849,control_jul
2,4335.1493,control_jul
2,4335.4497,control_jul
2,4335.75,control_jul
2,4336.0503,control_jul
2,4336.3506,control_jul
2,4336.6509,control_jul
0,4336.9513,control_jul
2,4337.2516,control_jul
2,4337.5519,control_jul
2,4337.8523,control_jul
2,4338.1525,control_jul
2,4338.4529,control_jul
2,4338.7532,control_jul
2,4339.0535,control_jul
2,4339.3538,control_jul
2,4339.6542,control_jul
2,4339.9545,control_jul
2,4340.2548,control_jul
2,4340.5551,control_jul
2,4340.8555,control_jul
2,4341.1558,control_jul
2,4341.4562,control_jul
2,4341.7564,control_jul
0,4342.0568,control_jul
2,4342.3571,control_jul
2,4342.6574,control_jul
2,4342.9577,control_jul
2,4343.258,control_jul
2,4343.5584,control_jul
2,4343.8587,control_jul
2,4344.159,control_jul
2,4344.4594,control_jul
2,4344.7597,control_jul
2,4345.06,control_jul
2,4345.3603,control_jul
2,4345.6606,control_jul
2,4345.9609,control_jul
2,4346.2612,control_jul
2,4346.5616,control_jul
2,4346.8619,control_jul
2,4347.1622,control_jul
2,4347.4626,control_jul
2,4347.7629,control_jul
2,4348.0632,control_jul
2,4348.3636,control_jul
2,4348.6639,control_jul
2,4348.9642,control_jul
2,4349.2645,control_jul
2,4349.5649,control_jul
2,4349.8652,control_jul
2,4350.1655,control_jul
2,4350.4658,control_jul
2,4350.7661,control_jul
2,4351.0665,control_jul
2,4351.3668,control_jul
2,4351.6671,control_jul
2,4351.9674,control_jul
0,4352.2677,control_jul
2,4352.5681,control_jul
2,4352.8684,control_jul
2,4353.1687,control_jul
2,4353.469,control_jul
2,4353.7731,control_jul
2,4354.0697,control_jul
2,4354.37,control_jul
2,4354.6703,control_jul
2,4354.9707,control_jul
2,4355.271,control_jul
2,4355.5713,control_jul
2,4355.8716,control_jul
2,4356.172,control_jul
2,4356.4722,control_jul
2,4356.7726,control_jul
2,4357.0729,control_jul
2,4357.3732,control_jul
2,4357.6735,control_jul
2,4357.9739,control_jul
2,4358.2741,control_jul
2,4358.5745,control_jul
2,4358.8748,control_jul
2,4359.1751,control_jul
2,4359.4755,control_jul
2,4359.7758,control_jul
2,4360.0761,control_jul
2,4360.3764,control_jul
0,4360.6768,control_jul
2,4360.9771,control_jul
2,4361.2774,control_jul
2,4361.5777,control_jul
2,4361.878,control_jul
2,4362.1783,control_jul
2,4362.4787,control_jul
2,4362.779,control_jul
2,4363.0793,control_jul
2,4363.3797,control_jul
2,4363.68,control_jul
0,4363.9803,control_jul
2,4364.2806,control_jul
2,4364.5809,control_jul
2,4364.8812,control_jul
2,4365.1815,control_jul
2,4365.4819,control_jul
2,4365.7896,control_jul
2,4366.0825,control_jul
2,4366.3828,control_jul
2,4366.6832,control_jul
2,4366.9835,control_jul
2,4367.2838,control_jul
2,4367.5842,control_jul
2,4367.8844,control_jul
2,4368.1848,control_jul
2,4368.4851,control_jul
2,4368.7854,control_jul
2,4369.0857,control_jul
2,4369.3861,control_jul
2,4369.6864,control_jul
2,4369.9867,control_jul
2,4370.287,control_jul
2,4370.5873,control_jul
2,4370.8877,control_jul
2,4371.1879,control_jul
2,4371.4883,control_jul
2,4371.7886,control_jul
2,4372.0889,control_jul
2,4372.3893,control_jul
2,4372.6896,control_jul
2,4372.9899,control_jul
2,4373.2902,control_jul
2,4373.5906,control_jul
2,4373.8909,control_jul
2,4374.1912,control_jul
2,4374.4915,control_jul
2,4374.7918,control_jul
2,4375.0922,control_jul
2,4375.3925,control_jul
2,4375.6928,control_jul
2,4375.9932,control_jul
2,4376.2934,control_jul
2,4376.5937,control_jul
0,4376.8941,control_jul
2,4377.1944,control_jul
2,4377.4948,control_jul
2,4377.7951,control_jul
2,4378.0954,control_jul
2,4378.3957,control_jul
2,4378.696,control_jul
2,4378.9964,control_jul
2,4379.2966,control_jul
2,4379.597,control_jul
0,4379.8973,control_jul
2,4380.1977,control_jul
2,4380.498,control_jul
2,4380.7983,control_jul
2,4381.0986,control_jul
2,4381.3989,control_jul
0,4381.6992,control_jul
2,4381.9996,control_jul
2,4382.2999,control_jul
2,4382.6002,control_jul
2,4382.9005,control_jul
2,4383.2008,control_jul
2,4383.5012,control_jul
2,4383.8015,control_jul
0,4384.1018,control_jul
2,4384.4021,control_jul
2,4384.7025,control_jul
2,4385.0028,control_jul
2,4385.3031,control_jul
2,4385.6034,control_jul
2,4385.9037,control_jul
2,4386.2041,control_jul
2,4386.5044,control_jul
2,4386.8047,control_jul
2,4387.1051,control_jul
2,4387.4054,control_jul
2,4387.7057,control_jul
2,4388.006,control_jul
2,4388.3063,control_jul
2,4388.6066,control_jul
2,4388.907,control_jul
2,4389.2072,control_jul
2,4389.5076,control_jul
0,4389.808,control_jul
2,4390.1083,control_jul
2,4390.4085,control_jul
2,4390.7089,control_jul
2,4391.0092,control_jul
2,4391.3095,control_jul
2,4391.6099,control_jul
2,4391.9102,control_jul
2,4392.2105,control_jul
2,4392.5108,control_jul
2,4392.8111,control_jul
2,4393.1115,control_jul
2,4393.4118,control_jul
2,4393.7121,control_jul
2,4394.0124,control_jul
2,4394.3128,control_jul
2,4394.6131,control_jul
2,4394.9134,control_jul
0,4395.2138,control_jul
2,4395.514,control_jul
2,4395.8144,control_jul
2,4396.1147,control_jul
2,4396.415,control_jul
2,4396.7153,control_jul
2,4397.0156,control_jul
2,4397.316,control_jul
2,4397.6163,control_jul
2,4397.9166,control_jul
2,4398.2169,control_jul
2,4398.5172,control_jul
2,4398.8176,control_jul
2,4399.1179,control_jul
2,4399.4182,control_jul
2,4399.7186,control_jul
2,4400.0189,control_jul
2,4400.3192,control_jul
2,4400.6195,control_jul
2,4400.9198,control_jul
2,4401.2202,control_jul
2,4401.5205,control_jul
2,4401.8208,control_jul
2,4402.1211,control_jul
2,4402.4215,control_jul
0,4402.7218,control_jul
2,4403.022,control_jul
2,4403.3224,control_jul
2,4403.6228,control_jul
0,4403.923,control_jul
2,4404.2234,control_jul
2,4404.5237,control_jul
2,4404.824,control_jul
2,4405.1244,control_jul
2,4405.4246,control_jul
2,4405.725,control_jul
2,4406.0253,control_jul
2,4406.3256,control_jul
2,4406.626,control_jul
2,4406.9262,control_jul
2,4407.2266,control_jul
2,4407.5269,control_jul
2,4407.8273,control_jul
2,4408.1276,control_jul
2,4408.4278,control_jul
2,4408.7282,control_jul
2,4409.0285,control_jul
2,4409.3289,control_jul
2,4409.6292,control_jul
2,4409.9295,control_jul
2,4410.5301,control_jul
2,4410.8305,control_jul
2,4411.1308,control_jul
2,4411.4311,control_jul
2,4411.7314,control_jul
2,4412.0317,control_jul
2,4412.3321,control_jul
2,4412.6324,control_jul
2,4412.9328,control_jul
2,4413.2331,control_jul
2,4413.5333,control_jul
2,4413.8337,control_jul
2,4414.134,control_jul
2,4414.4343,control_jul
2,4414.7346,control_jul
2,4415.035,control_jul
2,4415.3353,control_jul
2,4415.6356,control_jul
2,4415.9359,control_jul
2,4416.2363,control_jul
2,4416.5366,control_jul
0,4416.8369,control_jul
2,4417.1372,control_jul
2,4417.4375,control_jul
2,4417.7379,control_jul
2,4418.0382,control_jul
2,4418.3385,control_jul
2,4418.6388,control_jul
2,4418.9391,control_jul
2,4419.2395,control_jul
2,4419.5398,control_jul
2,4419.8401,control_jul
2,4420.1404,control_jul
2,4420.4408,control_jul
2,4420.7411,control_jul
2,4421.0414,control_jul
2,4421.3418,control_jul
2,4421.6421,control_jul
2,4421.9424,control_jul
2,4422.2428,control_jul
2,4422.543,control_jul
2,4422.8434,control_jul
2,4423.1437,control_jul
2,4423.444,control_jul
2,4423.7444,control_jul
2,4424.0446,control_jul
2,4424.345,control_jul
2,4424.6453,control_jul
2,4424.9456,control_jul
2,4425.2459,control_jul
2,4425.5463,control_jul
2,4425.8466,control_jul
2,4426.1469,control_jul
2,4426.4472,control_jul
2,4426.7475,control_jul
2,4427.0478,control_jul
2,4427.3482,control_jul
2,4427.6484,control_jul
2,4427.9488,control_jul
2,4428.2492,control_jul
2,4428.5494,control_jul
2,4428.8498,control_jul
2,4429.1501,control_jul
2,4429.4504,control_jul
2,4429.7508,control_jul
2,4430.0511,control_jul
2,4430.357,control_jul
2,4430.6518,control_jul
0,4430.9521,control_jul
2,4431.2524,control_jul
2,4431.5527,control_jul
2,4431.853,control_jul
2,4432.1534,control_jul
2,4432.4537,control_jul
2,4432.754,control_jul
2,4433.0543,control_jul
2,4433.3546,control_jul
2,4433.655,control_jul
2,4433.9553,control_jul
2,4434.2556,control_jul
2,4434.5559,control_jul
2,4434.8563,control_jul
2,4435.1566,control_jul
2,4435.4569,control_jul
2,4435.7572,control_jul
2,4436.0575,control_jul
2,4436.3579,control_jul
2,4436.6582,control_jul
2,4436.9585,control_jul
0,4437.2588,control_jul
2,4437.5592,control_jul
2,4437.8595,control_jul
2,4438.1598,control_jul
2,4438.4601,control_jul
2,4438.7604,control_jul
2,4439.0608,control_jul
2,4439.3611,control_jul
2,4439.6614,control_jul
2,4439.9618,control_jul
2,4440.262,control_jul
2,4440.5624,control_jul
2,4440.8628,control_jul
2,4441.163,control_jul
2,4441.4633,control_jul
2,4441.7637,control_jul
2,4442.064,control_jul
2,4442.3643,control_jul
2,4442.6646,control_jul
2,4442.965,control_jul
2,4443.2653,control_jul
2,4443.5656,control_jul
2,4443.8676,control_jul
2,4444.1663,control_jul
2,4444.4665,control_jul
2,4444.7669,control_jul
2,4445.0672,control_jul
2,4445.3675,control_jul
2,4445.6679,control_jul
2,4445.9682,control_jul
2,4446.2685,control_jul
2,4446.5689,control_jul
2,4446.8692,control_jul
2,4447.1695,control_jul
2,4447.4698,control_jul
2,4447.7701,control_jul
2,4448.0704,control_jul
2,4448.3708,control_jul
2,4448.6711,control_jul
2,4448.9714,control_jul
2,4449.2717,control_jul
2,4449.5721,control_jul
2,4449.8723,control_jul
2,4450.1727,control_jul
2,4450.473,control_jul
2,4450.7733,control_jul
0,4451.0737,control_jul
2,4451.374,control_jul
2,4451.6743,control_jul
2,4451.9746,control_jul
2,4452.2749,control_jul
2,4452.5753,control_jul
2,4452.8756,control_jul
2,4453.1759,control_jul
2,4453.4763,control_jul
2,4453.7766,control_jul
2,4454.0769,control_jul
2,4454.3772,control_jul
2,4454.6775,control_jul
2,4454.9779,control_jul
2,4455.2782,control_jul
2,4455.5784,control_jul
2,4455.8788,control_jul
2,4456.1792,control_jul
2,4456.4795,control_jul
2,4456.7798,control_jul
2,4457.0801,control_jul
2,4457.3804,control_jul
2,4457.6808,control_jul
2,4457.9811,control_jul
2,4458.2814,control_jul
2,4458.5817,control_jul
2,4458.882,control_jul
2,4459.1824,control_jul
2,4459.4827,control_jul
2,4459.783,control_jul
2,4460.0834,control_jul
2,4460.3836,control_jul
2,4460.684,control_jul
2,4460.9843,control_jul
2,4461.2846,control_jul
2,4461.585,control_jul
2,4461.8852,control_jul
2,4462.1856,control_jul
2,4462.4859,control_jul
2,4462.7863,control_jul
2,4463.0865,control_jul
2,4463.3868,control_jul
2,4463.6872,control_jul
2,4463.9876,control_jul
0,4464.2878,control_jul
2,4464.5881,control_jul
2,4464.8884,control_jul
2,4465.1888,control_jul
2,4465.4891,control_jul
2,4465.7894,control_jul
2,4466.0898,control_jul
2,4466.3901,control_jul
2,4466.6905,control_jul
2,4466.9908,control_jul
2,4467.2911,control_jul
2,4467.5914,control_jul
2,4467.8917,control_jul
2,4468.192,control_jul
2,4468.4924,control_jul
2,4468.7927,control_jul
2,4469.093,control_jul
2,4469.3933,control_jul
2,4469.6936,control_jul
2,4469.994,control_jul
2,4470.2943,control_jul
2,4470.5946,control_jul
2,4470.8949,control_jul
2,4471.1952,control_jul
2,4471.4956,control_jul
2,4471.7959,control_jul
0,4472.0962,control_jul
2,4472.3965,control_jul
2,4472.6969,control_jul
2,4472.9972,control_jul
2,4473.2975,control_jul
2,4473.5979,control_jul
2,4473.8982,control_jul
2,4474.1984,control_jul
2,4474.4988,control_jul
2,4474.7991,control_jul
2,4475.0994,control_jul
2,4475.3997,control_jul
2,4475.7,control_jul
2,4476.0004,control_jul
2,4476.3007,control_jul
2,4476.601,control_jul
2,4476.9013,control_jul
2,4477.2016,control_jul
2,4477.502,control_jul
2,4477.8023,control_jul
2,4478.1026,control_jul
2,4478.4029,control_jul
2,4478.7032,control_jul
2,4479.0036,control_jul
2,4479.3039,control_jul
2,4479.6042,control_jul
2,4479.9045,control_jul
2,4480.2048,control_jul
2,4480.5052,control_jul
2,4480.8055,control_jul
2,4481.1058,control_jul
2,4481.4061,control_jul
2,4481.7065,control_jul
2,4482.0068,control_jul
0,4482.3071,control_jul
2,4482.6074,control_jul
2,4482.9078,control_jul
2,4483.2081,control_jul
2,4483.5084,control_jul
2,4483.8087,control_jul
2,4484.109,control_jul
2,4484.4093,control_jul
2,4484.7097,control_jul
2,4485.01,control_jul
2,4485.3103,control_jul
2,4485.6107,control_jul
2,4485.9109,control_jul
2,4486.2113,control_jul
2,4486.5116,control_jul
2,4486.8119,control_jul
2,4487.1123,control_jul
2,4487.4126,control_jul
2,4487.7129,control_jul
2,4488.0132,control_jul
2,4488.3135,control_jul
2,4488.6138,control_jul
2,4488.9141,control_jul
2,4489.2145,control_jul
2,4489.5148,control_jul
2,4489.8151,control_jul
2,4490.1155,control_jul
2,4490.4158,control_jul
2,4490.7161,control_jul
2,4491.0164,control_jul
2,4491.3167,control_jul
2,4491.617,control_jul
2,4491.9174,control_jul
2,4492.2177,control_jul
2,4492.518,control_jul
2,4492.8183,control_jul
2,4493.1186,control_jul
2,4493.419,control_jul
2,4493.7193,control_jul
2,4494.0196,control_jul
2,4494.3199,control_jul
2,4494.6203,control_jul
2,4494.9206,control_jul
2,4495.2209,control_jul
2,4495.5212,control_jul
2,4495.8215,control_jul
2,4496.1218,control_jul
2,4496.4222,control_jul
2,4496.7225,control_jul
2,4497.0228,control_jul
2,4497.3231,control_jul
2,4497.6235,control_jul
2,4497.9238,control_jul
2,4498.2241,control_jul
2,4498.5244,control_jul
2,4498.8247,control_jul
2,4499.1251,control_jul
2,4499.4253,control_jul
2,4499.7257,control_jul
2,4500.026,control_jul
2,4500.3263,control_jul
2,4500.6267,control_jul
2,4500.9269,control_jul
2,4501.2273,control_jul
2,4501.5276,control_jul
2,4501.8279,control_jul
2,4502.1283,control_jul
2,4502.4286,control_jul
2,4502.7289,control_jul
2,4503.0292,control_jul
2,4503.3295,control_jul
2,4503.6299,control_jul
2,4503.9301,control_jul
2,4504.2305,control_jul
2,4504.5308,control_jul
2,4504.8311,control_jul
2,4505.1315,control_jul
2,4505.4318,control_jul
2,4505.7321,control_jul
2,4506.0324,control_jul
2,4506.3327,control_jul
2,4506.6331,control_jul
2,4506.9334,control_jul
2,4507.2337,control_jul
2,4507.534,control_jul
2,4507.8343,control_jul
2,4508.1346,control_jul
2,4508.4349,control_jul
2,4508.7353,control_jul
2,4509.0356,control_jul
2,4509.3359,control_jul
2,4509.6363,control_jul
2,4509.9366,control_jul
2,4510.2368,control_jul
2,4510.5372,control_jul
2,4510.8375,control_jul
2,4511.1379,control_jul
2,4511.4382,control_jul
2,4511.7385,control_jul
2,4512.0388,control_jul
2,4512.3392,control_jul
2,4512.6394,control_jul
2,4512.9398,control_jul
2,4513.2401,control_jul
2,4513.5404,control_jul
2,4513.8407,control_jul
2,4514.141,control_jul
0,4514.4414,control_jul
2,4514.7417,control_jul
2,4515.042,control_jul
2,4515.3423,control_jul
2,4515.6426,control_jul
2,4515.943,control_jul
2,4516.2433,control_jul
2,4516.5436,control_jul
2,4516.8439,control_jul
2,4517.1443,control_jul
2,4517.4445,control_jul
2,4517.7449,control_jul
2,4518.0452,control_jul
2,4518.3455,control_jul
2,4518.6459,control_jul
2,4518.9462,control_jul
2,4519.2465,control_jul
2,4519.5468,control_jul
2,4519.8471,control_jul
2,4520.1474,control_jul
2,4520.4478,control_jul
2,4520.7481,control_jul
2,4521.0484,control_jul
2,4521.3488,control_jul
2,4521.649,control_jul
2,4521.9494,control_jul
2,4522.2497,control_jul
2,4522.55,control_jul
2,4522.8503,control_jul
2,4523.1506,control_jul
2,4523.4509,control_jul
2,4523.7513,control_jul
2,4524.0516,control_jul
2,4524.3519,control_jul
2,4524.6522,control_jul
2,4524.9525,control_jul
2,4525.2529,control_jul
2,4525.5532,control_jul
2,4525.8535,control_jul
2,4526.1538,control_jul
2,4526.4541,control_jul
2,4526.7544,control_jul
2,4527.0548,control_jul
2,4527.3551,control_jul
2,4527.6555,control_jul
2,4527.9558,control_jul
2,4528.2561,control_jul
2,4528.5564,control_jul
2,4528.8567,control_jul
2,4529.157,control_jul
2,4529.4574,control_jul
2,4529.7576,control_jul
2,4530.058,control_jul
2,4530.3583,control_jul
2,4530.6587,control_jul
2,4530.9589,control_jul
2,4531.2592,control_jul
2,4531.5596,control_jul
0,4531.8599,control_jul
2,4532.1602,control_jul
2,4532.4605,control_jul
2,4532.7608,control_jul
2,4533.0611,control_jul
2,4533.3615,control_jul
2,4533.6618,control_jul
2,4533.9621,control_jul
2,4534.2625,control_jul
2,4534.5628,control_jul
2,4534.8631,control_jul
2,4535.1634,control_jul
2,4535.4637,control_jul
2,4535.764,control_jul
2,4536.0644,control_jul
2,4536.3646,control_jul
2,4536.665,control_jul
2,4536.9653,control_jul
2,4537.2656,control_jul
2,4537.566,control_jul
2,4537.8662,control_jul
2,4538.1666,control_jul
2,4538.4669,control_jul
2,4538.7672,control_jul
2,4539.0676,control_jul
2,4539.3679,control_jul
2,4539.6682,control_jul
2,4539.9685,control_jul
2,4540.2688,control_jul
2,4540.5691,control_jul
2,4540.8694,control_jul
2,4541.1698,control_jul
2,4541.4701,control_jul
2,4541.7705,control_jul
2,4542.0708,control_jul
2,4542.3711,control_jul
2,4542.6714,control_jul
2,4542.9717,control_jul
2,4543.2721,control_jul
2,4543.5724,control_jul
2,4543.8727,control_jul
2,4544.173,control_jul
0,4544.4733,control_jul
2,4544.7737,control_jul
2,4545.0739,control_jul
2,4545.3743,control_jul
2,4545.6746,control_jul
2,4545.9749,control_jul
2,4546.2753,control_jul
2,4546.5755,control_jul
2,4546.8759,control_jul
2,4547.1762,control_jul
2,4547.4765,control_jul
2,4547.7768,control_jul
2,4548.0772,control_jul
2,4548.3775,control_jul
2,4548.6778,control_jul
2,4548.9781,control_jul
2,4549.2784,control_jul
2,4549.5788,control_jul
2,4549.8791,control_jul
2,4550.1794,control_jul
2,4550.4797,control_jul
2,4550.78,control_jul
2,4551.0804,control_jul
2,4551.3807,control_jul
2,4551.681,control_jul
2,4551.9813,control_jul
2,4552.2816,control_jul
2,4552.582,control_jul
2,4552.8823,control_jul
2,4553.1826,control_jul
2,4553.4829,control_jul
2,4553.7833,control_jul
2,4554.0836,control_jul
2,4554.3839,control_jul
2,4554.6842,control_jul
2,4554.9845,control_jul
0,4555.2848,control_jul
2,4555.5852,control_jul
2,4555.8854,control_jul
2,4556.1857,control_jul
2,4556.4861,control_jul
2,4556.7865,control_jul
2,4557.0867,control_jul
2,4557.3871,control_jul
2,4557.6874,control_jul
2,4557.9877,control_jul
2,4558.288,control_jul
2,4558.5884,control_jul
0,4558.8887,control_jul
2,4559.189,control_jul
2,4559.4893,control_jul
2,4559.7896,control_jul
2,4560.0899,control_jul
2,4560.3903,control_jul
2,4560.6906,control_jul
2,4560.9909,control_jul
2,4561.2912,control_jul
2,4561.5915,control_jul
2,4561.8919,control_jul
2,4562.1922,control_jul
2,4562.4925,control_jul
2,4562.7929,control_jul
2,4563.0932,control_jul
2,4563.3934,control_jul
0,4563.6938,control_jul
2,4563.9941,control_jul
2,4564.2944,control_jul
2,4564.5947,control_jul
2,4564.8951,control_jul
2,4565.1954,control_jul
2,4565.4957,control_jul
2,4565.796,control_jul
2,4566.0964,control_jul
2,4566.3966,control_jul
2,4566.697,control_jul
2,4566.9973,control_jul
2,4567.2976,control_jul
2,4567.5979,control_jul
2,4567.8983,control_jul
2,4568.1986,control_jul
2,4568.4989,control_jul
2,4568.7992,control_jul
2,4569.0996,control_jul
2,4569.3999,control_jul
2,4569.7002,control_jul
2,4570.0005,control_jul
2,4570.3008,control_jul
2,4570.6012,control_jul
2,4570.9015,control_jul
2,4571.2018,control_jul
2,4571.5021,control_jul
2,4571.8025,control_jul
2,4572.1028,control_jul
2,4572.4031,control_jul
2,4572.7034,control_jul
2,4573.0037,control_jul
2,4573.304,control_jul
2,4573.6044,control_jul
2,4573.9103,control_jul
2,4574.2051,control_jul
2,4574.5053,control_jul
2,4574.8056,control_jul
2,4575.106,control_jul
2,4575.4063,control_jul
2,4575.7066,control_jul
2,4576.0069,control_jul
2,4576.3072,control_jul
2,4576.6076,control_jul
2,4576.9079,control_jul
2,4577.2082,control_jul
2,4577.5085,control_jul
2,4577.8089,control_jul
2,4578.1212,control_jul
2,4578.4195,control_jul
2,4578.7099,control_jul
2,4579.0101,control_jul
2,4579.3105,control_jul
2,4579.6108,control_jul
2,4579.9111,control_jul
2,4580.2114,control_jul
2,4580.5117,control_jul
2,4580.8121,control_jul
2,4581.1124,control_jul
0,4581.4127,control_jul
2,4581.7131,control_jul
2,4582.0134,control_jul
2,4582.3137,control_jul
2,4582.6218,control_jul
2,4582.9143,control_jul
2,4583.2147,control_jul
2,4583.515,control_jul
2,4583.8152,control_jul
2,4584.1156,control_jul
2,4584.4159,control_jul
2,4584.7162,control_jul
2,4585.0166,control_jul
2,4585.3169,control_jul
2,4585.6172,control_jul
2,4585.9176,control_jul
2,4586.2179,control_jul
2,4586.5182,control_jul
2,4586.8185,control_jul
2,4587.1188,control_jul
2,4587.4191,control_jul
2,4587.7195,control_jul
2,4588.0198,control_jul
2,4588.3201,control_jul
2,4588.6204,control_jul
2,4588.9207,control_jul
2,4589.2211,control_jul
2,4589.5213,control_jul
2,4589.8217,control_jul
2,4590.122,control_jul
2,4590.4223,control_jul
2,4590.7227,control_jul
2,4591.023,control_jul
2,4591.3233,control_jul
2,4591.6236,control_jul
2,4591.924,control_jul
2,4592.2243,control_jul
2,4592.5246,control_jul
2,4592.8249,control_jul
2,4593.1253,control_jul
2,4593.4255,control_jul
2,4593.7259,control_jul
2,4594.0262,control_jul
2,4594.3265,control_jul
2,4594.6268,control_jul
2,4594.9272,control_jul
2,4595.2275,control_jul
2,4595.5278,control_jul
1,4595.8281,control_jul
1,4596.1284,control_jul
1,4596.4287,control_jul
1,4596.7291,control_jul
1,4597.0294,control_jul
2,4597.3298,control_jul
2,4597.6301,control_jul
2,4597.9304,control_jul
2,4598.2307,control_jul
2,4598.531,control_jul
2,4598.8314,control_jul
2,4599.1316,control_jul
2,4599.432,control_jul
2,4599.7323,control_jul
2,4600.0326,control_jul
2,4600.333,control_jul
2,4600.6332,control_jul
2,4600.9336,control_jul
2,4601.234,control_jul
2,4601.5343,control_jul
2,4601.8346,control_jul
2,4602.1349,control_jul
2,4602.4352,control_jul
2,4602.7355,control_jul
2,4603.0359,control_jul
2,4603.3362,control_jul
2,4603.6365,control_jul
2,4603.9368,control_jul
2,4604.2372,control_jul
2,4604.5375,control_jul
2,4604.8378,control_jul
2,4605.1381,control_jul
2,4605.4385,control_jul
2,4605.7387,control_jul
0,4606.0391,control_jul
2,4606.3394,control_jul
2,4606.6397,control_jul
2,4606.9401,control_jul
2,4607.2404,control_jul
2,4607.5407,control_jul
2,4607.841,control_jul
2,4608.1413,control_jul
2,4608.4417,control_jul
2,4608.742,control_jul
2,4609.0423,control_jul
2,4609.3426,control_jul
2,4609.6429,control_jul
2,4609.9433,control_jul
2,4610.2436,control_jul
2,4610.5439,control_jul
2,4610.8443,control_jul
2,4611.1445,control_jul
2,4611.4449,control_jul
2,4611.7452,control_jul
2,4612.0455,control_jul
2,4612.3459,control_jul
2,4612.6462,control_jul
2,4612.9465,control_jul
2,4613.2468,control_jul
2,4613.5471,control_jul
2,4613.8475,control_jul
2,4614.1478,control_jul
2,4614.4481,control_jul
2,4614.7484,control_jul
2,4615.0488,control_jul
2,4615.3491,control_jul
2,4615.6494,control_jul
2,4615.9497,control_jul
2,4616.25,control_jul
2,4616.5504,control_jul
2,4616.8507,control_jul
2,4617.151,control_jul
2,4617.4514,control_jul
2,4617.7516,control_jul
0,4618.052,control_jul
2,4618.3523,control_jul
0,4618.6526,control_jul
2,4618.9529,control_jul
2,4619.2533,control_jul
2,4619.5536,control_jul
2,4619.8539,control_jul
2,4620.1542,control_jul
2,4620.4546,control_jul
2,4620.7549,control_jul
2,4621.0552,control_jul
2,4621.3555,control_jul
2,4621.6558,control_jul
2,4621.9561,control_jul
2,4622.2564,control_jul
2,4622.5568,control_jul
2,4622.8571,control_jul
2,4623.1574,control_jul
2,4623.4577,control_jul
2,4623.758,control_jul
2,4624.0584,control_jul
2,4624.3587,control_jul
2,4624.659,control_jul
2,4624.9594,control_jul
2,4625.2597,control_jul
2,4625.56,control_jul
2,4625.8604,control_jul
2,4626.1606,control_jul
2,4626.461,control_jul
2,4626.7613,control_jul
2,4627.0616,control_jul
2,4627.362,control_jul
2,4627.6623,control_jul
2,4627.9626,control_jul
2,4628.2629,control_jul
0,4628.5632,control_jul
2,4628.8636,control_jul
2,4629.1639,control_jul
2,4629.4642,control_jul
2,4629.7645,control_jul
2,4630.0648,control_jul
2,4630.3652,control_jul
2,4630.6655,control_jul
2,4630.9658,control_jul
2,4631.2661,control_jul
2,4631.5665,control_jul
2,4631.8668,control_jul
2,4632.1671,control_jul
2,4632.4674,control_jul
2,4632.7677,control_jul
2,4633.0681,control_jul
2,4633.3684,control_jul
0,4633.6687,control_jul
2,4633.9691,control_jul
2,4634.2693,control_jul
2,4634.5697,control_jul
2,4634.87,control_jul
2,4635.1703,control_jul
2,4635.4706,control_jul
2,4635.7709,control_jul
2,4636.0713,control_jul
2,4636.3716,control_jul
2,4636.6719,control_jul
2,4636.9723,control_jul
2,4637.2726,control_jul
2,4637.5729,control_jul
2,4637.8732,control_jul
2,4638.1735,control_jul
2,4638.4739,control_jul
2,4638.7742,control_jul
2,4639.0745,control_jul
2,4639.3748,control_jul
2,4639.6752,control_jul
2,4639.9755,control_jul
2,4640.2758,control_jul
2,4640.5762,control_jul
2,4640.8764,control_jul
2,4641.1768,control_jul
2,4641.4771,control_jul
2,4641.7775,control_jul
2,4642.0778,control_jul
2,4642.3781,control_jul
2,4642.6784,control_jul
2,4642.9788,control_jul
2,4643.2791,control_jul
2,4643.5794,control_jul
2,4643.8797,control_jul
2,4644.18,control_jul
2,4644.4804,control_jul
2,4644.7807,control_jul
2,4645.081,control_jul
2,4645.3813,control_jul
2,4645.6816,control_jul
2,4645.9819,control_jul
2,4646.2823,control_jul
2,4646.5827,control_jul
2,4646.8829,control_jul
2,4647.1833,control_jul
2,4647.4836,control_jul
2,4647.7839,control_jul
2,4648.0843,control_jul
2,4648.3845,control_jul
2,4648.6849,control_jul
2,4648.9852,control_jul
2,4649.2855,control_jul
2,4649.5859,control_jul
2,4649.8862,control_jul
2,4650.1865,control_jul
2,4650.4868,control_jul
2,4650.7871,control_jul
2,4651.0875,control_jul
2,4651.3878,control_jul
2,4651.6881,control_jul
2,4651.9885,control_jul
2,4652.2888,control_jul
2,4652.5891,control_jul
2,4652.8895,control_jul
2,4653.1898,control_jul
2,4653.49,control_jul
2,4653.7904,control_jul
0,4654.0908,control_jul
2,4654.3911,control_jul
2,4654.6915,control_jul
2,4654.9918,control_jul
2,4655.292,control_jul
2,4655.5924,control_jul
2,4655.8927,control_jul
2,4656.193,control_jul
0,4656.4933,control_jul
2,4656.7937,control_jul
0,4657.094,control_jul
2,4657.3943,control_jul
2,4657.6946,control_jul
2,4657.9949,control_jul
2,4658.2953,control_jul
2,4658.5956,control_jul
2,4658.896,control_jul
2,4659.1963,control_jul
2,4659.4966,control_jul
2,4659.7969,control_jul
2,4660.0972,control_jul
2,4660.3976,control_jul
2,4660.6979,control_jul
2,4660.9982,control_jul
2,4661.2986,control_jul
2,4661.5988,control_jul
2,4661.8992,control_jul
2,4662.1995,control_jul
2,4662.4998,control_jul
2,4662.8002,control_jul
0,4663.1005,control_jul
2,4663.4008,control_jul
2,4663.7011,control_jul
2,4664.0014,control_jul
2,4664.3018,control_jul
2,4664.6021,control_jul
2,4664.9024,control_jul
2,4665.2028,control_jul
2,4665.5031,control_jul
0,4665.8034,control_jul
2,4666.1037,control_jul
2,4666.4041,control_jul
2,4666.7044,control_jul
2,4667.0047,control_jul
2,4667.305,control_jul
2,4667.6054,control_jul
2,4667.9057,control_jul
2,4668.206,control_jul
2,4668.5063,control_jul
2,4668.8067,control_jul
2,4669.107,control_jul
2,4669.4073,control_jul
2,4669.7076,control_jul
2,4670.0079,control_jul
2,4670.3083,control_jul
2,4670.6086,control_jul
2,4670.9089,control_jul
2,4671.2092,control_jul
2,4671.5096,control_jul
2,4671.8099,control_jul
2,4672.1102,control_jul
2,4672.4106,control_jul
2,4672.7109,control_jul
2,4673.0112,control_jul
2,4673.3115,control_jul
2,4673.6118,control_jul
2,4673.9122,control_jul
2,4674.2125,control_jul
2,4674.5129,control_jul
2,4674.8131,control_jul
2,4675.1134,control_jul
2,4675.4138,control_jul
2,4675.7141,control_jul
0,4676.0145,control_jul
2,4676.3148,control_jul
2,4676.6152,control_jul
2,4676.9154,control_jul
2,4677.2158,control_jul
2,4677.5161,control_jul
2,4677.8164,control_jul
2,4678.1167,control_jul
2,4678.4171,control_jul
2,4678.7174,control_jul
2,4679.0177,control_jul
2,4679.318,control_jul
2,4679.6183,control_jul
0,4679.9187,control_jul
2,4680.219,control_jul
2,4680.5193,control_jul
2,4680.8196,control_jul
2,4681.12,control_jul
2,4681.4203,control_jul
2,4681.7206,control_jul
2,4682.0209,control_jul
2,4682.3213,control_jul
2,4682.6216,control_jul
2,4682.922,control_jul
2,4683.2223,control_jul
2,4683.5226,control_jul
2,4683.8229,control_jul
2,4684.1232,control_jul
2,4684.4236,control_jul
2,4684.7239,control_jul
2,4685.0242,control_jul
2,4685.3245,control_jul
2,4685.6248,control_jul
2,4685.9252,control_jul
2,4686.2255,control_jul
2,4686.5258,control_jul
2,4686.8261,control_jul
2,4687.1265,control_jul
2,4687.4268,control_jul
2,4687.7271,control_jul
2,4688.0275,control_jul
2,4688.3278,control_jul
2,4688.6281,control_jul
2,4688.9284,control_jul
2,4689.2288,control_jul
2,4689.5291,control_jul
2,4689.8294,control_jul
2,4690.1298,control_jul
2,4690.43,control_jul
2,4690.7304,control_jul
2,4691.0307,control_jul
2,4691.3311,control_jul
2,4691.6314,control_jul
2,4691.9316,control_jul
0,4692.232,control_jul
2,4692.5324,control_jul
2,4692.8326,control_jul
2,4693.133,control_jul
2,4693.4333,control_jul
2,4693.7336,control_jul
2,4694.034,control_jul
2,4694.3343,control_jul
0,4694.6346,control_jul
2,4694.9349,control_jul
2,4695.2353,control_jul
2,4695.5356,control_jul
2,4695.8359,control_jul
2,4696.1362,control_jul
0,4696.4366,control_jul
2,4696.7369,control_jul
2,4697.0372,control_jul
2,4697.3376,control_jul
2,4697.6379,control_jul
2,4697.9382,control_jul
2,4698.2385,control_jul
2,4698.5388,control_jul
2,4698.8392,control_jul
2,4699.1394,control_jul
2,4699.4398,control_jul
2,4699.7401,control_jul
2,4700.0405,control_jul
2,4700.3407,control_jul
2,4700.6411,control_jul
2,4700.9414,control_jul
2,4701.2418,control_jul
2,4701.542,control_jul
2,4701.8424,control_jul
2,4702.1427,control_jul
2,4702.443,control_jul
2,4702.7434,control_jul
2,4703.0437,control_jul
2,4703.344,control_jul
2,4703.6444,control_jul
2,4703.9447,control_jul
2,4704.245,control_jul
2,4704.5453,control_jul
2,4704.8456,control_jul
2,4705.1459,control_jul
2,4705.4463,control_jul
2,4705.7466,control_jul
2,4706.0469,control_jul
2,4706.3472,control_jul
2,4706.6476,control_jul
2,4706.9479,control_jul
2,4707.2482,control_jul
2,4707.5485,control_jul
2,4707.8489,control_jul
2,4708.1492,control_jul
2,4708.4495,control_jul
2,4708.7498,control_jul
2,4709.0501,control_jul
0,4709.3505,control_jul
0,4709.6508,control_jul
2,4709.9511,control_jul
2,4710.2515,control_jul
0,4710.5518,control_jul
2,4710.8521,control_jul
0,4711.1524,control_jul
2,4711.4527,control_jul
2,4711.7531,control_jul
2,4712.0534,control_jul
2,4712.3537,control_jul
2,4712.654,control_jul
2,4712.9543,control_jul
2,4713.2547,control_jul
2,4713.555,control_jul
2,4714.1556,control_jul
2,4714.4559,control_jul
2,4714.7563,control_jul
2,4715.0566,control_jul
2,4715.3569,control_jul
2,4715.6572,control_jul
2,4715.9576,control_jul
2,4716.2579,control_jul
2,4716.5582,control_jul
2,4716.8586,control_jul
2,4717.1588,control_jul
2,4717.4592,control_jul
2,4717.7595,control_jul
2,4718.0598,control_jul
2,4718.3602,control_jul
0,4718.6604,control_jul
2,4718.9608,control_jul
2,4719.2611,control_jul
2,4719.5614,control_jul
2,4719.8617,control_jul
2,4720.1621,control_jul
2,4720.4624,control_jul
2,4720.7627,control_jul
2,4721.063,control_jul
2,4721.3634,control_jul
2,4721.6637,control_jul
2,4721.964,control_jul
2,4722.2643,control_jul
2,4722.5647,control_jul
2,4722.865,control_jul
2,4723.1653,control_jul
2,4723.4656,control_jul
2,4723.766,control_jul
2,4724.0662,control_jul
2,4724.3666,control_jul
2,4724.6669,control_jul
2,4724.9672,control_jul
2,4725.2676,control_jul
2,4725.5679,control_jul
2,4725.8682,control_jul
2,4726.1685,control_jul
2,4726.4689,control_jul
2,4726.7748,control_jul
2,4727.0695,control_jul
2,4727.3698,control_jul
2,4727.6701,control_jul
2,4727.9705,control_jul
2,4728.2708,control_jul
2,4728.5711,control_jul
2,4728.8714,control_jul
2,4729.1718,control_jul
2,4729.4721,control_jul
2,4729.7724,control_jul
2,4730.0727,control_jul
2,4730.3731,control_jul
2,4730.6734,control_jul
2,4730.9737,control_jul
2,4731.274,control_jul
2,4731.5744,control_jul
2,4731.8747,control_jul
2,4732.1749,control_jul
2,4732.4753,control_jul
2,4732.7756,control_jul
2,4733.0759,control_jul
2,4733.3763,control_jul
2,4733.6766,control_jul
2,4733.9769,control_jul
2,4734.2772,control_jul
2,4734.5776,control_jul
2,4734.8779,control_jul
2,4735.1782,control_jul
2,4735.4785,control_jul
2,4735.7788,control_jul
2,4736.0791,control_jul
2,4736.3795,control_jul
2,4736.6798,control_jul
2,4736.9801,control_jul
2,4737.2805,control_jul
2,4737.5807,control_jul
2,4737.8811,control_jul
2,4738.1814,control_jul
2,4738.4817,control_jul
2,4738.782,control_jul
2,4739.0824,control_jul
2,4739.3827,control_jul
2,4739.683,control_jul
2,4739.9833,control_jul
2,4740.2836,control_jul
2,4740.584,control_jul
0,4740.8843,control_jul
2,4741.1846,control_jul
2,4741.4849,control_jul
2,4741.7853,control_jul
2,4742.0855,control_jul
2,4742.3859,control_jul
2,4742.6862,control_jul
2,4742.9865,control_jul
2,4743.2869,control_jul
2,4743.5872,control_jul
2,4743.8875,control_jul
2,4744.1878,control_jul
2,4744.4882,control_jul
2,4744.7885,control_jul
2,4745.0888,control_jul
2,4745.3891,control_jul
2,4745.6894,control_jul
2,4745.9898,control_jul
0,4746.29,control_jul
2,4746.5904,control_jul
2,4746.8907,control_jul
2,4747.191,control_jul
2,4747.4913,control_jul
2,4747.7917,control_jul
2,4748.092,control_jul
2,4748.3924,control_jul
2,4748.6927,control_jul
2,4748.993,control_jul
2,4749.2933,control_jul
2,4749.5936,control_jul
2,4749.8939,control_jul
2,4750.1943,control_jul
2,4750.4946,control_jul
2,4750.7949,control_jul
2,4751.0952,control_jul
2,4751.3956,control_jul
2,4751.6959,control_jul
2,4751.9962,control_jul
2,4752.2965,control_jul
2,4752.5969,control_jul
2,4752.8972,control_jul
2,4753.1975,control_jul
2,4753.4978,control_jul
2,4753.7981,control_jul
2,4754.0993,control_jul
2,4754.3988,control_jul
2,4754.6991,control_jul
2,4754.9994,control_jul
2,4755.2997,control_jul
2,4755.6001,control_jul
2,4755.9004,control_jul
2,4756.2007,control_jul
2,4756.501,control_jul
2,4756.8013,control_jul
2,4757.1017,control_jul
2,4757.402,control_jul
2,4757.7023,control_jul
2,4758.0026,control_jul
2,4758.3029,control_jul
0,4758.6033,control_jul
2,4758.9036,control_jul
2,4759.2039,control_jul
2,4759.5043,control_jul
2,4759.8045,control_jul
2,4760.1048,control_jul
2,4760.4052,control_jul
2,4760.7056,control_jul
2,4761.0059,control_jul
2,4761.3062,control_jul
2,4761.6065,control_jul
2,4761.9068,control_jul
2,4762.2071,control_jul
2,4762.5075,control_jul
2,4762.8078,control_jul
2,4763.1081,control_jul
2,4763.4084,control_jul
2,4763.7088,control_jul
2,4764.0091,control_jul
2,4764.3094,control_jul
2,4764.6097,control_jul
2,4764.9101,control_jul
2,4765.2104,control_jul
2,4765.5107,control_jul
2,4765.811,control_jul
2,4766.1114,control_jul
2,4766.4116,control_jul
2,4766.712,control_jul
2,4767.0123,control_jul
2,4767.3127,control_jul
2,4767.613,control_jul
2,4767.9133,control_jul
2,4768.2136,control_jul
2,4768.5139,control_jul
2,4768.8143,control_jul
2,4769.1146,control_jul
2,4769.4149,control_jul
2,4769.7153,control_jul
2,4770.0156,control_jul
2,4770.3159,control_jul
2,4770.6162,control_jul
2,4770.9165,control_jul
2,4771.2169,control_jul
2,4771.5172,control_jul
2,4771.8175,control_jul
2,4772.1179,control_jul
2,4772.4181,control_jul
2,4772.7185,control_jul
2,4773.0188,control_jul
2,4773.3191,control_jul
2,4773.6195,control_jul
2,4773.9197,control_jul
2,4774.2201,control_jul
2,4774.5204,control_jul
2,4774.8208,control_jul
2,4775.1211,control_jul
2,4775.4214,control_jul
2,4775.7217,control_jul
2,4776.022,control_jul
2,4776.3223,control_jul
2,4776.6227,control_jul
2,4776.923,control_jul
2,4777.2233,control_jul
2,4777.5237,control_jul
2,4777.824,control_jul
2,4778.1243,control_jul
2,4778.4246,control_jul
2,4778.7249,control_jul
2,4779.0253,control_jul
2,4779.3256,control_jul
2,4779.6259,control_jul
2,4779.9262,control_jul
2,4780.2265,control_jul
2,4780.5268,control_jul
2,4780.8272,control_jul
2,4781.1276,control_jul
2,4781.4278,control_jul
2,4781.7282,control_jul
2,4782.0285,control_jul
2,4782.3288,control_jul
2,4782.6292,control_jul
2,4782.9294,control_jul
2,4783.2298,control_jul
2,4783.5301,control_jul
2,4783.8305,control_jul
2,4784.1308,control_jul
2,4784.4311,control_jul
2,4784.7314,control_jul
2,4785.0317,control_jul
0,4785.3321,control_jul
2,4785.6324,control_jul
2,4785.9327,control_jul
2,4786.2331,control_jul
2,4786.5334,control_jul
2,4786.8337,control_jul
2,4787.134,control_jul
2,4787.4343,control_jul
2,4787.7347,control_jul
2,4788.035,control_jul
2,4788.3353,control_jul
2,4788.6356,control_jul
2,4788.9359,control_jul
2,4789.2363,control_jul
2,4789.5366,control_jul
2,4789.837,control_jul
2,4790.1373,control_jul
2,4790.4375,control_jul
2,4790.7379,control_jul
2,4791.0382,control_jul
2,4791.3386,control_jul
2,4791.6389,control_jul
2,4791.9392,control_jul
2,4792.2395,control_jul
2,4792.5398,control_jul
2,4792.8402,control_jul
2,4793.1404,control_jul
2,4793.4408,control_jul
2,4793.7412,control_jul
2,4794.0414,control_jul
2,4794.3418,control_jul
2,4794.6421,control_jul
2,4794.9424,control_jul
2,4795.2428,control_jul
2,4795.5431,control_jul
2,4795.8434,control_jul
2,4796.1437,control_jul
2,4796.444,control_jul
2,4796.7444,control_jul
2,4797.0447,control_jul
2,4797.345,control_jul
2,4797.6453,control_jul
2,4797.9456,control_jul
2,4798.246,control_jul
2,4798.5462,control_jul
2,4798.8467,control_jul
2,4799.1469,control_jul
2,4799.4473,control_jul
2,4799.7476,control_jul
2,4800.0479,control_jul
2,4800.3483,control_jul
2,4800.6485,control_jul
2,4800.9489,control_jul
2,4801.2492,control_jul
2,4801.5495,control_jul
2,4801.8499,control_jul
2,4802.1502,control_jul
2,4802.4504,control_jul
2,4802.7508,control_jul
2,4803.0512,control_jul
2,4803.3515,control_jul
2,4803.6518,control_jul
2,4803.9522,control_jul
2,4804.2525,control_jul
2,4804.5527,control_jul
2,4804.8531,control_jul
2,4805.1534,control_jul
2,4805.4538,control_jul
2,4805.7541,control_jul
2,4806.0544,control_jul
2,4806.3547,control_jul
2,4806.655,control_jul
2,4806.9554,control_jul
0,4807.2557,control_jul
2,4807.556,control_jul
2,4807.8564,control_jul
2,4808.1566,control_jul
2,4808.4578,control_jul
2,4808.7573,control_jul
2,4809.0576,control_jul
2,4809.358,control_jul
2,4809.6583,control_jul
2,4809.9585,control_jul
2,4810.2589,control_jul
2,4810.5592,control_jul
2,4810.8596,control_jul
2,4811.1599,control_jul
2,4811.4602,control_jul
2,4811.7606,control_jul
2,4812.0609,control_jul
2,4812.3612,control_jul
2,4812.6615,control_jul
2,4812.9618,control_jul
2,4813.2621,control_jul
2,4813.5624,control_jul
2,4813.8628,control_jul
2,4814.1631,control_jul
2,4814.4634,control_jul
2,4814.7637,control_jul
2,4815.0641,control_jul
2,4815.3644,control_jul
2,4815.6647,control_jul
2,4815.9651,control_jul
2,4816.2653,control_jul
2,4816.5657,control_jul
2,4816.866,control_jul
2,4817.1664,control_jul
2,4817.4667,control_jul
2,4817.767,control_jul
2,4818.0673,control_jul
2,4818.3676,control_jul
2,4818.6679,control_jul
2,4818.9683,control_jul
2,4819.2686,control_jul
2,4819.5689,control_jul
2,4819.8692,control_jul
2,4820.1696,control_jul
2,4820.4699,control_jul
2,4820.7702,control_jul
2,4821.0706,control_jul
2,4821.3709,control_jul
2,4821.6712,control_jul
2,4821.9715,control_jul
2,4822.2718,control_jul
2,4822.5722,control_jul
2,4822.8724,control_jul
2,4823.1728,control_jul
2,4823.4731,control_jul
2,4823.7734,control_jul
2,4824.0738,control_jul
2,4824.3741,control_jul
2,4824.6744,control_jul
2,4824.9747,control_jul
2,4825.275,control_jul
2,4825.5754,control_jul
2,4825.8757,control_jul
2,4826.176,control_jul
2,4826.4764,control_jul
2,4826.7767,control_jul
2,4827.077,control_jul
2,4827.3773,control_jul
2,4827.6776,control_jul
2,4827.978,control_jul
2,4828.2783,control_jul
2,4828.5786,control_jul
2,4828.8789,control_jul
2,4829.1793,control_jul
2,4829.4796,control_jul
0,4829.7799,control_jul
2,4830.0802,control_jul
2,4830.3805,control_jul
2,4830.6809,control_jul
2,4830.9812,control_jul
2,4831.2815,control_jul
2,4831.5818,control_jul
2,4831.8822,control_jul
2,4832.1825,control_jul
2,4832.4828,control_jul
2,4832.7831,control_jul
2,4833.0834,control_jul
2,4833.3837,control_jul
0,4833.6841,control_jul
2,4833.9844,control_jul
2,4834.2847,control_jul
2,4834.5851,control_jul
2,4834.8854,control_jul
2,4835.1857,control_jul
2,4835.486,control_jul
2,4835.7864,control_jul
2,4836.0867,control_jul
2,4836.387,control_jul
2,4836.6873,control_jul
2,4836.9876,control_jul
2,4837.288,control_jul
0,4837.8886,control_jul
2,4838.1889,control_jul
2,4838.4892,control_jul
2,4838.7895,control_jul
2,4839.0899,control_jul
2,4839.3902,control_jul
2,4839.6905,control_jul
2,4839.9909,control_jul
2,4840.2912,control_jul
2,4840.5915,control_jul
2,4840.8918,control_jul
2,4841.1921,control_jul
2,4841.4924,control_jul
2,4841.7928,control_jul
0,4842.0931,control_jul
2,4842.399,control_jul
2,4842.6937,control_jul
2,4842.994,control_jul
2,4843.2944,control_jul
2,4843.5948,control_jul
2,4843.8951,control_jul
2,4844.1953,control_jul
2,4844.4957,control_jul
2,4844.796,control_jul
2,4845.0964,control_jul
2,4845.3966,control_jul
0,4845.697,control_jul
2,4845.9973,control_jul
2,4846.2976,control_jul
2,4846.598,control_jul
0,4846.8983,control_jul
2,4847.1986,control_jul
2,4847.4989,control_jul
2,4847.7992,control_jul
2,4848.0995,control_jul
2,4848.3999,control_jul
2,4848.7002,control_jul
2,4849.0005,control_jul
2,4849.3008,control_jul
2,4849.6011,control_jul
2,4849.9015,control_jul
2,4850.2018,control_jul
2,4850.5021,control_jul
2,4850.8025,control_jul
2,4851.1028,control_jul
2,4851.4031,control_jul
2,4851.7034,control_jul
2,4852.0037,control_jul
2,4852.3041,control_jul
2,4852.6044,control_jul
2,4852.9047,control_jul
2,4853.2051,control_jul
2,4853.5053,control_jul
2,4853.8057,control_jul
2,4854.106,control_jul
0,4854.4063,control_jul
2,4854.7067,control_jul
2,4855.007,control_jul
2,4855.3073,control_jul
2,4855.6076,control_jul
2,4855.9079,control_jul
2,4856.2083,control_jul
2,4856.5086,control_jul
2,4856.8089,control_jul
2,4857.1092,control_jul
2,4857.4096,control_jul
2,4857.7099,control_jul
2,4858.0102,control_jul
2,4858.3105,control_jul
2,4858.6108,control_jul
2,4858.9112,control_jul
2,4859.2115,control_jul
2,4859.5118,control_jul
2,4859.8122,control_jul
2,4860.1124,control_jul
0,4860.4128,control_jul
2,4860.7132,control_jul
2,4861.0134,control_jul
2,4861.3138,control_jul
2,4861.6141,control_jul
2,4861.9144,control_jul
2,4862.2148,control_jul
2,4862.5151,control_jul
2,4862.8154,control_jul
2,4863.1157,control_jul
2,4863.4161,control_jul
2,4863.7164,control_jul
2,4864.0167,control_jul
2,4864.317,control_jul
2,4864.6174,control_jul
2,4864.9177,control_jul
2,4865.218,control_jul
2,4865.5183,control_jul
2,4865.8187,control_jul
2,4866.119,control_jul
2,4866.4193,control_jul
2,4866.7196,control_jul
2,4867.0199,control_jul
2,4867.3203,control_jul
2,4867.6206,control_jul
2,4867.9209,control_jul
2,4868.2268,control_jul
2,4868.5215,control_jul
2,4868.8219,control_jul
2,4869.1221,control_jul
0,4869.4225,control_jul
2,4869.7228,control_jul
2,4870.0232,control_jul
2,4870.3235,control_jul
2,4870.6238,control_jul
2,4870.9242,control_jul
2,4871.2244,control_jul
2,4871.5248,control_jul
2,4871.8251,control_jul
2,4872.1254,control_jul
2,4872.4258,control_jul
2,4872.726,control_jul
2,4873.0264,control_jul
2,4873.3267,control_jul
2,4873.6271,control_jul
2,4873.9273,control_jul
2,4874.2277,control_jul
2,4874.528,control_jul
2,4874.8283,control_jul
2,4875.1287,control_jul
2,4875.429,control_jul
2,4875.7293,control_jul
2,4876.0296,control_jul
2,4876.33,control_jul
0,4876.6303,control_jul
2,4876.9306,control_jul
2,4877.2309,control_jul
2,4877.5312,control_jul
2,4877.8316,control_jul
2,4878.1319,control_jul
2,4878.4322,control_jul
2,4878.7325,control_jul
2,4879.0328,control_jul
2,4879.3332,control_jul
2,4879.6335,control_jul
2,4879.9338,control_jul
2,4880.2342,control_jul
2,4880.5344,control_jul
2,4880.8348,control_jul
2,4881.1352,control_jul
2,4881.4354,control_jul
2,4881.7357,control_jul
2,4882.0361,control_jul
2,4882.3364,control_jul
2,4882.6368,control_jul
2,4882.937,control_jul
2,4883.2374,control_jul
0,4883.5377,control_jul
2,4883.838,control_jul
2,4884.1383,control_jul
2,4884.4387,control_jul
2,4884.739,control_jul
2,4885.0393,control_jul
2,4885.3396,control_jul
2,4885.64,control_jul
2,4885.9403,control_jul
2,4886.2406,control_jul
2,4886.541,control_jul
2,4886.8412,control_jul
2,4887.1416,control_jul
2,4887.4419,control_jul
2,4887.7422,control_jul
2,4888.0426,control_jul
2,4888.3428,control_jul
2,4888.6432,control_jul
2,4888.9435,control_jul
2,4889.2439,control_jul
2,4889.5442,control_jul
2,4889.8445,control_jul
2,4890.1448,control_jul
2,4890.4451,control_jul
2,4890.7454,control_jul
2,4891.0458,control_jul
2,4891.3461,control_jul
2,4891.6464,control_jul
2,4891.9468,control_jul
2,4892.2471,control_jul
0,4892.5474,control_jul
2,4892.8477,control_jul
2,4893.1481,control_jul
2,4893.4484,control_jul
2,4893.7487,control_jul
2,4894.049,control_jul
2,4894.3493,control_jul
2,4894.6496,control_jul
2,4894.95,control_jul
2,4895.2503,control_jul
2,4895.5507,control_jul
2,4895.8509,control_jul
2,4896.1513,control_jul
2,4896.4516,control_jul
2,4896.7519,control_jul
2,4897.0523,control_jul
2,4897.3525,control_jul
2,4897.6529,control_jul
2,4897.9532,control_jul
2,4898.2535,control_jul
2,4898.5539,control_jul
2,4898.8541,control_jul
2,4899.1545,control_jul
2,4899.4548,control_jul
2,4899.7551,control_jul
2,4900.0554,control_jul
2,4900.3558,control_jul
2,4900.6561,control_jul
2,4900.9564,control_jul
2,4901.2567,control_jul
2,4901.5571,control_jul
2,4901.8574,control_jul
2,4902.1577,control_jul
2,4902.458,control_jul
2,4902.7584,control_jul
2,4903.0587,control_jul
2,4903.359,control_jul
2,4903.6594,control_jul
2,4903.9597,control_jul
2,4904.26,control_jul
2,4904.5603,control_jul
2,4904.8606,control_jul
2,4905.1609,control_jul
2,4905.4613,control_jul
2,4905.7616,control_jul
2,4906.062,control_jul
2,4906.3623,control_jul
2,4906.6626,control_jul
2,4906.9629,control_jul
2,4907.2632,control_jul
2,4907.5636,control_jul
2,4907.8638,control_jul
0,4908.1642,control_jul
2,4908.4645,control_jul
2,4908.7648,control_jul
2,4909.0652,control_jul
2,4909.3654,control_jul
2,4909.6658,control_jul
2,4909.9661,control_jul
2,4910.2665,control_jul
2,4910.5668,control_jul
2,4910.8671,control_jul
2,4911.1674,control_jul
2,4911.4677,control_jul
2,4911.768,control_jul
2,4912.0684,control_jul
2,4912.3687,control_jul
2,4912.669,control_jul
2,4912.9693,control_jul
2,4913.2696,control_jul
0,4913.57,control_jul
2,4913.8702,control_jul
2,4914.1706,control_jul
2,4914.4709,control_jul
2,4914.7712,control_jul
2,4915.0716,control_jul
2,4915.3719,control_jul
2,4915.6722,control_jul
2,4915.9725,control_jul
2,4916.2729,control_jul
2,4916.5732,control_jul
2,4916.8735,control_jul
2,4917.1738,control_jul
2,4917.4742,control_jul
2,4917.7745,control_jul
2,4918.0748,control_jul
2,4918.3751,control_jul
2,4918.6754,control_jul
2,4918.9758,control_jul
2,4919.2761,control_jul
2,4919.5764,control_jul
2,4919.8767,control_jul
0,4920.177,control_jul
2,4920.4774,control_jul
2,4920.7777,control_jul
2,4921.078,control_jul
0,4921.3783,control_jul
2,4921.6787,control_jul
0,4921.9789,control_jul
2,4922.2793,control_jul
2,4922.5796,control_jul
2,4922.88,control_jul
2,4923.1803,control_jul
2,4923.4806,control_jul
2,4923.7809,control_jul
2,4924.0812,control_jul
2,4924.3816,control_jul
2,4924.6819,control_jul
2,4924.9821,control_jul
2,4925.2825,control_jul
2,4925.5828,control_jul
2,4925.8831,control_jul
2,4926.1943,control_jul
2,4926.4838,control_jul
2,4926.7841,control_jul
2,4927.0844,control_jul
2,4927.3847,control_jul
2,4927.6851,control_jul
2,4927.9854,control_jul
0,4928.2857,control_jul
2,4928.586,control_jul
2,4928.8864,control_jul
2,4929.1867,control_jul
2,4929.487,control_jul
2,4929.7873,control_jul
2,4930.0876,control_jul
2,4930.388,control_jul
2,4930.6884,control_jul
2,4930.9886,control_jul
2,4931.2889,control_jul
0,4931.5892,control_jul
2,4931.8896,control_jul
2,4932.1899,control_jul
2,4932.4902,control_jul
2,4932.7905,control_jul
2,4933.0908,control_jul
2,4933.3912,control_jul
2,4933.6915,control_jul
2,4933.9918,control_jul
2,4934.2921,control_jul
2,4934.5925,control_jul
2,4934.8928,control_jul
2,4935.1932,control_jul
2,4935.4934,control_jul
2,4935.7937,control_jul
2,4936.094,control_jul
2,4936.3944,control_jul
2,4936.6947,control_jul
2,4936.995,control_jul
2,4937.2953,control_jul
2,4937.5956,control_jul
2,4937.896,control_jul
2,4938.1963,control_jul
2,4938.4967,control_jul
2,4938.797,control_jul
2,4939.0973,control_jul
2,4939.3976,control_jul
2,4939.6979,control_jul
2,4939.9982,control_jul
2,4940.2986,control_jul
2,4940.5989,control_jul
2,4940.8991,control_jul
2,4941.1996,control_jul
2,4941.4999,control_jul
2,4941.8002,control_jul
2,4942.1005,control_jul
0,4942.4008,control_jul
2,4942.7012,control_jul
2,4943.0014,control_jul
2,4943.3018,control_jul
2,4943.6021,control_jul
2,4943.9024,control_jul
2,4944.2027,control_jul
2,4944.5031,control_jul
2,4944.8034,control_jul
2,4945.1037,control_jul
2,4945.404,control_jul
2,4945.7044,control_jul
2,4946.0047,control_jul
2,4946.305,control_jul
0,4946.6053,control_jul
2,4946.9056,control_jul
2,4947.206,control_jul
2,4947.8066,control_jul
2,4948.1069,control_jul
2,4948.4072,control_jul
2,4948.7076,control_jul
2,4949.0078,control_jul
2,4949.3082,control_jul
2,4949.6085,control_jul
2,4949.9089,control_jul
2,4950.2092,control_jul
2,4950.5095,control_jul
2,4950.8098,control_jul
2,4951.1101,control_jul
2,4951.4105,control_jul
2,4951.7108,control_jul
2,4952.0111,control_jul
0,4952.3115,control_jul
2,4952.6117,control_jul
2,4952.9121,control_jul
2,4953.2124,control_jul
2,4953.5127,control_jul
2,4953.813,control_jul
2,4954.1133,control_jul
2,4954.4137,control_jul
2,4954.714,control_jul
2,4955.0143,control_jul
2,4955.3147,control_jul
2,4955.615,control_jul
2,4955.9153,control_jul
2,4956.2156,control_jul
2,4956.516,control_jul
2,4956.8162,control_jul
2,4957.1166,control_jul
2,4957.4169,control_jul
2,4957.7172,control_jul
2,4958.0176,control_jul
2,4958.3179,control_jul
2,4958.6182,control_jul
0,4958.9185,control_jul
2,4959.2188,control_jul
2,4959.5191,control_jul
2,4959.8195,control_jul
2,4960.1198,control_jul
2,4960.4209,control_jul
2,4960.7204,control_jul
2,4961.0207,control_jul
2,4961.3211,control_jul
2,4961.6214,control_jul
2,4961.9218,control_jul
2,4962.222,control_jul
2,4962.5224,control_jul
2,4962.8227,control_jul
2,4963.123,control_jul
2,4963.4234,control_jul
2,4963.7237,control_jul
2,4964.024,control_jul
2,4964.3243,control_jul
2,4964.6246,control_jul
2,4964.9249,control_jul
0,4965.2252,control_jul
2,4965.5256,control_jul
2,4965.826,control_jul
2,4966.1262,control_jul
2,4966.4266,control_jul
2,4966.7269,control_jul
2,4967.0272,control_jul
2,4967.3275,control_jul
2,4967.6278,control_jul
2,4967.9282,control_jul
2,4968.2284,control_jul
2,4968.5288,control_jul
2,4968.8291,control_jul
2,4969.1294,control_jul
2,4969.4297,control_jul
2,4969.7301,control_jul
2,4970.0304,control_jul
2,4970.3308,control_jul
2,4970.631,control_jul
2,4970.9314,control_jul
2,4971.2317,control_jul
2,4971.5321,control_jul
2,4971.8323,control_jul
2,4972.1326,control_jul
2,4972.433,control_jul
2,4972.7333,control_jul
2,4973.0336,control_jul
2,4973.334,control_jul
2,4973.6342,control_jul
2,4973.9346,control_jul
0,4974.2349,control_jul
2,4974.5352,control_jul
2,4974.8355,control_jul
2,4975.1358,control_jul
2,4975.4362,control_jul
2,4975.7365,control_jul
2,4976.0368,control_jul
2,4976.3372,control_jul
0,4976.6374,control_jul
2,4976.9378,control_jul
2,4977.2381,control_jul
2,4977.5384,control_jul
2,4977.8387,control_jul
2,4978.139,control_jul
2,4978.4394,control_jul
2,4978.7397,control_jul
2,4979.04,control_jul
2,4979.3403,control_jul
2,4979.6407,control_jul
2,4979.941,control_jul
2,4980.2413,control_jul
2,4980.5416,control_jul
2,4980.8419,control_jul
2,4981.1423,control_jul
2,4981.4426,control_jul
2,4981.7429,control_jul
2,4982.0432,control_jul
2,4982.3436,control_jul
2,4982.6439,control_jul
2,4982.9442,control_jul
2,4983.2446,control_jul
2,4983.5448,control_jul
2,4983.8452,control_jul
2,4984.1455,control_jul
2,4984.4458,control_jul
2,4984.7461,control_jul
2,4985.0464,control_jul
2,4985.3468,control_jul
2,4985.6471,control_jul
2,4985.9475,control_jul
2,4986.2477,control_jul
2,4986.5481,control_jul
2,4986.8484,control_jul
2,4987.1487,control_jul
2,4987.4491,control_jul
2,4987.7493,control_jul
2,4988.0497,control_jul
2,4988.35,control_jul
2,4988.6503,control_jul
2,4988.9506,control_jul
2,4989.2509,control_jul
2,4989.5512,control_jul
2,4989.8516,control_jul
2,4990.1519,control_jul
2,4990.4523,control_jul
2,4990.7525,control_jul
2,4991.0529,control_jul
2,4991.3532,control_jul
2,4991.6535,control_jul
2,4991.9538,control_jul
2,4992.2541,control_jul
2,4992.5544,control_jul
2,4992.8548,control_jul
0,4993.1551,control_jul
2,4993.4554,control_jul
2,4993.7558,control_jul
2,4994.0561,control_jul
2,4994.3564,control_jul
2,4994.6567,control_jul
2,4994.9571,control_jul
2,4995.2573,control_jul
2,4995.5577,control_jul
2,4995.858,control_jul
2,4996.1583,control_jul
2,4996.4587,control_jul
2,4996.7589,control_jul
2,4997.0593,control_jul
2,4997.3596,control_jul
2,4997.6599,control_jul
2,4997.9603,control_jul
2,4998.2605,control_jul
2,4998.5609,control_jul
2,4998.8612,control_jul
2,4999.1615,control_jul
2,4999.4619,control_jul
2,4999.7622,control_jul
0,5000.0625,control_jul
2,5000.3628,control_jul
2,5000.6631,control_jul
2,5000.9635,control_jul
2,5001.2638,control_jul
2,5001.5642,control_jul
2,5001.8645,control_jul
2,5002.1648,control_jul
2,5002.4651,control_jul
2,5002.7654,control_jul
2,5003.0657,control_jul
2,5003.366,control_jul
2,5003.6664,control_jul
2,5003.9667,control_jul
2,5004.267,control_jul
2,5004.5674,control_jul
2,5004.8713,control_jul
2,5005.168,control_jul
2,5005.4683,control_jul
2,5005.7686,control_jul
2,5006.069,control_jul
2,5006.3693,control_jul
2,5006.6696,control_jul
2,5006.9699,control_jul
2,5007.2702,control_jul
2,5007.5705,control_jul
2,5007.8708,control_jul
2,5008.1712,control_jul
2,5008.4715,control_jul
2,5008.7719,control_jul
2,5009.0722,control_jul
2,5009.3724,control_jul
2,5009.6728,control_jul
2,5009.9732,control_jul
2,5010.2734,control_jul
2,5010.5738,control_jul
2,5010.874,control_jul
2,5011.1744,control_jul
2,5011.4748,control_jul
2,5011.775,control_jul
2,5012.0754,control_jul
2,5012.3757,control_jul
2,5012.6761,control_jul
2,5012.9764,control_jul
2,5013.2766,control_jul
2,5013.577,control_jul
2,5013.8773,control_jul
2,5014.1776,control_jul
2,5014.478,control_jul
2,5014.7783,control_jul
2,5015.0786,control_jul
2,5015.3789,control_jul
2,5015.6793,control_jul
2,5015.9795,control_jul
2,5016.2799,control_jul
2,5016.5802,control_jul
2,5016.8805,control_jul
2,5017.1809,control_jul
2,5017.4812,control_jul
2,5017.7815,control_jul
2,5018.0819,control_jul
0,5018.3821,control_jul
0,5018.6825,control_jul
2,5018.9828,control_jul
2,5019.2831,control_jul
2,5019.5834,control_jul
2,5019.8837,control_jul
2,5020.1841,control_jul
2,5020.4844,control_jul
2,5020.7847,control_jul
2,5021.0851,control_jul
2,5021.3854,control_jul
2,5021.6857,control_jul
2,5021.986,control_jul
2,5022.2863,control_jul
2,5022.5866,control_jul
2,5022.887,control_jul
2,5023.1872,control_jul
2,5023.4876,control_jul
2,5023.7879,control_jul
2,5024.0882,control_jul
2,5024.3886,control_jul
2,5024.6889,control_jul
2,5024.9892,control_jul
0,5025.2896,control_jul
2,5025.5898,control_jul
2,5025.8902,control_jul
2,5026.1905,control_jul
2,5026.4908,control_jul
2,5026.7912,control_jul
2,5027.0915,control_jul
2,5027.3918,control_jul
2,5027.6921,control_jul
2,5027.9924,control_jul
2,5028.2927,control_jul
2,5028.5931,control_jul
0,5028.8934,control_jul
2,5029.1937,control_jul
2,5029.494,control_jul
2,5029.7944,control_jul
2,5030.0947,control_jul
2,5030.395,control_jul
2,5030.6954,control_jul
2,5030.9956,control_jul
2,5031.296,control_jul
2,5031.5963,control_jul
2,5031.8966,control_jul
2,5032.1969,control_jul
2,5032.4972,control_jul
2,5032.7976,control_jul
2,5033.0979,control_jul
2,5033.3982,control_jul
2,5033.6985,control_jul
2,5033.9989,control_jul
2,5034.2992,control_jul
2,5034.5995,control_jul
2,5034.8998,control_jul
2,5035.2002,control_jul
2,5035.5004,control_jul
2,5035.8008,control_jul
2,5036.1011,control_jul
0,5036.4014,control_jul
2,5036.7018,control_jul
2,5037.002,control_jul
2,5037.3024,control_jul
2,5037.6027,control_jul
2,5037.903,control_jul
2,5038.5037,control_jul
2,5038.804,control_jul
2,5039.1043,control_jul
2,5039.4047,control_jul
2,5039.705,control_jul
2,5040.0053,control_jul
2,5040.3056,control_jul
2,5040.606,control_jul
2,5040.9063,control_jul
2,5041.2066,control_jul
2,5041.5069,control_jul
2,5041.8072,control_jul
2,5042.1076,control_jul
2,5042.4079,control_jul
2,5042.7082,control_jul
2,5043.0085,control_jul
2,5043.3088,control_jul
2,5043.6092,control_jul
2,5043.9095,control_jul
2,5044.2098,control_jul
2,5044.5101,control_jul
2,5044.8105,control_jul
2,5045.1107,control_jul
2,5045.4111,control_jul
2,5045.7114,control_jul
2,5046.0117,control_jul
2,5046.312,control_jul
2,5046.6124,control_jul
2,5046.9127,control_jul
2,5047.213,control_jul
2,5047.5134,control_jul
2,5047.8137,control_jul
2,5048.1168,control_jul
2,5048.4144,control_jul
2,5048.7147,control_jul
2,5049.015,control_jul
1,5049.3153,control_jul
1,5049.6156,control_jul
1,5049.916,control_jul
1,5050.2163,control_jul
1,5050.5166,control_jul
1,5050.8169,control_jul
1,5051.1172,control_jul
2,5051.4175,control_jul
2,5051.7179,control_jul
2,5052.0182,control_jul
2,5052.3185,control_jul
2,5052.6188,control_jul
2,5052.9192,control_jul
2,5053.2195,control_jul
2,5053.5198,control_jul
2,5053.8202,control_jul
2,5054.1205,control_jul
2,5054.4208,control_jul
2,5054.7211,control_jul
2,5055.0214,control_jul
2,5055.3218,control_jul
2,5055.6221,control_jul
2,5055.9224,control_jul
2,5056.2228,control_jul
2,5056.523,control_jul
2,5056.8234,control_jul
2,5057.1237,control_jul
2,5057.424,control_jul
2,5057.7244,control_jul
2,5058.0247,control_jul
2,5058.325,control_jul
2,5058.6253,control_jul
2,5058.9256,control_jul
2,5059.2259,control_jul
2,5059.5262,control_jul
0,5059.8266,control_jul
2,5060.1269,control_jul
2,5060.4273,control_jul
2,5060.7276,control_jul
2,5061.0279,control_jul
2,5061.3282,control_jul
2,5061.6285,control_jul
2,5061.9289,control_jul
2,5062.2292,control_jul
2,5062.5295,control_jul
2,5062.8298,control_jul
2,5063.1301,control_jul
2,5063.4305,control_jul
0,5063.7308,control_jul
2,5064.0312,control_jul
2,5064.3315,control_jul
2,5064.6318,control_jul
2,5064.9321,control_jul
2,5065.2324,control_jul
0,5065.5328,control_jul
2,5065.8331,control_jul
0,5066.1334,control_jul
2,5066.4337,control_jul
2,5066.7341,control_jul
2,5067.0344,control_jul
2,5067.3347,control_jul
2,5067.635,control_jul
2,5067.9353,control_jul
2,5068.2357,control_jul
2,5068.536,control_jul
2,5068.8364,control_jul
2,5069.1366,control_jul
2,5069.437,control_jul
2,5069.7373,control_jul
2,5070.0376,control_jul
2,5070.3379,control_jul
2,5070.6383,control_jul
2,5070.9386,control_jul
0,5071.2389,control_jul
2,5071.5392,control_jul
2,5071.8396,control_jul
2,5072.1399,control_jul
2,5072.4402,control_jul
2,5072.7405,control_jul
2,5073.0409,control_jul
2,5073.3412,control_jul
0,5073.6415,control_jul
2,5073.9419,control_jul
2,5074.2421,control_jul
2,5074.5425,control_jul
2,5074.8428,control_jul
2,5075.1431,control_jul
2,5075.4434,control_jul
2,5075.7438,control_jul
2,5076.0441,control_jul
2,5076.3444,control_jul
2,5076.6448,control_jul
2,5076.9451,control_jul
2,5077.2454,control_jul
2,5077.5456,control_jul
2,5077.846,control_jul
2,5078.1464,control_jul
2,5078.4467,control_jul
2,5078.747,control_jul
2,5079.0473,control_jul
2,5079.3476,control_jul
2,5079.648,control_jul
2,5079.9483,control_jul
2,5080.2486,control_jul
2,5080.549,control_jul
2,5080.8492,control_jul
2,5081.1496,control_jul
2,5081.4499,control_jul
2,5081.7502,control_jul
2,5082.0506,control_jul
2,5082.3508,control_jul
2,5082.6512,control_jul
2,5082.9515,control_jul
2,5083.2518,control_jul
0,5083.5522,control_jul
2,5083.8525,control_jul
2,5084.1528,control_jul
2,5084.4532,control_jul
2,5084.7535,control_jul
2,5085.0538,control_jul
2,5085.3541,control_jul
2,5085.6544,control_jul
2,5085.9548,control_jul
2,5086.2551,control_jul
2,5086.5554,control_jul
2,5086.8557,control_jul
2,5087.1561,control_jul
2,5087.4564,control_jul
2,5087.7567,control_jul
2,5088.057,control_jul
2,5088.3573,control_jul
2,5088.6577,control_jul
2,5088.958,control_jul
2,5089.2583,control_jul
2,5089.5587,control_jul
2,5089.859,control_jul
2,5090.1593,control_jul
2,5090.4596,control_jul
2,5090.7599,control_jul
2,5091.0602,control_jul
2,5091.3605,control_jul
2,5091.6608,control_jul
2,5091.9612,control_jul
2,5092.2615,control_jul
2,5092.5618,control_jul
2,5092.8621,control_jul
2,5093.1625,control_jul
2,5093.4628,control_jul
2,5093.7631,control_jul
2,5094.0635,control_jul
0,5094.3638,control_jul
2,5094.6641,control_jul
0,5094.9644,control_jul
2,5095.2648,control_jul
0,5095.565,control_jul
0,5095.8653,control_jul
2,5096.1657,control_jul
2,5096.466,control_jul
2,5096.7663,control_jul
1,5097.0667,control_jul
2,5097.367,control_jul
2,5097.6673,control_jul
2,5097.9676,control_jul
2,5098.268,control_jul
2,5098.5683,control_jul
2,5098.8686,control_jul
2,5099.169,control_jul
2,5099.4692,control_jul
2,5099.7696,control_jul
2,5100.0699,control_jul
2,5100.3702,control_jul
2,5100.6706,control_jul
2,5100.9709,control_jul
2,5101.2712,control_jul
0,5101.5715,control_jul
2,5101.8719,control_jul
2,5102.4725,control_jul
2,5102.7728,control_jul
2,5103.0681,control_jul
2,5103.3684,control_jul
2,5103.6688,control_jul
2,5103.9691,control_jul
2,5104.2694,control_jul
2,5104.5698,control_jul
2,5104.8701,control_jul
2,5105.1704,control_jul
0,5105.4707,control_jul
2,5105.771,control_jul
2,5106.0714,control_jul
2,5106.3717,control_jul
2,5106.672,control_jul
2,5106.9723,control_jul
2,5107.2727,control_jul
2,5107.573,control_jul
2,5107.8733,control_jul
2,5108.1736,control_jul
2,5108.474,control_jul
2,5108.7743,control_jul
2,5109.0746,control_jul
2,5109.3749,control_jul
2,5109.6752,control_jul
2,5109.9756,control_jul
2,5110.2759,control_jul
2,5110.5763,control_jul
2,5110.8766,control_jul
2,5111.1769,control_jul
2,5111.4772,control_jul
2,5111.7775,control_jul
2,5112.0779,control_jul
0,5112.3782,control_jul
2,5112.6785,control_jul
2,5112.9788,control_jul
2,5113.2791,control_jul
2,5113.5795,control_jul
2,5113.8798,control_jul
2,5114.1801,control_jul
2,5114.4804,control_jul
2,5114.7808,control_jul
2,5115.0811,control_jul
2,5115.3814,control_jul
2,5115.6818,control_jul
2,5115.9821,control_jul
2,5116.2824,control_jul
2,5116.5827,control_jul
2,5116.883,control_jul
2,5117.1834,control_jul
2,5117.4837,control_jul
2,5117.784,control_jul
2,5118.0843,control_jul
0,5118.3846,control_jul
2,5118.685,control_jul
2,5118.9853,control_jul
2,5119.2856,control_jul
2,5119.586,control_jul
2,5119.8863,control_jul
2,5120.1866,control_jul
2,5120.4869,control_jul
2,5120.7873,control_jul
2,5121.0876,control_jul
1,5121.3878,control_jul
1,5121.6882,control_jul
1,5121.9885,control_jul
1,5122.2888,control_jul
1,5122.5892,control_jul
1,5122.8895,control_jul
1,5123.1898,control_jul
1,5123.4902,control_jul
1,5123.7905,control_jul
2,5124.0908,control_jul
2,5124.3912,control_jul
2,5124.6914,control_jul
0,5124.9918,control_jul
2,5125.2921,control_jul
2,5125.5924,control_jul
1,5125.8928,control_jul
2,5126.1931,control_jul
2,5126.4934,control_jul
2,5126.7938,control_jul
2,5127.0941,control_jul
2,5127.3944,control_jul
2,5127.6948,control_jul
2,5127.995,control_jul
2,5128.2954,control_jul
2,5128.5957,control_jul
2,5128.896,control_jul
2,5129.1964,control_jul
2,5129.4966,control_jul
2,5129.797,control_jul
2,5130.0974,control_jul
2,5130.3977,control_jul
2,5130.698,control_jul
2,5130.9983,control_jul
2,5131.2987,control_jul
2,5131.599,control_jul
2,5131.8993,control_jul
2,5132.1996,control_jul
2,5132.4999,control_jul
2,5132.8003,control_jul
2,5133.1006,control_jul
2,5133.4009,control_jul
0,5133.7013,control_jul
0,5134.0016,control_jul
0,5134.3019,control_jul
0,5134.6023,control_jul
0,5134.9026,control_jul
0,5135.2029,control_jul
0,5135.5032,control_jul
0,5135.8036,control_jul
0,5136.1039,control_jul
0,5136.4041,control_jul
0,5136.7045,control_jul
0,5137.0048,control_jul
0,5137.3052,control_jul
0,5137.6054,control_jul
0,5137.9058,control_jul
0,5138.2061,control_jul
0,5138.5064,control_jul
0,5138.8067,control_jul
0,5139.1072,control_jul
0,5139.4075,control_jul
0,5139.7077,control_jul
0,5140.0081,control_jul
0,5140.3084,control_jul
0,5140.6087,control_jul
2,5140.909,control_jul
2,5141.2094,control_jul
2,5141.5097,control_jul
2,5141.8101,control_jul
2,5142.1104,control_jul
2,5142.4107,control_jul
2,5142.711,control_jul
2,5143.0113,control_jul
2,5143.3117,control_jul
2,5143.612,control_jul
2,5143.9123,control_jul
2,5144.2126,control_jul
2,5144.513,control_jul
2,5144.8133,control_jul
0,5145.1137,control_jul
2,5145.414,control_jul
2,5145.7143,control_jul
2,5146.0146,control_jul
2,5146.3149,control_jul
2,5146.6152,control_jul
2,5146.9156,control_jul
2,5147.2159,control_jul
2,5147.5162,control_jul
2,5147.8166,control_jul
2,5148.1169,control_jul
2,5148.4172,control_jul
2,5148.7176,control_jul
2,5149.0179,control_jul
2,5149.3182,control_jul
2,5149.6186,control_jul
2,5149.9189,control_jul
2,5150.2192,control_jul
2,5150.5195,control_jul
2,5150.8199,control_jul
2,5151.1202,control_jul
2,5151.4205,control_jul
2,5151.7209,control_jul
2,5152.0212,control_jul
2,5152.3215,control_jul
2,5152.6218,control_jul
2,5152.9221,control_jul
2,5153.2225,control_jul
2,5153.5228,control_jul
2,5153.8231,control_jul
2,5154.1235,control_jul
2,5154.4237,control_jul
2,5154.7241,control_jul
2,5155.0244,control_jul
2,5155.3248,control_jul
2,5155.6251,control_jul
2,5155.9254,control_jul
2,5156.2258,control_jul
2,5156.526,control_jul
2,5156.8264,control_jul
2,5157.1267,control_jul
2,5157.427,control_jul
2,5157.7274,control_jul
2,5158.0277,control_jul
2,5158.328,control_jul
2,5158.6284,control_jul
2,5158.9287,control_jul
2,5159.2291,control_jul
2,5159.5294,control_jul
2,5159.8296,control_jul
2,5160.13,control_jul
2,5160.4303,control_jul
2,5160.7306,control_jul
2,5161.0309,control_jul
2,5161.3313,control_jul
2,5161.6316,control_jul
2,5161.9319,control_jul
2,5162.2323,control_jul
2,5162.5326,control_jul
2,5162.8329,control_jul
2,5163.1332,control_jul
2,5163.4335,control_jul
2,5163.7339,control_jul
2,5164.0342,control_jul
2,5164.3345,control_jul
2,5164.6348,control_jul
2,5164.9352,control_jul
2,5165.2355,control_jul
2,5165.5358,control_jul
2,5165.8362,control_jul
2,5166.1365,control_jul
2,5166.4368,control_jul
2,5166.7371,control_jul
2,5167.0375,control_jul
2,5167.3378,control_jul
2,5167.6381,control_jul
2,5167.9384,control_jul
2,5168.2388,control_jul
2,5168.5416,control_jul
2,5168.8394,control_jul
2,5169.1397,control_jul
2,5169.4401,control_jul
2,5169.7404,control_jul
2,5170.0407,control_jul
2,5170.341,control_jul
2,5170.6414,control_jul
2,5170.9417,control_jul
2,5171.242,control_jul
2,5171.5423,control_jul
2,5171.8427,control_jul
2,5172.143,control_jul
2,5172.4433,control_jul
2,5172.7436,control_jul
2,5173.0439,control_jul
2,5173.3443,control_jul
2,5173.6445,control_jul
0,5173.945,control_jul
2,5174.2452,control_jul
2,5174.5455,control_jul
2,5174.8459,control_jul
2,5175.1462,control_jul
2,5175.4465,control_jul
2,5175.7469,control_jul
2,5176.0472,control_jul
0,5176.3475,control_jul
2,5176.6584,control_jul
2,5176.9481,control_jul
2,5177.2484,control_jul
0,5177.5488,control_jul
2,5177.8492,control_jul
2,5178.1495,control_jul
2,5178.4498,control_jul
0,5178.7501,control_jul
2,5179.0504,control_jul
2,5179.3508,control_jul
2,5179.651,control_jul
2,5179.9514,control_jul
2,5180.2517,control_jul
2,5180.5521,control_jul
2,5180.8524,control_jul
2,5181.1527,control_jul
2,5181.4531,control_jul
2,5181.7534,control_jul
2,5182.0536,control_jul
2,5182.354,control_jul
2,5182.6543,control_jul
2,5182.9546,control_jul
2,5183.255,control_jul
2,5183.5553,control_jul
2,5183.8556,control_jul
2,5184.1559,control_jul
0,5184.4563,control_jul
2,5184.7566,control_jul
2,5185.0569,control_jul
2,5185.3572,control_jul
2,5185.6576,control_jul
2,5185.9579,control_jul
2,5186.2582,control_jul
2,5186.5585,control_jul
2,5186.8589,control_jul
2,5187.1592,control_jul
2,5187.7598,control_jul
2,5188.0602,control_jul
2,5188.3604,control_jul
2,5188.6608,control_jul
2,5188.9611,control_jul
2,5189.2614,control_jul
2,5189.5618,control_jul
2,5189.8621,control_jul
2,5190.1624,control_jul
2,5190.4628,control_jul
2,5190.7631,control_jul
2,5191.0634,control_jul
2,5191.3637,control_jul
2,5191.664,control_jul
2,5191.9644,control_jul
2,5192.2647,control_jul
0,5192.565,control_jul
2,5192.8653,control_jul
2,5193.1656,control_jul
0,5193.466,control_jul
2,5193.7663,control_jul
2,5194.0666,control_jul
2,5194.367,control_jul
2,5194.6673,control_jul
2,5194.9676,control_jul
2,5195.2679,control_jul
2,5195.5683,control_jul
2,5195.88,control_jul
2,5196.1689,control_jul
2,5196.4693,control_jul
2,5196.7695,control_jul
2,5197.0699,control_jul
2,5197.3702,control_jul
2,5197.6705,control_jul
2,5197.9709,control_jul
2,5198.2712,control_jul
2,5198.5715,control_jul
2,5198.8718,control_jul
2,5199.1721,control_jul
2,5199.4724,control_jul
2,5199.7778,control_jul
2,5200.0731,control_jul
2,5200.3734,control_jul
2,5200.6738,control_jul
2,5200.9741,control_jul
2,5201.2744,control_jul
2,5201.5747,control_jul
2,5201.8751,control_jul
2,5202.1754,control_jul
2,5202.4757,control_jul
2,5202.776,control_jul
2,5203.0764,control_jul
2,5203.3767,control_jul
2,5203.6771,control_jul
2,5203.9773,control_jul
2,5204.2777,control_jul
2,5204.578,control_jul
2,5204.8784,control_jul
2,5205.1787,control_jul
2,5205.479,control_jul
2,5205.7793,control_jul
2,5206.0796,control_jul
2,5206.38,control_jul
2,5206.6811,control_jul
2,5206.9806,control_jul
2,5207.281,control_jul
2,5207.5812,control_jul
2,5207.8816,control_jul
2,5208.1819,control_jul
2,5208.4822,control_jul
2,5208.7825,control_jul
2,5209.0829,control_jul
2,5209.3832,control_jul
2,5209.6835,control_jul
2,5209.9839,control_jul
2,5210.2842,control_jul
2,5210.5845,control_jul
2,5210.8848,control_jul
2,5211.1852,control_jul
2,5211.4855,control_jul
2,5211.7858,control_jul
2,5212.0862,control_jul
2,5212.3865,control_jul
2,5212.6868,control_jul
2,5212.9871,control_jul
2,5213.2875,control_jul
2,5213.5878,control_jul
2,5213.8881,control_jul
2,5214.1884,control_jul
2,5214.4887,control_jul
2,5214.7891,control_jul
2,5215.0894,control_jul
2,5215.3897,control_jul
2,5215.69,control_jul
2,5215.9903,control_jul
2,5216.2908,control_jul
2,5216.591,control_jul
2,5216.8914,control_jul
2,5217.1917,control_jul
2,5217.492,control_jul
2,5217.7924,control_jul
2,5218.0927,control_jul
2,5218.393,control_jul
2,5218.6933,control_jul
2,5218.9937,control_jul
2,5219.294,control_jul
2,5219.5944,control_jul
2,5219.8947,control_jul
0,5220.195,control_jul
2,5220.4993,control_jul
2,5220.7957,control_jul
2,5221.0959,control_jul
2,5221.3963,control_jul
2,5221.6966,control_jul
2,5221.997,control_jul
2,5222.2973,control_jul
2,5222.5976,control_jul
2,5222.8979,control_jul
2,5223.1982,control_jul
2,5223.4986,control_jul
2,5223.7989,control_jul
2,5224.0992,control_jul
2,5224.3996,control_jul
2,5224.6999,control_jul
2,5225.0002,control_jul
2,5225.3005,control_jul
2,5225.6008,control_jul
2,5225.9012,control_jul
2,5226.2015,control_jul
2,5226.5019,control_jul
2,5226.8022,control_jul
2,5227.1025,control_jul
2,5227.4028,control_jul
2,5227.7031,control_jul
2,5228.0035,control_jul
2,5228.3037,control_jul
2,5228.6041,control_jul
2,5228.9044,control_jul
2,5229.2048,control_jul
2,5229.5051,control_jul
2,5229.8054,control_jul
2,5230.1057,control_jul
2,5230.4061,control_jul
2,5230.7063,control_jul
2,5231.0067,control_jul
2,5231.307,control_jul
2,5231.6074,control_jul
2,5231.9077,control_jul
2,5232.2081,control_jul
0,5232.5084,control_jul
2,5232.8087,control_jul
2,5233.109,control_jul
2,5233.4093,control_jul
2,5233.7097,control_jul
2,5234.01,control_jul
2,5234.3103,control_jul
2,5234.6106,control_jul
2,5234.9109,control_jul
0,5235.2113,control_jul
2,5235.5116,control_jul
0,5235.8119,control_jul
2,5236.1123,control_jul
2,5236.4126,control_jul
2,5236.7129,control_jul
2,5237.0132,control_jul
2,5237.3136,control_jul
2,5237.6139,control_jul
0,5237.9142,control_jul
2,5238.2146,control_jul
2,5238.5149,control_jul
2,5238.8152,control_jul
2,5239.1155,control_jul
2,5239.4159,control_jul
2,5239.7162,control_jul
2,5240.0165,control_jul
2,5240.3169,control_jul
2,5240.6172,control_jul
2,5240.9175,control_jul
2,5241.2178,control_jul
2,5241.5181,control_jul
2,5241.8185,control_jul
2,5242.1188,control_jul
2,5242.4191,control_jul
2,5242.7194,control_jul
2,5243.0197,control_jul
2,5243.3201,control_jul
2,5243.6204,control_jul
0,5243.9208,control_jul
2,5244.221,control_jul
2,5244.5214,control_jul
2,5244.8217,control_jul
2,5245.122,control_jul
0,5245.4224,control_jul
2,5245.7227,control_jul
2,5246.023,control_jul
2,5246.3234,control_jul
2,5246.6237,control_jul
2,5246.9241,control_jul
2,5247.2244,control_jul
2,5247.5247,control_jul
2,5247.825,control_jul
2,5248.1253,control_jul
2,5248.4257,control_jul
2,5248.726,control_jul
2,5249.0263,control_jul
2,5249.3266,control_jul
2,5249.6269,control_jul
2,5249.9273,control_jul
2,5250.2276,control_jul
2,5250.528,control_jul
0,5250.8283,control_jul
2,5251.1286,control_jul
2,5251.4289,control_jul
2,5251.7292,control_jul
2,5252.0296,control_jul
2,5252.33,control_jul
2,5252.6302,control_jul
2,5252.9306,control_jul
2,5253.2309,control_jul
2,5253.5313,control_jul
2,5253.8315,control_jul
0,5254.1318,control_jul
2,5254.4322,control_jul
2,5254.7325,control_jul
2,5255.0329,control_jul
2,5255.3332,control_jul
2,5255.6335,control_jul
2,5255.9338,control_jul
2,5256.2342,control_jul
0,5256.5345,control_jul
2,5256.8348,control_jul
2,5257.1351,control_jul
2,5257.4355,control_jul
2,5258.0362,control_jul
2,5258.3364,control_jul
2,5258.6368,control_jul
2,5258.9371,control_jul
2,5259.2375,control_jul
2,5259.5378,control_jul
2,5259.8381,control_jul
2,5260.1384,control_jul
2,5260.4387,control_jul
2,5260.7391,control_jul
0,5261.0394,control_jul
2,5261.3397,control_jul
2,5261.6401,control_jul
2,5261.9404,control_jul
2,5262.2407,control_jul
2,5262.541,control_jul
2,5262.8414,control_jul
2,5263.1417,control_jul
2,5263.442,control_jul
2,5264.0426,control_jul
2,5264.343,control_jul
2,5264.6433,control_jul
2,5264.9436,control_jul
2,5265.244,control_jul
2,5265.5443,control_jul
2,5265.8446,control_jul
2,5266.145,control_jul
2,5266.4453,control_jul
2,5266.7456,control_jul
0,5267.046,control_jul
2,5267.3463,control_jul
2,5267.6466,control_jul
0,5267.9469,control_jul
2,5268.2473,control_jul
2,5268.5476,control_jul
2,5268.8479,control_jul
2,5269.1483,control_jul
2,5269.4486,control_jul
2,5269.7489,control_jul
2,5270.0492,control_jul
2,5270.3496,control_jul
2,5270.65,control_jul
2,5270.9502,control_jul
2,5271.2506,control_jul
2,5271.5509,control_jul
2,5271.8512,control_jul
2,5272.1515,control_jul
2,5272.4518,control_jul
2,5272.7521,control_jul
2,5273.0525,control_jul
2,5273.3528,control_jul
2,5273.6532,control_jul
2,5273.9535,control_jul
2,5274.2539,control_jul
2,5274.5541,control_jul
2,5274.8545,control_jul
2,5275.1548,control_jul
2,5275.4551,control_jul
2,5275.7555,control_jul
2,5276.0558,control_jul
2,5276.3561,control_jul
2,5276.6564,control_jul
2,5276.9568,control_jul
2,5277.2571,control_jul
2,5277.5574,control_jul
2,5277.8577,control_jul
0,5278.1581,control_jul
2,5278.4584,control_jul
2,5278.7588,control_jul
2,5279.0591,control_jul
2,5279.3594,control_jul
2,5279.6597,control_jul
2,5279.9601,control_jul
2,5280.2604,control_jul
2,5280.5607,control_jul
2,5280.861,control_jul
2,5281.1614,control_jul
2,5281.4617,control_jul
0,5281.762,control_jul
2,5282.0624,control_jul
2,5282.3627,control_jul
2,5282.663,control_jul
2,5282.9634,control_jul
2,5283.2637,control_jul
2,5283.564,control_jul
2,5283.8643,control_jul
2,5284.1646,control_jul
0,5284.465,control_jul
2,5284.7653,control_jul
2,5285.0656,control_jul
2,5285.366,control_jul
2,5285.6663,control_jul
2,5285.9666,control_jul
2,5286.2669,control_jul
0,5286.5672,control_jul
2,5286.8676,control_jul
2,5287.1679,control_jul
2,5287.4683,control_jul
2,5287.7685,control_jul
2,5288.0689,control_jul
2,5288.3692,control_jul
2,5288.6696,control_jul
2,5288.9699,control_jul
2,5289.2702,control_jul
2,5289.5705,control_jul
2,5289.8708,control_jul
2,5290.1712,control_jul
2,5290.4715,control_jul
2,5290.7718,control_jul
2,5291.0722,control_jul
2,5291.3724,control_jul
2,5291.6728,control_jul
2,5291.9732,control_jul
2,5292.2735,control_jul
2,5292.5738,control_jul
2,5292.8742,control_jul
2,5293.1745,control_jul
2,5293.4748,control_jul
2,5293.7751,control_jul
2,5294.0755,control_jul
0,5294.3758,control_jul
2,5294.6761,control_jul
2,5294.9764,control_jul
2,5295.2768,control_jul
2,5295.5771,control_jul
2,5295.8774,control_jul
2,5296.1778,control_jul
2,5296.4781,control_jul
2,5296.7784,control_jul
2,5297.0788,control_jul
2,5297.3791,control_jul
0,5297.6794,control_jul
2,5297.9797,control_jul
2,5298.2801,control_jul
2,5298.5804,control_jul
2,5298.8807,control_jul
2,5299.181,control_jul
2,5299.4814,control_jul
2,5299.7817,control_jul
2,5300.082,control_jul
2,5300.3823,control_jul
2,5300.6826,control_jul
2,5300.983,control_jul
2,5301.2833,control_jul
2,5301.5836,control_jul
2,5301.884,control_jul
2,5302.1843,control_jul
2,5302.4846,control_jul
2,5302.785,control_jul
2,5303.0853,control_jul
2,5303.3856,control_jul
2,5303.686,control_jul
2,5303.9863,control_jul
2,5304.2866,control_jul
2,5304.5869,control_jul
2,5304.8873,control_jul
2,5305.1876,control_jul
2,5305.4879,control_jul
2,5305.7882,control_jul
2,5306.0886,control_jul
2,5306.3889,control_jul
2,5306.6892,control_jul
2,5306.9896,control_jul
2,5307.2899,control_jul
2,5307.5902,control_jul
2,5307.8905,control_jul
2,5308.1908,control_jul
2,5308.4912,control_jul
2,5308.7915,control_jul
2,5309.0918,control_jul
2,5309.3921,control_jul
2,5309.6924,control_jul
2,5309.9928,control_jul
2,5310.2931,control_jul
2,5310.5934,control_jul
2,5310.8938,control_jul
2,5311.1941,control_jul
2,5311.4945,control_jul
2,5311.7948,control_jul
2,5312.0951,control_jul
2,5312.3954,control_jul
2,5312.6957,control_jul
2,5312.9961,control_jul
2,5313.2964,control_jul
2,5313.5967,control_jul
2,5313.8971,control_jul
2,5314.1974,control_jul
2,5314.4977,control_jul
2,5314.7981,control_jul
2,5315.0984,control_jul
2,5315.3987,control_jul
2,5315.699,control_jul
2,5315.9994,control_jul
2,5316.2996,control_jul
2,5316.5999,control_jul
2,5316.9003,control_jul
2,5317.2007,control_jul
2,5317.501,control_jul
2,5317.8013,control_jul
2,5318.1016,control_jul
2,5318.402,control_jul
2,5318.7023,control_jul
1,5319.0027,control_jul
2,5319.3029,control_jul
2,5319.6033,control_jul
2,5319.9036,control_jul
2,5320.2039,control_jul
2,5320.5043,control_jul
2,5320.8046,control_jul
2,5321.1049,control_jul
2,5321.4052,control_jul
2,5321.7056,control_jul
2,5322.0059,control_jul
2,5322.3062,control_jul
2,5322.6065,control_jul
2,5322.9068,control_jul
0,5323.2072,control_jul
2,5323.5076,control_jul
2,5323.8079,control_jul
2,5324.1082,control_jul
2,5324.4085,control_jul
2,5324.7089,control_jul
2,5325.0092,control_jul
2,5325.3095,control_jul
2,5325.6099,control_jul
2,5325.9101,control_jul
2,5326.2105,control_jul
2,5326.5108,control_jul
2,5326.8111,control_jul
2,5327.1114,control_jul
2,5327.4118,control_jul
2,5327.7121,control_jul
2,5328.0124,control_jul
2,5328.3127,control_jul
0,5328.6131,control_jul
2,5328.9134,control_jul
2,5329.2137,control_jul
2,5329.5141,control_jul
0,5329.8144,control_jul
2,5330.1147,control_jul
2,5330.415,control_jul
2,5330.7153,control_jul
2,5331.0156,control_jul
2,5331.316,control_jul
2,5331.6163,control_jul
2,5331.9167,control_jul
2,5332.217,control_jul
2,5332.5173,control_jul
2,5332.8177,control_jul
2,5333.1179,control_jul
2,5333.4183,control_jul
2,5333.7186,control_jul
2,5334.0189,control_jul
2,5334.3192,control_jul
2,5334.6196,control_jul
2,5334.9199,control_jul
2,5335.2202,control_jul
2,5335.5205,control_jul
2,5335.8209,control_jul
2,5336.1212,control_jul
2,5336.4215,control_jul
2,5336.7219,control_jul
2,5337.0222,control_jul
2,5337.3226,control_jul
2,5337.6228,control_jul
2,5337.9232,control_jul
2,5338.2235,control_jul
2,5338.5238,control_jul
2,5338.8241,control_jul
2,5339.1244,control_jul
2,5339.4248,control_jul
0,5339.7252,control_jul
2,5340.0255,control_jul
2,5340.3257,control_jul
2,5340.6261,control_jul
2,5340.9264,control_jul
2,5341.2268,control_jul
2,5341.5271,control_jul
2,5341.8274,control_jul
2,5342.1278,control_jul
2,5342.4281,control_jul
2,5342.7284,control_jul
2,5343.0287,control_jul
2,5343.329,control_jul
2,5343.6293,control_jul
2,5343.9297,control_jul
2,5344.23,control_jul
2,5344.5303,control_jul
2,5344.8307,control_jul
2,5345.131,control_jul
2,5345.4313,control_jul
2,5345.7316,control_jul
2,5346.032,control_jul
2,5346.3323,control_jul
2,5346.6326,control_jul
2,5346.9329,control_jul
2,5347.2333,control_jul
2,5347.5336,control_jul
2,5347.834,control_jul
2,5348.1343,control_jul
2,5348.4346,control_jul
2,5348.7349,control_jul
2,5349.0352,control_jul
2,5349.3356,control_jul
1,5349.6359,control_jul
1,5349.9362,control_jul
1,5350.2365,control_jul
2,5350.5369,control_jul
2,5350.8372,control_jul
2,5351.1375,control_jul
2,5351.4379,control_jul
2,5351.7382,control_jul
2,5352.0385,control_jul
2,5352.3388,control_jul
2,5352.6392,control_jul
2,5352.9395,control_jul
2,5353.2398,control_jul
2,5353.5402,control_jul
2,5353.8405,control_jul
2,5354.1408,control_jul
0,5354.4411,control_jul
2,5354.7414,control_jul
2,5355.0418,control_jul
2,5355.3421,control_jul
2,5355.6424,control_jul
2,5355.9427,control_jul
2,5356.2431,control_jul
2,5356.5434,control_jul
2,5356.8437,control_jul
2,5357.1441,control_jul
2,5357.4444,control_jul
2,5357.7447,control_jul
2,5358.0451,control_jul
2,5358.3453,control_jul
0,5358.6456,control_jul
2,5358.946,control_jul
2,5359.2463,control_jul
2,5359.5467,control_jul
2,5359.847,control_jul
2,5360.1473,control_jul
2,5360.4476,control_jul
2,5360.7479,control_jul
2,5361.0483,control_jul
2,5361.3486,control_jul
2,5361.6489,control_jul
0,5361.9492,control_jul
0,5362.2496,control_jul
0,5362.55,control_jul
2,5362.8502,control_jul
2,5363.1506,control_jul
2,5363.4509,control_jul
2,5363.7513,control_jul
2,5364.0516,control_jul
2,5364.3519,control_jul
2,5364.6523,control_jul
2,5364.9525,control_jul
2,5365.2529,control_jul
2,5365.5532,control_jul
2,5365.8535,control_jul
2,5366.1538,control_jul
2,5366.4541,control_jul
2,5366.7545,control_jul
2,5367.0548,control_jul
2,5367.3552,control_jul
2,5367.6555,control_jul
2,5367.9558,control_jul
2,5368.2561,control_jul
2,5368.5565,control_jul
2,5368.8568,control_jul
2,5369.1571,control_jul
2,5369.4575,control_jul
2,5369.7577,control_jul
2,5370.0581,control_jul
2,5370.3584,control_jul
2,5370.6587,control_jul
2,5370.9591,control_jul
2,5371.2594,control_jul
2,5371.5597,control_jul
2,5371.8601,control_jul
2,5372.1604,control_jul
2,5372.4607,control_jul
2,5372.761,control_jul
2,5373.0613,control_jul
2,5373.3617,control_jul
2,5373.662,control_jul
2,5373.9623,control_jul
2,5374.2626,control_jul
2,5374.563,control_jul
2,5374.8633,control_jul
2,5375.1636,control_jul
2,5375.464,control_jul
2,5375.7643,control_jul
2,5376.0646,control_jul
2,5376.365,control_jul
0,5376.6653,control_jul
2,5376.9656,control_jul
2,5377.266,control_jul
2,5377.5662,control_jul
2,5377.8666,control_jul
2,5378.1669,control_jul
2,5378.4673,control_jul
2,5378.7676,control_jul
2,5379.0679,control_jul
2,5379.3682,control_jul
2,5379.6685,control_jul
0,5379.9689,control_jul
2,5380.2692,control_jul
0,5380.5695,control_jul
2,5380.8698,control_jul
2,5381.1702,control_jul
2,5381.4705,control_jul
2,5381.7708,control_jul
2,5382.0711,control_jul
2,5382.3715,control_jul
2,5382.6718,control_jul
2,5382.9722,control_jul
2,5383.2724,control_jul
2,5383.5727,control_jul
2,5383.8731,control_jul
2,5384.1734,control_jul
2,5384.4738,control_jul
2,5384.7741,control_jul
2,5385.0745,control_jul
2,5385.3748,control_jul
2,5385.675,control_jul
0,5385.9754,control_jul
2,5386.2757,control_jul
2,5386.576,control_jul
2,5386.8763,control_jul
2,5387.1767,control_jul
2,5387.477,control_jul
2,5387.7774,control_jul
2,5388.0777,control_jul
2,5388.378,control_jul
2,5388.6783,control_jul
2,5388.9787,control_jul
2,5389.279,control_jul
2,5389.5793,control_jul
2,5389.8797,control_jul
2,5390.18,control_jul
2,5390.4803,control_jul
2,5390.7806,control_jul
2,5391.081,control_jul
2,5391.3812,control_jul
2,5391.6816,control_jul
2,5391.982,control_jul
2,5392.2822,control_jul
2,5392.5826,control_jul
0,5392.8829,control_jul
2,5393.1833,control_jul
2,5393.4836,control_jul
2,5393.7839,control_jul
2,5394.0842,control_jul
2,5394.3845,control_jul
2,5394.6849,control_jul
2,5394.9852,control_jul
2,5395.2864,control_jul
2,5395.5859,control_jul
2,5395.8862,control_jul
2,5396.1865,control_jul
2,5396.4868,control_jul
2,5396.7872,control_jul
2,5397.0875,control_jul
2,5397.3878,control_jul
2,5397.6881,control_jul
2,5397.9884,control_jul
2,5398.2888,control_jul
2,5398.5892,control_jul
2,5398.8895,control_jul
2,5399.1898,control_jul
2,5399.4901,control_jul
2,5399.7904,control_jul
2,5400.0908,control_jul
2,5400.3911,control_jul
2,5400.6914,control_jul
2,5400.9917,control_jul
2,5401.2921,control_jul
2,5401.5924,control_jul
2,5401.8927,control_jul
2,5402.1931,control_jul
2,5402.4934,control_jul
2,5402.7937,control_jul
2,5403.094,control_jul
2,5403.3943,control_jul
2,5403.6947,control_jul
2,5403.995,control_jul
2,5404.2953,control_jul
2,5404.5956,control_jul
2,5404.896,control_jul
2,5405.1963,control_jul
2,5405.4966,control_jul
2,5405.797,control_jul
2,5406.0973,control_jul
2,5406.3976,control_jul
2,5406.6979,control_jul
2,5406.9982,control_jul
2,5407.2986,control_jul
2,5407.5989,control_jul
2,5407.8993,control_jul
2,5408.1996,control_jul
2,5408.4999,control_jul
2,5408.8002,control_jul
2,5409.1005,control_jul
2,5409.4009,control_jul
2,5409.7012,control_jul
2,5410.0015,control_jul
0,5410.3018,control_jul
0,5410.6022,control_jul
2,5410.9025,control_jul
2,5411.2028,control_jul
2,5411.5032,control_jul
2,5411.8035,control_jul
2,5412.1038,control_jul
2,5412.4041,control_jul
2,5412.7044,control_jul
2,5413.0047,control_jul
2,5413.3052,control_jul
0,5413.6054,control_jul
2,5413.9058,control_jul
2,5414.2061,control_jul
2,5414.5064,control_jul
2,5414.8067,control_jul
2,5415.1071,control_jul
2,5415.4074,control_jul
2,5415.7077,control_jul
2,5416.008,control_jul
2,5416.3084,control_jul
2,5416.6087,control_jul
2,5416.909,control_jul
2,5417.2094,control_jul
2,5417.5097,control_jul
2,5417.81,control_jul
2,5418.1103,control_jul
2,5418.4107,control_jul
2,5418.7109,control_jul
2,5419.0113,control_jul
2,5419.3116,control_jul
2,5419.612,control_jul
2,5419.9123,control_jul
2,5420.2126,control_jul
2,5420.5129,control_jul
2,5420.8133,control_jul
2,5421.1136,control_jul
2,5421.4139,control_jul
2,5421.7142,control_jul
2,5422.0146,control_jul
2,5422.3149,control_jul
2,5422.6152,control_jul
2,5422.9156,control_jul
2,5423.2159,control_jul
2,5423.5162,control_jul
2,5423.8165,control_jul
2,5424.1168,control_jul
2,5424.4172,control_jul
2,5424.7175,control_jul
2,5425.0178,control_jul
2,5425.3182,control_jul
2,5425.6184,control_jul
2,5425.9188,control_jul
2,5426.2191,control_jul
2,5426.5195,control_jul
2,5426.8197,control_jul
2,5427.1201,control_jul
2,5427.4204,control_jul
2,5427.7207,control_jul
2,5428.0211,control_jul
2,5428.3214,control_jul
2,5428.6217,control_jul
2,5428.9221,control_jul
2,5429.2224,control_jul
2,5429.5227,control_jul
2,5429.823,control_jul
2,5430.1234,control_jul
2,5430.4237,control_jul
2,5430.724,control_jul
2,5431.0393,control_jul
2,5431.3247,control_jul
2,5431.625,control_jul
2,5431.9253,control_jul
2,5432.2257,control_jul
2,5432.526,control_jul
2,5432.8263,control_jul
2,5433.1266,control_jul
2,5433.4269,control_jul
2,5433.7273,control_jul
2,5434.0276,control_jul
2,5434.3279,control_jul
2,5434.6283,control_jul
2,5434.9285,control_jul
0,5435.2289,control_jul
2,5435.5292,control_jul
2,5435.8296,control_jul
2,5436.1299,control_jul
2,5436.4302,control_jul
2,5436.7305,control_jul
2,5437.0308,control_jul
2,5437.3312,control_jul
2,5437.6315,control_jul
2,5437.9318,control_jul
2,5438.2321,control_jul
2,5438.5324,control_jul
2,5438.8328,control_jul
2,5439.1332,control_jul
2,5439.4335,control_jul
2,5439.7338,control_jul
2,5440.0341,control_jul
2,5440.3345,control_jul
2,5440.6348,control_jul
2,5440.9351,control_jul
2,5441.2355,control_jul
2,5441.5357,control_jul
2,5441.8361,control_jul
2,5442.1364,control_jul
2,5442.4367,control_jul
2,5442.7371,control_jul
2,5443.0374,control_jul
2,5443.3377,control_jul
2,5443.638,control_jul
2,5443.9384,control_jul
2,5444.2387,control_jul
2,5444.539,control_jul
2,5444.8393,control_jul
2,5445.1396,control_jul
2,5445.44,control_jul
2,5445.7403,control_jul
2,5446.0406,control_jul
2,5446.341,control_jul
2,5446.6412,control_jul
2,5446.9416,control_jul
2,5447.2419,control_jul
2,5447.5423,control_jul
2,5447.8426,control_jul
2,5448.1429,control_jul
2,5448.4432,control_jul
2,5448.7436,control_jul
2,5449.0439,control_jul
2,5449.3442,control_jul
2,5449.6445,control_jul
2,5449.9448,control_jul
2,5450.2452,control_jul
2,5450.5455,control_jul
2,5450.8458,control_jul
2,5451.1461,control_jul
2,5451.4465,control_jul
2,5451.7468,control_jul
2,5452.0471,control_jul
2,5452.3475,control_jul
2,5452.6478,control_jul
2,5452.9481,control_jul
2,5453.2484,control_jul
2,5453.5487,control_jul
2,5453.8491,control_jul
2,5454.1494,control_jul
2,5454.4497,control_jul
2,5454.7501,control_jul
2,5455.3507,control_jul
2,5455.6511,control_jul
2,5455.9514,control_jul
2,5456.2517,control_jul
2,5456.552,control_jul
2,5456.8524,control_jul
2,5457.1526,control_jul
2,5457.453,control_jul
2,5457.7533,control_jul
2,5458.0536,control_jul
2,5458.354,control_jul
2,5458.6543,control_jul
2,5458.9546,control_jul
2,5459.2549,control_jul
2,5459.5552,control_jul
2,5459.8556,control_jul
2,5460.1559,control_jul
2,5460.4562,control_jul
2,5460.7566,control_jul
2,5461.0569,control_jul
2,5461.3572,control_jul
2,5461.6575,control_jul
2,5461.9579,control_jul
2,5462.2582,control_jul
2,5462.5585,control_jul
2,5462.8588,control_jul
2,5463.1591,control_jul
2,5463.4595,control_jul
2,5463.7598,control_jul
2,5464.0602,control_jul
2,5464.3605,control_jul
2,5464.6608,control_jul
2,5464.9611,control_jul
2,5465.2614,control_jul
2,5465.5617,control_jul
2,5465.8621,control_jul
2,5466.1624,control_jul
2,5466.4628,control_jul
2,5466.7631,control_jul
2,5467.0634,control_jul
2,5467.3637,control_jul
2,5467.664,control_jul
0,5467.9644,control_jul
2,5468.2647,control_jul
2,5468.565,control_jul
0,5468.8653,control_jul
2,5469.1657,control_jul
2,5469.466,control_jul
2,5469.7663,control_jul
2,5470.0667,control_jul
2,5470.367,control_jul
2,5470.6673,control_jul
2,5470.9676,control_jul
2,5471.2679,control_jul
0,5471.5683,control_jul
2,5471.8686,control_jul
2,5472.1689,control_jul
2,5472.4693,control_jul
2,5472.7696,control_jul
2,5473.07,control_jul
2,5473.3702,control_jul
2,5473.6706,control_jul
2,5473.9708,control_jul
2,5474.2713,control_jul
2,5474.5716,control_jul
2,5474.8719,control_jul
2,5475.1722,control_jul
2,5475.4725,control_jul
2,5475.7728,control_jul
2,5476.0732,control_jul
2,5476.3734,control_jul
2,5476.6738,control_jul
2,5476.9741,control_jul
2,5477.2745,control_jul
2,5477.5748,control_jul
2,5477.8751,control_jul
2,5478.1755,control_jul
2,5478.4757,control_jul
2,5478.7761,control_jul
2,5479.0764,control_jul
2,5479.3767,control_jul
2,5479.6771,control_jul
2,5479.9774,control_jul
2,5480.2777,control_jul
2,5480.578,control_jul
2,5480.8784,control_jul
2,5481.1787,control_jul
2,5481.479,control_jul
2,5481.7793,control_jul
2,5482.0796,control_jul
2,5482.38,control_jul
2,5482.6803,control_jul
2,5482.9806,control_jul
2,5483.281,control_jul
2,5483.5813,control_jul
2,5483.8816,control_jul
2,5484.1819,control_jul
2,5484.4822,control_jul
2,5484.7825,control_jul
2,5485.0829,control_jul
2,5485.3833,control_jul
2,5485.6836,control_jul
2,5485.9839,control_jul
2,5486.2842,control_jul
2,5486.5845,control_jul
2,5486.8848,control_jul
2,5487.1852,control_jul
2,5487.4855,control_jul
2,5487.7858,control_jul
2,5488.0862,control_jul
2,5488.3865,control_jul
2,5488.6868,control_jul
2,5488.9871,control_jul
2,5489.2875,control_jul
2,5489.5878,control_jul
2,5489.8881,control_jul
2,5490.1884,control_jul
2,5490.4888,control_jul
0,5490.7891,control_jul
2,5491.0894,control_jul
2,5491.3898,control_jul
2,5491.69,control_jul
2,5491.9904,control_jul
2,5492.2907,control_jul
2,5492.591,control_jul
2,5492.8914,control_jul
2,5493.1917,control_jul
2,5493.492,control_jul
2,5493.7924,control_jul
0,5494.0927,control_jul
2,5494.393,control_jul
0,5494.6933,control_jul
2,5494.9937,control_jul
2,5495.294,control_jul
2,5495.5943,control_jul
2,5495.8947,control_jul
2,5496.1949,control_jul
2,5496.4953,control_jul
2,5496.7956,control_jul
2,5497.0959,control_jul
2,5497.3962,control_jul
2,5497.6966,control_jul
2,5497.9969,control_jul
2,5498.2972,control_jul
2,5498.5976,control_jul
2,5498.8979,control_jul
2,5499.1982,control_jul
2,5499.4985,control_jul
2,5499.7989,control_jul
0,5500.0992,control_jul
2,5500.3995,control_jul
2,5500.6998,control_jul
2,5501.0002,control_jul
2,5501.3005,control_jul
2,5501.6008,control_jul
2,5501.9012,control_jul
2,5502.2014,control_jul
2,5502.5018,control_jul
2,5502.8021,control_jul
2,5503.1024,control_jul
0,5503.4028,control_jul
2,5503.7031,control_jul
2,5504.0034,control_jul
2,5504.3037,control_jul
2,5504.6041,control_jul
2,5504.9044,control_jul
2,5505.2047,control_jul
2,5505.505,control_jul
2,5505.8054,control_jul
2,5506.1057,control_jul
2,5506.406,control_jul
2,5506.7063,control_jul
2,5507.0066,control_jul
2,5507.307,control_jul
2,5507.6073,control_jul
2,5507.9076,control_jul
2,5508.2079,control_jul
2,5508.5083,control_jul
2,5508.8086,control_jul
0,5509.1089,control_jul
2,5509.4092,control_jul
2,5509.7096,control_jul
2,5510.0099,control_jul
2,5510.3102,control_jul
2,5510.6106,control_jul
2,5510.9109,control_jul
2,5511.2112,control_jul
2,5511.5116,control_jul
2,5511.8119,control_jul
2,5512.1122,control_jul
2,5512.4125,control_jul
2,5512.7128,control_jul
0,5513.0132,control_jul
1,5513.3135,control_jul
1,5513.6138,control_jul
2,5513.9141,control_jul
2,5514.2144,control_jul
2,5514.5148,control_jul
2,5514.8151,control_jul
2,5515.1154,control_jul
0,5515.4158,control_jul
2,5515.7161,control_jul
2,5516.0164,control_jul
2,5516.3167,control_jul
2,5516.6171,control_jul
2,5516.9173,control_jul
2,5517.2177,control_jul
2,5517.518,control_jul
2,5517.8184,control_jul
2,5518.1186,control_jul
2,5518.419,control_jul
2,5518.7193,control_jul
2,5519.0196,control_jul
2,5519.32,control_jul
2,5519.6203,control_jul
2,5519.9206,control_jul
2,5520.221,control_jul
2,5520.5213,control_jul
2,5520.8216,control_jul
2,5521.122,control_jul
2,5521.4223,control_jul
2,5521.7226,control_jul
2,5522.0229,control_jul
2,5522.3232,control_jul
2,5522.6236,control_jul
2,5522.9239,control_jul
2,5523.2242,control_jul
2,5523.5245,control_jul
2,5523.8248,control_jul
2,5524.1252,control_jul
2,5524.4255,control_jul
2,5524.7258,control_jul
2,5525.0261,control_jul
2,5525.3265,control_jul
2,5525.6268,control_jul
2,5525.9271,control_jul
2,5526.2275,control_jul
2,5526.5278,control_jul
2,5526.8281,control_jul
2,5527.1284,control_jul
2,5527.4287,control_jul
2,5527.7291,control_jul
2,5528.0294,control_jul
2,5528.3297,control_jul
2,5528.6301,control_jul
2,5528.9304,control_jul
2,5529.2307,control_jul
2,5529.531,control_jul
2,5529.8313,control_jul
2,5530.1317,control_jul
0,5530.432,control_jul
2,5530.7323,control_jul
2,5531.0326,control_jul
2,5531.333,control_jul
2,5531.6333,control_jul
2,5531.9336,control_jul
2,5532.2339,control_jul
2,5532.5342,control_jul
0,5532.8346,control_jul
2,5533.1349,control_jul
2,5533.4353,control_jul
2,5533.7356,control_jul
2,5534.0359,control_jul
2,5534.3363,control_jul
2,5534.6365,control_jul
2,5534.9369,control_jul
2,5535.2372,control_jul
2,5535.5375,control_jul
2,5535.8379,control_jul
2,5536.1381,control_jul
2,5536.4385,control_jul
2,5536.7388,control_jul
2,5537.0392,control_jul
2,5537.3395,control_jul
2,5537.6398,control_jul
2,5537.9401,control_jul
2,5538.2404,control_jul
2,5538.5408,control_jul
2,5538.8411,control_jul
2,5539.1414,control_jul
2,5539.4418,control_jul
2,5539.742,control_jul
2,5540.0424,control_jul
2,5540.3428,control_jul
2,5540.643,control_jul
2,5540.9433,control_jul
2,5541.2436,control_jul
2,5541.544,control_jul
2,5541.8444,control_jul
2,5542.1447,control_jul
2,5542.445,control_jul
2,5542.7453,control_jul
2,5543.0456,control_jul
2,5543.346,control_jul
2,5543.6463,control_jul
2,5543.9466,control_jul
2,5544.2469,control_jul
2,5544.5473,control_jul
2,5544.8476,control_jul
2,5545.1479,control_jul
2,5545.4482,control_jul
2,5545.7485,control_jul
2,5546.0489,control_jul
2,5546.3492,control_jul
2,5546.6495,control_jul
2,5546.9499,control_jul
2,5547.2501,control_jul
2,5547.5505,control_jul
2,5547.8508,control_jul
2,5548.1511,control_jul
0,5548.4514,control_jul
2,5548.7518,control_jul
2,5549.0521,control_jul
2,5549.3524,control_jul
2,5549.6528,control_jul
2,5549.9531,control_jul
0,5550.2534,control_jul
2,5550.5538,control_jul
2,5550.854,control_jul
2,5551.1544,control_jul
2,5551.4547,control_jul
2,5551.755,control_jul
2,5552.0554,control_jul
2,5552.3557,control_jul
2,5552.656,control_jul
2,5552.9563,control_jul
2,5553.2567,control_jul
2,5553.557,control_jul
2,5553.8573,control_jul
2,5554.1576,control_jul
2,5554.458,control_jul
2,5554.7583,control_jul
2,5555.0586,control_jul
2,5555.359,control_jul
2,5555.6593,control_jul
2,5555.9596,control_jul
2,5556.2599,control_jul
2,5556.5602,control_jul
2,5556.8605,control_jul
2,5557.1609,control_jul
2,5557.4612,control_jul
2,5557.7615,control_jul
2,5558.0619,control_jul
2,5558.3622,control_jul
2,5558.6625,control_jul
2,5558.9629,control_jul
2,5559.2632,control_jul
2,5559.5635,control_jul
2,5559.8638,control_jul
2,5560.1642,control_jul
2,5560.4645,control_jul
2,5560.7648,control_jul
2,5561.0651,control_jul
2,5561.3655,control_jul
2,5561.6658,control_jul
2,5561.9661,control_jul
2,5562.2664,control_jul
2,5562.5668,control_jul
2,5562.8671,control_jul
2,5563.1674,control_jul
2,5563.4677,control_jul
2,5563.768,control_jul
2,5564.0684,control_jul
2,5564.3687,control_jul
2,5564.669,control_jul
2,5564.9694,control_jul
2,5565.2697,control_jul
2,5565.57,control_jul
2,5565.8703,control_jul
2,5566.1706,control_jul
2,5566.7713,control_jul
2,5567.0716,control_jul
2,5567.372,control_jul
2,5567.6723,control_jul
2,5567.9726,control_jul
2,5568.2729,control_jul
2,5568.5732,control_jul
2,5568.8735,control_jul
2,5569.1739,control_jul
2,5569.4742,control_jul
2,5569.7746,control_jul
2,5570.0749,control_jul
2,5570.3752,control_jul
2,5570.6755,control_jul
2,5570.9758,control_jul
2,5571.2761,control_jul
2,5571.5765,control_jul
2,5571.8768,control_jul
2,5572.1772,control_jul
2,5572.4775,control_jul
2,5572.7778,control_jul
2,5573.0781,control_jul
2,5573.3785,control_jul
2,5573.6787,control_jul
2,5573.9791,control_jul
2,5574.2794,control_jul
2,5574.5797,control_jul
2,5574.8801,control_jul
0,5575.1804,control_jul
2,5575.4807,control_jul
2,5575.781,control_jul
2,5576.0813,control_jul
2,5576.3816,control_jul
2,5576.682,control_jul
2,5576.9823,control_jul
2,5577.2826,control_jul
2,5577.583,control_jul
2,5577.8833,control_jul
2,5578.1836,control_jul
2,5578.4839,control_jul
2,5578.7843,control_jul
2,5579.0846,control_jul
2,5579.3849,control_jul
2,5579.6852,control_jul
2,5579.9855,control_jul
2,5580.2859,control_jul
2,5580.5862,control_jul
0,5580.8865,control_jul
2,5581.1869,control_jul
2,5581.4872,control_jul
2,5581.7875,control_jul
2,5582.0878,control_jul
2,5582.3882,control_jul
2,5582.6884,control_jul
2,5582.9888,control_jul
2,5583.2891,control_jul
2,5583.5894,control_jul
2,5583.8897,control_jul
2,5584.1901,control_jul
2,5584.4904,control_jul
2,5584.7908,control_jul
2,5585.0911,control_jul
2,5585.3914,control_jul
2,5585.6917,control_jul
2,5585.992,control_jul
2,5586.2924,control_jul
2,5586.5927,control_jul
2,5586.893,control_jul
2,5587.1933,control_jul
2,5587.4937,control_jul
2,5587.794,control_jul
0,5588.0943,control_jul
2,5588.3947,control_jul
2,5588.6949,control_jul
2,5588.9952,control_jul
2,5589.2956,control_jul
2,5589.5959,control_jul
2,5589.8963,control_jul
2,5590.1966,control_jul
2,5590.4969,control_jul
2,5590.7972,control_jul
2,5591.0975,control_jul
0,5591.3979,control_jul
2,5591.6982,control_jul
2,5591.9986,control_jul
2,5592.2988,control_jul
2,5592.5992,control_jul
2,5592.8995,control_jul
2,5593.1998,control_jul
2,5593.5001,control_jul
2,5593.8005,control_jul
2,5594.1008,control_jul
2,5594.4011,control_jul
2,5594.7015,control_jul
2,5595.0018,control_jul
2,5595.3021,control_jul
2,5595.6024,control_jul
2,5595.9028,control_jul
2,5596.2031,control_jul
2,5596.5034,control_jul
2,5596.8037,control_jul
2,5597.104,control_jul
2,5597.4044,control_jul
2,5597.7047,control_jul
2,5598.005,control_jul
2,5598.3053,control_jul
2,5598.6057,control_jul
2,5598.906,control_jul
2,5599.2063,control_jul
2,5599.5066,control_jul
2,5599.807,control_jul
2,5600.1072,control_jul
2,5600.4076,control_jul
2,5600.7079,control_jul
2,5601.0082,control_jul
2,5601.3086,control_jul
2,5601.6089,control_jul
2,5601.9092,control_jul
2,5602.2096,control_jul
2,5602.5099,control_jul
2,5602.8102,control_jul
2,5603.1105,control_jul
0,5603.4108,control_jul
2,5603.7111,control_jul
2,5604.0115,control_jul
2,5604.3118,control_jul
2,5604.6122,control_jul
2,5604.9124,control_jul
2,5605.2128,control_jul
2,5605.5131,control_jul
2,5605.8134,control_jul
2,5606.1137,control_jul
2,5606.4141,control_jul
0,5606.7144,control_jul
2,5607.0147,control_jul
0,5607.315,control_jul
2,5607.6154,control_jul
0,5607.9157,control_jul
2,5608.216,control_jul
2,5608.5164,control_jul
2,5608.8167,control_jul
2,5609.117,control_jul
2,5609.4173,control_jul
2,5609.7177,control_jul
2,5610.018,control_jul
2,5610.3183,control_jul
2,5610.6186,control_jul
2,5610.919,control_jul
2,5611.2192,control_jul
2,5611.5196,control_jul
2,5611.8199,control_jul
2,5612.1202,control_jul
2,5612.4205,control_jul
2,5612.7208,control_jul
2,5613.0212,control_jul
2,5613.3215,control_jul
2,5613.6218,control_jul
2,5613.9222,control_jul
2,5614.2225,control_jul
2,5614.5228,control_jul
2,5614.8232,control_jul
2,5615.1235,control_jul
2,5615.4238,control_jul
2,5615.7241,control_jul
2,5616.0244,control_jul
2,5616.3248,control_jul
2,5616.6251,control_jul
2,5616.9254,control_jul
0,5617.2258,control_jul
2,5617.526,control_jul
2,5617.8264,control_jul
2,5618.1267,control_jul
2,5618.427,control_jul
2,5618.7274,control_jul
2,5619.0276,control_jul
2,5619.328,control_jul
2,5619.6283,control_jul
2,5619.9287,control_jul
2,5620.229,control_jul
2,5620.5293,control_jul
2,5620.8296,control_jul
2,5621.1299,control_jul
2,5621.4302,control_jul
2,5621.7306,control_jul
2,5622.0309,control_jul
2,5622.3313,control_jul
2,5622.6316,control_jul
2,5622.9318,control_jul
2,5623.2322,control_jul
2,5623.5325,control_jul
2,5623.8328,control_jul
2,5624.1332,control_jul
2,5624.4335,control_jul
2,5624.7338,control_jul
2,5625.0341,control_jul
0,5625.3345,control_jul
2,5625.6348,control_jul
0,5625.9351,control_jul
2,5626.2354,control_jul
2,5626.5357,control_jul
2,5626.836,control_jul
2,5627.1364,control_jul
2,5627.4367,control_jul
2,5627.7371,control_jul
2,5628.0374,control_jul
2,5628.3377,control_jul
2,5628.638,control_jul
2,5628.9384,control_jul
2,5629.2387,control_jul
2,5629.539,control_jul
2,5629.8393,control_jul
2,5630.1396,control_jul
2,5630.44,control_jul
2,5630.7403,control_jul
2,5631.0406,control_jul
2,5631.341,control_jul
2,5631.6412,control_jul
2,5631.9416,control_jul
2,5632.2419,control_jul
2,5632.5422,control_jul
2,5632.8425,control_jul
2,5633.1429,control_jul
2,5633.4432,control_jul
2,5633.7436,control_jul
2,5634.0438,control_jul
2,5634.3442,control_jul
2,5634.6445,control_jul
2,5635.2452,control_jul
2,5635.5454,control_jul
2,5635.8458,control_jul
2,5636.1461,control_jul
2,5636.4464,control_jul
2,5636.7468,control_jul
2,5637.047,control_jul
2,5637.3474,control_jul
2,5637.6477,control_jul
2,5637.948,control_jul
2,5638.2484,control_jul
0,5638.5487,control_jul
2,5638.849,control_jul
2,5639.1493,control_jul
2,5639.4497,control_jul
2,5639.75,control_jul
2,5640.0503,control_jul
2,5640.3506,control_jul
2,5640.6509,control_jul
2,5640.9513,control_jul
2,5641.2516,control_jul
0,5641.5519,control_jul
2,5641.8523,control_jul
2,5642.1525,control_jul
2,5642.4529,control_jul
2,5642.7532,control_jul
2,5643.0535,control_jul
2,5643.3539,control_jul
2,5643.6542,control_jul
2,5643.9545,control_jul
2,5644.2548,control_jul
2,5644.5552,control_jul
2,5644.8554,control_jul
2,5645.1558,control_jul
2,5645.4561,control_jul
2,5645.7564,control_jul
2,5646.0567,control_jul
2,5646.3571,control_jul
2,5646.6574,control_jul
2,5646.9577,control_jul
2,5647.2581,control_jul
2,5647.5584,control_jul
2,5647.8587,control_jul
2,5648.159,control_jul
2,5648.4594,control_jul
2,5648.7597,control_jul
2,5649.06,control_jul
2,5649.3603,control_jul
2,5649.6606,control_jul
2,5649.961,control_jul
2,5650.2612,control_jul
2,5650.5617,control_jul
2,5650.862,control_jul
0,5651.1623,control_jul
2,5651.4626,control_jul
2,5651.7629,control_jul
2,5652.0633,control_jul
2,5652.3636,control_jul
2,5652.6639,control_jul
2,5652.9642,control_jul
2,5653.2645,control_jul
2,5653.5648,control_jul
2,5653.8652,control_jul
2,5654.1655,control_jul
2,5654.4658,control_jul
2,5654.7661,control_jul
2,5655.0665,control_jul
2,5655.3668,control_jul
0,5655.6671,control_jul
2,5655.9675,control_jul
2,5656.2677,control_jul
2,5656.5681,control_jul
2,5656.8684,control_jul
2,5657.1687,control_jul
2,5657.4691,control_jul
2,5657.7694,control_jul
2,5658.0697,control_jul
2,5658.37,control_jul
2,5658.6703,control_jul
2,5658.9707,control_jul
2,5659.271,control_jul
2,5659.5713,control_jul
2,5659.8716,control_jul
2,5660.172,control_jul
2,5660.4723,control_jul
2,5660.7726,control_jul
2,5661.0729,control_jul
2,5661.3732,control_jul
2,5661.6736,control_jul
2,5661.9739,control_jul
2,5662.2742,control_jul
2,5662.5745,control_jul
2,5662.8749,control_jul
2,5663.1752,control_jul
2,5663.4755,control_jul
2,5663.7758,control_jul
2,5664.0762,control_jul
2,5664.3765,control_jul
2,5664.6768,control_jul
2,5664.9772,control_jul
2,5665.2774,control_jul
2,5665.5778,control_jul
2,5665.878,control_jul
2,5666.1784,control_jul
2,5666.4787,control_jul
2,5666.779,control_jul
2,5667.0794,control_jul
2,5667.3797,control_jul
2,5667.68,control_jul
2,5667.9804,control_jul
2,5668.2807,control_jul
2,5668.581,control_jul
2,5668.8813,control_jul
2,5669.1817,control_jul
2,5669.482,control_jul
2,5669.7823,control_jul
2,5670.0826,control_jul
2,5670.3829,control_jul
2,5670.6833,control_jul
2,5670.9836,control_jul
2,5671.2839,control_jul
2,5671.5851,control_jul
2,5671.8846,control_jul
2,5672.1849,control_jul
2,5672.4852,control_jul
2,5672.7855,control_jul
2,5673.0858,control_jul
2,5673.3861,control_jul
2,5673.6865,control_jul
2,5673.9868,control_jul
2,5674.2871,control_jul
2,5674.5874,control_jul
2,5674.8877,control_jul
2,5675.1881,control_jul
2,5675.4884,control_jul
2,5675.7887,control_jul
2,5676.0891,control_jul
2,5676.3894,control_jul
2,5676.6897,control_jul
2,5676.99,control_jul
2,5677.2903,control_jul
2,5677.5907,control_jul
0,5677.891,control_jul
2,5678.1913,control_jul
2,5678.4916,control_jul
2,5678.7919,control_jul
2,5679.0923,control_jul
2,5679.3926,control_jul
2,5679.6929,control_jul
2,5679.9933,control_jul
2,5680.2936,control_jul
2,5680.594,control_jul
2,5680.8942,control_jul
2,5681.1946,control_jul
2,5681.4949,control_jul
2,5681.7952,control_jul
2,5682.0955,control_jul
2,5682.3958,control_jul
2,5682.6962,control_jul
2,5682.9965,control_jul
2,5683.2968,control_jul
2,5683.5972,control_jul
2,5683.8975,control_jul
2,5684.1979,control_jul
2,5684.4981,control_jul
2,5684.7985,control_jul
2,5685.0988,control_jul
2,5685.3992,control_jul
2,5685.6995,control_jul
2,5685.9998,control_jul
2,5686.3001,control_jul
2,5686.6004,control_jul
2,5686.9007,control_jul
2,5687.2011,control_jul
2,5687.5014,control_jul
2,5687.8017,control_jul
2,5688.1021,control_jul
2,5688.4024,control_jul
2,5688.7027,control_jul
2,5689.003,control_jul
2,5689.3033,control_jul
2,5689.6036,control_jul
2,5689.904,control_jul
2,5690.2043,control_jul
2,5690.5046,control_jul
2,5690.8049,control_jul
2,5691.1053,control_jul
2,5691.4056,control_jul
2,5691.706,control_jul
2,5692.0062,control_jul
2,5692.3066,control_jul
2,5692.6069,control_jul
2,5692.9072,control_jul
2,5693.2075,control_jul
2,5693.5079,control_jul
2,5693.8082,control_jul
2,5694.1085,control_jul
2,5694.4089,control_jul
2,5694.7092,control_jul
2,5695.0095,control_jul
2,5695.3099,control_jul
2,5695.6101,control_jul
2,5695.9105,control_jul
2,5696.2108,control_jul
2,5696.5111,control_jul
2,5696.8115,control_jul
2,5697.1118,control_jul
2,5697.4121,control_jul
2,5697.7124,control_jul
2,5698.0127,control_jul
2,5698.3131,control_jul
2,5698.6134,control_jul
2,5698.9137,control_jul
2,5699.2141,control_jul
2,5699.5144,control_jul
2,5699.8147,control_jul
2,5700.115,control_jul
2,5700.4154,control_jul
2,5700.7157,control_jul
2,5701.0161,control_jul
2,5701.3164,control_jul
2,5701.6167,control_jul
2,5701.917,control_jul
2,5702.2173,control_jul
2,5702.5177,control_jul
2,5702.818,control_jul
2,5703.1183,control_jul
2,5703.4187,control_jul
2,5703.719,control_jul
2,5704.0193,control_jul
2,5704.3196,control_jul
2,5704.6199,control_jul
2,5704.9203,control_jul
0,5705.2206,control_jul
2,5705.5209,control_jul
2,5705.8212,control_jul
2,5706.1216,control_jul
2,5706.4219,control_jul
2,5706.7222,control_jul
2,5707.0225,control_jul
2,5707.3228,control_jul
2,5707.6232,control_jul
2,5707.9235,control_jul
2,5708.2239,control_jul
2,5708.5242,control_jul
2,5708.8245,control_jul
2,5709.1249,control_jul
2,5709.4252,control_jul
2,5709.7255,control_jul
2,5710.0258,control_jul
2,5710.3261,control_jul
2,5710.6265,control_jul
2,5710.9268,control_jul
0,5711.2271,control_jul
2,5711.5274,control_jul
2,5711.8278,control_jul
2,5712.1281,control_jul
2,5712.4284,control_jul
2,5712.7288,control_jul
2,5713.029,control_jul
2,5713.3293,control_jul
2,5713.6297,control_jul
2,5713.9301,control_jul
2,5714.2304,control_jul
2,5714.5307,control_jul
2,5714.831,control_jul
2,5715.1314,control_jul
2,5715.4317,control_jul
2,5715.732,control_jul
2,5716.0324,control_jul
2,5716.3326,control_jul
2,5716.633,control_jul
2,5716.9333,control_jul
2,5717.2336,control_jul
2,5717.534,control_jul
2,5717.8343,control_jul
2,5718.1346,control_jul
2,5718.4349,control_jul
2,5718.7353,control_jul
2,5719.0356,control_jul
2,5719.3359,control_jul
2,5719.6362,control_jul
2,5719.9366,control_jul
2,5720.2369,control_jul
2,5720.5372,control_jul
2,5720.8376,control_jul
2,5721.1379,control_jul
2,5721.4382,control_jul
2,5721.7385,control_jul
2,5722.0389,control_jul
2,5722.3392,control_jul
2,5722.6395,control_jul
2,5722.9398,control_jul
2,5723.2402,control_jul
2,5723.5405,control_jul
2,5723.8408,control_jul
2,5724.1411,control_jul
2,5724.4415,control_jul
2,5724.7418,control_jul
2,5725.0421,control_jul
2,5725.3425,control_jul
2,5725.6428,control_jul
2,5725.943,control_jul
2,5726.2434,control_jul
2,5726.5438,control_jul
2,5726.844,control_jul
2,5727.1444,control_jul
2,5727.4447,control_jul
2,5727.7451,control_jul
2,5728.0454,control_jul
2,5728.3457,control_jul
2,5728.646,control_jul
2,5728.9463,control_jul
2,5729.2467,control_jul
2,5729.547,control_jul
2,5729.8473,control_jul
2,5730.1476,control_jul
2,5730.4479,control_jul
2,5730.7483,control_jul
2,5731.0486,control_jul
2,5731.349,control_jul
2,5731.6493,control_jul
2,5731.9496,control_jul
0,5732.2499,control_jul
2,5732.5502,control_jul
2,5732.8506,control_jul
2,5733.1509,control_jul
2,5733.4512,control_jul
2,5733.7515,control_jul
2,5734.0519,control_jul
2,5734.3522,control_jul
2,5734.6525,control_jul
2,5734.9528,control_jul
2,5735.2532,control_jul
2,5735.5535,control_jul
2,5735.8539,control_jul
2,5736.1541,control_jul
2,5736.4544,control_jul
2,5736.7548,control_jul
2,5737.0551,control_jul
2,5737.3555,control_jul
2,5737.6558,control_jul
2,5737.9561,control_jul
2,5738.2564,control_jul
2,5738.5567,control_jul
2,5738.8571,control_jul
2,5739.1574,control_jul
2,5739.4578,control_jul
2,5739.758,control_jul
2,5740.0584,control_jul
2,5740.3587,control_jul
2,5740.659,control_jul
2,5740.9594,control_jul
2,5741.2597,control_jul
2,5741.56,control_jul
2,5741.8604,control_jul
2,5742.1606,control_jul
0,5742.461,control_jul
2,5742.7613,control_jul
2,5743.0616,control_jul
0,5743.362,control_jul
2,5743.6622,control_jul
2,5743.9626,control_jul
2,5744.2629,control_jul
2,5744.5633,control_jul
2,5744.8636,control_jul
2,5745.1639,control_jul
2,5745.4643,control_jul
2,5745.7646,control_jul
2,5746.0649,control_jul
2,5746.3652,control_jul
2,5746.6656,control_jul
2,5746.9659,control_jul
2,5747.2662,control_jul
2,5747.5665,control_jul
2,5747.8669,control_jul
2,5748.1671,control_jul
2,5748.4675,control_jul
2,5748.7679,control_jul
2,5749.0681,control_jul
2,5749.3685,control_jul
2,5749.6688,control_jul
2,5749.9691,control_jul
2,5750.2694,control_jul
2,5750.5697,control_jul
2,5750.8701,control_jul
2,5751.1704,control_jul
2,5751.4708,control_jul
2,5751.7711,control_jul
2,5752.0714,control_jul
2,5752.3717,control_jul
2,5752.6721,control_jul
2,5752.9724,control_jul
2,5753.2727,control_jul
2,5753.573,control_jul
2,5753.8734,control_jul
2,5754.1737,control_jul
2,5754.474,control_jul
2,5754.7743,control_jul
2,5755.0746,control_jul
2,5755.375,control_jul
2,5755.6753,control_jul
0,5755.9756,control_jul
0,5756.276,control_jul
2,5756.5763,control_jul
2,5756.8766,control_jul
2,5757.1769,control_jul
2,5757.4772,control_jul
2,5757.7776,control_jul
2,5758.0779,control_jul
2,5758.3782,control_jul
2,5758.6786,control_jul
2,5758.9788,control_jul
2,5759.2792,control_jul
2,5759.5795,control_jul
2,5759.8799,control_jul
2,5760.1802,control_jul
2,5760.4805,control_jul
2,5760.7808,control_jul
2,5761.0812,control_jul
2,5761.3815,control_jul
2,5761.6818,control_jul
2,5761.9821,control_jul
2,5762.2824,control_jul
2,5762.5828,control_jul
2,5762.8831,control_jul
2,5763.4837,control_jul
2,5763.7841,control_jul
2,5764.0844,control_jul
2,5764.3847,control_jul
2,5764.6851,control_jul
2,5764.9854,control_jul
2,5765.2857,control_jul
2,5765.586,control_jul
2,5765.8863,control_jul
2,5766.1867,control_jul
2,5766.487,control_jul
2,5766.7873,control_jul
2,5767.0876,control_jul
2,5767.388,control_jul
2,5767.6883,control_jul
2,5767.9886,control_jul
2,5768.2889,control_jul
2,5768.5892,control_jul
2,5768.8896,control_jul
2,5769.1899,control_jul
2,5769.4902,control_jul
2,5769.7906,control_jul
2,5770.0909,control_jul
2,5770.3912,control_jul
2,5770.6916,control_jul
2,5770.9919,control_jul
2,5771.2921,control_jul
2,5771.5925,control_jul
2,5771.8928,control_jul
2,5772.1932,control_jul
2,5772.4935,control_jul
2,5772.7938,control_jul
2,5773.0941,control_jul
2,5773.3944,control_jul
2,5773.6948,control_jul
2,5773.9951,control_jul
2,5774.2954,control_jul
2,5774.5958,control_jul
2,5774.8961,control_jul
2,5775.1964,control_jul
2,5775.4967,control_jul
2,5775.797,control_jul
2,5776.0974,control_jul
2,5776.3978,control_jul
2,5776.698,control_jul
2,5776.9983,control_jul
2,5777.2987,control_jul
2,5777.599,control_jul
2,5777.8993,control_jul
2,5778.1996,control_jul
2,5778.5,control_jul
2,5778.8003,control_jul
2,5779.1006,control_jul
2,5779.4009,control_jul
2,5779.7013,control_jul
2,5780.0016,control_jul
2,5780.3019,control_jul
2,5780.6022,control_jul
2,5780.9026,control_jul
2,5781.2029,control_jul
2,5781.5032,control_jul
2,5781.8036,control_jul
2,5782.1039,control_jul
2,5782.4042,control_jul
2,5782.7045,control_jul
2,5783.0049,control_jul
2,5783.3052,control_jul
2,5783.6055,control_jul
2,5783.9058,control_jul
0,5784.2061,control_jul
2,5784.509,control_jul
2,5784.8068,control_jul
2,5785.1071,control_jul
2,5785.4075,control_jul
2,5785.7077,control_jul
2,5786.0081,control_jul
2,5786.3084,control_jul
2,5786.6087,control_jul
2,5786.9091,control_jul
2,5787.2093,control_jul
2,5787.5097,control_jul
2,5787.81,control_jul
2,5788.1104,control_jul
2,5788.4107,control_jul
2,5788.711,control_jul
2,5789.0113,control_jul
2,5789.3116,control_jul
2,5789.6119,control_jul
2,5789.9123,control_jul
2,5790.2126,control_jul
2,5790.513,control_jul
2,5790.8132,control_jul
2,5791.1136,control_jul
2,5791.4139,control_jul
2,5791.7142,control_jul
2,5792.0145,control_jul
2,5792.3149,control_jul
2,5792.6152,control_jul
2,5792.9155,control_jul
2,5793.2158,control_jul
2,5793.5162,control_jul
2,5793.8165,control_jul
2,5794.1168,control_jul
2,5794.4171,control_jul
2,5794.7175,control_jul
2,5795.0178,control_jul
2,5795.3181,control_jul
2,5795.6184,control_jul
2,5795.9187,control_jul
2,5796.2191,control_jul
2,5796.5194,control_jul
2,5796.8197,control_jul
2,5797.1201,control_jul
2,5797.4204,control_jul
2,5797.7207,control_jul
2,5798.021,control_jul
2,5798.3213,control_jul
2,5798.6217,control_jul
2,5798.922,control_jul
2,5799.2223,control_jul
2,5799.5226,control_jul
2,5799.8229,control_jul
2,5800.1233,control_jul
2,5800.4236,control_jul
2,5800.724,control_jul
2,5801.0243,control_jul
2,5801.3245,control_jul
2,5801.6249,control_jul
2,5801.9252,control_jul
2,5802.2256,control_jul
2,5802.5259,control_jul
2,5802.8262,control_jul
2,5803.1266,control_jul
2,5803.4268,control_jul
2,5803.7272,control_jul
2,5804.03,control_jul
2,5804.3278,control_jul
2,5804.6282,control_jul
2,5804.9284,control_jul
2,5805.2288,control_jul
2,5805.5291,control_jul
2,5805.8295,control_jul
2,5806.1298,control_jul
2,5806.4301,control_jul
2,5806.7305,control_jul
2,5807.0308,control_jul
2,5807.3311,control_jul
2,5807.6314,control_jul
2,5807.9317,control_jul
2,5808.2321,control_jul
2,5808.5324,control_jul
2,5808.8327,control_jul
2,5809.1331,control_jul
2,5809.4334,control_jul
2,5809.7337,control_jul
2,5810.034,control_jul
2,5810.3343,control_jul
2,5810.6347,control_jul
2,5810.9349,control_jul
2,5811.2353,control_jul
2,5811.5356,control_jul
2,5811.8359,control_jul
2,5812.1363,control_jul
2,5812.4366,control_jul
2,5812.7369,control_jul
2,5813.0372,control_jul
2,5813.3376,control_jul
2,5813.6379,control_jul
2,5813.9382,control_jul
2,5814.2385,control_jul
2,5814.5389,control_jul
2,5814.8391,control_jul
2,5815.1395,control_jul
2,5815.4398,control_jul
2,5815.7402,control_jul
2,5816.0405,control_jul
2,5816.3408,control_jul
2,5816.6411,control_jul
2,5816.9415,control_jul
2,5817.2418,control_jul
2,5817.5421,control_jul
2,5817.8424,control_jul
2,5818.1428,control_jul
2,5818.443,control_jul
2,5818.7434,control_jul
2,5819.0437,control_jul
2,5819.3441,control_jul
2,5819.6444,control_jul
2,5819.9447,control_jul
2,5820.245,control_jul
2,5820.5454,control_jul
2,5820.8457,control_jul
2,5821.146,control_jul
2,5821.4463,control_jul
2,5821.7466,control_jul
2,5822.047,control_jul
2,5822.3473,control_jul
2,5822.6476,control_jul
2,5822.948,control_jul
2,5823.2483,control_jul
2,5823.5486,control_jul
2,5823.8489,control_jul
2,5824.1492,control_jul
2,5824.4495,control_jul
2,5824.7499,control_jul
2,5825.0502,control_jul
2,5825.3505,control_jul
2,5825.6509,control_jul
2,5825.9512,control_jul
2,5826.2515,control_jul
2,5826.5518,control_jul
2,5826.8522,control_jul
0,5827.1524,control_jul
2,5827.4528,control_jul
2,5827.7531,control_jul
2,5828.0534,control_jul
2,5828.3538,control_jul
2,5828.6541,control_jul
2,5828.9545,control_jul
2,5829.2547,control_jul
2,5829.5551,control_jul
2,5829.8554,control_jul
2,5830.1557,control_jul
2,5830.4561,control_jul
2,5830.7564,control_jul
2,5831.0567,control_jul
2,5831.357,control_jul
2,5831.6573,control_jul
2,5831.9576,control_jul
2,5832.258,control_jul
2,5832.5583,control_jul
2,5832.8586,control_jul
2,5833.1589,control_jul
2,5833.4593,control_jul
2,5833.7596,control_jul
2,5834.0599,control_jul
2,5834.3603,control_jul
2,5834.6606,control_jul
2,5834.9609,control_jul
2,5835.2612,control_jul
0,5835.5616,control_jul
2,5835.8618,control_jul
2,5836.1622,control_jul
2,5836.4625,control_jul
2,5836.7628,control_jul
0,5837.0632,control_jul
2,5837.3635,control_jul
2,5837.6638,control_jul
2,5837.9642,control_jul
2,5838.2644,control_jul
2,5838.5648,control_jul
2,5838.8651,control_jul
2,5839.1654,control_jul
2,5839.4658,control_jul
2,5839.7661,control_jul
2,5840.0664,control_jul
2,5840.3668,control_jul
2,5840.667,control_jul
2,5840.9674,control_jul
2,5841.2677,control_jul
2,5841.568,control_jul
0,5841.8683,control_jul
2,5842.1687,control_jul
0,5842.469,control_jul
2,5842.7693,control_jul
2,5843.0696,control_jul
2,5843.37,control_jul
2,5843.6703,control_jul
2,5843.9706,control_jul
2,5844.2709,control_jul
0,5844.5712,control_jul
2,5844.8716,control_jul
2,5845.1719,control_jul
2,5845.4722,control_jul
2,5845.7725,control_jul
2,5846.0729,control_jul
2,5846.3732,control_jul
2,5846.6735,control_jul
2,5846.9739,control_jul
0,5847.2742,control_jul
2,5847.5745,control_jul
2,5847.8748,control_jul
2,5848.1752,control_jul
2,5848.4755,control_jul
2,5848.7758,control_jul
2,5849.0761,control_jul
2,5849.3765,control_jul
2,5849.6768,control_jul
2,5849.9771,control_jul
2,5850.2774,control_jul
2,5850.5778,control_jul
2,5850.878,control_jul
2,5851.1784,control_jul
2,5851.4788,control_jul
0,5851.779,control_jul
2,5852.0794,control_jul
2,5852.3797,control_jul
2,5852.68,control_jul
2,5852.9803,control_jul
2,5853.2807,control_jul
2,5853.581,control_jul
2,5853.8813,control_jul
2,5854.1817,control_jul
2,5854.482,control_jul
2,5854.7823,control_jul
2,5855.0826,control_jul
2,5855.3829,control_jul
2,5855.6833,control_jul
2,5855.9836,control_jul
2,5856.2839,control_jul
0,5856.5842,control_jul
2,5856.8845,control_jul
2,5857.1849,control_jul
2,5857.4852,control_jul
2,5857.7856,control_jul
2,5858.0859,control_jul
2,5858.3862,control_jul
2,5858.6865,control_jul
2,5858.9868,control_jul
2,5859.2871,control_jul
2,5859.5875,control_jul
2,5859.8878,control_jul
2,5860.1881,control_jul
2,5860.4885,control_jul
2,5860.7888,control_jul
2,5861.0891,control_jul
2,5861.3894,control_jul
2,5861.6898,control_jul
2,5861.9901,control_jul
2,5862.2904,control_jul
2,5862.5907,control_jul
2,5862.891,control_jul
2,5863.1914,control_jul
2,5863.4917,control_jul
0,5863.7921,control_jul
2,5864.0924,control_jul
2,5864.3927,control_jul
2,5864.693,control_jul
2,5864.9933,control_jul
2,5865.2937,control_jul
2,5865.594,control_jul
2,5865.8943,control_jul
2,5866.1946,control_jul
2,5866.4949,control_jul
2,5866.7953,control_jul
0,5867.0956,control_jul
2,5867.3959,control_jul
2,5867.6963,control_jul
2,5867.9965,control_jul
2,5868.2969,control_jul
0,5868.5972,control_jul
2,5868.8976,control_jul
2,5869.1979,control_jul
2,5869.4982,control_jul
2,5869.7985,control_jul
2,5870.0988,control_jul
2,5870.3992,control_jul
2,5870.6995,control_jul
2,5870.9998,control_jul
2,5871.3002,control_jul
2,5871.6005,control_jul
2,5871.9008,control_jul
2,5872.2012,control_jul
2,5872.5015,control_jul
2,5872.8018,control_jul
2,5873.102,control_jul
2,5873.4024,control_jul
2,5873.7028,control_jul
2,5874.0031,control_jul
2,5874.3033,control_jul
2,5874.6037,control_jul
2,5874.904,control_jul
2,5875.2044,control_jul
2,5875.5047,control_jul
2,5875.805,control_jul
2,5876.1053,control_jul
2,5876.4057,control_jul
2,5876.706,control_jul
2,5877.0063,control_jul
2,5877.3067,control_jul
2,5877.607,control_jul
2,5877.9073,control_jul
2,5878.2076,control_jul
2,5878.5079,control_jul
2,5878.8083,control_jul
2,5879.1086,control_jul
2,5879.4089,control_jul
2,5879.7092,control_jul
2,5880.0096,control_jul
2,5880.3099,control_jul
2,5880.6102,control_jul
2,5880.9105,control_jul
2,5881.2109,control_jul
2,5881.5112,control_jul
2,5881.8115,control_jul
2,5882.1118,control_jul
2,5882.4122,control_jul
2,5882.7125,control_jul
2,5883.0128,control_jul
2,5883.3131,control_jul
2,5883.6135,control_jul
2,5883.9138,control_jul
2,5884.2141,control_jul
2,5884.5144,control_jul
2,5884.8148,control_jul
2,5885.1151,control_jul
2,5885.4154,control_jul
2,5885.7158,control_jul
2,5886.0161,control_jul
2,5886.3164,control_jul
2,5886.6167,control_jul
2,5886.9171,control_jul
2,5887.2174,control_jul
2,5887.5177,control_jul
2,5887.8181,control_jul
2,5888.1183,control_jul
2,5888.4187,control_jul
2,5888.719,control_jul
2,5889.0193,control_jul
2,5889.3197,control_jul
2,5889.62,control_jul
2,5889.9203,control_jul
2,5890.2206,control_jul
2,5890.521,control_jul
2,5890.8213,control_jul
2,5891.1216,control_jul
2,5891.4219,control_jul
2,5891.7222,control_jul
2,5892.0226,control_jul
2,5892.3229,control_jul
2,5892.6232,control_jul
2,5892.9236,control_jul
2,5893.2239,control_jul
2,5893.5242,control_jul
2,5893.8245,control_jul
2,5894.1249,control_jul
2,5894.4252,control_jul
2,5894.7255,control_jul
2,5895.0259,control_jul
2,5895.3261,control_jul
2,5895.6265,control_jul
2,5895.9268,control_jul
2,5896.2272,control_jul
2,5896.5275,control_jul
2,5896.8278,control_jul
2,5897.1281,control_jul
2,5897.4284,control_jul
2,5897.7288,control_jul
2,5898.0292,control_jul
0,5898.3294,control_jul
2,5898.6298,control_jul
2,5898.9301,control_jul
2,5899.2304,control_jul
2,5899.5307,control_jul
2,5899.831,control_jul
2,5900.1314,control_jul
2,5900.4317,control_jul
2,5900.732,control_jul
2,5901.0324,control_jul
2,5901.3327,control_jul
2,5901.633,control_jul
2,5901.9333,control_jul
2,5902.2337,control_jul
2,5902.534,control_jul
2,5902.8343,control_jul
2,5903.1346,control_jul
2,5903.4349,control_jul
2,5903.7353,control_jul
0,5904.0356,control_jul
2,5904.3359,control_jul
0,5904.6363,control_jul
2,5904.9365,control_jul
2,5905.2369,control_jul
2,5905.5372,control_jul
2,5905.8376,control_jul
2,5906.1378,control_jul
2,5906.4382,control_jul
2,5906.7386,control_jul
2,5907.0389,control_jul
2,5907.3392,control_jul
2,5907.6395,control_jul
2,5907.9398,control_jul
2,5908.2402,control_jul
2,5908.5404,control_jul
0,5908.8408,control_jul
2,5909.1411,control_jul
2,5909.4414,control_jul
2,5909.7418,control_jul
2,5910.0421,control_jul
2,5910.3424,control_jul
2,5910.6427,control_jul
2,5910.943,control_jul
2,5911.2434,control_jul
2,5911.5437,control_jul
2,5911.844,control_jul
0,5912.1444,control_jul
2,5912.4447,control_jul
2,5912.745,control_jul
2,5913.0453,control_jul
2,5913.3457,control_jul
2,5913.646,control_jul
2,5913.9463,control_jul
2,5914.2467,control_jul
2,5914.5469,control_jul
2,5914.8473,control_jul
2,5915.1476,control_jul
2,5915.448,control_jul
2,5915.7483,control_jul
2,5916.0486,control_jul
2,5916.3489,control_jul
2,5916.6492,control_jul
2,5916.9496,control_jul
2,5917.2499,control_jul
2,5917.5502,control_jul
2,5917.8506,control_jul
2,5918.1509,control_jul
2,5918.4512,control_jul
2,5918.7515,control_jul
2,5919.0518,control_jul
2,5919.3522,control_jul
2,5919.6525,control_jul
2,5919.9528,control_jul
2,5920.2531,control_jul
0,5920.5534,control_jul
2,5920.8538,control_jul
2,5921.1541,control_jul
2,5921.4544,control_jul
2,5921.7547,control_jul
2,5922.055,control_jul
2,5922.3554,control_jul
2,5922.6557,control_jul
0,5922.9561,control_jul
2,5923.2564,control_jul
2,5923.5567,control_jul
2,5923.8571,control_jul
2,5924.1573,control_jul
2,5924.4577,control_jul
2,5924.758,control_jul
2,5925.0583,control_jul
2,5925.3587,control_jul
2,5925.6589,control_jul
2,5925.9593,control_jul
2,5926.2596,control_jul
2,5926.56,control_jul
2,5926.8603,control_jul
2,5927.1606,control_jul
2,5927.4609,control_jul
2,5927.7613,control_jul
0,5928.0615,control_jul
2,5928.3619,control_jul
2,5928.6622,control_jul
2,5928.9625,control_jul
2,5929.2629,control_jul
2,5929.5632,control_jul
2,5929.8635,control_jul
2,5930.1639,control_jul
2,5930.4642,control_jul
2,5930.7645,control_jul
2,5931.0648,control_jul
2,5931.3652,control_jul
2,5931.6654,control_jul
2,5931.9658,control_jul
2,5932.2661,control_jul
2,5932.5664,control_jul
2,5932.8668,control_jul
2,5933.1671,control_jul
2,5933.4674,control_jul
2,5933.7677,control_jul
2,5934.068,control_jul
2,5934.3684,control_jul
2,5934.6687,control_jul
2,5934.969,control_jul
2,5935.2693,control_jul
2,5935.5697,control_jul
2,5935.87,control_jul
2,5936.1703,control_jul
2,5936.4706,control_jul
2,5936.7709,control_jul
2,5937.0713,control_jul
2,5937.3716,control_jul
2,5937.6719,control_jul
2,5937.9723,control_jul
2,5938.2725,control_jul
2,5938.5729,control_jul
2,5938.8732,control_jul
2,5939.1735,control_jul
2,5939.4739,control_jul
2,5939.7741,control_jul
2,5940.0745,control_jul
2,5940.3748,control_jul
2,5940.6751,control_jul
2,5940.9754,control_jul
2,5941.2758,control_jul
2,5941.5761,control_jul
2,5941.8764,control_jul
2,5942.1767,control_jul
2,5942.4771,control_jul
2,5942.7774,control_jul
2,5943.0777,control_jul
2,5943.378,control_jul
2,5943.6784,control_jul
2,5943.9787,control_jul
2,5944.279,control_jul
2,5944.5794,control_jul
2,5944.8797,control_jul
2,5945.1799,control_jul
2,5945.4803,control_jul
2,5945.7806,control_jul
2,5946.081,control_jul
2,5946.3813,control_jul
2,5946.6816,control_jul
2,5946.9819,control_jul
2,5947.2823,control_jul
2,5947.5826,control_jul
2,5947.8829,control_jul
2,5948.1832,control_jul
2,5948.4836,control_jul
2,5948.7839,control_jul
2,5949.0842,control_jul
2,5949.3845,control_jul
2,5949.6849,control_jul
2,5949.9852,control_jul
2,5950.2855,control_jul
0,5950.5859,control_jul
2,5950.8861,control_jul
2,5951.1865,control_jul
2,5951.4868,control_jul
2,5951.7871,control_jul
2,5952.0874,control_jul
2,5952.3878,control_jul
2,5952.6881,control_jul
2,5952.9884,control_jul
2,5953.2887,control_jul
2,5953.5891,control_jul
2,5953.8894,control_jul
2,5954.1898,control_jul
2,5954.49,control_jul
2,5954.7904,control_jul
2,5955.0907,control_jul
2,5955.391,control_jul
2,5955.6913,control_jul
2,5955.9917,control_jul
2,5956.292,control_jul
2,5956.5923,control_jul
2,5956.8927,control_jul
2,5957.193,control_jul
2,5957.4933,control_jul
2,5957.7936,control_jul
2,5958.094,control_jul
2,5958.3943,control_jul
2,5958.6946,control_jul
2,5958.9949,control_jul
2,5959.2953,control_jul
2,5959.5955,control_jul
2,5959.8959,control_jul
2,5960.1962,control_jul
2,5960.4966,control_jul
2,5960.7969,control_jul
2,5961.0972,control_jul
2,5961.3975,control_jul
2,5961.6979,control_jul
2,5961.9982,control_jul
2,5962.2985,control_jul
2,5962.5988,control_jul
2,5962.8991,control_jul
2,5963.1995,control_jul
2,5963.4997,control_jul
2,5963.8001,control_jul
0,5964.1004,control_jul
2,5964.4008,control_jul
2,5964.7011,control_jul
2,5965.0014,control_jul
2,5965.3017,control_jul
2,5965.602,control_jul
2,5965.9024,control_jul
2,5966.2027,control_jul
2,5966.503,control_jul
2,5966.8034,control_jul
2,5967.1037,control_jul
2,5967.404,control_jul
2,5967.7044,control_jul
2,5968.0046,control_jul
2,5968.305,control_jul
2,5968.6053,control_jul
2,5968.9056,control_jul
2,5969.2059,control_jul
2,5969.5063,control_jul
2,5969.8066,control_jul
2,5970.1069,control_jul
2,5970.4072,control_jul
2,5970.7075,control_jul
2,5971.0078,control_jul
2,5971.3082,control_jul
2,5971.6085,control_jul
2,5971.9088,control_jul
2,5972.2092,control_jul
2,5972.5095,control_jul
2,5972.8098,control_jul
0,5973.1101,control_jul
2,5973.4105,control_jul
2,5973.7108,control_jul
2,5974.0111,control_jul
2,5974.3115,control_jul
0,5974.6118,control_jul
2,5974.9121,control_jul
2,5975.2124,control_jul
2,5975.5127,control_jul
2,5975.8131,control_jul
2,5976.1134,control_jul
2,5976.4138,control_jul
0,5976.714,control_jul
2,5977.0143,control_jul
2,5977.3147,control_jul
2,5977.615,control_jul
2,5977.9153,control_jul
2,5978.2156,control_jul
2,5978.516,control_jul
2,5978.8163,control_jul
2,5979.1166,control_jul
2,5979.4169,control_jul
2,5979.7173,control_jul
2,5980.0176,control_jul
2,5980.3179,control_jul
2,5980.6183,control_jul
0,5980.9186,control_jul
2,5981.2189,control_jul
2,5981.5193,control_jul
2,5981.8196,control_jul
2,5982.1199,control_jul
2,5982.4202,control_jul
2,5982.7205,control_jul
2,5983.0208,control_jul
2,5983.3212,control_jul
2,5983.6215,control_jul
2,5983.9218,control_jul
2,5984.2221,control_jul
2,5984.5224,control_jul
2,5984.8228,control_jul
2,5985.1231,control_jul
2,5985.4234,control_jul
2,5985.7237,control_jul
2,5986.0241,control_jul
2,5986.3244,control_jul
2,5986.6247,control_jul
2,5986.9251,control_jul
2,5987.2254,control_jul
2,5987.5257,control_jul
2,5987.826,control_jul
0,5988.1264,control_jul
2,5988.4266,control_jul
0,5988.727,control_jul
2,5989.0273,control_jul
2,5989.3276,control_jul
2,5989.628,control_jul
2,5989.9283,control_jul
2,5990.2286,control_jul
2,5990.529,control_jul
2,5990.8292,control_jul
2,5991.1296,control_jul
2,5991.4299,control_jul
2,5991.7302,control_jul
2,5992.0306,control_jul
2,5992.3309,control_jul
2,5992.6312,control_jul
2,5992.9315,control_jul
2,5993.2319,control_jul
2,5993.5322,control_jul
2,5993.8325,control_jul
2,5994.1329,control_jul
0,5994.4332,control_jul
2,5994.7335,control_jul
2,5995.0338,control_jul
2,5995.3341,control_jul
2,5995.6345,control_jul
2,5995.9348,control_jul
2,5996.2351,control_jul
2,5996.5355,control_jul
2,5996.8357,control_jul
2,5997.1361,control_jul
0,5997.4364,control_jul
0,5997.7367,control_jul
2,5998.0371,control_jul
2,5998.3374,control_jul
2,5998.6377,control_jul
2,5998.938,control_jul
2,5999.2383,control_jul
2,5999.5387,control_jul
2,5999.839,control_jul
2,6000.1393,control_jul
2,6000.4396,control_jul
2,6000.74,control_jul
1,6001.0403,control_jul
1,6001.3406,control_jul
1,6001.6409,control_jul
1,6001.9413,control_jul
1,6002.2416,control_jul
1,6002.5419,control_jul
1,6002.8423,control_jul
1,6003.1426,control_jul
1,6003.4429,control_jul
2,6003.7433,control_jul
2,6004.0436,control_jul
2,6004.3439,control_jul
2,6004.6492,control_jul
2,6004.9445,control_jul
2,6005.2448,control_jul
2,6005.5452,control_jul
2,6005.8455,control_jul
2,6006.1458,control_jul
2,6006.4461,control_jul
2,6006.7465,control_jul
2,6007.0468,control_jul
0,6007.3472,control_jul
2,6007.6475,control_jul
2,6007.9478,control_jul
2,6008.2481,control_jul
2,6008.5484,control_jul
2,6008.8487,control_jul
2,6009.1491,control_jul
2,6009.4494,control_jul
0,6009.7498,control_jul
1,6010.0501,control_jul
1,6010.3504,control_jul
2,6010.6507,control_jul
2,6010.951,control_jul
0,6011.2514,control_jul
2,6011.852,control_jul
2,6012.1524,control_jul
2,6012.4527,control_jul
2,6012.753,control_jul
2,6013.0533,control_jul
2,6013.3537,control_jul
2,6013.654,control_jul
2,6013.9543,control_jul
2,6014.2547,control_jul
2,6014.555,control_jul
2,6014.8553,control_jul
2,6015.1556,control_jul
2,6015.456,control_jul
2,6015.7563,control_jul
2,6016.0566,control_jul
2,6016.357,control_jul
2,6016.6573,control_jul
2,6016.9576,control_jul
2,6017.2579,control_jul
2,6017.5582,control_jul
2,6017.8586,control_jul
2,6018.1589,control_jul
2,6018.4592,control_jul
2,6018.7595,control_jul
2,6019.0599,control_jul
2,6019.3601,control_jul
2,6019.6605,control_jul
2,6019.9608,control_jul
2,6020.2612,control_jul
2,6020.5615,control_jul
2,6020.8619,control_jul
2,6021.1621,control_jul
2,6021.4625,control_jul
2,6021.7628,control_jul
2,6022.0631,control_jul
0,6022.3635,control_jul
2,6022.6638,control_jul
2,6022.9641,control_jul
2,6023.2644,control_jul
2,6023.5648,control_jul
2,6023.8651,control_jul
2,6024.1654,control_jul
2,6024.4657,control_jul
2,6024.7661,control_jul
2,6025.0664,control_jul
2,6025.3667,control_jul
2,6025.667,control_jul
2,6025.9674,control_jul
2,6026.2677,control_jul
2,6026.568,control_jul
2,6026.8683,control_jul
2,6027.1686,control_jul
2,6027.469,control_jul
2,6027.7771,control_jul
2,6028.0696,control_jul
2,6028.37,control_jul
2,6028.6703,control_jul
2,6028.9707,control_jul
2,6029.271,control_jul
2,6029.5712,control_jul
2,6029.8716,control_jul
2,6030.172,control_jul
2,6030.4723,control_jul
2,6030.7726,control_jul
2,6031.0729,control_jul
2,6031.3732,control_jul
2,6031.6736,control_jul
2,6031.9739,control_jul
2,6032.2742,control_jul
2,6032.5745,control_jul
2,6032.8749,control_jul
2,6033.1752,control_jul
2,6033.4755,control_jul
2,6033.7758,control_jul
2,6034.0762,control_jul
2,6034.3764,control_jul
2,6034.6769,control_jul
2,6034.9771,control_jul
2,6035.2775,control_jul
2,6035.5778,control_jul
2,6035.8781,control_jul
2,6036.1785,control_jul
2,6036.4788,control_jul
2,6036.7791,control_jul
2,6037.0794,control_jul
2,6037.3797,control_jul
2,6037.6801,control_jul
2,6037.9804,control_jul
2,6038.2807,control_jul
2,6038.5811,control_jul
2,6038.8814,control_jul
2,6039.1817,control_jul
2,6039.482,control_jul
2,6039.7823,control_jul
2,6040.0827,control_jul
2,6040.383,control_jul
0,6040.6834,control_jul
2,6040.9836,control_jul
2,6041.284,control_jul
2,6041.5843,control_jul
2,6041.8847,control_jul
2,6042.1849,control_jul
2,6042.4853,control_jul
2,6042.7856,control_jul
2,6043.0859,control_jul
2,6043.3862,control_jul
2,6043.6866,control_jul
2,6043.9869,control_jul
2,6044.2872,control_jul
2,6044.5876,control_jul
2,6044.8879,control_jul
2,6045.1882,control_jul
2,6045.4885,control_jul
2,6045.7889,control_jul
2,6046.0892,control_jul
2,6046.3895,control_jul
2,6046.6898,control_jul
2,6046.9901,control_jul
2,6047.2905,control_jul
0,6047.5908,control_jul
2,6047.8911,control_jul
2,6048.1915,control_jul
2,6048.4918,control_jul
2,6048.7921,control_jul
2,6049.0924,control_jul
2,6049.3928,control_jul
2,6049.6931,control_jul
2,6049.9934,control_jul
2,6050.2938,control_jul
2,6050.594,control_jul
2,6050.8944,control_jul
2,6051.1947,control_jul
2,6051.495,control_jul
2,6051.7953,control_jul
2,6052.0957,control_jul
2,6052.396,control_jul
2,6052.6964,control_jul
2,6052.9966,control_jul
2,6053.297,control_jul
2,6053.5973,control_jul
2,6053.8976,control_jul
2,6054.1979,control_jul
2,6054.4982,control_jul
2,6054.7986,control_jul
2,6055.0989,control_jul
2,6055.3992,control_jul
2,6055.6995,control_jul
2,6055.9998,control_jul
2,6056.3002,control_jul
2,6056.6005,control_jul
2,6056.9009,control_jul
2,6057.2012,control_jul
2,6057.5015,control_jul
2,6057.8018,control_jul
0,6058.1021,control_jul
2,6058.4025,control_jul
2,6058.7028,control_jul
0,6059.0031,control_jul
2,6059.3035,control_jul
2,6059.6038,control_jul
2,6059.9041,control_jul
2,6060.2044,control_jul
2,6060.5047,control_jul
2,6060.8051,control_jul
2,6061.1054,control_jul
2,6061.4057,control_jul
2,6061.706,control_jul
2,6062.0064,control_jul
2,6062.3067,control_jul
2,6062.607,control_jul
2,6062.9073,control_jul
2,6063.2076,control_jul
2,6063.508,control_jul
2,6063.8083,control_jul
2,6064.1086,control_jul
0,6064.409,control_jul
2,6064.7093,control_jul
2,6065.0096,control_jul
2,6065.3099,control_jul
2,6065.6103,control_jul
2,6065.9106,control_jul
2,6066.2109,control_jul
2,6066.5112,control_jul
0,6066.8116,control_jul
2,6067.1119,control_jul
2,6067.4122,control_jul
2,6067.7125,control_jul
2,6068.0129,control_jul
2,6068.3132,control_jul
2,6068.6135,control_jul
2,6068.9138,control_jul
2,6069.2141,control_jul
2,6069.5145,control_jul
0,6069.8148,control_jul
2,6070.1152,control_jul
2,6070.4154,control_jul
2,6070.7157,control_jul
2,6071.0161,control_jul
2,6071.3164,control_jul
2,6071.6167,control_jul
2,6071.9171,control_jul
2,6072.2174,control_jul
2,6072.5177,control_jul
2,6072.818,control_jul
2,6073.1184,control_jul
2,6073.4187,control_jul
2,6073.7191,control_jul
0,6074.0193,control_jul
2,6074.3197,control_jul
2,6074.62,control_jul
1,6074.9203,control_jul
1,6075.2206,control_jul
1,6075.5209,control_jul
1,6075.8212,control_jul
1,6076.1216,control_jul
1,6076.4219,control_jul
1,6076.7222,control_jul
1,6077.0226,control_jul
1,6077.3229,control_jul
1,6077.6232,control_jul
1,6077.9236,control_jul
1,6078.2239,control_jul
1,6078.5243,control_jul
0,6078.8245,control_jul
2,6079.1249,control_jul
2,6079.4252,control_jul
2,6079.7255,control_jul
2,6080.0258,control_jul
2,6080.3262,control_jul
2,6080.6265,control_jul
2,6080.9268,control_jul
2,6081.2271,control_jul
0,6081.5275,control_jul
2,6081.8277,control_jul
2,6082.1281,control_jul
2,6082.4284,control_jul
2,6082.7287,control_jul
2,6083.029,control_jul
2,6083.3294,control_jul
2,6083.6297,control_jul
2,6083.93,control_jul
2,6084.2303,control_jul
2,6084.5307,control_jul
2,6084.831,control_jul
2,6085.1313,control_jul
2,6085.4316,control_jul
2,6085.732,control_jul
2,6086.0323,control_jul
2,6086.3326,control_jul
2,6086.6329,control_jul
1,6086.9332,control_jul
0,6087.2336,control_jul
2,6087.5339,control_jul
2,6087.8342,control_jul
0,6088.1346,control_jul
2,6088.4349,control_jul
2,6088.7352,control_jul
2,6089.0355,control_jul
2,6089.3359,control_jul
2,6089.6362,control_jul
2,6089.9365,control_jul
2,6090.2368,control_jul
2,6090.5372,control_jul
2,6090.8374,control_jul
2,6091.1378,control_jul
2,6091.4381,control_jul
2,6091.7385,control_jul
2,6092.0388,control_jul
2,6092.3391,control_jul
2,6092.6394,control_jul
2,6092.9397,control_jul
2,6093.24,control_jul
2,6093.5404,control_jul
2,6093.8407,control_jul
2,6094.141,control_jul
2,6094.4413,control_jul
2,6094.7416,control_jul
2,6095.042,control_jul
2,6095.3423,control_jul
2,6095.6426,control_jul
2,6095.943,control_jul
2,6096.2433,control_jul
2,6096.5436,control_jul
2,6096.8439,control_jul
2,6097.1442,control_jul
2,6097.4446,control_jul
2,6097.7449,control_jul
2,6098.0452,control_jul
2,6098.3455,control_jul
2,6098.6459,control_jul
2,6098.9462,control_jul
2,6099.2465,control_jul
2,6099.5468,control_jul
2,6099.8472,control_jul
2,6100.1475,control_jul
2,6100.4478,control_jul
2,6100.7482,control_jul
2,6101.0485,control_jul
2,6101.3487,control_jul
2,6101.6491,control_jul
2,6101.9494,control_jul
2,6102.2498,control_jul
2,6102.55,control_jul
2,6102.8504,control_jul
2,6103.1507,control_jul
2,6103.451,control_jul
2,6103.7514,control_jul
2,6104.0517,control_jul
2,6104.352,control_jul
2,6104.6523,control_jul
2,6104.9527,control_jul
2,6105.253,control_jul
2,6105.5533,control_jul
2,6105.8537,control_jul
2,6106.154,control_jul
2,6106.4542,control_jul
2,6106.7546,control_jul
2,6107.0549,control_jul
2,6107.3553,control_jul
2,6107.6556,control_jul
2,6107.9559,control_jul
2,6108.2562,control_jul
2,6108.5565,control_jul
2,6108.8568,control_jul
2,6109.1572,control_jul
2,6109.4575,control_jul
2,6109.7579,control_jul
2,6110.0581,control_jul
2,6110.3585,control_jul
2,6110.6588,control_jul
2,6110.9591,control_jul
2,6111.2595,control_jul
2,6111.5598,control_jul
2,6111.8601,control_jul
2,6112.1604,control_jul
2,6112.4607,control_jul
2,6112.7611,control_jul
2,6113.0614,control_jul
2,6113.3617,control_jul
2,6113.662,control_jul
2,6113.9623,control_jul
2,6114.2627,control_jul
2,6114.563,control_jul
2,6114.8633,control_jul
2,6115.1636,control_jul
2,6115.464,control_jul
2,6115.7643,control_jul
2,6116.0646,control_jul
0,6116.365,control_jul
2,6116.6653,control_jul
2,6116.9656,control_jul
2,6117.2659,control_jul
2,6117.5662,control_jul
2,6117.8666,control_jul
2,6118.1669,control_jul
2,6118.4672,control_jul
2,6118.7676,control_jul
2,6119.0678,control_jul
2,6119.3682,control_jul
2,6119.6685,control_jul
2,6119.9688,control_jul
2,6120.2692,control_jul
2,6120.5694,control_jul
2,6120.8698,control_jul
2,6121.1701,control_jul
2,6121.4704,control_jul
2,6121.7708,control_jul
2,6122.0711,control_jul
2,6122.3714,control_jul
2,6122.6717,control_jul
2,6122.9721,control_jul
2,6123.2724,control_jul
2,6123.5727,control_jul
2,6123.873,control_jul
2,6124.1733,control_jul
2,6124.4737,control_jul
2,6124.774,control_jul
2,6125.0743,control_jul
2,6125.3746,control_jul
2,6125.6749,control_jul
0,6125.9753,control_jul
2,6126.2756,control_jul
2,6126.5759,control_jul
2,6126.8762,control_jul
2,6127.1765,control_jul
2,6127.4769,control_jul
2,6127.7772,control_jul
2,6128.0775,control_jul
2,6128.3779,control_jul
2,6128.6782,control_jul
2,6128.9785,control_jul
2,6129.2788,control_jul
2,6129.5791,control_jul
2,6129.8795,control_jul
2,6130.1798,control_jul
2,6130.4802,control_jul
2,6130.7804,control_jul
2,6131.0825,control_jul
2,6131.3811,control_jul
0,6131.6814,control_jul
2,6131.9817,control_jul
2,6132.2821,control_jul
2,6132.5824,control_jul
2,6132.8827,control_jul
2,6133.183,control_jul
2,6133.4834,control_jul
2,6133.7837,control_jul
2,6134.084,control_jul
2,6134.3843,control_jul
2,6134.6847,control_jul
2,6134.985,control_jul
2,6135.2853,control_jul
2,6135.5856,control_jul
0,6135.8859,control_jul
2,6136.1863,control_jul
2,6136.4866,control_jul
2,6136.7869,control_jul
2,6137.0872,control_jul
2,6137.3875,control_jul
2,6137.6879,control_jul
2,6137.9882,control_jul
2,6138.2886,control_jul
2,6138.5888,control_jul
2,6138.8892,control_jul
0,6139.1895,control_jul
2,6139.4898,control_jul
2,6139.7901,control_jul
2,6140.0904,control_jul
2,6140.3908,control_jul
2,6140.6911,control_jul
2,6140.9915,control_jul
2,6141.2917,control_jul
2,6141.5921,control_jul
2,6141.8924,control_jul
2,6142.1927,control_jul
2,6142.4931,control_jul
2,6142.7934,control_jul
2,6143.0937,control_jul
2,6143.394,control_jul
2,6143.6944,control_jul
2,6143.9947,control_jul
2,6144.295,control_jul
2,6144.5953,control_jul
2,6144.8956,control_jul
2,6145.196,control_jul
2,6145.4963,control_jul
2,6145.7966,control_jul
2,6146.0969,control_jul
2,6146.3972,control_jul
2,6146.6976,control_jul
2,6146.9979,control_jul
2,6147.2982,control_jul
2,6147.5985,control_jul
2,6147.8988,control_jul
2,6148.2017,control_jul
0,6148.4996,control_jul
2,6148.7998,control_jul
0,6149.1002,control_jul
0,6149.4005,control_jul
2,6149.7008,control_jul
2,6150.0011,control_jul
2,6150.3015,control_jul
2,6150.6018,control_jul
2,6150.9021,control_jul
2,6151.2024,control_jul
2,6151.5028,control_jul
2,6151.8031,control_jul
2,6152.1034,control_jul
2,6152.4037,control_jul
2,6152.704,control_jul
2,6153.0044,control_jul
2,6153.3047,control_jul
2,6153.605,control_jul
2,6153.9053,control_jul
2,6154.2056,control_jul
2,6154.506,control_jul
2,6154.8063,control_jul
2,6155.1067,control_jul
2,6155.407,control_jul
2,6155.7073,control_jul
2,6156.0076,control_jul
2,6156.3079,control_jul
2,6156.6083,control_jul
2,6156.9086,control_jul
2,6157.2089,control_jul
2,6157.5092,control_jul
0,6157.8096,control_jul
2,6158.1099,control_jul
2,6158.4102,control_jul
2,6158.7105,control_jul
2,6159.0108,control_jul
2,6159.3112,control_jul
2,6159.6115,control_jul
2,6159.9118,control_jul
2,6160.2122,control_jul
2,6160.5125,control_jul
2,6160.8128,control_jul
2,6161.1131,control_jul
2,6161.4134,control_jul
2,6161.7138,control_jul
2,6162.0141,control_jul
2,6162.3144,control_jul
2,6162.6148,control_jul
2,6162.915,control_jul
2,6163.2154,control_jul
2,6163.5157,control_jul
2,6163.8161,control_jul
2,6164.1164,control_jul
2,6164.4167,control_jul
2,6164.717,control_jul
2,6165.0173,control_jul
2,6165.3176,control_jul
0,6165.618,control_jul
2,6165.9183,control_jul
2,6166.2186,control_jul
2,6166.5189,control_jul
2,6166.8193,control_jul
2,6167.1196,control_jul
2,6167.4199,control_jul
2,6167.7202,control_jul
2,6168.0206,control_jul
2,6168.3209,control_jul
2,6168.6212,control_jul
2,6168.9215,control_jul
2,6169.2219,control_jul
2,6169.5222,control_jul
2,6169.8225,control_jul
0,6170.1228,control_jul
2,6170.4231,control_jul
2,6170.7235,control_jul
2,6171.0238,control_jul
2,6171.3241,control_jul
2,6171.6245,control_jul
2,6171.9248,control_jul
2,6172.2251,control_jul
2,6172.5254,control_jul
2,6172.8257,control_jul
2,6173.126,control_jul
2,6173.4264,control_jul
2,6173.7267,control_jul
2,6174.0271,control_jul
2,6174.3274,control_jul
2,6174.6277,control_jul
2,6174.928,control_jul
2,6175.2284,control_jul
2,6175.5286,control_jul
2,6175.829,control_jul
2,6176.1293,control_jul
2,6176.4296,control_jul
2,6176.73,control_jul
2,6177.0303,control_jul
2,6177.3306,control_jul
2,6177.6309,control_jul
2,6177.9312,control_jul
2,6178.2316,control_jul
2,6178.5319,control_jul
2,6178.8322,control_jul
2,6179.1325,control_jul
2,6179.4328,control_jul
2,6179.7332,control_jul
2,6180.0336,control_jul
2,6180.3338,control_jul
2,6180.6341,control_jul
2,6180.9345,control_jul
2,6181.2348,control_jul
2,6181.5351,control_jul
2,6181.8354,control_jul
2,6182.1357,control_jul
2,6182.4361,control_jul
2,6182.7365,control_jul
2,6183.0367,control_jul
2,6183.3371,control_jul
2,6183.6374,control_jul
2,6183.9377,control_jul
2,6184.238,control_jul
2,6184.5384,control_jul
2,6184.8387,control_jul
2,6185.139,control_jul
2,6185.4393,control_jul
2,6185.7396,control_jul
2,6186.04,control_jul
2,6186.3403,control_jul
2,6186.6406,control_jul
2,6186.9409,control_jul
2,6187.2413,control_jul
2,6187.5416,control_jul
2,6187.8419,control_jul
2,6188.1422,control_jul
2,6188.4426,control_jul
2,6188.7428,control_jul
2,6189.0432,control_jul
2,6189.3436,control_jul
2,6189.6438,control_jul
2,6189.9442,control_jul
2,6190.2445,control_jul
2,6190.5448,control_jul
2,6190.8451,control_jul
2,6191.1454,control_jul
2,6191.4458,control_jul
2,6191.7461,control_jul
2,6192.0464,control_jul
2,6192.3467,control_jul
2,6192.647,control_jul
2,6192.9474,control_jul
2,6193.2477,control_jul
2,6193.548,control_jul
2,6193.8484,control_jul
2,6194.1487,control_jul
0,6194.449,control_jul
2,6194.7493,control_jul
2,6195.0497,control_jul
2,6195.35,control_jul
2,6195.6503,control_jul
2,6195.9507,control_jul
2,6196.2509,control_jul
2,6196.5513,control_jul
2,6196.8516,control_jul
2,6197.1519,control_jul
2,6197.4523,control_jul
2,6197.7526,control_jul
2,6198.0529,control_jul
2,6198.3532,control_jul
2,6198.6535,control_jul
2,6198.9538,control_jul
2,6199.2542,control_jul
2,6199.5545,control_jul
2,6199.8548,control_jul
2,6200.1551,control_jul
2,6200.4554,control_jul
2,6200.7558,control_jul
2,6201.0561,control_jul
2,6201.3564,control_jul
2,6201.6567,control_jul
2,6201.9571,control_jul
2,6202.2574,control_jul
0,6202.5577,control_jul
2,6202.858,control_jul
2,6203.1584,control_jul
2,6203.4587,control_jul
2,6203.759,control_jul
2,6204.0593,control_jul
2,6204.3596,control_jul
0,6204.66,control_jul
2,6204.9603,control_jul
2,6205.2606,control_jul
2,6205.5609,control_jul
2,6205.8613,control_jul
2,6206.1616,control_jul
2,6206.4619,control_jul
2,6206.7623,control_jul
2,6207.0625,control_jul
2,6207.3629,control_jul
2,6207.6632,control_jul
2,6207.9635,control_jul
2,6208.2638,control_jul
2,6208.5642,control_jul
2,6208.8645,control_jul
2,6209.1648,control_jul
2,6209.4652,control_jul
2,6209.7655,control_jul
2,6210.0658,control_jul
2,6210.3661,control_jul
2,6210.6664,control_jul
2,6210.9668,control_jul
2,6211.2671,control_jul
2,6211.5674,control_jul
2,6211.8677,control_jul
2,6212.168,control_jul
2,6212.4684,control_jul
2,6212.7687,control_jul
2,6213.069,control_jul
2,6213.3693,control_jul
2,6213.6696,control_jul
2,6213.97,control_jul
2,6214.2703,control_jul
2,6214.5706,control_jul
2,6214.8709,control_jul
2,6215.1713,control_jul
2,6215.4716,control_jul
2,6215.7719,control_jul
2,6216.3725,control_jul
2,6216.6728,control_jul
2,6216.9732,control_jul
2,6217.2736,control_jul
2,6217.5738,control_jul
2,6217.8741,control_jul
2,6218.1745,control_jul
2,6218.4748,control_jul
2,6218.7751,control_jul
2,6219.0754,control_jul
2,6219.3758,control_jul
2,6219.6761,control_jul
2,6219.9764,control_jul
2,6220.2768,control_jul
2,6220.5771,control_jul
2,6220.8774,control_jul
2,6221.1777,control_jul
2,6221.478,control_jul
2,6221.7783,control_jul
0,6222.0787,control_jul
2,6222.379,control_jul
2,6222.6793,control_jul
2,6222.9796,control_jul
2,6223.28,control_jul
2,6223.5803,control_jul
2,6223.8806,control_jul
2,6224.1809,control_jul
0,6224.4813,control_jul
2,6224.7816,control_jul
2,6225.0819,control_jul
2,6225.3822,control_jul
2,6225.6825,control_jul
2,6225.9828,control_jul
2,6226.2832,control_jul
2,6226.5835,control_jul
2,6226.8838,control_jul
2,6227.1841,control_jul
2,6227.4845,control_jul
2,6227.7848,control_jul
2,6228.0852,control_jul
2,6228.3854,control_jul
2,6228.6857,control_jul
2,6228.986,control_jul
2,6229.2864,control_jul
2,6229.5867,control_jul
2,6229.8871,control_jul
2,6230.1873,control_jul
2,6230.4877,control_jul
2,6230.788,control_jul
2,6231.0883,control_jul
2,6231.3886,control_jul
2,6231.689,control_jul
2,6231.9893,control_jul
2,6232.2896,control_jul
2,6232.5899,control_jul
2,6232.8902,control_jul
2,6233.1906,control_jul
2,6233.4909,control_jul
2,6233.7912,control_jul
2,6234.0915,control_jul
2,6234.3919,control_jul
2,6234.6922,control_jul
2,6234.9925,control_jul
2,6235.2928,control_jul
2,6235.5932,control_jul
2,6235.8935,control_jul
2,6236.1938,control_jul
2,6236.4941,control_jul
2,6236.7944,control_jul
2,6237.0964,control_jul
2,6237.395,control_jul
2,6237.6963,control_jul
2,6237.9957,control_jul
2,6238.2961,control_jul
2,6238.5964,control_jul
2,6238.8966,control_jul
2,6239.197,control_jul
2,6239.4973,control_jul
2,6239.7977,control_jul
2,6240.098,control_jul
2,6240.3983,control_jul
2,6240.6986,control_jul
2,6240.9989,control_jul
2,6241.2992,control_jul
2,6241.5996,control_jul
2,6241.8999,control_jul
2,6242.2002,control_jul
2,6242.5006,control_jul
2,6242.8008,control_jul
2,6243.1012,control_jul
2,6243.4015,control_jul
2,6243.7018,control_jul
2,6244.0021,control_jul
2,6244.3025,control_jul
2,6244.6028,control_jul
2,6244.9031,control_jul
2,6245.2034,control_jul
2,6245.5037,control_jul
2,6245.8041,control_jul
2,6246.1044,control_jul
2,6246.4047,control_jul
2,6246.705,control_jul
2,6247.0053,control_jul
2,6247.3056,control_jul
2,6247.606,control_jul
0,6247.9063,control_jul
2,6248.2067,control_jul
2,6248.5069,control_jul
2,6248.8072,control_jul
2,6249.1076,control_jul
2,6249.4079,control_jul
0,6249.7083,control_jul
2,6250.0085,control_jul
2,6250.3089,control_jul
2,6250.6092,control_jul
2,6250.9095,control_jul
2,6251.2098,control_jul
2,6251.5101,control_jul
2,6251.8105,control_jul
0,6252.1108,control_jul
2,6252.4111,control_jul
2,6252.7115,control_jul
2,6253.0118,control_jul
2,6253.3121,control_jul
2,6253.6124,control_jul
2,6253.9127,control_jul
2,6254.2131,control_jul
2,6254.5133,control_jul
2,6254.8137,control_jul
2,6255.114,control_jul
2,6255.4143,control_jul
2,6255.7146,control_jul
2,6256.0149,control_jul
2,6256.3153,control_jul
2,6256.6156,control_jul
2,6256.9159,control_jul
2,6257.2163,control_jul
2,6257.5165,control_jul
2,6257.8169,control_jul
2,6258.1172,control_jul
2,6258.4175,control_jul
2,6258.7179,control_jul
2,6259.0182,control_jul
2,6259.3185,control_jul
2,6259.6188,control_jul
2,6259.9191,control_jul
2,6260.2195,control_jul
2,6260.5198,control_jul
2,6260.8201,control_jul
2,6261.1204,control_jul
2,6261.4207,control_jul
2,6261.7211,control_jul
2,6262.0214,control_jul
2,6262.3217,control_jul
2,6262.622,control_jul
2,6262.9224,control_jul
2,6263.2227,control_jul
2,6263.523,control_jul
2,6263.8233,control_jul
2,6264.1237,control_jul
2,6264.424,control_jul
2,6264.7243,control_jul
2,6265.0246,control_jul
2,6265.3249,control_jul
0,6265.6252,control_jul
2,6265.9256,control_jul
2,6266.2259,control_jul
2,6266.5262,control_jul
2,6266.8265,control_jul
2,6267.1268,control_jul
2,6267.4272,control_jul
2,6267.7275,control_jul
2,6268.0278,control_jul
2,6268.3281,control_jul
2,6268.6284,control_jul
2,6268.9288,control_jul
2,6269.2291,control_jul
2,6269.5294,control_jul
2,6269.8297,control_jul
2,6270.13,control_jul
2,6270.4304,control_jul
2,6270.7307,control_jul
2,6271.031,control_jul
2,6271.3313,control_jul
2,6271.6316,control_jul
2,6271.932,control_jul
2,6272.2323,control_jul
2,6272.5326,control_jul
2,6272.8329,control_jul
2,6273.1332,control_jul
2,6273.4336,control_jul
2,6273.734,control_jul
2,6274.0342,control_jul
2,6274.3345,control_jul
2,6274.6348,control_jul
2,6274.9352,control_jul
2,6275.2355,control_jul
2,6275.5358,control_jul
2,6275.8361,control_jul
2,6276.1364,control_jul
2,6276.4368,control_jul
2,6276.7371,control_jul
2,6277.0374,control_jul
2,6277.3378,control_jul
0,6277.638,control_jul
2,6277.9384,control_jul
2,6278.2387,control_jul
2,6278.539,control_jul
2,6278.8394,control_jul
2,6279.1397,control_jul
2,6279.44,control_jul
2,6279.7403,control_jul
2,6280.0406,control_jul
2,6280.3409,control_jul
2,6280.6413,control_jul
2,6280.9416,control_jul
2,6281.2419,control_jul
0,6281.5422,control_jul
2,6281.8425,control_jul
2,6282.1428,control_jul
2,6282.4431,control_jul
2,6282.7435,control_jul
2,6283.0438,control_jul
2,6283.3442,control_jul
2,6283.6445,control_jul
2,6283.9448,control_jul
2,6284.2451,control_jul
2,6284.5455,control_jul
2,6284.8457,control_jul
2,6285.1461,control_jul
2,6285.4464,control_jul
2,6285.7468,control_jul
2,6286.0471,control_jul
2,6286.3474,control_jul
2,6286.6477,control_jul
0,6286.948,control_jul
2,6287.2483,control_jul
2,6287.5486,control_jul
2,6287.849,control_jul
2,6288.1492,control_jul
2,6288.4496,control_jul
2,6288.7499,control_jul
2,6289.0502,control_jul
2,6289.3506,control_jul
2,6289.6509,control_jul
2,6289.9512,control_jul
2,6290.2515,control_jul
2,6290.5519,control_jul
2,6290.8522,control_jul
2,6291.1525,control_jul
2,6291.4528,control_jul
0,6291.7531,control_jul
0,6292.0534,control_jul
2,6292.3538,control_jul
2,6292.6541,control_jul
2,6292.9544,control_jul
2,6293.2547,control_jul
2,6293.555,control_jul
2,6293.8554,control_jul
2,6294.1556,control_jul
2,6294.456,control_jul
2,6294.7563,control_jul
0,6295.0566,control_jul
2,6295.357,control_jul
2,6295.6573,control_jul
2,6295.9576,control_jul
2,6296.2579,control_jul
2,6296.5582,control_jul
2,6296.8586,control_jul
2,6297.1589,control_jul
2,6297.4592,control_jul
2,6297.7596,control_jul
2,6298.0598,control_jul
2,6298.3602,control_jul
2,6298.6605,control_jul
2,6298.9608,control_jul
2,6299.2611,control_jul
2,6299.5614,control_jul
2,6299.8617,control_jul
2,6300.162,control_jul
2,6300.4624,control_jul
2,6300.7627,control_jul
2,6301.063,control_jul
2,6301.3633,control_jul
2,6301.6637,control_jul
2,6301.9639,control_jul
2,6302.2643,control_jul
2,6302.5646,control_jul
2,6302.8649,control_jul
2,6303.1652,control_jul
2,6303.4656,control_jul
2,6303.7659,control_jul
0,6304.0662,control_jul
2,6304.3665,control_jul
2,6304.6669,control_jul
2,6304.9672,control_jul
2,6305.2675,control_jul
2,6305.5678,control_jul
2,6305.8681,control_jul
2,6306.1684,control_jul
2,6306.4687,control_jul
2,6306.7691,control_jul
2,6307.0694,control_jul
2,6307.3697,control_jul
2,6307.67,control_jul
2,6307.9703,control_jul
2,6308.2707,control_jul
2,6308.571,control_jul
2,6308.8713,control_jul
2,6309.1716,control_jul
2,6309.4719,control_jul
2,6309.7723,control_jul
2,6310.0726,control_jul
2,6310.3729,control_jul
2,6310.6732,control_jul
2,6310.9735,control_jul
2,6311.2738,control_jul
2,6311.5742,control_jul
2,6311.8745,control_jul
2,6312.1748,control_jul
2,6312.4751,control_jul
2,6312.7755,control_jul
2,6313.0758,control_jul
2,6313.3761,control_jul
2,6313.6764,control_jul
2,6313.9768,control_jul
2,6314.277,control_jul
2,6314.5774,control_jul
2,6314.8777,control_jul
2,6315.178,control_jul
2,6315.4783,control_jul
2,6315.7786,control_jul
2,6316.079,control_jul
2,6316.6796,control_jul
2,6316.9799,control_jul
2,6317.2803,control_jul
2,6317.5805,control_jul
2,6317.8809,control_jul
2,6318.1812,control_jul
2,6318.4815,control_jul
2,6318.7818,control_jul
2,6319.0821,control_jul
2,6319.3825,control_jul
2,6319.6828,control_jul
2,6319.9831,control_jul
2,6320.2834,control_jul
2,6320.5837,control_jul
2,6320.8841,control_jul
2,6321.1844,control_jul
2,6321.4847,control_jul
2,6321.785,control_jul
2,6322.0853,control_jul
2,6322.3857,control_jul
2,6322.686,control_jul
2,6322.9863,control_jul
2,6323.2866,control_jul
2,6323.587,control_jul
2,6323.8873,control_jul
2,6324.1876,control_jul
2,6324.4879,control_jul
2,6324.7882,control_jul
2,6325.0886,control_jul
2,6325.3889,control_jul
2,6325.6892,control_jul
2,6325.9895,control_jul
2,6326.2898,control_jul
2,6326.5901,control_jul
2,6326.8905,control_jul
0,6327.1908,control_jul
2,6327.4911,control_jul
2,6327.7915,control_jul
2,6328.0918,control_jul
2,6328.3921,control_jul
2,6328.6924,control_jul
2,6328.9927,control_jul
2,6329.293,control_jul
2,6329.5933,control_jul
2,6329.8937,control_jul
2,6330.194,control_jul
2,6330.4943,control_jul
2,6330.7947,control_jul
2,6331.095,control_jul
2,6331.3953,control_jul
2,6331.6956,control_jul
2,6331.9959,control_jul
2,6332.2962,control_jul
2,6332.5965,control_jul
2,6332.8969,control_jul
2,6333.1972,control_jul
2,6333.4976,control_jul
2,6333.7978,control_jul
2,6334.0981,control_jul
2,6334.3985,control_jul
2,6334.6988,control_jul
2,6334.9991,control_jul
2,6335.2994,control_jul
2,6335.5998,control_jul
2,6335.9001,control_jul
0,6336.2004,control_jul
2,6336.5007,control_jul
2,6336.8011,control_jul
2,6337.1013,control_jul
2,6337.4017,control_jul
2,6337.702,control_jul
2,6338.0023,control_jul
2,6338.3027,control_jul
2,6338.603,control_jul
2,6338.9033,control_jul
2,6339.2036,control_jul
2,6339.5039,control_jul
2,6339.8042,control_jul
2,6340.1045,control_jul
2,6340.4049,control_jul
2,6340.7052,control_jul
2,6341.0055,control_jul
2,6341.3058,control_jul
2,6341.6062,control_jul
2,6341.9065,control_jul
2,6342.2068,control_jul
2,6342.5071,control_jul
2,6342.8075,control_jul
2,6343.1078,control_jul
2,6343.4081,control_jul
2,6343.7084,control_jul
2,6344.0087,control_jul
2,6344.309,control_jul
2,6344.6093,control_jul
2,6344.9097,control_jul
2,6345.21,control_jul
2,6345.5103,control_jul
2,6345.8106,control_jul
2,6346.111,control_jul
2,6346.4113,control_jul
2,6346.7116,control_jul
2,6347.0119,control_jul
2,6347.3123,control_jul
0,6347.6125,control_jul
2,6347.9129,control_jul
2,6348.2132,control_jul
2,6348.5135,control_jul
2,6348.8139,control_jul
2,6349.1142,control_jul
2,6349.4145,control_jul
2,6349.7148,control_jul
2,6350.0151,control_jul
2,6350.3155,control_jul
2,6350.6158,control_jul
2,6350.9161,control_jul
2,6351.2164,control_jul
2,6351.5167,control_jul
2,6351.8171,control_jul
0,6352.1173,control_jul
2,6352.4177,control_jul
2,6352.718,control_jul
2,6353.0183,control_jul
2,6353.3186,control_jul
2,6353.619,control_jul
2,6353.9193,control_jul
2,6354.2196,control_jul
2,6354.5199,control_jul
2,6354.8202,control_jul
2,6355.1206,control_jul
2,6355.4209,control_jul
2,6355.7212,control_jul
2,6356.0215,control_jul
2,6356.3219,control_jul
0,6356.6221,control_jul
2,6356.9224,control_jul
2,6357.2228,control_jul
2,6357.5231,control_jul
2,6357.8235,control_jul
2,6358.1238,control_jul
2,6358.4241,control_jul
2,6358.7244,control_jul
2,6359.0247,control_jul
2,6359.325,control_jul
2,6359.6253,control_jul
2,6359.9257,control_jul
2,6360.226,control_jul
2,6360.5263,control_jul
2,6360.8266,control_jul
2,6361.1269,control_jul
2,6361.4273,control_jul
2,6361.7276,control_jul
2,6362.0279,control_jul
2,6362.3282,control_jul
2,6362.6285,control_jul
2,6362.9288,control_jul
2,6363.2292,control_jul
2,6363.5295,control_jul
2,6363.8298,control_jul
2,6364.1301,control_jul
2,6364.4304,control_jul
2,6364.7308,control_jul
2,6365.0311,control_jul
2,6365.3314,control_jul
0,6365.6317,control_jul
2,6365.932,control_jul
2,6366.2324,control_jul
2,6366.5327,control_jul
2,6366.833,control_jul
2,6367.1333,control_jul
2,6367.4337,control_jul
2,6367.734,control_jul
2,6368.0343,control_jul
2,6368.3346,control_jul
2,6368.6349,control_jul
2,6368.9353,control_jul
2,6369.2356,control_jul
2,6369.5359,control_jul
2,6369.8362,control_jul
2,6370.1365,control_jul
2,6370.4368,control_jul
2,6370.7372,control_jul
2,6371.0375,control_jul
2,6371.3378,control_jul
2,6371.6382,control_jul
2,6371.9385,control_jul
2,6372.2388,control_jul
2,6372.5391,control_jul
2,6372.8394,control_jul
2,6373.1397,control_jul
2,6373.4401,control_jul
2,6373.7404,control_jul
2,6374.0407,control_jul
2,6374.341,control_jul
2,6374.6414,control_jul
2,6374.9417,control_jul
2,6375.242,control_jul
2,6375.5423,control_jul
2,6375.8427,control_jul
2,6376.143,control_jul
2,6376.4433,control_jul
2,6376.7436,control_jul
2,6377.044,control_jul
2,6377.3443,control_jul
2,6377.6446,control_jul
2,6377.9449,control_jul
2,6378.2452,control_jul
2,6378.5456,control_jul
2,6378.8459,control_jul
2,6379.1462,control_jul
2,6379.4465,control_jul
2,6379.7468,control_jul
2,6380.0471,control_jul
2,6380.3475,control_jul
2,6380.6478,control_jul
2,6380.9482,control_jul
2,6381.2484,control_jul
2,6381.5488,control_jul
2,6381.8491,control_jul
2,6382.1494,control_jul
2,6382.4497,control_jul
2,6382.75,control_jul
2,6383.0503,control_jul
0,6383.3507,control_jul
2,6383.651,control_jul
2,6383.9513,control_jul
2,6384.2516,control_jul
2,6384.5519,control_jul
2,6384.8523,control_jul
2,6385.1526,control_jul
2,6385.4529,control_jul
2,6385.7532,control_jul
2,6386.0536,control_jul
2,6386.3539,control_jul
2,6386.6542,control_jul
2,6386.9546,control_jul
2,6387.2548,control_jul
2,6387.5552,control_jul
2,6387.8555,control_jul
2,6388.1558,control_jul
2,6388.4562,control_jul
2,6388.7564,control_jul
2,6389.0568,control_jul
2,6389.3571,control_jul
2,6389.6574,control_jul
2,6389.9577,control_jul
2,6390.258,control_jul
2,6390.5584,control_jul
2,6390.8587,control_jul
2,6391.1591,control_jul
2,6391.4594,control_jul
2,6391.7596,control_jul
2,6392.06,control_jul
2,6392.3603,control_jul
2,6392.6606,control_jul
2,6392.961,control_jul
2,6393.2613,control_jul
2,6393.5616,control_jul
2,6393.8619,control_jul
2,6394.1622,control_jul
2,6394.4626,control_jul
2,6394.7629,control_jul
2,6395.0632,control_jul
2,6395.3635,control_jul
2,6395.6639,control_jul
2,6395.9642,control_jul
2,6396.2645,control_jul
2,6396.5648,control_jul
2,6396.8651,control_jul
0,6397.1654,control_jul
2,6397.4658,control_jul
2,6397.7661,control_jul
2,6398.0664,control_jul
2,6398.3668,control_jul
2,6398.667,control_jul
2,6398.9674,control_jul
2,6399.2677,control_jul
2,6399.568,control_jul
2,6399.8684,control_jul
2,6400.1687,control_jul
2,6400.4689,control_jul
2,6400.7693,control_jul
2,6401.0697,control_jul
2,6401.3699,control_jul
2,6401.6702,control_jul
2,6401.9706,control_jul
2,6402.2709,control_jul
2,6402.5712,control_jul
2,6402.8715,control_jul
2,6403.1719,control_jul
0,6403.4722,control_jul
2,6403.7725,control_jul
0,6404.0728,control_jul
2,6404.3732,control_jul
2,6404.6735,control_jul
2,6404.9738,control_jul
2,6405.2741,control_jul
2,6405.5744,control_jul
2,6405.8748,control_jul
2,6406.1751,control_jul
2,6406.4754,control_jul
2,6406.7758,control_jul
2,6407.0761,control_jul
2,6407.3764,control_jul
2,6407.6767,control_jul
2,6407.977,control_jul
2,6408.2773,control_jul
2,6408.5777,control_jul
2,6408.878,control_jul
2,6409.1784,control_jul
2,6409.4786,control_jul
2,6409.779,control_jul
2,6410.0793,control_jul
2,6410.3796,control_jul
2,6410.6799,control_jul
0,6410.9803,control_jul
2,6411.2806,control_jul
2,6411.5809,control_jul
2,6411.8812,control_jul
2,6412.1815,control_jul
2,6412.4819,control_jul
2,6412.7822,control_jul
2,6413.0825,control_jul
2,6413.3828,control_jul
2,6413.6832,control_jul
2,6413.9835,control_jul
2,6414.2838,control_jul
2,6414.5842,control_jul
2,6414.8844,control_jul
0,6415.1848,control_jul
2,6415.4852,control_jul
2,6415.7854,control_jul
2,6416.0858,control_jul
2,6416.3861,control_jul
2,6416.6864,control_jul
2,6416.9867,control_jul
2,6417.2871,control_jul
2,6417.5874,control_jul
2,6417.8877,control_jul
2,6418.188,control_jul
2,6418.4883,control_jul
2,6418.7886,control_jul
2,6419.089,control_jul
2,6419.3893,control_jul
2,6419.6896,control_jul
2,6419.99,control_jul
2,6420.2903,control_jul
0,6420.5906,control_jul
2,6420.8909,control_jul
2,6421.1912,control_jul
2,6421.4916,control_jul
2,6421.7919,control_jul
2,6422.0922,control_jul
2,6422.3925,control_jul
2,6422.6928,control_jul
2,6422.9932,control_jul
2,6423.2935,control_jul
2,6423.5938,control_jul
2,6423.8941,control_jul
2,6424.1945,control_jul
2,6424.4948,control_jul
2,6424.7951,control_jul
2,6425.0954,control_jul
2,6425.3958,control_jul
2,6425.6961,control_jul
2,6425.9964,control_jul
2,6426.2967,control_jul
2,6426.5971,control_jul
2,6426.8974,control_jul
2,6427.1977,control_jul
2,6427.498,control_jul
2,6427.7983,control_jul
2,6428.0987,control_jul
0,6428.3989,control_jul
2,6428.6993,control_jul
2,6428.9996,control_jul
2,6429.2999,control_jul
2,6429.6002,control_jul
2,6429.9006,control_jul
2,6430.2009,control_jul
2,6430.5012,control_jul
2,6430.8016,control_jul
2,6431.1019,control_jul
2,6431.4022,control_jul
2,6431.7025,control_jul
2,6432.0028,control_jul
2,6432.3032,control_jul
2,6432.6035,control_jul
2,6432.9038,control_jul
2,6433.2041,control_jul
0,6433.5045,control_jul
2,6433.8048,control_jul
2,6434.1051,control_jul
2,6434.4054,control_jul
2,6434.7057,control_jul
2,6435.006,control_jul
2,6435.3064,control_jul
2,6435.6067,control_jul
2,6435.907,control_jul
2,6436.2074,control_jul
2,6436.5077,control_jul
2,6436.808,control_jul
2,6437.1083,control_jul
2,6437.4086,control_jul
2,6437.7089,control_jul
2,6438.0092,control_jul
2,6438.3096,control_jul
2,6438.6099,control_jul
2,6438.9102,control_jul
2,6439.2105,control_jul
2,6439.5108,control_jul
2,6439.8112,control_jul
2,6440.1115,control_jul
2,6440.4118,control_jul
2,6440.7122,control_jul
2,6441.0124,control_jul
2,6441.3128,control_jul
2,6441.6131,control_jul
2,6441.9134,control_jul
2,6442.2138,control_jul
0,6442.5141,control_jul
2,6442.8144,control_jul
2,6443.1147,control_jul
2,6443.415,control_jul
2,6443.7153,control_jul
0,6444.0157,control_jul
2,6444.316,control_jul
2,6444.6163,control_jul
2,6444.9166,control_jul
2,6445.217,control_jul
2,6445.5173,control_jul
2,6445.8176,control_jul
2,6446.1179,control_jul
2,6446.4183,control_jul
2,6446.7185,control_jul
2,6447.0189,control_jul
2,6447.3192,control_jul
2,6447.6196,control_jul
2,6447.9199,control_jul
2,6448.2202,control_jul
2,6448.5205,control_jul
2,6448.8208,control_jul
2,6449.1211,control_jul
2,6449.4214,control_jul
2,6449.7218,control_jul
0,6450.0221,control_jul
2,6450.3224,control_jul
2,6450.6228,control_jul
2,6450.9231,control_jul
2,6451.2234,control_jul
2,6451.5237,control_jul
2,6451.824,control_jul
2,6452.1243,control_jul
2,6452.4247,control_jul
2,6452.725,control_jul
2,6453.0253,control_jul
2,6453.3257,control_jul
2,6453.6259,control_jul
2,6453.9263,control_jul
2,6454.2266,control_jul
2,6454.5269,control_jul
2,6454.8272,control_jul
2,6455.1276,control_jul
2,6455.4279,control_jul
2,6455.7282,control_jul
2,6456.0285,control_jul
2,6456.3289,control_jul
2,6456.6292,control_jul
2,6456.9295,control_jul
2,6457.2298,control_jul
2,6457.5301,control_jul
2,6457.8304,control_jul
2,6458.1308,control_jul
2,6458.4311,control_jul
2,6458.7314,control_jul
2,6459.0317,control_jul
2,6459.3321,control_jul
2,6459.6324,control_jul
2,6459.9327,control_jul
2,6460.233,control_jul
2,6460.5334,control_jul
2,6460.8337,control_jul
2,6461.134,control_jul
2,6461.4343,control_jul
2,6461.7347,control_jul
0,6462.035,control_jul
2,6462.3353,control_jul
2,6462.6356,control_jul
2,6462.9359,control_jul
2,6463.2363,control_jul
2,6463.5366,control_jul
2,6463.8369,control_jul
2,6464.1372,control_jul
2,6464.4376,control_jul
2,6464.7378,control_jul
2,6465.0382,control_jul
2,6465.3385,control_jul
2,6465.6388,control_jul
2,6465.9392,control_jul
0,6466.2395,control_jul
2,6466.5398,control_jul
2,6466.8452,control_jul
2,6467.1404,control_jul
2,6467.4407,control_jul
2,6467.7411,control_jul
2,6468.0414,control_jul
2,6468.3417,control_jul
2,6468.642,control_jul
2,6468.9423,control_jul
2,6469.2427,control_jul
2,6469.543,control_jul
2,6469.8434,control_jul
2,6470.1436,control_jul
2,6470.444,control_jul
2,6470.7443,control_jul
2,6471.0446,control_jul
2,6471.3449,control_jul
2,6471.6453,control_jul
2,6471.9456,control_jul
2,6472.2459,control_jul
2,6472.5462,control_jul
2,6472.8465,control_jul
2,6473.1469,control_jul
2,6473.4472,control_jul
2,6473.7475,control_jul
2,6474.0478,control_jul
2,6474.3481,control_jul
2,6474.6485,control_jul
2,6474.9488,control_jul
2,6475.2491,control_jul
2,6475.5494,control_jul
2,6475.8497,control_jul
2,6476.1501,control_jul
2,6476.4504,control_jul
2,6476.7507,control_jul
2,6477.051,control_jul
2,6477.3513,control_jul
2,6477.6517,control_jul
2,6477.952,control_jul
2,6478.2523,control_jul
2,6478.5526,control_jul
2,6478.8529,control_jul
2,6479.1533,control_jul
2,6479.4536,control_jul
2,6479.7539,control_jul
2,6480.0542,control_jul
2,6480.3546,control_jul
2,6480.6549,control_jul
2,6480.9552,control_jul
2,6481.2555,control_jul
2,6481.5558,control_jul
0,6481.8562,control_jul
2,6482.1565,control_jul
2,6482.4568,control_jul
2,6482.7571,control_jul
2,6483.0575,control_jul
2,6483.3578,control_jul
2,6483.6581,control_jul
2,6483.9584,control_jul
2,6484.2588,control_jul
2,6484.5591,control_jul
2,6484.8593,control_jul
2,6485.1597,control_jul
2,6485.46,control_jul
2,6485.7603,control_jul
2,6486.0606,control_jul
2,6486.361,control_jul
2,6486.6613,control_jul
2,6486.9616,control_jul
0,6487.2619,control_jul
2,6487.5623,control_jul
2,6487.8626,control_jul
2,6488.1629,control_jul
2,6488.4632,control_jul
2,6488.7636,control_jul
2,6489.0639,control_jul
2,6489.3642,control_jul
2,6489.6645,control_jul
2,6489.9649,control_jul
2,6490.2652,control_jul
2,6490.5655,control_jul
2,6490.8658,control_jul
2,6491.166,control_jul
2,6491.4665,control_jul
0,6491.7668,control_jul
2,6492.067,control_jul
2,6492.3674,control_jul
2,6492.6677,control_jul
2,6492.9681,control_jul
2,6493.2684,control_jul
2,6493.5687,control_jul
2,6493.869,control_jul
2,6494.1693,control_jul
2,6494.4696,control_jul
0,6494.77,control_jul
2,6495.0702,control_jul
2,6495.3706,control_jul
2,6495.6709,control_jul
2,6495.9712,control_jul
2,6496.2715,control_jul
2,6496.5719,control_jul
2,6496.8722,control_jul
2,6497.1725,control_jul
2,6497.4728,control_jul
0,6497.7732,control_jul
2,6498.0734,control_jul
2,6498.3738,control_jul
2,6498.6741,control_jul
0,6498.9744,control_jul
2,6499.2748,control_jul
2,6499.575,control_jul
2,6499.8754,control_jul
2,6500.1757,control_jul
2,6500.4761,control_jul
2,6500.7764,control_jul
2,6501.0767,control_jul
2,6501.377,control_jul
2,6501.6773,control_jul
2,6501.9777,control_jul
2,6502.278,control_jul
2,6502.5783,control_jul
2,6502.8786,control_jul
2,6503.1789,control_jul
2,6503.4793,control_jul
2,6504.0705,control_jul
2,6504.3708,control_jul
2,6504.6712,control_jul
2,6504.9715,control_jul
2,6505.2717,control_jul
2,6505.5721,control_jul
2,6505.8724,control_jul
2,6506.1727,control_jul
0,6506.4731,control_jul
2,6506.7734,control_jul
2,6507.0737,control_jul
2,6507.374,control_jul
2,6507.6743,control_jul
2,6507.9747,control_jul
2,6508.275,control_jul
2,6508.5753,control_jul
2,6509.176,control_jul
2,6509.4763,control_jul
2,6509.7766,control_jul
2,6510.0769,control_jul
2,6510.3772,control_jul
2,6510.6775,control_jul
2,6510.9779,control_jul
2,6511.2782,control_jul
2,6511.5785,control_jul
2,6511.8788,control_jul
2,6512.1792,control_jul
2,6512.4795,control_jul
2,6512.7798,control_jul
2,6513.0801,control_jul
0,6513.3804,control_jul
2,6513.6807,control_jul
2,6513.9811,control_jul
2,6514.2814,control_jul
2,6514.5817,control_jul
2,6514.882,control_jul
2,6515.1824,control_jul
2,6515.4827,control_jul
2,6515.783,control_jul
2,6516.0833,control_jul
2,6516.3837,control_jul
2,6516.684,control_jul
2,6516.9843,control_jul
2,6517.2846,control_jul
2,6517.585,control_jul
2,6517.8852,control_jul
2,6518.1856,control_jul
2,6518.4859,control_jul
2,6518.7862,control_jul
2,6519.0866,control_jul
2,6519.3869,control_jul
2,6519.6871,control_jul
2,6519.9875,control_jul
2,6520.2878,control_jul
2,6520.5881,control_jul
2,6520.8884,control_jul
2,6521.1888,control_jul
2,6521.4891,control_jul
2,6521.7894,control_jul
2,6522.0897,control_jul
2,6522.39,control_jul
2,6522.6903,control_jul
2,6522.9907,control_jul
2,6523.291,control_jul
2,6523.5913,control_jul
2,6523.8916,control_jul
2,6524.1919,control_jul
2,6524.4923,control_jul
2,6524.7926,control_jul
2,6525.0929,control_jul
2,6525.3932,control_jul
2,6525.6936,control_jul
2,6525.9939,control_jul
2,6526.2942,control_jul
2,6526.5945,control_jul
0,6526.8948,control_jul
2,6527.1952,control_jul
2,6527.4955,control_jul
2,6527.7958,control_jul
2,6528.0961,control_jul
2,6528.3964,control_jul
2,6528.6967,control_jul
2,6528.9971,control_jul
2,6529.2974,control_jul
2,6529.5978,control_jul
2,6529.8981,control_jul
2,6530.1984,control_jul
2,6530.4987,control_jul
2,6530.799,control_jul
2,6531.0994,control_jul
2,6531.3997,control_jul
2,6531.7,control_jul
2,6532.0003,control_jul
2,6532.3006,control_jul
2,6532.601,control_jul
2,6532.9013,control_jul
2,6533.2016,control_jul
2,6533.5019,control_jul
0,6533.8022,control_jul
2,6534.1025,control_jul
2,6534.4029,control_jul
2,6534.7032,control_jul
2,6535.0036,control_jul
2,6535.3038,control_jul
2,6535.6041,control_jul
2,6535.9045,control_jul
2,6536.2047,control_jul
2,6536.5051,control_jul
2,6536.8054,control_jul
2,6537.1057,control_jul
2,6537.406,control_jul
2,6537.7064,control_jul
2,6538.0067,control_jul
2,6538.307,control_jul
2,6538.6074,control_jul
2,6538.9077,control_jul
2,6539.2079,control_jul
2,6539.5083,control_jul
2,6539.8086,control_jul
2,6540.1089,control_jul
2,6540.4093,control_jul
2,6540.7096,control_jul
2,6541.0099,control_jul
2,6541.3102,control_jul
2,6541.6106,control_jul
2,6541.9108,control_jul
2,6542.2112,control_jul
2,6542.5116,control_jul
2,6542.8118,control_jul
2,6543.1122,control_jul
2,6543.4124,control_jul
2,6543.7127,control_jul
2,6544.014,control_jul
2,6544.3134,control_jul
2,6544.6138,control_jul
2,6544.914,control_jul
0,6545.2143,control_jul
2,6545.5147,control_jul
2,6545.815,control_jul
2,6546.1153,control_jul
2,6546.4156,control_jul
2,6546.7159,control_jul
2,6547.0163,control_jul
2,6547.3166,control_jul
2,6547.6169,control_jul
2,6547.9173,control_jul
2,6548.2176,control_jul
2,6548.5179,control_jul
2,6548.8182,control_jul
2,6549.1186,control_jul
2,6549.4188,control_jul
2,6549.7191,control_jul
2,6550.0195,control_jul
2,6550.3198,control_jul
2,6550.6201,control_jul
2,6550.9204,control_jul
2,6551.2208,control_jul
2,6551.5211,control_jul
2,6551.8214,control_jul
2,6552.1217,control_jul
2,6552.422,control_jul
2,6552.7223,control_jul
2,6553.0227,control_jul
2,6553.323,control_jul
2,6553.6234,control_jul
2,6553.9236,control_jul
2,6554.224,control_jul
2,6554.5243,control_jul
2,6554.8246,control_jul
2,6555.125,control_jul
2,6555.4252,control_jul
2,6555.7256,control_jul
2,6556.0259,control_jul
0,6556.3262,control_jul
2,6556.6266,control_jul
2,6556.9269,control_jul
2,6557.2272,control_jul
2,6557.5275,control_jul
2,6557.8278,control_jul
2,6558.1282,control_jul
2,6558.4285,control_jul
2,6558.7288,control_jul
2,6559.0291,control_jul
2,6559.3294,control_jul
2,6559.6297,control_jul
2,6559.9301,control_jul
2,6560.2305,control_jul
2,6560.5308,control_jul
2,6560.8311,control_jul
2,6561.1314,control_jul
2,6561.4316,control_jul
0,6561.732,control_jul
2,6562.0323,control_jul
2,6562.3327,control_jul
2,6562.633,control_jul
2,6562.9333,control_jul
2,6563.2336,control_jul
2,6563.5339,control_jul
2,6563.8342,control_jul
2,6564.1346,control_jul
2,6564.4349,control_jul
2,6564.7353,control_jul
2,6565.0355,control_jul
2,6565.3359,control_jul
2,6565.6362,control_jul
2,6565.9365,control_jul
2,6566.2368,control_jul
2,6566.5371,control_jul
2,6566.8375,control_jul
2,6567.1378,control_jul
2,6567.4381,control_jul
2,6567.7384,control_jul
2,6568.0388,control_jul
0,6568.339,control_jul
2,6568.6394,control_jul
2,6568.9397,control_jul
2,6569.24,control_jul
0,6569.5404,control_jul
2,6569.8407,control_jul
2,6570.141,control_jul
0,6570.4413,control_jul
0,6570.7417,control_jul
2,6571.042,control_jul
2,6571.3423,control_jul
2,6571.6426,control_jul
2,6571.9429,control_jul
2,6572.2432,control_jul
2,6572.5436,control_jul
2,6572.8439,control_jul
2,6573.1442,control_jul
2,6573.4445,control_jul
2,6573.7449,control_jul
2,6574.0452,control_jul
2,6574.3455,control_jul
2,6574.6459,control_jul
2,6574.9462,control_jul
2,6575.2464,control_jul
2,6575.5468,control_jul
2,6575.8471,control_jul
2,6576.1474,control_jul
2,6576.4477,control_jul
2,6576.748,control_jul
2,6577.0484,control_jul
2,6577.3487,control_jul
2,6577.649,control_jul
2,6577.9493,control_jul
2,6578.2497,control_jul
2,6578.55,control_jul
2,6578.8503,control_jul
2,6579.1507,control_jul
2,6579.4509,control_jul
2,6579.7513,control_jul
0,6580.0516,control_jul
0,6580.3519,control_jul
2,6580.6522,control_jul
2,6580.9525,control_jul
2,6581.2529,control_jul
2,6581.5532,control_jul
2,6581.8535,control_jul
2,6582.1539,control_jul
2,6582.4542,control_jul
2,6582.7545,control_jul
2,6583.0548,control_jul
2,6583.3551,control_jul
2,6583.6555,control_jul
2,6583.9558,control_jul
2,6584.2561,control_jul
2,6584.5564,control_jul
2,6584.8568,control_jul
2,6585.1571,control_jul
2,6585.4574,control_jul
2,6585.7577,control_jul
2,6586.058,control_jul
2,6586.3584,control_jul
2,6586.6587,control_jul
2,6586.959,control_jul
2,6587.2637,control_jul
2,6587.5596,control_jul
2,6587.86,control_jul
2,6588.1603,control_jul
2,6588.4605,control_jul
0,6588.7609,control_jul
2,6589.0613,control_jul
2,6589.3616,control_jul
2,6589.6619,control_jul
2,6589.9622,control_jul
2,6590.2625,control_jul
2,6590.5628,control_jul
2,6590.8632,control_jul
2,6591.1635,control_jul
2,6591.4638,control_jul
2,6591.7641,control_jul
2,6592.0644,control_jul
2,6592.3648,control_jul
2,6592.6651,control_jul
2,6592.9654,control_jul
2,6593.2657,control_jul
2,6593.5661,control_jul
2,6593.8664,control_jul
2,6594.1667,control_jul
2,6594.4671,control_jul
2,6594.7673,control_jul
2,6595.0676,control_jul
0,6595.368,control_jul
2,6595.6683,control_jul
2,6595.9686,control_jul
2,6596.2689,control_jul
2,6596.5693,control_jul
2,6596.8696,control_jul
2,6597.1699,control_jul
2,6597.4702,control_jul
2,6597.7705,control_jul
2,6598.0709,control_jul
2,6598.3712,control_jul
2,6598.6716,control_jul
2,6598.9718,control_jul
2,6599.2721,control_jul
2,6599.5724,control_jul
2,6599.8728,control_jul
2,6600.1732,control_jul
2,6600.4735,control_jul
2,6600.7738,control_jul
2,6601.0741,control_jul
2,6601.3744,control_jul
2,6601.6748,control_jul
2,6601.9751,control_jul
2,6602.2753,control_jul
2,6602.5757,control_jul
2,6602.876,control_jul
2,6603.1764,control_jul
2,6603.4766,control_jul
2,6603.777,control_jul
2,6604.0773,control_jul
2,6604.3776,control_jul
2,6604.678,control_jul
0,6604.9783,control_jul
2,6605.2786,control_jul
2,6605.5789,control_jul
2,6605.8792,control_jul
2,6606.1796,control_jul
2,6606.4799,control_jul
2,6606.7802,control_jul
2,6607.0805,control_jul
2,6607.3808,control_jul
2,6607.6812,control_jul
2,6607.9815,control_jul
2,6608.2818,control_jul
2,6608.5821,control_jul
2,6608.8825,control_jul
2,6609.1828,control_jul
2,6609.4831,control_jul
2,6609.7834,control_jul
2,6610.0838,control_jul
2,6610.384,control_jul
2,6610.6844,control_jul
2,6610.9847,control_jul
2,6611.285,control_jul
2,6611.5854,control_jul
2,6611.8857,control_jul
2,6612.186,control_jul
2,6612.4863,control_jul
2,6612.7866,control_jul
2,6613.087,control_jul
2,6613.3873,control_jul
2,6613.6876,control_jul
2,6613.9879,control_jul
2,6614.2882,control_jul
2,6614.5885,control_jul
2,6614.8889,control_jul
2,6615.1892,control_jul
2,6615.4895,control_jul
2,6615.7898,control_jul
2,6616.0901,control_jul
0,6616.3913,control_jul
2,6616.6908,control_jul
2,6616.9911,control_jul
2,6617.2914,control_jul
2,6617.5918,control_jul
2,6617.8921,control_jul
2,6618.1924,control_jul
2,6618.4927,control_jul
2,6618.7931,control_jul
2,6619.0934,control_jul
2,6619.3937,control_jul
2,6619.694,control_jul
2,6619.9943,control_jul
2,6620.2946,control_jul
2,6620.595,control_jul
2,6620.8953,control_jul
2,6621.1956,control_jul
2,6621.4959,control_jul
2,6621.7962,control_jul
2,6622.0966,control_jul
2,6622.3969,control_jul
2,6622.6972,control_jul
2,6622.9975,control_jul
2,6623.2979,control_jul
2,6623.5982,control_jul
2,6623.8985,control_jul
2,6624.1988,control_jul
2,6624.4992,control_jul
2,6624.7995,control_jul
2,6625.0998,control_jul
2,6625.4002,control_jul
2,6625.7004,control_jul
2,6626.0008,control_jul
2,6626.3011,control_jul
2,6626.6014,control_jul
2,6626.9017,control_jul
2,6627.202,control_jul
2,6627.5023,control_jul
2,6627.8027,control_jul
2,6628.103,control_jul
2,6628.4033,control_jul
2,6628.7037,control_jul
2,6629.004,control_jul
2,6629.3043,control_jul
2,6629.6046,control_jul
2,6629.905,control_jul
2,6630.2053,control_jul
2,6630.5056,control_jul
2,6630.8059,control_jul
2,6631.1062,control_jul
2,6631.4066,control_jul
2,6631.7069,control_jul
2,6632.0072,control_jul
2,6632.3075,control_jul
2,6632.6079,control_jul
2,6632.9082,control_jul
2,6633.2085,control_jul
2,6633.5088,control_jul
2,6633.8092,control_jul
2,6634.1094,control_jul
2,6634.4098,control_jul
2,6634.7101,control_jul
0,6635.0104,control_jul
2,6635.3107,control_jul
2,6635.611,control_jul
2,6635.9113,control_jul
2,6636.2116,control_jul
2,6636.512,control_jul
2,6636.8124,control_jul
2,6637.1126,control_jul
2,6637.413,control_jul
2,6637.7133,control_jul
0,6638.0136,control_jul
2,6638.314,control_jul
2,6638.6143,control_jul
2,6638.9145,control_jul
2,6639.215,control_jul
0,6639.5152,control_jul
2,6639.8155,control_jul
2,6640.1158,control_jul
2,6640.4162,control_jul
2,6640.7165,control_jul
2,6641.0169,control_jul
2,6641.3172,control_jul
2,6641.6175,control_jul
2,6641.9178,control_jul
2,6642.2181,control_jul
2,6642.5185,control_jul
2,6642.8188,control_jul
2,6643.1191,control_jul
2,6643.4194,control_jul
2,6643.7197,control_jul
2,6644.02,control_jul
2,6644.3204,control_jul
2,6644.6207,control_jul
2,6644.921,control_jul
2,6645.2213,control_jul
2,6645.5217,control_jul
2,6645.822,control_jul
2,6646.1223,control_jul
2,6646.4226,control_jul
2,6646.7229,control_jul
2,6647.0232,control_jul
2,6647.3236,control_jul
2,6647.6239,control_jul
2,6647.9242,control_jul
2,6648.2246,control_jul
2,6648.5249,control_jul
2,6648.8252,control_jul
2,6649.1255,control_jul
2,6649.4258,control_jul
2,6649.7262,control_jul
2,6650.0265,control_jul
2,6650.3268,control_jul
2,6650.6271,control_jul
2,6650.9275,control_jul
2,6651.2278,control_jul
2,6651.5281,control_jul
2,6651.8284,control_jul
2,6652.1287,control_jul
2,6652.429,control_jul
2,6652.7294,control_jul
2,6653.0297,control_jul
2,6653.33,control_jul
2,6653.6303,control_jul
2,6653.9306,control_jul
2,6654.231,control_jul
2,6654.5313,control_jul
2,6654.8316,control_jul
2,6655.132,control_jul
2,6655.4322,control_jul
2,6655.7326,control_jul
2,6656.0329,control_jul
2,6656.3332,control_jul
0,6656.6335,control_jul
1,6656.9339,control_jul
2,6657.2342,control_jul
2,6657.5345,control_jul
2,6657.8348,control_jul
2,6658.1352,control_jul
2,6658.4355,control_jul
2,6658.7358,control_jul
2,6659.0361,control_jul
2,6659.3364,control_jul
2,6659.6367,control_jul
2,6659.9371,control_jul
2,6660.2374,control_jul
2,6660.5377,control_jul
2,6660.838,control_jul
2,6661.1384,control_jul
2,6661.4387,control_jul
2,6661.739,control_jul
2,6662.0393,control_jul
0,6662.3397,control_jul
2,6662.64,control_jul
2,6662.9403,control_jul
0,6663.2406,control_jul
0,6663.5409,control_jul
2,6663.8412,control_jul
2,6664.1416,control_jul
0,6664.4419,control_jul
2,6664.7423,control_jul
2,6665.0426,control_jul
2,6665.3428,control_jul
0,6665.6432,control_jul
2,6665.9435,control_jul
0,6666.2438,control_jul
1,6666.5441,control_jul
1,6666.8445,control_jul
2,6667.1448,control_jul
2,6667.4451,control_jul
0,6667.7455,control_jul
0,6668.0458,control_jul
2,6668.3461,control_jul
2,6668.6464,control_jul
2,6668.9467,control_jul
2,6669.247,control_jul
2,6669.5474,control_jul
2,6669.8477,control_jul
2,6670.148,control_jul
2,6670.4483,control_jul
2,6670.7486,control_jul
2,6671.0489,control_jul
2,6671.3493,control_jul
2,6671.6497,control_jul
2,6671.95,control_jul
2,6672.2502,control_jul
2,6672.5506,control_jul
2,6672.8509,control_jul
2,6673.1512,control_jul
0,6673.4515,control_jul
2,6673.7518,control_jul
2,6674.0522,control_jul
2,6674.3525,control_jul
2,6674.6528,control_jul
2,6674.9531,control_jul
0,6675.2535,control_jul
2,6675.5538,control_jul
2,6675.8541,control_jul
2,6676.1545,control_jul
2,6676.4548,control_jul
2,6676.7551,control_jul
2,6677.0555,control_jul
2,6677.3557,control_jul
2,6677.656,control_jul
2,6677.9564,control_jul
2,6678.2567,control_jul
2,6678.557,control_jul
2,6678.8573,control_jul
2,6679.1577,control_jul
2,6679.458,control_jul
2,6679.7583,control_jul
2,6680.0587,control_jul
2,6680.3589,control_jul
2,6680.6593,control_jul
2,6680.9596,control_jul
2,6681.2599,control_jul
2,6681.5603,control_jul
2,6681.8605,control_jul
2,6682.1609,control_jul
2,6682.4612,control_jul
2,6682.7615,control_jul
2,6683.0619,control_jul
2,6683.3622,control_jul
2,6683.6625,control_jul
2,6683.9628,control_jul
2,6684.2632,control_jul
2,6684.5635,control_jul
2,6684.8638,control_jul
2,6685.1641,control_jul
2,6685.4644,control_jul
2,6685.7648,control_jul
2,6686.0651,control_jul
2,6686.3654,control_jul
2,6686.6657,control_jul
2,6686.966,control_jul
2,6687.2664,control_jul
2,6687.5667,control_jul
2,6687.867,control_jul
2,6688.1673,control_jul
2,6688.4676,control_jul
2,6688.7679,control_jul
2,6689.0683,control_jul
2,6689.3687,control_jul
2,6689.6689,control_jul
2,6689.9692,control_jul
2,6690.2696,control_jul
2,6690.5699,control_jul
2,6690.8702,control_jul
2,6691.1706,control_jul
0,6691.4709,control_jul
0,6691.7712,control_jul
2,6692.0716,control_jul
2,6692.3719,control_jul
2,6692.6722,control_jul
2,6692.9725,control_jul
2,6693.2728,control_jul
2,6693.5731,control_jul
2,6693.8735,control_jul
2,6694.1738,control_jul
2,6694.4741,control_jul
2,6694.7745,control_jul
2,6695.0748,control_jul
2,6695.3751,control_jul
2,6695.6755,control_jul
0,6695.9757,control_jul
2,6696.2761,control_jul
2,6696.5764,control_jul
2,6696.8767,control_jul
2,6697.177,control_jul
2,6697.4773,control_jul
2,6697.7777,control_jul
2,6698.078,control_jul
2,6698.3783,control_jul
2,6698.6787,control_jul
2,6698.9789,control_jul
2,6699.2793,control_jul
2,6699.5796,control_jul
2,6699.8799,control_jul
2,6700.1803,control_jul
2,6700.4806,control_jul
2,6700.7809,control_jul
2,6701.0812,control_jul
2,6701.3815,control_jul
2,6701.6819,control_jul
2,6701.9822,control_jul
2,6702.2825,control_jul
2,6702.5828,control_jul
2,6702.8832,control_jul
2,6703.1835,control_jul
0,6703.4838,control_jul
2,6703.7841,control_jul
2,6704.0845,control_jul
2,6704.3848,control_jul
2,6704.6851,control_jul
2,6704.9854,control_jul
2,6705.2857,control_jul
0,6705.5861,control_jul
2,6705.8864,control_jul
2,6706.1868,control_jul
2,6706.487,control_jul
0,6706.7874,control_jul
0,6707.0876,control_jul
2,6707.388,control_jul
2,6707.6883,control_jul
2,6707.9886,control_jul
2,6708.289,control_jul
2,6708.5892,control_jul
2,6708.8896,control_jul
2,6709.1899,control_jul
2,6709.4902,control_jul
2,6709.7905,control_jul
2,6710.0909,control_jul
2,6710.3912,control_jul
2,6710.6915,control_jul
2,6710.9918,control_jul
2,6711.2922,control_jul
2,6711.5925,control_jul
2,6711.8929,control_jul
2,6712.1931,control_jul
2,6712.4935,control_jul
2,6712.7939,control_jul
2,6713.0941,control_jul
2,6713.3945,control_jul
2,6713.6948,control_jul
2,6713.9951,control_jul
2,6714.2954,control_jul
0,6714.5957,control_jul
2,6714.896,control_jul
2,6715.1972,control_jul
2,6715.4967,control_jul
0,6715.797,control_jul
2,6716.0973,control_jul
2,6716.3976,control_jul
2,6716.698,control_jul
2,6716.9983,control_jul
2,6717.2986,control_jul
2,6717.5989,control_jul
2,6717.8992,control_jul
2,6718.1996,control_jul
2,6718.4999,control_jul
2,6718.8003,control_jul
2,6719.1005,control_jul
2,6719.4008,control_jul
2,6719.7012,control_jul
2,6720.0015,control_jul
2,6720.3019,control_jul
2,6720.6021,control_jul
2,6720.9025,control_jul
2,6721.2028,control_jul
2,6721.5031,control_jul
2,6721.8034,control_jul
2,6722.1037,control_jul
2,6722.4041,control_jul
2,6722.7044,control_jul
2,6723.0047,control_jul
2,6723.305,control_jul
2,6723.6054,control_jul
2,6723.9057,control_jul
2,6724.206,control_jul
2,6724.5063,control_jul
2,6724.8067,control_jul
2,6725.107,control_jul
2,6725.4073,control_jul
2,6725.7076,control_jul
2,6726.0079,control_jul
2,6726.3083,control_jul
2,6726.6086,control_jul
2,6726.9089,control_jul
2,6727.2092,control_jul
2,6727.5096,control_jul
2,6727.8098,control_jul
2,6728.1102,control_jul
2,6728.4105,control_jul
2,6728.7108,control_jul
2,6729.0112,control_jul
2,6729.3115,control_jul
2,6729.6118,control_jul
2,6729.9121,control_jul
2,6730.2124,control_jul
2,6730.5127,control_jul
2,6730.8175,control_jul
2,6731.1134,control_jul
2,6731.4137,control_jul
2,6731.7141,control_jul
2,6732.0438,control_jul
2,6732.3147,control_jul
2,6732.615,control_jul
2,6732.9153,control_jul
2,6733.2156,control_jul
2,6733.516,control_jul
2,6733.8163,control_jul
2,6734.1166,control_jul
2,6734.4169,control_jul
2,6734.7172,control_jul
2,6735.0219,control_jul
2,6735.3179,control_jul
2,6735.6182,control_jul
2,6735.9185,control_jul
2,6736.2188,control_jul
2,6736.5191,control_jul
2,6736.8195,control_jul
2,6737.1198,control_jul
2,6737.4201,control_jul
2,6737.7204,control_jul
2,6738.0208,control_jul
2,6738.3211,control_jul
2,6738.6214,control_jul
2,6738.9218,control_jul
2,6739.222,control_jul
2,6739.5224,control_jul
2,6739.8227,control_jul
2,6740.123,control_jul
2,6740.4234,control_jul
2,6740.7236,control_jul
2,6741.024,control_jul
2,6741.3243,control_jul
2,6741.6247,control_jul
2,6741.925,control_jul
2,6742.2253,control_jul
2,6742.5256,control_jul
2,6742.8259,control_jul
2,6743.1262,control_jul
0,6743.4265,control_jul
2,6743.7268,control_jul
2,6744.0271,control_jul
2,6744.3275,control_jul
2,6744.6278,control_jul
2,6744.9282,control_jul
2,6745.2285,control_jul
2,6745.5288,control_jul
2,6745.8291,control_jul
2,6746.1294,control_jul
2,6746.4297,control_jul
2,6746.7301,control_jul
2,6747.0304,control_jul
2,6747.3308,control_jul
2,6747.6311,control_jul
2,6747.9314,control_jul
2,6748.2316,control_jul
2,6748.532,control_jul
2,6748.8324,control_jul
2,6749.1327,control_jul
2,6749.433,control_jul
2,6749.7333,control_jul
2,6750.0336,control_jul
2,6750.3339,control_jul
2,6750.6343,control_jul
2,6750.9346,control_jul
2,6751.2349,control_jul
2,6751.5352,control_jul
2,6751.8355,control_jul
2,6752.1358,control_jul
2,6752.4362,control_jul
2,6752.7365,control_jul
2,6753.0368,control_jul
2,6753.3372,control_jul
2,6753.6375,control_jul
2,6753.9378,control_jul
2,6754.2381,control_jul
2,6754.5384,control_jul
2,6754.8388,control_jul
2,6755.1391,control_jul
2,6755.4394,control_jul
2,6755.7397,control_jul
2,6756.04,control_jul
2,6756.3404,control_jul
2,6756.6407,control_jul
2,6756.941,control_jul
2,6757.2414,control_jul
2,6757.5417,control_jul
2,6757.842,control_jul
2,6758.1423,control_jul
2,6758.4426,control_jul
2,6758.7429,control_jul
2,6759.0433,control_jul
2,6759.3436,control_jul
2,6759.6439,control_jul
2,6759.9442,control_jul
2,6760.2445,control_jul
2,6760.5449,control_jul
2,6760.8452,control_jul
2,6761.1455,control_jul
2,6761.4476,control_jul
2,6761.7461,control_jul
2,6762.0465,control_jul
2,6762.3468,control_jul
2,6762.6471,control_jul
2,6762.9475,control_jul
2,6763.2478,control_jul
2,6763.5481,control_jul
2,6763.8484,control_jul
2,6764.1688,control_jul
2,6764.4491,control_jul
2,6764.7493,control_jul
2,6765.0497,control_jul
2,6765.35,control_jul
2,6765.6503,control_jul
2,6765.9507,control_jul
2,6766.251,control_jul
2,6766.5513,control_jul
2,6766.8516,control_jul
2,6767.1519,control_jul
2,6767.4523,control_jul
2,6767.7525,control_jul
2,6768.0529,control_jul
2,6768.3532,control_jul
2,6768.6536,control_jul
2,6768.9539,control_jul
2,6769.2542,control_jul
2,6769.5545,control_jul
2,6769.8548,control_jul
2,6770.1552,control_jul
2,6770.4555,control_jul
2,6770.7558,control_jul
0,6771.0561,control_jul
2,6771.3565,control_jul
2,6771.6567,control_jul
2,6771.9571,control_jul
2,6772.2574,control_jul
2,6772.5577,control_jul
2,6772.858,control_jul
2,6773.1583,control_jul
2,6773.4587,control_jul
0,6773.759,control_jul
2,6774.0594,control_jul
2,6774.3596,control_jul
2,6774.66,control_jul
2,6774.9603,control_jul
0,6775.2606,control_jul
2,6775.561,control_jul
2,6775.8612,control_jul
2,6776.1615,control_jul
2,6776.4619,control_jul
2,6776.7622,control_jul
2,6777.0625,control_jul
2,6777.3628,control_jul
2,6777.6631,control_jul
2,6777.9635,control_jul
2,6778.2638,control_jul
2,6778.5642,control_jul
2,6778.8644,control_jul
2,6779.1648,control_jul
2,6779.4651,control_jul
2,6779.7655,control_jul
2,6780.0657,control_jul
2,6780.3661,control_jul
2,6780.6664,control_jul
2,6780.9667,control_jul
2,6781.267,control_jul
2,6781.5674,control_jul
2,6781.8677,control_jul
2,6782.168,control_jul
2,6782.4683,control_jul
2,6782.7686,control_jul
2,6783.069,control_jul
2,6783.3693,control_jul
2,6783.6696,control_jul
2,6783.97,control_jul
2,6784.2703,control_jul
2,6784.5706,control_jul
0,6784.8709,control_jul
2,6785.1712,control_jul
2,6785.4716,control_jul
2,6785.7719,control_jul
2,6786.0722,control_jul
2,6786.3725,control_jul
2,6786.6729,control_jul
2,6786.9776,control_jul
2,6787.2735,control_jul
2,6787.5738,control_jul
2,6787.8741,control_jul
2,6788.1744,control_jul
2,6788.4748,control_jul
2,6788.7751,control_jul
2,6789.0754,control_jul
2,6789.3757,control_jul
2,6789.676,control_jul
2,6789.9764,control_jul
0,6790.2767,control_jul
0,6790.577,control_jul
2,6790.8773,control_jul
2,6791.1776,control_jul
0,6791.478,control_jul
2,6791.7783,control_jul
2,6792.0786,control_jul
2,6792.3789,control_jul
2,6792.6792,control_jul
2,6792.9795,control_jul
2,6793.2799,control_jul
2,6793.5802,control_jul
2,6793.8805,control_jul
2,6794.1808,control_jul
2,6794.4812,control_jul
2,6794.7815,control_jul
2,6795.0818,control_jul
2,6795.3821,control_jul
2,6795.6824,control_jul
2,6795.9828,control_jul
2,6796.2831,control_jul
2,6796.5834,control_jul
2,6796.8837,control_jul
2,6797.1841,control_jul
2,6797.4844,control_jul
2,6797.7847,control_jul
2,6798.085,control_jul
2,6798.3853,control_jul
2,6798.6857,control_jul
2,6798.986,control_jul
2,6799.2863,control_jul
2,6799.5867,control_jul
2,6799.8869,control_jul
2,6800.1873,control_jul
2,6800.4876,control_jul
2,6800.7879,control_jul
2,6801.0883,control_jul
2,6801.3886,control_jul
2,6801.6889,control_jul
2,6801.9892,control_jul
2,6802.2895,control_jul
2,6802.5899,control_jul
2,6802.8902,control_jul
2,6803.1905,control_jul
2,6803.4908,control_jul
2,6803.7911,control_jul
2,6804.0915,control_jul
2,6804.3917,control_jul
2,6804.6921,control_jul
2,6804.9924,control_jul
2,6805.2927,control_jul
2,6805.593,control_jul
2,6805.8933,control_jul
2,6806.1937,control_jul
2,6806.494,control_jul
0,6806.7944,control_jul
0,6807.0947,control_jul
2,6807.395,control_jul
2,6807.6953,control_jul
2,6807.9956,control_jul
2,6808.2959,control_jul
2,6808.5962,control_jul
2,6808.8965,control_jul
2,6809.1969,control_jul
2,6809.4972,control_jul
2,6809.7976,control_jul
2,6810.0978,control_jul
2,6810.3982,control_jul
2,6810.6985,control_jul
2,6810.9988,control_jul
2,6811.2991,control_jul
2,6811.5995,control_jul
0,6811.8998,control_jul
2,6812.2001,control_jul
2,6812.5004,control_jul
2,6812.8008,control_jul
2,6813.1011,control_jul
2,6813.4013,control_jul
2,6813.7017,control_jul
2,6814.002,control_jul
2,6814.3023,control_jul
2,6814.6027,control_jul
2,6814.903,control_jul
2,6815.2033,control_jul
2,6815.5036,control_jul
2,6815.804,control_jul
2,6816.1043,control_jul
2,6816.4046,control_jul
2,6816.7049,control_jul
2,6817.0053,control_jul
2,6817.3055,control_jul
2,6817.6059,control_jul
2,6817.9062,control_jul
2,6818.2066,control_jul
2,6818.5069,control_jul
2,6818.8072,control_jul
2,6819.1075,control_jul
2,6819.4078,control_jul
2,6819.7082,control_jul
2,6820.0085,control_jul
2,6820.3088,control_jul
2,6820.6091,control_jul
2,6820.9094,control_jul
0,6821.2098,control_jul
2,6821.5101,control_jul
2,6821.8104,control_jul
2,6822.1108,control_jul
2,6822.4111,control_jul
2,6822.7114,control_jul
2,6823.0117,control_jul
2,6823.312,control_jul
2,6823.6124,control_jul
2,6823.9126,control_jul
2,6824.213,control_jul
2,6824.5133,control_jul
2,6824.8137,control_jul
2,6825.114,control_jul
2,6825.4143,control_jul
2,6825.7147,control_jul
2,6826.015,control_jul
2,6826.3152,control_jul
2,6826.6156,control_jul
2,6826.9159,control_jul
2,6827.2163,control_jul
2,6827.5166,control_jul
2,6827.8168,control_jul
2,6828.1172,control_jul
0,6828.4176,control_jul
2,6828.7179,control_jul
2,6829.0181,control_jul
2,6829.3185,control_jul
2,6829.6188,control_jul
2,6829.9191,control_jul
2,6830.2195,control_jul
2,6830.5198,control_jul
2,6830.8201,control_jul
2,6831.1205,control_jul
2,6831.4208,control_jul
2,6831.7211,control_jul
2,6832.0214,control_jul
2,6832.3217,control_jul
2,6832.622,control_jul
2,6832.9224,control_jul
2,6833.2227,control_jul
2,6833.523,control_jul
2,6833.8233,control_jul
2,6834.1236,control_jul
2,6834.424,control_jul
2,6834.7243,control_jul
2,6835.0246,control_jul
2,6835.3249,control_jul
2,6835.6253,control_jul
0,6835.9256,control_jul
2,6836.2259,control_jul
2,6836.5262,control_jul
2,6836.8266,control_jul
2,6837.1269,control_jul
2,6837.4272,control_jul
0,6837.7275,control_jul
2,6838.0278,control_jul
2,6838.3282,control_jul
2,6838.6285,control_jul
2,6838.9288,control_jul
2,6839.2292,control_jul
2,6839.5295,control_jul
2,6839.8299,control_jul
2,6840.13,control_jul
2,6840.4304,control_jul
2,6840.7307,control_jul
2,6841.031,control_jul
2,6841.3314,control_jul
2,6841.6317,control_jul
2,6841.9321,control_jul
2,6842.2324,control_jul
2,6842.5327,control_jul
2,6842.833,control_jul
2,6843.1333,control_jul
2,6843.4337,control_jul
2,6843.734,control_jul
2,6844.0343,control_jul
2,6844.3346,control_jul
2,6844.6393,control_jul
2,6844.9353,control_jul
2,6845.2356,control_jul
2,6845.5358,control_jul
2,6845.8362,control_jul
2,6846.1366,control_jul
2,6846.4369,control_jul
2,6846.7372,control_jul
2,6847.0375,control_jul
2,6847.3378,control_jul
2,6847.6382,control_jul
2,6847.9385,control_jul
0,6848.2388,control_jul
2,6848.5392,control_jul
2,6848.8395,control_jul
2,6849.1398,control_jul
2,6849.4401,control_jul
2,6849.7404,control_jul
2,6850.0408,control_jul
2,6850.3411,control_jul
2,6850.6413,control_jul
2,6850.9417,control_jul
2,6851.242,control_jul
2,6851.5423,control_jul
2,6851.8427,control_jul
2,6852.143,control_jul
2,6852.4433,control_jul
2,6852.7436,control_jul
2,6853.0439,control_jul
2,6853.3443,control_jul
2,6853.6446,control_jul
1,6853.9449,control_jul
2,6854.2452,control_jul
2,6854.5456,control_jul
2,6854.8459,control_jul
2,6855.1462,control_jul
2,6855.4466,control_jul
2,6855.7468,control_jul
2,6856.0471,control_jul
2,6856.3475,control_jul
2,6856.6478,control_jul
2,6856.9481,control_jul
2,6857.2484,control_jul
2,6857.5488,control_jul
2,6857.8491,control_jul
2,6858.1494,control_jul
2,6858.4497,control_jul
2,6858.75,control_jul
2,6859.0504,control_jul
2,6859.3507,control_jul
2,6859.651,control_jul
2,6859.9513,control_jul
2,6860.2516,control_jul
2,6860.552,control_jul
2,6860.8523,control_jul
2,6861.1526,control_jul
2,6861.453,control_jul
2,6861.7533,control_jul
2,6862.0536,control_jul
2,6862.3539,control_jul
2,6862.6542,control_jul
2,6862.9546,control_jul
2,6863.2548,control_jul
2,6863.5552,control_jul
2,6863.8555,control_jul
2,6864.1558,control_jul
2,6864.4562,control_jul
2,6864.7564,control_jul
2,6865.0568,control_jul
2,6865.3571,control_jul
2,6865.6574,control_jul
2,6865.9578,control_jul
2,6866.2581,control_jul
2,6866.5584,control_jul
2,6866.8587,control_jul
2,6867.159,control_jul
2,6867.4593,control_jul
2,6867.7596,control_jul
2,6868.06,control_jul
2,6868.3603,control_jul
2,6868.6605,control_jul
2,6868.9609,control_jul
2,6869.2612,control_jul
2,6869.5615,control_jul
2,6869.8619,control_jul
2,6870.1622,control_jul
2,6870.4626,control_jul
2,6870.7628,control_jul
2,6871.0631,control_jul
2,6871.3635,control_jul
2,6871.6638,control_jul
2,6871.9641,control_jul
2,6872.2644,control_jul
2,6872.5648,control_jul
2,6872.8651,control_jul
2,6873.1654,control_jul
2,6873.4657,control_jul
2,6873.766,control_jul
2,6874.0663,control_jul
2,6874.3666,control_jul
2,6874.667,control_jul
2,6874.9673,control_jul
2,6875.2676,control_jul
2,6875.568,control_jul
2,6875.8683,control_jul
2,6876.1686,control_jul
2,6876.4689,control_jul
2,6876.7692,control_jul
2,6877.0696,control_jul
2,6877.3699,control_jul
2,6877.6701,control_jul
2,6877.9705,control_jul
2,6878.2708,control_jul
2,6878.5712,control_jul
2,6878.8715,control_jul
2,6879.1717,control_jul
2,6879.4721,control_jul
2,6879.7724,control_jul
2,6880.0727,control_jul
0,6880.3731,control_jul
2,6880.6733,control_jul
2,6880.9737,control_jul
2,6881.274,control_jul
2,6881.5743,control_jul
2,6881.8747,control_jul
2,6882.1749,control_jul
2,6882.4753,control_jul
2,6882.7756,control_jul
2,6883.0759,control_jul
2,6883.3763,control_jul
2,6883.6766,control_jul
0,6883.9769,control_jul
2,6884.2773,control_jul
2,6884.5775,control_jul
2,6884.8779,control_jul
2,6885.1782,control_jul
2,6885.4785,control_jul
2,6885.7788,control_jul
2,6886.0792,control_jul
2,6886.3795,control_jul
2,6886.6798,control_jul
2,6886.9801,control_jul
2,6887.2804,control_jul
2,6887.5807,control_jul
2,6887.8811,control_jul
2,6888.1814,control_jul
2,6888.4817,control_jul
2,6888.782,control_jul
2,6889.0824,control_jul
2,6889.3827,control_jul
2,6889.683,control_jul
2,6889.9833,control_jul
2,6890.2837,control_jul
2,6890.584,control_jul
2,6890.8843,control_jul
2,6891.1846,control_jul
2,6891.4849,control_jul
2,6891.7853,control_jul
2,6892.0856,control_jul
2,6892.3859,control_jul
2,6892.6862,control_jul
2,6892.9865,control_jul
2,6893.2869,control_jul
2,6893.5872,control_jul
2,6893.8875,control_jul
2,6894.1879,control_jul
2,6894.4882,control_jul
2,6894.7885,control_jul
2,6895.0888,control_jul
2,6895.3891,control_jul
2,6895.6894,control_jul
2,6895.9898,control_jul
2,6896.29,control_jul
2,6896.5904,control_jul
2,6896.8907,control_jul
2,6897.191,control_jul
2,6897.4913,control_jul
2,6897.7917,control_jul
2,6898.092,control_jul
2,6898.3923,control_jul
0,6898.6926,control_jul
2,6898.993,control_jul
2,6899.2933,control_jul
2,6899.5936,control_jul
2,6899.894,control_jul
2,6900.1943,control_jul
2,6900.4946,control_jul
2,6900.7949,control_jul
2,6901.0952,control_jul
2,6901.3956,control_jul
2,6901.6959,control_jul
2,6901.9962,control_jul
0,6902.2965,control_jul
2,6902.5968,control_jul
2,6902.8972,control_jul
2,6903.1975,control_jul
2,6903.4978,control_jul
2,6903.7981,control_jul
2,6904.0984,control_jul
2,6904.3988,control_jul
2,6904.7013,control_jul
2,6904.9994,control_jul
2,6905.2997,control_jul
2,6905.6,control_jul
2,6905.9004,control_jul
2,6906.2007,control_jul
2,6906.501,control_jul
2,6906.8013,control_jul
2,6907.1017,control_jul
2,6907.402,control_jul
2,6907.7023,control_jul
2,6908.0027,control_jul
2,6908.3029,control_jul
2,6908.6033,control_jul
2,6908.9036,control_jul
2,6909.2039,control_jul
2,6909.5042,control_jul
2,6909.8045,control_jul
2,6910.1049,control_jul
2,6910.4052,control_jul
2,6910.7055,control_jul
2,6911.0059,control_jul
2,6911.3061,control_jul
2,6911.6065,control_jul
2,6911.9068,control_jul
2,6912.2071,control_jul
2,6912.5075,control_jul
2,6912.8077,control_jul
2,6913.1081,control_jul
2,6913.4084,control_jul
2,6913.7087,control_jul
2,6914.0091,control_jul
2,6914.3094,control_jul
2,6914.6097,control_jul
2,6914.91,control_jul
2,6915.2104,control_jul
2,6915.5107,control_jul
2,6915.811,control_jul
2,6916.1113,control_jul
0,6916.4116,control_jul
2,6916.7119,control_jul
2,6917.0123,control_jul
2,6917.3127,control_jul
2,6917.613,control_jul
2,6917.9132,control_jul
2,6918.2136,control_jul
2,6918.5139,control_jul
2,6918.8142,control_jul
2,6919.1145,control_jul
2,6919.4149,control_jul
2,6919.7152,control_jul
2,6920.0155,control_jul
2,6920.3158,control_jul
2,6920.6162,control_jul
0,6920.9164,control_jul
2,6921.2168,control_jul
2,6921.5172,control_jul
2,6921.8175,control_jul
2,6922.1178,control_jul
2,6922.4181,control_jul
2,6922.7184,control_jul
2,6923.0187,control_jul
2,6923.3191,control_jul
2,6923.6194,control_jul
2,6923.9197,control_jul
2,6924.22,control_jul
2,6924.5204,control_jul
2,6924.8207,control_jul
2,6925.121,control_jul
2,6925.4213,control_jul
2,6925.7217,control_jul
2,6926.022,control_jul
2,6926.3223,control_jul
2,6926.6226,control_jul
2,6926.9229,control_jul
2,6927.2233,control_jul
2,6927.5236,control_jul
2,6927.8239,control_jul
2,6928.1242,control_jul
2,6928.4246,control_jul
2,6928.7249,control_jul
2,6929.0252,control_jul
2,6929.3255,control_jul
2,6929.6259,control_jul
2,6929.9262,control_jul
2,6930.2265,control_jul
2,6930.5268,control_jul
2,6930.8272,control_jul
2,6931.1275,control_jul
2,6931.4278,control_jul
2,6931.7281,control_jul
2,6932.0284,control_jul
2,6932.3288,control_jul
2,6932.6291,control_jul
2,6932.9295,control_jul
2,6933.2298,control_jul
2,6933.53,control_jul
2,6933.8304,control_jul
2,6934.1307,control_jul
2,6934.4309,control_jul
2,6934.7313,control_jul
2,6935.0317,control_jul
0,6935.332,control_jul
2,6935.6324,control_jul
2,6935.9327,control_jul
2,6936.233,control_jul
2,6936.5332,control_jul
2,6936.8337,control_jul
2,6937.134,control_jul
2,6937.4342,control_jul
2,6937.7346,control_jul
2,6938.0349,control_jul
2,6938.3353,control_jul
2,6938.6356,control_jul
2,6938.9359,control_jul
2,6939.2362,control_jul
2,6939.5365,control_jul
2,6939.8368,control_jul
2,6940.1372,control_jul
2,6940.4375,control_jul
2,6940.7378,control_jul
2,6941.0381,control_jul
2,6941.3385,control_jul
2,6941.6388,control_jul
2,6941.9392,control_jul
2,6942.2395,control_jul
2,6942.5397,control_jul
2,6942.8401,control_jul
0,6943.1404,control_jul
2,6943.4408,control_jul
2,6943.7411,control_jul
2,6944.0413,control_jul
2,6944.3418,control_jul
2,6944.642,control_jul
2,6944.9424,control_jul
2,6945.2427,control_jul
2,6945.543,control_jul
2,6945.8434,control_jul
2,6946.1436,control_jul
2,6946.444,control_jul
2,6946.7443,control_jul
2,6947.0446,control_jul
2,6947.345,control_jul
2,6947.6453,control_jul
2,6947.9456,control_jul
2,6948.246,control_jul
2,6948.5462,control_jul
2,6948.8466,control_jul
2,6949.1469,control_jul
2,6949.4472,control_jul
2,6949.7476,control_jul
2,6950.0479,control_jul
2,6950.3482,control_jul
2,6950.6485,control_jul
2,6950.9488,control_jul
2,6951.2492,control_jul
2,6951.5495,control_jul
2,6951.8498,control_jul
2,6952.1501,control_jul
2,6952.4505,control_jul
2,6952.7508,control_jul
2,6953.0511,control_jul
2,6953.3514,control_jul
2,6953.6517,control_jul
2,6953.9521,control_jul
2,6954.2524,control_jul
2,6954.5528,control_jul
2,6954.8531,control_jul
2,6955.1534,control_jul
2,6955.4537,control_jul
2,6955.754,control_jul
2,6956.0544,control_jul
2,6956.3547,control_jul
2,6956.655,control_jul
2,6956.9553,control_jul
2,6957.2557,control_jul
2,6957.556,control_jul
2,6957.8564,control_jul
2,6958.1567,control_jul
2,6958.457,control_jul
2,6958.7573,control_jul
2,6959.0576,control_jul
2,6959.358,control_jul
2,6959.6582,control_jul
2,6959.9586,control_jul
2,6960.2589,control_jul
2,6960.5592,control_jul
2,6960.8596,control_jul
2,6961.1599,control_jul
2,6961.4602,control_jul
2,6961.7605,control_jul
2,6962.0609,control_jul
2,6962.3612,control_jul
2,6962.6615,control_jul
2,6962.9618,control_jul
2,6963.2621,control_jul
2,6963.5624,control_jul
2,6963.8628,control_jul
2,6964.1631,control_jul
2,6964.4634,control_jul
2,6964.7637,control_jul
2,6965.0641,control_jul
0,6965.3644,control_jul
2,6965.6648,control_jul
2,6965.9651,control_jul
2,6966.2654,control_jul
2,6966.5657,control_jul
2,6966.866,control_jul
2,6967.1664,control_jul
2,6967.4667,control_jul
2,6967.767,control_jul
2,6968.0673,control_jul
2,6968.3676,control_jul
2,6968.6689,control_jul
2,6968.9683,control_jul
2,6969.2687,control_jul
2,6969.569,control_jul
2,6969.8693,control_jul
2,6970.1696,control_jul
2,6970.4699,control_jul
2,6970.7702,control_jul
2,6971.0706,control_jul
2,6971.3709,control_jul
2,6971.6712,control_jul
2,6971.9716,control_jul
2,6972.2719,control_jul
2,6972.5722,control_jul
2,6972.8726,control_jul
2,6973.1729,control_jul
2,6973.4732,control_jul
2,6973.7735,control_jul
2,6974.0738,control_jul
2,6974.3742,control_jul
2,6974.6745,control_jul
2,6974.9748,control_jul
2,6975.2752,control_jul
2,6975.5754,control_jul
2,6975.8758,control_jul
2,6976.1762,control_jul
2,6976.4765,control_jul
2,6976.7768,control_jul
2,6977.0771,control_jul
2,6977.3774,control_jul
2,6977.6778,control_jul
2,6977.9781,control_jul
2,6978.2784,control_jul
2,6978.5788,control_jul
2,6978.8791,control_jul
2,6979.1794,control_jul
2,6979.4798,control_jul
2,6979.7801,control_jul
2,6980.0804,control_jul
2,6980.3807,control_jul
2,6980.681,control_jul
2,6980.9813,control_jul
2,6981.2817,control_jul
2,6981.582,control_jul
2,6981.8824,control_jul
2,6982.1827,control_jul
2,6982.483,control_jul
2,6982.7833,control_jul
0,6983.0836,control_jul
2,6983.3839,control_jul
2,6983.6843,control_jul
2,6983.9846,control_jul
2,6984.2849,control_jul
2,6984.5852,control_jul
2,6984.8856,control_jul
2,6985.1859,control_jul
2,6985.4862,control_jul
2,6985.7865,control_jul
2,6986.0869,control_jul
2,6986.3872,control_jul
2,6986.6876,control_jul
2,6986.9879,control_jul
2,6987.2882,control_jul
2,6987.5885,control_jul
2,6987.8888,control_jul
2,6988.1892,control_jul
2,6988.4895,control_jul
0,6988.7898,control_jul
2,6989.0901,control_jul
2,6989.3905,control_jul
2,6989.6908,control_jul
2,6989.9911,control_jul
2,6990.2914,control_jul
2,6990.5918,control_jul
2,6990.8921,control_jul
2,6991.1924,control_jul
2,6991.4927,control_jul
2,6991.7931,control_jul
2,6992.0934,control_jul
2,6992.3937,control_jul
2,6992.694,control_jul
2,6992.9944,control_jul
2,6993.2947,control_jul
2,6993.595,control_jul
2,6993.8953,control_jul
2,6994.1957,control_jul
2,6994.496,control_jul
2,6994.7963,control_jul
2,6995.0967,control_jul
2,6995.3969,control_jul
2,6995.6973,control_jul
2,6995.9976,control_jul
2,6996.298,control_jul
2,6996.5983,control_jul
2,6996.8986,control_jul
0,6997.1989,control_jul
2,6997.4992,control_jul
2,6997.7996,control_jul
2,6998.0999,control_jul
2,6998.4003,control_jul
2,6998.7005,control_jul
2,6999.0009,control_jul
2,6999.3012,control_jul
2,6999.6016,control_jul
2,6999.9018,control_jul
2,7000.2022,control_jul
2,7000.5025,control_jul
2,7000.8028,control_jul
2,7001.1031,control_jul
2,7001.4035,control_jul
2,7001.7038,control_jul
2,7002.005,control_jul
2,7002.3045,control_jul
2,7002.6048,control_jul
2,7002.9051,control_jul
2,7003.2054,control_jul
2,7003.5058,control_jul
2,7003.8061,control_jul
2,7004.1065,control_jul
2,7004.4068,control_jul
2,7004.7071,control_jul
2,7005.0074,control_jul
2,7005.3077,control_jul
2,7005.6081,control_jul
2,7005.9084,control_jul
2,7006.2087,control_jul
2,7006.5091,control_jul
2,7006.8094,control_jul
2,7007.1097,control_jul
2,7007.4101,control_jul
2,7007.7104,control_jul
2,7008.0107,control_jul
2,7008.311,control_jul
2,7008.6114,control_jul
2,7008.9117,control_jul
2,7009.212,control_jul
2,7009.5123,control_jul
2,7009.8127,control_jul
2,7010.113,control_jul
2,7010.4133,control_jul
2,7010.7137,control_jul
2,7011.014,control_jul
2,7011.3143,control_jul
2,7011.6146,control_jul
2,7011.9149,control_jul
2,7012.2153,control_jul
2,7012.5156,control_jul
2,7012.816,control_jul
2,7013.1163,control_jul
2,7013.4166,control_jul
2,7013.7169,control_jul
2,7014.0172,control_jul
2,7014.3176,control_jul
2,7014.6179,control_jul
2,7014.9182,control_jul
2,7015.2185,control_jul
2,7015.5188,control_jul
2,7015.8192,control_jul
2,7016.1196,control_jul
2,7016.4199,control_jul
2,7016.7202,control_jul
2,7017.0205,control_jul
2,7017.3208,control_jul
2,7017.6212,control_jul
2,7017.9215,control_jul
0,7018.2218,control_jul
2,7018.5221,control_jul
2,7018.8225,control_jul
2,7019.1228,control_jul
2,7019.4231,control_jul
2,7019.7235,control_jul
2,7020.0238,control_jul
2,7020.3241,control_jul
2,7020.6244,control_jul
0,7020.9248,control_jul
2,7021.2252,control_jul
2,7021.5254,control_jul
2,7021.8258,control_jul
2,7022.1261,control_jul
2,7022.4264,control_jul
2,7022.7267,control_jul
2,7023.0271,control_jul
2,7023.3274,control_jul
2,7023.6277,control_jul
2,7023.928,control_jul
2,7024.2284,control_jul
2,7024.5287,control_jul
2,7024.8291,control_jul
2,7025.1294,control_jul
2,7025.4297,control_jul
2,7025.73,control_jul
2,7026.0304,control_jul
2,7026.3307,control_jul
2,7026.631,control_jul
2,7026.9314,control_jul
0,7027.2317,control_jul
2,7027.532,control_jul
2,7027.8323,control_jul
2,7028.1326,control_jul
2,7028.433,control_jul
2,7028.7333,control_jul
2,7029.0336,control_jul
2,7029.334,control_jul
2,7029.6343,control_jul
2,7029.9346,control_jul
2,7030.2349,control_jul
2,7030.5352,control_jul
2,7030.8356,control_jul
2,7031.1359,control_jul
2,7031.4363,control_jul
2,7031.7365,control_jul
2,7032.0369,control_jul
2,7032.3372,control_jul
2,7032.6376,control_jul
2,7032.9379,control_jul
2,7033.2382,control_jul
2,7033.5385,control_jul
2,7033.8388,control_jul
2,7034.1392,control_jul
2,7034.4395,control_jul
2,7034.7398,control_jul
2,7035.0402,control_jul
2,7035.3405,control_jul
2,7035.6408,control_jul
2,7035.9412,control_jul
2,7036.2415,control_jul
2,7036.5418,control_jul
2,7036.8421,control_jul
2,7037.1424,control_jul
2,7037.4428,control_jul
2,7037.7431,control_jul
2,7038.0434,control_jul
2,7038.3437,control_jul
2,7038.644,control_jul
0,7038.9444,control_jul
2,7039.2447,control_jul
2,7039.5451,control_jul
2,7039.8454,control_jul
2,7040.1457,control_jul
2,7040.446,control_jul
2,7040.7464,control_jul
2,7041.0467,control_jul
2,7041.3469,control_jul
0,7041.6473,control_jul
2,7041.9476,control_jul
2,7042.248,control_jul
2,7042.5483,control_jul
2,7042.8486,control_jul
2,7043.1489,control_jul
2,7043.4493,control_jul
2,7043.7496,control_jul
2,7044.05,control_jul
2,7044.3503,control_jul
2,7044.6506,control_jul
2,7044.9509,control_jul
0,7045.2513,control_jul
2,7045.5516,control_jul
2,7045.8519,control_jul
2,7046.1522,control_jul
2,7046.4526,control_jul
2,7046.7529,control_jul
2,7047.0532,control_jul
2,7047.3535,control_jul
2,7047.6539,control_jul
2,7047.9542,control_jul
0,7048.2545,control_jul
2,7048.5548,control_jul
2,7048.8552,control_jul
2,7049.1555,control_jul
2,7049.4558,control_jul
2,7049.7562,control_jul
2,7050.0565,control_jul
2,7050.3568,control_jul
2,7050.6571,control_jul
2,7050.9575,control_jul
2,7051.2578,control_jul
2,7051.5581,control_jul
2,7051.8585,control_jul
2,7052.1588,control_jul
2,7052.4591,control_jul
2,7052.7594,control_jul
2,7053.0597,control_jul
2,7053.3601,control_jul
2,7053.6604,control_jul
2,7053.9608,control_jul
2,7054.2611,control_jul
2,7054.5614,control_jul
2,7054.8617,control_jul
2,7055.1621,control_jul
2,7055.4624,control_jul
2,7055.7627,control_jul
2,7056.063,control_jul
2,7056.3634,control_jul
2,7056.6637,control_jul
2,7056.964,control_jul
2,7057.2643,control_jul
2,7057.5647,control_jul
0,7057.865,control_jul
2,7058.1653,control_jul
2,7058.4657,control_jul
2,7058.766,control_jul
2,7059.0663,control_jul
2,7059.3667,control_jul
2,7059.6669,control_jul
2,7059.9673,control_jul
2,7060.2676,control_jul
2,7060.5679,control_jul
2,7060.8682,control_jul
2,7061.1686,control_jul
2,7061.4689,control_jul
2,7061.7692,control_jul
2,7062.0696,control_jul
2,7062.3698,control_jul
2,7062.6702,control_jul
2,7062.9705,control_jul
2,7063.2708,control_jul
2,7063.5712,control_jul
2,7063.8715,control_jul
2,7064.1719,control_jul
2,7064.4722,control_jul
2,7064.7725,control_jul
2,7065.0728,control_jul
2,7065.3732,control_jul
2,7065.6735,control_jul
2,7065.9738,control_jul
2,7066.2741,control_jul
2,7066.5745,control_jul
2,7066.8748,control_jul
2,7067.1751,control_jul
2,7067.4755,control_jul
2,7067.7757,control_jul
2,7068.0761,control_jul
0,7068.3764,control_jul
2,7068.6768,control_jul
2,7068.9771,control_jul
2,7069.2774,control_jul
2,7069.5777,control_jul
2,7069.878,control_jul
0,7070.1784,control_jul
2,7070.4787,control_jul
2,7070.779,control_jul
2,7071.0794,control_jul
2,7071.3796,control_jul
2,7071.6801,control_jul
2,7071.9804,control_jul
2,7072.2807,control_jul
2,7072.581,control_jul
2,7072.8813,control_jul
2,7073.1817,control_jul
0,7073.482,control_jul
2,7073.7823,control_jul
2,7074.0827,control_jul
2,7074.3829,control_jul
2,7074.6833,control_jul
2,7074.9836,control_jul
2,7075.284,control_jul
2,7075.5843,control_jul
2,7075.8846,control_jul
2,7076.1849,control_jul
2,7076.4852,control_jul
2,7076.7856,control_jul
2,7077.0859,control_jul
2,7077.3862,control_jul
2,7077.6866,control_jul
2,7077.9868,control_jul
2,7078.2872,control_jul
2,7078.5875,control_jul
2,7078.8879,control_jul
2,7079.1882,control_jul
2,7079.4885,control_jul
2,7079.7889,control_jul
0,7080.0891,control_jul
2,7080.3895,control_jul
2,7080.6899,control_jul
2,7080.9901,control_jul
2,7081.2905,control_jul
2,7081.5908,control_jul
0,7081.8911,control_jul
2,7082.1914,control_jul
2,7082.4918,control_jul
2,7082.7921,control_jul
2,7083.0924,control_jul
2,7083.3927,control_jul
2,7083.6931,control_jul
2,7083.9934,control_jul
2,7084.2937,control_jul
2,7084.5941,control_jul
2,7084.8944,control_jul
2,7085.1947,control_jul
2,7085.4951,control_jul
2,7085.7954,control_jul
2,7086.0957,control_jul
2,7086.396,control_jul
2,7086.6964,control_jul
2,7086.9967,control_jul
0,7087.297,control_jul
2,7087.5973,control_jul
2,7087.8977,control_jul
2,7088.198,control_jul
2,7088.4983,control_jul
2,7088.7987,control_jul
1,7089.099,control_jul
1,7089.3993,control_jul
2,7089.6996,control_jul
1,7089.9999,control_jul
1,7090.3003,control_jul
1,7090.6006,control_jul
0,7090.9009,control_jul
2,7091.2012,control_jul
2,7091.5016,control_jul
2,7091.8019,control_jul
0,7092.1022,control_jul
2,7092.4026,control_jul
2,7092.7028,control_jul
2,7093.0032,control_jul
2,7093.3036,control_jul
2,7093.6039,control_jul
2,7093.9042,control_jul
2,7094.2045,control_jul
2,7094.5048,control_jul
2,7094.8051,control_jul
2,7095.1055,control_jul
2,7095.4058,control_jul
2,7095.7062,control_jul
2,7096.0064,control_jul
2,7096.3068,control_jul
2,7096.6071,control_jul
2,7096.9075,control_jul
2,7097.2078,control_jul
2,7097.5081,control_jul
2,7097.8084,control_jul
2,7098.1087,control_jul
0,7098.4091,control_jul
2,7098.7094,control_jul
2,7099.0097,control_jul
2,7099.31,control_jul
2,7099.6103,control_jul
2,7099.9107,control_jul
2,7100.2111,control_jul
2,7100.5114,control_jul
2,7100.8117,control_jul
2,7101.112,control_jul
0,7101.4123,control_jul
2,7101.7126,control_jul
2,7102.013,control_jul
2,7102.3133,control_jul
2,7102.6137,control_jul
2,7102.914,control_jul
2,7103.2143,control_jul
2,7103.5146,control_jul
2,7103.815,control_jul
2,7104.1153,control_jul
2,7104.4156,control_jul
2,7104.7159,control_jul
2,7105.0163,control_jul
2,7105.3165,control_jul
2,7105.6169,control_jul
2,7105.9172,control_jul
2,7106.2175,control_jul
2,7106.5179,control_jul
2,7106.8182,control_jul
2,7107.1185,control_jul
2,7107.4188,control_jul
2,7107.7192,control_jul
2,7108.0195,control_jul
2,7108.3199,control_jul
2,7108.6202,control_jul
0,7108.9205,control_jul
2,7109.2209,control_jul
0,7109.5212,control_jul
2,7109.8215,control_jul
2,7110.1218,control_jul
2,7110.4221,control_jul
2,7110.7225,control_jul
2,7111.0228,control_jul
2,7111.3231,control_jul
2,7111.6234,control_jul
2,7111.9237,control_jul
2,7112.2241,control_jul
2,7112.5244,control_jul
2,7112.8247,control_jul
2,7113.125,control_jul
2,7113.4254,control_jul
2,7113.7258,control_jul
2,7114.026,control_jul
2,7114.3264,control_jul
2,7114.6267,control_jul
2,7114.9271,control_jul
2,7115.2274,control_jul
2,7115.5276,control_jul
2,7115.828,control_jul
2,7116.1284,control_jul
2,7116.4287,control_jul
2,7116.729,control_jul
2,7117.0293,control_jul
2,7117.3297,control_jul
2,7117.63,control_jul
2,7117.9303,control_jul
2,7118.2307,control_jul
2,7118.531,control_jul
2,7118.8313,control_jul
2,7119.1316,control_jul
2,7119.4319,control_jul
2,7119.7323,control_jul
2,7120.0326,control_jul
2,7120.3329,control_jul
0,7120.6332,control_jul
2,7120.9336,control_jul
2,7121.234,control_jul
2,7121.5343,control_jul
2,7121.8346,control_jul
2,7122.1349,control_jul
2,7122.4353,control_jul
2,7122.7356,control_jul
2,7123.0359,control_jul
2,7123.3362,control_jul
2,7123.6366,control_jul
2,7123.9369,control_jul
2,7124.2372,control_jul
2,7124.5375,control_jul
2,7125.1382,control_jul
2,7125.4385,control_jul
2,7125.7388,control_jul
2,7126.0392,control_jul
2,7126.3395,control_jul
2,7126.6398,control_jul
2,7126.9402,control_jul
2,7127.2404,control_jul
2,7127.5408,control_jul
2,7127.8411,control_jul
2,7128.1415,control_jul
2,7128.4418,control_jul
0,7128.7421,control_jul
2,7129.0424,control_jul
2,7129.3428,control_jul
2,7129.6431,control_jul
2,7129.9435,control_jul
2,7130.2437,control_jul
2,7130.5441,control_jul
2,7130.8444,control_jul
2,7131.1447,control_jul
2,7131.4451,control_jul
2,7131.7454,control_jul
2,7132.0457,control_jul
2,7132.346,control_jul
2,7132.6464,control_jul
2,7132.9467,control_jul
2,7133.247,control_jul
2,7133.5474,control_jul
2,7133.8477,control_jul
2,7134.148,control_jul
2,7134.4483,control_jul
2,7134.7487,control_jul
2,7135.049,control_jul
2,7135.3493,control_jul
2,7135.6496,control_jul
2,7135.95,control_jul
2,7136.2504,control_jul
2,7136.5506,control_jul
2,7136.851,control_jul
2,7137.1512,control_jul
2,7137.4516,control_jul
2,7137.7519,control_jul
2,7138.0522,control_jul
2,7138.3525,control_jul
2,7138.6529,control_jul
2,7138.9532,control_jul
2,7139.2535,control_jul
2,7139.5538,control_jul
2,7139.8542,control_jul
0,7140.1545,control_jul
2,7140.4548,control_jul
2,7140.7552,control_jul
2,7141.0555,control_jul
2,7141.3558,control_jul
2,7141.6562,control_jul
2,7141.9565,control_jul
2,7142.2568,control_jul
2,7142.5572,control_jul
2,7142.8575,control_jul
2,7143.1578,control_jul
2,7143.4581,control_jul
2,7143.7585,control_jul
2,7144.0588,control_jul
0,7144.3591,control_jul
2,7144.6594,control_jul
2,7144.9598,control_jul
2,7145.2601,control_jul
2,7145.5604,control_jul
2,7145.8607,control_jul
2,7146.1611,control_jul
2,7146.4614,control_jul
2,7146.7617,control_jul
2,7147.062,control_jul
2,7147.3624,control_jul
2,7147.6627,control_jul
2,7147.963,control_jul
2,7148.2634,control_jul
2,7148.5636,control_jul
2,7148.864,control_jul
2,7149.1643,control_jul
2,7149.4646,control_jul
2,7149.765,control_jul
2,7150.0652,control_jul
2,7150.3656,control_jul
0,7150.666,control_jul
2,7150.9663,control_jul
2,7151.2666,control_jul
2,7151.567,control_jul
2,7151.8673,control_jul
2,7152.1676,control_jul
2,7152.4679,control_jul
2,7152.7683,control_jul
2,7153.0685,control_jul
2,7153.3689,control_jul
2,7153.6692,control_jul
2,7153.9696,control_jul
2,7154.2699,control_jul
2,7154.5702,control_jul
2,7154.8705,control_jul
2,7155.1708,control_jul
2,7155.4712,control_jul
2,7155.7715,control_jul
2,7156.0719,control_jul
2,7156.3722,control_jul
2,7156.6725,control_jul
2,7156.9728,control_jul
2,7157.2732,control_jul
2,7157.5735,control_jul
2,7157.8738,control_jul
2,7158.1741,control_jul
2,7158.4745,control_jul
2,7158.7748,control_jul
2,7159.0751,control_jul
2,7159.3754,control_jul
2,7159.6757,control_jul
2,7159.9761,control_jul
2,7160.2764,control_jul
2,7160.5767,control_jul
2,7160.8771,control_jul
2,7161.1774,control_jul
2,7161.4777,control_jul
2,7161.7781,control_jul
2,7162.0784,control_jul
2,7162.3788,control_jul
2,7162.6791,control_jul
2,7162.9793,control_jul
2,7163.2797,control_jul
2,7163.58,control_jul
2,7163.8804,control_jul
2,7164.1807,control_jul
2,7164.481,control_jul
2,7164.7813,control_jul
2,7165.0816,control_jul
2,7165.382,control_jul
2,7165.6823,control_jul
2,7165.9826,control_jul
2,7166.283,control_jul
2,7166.5833,control_jul
2,7166.8836,control_jul
2,7167.184,control_jul
0,7167.4843,control_jul
2,7167.7846,control_jul
2,7168.085,control_jul
2,7168.3852,control_jul
2,7168.6856,control_jul
2,7168.9859,control_jul
2,7169.2862,control_jul
2,7169.5866,control_jul
2,7169.8869,control_jul
2,7170.1872,control_jul
2,7170.4875,control_jul
2,7170.7879,control_jul
2,7171.0882,control_jul
2,7171.3885,control_jul
2,7171.6889,control_jul
2,7171.9892,control_jul
2,7172.2895,control_jul
2,7172.5898,control_jul
2,7172.8901,control_jul
2,7173.1905,control_jul
2,7173.4908,control_jul
2,7173.7912,control_jul
2,7174.0914,control_jul
2,7174.3918,control_jul
0,7174.6921,control_jul
2,7174.9924,control_jul
2,7175.2928,control_jul
2,7175.5931,control_jul
2,7175.8934,control_jul
2,7176.1937,control_jul
2,7176.4941,control_jul
2,7176.7944,control_jul
2,7177.0947,control_jul
2,7177.3951,control_jul
2,7177.6953,control_jul
2,7177.9956,control_jul
2,7178.296,control_jul
2,7178.5964,control_jul
2,7178.8967,control_jul
2,7179.197,control_jul
2,7179.4973,control_jul
2,7179.7977,control_jul
2,7180.098,control_jul
2,7180.3983,control_jul
2,7180.6986,control_jul
2,7180.999,control_jul
2,7181.2993,control_jul
2,7181.5996,control_jul
2,7181.8999,control_jul
2,7182.2003,control_jul
2,7182.5005,control_jul
2,7182.801,control_jul
2,7183.1012,control_jul
2,7183.4016,control_jul
2,7183.7019,control_jul
2,7184.0022,control_jul
2,7184.3025,control_jul
2,7184.6028,control_jul
2,7184.9032,control_jul
2,7185.2036,control_jul
2,7185.5038,control_jul
2,7185.8042,control_jul
2,7186.1045,control_jul
2,7186.4048,control_jul
2,7186.7052,control_jul
2,7187.0055,control_jul
2,7187.3058,control_jul
2,7187.6061,control_jul
2,7187.9065,control_jul
2,7188.2068,control_jul
2,7188.5071,control_jul
2,7188.8074,control_jul
2,7189.1077,control_jul
2,7189.4081,control_jul
2,7189.7084,control_jul
2,7190.0087,control_jul
2,7190.3091,control_jul
2,7190.6094,control_jul
2,7190.9097,control_jul
2,7191.21,control_jul
2,7191.5104,control_jul
2,7191.8107,control_jul
2,7192.111,control_jul
2,7192.4113,control_jul
2,7192.7116,control_jul
2,7193.012,control_jul
2,7193.3124,control_jul
2,7193.6127,control_jul
2,7193.913,control_jul
0,7194.2133,control_jul
2,7194.5136,control_jul
2,7194.8139,control_jul
2,7195.1142,control_jul
2,7195.4146,control_jul
2,7195.7149,control_jul
2,7196.0152,control_jul
2,7196.3156,control_jul
2,7196.6159,control_jul
2,7196.9162,control_jul
2,7197.2166,control_jul
2,7197.5169,control_jul
2,7197.8172,control_jul
2,7198.1175,control_jul
2,7198.4179,control_jul
2,7198.7182,control_jul
2,7199.0185,control_jul
2,7199.3188,control_jul
2,7199.6191,control_jul
2,7199.9195,control_jul
0,7200.2198,control_jul
0,7200.5201,control_jul
2,7200.8204,control_jul
2,7201.1207,control_jul
0,7201.4211,control_jul
2,7201.7214,control_jul
2,7202.0218,control_jul
2,7202.3221,control_jul
2,7202.6224,control_jul
2,7202.9227,control_jul
2,7203.223,control_jul
2,7203.5233,control_jul
2,7203.8236,control_jul
2,7204.124,control_jul
2,7204.4244,control_jul
2,7204.7247,control_jul
2,7205.025,control_jul
2,7205.3253,control_jul
2,7205.6257,control_jul
2,7205.926,control_jul
2,7206.2263,control_jul
2,7206.5266,control_jul
2,7206.8269,control_jul
2,7207.1272,control_jul
2,7207.4276,control_jul
2,7207.728,control_jul
2,7208.0282,control_jul
2,7208.3285,control_jul
2,7208.6288,control_jul
2,7208.9292,control_jul
2,7209.2295,control_jul
2,7209.5299,control_jul
2,7209.8301,control_jul
2,7210.1305,control_jul
2,7210.4308,control_jul
2,7210.7311,control_jul
0,7211.0315,control_jul
2,7211.3317,control_jul
2,7211.6321,control_jul
2,7211.9324,control_jul
2,7212.2328,control_jul
2,7212.5331,control_jul
2,7212.8333,control_jul
2,7213.1337,control_jul
2,7213.434,control_jul
2,7213.7343,control_jul
2,7214.0346,control_jul
2,7214.335,control_jul
2,7214.6353,control_jul
2,7214.9356,control_jul
2,7215.2359,control_jul
2,7215.5363,control_jul
2,7215.8366,control_jul
2,7216.1369,control_jul
2,7216.4373,control_jul
2,7216.7376,control_jul
2,7217.038,control_jul
2,7217.3382,control_jul
2,7217.6386,control_jul
2,7217.9388,control_jul
2,7218.2393,control_jul
2,7218.5395,control_jul
2,7218.8399,control_jul
2,7219.1402,control_jul
2,7219.4405,control_jul
2,7219.7408,control_jul
2,7220.0412,control_jul
2,7220.3415,control_jul
2,7220.6418,control_jul
2,7220.9421,control_jul
2,7221.2425,control_jul
2,7221.5428,control_jul
2,7221.843,control_jul
2,7222.1434,control_jul
