ClusterIdx,Timestamp,Folder_Name
15,22.5039,control_jul
178,22.8043,control_jul
120,23.1045,control_jul
177,23.4049,control_jul
10,23.7052,control_jul
10,24.0054,control_jul
19,24.3057,control_jul
35,24.606,control_jul
206,24.9063,control_jul
87,25.2066,control_jul
209,25.5069,control_jul
100,25.8073,control_jul
131,26.1075,control_jul
182,26.4078,control_jul
36,26.7081,control_jul
32,27.0084,control_jul
175,27.3087,control_jul
193,27.609,control_jul
185,27.9093,control_jul
183,28.2096,control_jul
30,28.5099,control_jul
53,28.8102,control_jul
51,29.1105,control_jul
79,29.4108,control_jul
92,29.7111,control_jul
144,30.0114,control_jul
44,30.3117,control_jul
19,30.6121,control_jul
125,30.9124,control_jul
142,31.2126,control_jul
161,31.5129,control_jul
31,31.8132,control_jul
54,32.1136,control_jul
143,32.4139,control_jul
99,32.7142,control_jul
39,33.0144,control_jul
20,33.3148,control_jul
125,33.6151,control_jul
31,33.9154,control_jul
142,34.2157,control_jul
4,34.516,control_jul
174,34.8163,control_jul
176,35.1166,control_jul
101,35.4169,control_jul
176,35.7172,control_jul
88,36.0175,control_jul
61,36.3178,control_jul
88,36.6181,control_jul
88,36.9184,control_jul
88,37.2187,control_jul
88,37.519,control_jul
43,37.8193,control_jul
1,38.1196,control_jul
125,38.4199,control_jul
99,38.7202,control_jul
31,39.0205,control_jul
142,39.3208,control_jul
86,39.6212,control_jul
64,39.9214,control_jul
1,40.2218,control_jul
142,40.5221,control_jul
5,40.8224,control_jul
2,41.1227,control_jul
143,41.423,control_jul
110,41.7233,control_jul
176,42.0236,control_jul
88,42.3239,control_jul
61,42.6242,control_jul
16,42.9245,control_jul
101,43.2248,control_jul
10,43.5251,control_jul
101,43.8254,control_jul
61,44.1257,control_jul
131,44.426,control_jul
117,44.7263,control_jul
58,45.0267,control_jul
113,45.3269,control_jul
206,45.6272,control_jul
144,45.9276,control_jul
60,46.2279,control_jul
3,46.5282,control_jul
17,46.8285,control_jul
75,47.1289,control_jul
31,47.4291,control_jul
155,47.7294,control_jul
64,48.0297,control_jul
31,48.33,control_jul
19,48.6303,control_jul
1,48.9307,control_jul
7,49.2309,control_jul
75,49.5312,control_jul
1,49.8316,control_jul
64,50.1318,control_jul
161,50.4321,control_jul
73,50.7325,control_jul
79,51.0328,control_jul
89,51.3331,control_jul
89,51.6334,control_jul
155,51.9337,control_jul
89,52.234,control_jul
155,52.5343,control_jul
1,52.8346,control_jul
64,53.1349,control_jul
53,53.4352,control_jul
98,53.7356,control_jul
176,54.0359,control_jul
165,54.3362,control_jul
165,54.6365,control_jul
185,54.9368,control_jul
3,55.2371,control_jul
158,55.5374,control_jul
182,55.8377,control_jul
58,56.138,control_jul
183,56.4383,control_jul
118,56.7386,control_jul
48,57.039,control_jul
33,57.3393,control_jul
110,57.6396,control_jul
174,57.9399,control_jul
84,58.2402,control_jul
110,58.5405,control_jul
86,58.8408,control_jul
3,59.1412,control_jul
16,59.4414,control_jul
30,59.7418,control_jul
176,60.042,control_jul
50,60.3424,control_jul
115,60.6427,control_jul
115,60.943,control_jul
174,61.2433,control_jul
88,61.5436,control_jul
88,61.8439,control_jul
115,62.1443,control_jul
174,62.4445,control_jul
115,62.7449,control_jul
174,63.0452,control_jul
51,63.3454,control_jul
7,63.6458,control_jul
31,63.9461,control_jul
75,64.2464,control_jul
161,64.5467,control_jul
154,64.847,control_jul
176,65.1473,control_jul
19,65.4476,control_jul
63,65.748,control_jul
39,66.0482,control_jul
192,66.3486,control_jul
149,66.6489,control_jul
72,66.9492,control_jul
75,67.2495,control_jul
35,67.5498,control_jul
36,67.8501,control_jul
183,68.1504,control_jul
143,68.4508,control_jul
64,68.751,control_jul
79,69.0514,control_jul
176,69.3516,control_jul
176,69.652,control_jul
53,69.9522,control_jul
43,70.2526,control_jul
155,70.5529,control_jul
155,70.8532,control_jul
161,71.1535,control_jul
175,71.4539,control_jul
161,71.7542,control_jul
55,72.0545,control_jul
206,72.3548,control_jul
92,72.6551,control_jul
92,72.9554,control_jul
52,73.2557,control_jul
209,73.556,control_jul
75,73.8563,control_jul
73,74.1566,control_jul
72,74.457,control_jul
67,74.7572,control_jul
190,75.0576,control_jul
190,75.3579,control_jul
75,75.6582,control_jul
59,75.9585,control_jul
70,76.2589,control_jul
63,76.5591,control_jul
78,76.8595,control_jul
113,77.1598,control_jul
209,77.4601,control_jul
19,77.7604,control_jul
209,78.0607,control_jul
209,78.361,control_jul
19,78.6613,control_jul
87,78.9616,control_jul
209,79.262,control_jul
16,79.5623,control_jul
16,79.8626,control_jul
158,80.1629,control_jul
113,80.4632,control_jul
32,80.7635,control_jul
47,81.0638,control_jul
175,81.3641,control_jul
125,81.6645,control_jul
172,81.9648,control_jul
89,82.2651,control_jul
89,82.5654,control_jul
31,82.8657,control_jul
1,83.166,control_jul
75,83.4663,control_jul
31,83.7667,control_jul
161,84.067,control_jul
79,84.3673,control_jul
75,84.6676,control_jul
75,84.9679,control_jul
75,85.2682,control_jul
75,85.5686,control_jul
47,85.8688,control_jul
64,86.1691,control_jul
7,86.4694,control_jul
20,86.7697,control_jul
176,87.07,control_jul
87,87.3704,control_jul
158,87.6707,control_jul
87,87.971,control_jul
87,88.2713,control_jul
53,88.5717,control_jul
88,88.8719,control_jul
88,89.1723,control_jul
88,89.4726,control_jul
121,89.7729,control_jul
209,90.0732,control_jul
13,90.3735,control_jul
87,90.6738,control_jul
3,90.9741,control_jul
87,91.2744,control_jul
14,91.5748,control_jul
16,91.8751,control_jul
12,92.1754,control_jul
117,92.4757,control_jul
165,92.7761,control_jul
117,93.0764,control_jul
182,93.3767,control_jul
20,93.677,control_jul
125,93.9772,control_jul
208,94.2777,control_jul
110,94.5779,control_jul
143,94.8782,control_jul
110,95.1785,control_jul
99,95.4788,control_jul
64,95.7791,control_jul
193,96.0795,control_jul
33,96.3798,control_jul
122,96.6801,control_jul
47,96.9804,control_jul
193,97.2807,control_jul
1,97.5811,control_jul
151,97.8814,control_jul
142,98.1817,control_jul
151,98.482,control_jul
169,98.7823,control_jul
86,99.0826,control_jul
101,99.3829,control_jul
100,99.6832,control_jul
103,99.9836,control_jul
101,100.2839,control_jul
74,100.5841,control_jul
100,100.8845,control_jul
61,101.1848,control_jul
132,101.4851,control_jul
101,101.7855,control_jul
148,102.0858,control_jul
85,102.386,control_jul
61,102.6863,control_jul
131,102.9867,control_jul
50,103.287,control_jul
99,103.5873,control_jul
50,103.8876,control_jul
119,104.1879,control_jul
51,104.4883,control_jul
30,104.7885,control_jul
131,105.0889,control_jul
43,105.3892,control_jul
53,105.6895,control_jul
53,105.9899,control_jul
54,106.2901,control_jul
86,106.5905,control_jul
30,106.8908,control_jul
131,107.1911,control_jul
117,107.4914,control_jul
131,107.7918,control_jul
50,108.092,control_jul
99,108.3924,control_jul
51,108.6927,control_jul
142,108.993,control_jul
50,109.2933,control_jul
132,109.5936,control_jul
8,109.8939,control_jul
143,110.1942,control_jul
111,110.4945,control_jul
85,110.7948,control_jul
17,111.0952,control_jul
209,111.3955,control_jul
58,111.6958,control_jul
184,111.9961,control_jul
209,112.2964,control_jul
136,112.5967,control_jul
31,112.8971,control_jul
31,113.1974,control_jul
31,113.4977,control_jul
73,113.798,control_jul
73,114.0983,control_jul
75,114.3986,control_jul
129,114.699,control_jul
191,114.9992,control_jul
196,115.2995,control_jul
126,115.5999,control_jul
20,115.9003,control_jul
89,116.2005,control_jul
175,116.5009,control_jul
64,116.8011,control_jul
64,117.1015,control_jul
155,117.4017,control_jul
111,117.7021,control_jul
31,118.0024,control_jul
161,118.3027,control_jul
75,118.603,control_jul
139,118.9034,control_jul
145,119.2037,control_jul
125,119.504,control_jul
67,119.8043,control_jul
131,120.1046,control_jul
184,120.405,control_jul
182,120.7053,control_jul
165,121.0056,control_jul
209,121.3059,control_jul
209,121.6062,control_jul
148,121.9065,control_jul
37,122.2068,control_jul
156,122.5071,control_jul
41,122.8075,control_jul
19,123.1078,control_jul
13,123.4081,control_jul
63,123.7084,control_jul
117,124.0087,control_jul
192,124.309,control_jul
65,124.6094,control_jul
63,124.9097,control_jul
38,125.21,control_jul
85,125.5103,control_jul
87,125.8106,control_jul
16,126.111,control_jul
53,126.4112,control_jul
117,126.7116,control_jul
34,127.0119,control_jul
23,127.3122,control_jul
101,127.6125,control_jul
74,127.9129,control_jul
19,128.2131,control_jul
87,128.5135,control_jul
7,128.8138,control_jul
47,129.1141,control_jul
190,129.4144,control_jul
64,129.7148,control_jul
148,130.0151,control_jul
117,130.3154,control_jul
117,130.6157,control_jul
58,130.916,control_jul
19,131.2163,control_jul
93,131.5167,control_jul
54,131.817,control_jul
111,132.1173,control_jul
3,132.4176,control_jul
63,132.7179,control_jul
92,133.0182,control_jul
191,133.3186,control_jul
206,133.6189,control_jul
60,133.9192,control_jul
185,134.2195,control_jul
97,134.5199,control_jul
184,134.8202,control_jul
92,135.1205,control_jul
180,135.4208,control_jul
118,135.7211,control_jul
106,136.0213,control_jul
55,136.3218,control_jul
155,136.622,control_jul
190,136.9224,control_jul
22,137.2227,control_jul
133,137.523,control_jul
60,137.8233,control_jul
1,138.1236,control_jul
190,138.4239,control_jul
35,138.7243,control_jul
191,139.0246,control_jul
106,139.3249,control_jul
106,139.6252,control_jul
97,139.9255,control_jul
36,140.2259,control_jul
19,140.5261,control_jul
113,140.8265,control_jul
98,141.1268,control_jul
113,141.4271,control_jul
113,141.7275,control_jul
125,142.0278,control_jul
31,142.3281,control_jul
199,142.6284,control_jul
139,142.9288,control_jul
199,143.229,control_jul
75,143.5294,control_jul
16,143.8296,control_jul
65,144.13,control_jul
87,144.4303,control_jul
155,144.7307,control_jul
110,145.031,control_jul
77,145.3312,control_jul
71,145.6345,control_jul
76,145.9319,control_jul
144,146.2323,control_jul
196,146.5325,control_jul
207,146.8329,control_jul
186,147.1332,control_jul
18,147.4335,control_jul
18,147.7339,control_jul
172,148.0341,control_jul
7,148.3345,control_jul
31,148.6348,control_jul
117,148.9351,control_jul
180,149.2354,control_jul
65,149.5357,control_jul
78,149.8361,control_jul
3,150.1364,control_jul
19,150.4367,control_jul
184,150.737,control_jul
32,151.0373,control_jul
85,151.3377,control_jul
12,151.638,control_jul
16,151.9382,control_jul
88,152.2386,control_jul
143,152.5389,control_jul
143,152.8393,control_jul
174,153.1396,control_jul
141,153.4398,control_jul
67,153.7402,control_jul
4,154.0405,control_jul
142,154.3408,control_jul
151,154.6412,control_jul
64,154.9414,control_jul
1,155.2418,control_jul
64,155.5421,control_jul
178,155.8424,control_jul
5,156.1428,control_jul
31,156.443,control_jul
1,156.7434,control_jul
84,157.0437,control_jul
174,157.3449,control_jul
61,157.6444,control_jul
74,157.9446,control_jul
88,158.245,control_jul
115,158.5453,control_jul
8,158.8456,control_jul
10,159.1459,control_jul
87,159.4462,control_jul
8,159.7466,control_jul
88,160.0469,control_jul
61,160.3472,control_jul
183,160.6475,control_jul
192,160.9478,control_jul
209,161.2482,control_jul
55,161.5485,control_jul
92,161.8488,control_jul
23,162.1491,control_jul
94,162.4495,control_jul
8,162.7498,control_jul
61,163.0501,control_jul
30,163.3504,control_jul
27,163.6507,control_jul
48,163.951,control_jul
36,164.2514,control_jul
164,164.5517,control_jul
63,164.852,control_jul
89,165.1524,control_jul
73,165.4526,control_jul
129,165.753,control_jul
58,166.0533,control_jul
139,166.3536,control_jul
73,166.6539,control_jul
190,166.9542,control_jul
75,167.2545,control_jul
122,167.5549,control_jul
31,167.8552,control_jul
151,168.1555,control_jul
151,168.4558,control_jul
115,168.7562,control_jul
181,169.0565,control_jul
7,169.3568,control_jul
87,169.6571,control_jul
3,169.9574,control_jul
87,170.2577,control_jul
32,170.5581,control_jul
131,170.8584,control_jul
87,171.1587,control_jul
29,171.459,control_jul
17,171.7594,control_jul
87,172.0596,control_jul
17,172.36,control_jul
70,172.6603,control_jul
209,172.9606,control_jul
19,173.2609,control_jul
175,173.564,control_jul
47,173.8616,control_jul
125,174.1619,control_jul
75,174.4622,control_jul
33,174.7626,control_jul
31,175.0628,control_jul
75,175.3632,control_jul
31,175.6635,control_jul
1,175.9638,control_jul
31,176.2641,control_jul
10,176.5644,control_jul
10,176.8648,control_jul
20,177.1651,control_jul
171,177.4654,control_jul
31,177.7658,control_jul
6,178.066,control_jul
115,178.3664,control_jul
30,178.6667,control_jul
43,178.967,control_jul
176,179.2673,control_jul
16,179.5676,control_jul
58,179.868,control_jul
117,180.1683,control_jul
63,180.4686,control_jul
35,180.7689,control_jul
129,181.0692,control_jul
135,181.3695,control_jul
135,181.6699,control_jul
159,181.9702,control_jul
172,182.2705,control_jul
177,182.5709,control_jul
97,182.8711,control_jul
206,183.1715,control_jul
35,183.4718,control_jul
149,183.7721,control_jul
89,184.0724,control_jul
73,184.3728,control_jul
79,184.6731,control_jul
163,184.9734,control_jul
3,185.2737,control_jul
182,185.574,control_jul
208,185.8744,control_jul
125,186.1747,control_jul
161,186.475,control_jul
190,186.7754,control_jul
193,187.0757,control_jul
175,187.376,control_jul
75,187.6763,control_jul
190,187.9767,control_jul
75,188.2825,control_jul
65,188.5773,control_jul
87,188.8775,control_jul
70,189.1779,control_jul
70,189.4782,control_jul
75,189.7786,control_jul
6,190.0788,control_jul
115,190.3791,control_jul
208,190.6795,control_jul
75,190.9798,control_jul
75,191.2802,control_jul
75,191.5804,control_jul
99,191.8808,control_jul
151,192.1811,control_jul
15,192.4814,control_jul
51,192.7817,control_jul
115,193.082,control_jul
6,193.3824,control_jul
47,193.6827,control_jul
136,193.983,control_jul
62,194.2834,control_jul
45,194.5837,control_jul
79,194.884,control_jul
163,195.1843,control_jul
72,195.4846,control_jul
84,195.7849,control_jul
174,196.0852,control_jul
84,196.3856,control_jul
7,196.6859,control_jul
31,196.9862,control_jul
73,197.2866,control_jul
161,197.5868,control_jul
79,197.8872,control_jul
89,198.1875,control_jul
67,198.4878,control_jul
151,198.7881,control_jul
29,199.0884,control_jul
78,199.3888,control_jul
13,199.6892,control_jul
113,199.9894,control_jul
125,200.2898,control_jul
163,200.5901,control_jul
89,200.8904,control_jul
73,201.1907,control_jul
72,201.491,control_jul
188,201.7913,control_jul
7,202.0917,control_jul
89,202.392,control_jul
89,202.6924,control_jul
73,202.9926,control_jul
179,203.293,control_jul
76,203.5933,control_jul
196,203.8936,control_jul
207,204.1939,control_jul
18,204.4943,control_jul
18,204.7946,control_jul
68,205.0949,control_jul
18,205.3952,control_jul
18,205.6955,control_jul
18,205.9958,control_jul
109,206.2962,control_jul
77,206.5965,control_jul
111,206.8968,control_jul
59,207.1972,control_jul
70,207.4974,control_jul
113,207.7977,control_jul
19,208.0981,control_jul
19,208.3984,control_jul
131,208.6988,control_jul
47,208.999,control_jul
75,209.2994,control_jul
139,209.5996,control_jul
67,209.9,control_jul
176,210.2003,control_jul
43,210.5007,control_jul
30,210.801,control_jul
95,211.1013,control_jul
53,211.4016,control_jul
53,211.702,control_jul
53,212.0023,control_jul
53,212.3026,control_jul
43,212.6029,control_jul
182,212.9032,control_jul
97,213.2036,control_jul
10,213.5038,control_jul
184,213.8042,control_jul
38,214.1045,control_jul
78,214.4048,control_jul
139,214.7052,control_jul
64,215.0055,control_jul
47,215.3058,control_jul
138,215.6061,control_jul
138,215.9065,control_jul
136,216.2068,control_jul
20,216.5071,control_jul
3,216.8074,control_jul
128,217.1077,control_jul
1,217.408,control_jul
151,217.7084,control_jul
151,218.0096,control_jul
20,218.3091,control_jul
74,218.6093,control_jul
8,218.9097,control_jul
88,219.21,control_jul
141,219.5102,control_jul
174,219.8107,control_jul
153,220.1109,control_jul
141,220.4113,control_jul
115,220.7116,control_jul
115,221.0119,control_jul
174,221.3123,control_jul
50,221.6126,control_jul
148,221.9129,control_jul
74,222.2132,control_jul
9,222.5135,control_jul
9,222.8138,control_jul
104,223.1141,control_jul
105,223.4145,control_jul
10,223.7148,control_jul
78,224.0151,control_jul
209,224.3154,control_jul
22,224.6158,control_jul
35,224.9161,control_jul
202,225.2164,control_jul
92,225.5167,control_jul
185,225.8171,control_jul
144,226.1173,control_jul
179,226.4178,control_jul
194,226.718,control_jul
164,227.0184,control_jul
97,227.3187,control_jul
63,227.619,control_jul
97,227.9193,control_jul
63,228.2196,control_jul
123,228.52,control_jul
36,228.8203,control_jul
63,229.1206,control_jul
185,229.4209,control_jul
36,229.7212,control_jul
13,230.0216,control_jul
17,230.3219,control_jul
70,230.6222,control_jul
182,230.9225,control_jul
17,231.2228,control_jul
209,231.5232,control_jul
32,231.8235,control_jul
175,232.1238,control_jul
89,232.4242,control_jul
31,232.7245,control_jul
193,233.0248,control_jul
75,233.3251,control_jul
72,233.6254,control_jul
142,233.9258,control_jul
161,234.2261,control_jul
75,234.5264,control_jul
208,234.8267,control_jul
199,235.1271,control_jul
175,235.4274,control_jul
87,235.7277,control_jul
1,236.028,control_jul
1,236.3284,control_jul
125,236.6287,control_jul
136,236.929,control_jul
136,237.2293,control_jul
163,237.5297,control_jul
181,237.83,control_jul
181,238.1303,control_jul
64,238.4306,control_jul
74,238.7309,control_jul
19,239.0312,control_jul
52,239.3316,control_jul
93,239.6319,control_jul
10,239.9322,control_jul
3,240.2325,control_jul
180,240.5329,control_jul
209,240.8332,control_jul
67,241.1335,control_jul
3,241.4339,control_jul
48,241.7342,control_jul
1,242.0345,control_jul
74,242.3348,control_jul
14,242.6351,control_jul
11,242.9355,control_jul
70,243.2357,control_jul
209,243.5361,control_jul
209,243.8364,control_jul
19,244.1367,control_jul
70,244.4371,control_jul
17,244.7373,control_jul
125,245.0377,control_jul
154,245.338,control_jul
182,245.6383,control_jul
182,245.9387,control_jul
32,246.239,control_jul
19,246.5393,control_jul
20,246.8396,control_jul
59,247.1399,control_jul
117,247.4403,control_jul
65,247.7406,control_jul
59,248.041,control_jul
47,248.3412,control_jul
161,248.6416,control_jul
142,248.9419,control_jul
50,249.2422,control_jul
16,249.5425,control_jul
132,249.8429,control_jul
174,250.1432,control_jul
42,250.4435,control_jul
151,250.7438,control_jul
141,251.0442,control_jul
153,251.3445,control_jul
64,251.6448,control_jul
172,251.9451,control_jul
125,252.2455,control_jul
12,252.5458,control_jul
181,252.846,control_jul
125,253.1464,control_jul
75,253.4467,control_jul
60,253.747,control_jul
192,254.0474,control_jul
101,254.3477,control_jul
16,254.6481,control_jul
43,254.9484,control_jul
115,255.2487,control_jul
77,255.549,control_jul
143,255.8493,control_jul
2,256.1497,control_jul
143,256.45,control_jul
42,256.7503,control_jul
93,257.0506,control_jul
16,257.3509,control_jul
19,257.6512,control_jul
158,257.9516,control_jul
43,258.2519,control_jul
8,258.5522,control_jul
176,258.8525,control_jul
43,259.1528,control_jul
88,259.4532,control_jul
74,259.7535,control_jul
184,260.0538,control_jul
117,260.3542,control_jul
117,260.6545,control_jul
205,260.9548,control_jul
164,261.2552,control_jul
97,261.5555,control_jul
203,261.8557,control_jul
210,262.1561,control_jul
19,262.4564,control_jul
12,262.7567,control_jul
209,263.0571,control_jul
19,263.3574,control_jul
19,263.6577,control_jul
20,263.958,control_jul
31,264.2583,control_jul
151,264.5587,control_jul
155,264.859,control_jul
1,265.1594,control_jul
142,265.4596,control_jul
115,265.7599,control_jul
50,266.0603,control_jul
93,266.3606,control_jul
16,266.6609,control_jul
88,266.9613,control_jul
88,267.2616,control_jul
61,267.5619,control_jul
93,267.8622,control_jul
16,268.1625,control_jul
205,268.4629,control_jul
203,268.7632,control_jul
114,269.0636,control_jul
12,269.3638,control_jul
8,269.6641,control_jul
61,269.9644,control_jul
11,270.2648,control_jul
165,270.5651,control_jul
58,270.8654,control_jul
123,271.1658,control_jul
97,271.4661,control_jul
165,271.7664,control_jul
37,272.0667,control_jul
180,272.3671,control_jul
70,272.6674,control_jul
31,272.9677,control_jul
73,273.268,control_jul
47,273.5684,control_jul
31,273.8686,control_jul
161,274.169,control_jul
181,274.4693,control_jul
31,274.7697,control_jul
116,275.07,control_jul
62,275.3703,control_jul
109,275.6706,control_jul
84,275.971,control_jul
115,276.2713,control_jul
115,276.5716,control_jul
74,276.8719,control_jul
142,277.1723,control_jul
7,277.4725,control_jul
47,277.7729,control_jul
161,278.0732,control_jul
149,278.3735,control_jul
13,278.6739,control_jul
65,278.9741,control_jul
17,279.2745,control_jul
87,279.5748,control_jul
20,279.8752,control_jul
154,280.1754,control_jul
14,280.4757,control_jul
53,280.7817,control_jul
20,281.0764,control_jul
56,281.3767,control_jul
75,281.6771,control_jul
110,281.9774,control_jul
64,282.2777,control_jul
125,282.578,control_jul
15,282.8784,control_jul
79,283.1787,control_jul
79,283.479,control_jul
190,283.7794,control_jul
75,284.0797,control_jul
190,284.38,control_jul
125,284.6803,control_jul
125,284.9806,control_jul
75,285.2809,control_jul
108,285.5813,control_jul
15,285.8816,control_jul
15,286.1819,control_jul
6,286.4822,control_jul
175,286.7826,control_jul
8,287.0829,control_jul
50,287.3832,control_jul
95,287.6835,control_jul
95,287.9838,control_jul
9,288.2842,control_jul
88,288.5845,control_jul
88,288.8848,control_jul
88,289.1852,control_jul
88,289.4854,control_jul
115,289.7858,control_jul
67,290.0861,control_jul
124,290.3865,control_jul
7,290.6868,control_jul
151,290.9871,control_jul
175,291.2874,control_jul
7,291.5877,control_jul
29,291.888,control_jul
87,292.1884,control_jul
158,292.4887,control_jul
87,292.789,control_jul
32,293.0893,control_jul
165,293.3897,control_jul
184,293.69,control_jul
38,293.9903,control_jul
113,294.2906,control_jul
117,294.591,control_jul
85,294.8913,control_jul
87,295.1916,control_jul
124,295.492,control_jul
47,295.7923,control_jul
135,296.0926,control_jul
134,296.3929,control_jul
134,296.6932,control_jul
166,296.9945,control_jul
7,297.2939,control_jul
152,297.5942,control_jul
162,297.8946,control_jul
75,298.1948,control_jul
75,298.4952,control_jul
193,298.7955,control_jul
193,299.0959,control_jul
55,299.3962,control_jul
97,299.6964,control_jul
97,299.9968,control_jul
185,300.2972,control_jul
12,300.5974,control_jul
74,300.8978,control_jul
6,301.1981,control_jul
154,301.4984,control_jul
32,301.7987,control_jul
16,302.099,control_jul
88,302.3994,control_jul
93,302.6997,control_jul
141,303.0,control_jul
145,303.3004,control_jul
64,303.6007,control_jul
42,303.901,control_jul
143,304.2013,control_jul
42,304.5016,control_jul
10,304.8019,control_jul
158,305.1023,control_jul
16,305.4026,control_jul
131,305.7029,control_jul
12,306.0033,control_jul
14,306.3036,control_jul
74,306.6039,control_jul
30,306.9043,control_jul
8,307.2045,control_jul
19,307.5049,control_jul
169,307.8052,control_jul
154,308.1056,control_jul
87,308.4059,control_jul
189,308.7062,control_jul
202,309.0065,control_jul
71,309.3068,control_jul
47,309.6072,control_jul
72,309.9075,control_jul
207,310.2078,control_jul
35,310.5081,control_jul
29,310.8084,control_jul
52,311.1087,control_jul
158,311.4091,control_jul
17,311.7094,control_jul
48,312.0098,control_jul
3,312.3101,control_jul
149,312.6104,control_jul
152,312.9107,control_jul
136,313.211,control_jul
7,313.5114,control_jul
118,313.8117,control_jul
117,314.112,control_jul
13,314.4124,control_jul
195,314.7126,control_jul
76,315.013,control_jul
197,315.3133,control_jul
35,315.6136,control_jul
165,315.9139,control_jul
44,316.2143,control_jul
22,316.5146,control_jul
36,316.8149,control_jul
137,317.1152,control_jul
113,317.4155,control_jul
32,317.7158,control_jul
209,318.0162,control_jul
1,318.3165,control_jul
193,318.6168,control_jul
125,318.9172,control_jul
31,319.2175,control_jul
33,319.5178,control_jul
87,319.8181,control_jul
131,320.1185,control_jul
67,320.4188,control_jul
115,320.7191,control_jul
51,321.0194,control_jul
115,321.3198,control_jul
153,321.6201,control_jul
141,321.9204,control_jul
115,322.2207,control_jul
141,322.521,control_jul
141,322.8214,control_jul
174,323.1217,control_jul
51,323.422,control_jul
31,323.7223,control_jul
161,324.0227,control_jul
70,324.323,control_jul
29,324.6233,control_jul
84,324.9236,control_jul
51,325.224,control_jul
5,325.5243,control_jul
67,325.8246,control_jul
142,326.4252,control_jul
77,326.7256,control_jul
12,327.0259,control_jul
208,327.3262,control_jul
99,327.6266,control_jul
42,327.9269,control_jul
6,328.2272,control_jul
84,328.5275,control_jul
77,328.8279,control_jul
176,329.1282,control_jul
91,329.4284,control_jul
11,329.7289,control_jul
11,330.0291,control_jul
11,330.3294,control_jul
70,330.6298,control_jul
85,330.9301,control_jul
185,331.2305,control_jul
202,331.5308,control_jul
22,331.8311,control_jul
63,332.1314,control_jul
118,332.4317,control_jul
92,332.7321,control_jul
205,333.0324,control_jul
154,333.3327,control_jul
75,333.633,control_jul
142,333.9334,control_jul
65,334.2337,control_jul
158,334.534,control_jul
67,334.8343,control_jul
50,335.1346,control_jul
14,335.435,control_jul
29,335.7353,control_jul
206,336.0356,control_jul
179,336.3359,control_jul
191,336.6363,control_jul
200,336.9366,control_jul
186,337.237,control_jul
18,337.5372,control_jul
166,337.8376,control_jul
172,338.1379,control_jul
20,338.4382,control_jul
37,338.7385,control_jul
156,339.0388,control_jul
160,339.3392,control_jul
205,339.6395,control_jul
19,339.9398,control_jul
43,340.2402,control_jul
74,340.5404,control_jul
88,340.8408,control_jul
174,341.1411,control_jul
174,341.4415,control_jul
115,341.7418,control_jul
141,342.042,control_jul
77,342.3424,control_jul
139,342.6428,control_jul
151,342.943,control_jul
151,343.2434,control_jul
19,343.5437,control_jul
184,343.844,control_jul
158,344.1444,control_jul
14,344.4447,control_jul
183,344.745,control_jul
67,345.0453,control_jul
193,345.3456,control_jul
127,345.646,control_jul
157,345.9463,control_jul
152,346.2466,control_jul
4,346.5469,control_jul
73,346.8473,control_jul
110,347.1476,control_jul
52,347.4479,control_jul
211,347.7483,control_jul
7,348.0486,control_jul
190,348.3489,control_jul
75,348.6492,control_jul
125,348.9496,control_jul
52,349.2499,control_jul
123,349.5502,control_jul
152,349.8505,control_jul
152,350.1508,control_jul
136,350.4512,control_jul
1,350.7515,control_jul
1,351.0518,control_jul
172,351.3521,control_jul
33,351.6524,control_jul
181,351.9528,control_jul
143,352.2531,control_jul
141,352.5534,control_jul
143,352.8537,control_jul
72,353.1541,control_jul
192,353.4544,control_jul
205,353.7548,control_jul
192,354.055,control_jul
1,354.3554,control_jul
72,354.6557,control_jul
127,354.956,control_jul
172,355.2564,control_jul
33,355.5567,control_jul
75,355.857,control_jul
32,356.1573,control_jul
17,356.4577,control_jul
182,356.758,control_jul
55,357.0583,control_jul
78,357.3587,control_jul
87,357.6589,control_jul
38,357.9592,control_jul
36,358.2596,control_jul
10,358.5599,control_jul
16,358.8603,control_jul
139,359.1606,control_jul
77,359.4609,control_jul
16,359.7612,control_jul
87,360.0616,control_jul
144,360.3619,control_jul
196,360.6621,control_jul
60,360.9625,control_jul
59,361.2628,control_jul
142,361.5632,control_jul
6,361.8635,control_jul
178,362.1638,control_jul
151,362.4641,control_jul
7,362.7644,control_jul
209,363.0647,control_jul
87,363.3651,control_jul
16,363.6654,control_jul
30,363.9657,control_jul
85,364.266,control_jul
8,364.5664,control_jul
153,364.8667,control_jul
115,365.167,control_jul
174,365.4674,control_jul
67,365.7677,control_jul
73,366.068,control_jul
64,366.3684,control_jul
31,366.6686,control_jul
190,366.969,control_jul
139,367.2693,control_jul
110,367.5696,control_jul
110,367.87,control_jul
151,368.1703,control_jul
1,368.4707,control_jul
7,368.7709,control_jul
61,369.0713,control_jul
115,369.3716,control_jul
174,369.672,control_jul
115,369.9723,control_jul
143,370.2726,control_jul
176,370.5728,control_jul
19,370.8732,control_jul
14,371.1735,control_jul
114,371.4738,control_jul
130,371.7741,control_jul
206,372.0745,control_jul
183,372.3748,control_jul
84,372.6752,control_jul
51,372.9755,control_jul
42,373.2758,control_jul
54,373.5761,control_jul
51,373.8765,control_jul
172,374.1767,control_jul
138,374.4771,control_jul
165,374.7775,control_jul
55,375.0778,control_jul
83,375.3781,control_jul
58,375.6784,control_jul
117,375.9788,control_jul
163,376.279,control_jul
163,376.5794,control_jul
75,376.8797,control_jul
1,377.18,control_jul
74,377.4804,control_jul
14,377.7806,control_jul
204,378.081,control_jul
21,378.3813,control_jul
21,378.6817,control_jul
21,378.982,control_jul
21,379.2823,control_jul
210,379.5826,control_jul
210,379.8829,control_jul
23,380.1832,control_jul
198,380.4836,control_jul
160,380.7839,control_jul
160,381.0842,control_jul
197,381.3845,control_jul
191,381.6849,control_jul
112,381.9852,control_jul
29,382.2855,control_jul
202,382.5859,control_jul
97,382.8862,control_jul
129,383.1865,control_jul
38,383.4868,control_jul
191,383.7871,control_jul
76,384.0875,control_jul
185,384.3878,control_jul
36,384.6881,control_jul
47,384.9884,control_jul
73,385.2888,control_jul
161,385.5891,control_jul
33,385.8894,control_jul
110,386.1898,control_jul
110,386.4901,control_jul
64,386.7904,control_jul
151,387.0907,control_jul
145,387.391,control_jul
143,387.6914,control_jul
61,387.9917,control_jul
100,388.292,control_jul
11,388.5924,control_jul
11,388.8926,control_jul
10,389.193,control_jul
158,389.4933,control_jul
14,389.7936,control_jul
10,390.0939,control_jul
87,390.3942,control_jul
139,390.6947,control_jul
190,390.9949,control_jul
175,391.2953,control_jul
31,391.5955,control_jul
145,391.8959,control_jul
141,392.1962,control_jul
174,392.4965,control_jul
153,392.7969,control_jul
115,393.0972,control_jul
141,393.3975,control_jul
75,393.6979,control_jul
33,393.9982,control_jul
208,394.2985,control_jul
20,394.5988,control_jul
52,394.8992,control_jul
17,395.1995,control_jul
205,395.4998,control_jul
97,395.8001,control_jul
133,396.1005,control_jul
71,396.4008,control_jul
172,396.7011,control_jul
125,397.0014,control_jul
59,397.3018,control_jul
98,397.602,control_jul
43,397.9024,control_jul
61,398.2027,control_jul
8,398.5031,control_jul
43,398.8034,control_jul
19,399.1037,control_jul
87,399.404,control_jul
189,399.7044,control_jul
32,400.0047,control_jul
19,400.305,control_jul
148,400.6053,control_jul
114,400.9056,control_jul
16,401.206,control_jul
88,401.5063,control_jul
74,401.8066,control_jul
88,402.1069,control_jul
48,402.4073,control_jul
118,402.7076,control_jul
19,403.0079,control_jul
16,403.3083,control_jul
61,403.6086,control_jul
12,403.9089,control_jul
70,404.2092,control_jul
29,404.5095,control_jul
47,404.8099,control_jul
7,405.1102,control_jul
154,405.4105,control_jul
12,405.7108,control_jul
29,406.0111,control_jul
12,406.3115,control_jul
16,406.6118,control_jul
142,406.9121,control_jul
199,407.2124,control_jul
127,407.5128,control_jul
122,407.8132,control_jul
110,408.1135,control_jul
64,408.4138,control_jul
143,408.7141,control_jul
6,409.0144,control_jul
108,409.3148,control_jul
15,409.615,control_jul
161,409.9154,control_jul
190,410.2157,control_jul
80,410.516,control_jul
44,410.8164,control_jul
152,411.1167,control_jul
125,411.417,control_jul
84,411.7173,control_jul
141,412.0177,control_jul
143,412.318,control_jul
43,412.6183,control_jul
158,412.9186,control_jul
87,413.2189,control_jul
98,413.5193,control_jul
61,413.8196,control_jul
176,414.12,control_jul
19,414.4203,control_jul
16,415.0209,control_jul
158,415.3212,control_jul
88,415.6216,control_jul
61,415.9219,control_jul
30,416.2222,control_jul
19,416.5226,control_jul
137,416.8229,control_jul
17,417.1231,control_jul
19,417.4235,control_jul
101,417.7238,control_jul
14,418.0241,control_jul
209,418.3245,control_jul
131,418.6248,control_jul
209,418.9251,control_jul
125,419.2255,control_jul
31,419.5258,control_jul
17,419.8261,control_jul
189,420.1265,control_jul
177,420.4268,control_jul
131,420.727,control_jul
20,421.0274,control_jul
110,421.3278,control_jul
142,421.628,control_jul
31,421.9284,control_jul
67,422.2287,control_jul
151,422.529,control_jul
16,422.8293,control_jul
158,423.1297,control_jul
17,423.43,control_jul
78,423.7303,control_jul
76,424.0307,control_jul
196,424.3338,control_jul
180,424.6313,control_jul
12,424.9516,control_jul
74,425.232,control_jul
74,425.5323,control_jul
12,425.8326,control_jul
131,426.1329,control_jul
101,426.4332,control_jul
158,426.7336,control_jul
19,427.0339,control_jul
52,427.3342,control_jul
22,427.6345,control_jul
132,427.9348,control_jul
16,428.2352,control_jul
61,428.5355,control_jul
61,428.8358,control_jul
9,429.1361,control_jul
8,429.4365,control_jul
51,429.7368,control_jul
115,430.0372,control_jul
42,430.3375,control_jul
151,430.6378,control_jul
31,430.9381,control_jul
125,431.2384,control_jul
161,431.5388,control_jul
199,431.8391,control_jul
1,432.1394,control_jul
143,432.4397,control_jul
67,432.7401,control_jul
75,433.0404,control_jul
208,433.3407,control_jul
71,433.6411,control_jul
70,433.9414,control_jul
52,434.2417,control_jul
65,434.542,control_jul
184,434.8424,control_jul
128,435.1427,control_jul
152,435.443,control_jul
194,435.7433,control_jul
191,436.0436,control_jul
3,436.344,control_jul
171,436.6443,control_jul
84,436.9446,control_jul
8,437.2449,control_jul
74,437.5452,control_jul
176,437.8455,control_jul
70,438.1459,control_jul
14,438.4463,control_jul
87,438.7465,control_jul
158,439.0469,control_jul
29,439.3472,control_jul
50,439.6476,control_jul
67,439.9479,control_jul
193,440.2482,control_jul
151,440.5485,control_jul
143,440.8489,control_jul
77,441.1491,control_jul
174,441.4495,control_jul
8,441.7498,control_jul
176,442.0501,control_jul
3,442.3504,control_jul
132,442.6508,control_jul
176,442.9511,control_jul
20,443.2514,control_jul
31,443.5517,control_jul
125,443.8521,control_jul
59,444.1524,control_jul
83,444.4527,control_jul
36,444.753,control_jul
118,445.0534,control_jul
78,445.3537,control_jul
78,445.654,control_jul
78,445.9544,control_jul
47,446.2547,control_jul
67,446.555,control_jul
29,446.8581,control_jul
70,447.1556,control_jul
29,447.4559,control_jul
131,447.7563,control_jul
52,448.0566,control_jul
180,448.3569,control_jul
12,448.6572,control_jul
78,448.9576,control_jul
123,449.2579,control_jul
63,449.5582,control_jul
165,449.8586,control_jul
70,450.1589,control_jul
199,450.4592,control_jul
190,450.7596,control_jul
31,451.0599,control_jul
136,451.3602,control_jul
78,451.6605,control_jul
13,451.9608,control_jul
83,452.2611,control_jul
112,452.5615,control_jul
60,452.8618,control_jul
75,453.1621,control_jul
112,453.4624,control_jul
182,453.7628,control_jul
202,454.0631,control_jul
70,454.3634,control_jul
209,454.6637,control_jul
47,454.9641,control_jul
208,455.2644,control_jul
59,455.5647,control_jul
117,455.8651,control_jul
3,456.1653,control_jul
192,456.4657,control_jul
63,456.766,control_jul
126,457.0664,control_jul
17,457.3667,control_jul
38,457.667,control_jul
113,457.9673,control_jul
10,458.2676,control_jul
176,458.568,control_jul
20,458.8683,control_jul
31,459.1686,control_jul
190,459.469,control_jul
7,459.7692,control_jul
6,460.0696,control_jul
77,460.3699,control_jul
20,460.6702,control_jul
85,460.9706,control_jul
87,461.2708,control_jul
70,461.5712,control_jul
8,461.8715,control_jul
43,462.1718,control_jul
19,462.4722,control_jul
70,462.7725,control_jul
14,463.0728,control_jul
17,463.3731,control_jul
29,463.6735,control_jul
189,463.9738,control_jul
16,464.2741,control_jul
16,464.5744,control_jul
158,464.8747,control_jul
99,465.1751,control_jul
119,465.4754,control_jul
77,465.7757,control_jul
143,466.0761,control_jul
77,466.3764,control_jul
143,466.6767,control_jul
87,466.977,control_jul
20,467.2773,control_jul
20,467.5777,control_jul
193,467.878,control_jul
151,468.1783,control_jul
19,468.4787,control_jul
12,468.779,control_jul
74,469.0793,control_jul
87,469.3796,control_jul
29,469.68,control_jul
3,469.9803,control_jul
83,470.2806,control_jul
83,470.5809,control_jul
206,470.8812,control_jul
124,471.1816,control_jul
182,471.482,control_jul
192,471.7822,control_jul
60,472.0826,control_jul
192,472.3829,control_jul
38,472.6832,control_jul
211,472.9836,control_jul
73,473.2838,control_jul
199,473.5842,control_jul
211,473.8845,control_jul
89,474.1848,control_jul
44,474.4851,control_jul
72,474.7855,control_jul
12,475.0858,control_jul
106,475.3861,control_jul
126,475.6864,control_jul
177,475.9868,control_jul
76,476.2871,control_jul
177,476.8878,control_jul
118,477.1881,control_jul
182,477.4884,control_jul
65,477.7887,control_jul
83,478.089,control_jul
144,478.3894,control_jul
185,478.6897,control_jul
36,478.99,control_jul
48,479.2903,control_jul
185,479.5907,control_jul
92,479.891,control_jul
106,480.1913,control_jul
58,480.4916,control_jul
20,480.792,control_jul
189,481.0923,control_jul
12,481.3926,control_jul
16,481.6929,control_jul
93,481.9932,control_jul
61,482.2935,control_jul
43,482.5939,control_jul
193,482.8942,control_jul
7,483.1946,control_jul
29,483.4949,control_jul
209,483.7952,control_jul
131,484.0955,control_jul
1,484.3958,control_jul
142,484.6962,control_jul
1,484.9965,control_jul
101,485.2968,control_jul
12,485.5972,control_jul
129,485.8975,control_jul
186,486.1978,control_jul
193,486.4981,control_jul
208,486.7985,control_jul
1,487.0988,control_jul
56,487.3991,control_jul
172,487.6994,control_jul
122,487.9997,control_jul
142,488.3001,control_jul
31,488.6004,control_jul
47,488.9007,control_jul
143,489.2011,control_jul
142,489.5013,control_jul
143,489.8017,control_jul
6,490.102,control_jul
199,490.4023,control_jul
123,490.7027,control_jul
137,491.003,control_jul
138,491.3033,control_jul
157,491.6036,control_jul
31,491.904,control_jul
185,492.2043,control_jul
76,492.5046,control_jul
188,492.805,control_jul
157,493.1052,control_jul
152,493.4056,control_jul
190,493.7059,control_jul
64,494.0062,control_jul
110,494.3066,control_jul
211,494.6068,control_jul
92,494.9072,control_jul
76,495.2075,control_jul
128,495.5079,control_jul
111,495.8082,control_jul
6,496.1085,control_jul
153,496.4088,control_jul
84,496.7092,control_jul
151,497.0094,control_jul
51,497.3098,control_jul
14,497.6157,control_jul
88,497.9104,control_jul
88,498.2108,control_jul
101,498.5111,control_jul
57,498.8114,control_jul
71,499.1117,control_jul
143,499.7124,control_jul
84,500.0127,control_jul
195,500.313,control_jul
196,500.6134,control_jul
164,500.9137,control_jul
205,501.214,control_jul
73,501.5143,control_jul
33,501.8147,control_jul
6,502.115,control_jul
84,502.4153,control_jul
67,502.7156,control_jul
110,503.0159,control_jul
1,503.3163,control_jul
47,503.6166,control_jul
208,503.9169,control_jul
72,504.2172,control_jul
76,504.5175,control_jul
205,504.8179,control_jul
117,505.1182,control_jul
17,505.4185,control_jul
165,505.7188,control_jul
36,506.0192,control_jul
83,506.3195,control_jul
165,506.6198,control_jul
3,506.9202,control_jul
70,507.2204,control_jul
29,507.5208,control_jul
182,507.8212,control_jul
37,508.1215,control_jul
28,508.4218,control_jul
35,508.7221,control_jul
55,509.0224,control_jul
117,509.3228,control_jul
12,509.6231,control_jul
19,509.9234,control_jul
19,510.2237,control_jul
55,510.524,control_jul
17,510.8244,control_jul
149,511.1247,control_jul
67,511.425,control_jul
110,511.7253,control_jul
42,512.0257,control_jul
31,512.326,control_jul
20,512.6263,control_jul
176,513.2269,control_jul
87,513.5273,control_jul
12,513.8276,control_jul
176,514.128,control_jul
176,514.4283,control_jul
70,514.7286,control_jul
48,515.0289,control_jul
131,515.3293,control_jul
148,515.6295,control_jul
61,515.9299,control_jul
88,516.2302,control_jul
88,516.5305,control_jul
151,516.8309,control_jul
151,517.1312,control_jul
31,517.4316,control_jul
20,518.0322,control_jul
93,518.3324,control_jul
93,518.6328,control_jul
61,518.9332,control_jul
9,519.2334,control_jul
104,519.5338,control_jul
94,519.8341,control_jul
204,520.1344,control_jul
210,520.4348,control_jul
17,520.7351,control_jul
60,521.0354,control_jul
23,521.3357,control_jul
121,521.6361,control_jul
176,521.9373,control_jul
100,522.2367,control_jul
204,522.537,control_jul
34,522.8373,control_jul
23,523.1377,control_jul
11,523.438,control_jul
91,523.7383,control_jul
41,524.0387,control_jul
43,524.339,control_jul
161,524.9396,control_jul
151,525.24,control_jul
43,525.5403,control_jul
52,525.8406,control_jul
144,526.1409,control_jul
196,526.4412,control_jul
202,526.7416,control_jul
70,527.0419,control_jul
87,527.3422,control_jul
177,527.6426,control_jul
57,527.9428,control_jul
14,528.2432,control_jul
85,528.5435,control_jul
176,528.8438,control_jul
29,529.1442,control_jul
131,529.4445,control_jul
43,529.7448,control_jul
143,530.0451,control_jul
14,530.3455,control_jul
177,530.6458,control_jul
137,530.9461,control_jul
97,531.2465,control_jul
57,531.5468,control_jul
118,531.847,control_jul
198,532.1474,control_jul
24,532.4477,control_jul
25,532.748,control_jul
21,533.0484,control_jul
25,533.3487,control_jul
25,533.649,control_jul
41,533.9493,control_jul
14,534.2497,control_jul
53,534.55,control_jul
158,534.8503,control_jul
158,535.1507,control_jul
84,535.451,control_jul
7,535.7513,control_jul
175,536.0516,control_jul
73,536.352,control_jul
161,536.6523,control_jul
31,536.9525,control_jul
1,537.253,control_jul
199,537.5532,control_jul
162,537.8536,control_jul
80,538.1539,control_jul
49,538.4542,control_jul
144,538.7545,control_jul
133,539.0549,control_jul
196,539.3552,control_jul
199,539.6555,control_jul
142,539.9559,control_jul
71,540.2562,control_jul
55,540.5565,control_jul
123,540.8569,control_jul
164,541.1571,control_jul
189,541.4575,control_jul
19,541.7578,control_jul
60,542.0581,control_jul
126,542.3585,control_jul
123,542.6588,control_jul
144,542.9591,control_jul
78,543.2595,control_jul
85,543.5598,control_jul
85,543.86,control_jul
209,544.1604,control_jul
43,544.4607,control_jul
143,544.7667,control_jul
181,545.0614,control_jul
59,545.3617,control_jul
38,545.662,control_jul
165,545.9624,control_jul
182,546.2626,control_jul
36,546.563,control_jul
117,546.8633,control_jul
13,547.1637,control_jul
39,547.464,control_jul
43,547.7643,control_jul
74,548.0646,control_jul
70,548.3649,control_jul
117,548.6653,control_jul
182,548.9656,control_jul
22,549.266,control_jul
83,549.5663,control_jul
12,549.8666,control_jul
78,550.1668,control_jul
22,550.4672,control_jul
130,550.7675,control_jul
156,551.0679,control_jul
198,551.3682,control_jul
36,551.6685,control_jul
63,551.9688,control_jul
37,552.2692,control_jul
23,552.5695,control_jul
183,552.8698,control_jul
17,553.1701,control_jul
39,553.4761,control_jul
22,553.7708,control_jul
206,554.0712,control_jul
35,554.3715,control_jul
197,554.6718,control_jul
24,554.9721,control_jul
160,555.2724,control_jul
24,555.5728,control_jul
156,555.8731,control_jul
164,556.1734,control_jul
132,556.4738,control_jul
55,556.7741,control_jul
182,557.0744,control_jul
185,557.3747,control_jul
206,557.6751,control_jul
177,557.9753,control_jul
70,558.2757,control_jul
57,558.576,control_jul
164,558.8764,control_jul
164,559.1766,control_jul
97,559.4771,control_jul
52,559.7774,control_jul
202,560.0777,control_jul
97,560.378,control_jul
185,560.6783,control_jul
185,560.9787,control_jul
22,561.279,control_jul
97,561.5793,control_jul
191,561.8796,control_jul
133,562.18,control_jul
191,562.4803,control_jul
60,562.7806,control_jul
185,563.0809,control_jul
202,563.3812,control_jul
182,563.6815,control_jul
35,563.9819,control_jul
185,564.2823,control_jul
55,564.5826,control_jul
165,564.8829,control_jul
185,565.1832,control_jul
32,565.4836,control_jul
60,565.7838,control_jul
180,566.0842,control_jul
118,566.3845,control_jul
22,566.6848,control_jul
92,566.9852,control_jul
164,567.2855,control_jul
164,567.5858,control_jul
137,567.8861,control_jul
176,568.1865,control_jul
16,568.4868,control_jul
87,568.7871,control_jul
43,569.0875,control_jul
43,569.3877,control_jul
19,569.6881,control_jul
70,569.9884,control_jul
27,570.2888,control_jul
13,570.5891,control_jul
48,570.8894,control_jul
125,571.1898,control_jul
7,571.4901,control_jul
142,571.7904,control_jul
1,572.0908,control_jul
152,572.3911,control_jul
127,572.6914,control_jul
211,572.9917,control_jul
73,573.2921,control_jul
181,573.5924,control_jul
145,573.8927,control_jul
161,574.1931,control_jul
16,574.4933,control_jul
87,574.7937,control_jul
142,575.094,control_jul
172,575.3943,control_jul
29,575.6946,control_jul
19,575.995,control_jul
70,576.2953,control_jul
100,576.5957,control_jul
131,576.896,control_jul
60,577.1963,control_jul
184,577.4966,control_jul
117,577.797,control_jul
58,578.0973,control_jul
22,578.3976,control_jul
44,578.6979,control_jul
22,578.9983,control_jul
28,579.2986,control_jul
197,579.5989,control_jul
41,579.902,control_jul
23,580.1996,control_jul
24,580.4999,control_jul
156,580.8002,control_jul
24,581.1005,control_jul
25,581.4008,control_jul
24,581.7012,control_jul
114,582.0015,control_jul
114,582.3018,control_jul
10,582.6022,control_jul
19,582.9025,control_jul
87,583.2029,control_jul
12,583.5031,control_jul
100,583.8035,control_jul
182,584.1038,control_jul
205,584.4042,control_jul
63,584.7045,control_jul
28,585.0048,control_jul
130,585.3052,control_jul
23,585.6054,control_jul
156,585.9058,control_jul
23,586.2061,control_jul
37,586.5065,control_jul
25,586.8068,control_jul
25,587.1071,control_jul
21,587.4074,control_jul
25,587.7077,control_jul
25,588.0081,control_jul
25,588.3084,control_jul
25,588.6087,control_jul
25,588.9091,control_jul
25,589.2094,control_jul
66,589.5097,control_jul
66,589.81,control_jul
66,590.1104,control_jul
66,590.4107,control_jul
25,590.711,control_jul
25,591.0114,control_jul
25,591.3117,control_jul
94,591.612,control_jul
23,591.9124,control_jul
22,592.2127,control_jul
92,592.513,control_jul
49,592.8133,control_jul
206,593.1137,control_jul
123,593.414,control_jul
194,593.7143,control_jul
194,594.0147,control_jul
92,594.315,control_jul
176,594.6153,control_jul
78,594.9156,control_jul
78,595.2159,control_jul
32,595.5163,control_jul
73,595.8166,control_jul
7,596.1169,control_jul
124,596.4173,control_jul
127,596.7176,control_jul
188,597.0179,control_jul
199,597.3182,control_jul
99,597.6186,control_jul
57,597.9189,control_jul
192,598.2192,control_jul
123,598.5196,control_jul
205,598.8198,control_jul
16,599.1202,control_jul
91,599.4205,control_jul
210,599.7208,control_jul
23,600.0212,control_jul
11,600.3215,control_jul
176,600.6219,control_jul
176,600.9221,control_jul
16,601.2225,control_jul
132,601.5228,control_jul
52,601.8231,control_jul
19,602.1234,control_jul
81,602.4238,control_jul
105,602.7241,control_jul
74,603.0245,control_jul
104,603.3247,control_jul
132,603.6251,control_jul
101,603.9254,control_jul
148,604.2258,control_jul
103,604.5317,control_jul
121,604.8265,control_jul
100,605.1268,control_jul
103,605.4271,control_jul
101,605.7274,control_jul
85,606.0277,control_jul
142,606.3281,control_jul
193,606.6284,control_jul
72,606.9288,control_jul
46,607.2291,control_jul
185,607.5294,control_jul
92,607.8297,control_jul
128,608.13,control_jul
142,608.4304,control_jul
33,608.7307,control_jul
142,609.031,control_jul
211,609.3313,control_jul
43,609.6317,control_jul
30,609.932,control_jul
121,610.2323,control_jul
29,610.5327,control_jul
13,610.833,control_jul
182,611.1333,control_jul
10,611.4336,control_jul
70,611.734,control_jul
100,612.0343,control_jul
182,612.3346,control_jul
158,612.635,control_jul
51,612.9353,control_jul
151,613.2356,control_jul
100,613.5359,control_jul
202,613.8363,control_jul
185,614.1365,control_jul
118,614.4369,control_jul
180,614.7372,control_jul
58,615.0376,control_jul
39,615.3379,control_jul
13,615.6383,control_jul
83,615.9385,control_jul
55,616.2388,control_jul
158,616.5392,control_jul
14,616.8395,control_jul
17,617.1398,control_jul
58,617.4402,control_jul
184,617.7405,control_jul
13,618.0408,control_jul
32,618.3412,control_jul
193,618.6415,control_jul
58,618.9418,control_jul
16,619.2421,control_jul
43,619.5425,control_jul
204,619.8428,control_jul
41,620.1432,control_jul
83,620.4435,control_jul
98,620.7438,control_jul
32,621.0441,control_jul
117,621.3444,control_jul
38,621.6448,control_jul
70,621.9451,control_jul
123,622.2454,control_jul
76,622.5458,control_jul
179,622.8461,control_jul
198,623.1464,control_jul
21,623.4468,control_jul
25,623.747,control_jul
210,624.0474,control_jul
105,624.3477,control_jul
12,624.648,control_jul
209,624.9484,control_jul
209,625.2487,control_jul
117,625.549,control_jul
85,625.8494,control_jul
78,626.1497,control_jul
47,626.45,control_jul
4,626.7503,control_jul
127,627.0506,control_jul
162,627.351,control_jul
151,627.6513,control_jul
6,627.9516,control_jul
115,628.252,control_jul
7,628.5523,control_jul
70,628.8527,control_jul
209,629.153,control_jul
70,629.4533,control_jul
53,629.7537,control_jul
98,630.0539,control_jul
209,630.3543,control_jul
14,630.6546,control_jul
8,630.9549,control_jul
143,631.2553,control_jul
151,631.5556,control_jul
110,631.8559,control_jul
139,632.4566,control_jul
7,632.7569,control_jul
159,633.0572,control_jul
71,633.3576,control_jul
142,633.6579,control_jul
86,633.9582,control_jul
169,634.2586,control_jul
42,634.5589,control_jul
50,634.8592,control_jul
12,635.1596,control_jul
209,635.4599,control_jul
3,635.7602,control_jul
121,636.0605,control_jul
10,636.3608,control_jul
11,636.6611,control_jul
204,636.9615,control_jul
114,637.2619,control_jul
26,637.5622,control_jul
26,637.8625,control_jul
26,638.1628,control_jul
26,638.4631,control_jul
26,638.7634,control_jul
26,639.0638,control_jul
26,639.3641,control_jul
26,639.6644,control_jul
26,639.9648,control_jul
26,640.2651,control_jul
26,640.5654,control_jul
26,640.8658,control_jul
26,641.1661,control_jul
210,641.4664,control_jul
209,641.7667,control_jul
70,642.0671,control_jul
13,642.3675,control_jul
29,642.6677,control_jul
182,642.968,control_jul
91,643.2684,control_jul
204,643.5687,control_jul
21,643.869,control_jul
21,644.1693,control_jul
11,644.4697,control_jul
147,644.77,control_jul
8,645.0704,control_jul
168,645.3707,control_jul
88,645.671,control_jul
115,645.9713,control_jul
51,646.2716,control_jul
87,646.572,control_jul
38,646.8723,control_jul
32,647.1727,control_jul
32,647.473,control_jul
17,647.7733,control_jul
65,648.0736,control_jul
32,648.374,control_jul
52,648.6743,control_jul
209,648.9746,control_jul
37,649.2749,control_jul
197,649.5753,control_jul
70,649.8756,control_jul
16,650.1759,control_jul
19,650.4762,control_jul
190,650.7766,control_jul
151,651.0769,control_jul
139,651.3772,control_jul
161,651.6775,control_jul
14,651.9779,control_jul
165,652.2782,control_jul
27,652.5794,control_jul
209,652.8788,control_jul
87,653.1792,control_jul
32,653.4795,control_jul
55,653.7798,control_jul
92,654.0802,control_jul
160,654.3805,control_jul
41,654.6808,control_jul
156,654.9812,control_jul
160,655.2815,control_jul
198,655.5818,control_jul
165,655.8821,control_jul
22,656.1825,control_jul
97,656.4828,control_jul
156,656.7831,control_jul
198,657.0835,control_jul
160,657.3837,control_jul
189,657.6841,control_jul
117,657.9844,control_jul
63,658.2848,control_jul
29,658.5851,control_jul
22,658.8854,control_jul
35,659.1857,control_jul
34,659.486,control_jul
23,659.7864,control_jul
205,660.0867,control_jul
12,660.387,control_jul
59,660.6874,control_jul
67,660.9877,control_jul
31,661.2881,control_jul
7,661.5884,control_jul
75,661.8887,control_jul
199,662.189,control_jul
44,662.4893,control_jul
92,662.7897,control_jul
133,663.09,control_jul
164,663.3903,control_jul
70,663.6907,control_jul
29,663.991,control_jul
78,664.2913,control_jul
63,664.5916,control_jul
123,664.892,control_jul
46,665.1923,control_jul
151,665.4927,control_jul
31,665.793,control_jul
141,666.0933,control_jul
77,666.3936,control_jul
145,666.694,control_jul
7,666.9943,control_jul
64,667.2946,control_jul
75,667.5949,control_jul
89,667.8953,control_jul
72,668.1956,control_jul
208,668.4959,control_jul
157,668.7962,control_jul
191,669.0966,control_jul
194,669.397,control_jul
198,669.6972,control_jul
198,669.9976,control_jul
25,670.2979,control_jul
21,670.5982,control_jul
94,670.8985,control_jul
105,671.1989,control_jul
165,671.4992,control_jul
206,671.7996,control_jul
198,672.0998,control_jul
197,672.4002,control_jul
198,672.7005,control_jul
121,673.0009,control_jul
55,673.3012,control_jul
202,673.6015,control_jul
13,673.9018,control_jul
165,674.2022,control_jul
182,674.5025,control_jul
58,674.8028,control_jul
13,675.1031,control_jul
32,675.4035,control_jul
177,675.7038,control_jul
184,676.0042,control_jul
60,676.3045,control_jul
85,676.6048,control_jul
70,676.9051,control_jul
14,677.2054,control_jul
88,677.5058,control_jul
30,677.8061,control_jul
3,678.1064,control_jul
70,678.4068,control_jul
142,678.7071,control_jul
172,679.0074,control_jul
6,679.3077,control_jul
84,679.6081,control_jul
141,679.9084,control_jul
141,680.2087,control_jul
7,680.509,control_jul
161,680.8093,control_jul
161,681.1097,control_jul
78,681.41,control_jul
19,681.7104,control_jul
65,682.0107,control_jul
85,682.311,control_jul
203,682.6114,control_jul
203,682.9116,control_jul
26,683.212,control_jul
114,683.5124,control_jul
105,683.8126,control_jul
8,684.113,control_jul
42,684.4133,control_jul
52,684.7145,control_jul
144,685.014,control_jul
194,685.3143,control_jul
191,685.6146,control_jul
44,685.915,control_jul
55,686.2153,control_jul
168,686.5156,control_jul
8,686.8159,control_jul
50,687.1163,control_jul
10,687.4165,control_jul
10,687.717,control_jul
74,688.0172,control_jul
142,688.3176,control_jul
115,688.618,control_jul
115,688.9182,control_jul
141,689.2186,control_jul
88,689.5189,control_jul
88,689.8192,control_jul
11,690.1195,control_jul
210,690.4199,control_jul
48,690.7202,control_jul
55,691.0206,control_jul
55,691.3209,control_jul
97,691.6212,control_jul
165,691.9215,control_jul
83,692.2218,control_jul
91,692.5221,control_jul
121,692.8225,control_jul
88,693.1228,control_jul
115,693.4231,control_jul
174,693.7235,control_jul
50,694.0238,control_jul
16,694.3241,control_jul
67,694.6245,control_jul
151,694.9248,control_jul
111,695.2251,control_jul
10,695.5254,control_jul
158,695.8258,control_jul
141,696.1261,control_jul
61,696.4265,control_jul
61,696.7267,control_jul
141,697.0271,control_jul
111,697.3274,control_jul
161,697.6277,control_jul
106,697.9281,control_jul
200,698.2284,control_jul
172,698.5287,control_jul
155,698.8291,control_jul
128,699.4297,control_jul
31,699.73,control_jul
139,700.0304,control_jul
64,700.3307,control_jul
14,700.631,control_jul
88,700.9314,control_jul
88,701.2317,control_jul
147,701.532,control_jul
11,701.8323,control_jul
114,702.1327,control_jul
210,702.433,control_jul
32,702.7333,control_jul
17,703.0337,control_jul
38,703.334,control_jul
117,703.6343,control_jul
3,703.9346,control_jul
158,704.235,control_jul
16,704.5353,control_jul
53,704.8356,control_jul
65,705.1359,control_jul
29,705.4363,control_jul
27,705.7366,control_jul
34,706.0369,control_jul
34,706.3372,control_jul
19,706.6376,control_jul
16,706.9379,control_jul
7,707.2382,control_jul
67,707.5386,control_jul
84,707.8389,control_jul
115,708.1393,control_jul
86,708.4395,control_jul
7,708.7399,control_jul
75,709.0402,control_jul
110,709.3405,control_jul
75,709.6409,control_jul
149,709.9412,control_jul
20,710.2415,control_jul
43,710.5419,control_jul
88,710.8422,control_jul
115,711.1425,control_jul
174,711.4428,control_jul
151,711.7432,control_jul
31,712.0435,control_jul
181,712.3438,control_jul
43,712.6441,control_jul
158,712.9445,control_jul
176,713.2448,control_jul
43,713.5451,control_jul
10,713.8454,control_jul
87,714.1458,control_jul
12,714.4461,control_jul
209,714.7464,control_jul
48,715.0468,control_jul
117,715.3471,control_jul
19,715.6475,control_jul
10,715.9477,control_jul
158,716.248,control_jul
19,716.5484,control_jul
131,716.8487,control_jul
12,717.1491,control_jul
98,717.4494,control_jul
203,717.7497,control_jul
34,718.05,control_jul
21,718.3503,control_jul
203,718.6507,control_jul
26,718.951,control_jul
26,719.2513,control_jul
26,719.5516,control_jul
41,719.852,control_jul
94,720.1523,control_jul
27,720.4526,control_jul
70,720.753,control_jul
12,721.0533,control_jul
70,721.3536,control_jul
193,721.654,control_jul
75,721.9543,control_jul
159,722.2546,control_jul
172,722.5549,control_jul
190,722.8553,control_jul
1,723.1556,control_jul
176,723.4559,control_jul
8,723.7563,control_jul
61,724.0566,control_jul
27,724.3569,control_jul
34,724.6572,control_jul
35,724.9576,control_jul
48,725.2579,control_jul
3,725.5582,control_jul
209,725.8585,control_jul
29,726.1589,control_jul
3,726.4591,control_jul
78,726.7596,control_jul
60,727.0598,control_jul
196,727.3602,control_jul
179,727.6605,control_jul
35,727.9609,control_jul
189,728.2668,control_jul
112,728.5615,control_jul
123,728.8619,control_jul
97,729.1621,control_jul
63,729.4625,control_jul
38,729.7627,control_jul
92,730.0631,control_jul
137,730.3634,control_jul
73,730.6638,control_jul
49,730.9641,control_jul
179,731.2644,control_jul
158,731.5647,control_jul
20,731.8651,control_jul
181,732.1654,control_jul
75,732.4657,control_jul
136,732.7661,control_jul
7,733.0664,control_jul
31,733.3667,control_jul
47,733.667,control_jul
172,733.9674,control_jul
52,734.2677,control_jul
93,734.568,control_jul
43,734.8683,control_jul
8,735.1687,control_jul
88,735.469,control_jul
115,735.7693,control_jul
61,736.0697,control_jul
30,736.37,control_jul
19,736.6703,control_jul
11,736.9706,control_jul
114,737.2709,control_jul
95,737.5713,control_jul
204,737.8716,control_jul
114,738.1719,control_jul
209,738.4723,control_jul
58,738.7726,control_jul
38,739.0729,control_jul
63,739.3732,control_jul
44,739.6736,control_jul
106,739.9739,control_jul
106,740.2742,control_jul
3,740.5746,control_jul
70,740.8749,control_jul
53,741.1752,control_jul
155,741.4756,control_jul
155,741.7758,control_jul
187,742.0762,control_jul
64,742.3765,control_jul
98,742.6768,control_jul
43,742.9772,control_jul
64,743.2775,control_jul
64,743.5778,control_jul
64,743.8781,control_jul
71,744.1785,control_jul
10,744.4788,control_jul
176,744.7791,control_jul
32,745.0795,control_jul
50,745.3798,control_jul
67,745.6801,control_jul
172,745.9805,control_jul
89,746.2808,control_jul
184,746.5811,control_jul
44,746.8814,control_jul
191,747.1818,control_jul
191,747.482,control_jul
106,747.7824,control_jul
87,748.0828,control_jul
110,748.3831,control_jul
31,748.6834,control_jul
19,748.9837,control_jul
19,749.2841,control_jul
83,749.5844,control_jul
35,749.8847,control_jul
92,750.1851,control_jul
164,750.4854,control_jul
206,750.7857,control_jul
185,751.086,control_jul
29,751.3863,control_jul
98,751.6867,control_jul
112,751.9869,control_jul
65,752.2874,control_jul
63,752.5877,control_jul
205,752.888,control_jul
17,753.1883,control_jul
63,753.4886,control_jul
35,753.789,control_jul
123,754.0893,control_jul
36,754.3897,control_jul
29,754.69,control_jul
65,754.9902,control_jul
70,755.2906,control_jul
29,755.5909,control_jul
203,755.8913,control_jul
130,756.1916,control_jul
94,756.4919,control_jul
118,756.7923,control_jul
63,757.0926,control_jul
185,757.3929,control_jul
189,757.6933,control_jul
32,757.9936,control_jul
154,758.2939,control_jul
33,758.5942,control_jul
64,758.8945,control_jul
31,759.1949,control_jul
3,759.4952,control_jul
78,759.7955,control_jul
156,760.0959,control_jul
23,760.3962,control_jul
130,760.6965,control_jul
28,760.9969,control_jul
164,761.2972,control_jul
171,761.5975,control_jul
162,761.8978,control_jul
62,762.1981,control_jul
116,762.4985,control_jul
62,762.7988,control_jul
72,763.0992,control_jul
76,763.3995,control_jul
196,763.6998,control_jul
164,764.0002,control_jul
184,764.3004,control_jul
70,764.6008,control_jul
29,764.9011,control_jul
209,765.2014,control_jul
52,765.5018,control_jul
17,765.8021,control_jul
32,766.1025,control_jul
3,766.4028,control_jul
48,766.7031,control_jul
87,767.0034,control_jul
161,767.3038,control_jul
190,767.6041,control_jul
181,767.9044,control_jul
140,768.2047,control_jul
79,768.5051,control_jul
154,768.8054,control_jul
131,769.1057,control_jul
70,769.406,control_jul
87,769.7063,control_jul
117,770.0067,control_jul
101,770.307,control_jul
30,770.6073,control_jul
52,770.9076,control_jul
164,771.208,control_jul
144,771.5084,control_jul
185,771.8086,control_jul
22,772.1089,control_jul
32,772.4093,control_jul
3,772.7097,control_jul
20,773.01,control_jul
75,773.3103,control_jul
125,773.6106,control_jul
75,773.911,control_jul
139,774.2113,control_jul
7,774.5116,control_jul
4,774.8119,control_jul
155,775.1123,control_jul
20,775.4126,control_jul
16,775.7129,control_jul
43,776.0133,control_jul
176,776.3135,control_jul
11,776.6139,control_jul
11,776.9142,control_jul
91,777.2145,control_jul
95,777.5149,control_jul
11,777.8152,control_jul
158,778.1155,control_jul
3,778.4158,control_jul
205,778.7162,control_jul
202,779.0165,control_jul
93,779.3169,control_jul
115,779.6172,control_jul
172,779.9175,control_jul
129,780.2178,control_jul
206,780.5181,control_jul
144,780.8185,control_jul
179,781.1188,control_jul
28,781.4191,control_jul
92,781.7195,control_jul
185,782.0198,control_jul
92,782.3201,control_jul
202,782.6204,control_jul
8,782.9208,control_jul
61,783.2211,control_jul
19,783.5214,control_jul
55,783.8217,control_jul
92,784.1221,control_jul
205,784.4224,control_jul
12,784.7228,control_jul
55,785.0231,control_jul
117,785.3234,control_jul
184,785.6237,control_jul
39,785.9241,control_jul
189,786.2244,control_jul
122,786.5247,control_jul
125,786.8251,control_jul
31,787.1253,control_jul
199,787.4257,control_jul
124,787.726,control_jul
47,788.0263,control_jul
1,788.3267,control_jul
172,788.6298,control_jul
191,788.9273,control_jul
164,789.2276,control_jul
158,789.528,control_jul
98,789.8283,control_jul
98,790.1286,control_jul
98,790.429,control_jul
202,790.7293,control_jul
164,791.0297,control_jul
144,791.3299,control_jul
197,791.6303,control_jul
25,791.9306,control_jul
25,792.2309,control_jul
41,792.5313,control_jul
93,792.8316,control_jul
93,793.1319,control_jul
110,793.4323,control_jul
151,793.7326,control_jul
151,794.0329,control_jul
16,794.3332,control_jul
10,794.6353,control_jul
10,794.9339,control_jul
180,795.2342,control_jul
16,795.5346,control_jul
103,795.8349,control_jul
88,796.1352,control_jul
115,796.4355,control_jul
115,796.7358,control_jul
67,797.0362,control_jul
161,797.3365,control_jul
17,797.6368,control_jul
78,797.9372,control_jul
38,798.2375,control_jul
206,798.5379,control_jul
139,798.8382,control_jul
75,799.1385,control_jul
72,799.4388,control_jul
99,799.7392,control_jul
7,800.0395,control_jul
4,800.3398,control_jul
139,800.6402,control_jul
111,800.9405,control_jul
64,801.2408,control_jul
199,801.5411,control_jul
124,801.8414,control_jul
134,802.1418,control_jul
80,802.4421,control_jul
173,802.7424,control_jul
92,803.0427,control_jul
183,803.3431,control_jul
38,803.6434,control_jul
44,803.9437,control_jul
192,804.2441,control_jul
155,804.5444,control_jul
7,804.8447,control_jul
1,805.1451,control_jul
31,805.4454,control_jul
31,805.7457,control_jul
139,806.046,control_jul
33,806.3464,control_jul
161,806.6467,control_jul
73,806.947,control_jul
136,807.2474,control_jul
125,807.5476,control_jul
31,807.848,control_jul
142,808.1484,control_jul
151,808.4486,control_jul
153,808.749,control_jul
115,809.0493,control_jul
42,809.3496,control_jul
175,809.65,control_jul
78,809.9503,control_jul
16,810.2506,control_jul
118,810.551,control_jul
29,810.8513,control_jul
36,811.1516,control_jul
63,811.4519,control_jul
74,811.7523,control_jul
13,812.0526,control_jul
63,812.3529,control_jul
119,812.6533,control_jul
42,812.9536,control_jul
176,813.254,control_jul
65,813.5542,control_jul
202,813.8546,control_jul
164,814.1549,control_jul
205,814.4552,control_jul
180,814.7556,control_jul
35,815.0559,control_jul
196,815.3562,control_jul
144,815.6565,control_jul
133,815.9569,control_jul
164,816.2572,control_jul
132,816.5575,control_jul
117,816.8579,control_jul
208,817.1581,control_jul
29,817.4585,control_jul
70,817.7588,control_jul
87,818.0591,control_jul
211,818.3595,control_jul
29,818.6598,control_jul
209,818.9601,control_jul
16,819.2605,control_jul
176,819.5608,control_jul
8,819.8611,control_jul
12,820.1615,control_jul
88,820.4617,control_jul
74,820.7621,control_jul
70,821.0625,control_jul
63,821.3628,control_jul
92,821.6631,control_jul
35,821.9634,control_jul
144,822.2637,control_jul
97,822.5641,control_jul
165,822.8644,control_jul
16,823.1647,control_jul
158,823.4651,control_jul
114,823.7654,control_jul
210,824.0658,control_jul
78,824.366,control_jul
17,824.6664,control_jul
184,824.9667,control_jul
32,825.267,control_jul
78,825.5674,control_jul
20,825.8677,control_jul
19,826.168,control_jul
87,826.4684,control_jul
60,826.7687,control_jul
189,827.069,control_jul
142,827.3694,control_jul
84,827.6697,control_jul
141,827.97,control_jul
175,828.2704,control_jul
199,828.5707,control_jul
202,828.871,control_jul
185,829.1713,control_jul
126,829.4716,control_jul
142,829.772,control_jul
161,830.0723,control_jul
31,830.3726,control_jul
190,830.673,control_jul
110,830.9789,control_jul
67,831.2736,control_jul
50,831.574,control_jul
74,831.8742,control_jul
38,832.1746,control_jul
70,832.4749,control_jul
32,832.7753,control_jul
78,833.0756,control_jul
3,833.3759,control_jul
209,833.6763,control_jul
136,833.9766,control_jul
175,834.2769,control_jul
142,834.5772,control_jul
125,834.8776,control_jul
175,835.1779,control_jul
159,835.4782,control_jul
127,835.7786,control_jul
161,836.0788,control_jul
31,836.3792,control_jul
73,836.6795,control_jul
89,836.9798,control_jul
193,837.2802,control_jul
208,837.5805,control_jul
150,837.8808,control_jul
144,838.1812,control_jul
24,838.4815,control_jul
23,838.7818,control_jul
28,839.0821,control_jul
14,839.3824,control_jul
10,839.6828,control_jul
4,839.9831,control_jul
75,840.2834,control_jul
87,840.5838,control_jul
139,840.8841,control_jul
1,841.1844,control_jul
64,841.4847,control_jul
84,841.7851,control_jul
141,842.0855,control_jul
141,842.3858,control_jul
174,842.6861,control_jul
174,842.9864,control_jul
174,843.2867,control_jul
115,843.5871,control_jul
42,843.8874,control_jul
176,844.1877,control_jul
19,844.488,control_jul
158,844.7884,control_jul
61,845.0887,control_jul
174,845.389,control_jul
74,845.6893,control_jul
19,845.9897,control_jul
87,846.29,control_jul
176,846.5903,control_jul
158,846.8906,control_jul
85,847.191,control_jul
8,847.4913,control_jul
77,847.7916,control_jul
7,848.092,control_jul
7,848.3923,control_jul
77,848.6926,control_jul
153,848.993,control_jul
50,849.2933,control_jul
93,849.5936,control_jul
61,849.8939,control_jul
174,850.1942,control_jul
153,850.4946,control_jul
153,850.7949,control_jul
145,851.0952,control_jul
31,851.3956,control_jul
47,851.6959,control_jul
193,851.9962,control_jul
143,852.2965,control_jul
20,852.5968,control_jul
208,852.8972,control_jul
75,853.1975,control_jul
1,853.4979,control_jul
1,853.7981,control_jul
75,854.0985,control_jul
155,854.3988,control_jul
44,854.6992,control_jul
22,854.9995,control_jul
185,855.2998,control_jul
123,855.6002,control_jul
113,855.9004,control_jul
98,856.2008,control_jul
98,856.5012,control_jul
121,856.8014,control_jul
55,857.1018,control_jul
185,857.4021,control_jul
28,857.7024,control_jul
130,858.0028,control_jul
160,858.3031,control_jul
23,858.6034,control_jul
95,858.9037,control_jul
114,859.2041,control_jul
70,859.5044,control_jul
16,859.8047,control_jul
98,860.1051,control_jul
17,860.4053,control_jul
3,860.7057,control_jul
83,861.006,control_jul
185,861.3063,control_jul
182,861.6095,control_jul
117,861.907,control_jul
35,862.2073,control_jul
205,862.5077,control_jul
149,862.808,control_jul
38,863.1083,control_jul
206,863.4087,control_jul
117,863.709,control_jul
87,864.0093,control_jul
19,864.3096,control_jul
29,864.61,control_jul
20,864.9103,control_jul
85,865.2106,control_jul
117,865.511,control_jul
37,865.8113,control_jul
41,866.1116,control_jul
16,866.4119,control_jul
8,866.7123,control_jul
7,867.0126,control_jul
208,867.3129,control_jul
193,867.6132,control_jul
199,867.9135,control_jul
72,868.2139,control_jul
97,868.5143,control_jul
135,868.8146,control_jul
122,869.1149,control_jul
152,869.4152,control_jul
138,869.7155,control_jul
193,870.0159,control_jul
3,870.3162,control_jul
87,870.6165,control_jul
50,870.9168,control_jul
42,871.2172,control_jul
174,871.5175,control_jul
115,871.8178,control_jul
67,872.1181,control_jul
75,872.4185,control_jul
72,872.7188,control_jul
199,873.0192,control_jul
46,873.3195,control_jul
127,873.6198,control_jul
64,873.9201,control_jul
84,874.2205,control_jul
7,874.5208,control_jul
175,874.8211,control_jul
75,875.1215,control_jul
190,875.4218,control_jul
136,875.7221,control_jul
140,876.0225,control_jul
162,876.3228,control_jul
157,876.6231,control_jul
151,876.9234,control_jul
115,877.2237,control_jul
61,877.5241,control_jul
74,877.8244,control_jul
93,878.1247,control_jul
10,878.4251,control_jul
87,878.7254,control_jul
158,879.0257,control_jul
19,879.326,control_jul
47,879.6264,control_jul
190,879.9267,control_jul
73,880.227,control_jul
125,880.5274,control_jul
50,880.8277,control_jul
143,881.1279,control_jul
67,881.4284,control_jul
47,881.7286,control_jul
56,882.029,control_jul
6,882.3293,control_jul
181,882.6297,control_jul
1,882.93,control_jul
33,883.2303,control_jul
73,883.5306,control_jul
125,883.831,control_jul
31,884.1313,control_jul
20,884.4316,control_jul
87,884.7319,control_jul
38,885.0322,control_jul
126,885.3326,control_jul
63,885.6329,control_jul
32,885.9333,control_jul
177,886.2336,control_jul
83,886.5339,control_jul
63,886.8342,control_jul
209,887.1345,control_jul
3,887.4348,control_jul
29,887.7352,control_jul
38,888.0355,control_jul
185,888.3358,control_jul
126,888.6362,control_jul
202,888.9365,control_jul
206,889.2368,control_jul
117,889.5372,control_jul
193,889.8375,control_jul
33,890.1378,control_jul
64,890.4381,control_jul
64,890.7384,control_jul
20,891.0388,control_jul
1,891.3391,control_jul
6,891.6394,control_jul
31,891.9398,control_jul
31,892.2401,control_jul
1,892.5404,control_jul
31,892.8408,control_jul
17,893.1411,control_jul
35,893.4414,control_jul
164,893.7418,control_jul
185,894.042,control_jul
17,894.3424,control_jul
17,894.6427,control_jul
158,894.943,control_jul
29,895.2434,control_jul
117,895.5437,control_jul
32,895.844,control_jul
180,896.1443,control_jul
189,896.4559,control_jul
17,896.745,control_jul
184,897.0453,control_jul
117,897.3456,control_jul
75,897.646,control_jul
142,897.9463,control_jul
193,898.2466,control_jul
74,898.547,control_jul
10,898.8473,control_jul
209,899.1476,control_jul
17,899.448,control_jul
87,899.7483,control_jul
144,900.0486,control_jul
196,900.3489,control_jul
191,900.6492,control_jul
133,900.9495,control_jul
35,901.2499,control_jul
154,901.5502,control_jul
140,901.8505,control_jul
110,902.1509,control_jul
151,902.4512,control_jul
6,902.7515,control_jul
111,903.0518,control_jul
75,903.3522,control_jul
64,903.6525,control_jul
67,903.9529,control_jul
125,904.2532,control_jul
193,904.5535,control_jul
190,904.8538,control_jul
172,905.1541,control_jul
192,905.4545,control_jul
165,905.7548,control_jul
126,906.0551,control_jul
184,906.3555,control_jul
112,906.6557,control_jul
35,906.9561,control_jul
185,907.2564,control_jul
191,907.5568,control_jul
133,907.8571,control_jul
196,908.1574,control_jul
179,908.4577,control_jul
119,908.758,control_jul
1,909.0584,control_jul
154,909.3587,control_jul
103,909.659,control_jul
61,909.9593,control_jul
61,910.2596,control_jul
189,910.56,control_jul
194,910.8604,control_jul
183,911.1607,control_jul
12,911.461,control_jul
14,911.7613,control_jul
70,912.0617,control_jul
117,912.362,control_jul
83,912.6623,control_jul
192,912.9626,control_jul
17,913.2629,control_jul
13,913.5632,control_jul
24,913.8636,control_jul
24,914.1639,control_jul
160,914.4643,control_jul
41,914.7646,control_jul
93,915.0649,control_jul
50,915.3652,control_jul
143,915.6656,control_jul
111,915.9659,control_jul
161,916.2662,control_jul
155,916.5665,control_jul
33,916.8668,control_jul
125,917.1672,control_jul
71,917.4675,control_jul
122,917.7678,control_jul
67,918.0681,control_jul
31,918.3685,control_jul
7,918.6688,control_jul
1,918.9692,control_jul
174,919.2694,control_jul
141,919.5698,control_jul
31,919.8701,control_jul
190,920.1705,control_jul
193,920.4708,control_jul
72,920.7711,control_jul
33,921.0715,control_jul
136,921.3717,control_jul
72,921.6721,control_jul
190,921.9724,control_jul
199,922.2727,control_jul
1,922.5731,control_jul
1,922.8734,control_jul
115,923.1737,control_jul
84,923.474,control_jul
141,923.7743,control_jul
145,924.0747,control_jul
31,924.375,control_jul
38,924.6753,control_jul
158,924.9757,control_jul
33,925.276,control_jul
29,925.5763,control_jul
131,925.8766,control_jul
158,926.177,control_jul
158,926.4772,control_jul
88,926.7776,control_jul
176,927.0779,control_jul
7,927.3783,control_jul
193,927.6785,control_jul
143,927.9789,control_jul
67,928.2792,control_jul
75,928.5796,control_jul
143,928.8798,control_jul
67,929.1802,control_jul
199,929.4805,control_jul
199,929.7809,control_jul
75,930.0812,control_jul
20,930.3816,control_jul
137,930.6818,control_jul
57,930.9822,control_jul
49,931.2825,control_jul
192,931.5829,control_jul
73,931.8832,control_jul
35,932.1835,control_jul
152,932.4838,control_jul
75,932.7841,control_jul
56,933.0844,control_jul
59,933.3847,control_jul
83,933.6851,control_jul
44,933.9854,control_jul
180,934.2857,control_jul
185,934.586,control_jul
194,934.8864,control_jul
92,935.1867,control_jul
106,935.487,control_jul
206,935.7874,control_jul
72,936.0877,control_jul
122,936.3881,control_jul
152,936.6884,control_jul
72,936.9887,control_jul
159,937.289,control_jul
89,937.5893,control_jul
33,937.8897,control_jul
31,938.1899,control_jul
155,938.4902,control_jul
124,938.7907,control_jul
162,939.0909,control_jul
152,939.3913,control_jul
22,939.6915,control_jul
182,939.9919,control_jul
34,940.2922,control_jul
25,940.5925,control_jul
25,940.8929,control_jul
25,941.1932,control_jul
41,941.4935,control_jul
21,941.7939,control_jul
21,942.0942,control_jul
203,942.3945,control_jul
105,942.6948,control_jul
12,942.9952,control_jul
131,943.2955,control_jul
88,943.5958,control_jul
43,943.8961,control_jul
70,944.1964,control_jul
10,944.4968,control_jul
16,944.7971,control_jul
158,945.0975,control_jul
209,945.3978,control_jul
142,945.6981,control_jul
110,945.9984,control_jul
75,946.2988,control_jul
149,946.599,control_jul
70,946.8994,control_jul
193,947.1997,control_jul
122,947.5,control_jul
47,947.8004,control_jul
4,948.1007,control_jul
135,948.401,control_jul
157,948.7013,control_jul
151,949.0017,control_jul
124,949.302,control_jul
75,949.6023,control_jul
75,949.9026,control_jul
161,950.203,control_jul
161,950.5033,control_jul
140,950.8036,control_jul
152,951.1039,control_jul
75,951.4043,control_jul
31,951.7046,control_jul
72,952.3052,control_jul
73,952.6056,control_jul
161,952.9059,control_jul
193,953.2062,control_jul
149,953.5065,control_jul
29,953.8068,control_jul
112,954.1072,control_jul
123,954.4076,control_jul
197,954.7079,control_jul
97,955.0082,control_jul
123,955.3085,control_jul
128,955.6089,control_jul
89,955.9091,control_jul
110,956.2095,control_jul
43,956.5098,control_jul
10,956.8102,control_jul
48,957.1104,control_jul
184,957.4108,control_jul
13,957.7111,control_jul
52,958.0115,control_jul
118,958.3117,control_jul
139,958.6121,control_jul
172,958.9124,control_jul
142,959.2127,control_jul
193,959.5131,control_jul
142,959.8134,control_jul
31,960.1138,control_jul
155,960.414,control_jul
20,960.7144,control_jul
158,961.0147,control_jul
19,961.315,control_jul
209,961.6154,control_jul
87,961.9157,control_jul
85,962.216,control_jul
87,962.5163,control_jul
87,962.8166,control_jul
20,963.117,control_jul
31,963.4173,control_jul
4,963.7176,control_jul
70,964.0179,control_jul
132,964.3183,control_jul
85,964.6186,control_jul
101,964.9189,control_jul
101,965.2192,control_jul
86,965.5196,control_jul
169,965.8199,control_jul
111,966.1203,control_jul
151,966.4206,control_jul
30,966.7208,control_jul
101,967.0211,control_jul
99,967.3215,control_jul
74,967.6218,control_jul
101,967.9221,control_jul
148,968.2225,control_jul
164,968.5228,control_jul
164,968.8232,control_jul
123,969.1235,control_jul
158,969.4238,control_jul
52,969.7241,control_jul
205,970.0245,control_jul
158,970.3247,control_jul
12,970.6251,control_jul
210,970.9254,control_jul
23,971.2258,control_jul
156,971.5261,control_jul
130,971.8264,control_jul
156,972.1268,control_jul
160,972.427,control_jul
24,972.7274,control_jul
210,973.0277,control_jul
158,973.328,control_jul
20,973.6284,control_jul
89,973.9287,control_jul
161,974.229,control_jul
89,974.5293,control_jul
182,974.8297,control_jul
72,975.13,control_jul
4,975.4303,control_jul
99,975.7306,control_jul
169,976.031,control_jul
99,976.3313,control_jul
193,976.6316,control_jul
73,976.932,control_jul
73,977.2323,control_jul
79,977.5326,control_jul
73,977.8329,control_jul
190,978.1333,control_jul
163,978.4336,control_jul
89,978.7339,control_jul
89,979.0342,control_jul
209,979.3346,control_jul
182,979.6349,control_jul
205,979.9352,control_jul
158,980.2356,control_jul
19,980.5359,control_jul
38,980.8362,control_jul
128,981.1365,control_jul
89,981.4369,control_jul
71,981.7372,control_jul
182,982.0375,control_jul
164,982.3378,control_jul
179,982.6382,control_jul
76,982.9385,control_jul
207,983.2388,control_jul
200,983.5391,control_jul
207,983.8395,control_jul
207,984.1398,control_jul
207,984.4402,control_jul
133,984.7404,control_jul
133,985.0408,control_jul
35,985.3411,control_jul
209,985.6414,control_jul
117,985.9417,control_jul
35,986.2421,control_jul
36,986.5424,control_jul
185,986.8428,control_jul
22,987.143,control_jul
97,987.4434,control_jul
23,987.7437,control_jul
23,988.044,control_jul
23,988.3444,control_jul
23,988.6447,control_jul
23,988.945,control_jul
160,989.2454,control_jul
210,989.5457,control_jul
204,989.846,control_jul
204,990.1463,control_jul
114,990.4467,control_jul
34,990.747,control_jul
37,991.0473,control_jul
25,991.3476,control_jul
21,991.648,control_jul
21,991.9483,control_jul
105,992.2486,control_jul
147,992.549,control_jul
88,992.8493,control_jul
14,993.1496,control_jul
14,993.4527,control_jul
203,993.754,control_jul
37,994.0506,control_jul
28,994.3509,control_jul
59,994.6512,control_jul
7,994.9516,control_jul
145,995.2519,control_jul
77,995.5522,control_jul
181,995.8525,control_jul
64,996.1528,control_jul
29,996.4532,control_jul
20,996.7536,control_jul
125,997.0539,control_jul
31,997.3542,control_jul
127,997.6546,control_jul
154,997.9548,control_jul
16,998.2552,control_jul
30,998.5555,control_jul
189,998.8558,control_jul
36,999.1561,control_jul
177,999.4565,control_jul
29,999.7568,control_jul
182,1000.0571,control_jul
183,1000.3574,control_jul
84,1000.6578,control_jul
42,1000.9581,control_jul
208,1001.2584,control_jul
172,1001.5588,control_jul
127,1001.8591,control_jul
124,1002.1595,control_jul
106,1002.4597,control_jul
179,1002.7601,control_jul
49,1003.0604,control_jul
97,1003.3607,control_jul
106,1003.6611,control_jul
202,1003.9613,control_jul
58,1004.2617,control_jul
162,1004.562,control_jul
47,1004.8623,control_jul
190,1005.1627,control_jul
73,1005.463,control_jul
33,1005.7633,control_jul
1,1006.0637,control_jul
181,1006.364,control_jul
172,1006.6643,control_jul
47,1006.9646,control_jul
17,1007.2649,control_jul
182,1007.567,control_jul
78,1007.8656,control_jul
209,1008.166,control_jul
118,1008.4663,control_jul
37,1008.7666,control_jul
197,1009.0669,control_jul
41,1009.3673,control_jul
198,1009.6676,control_jul
137,1009.9679,control_jul
184,1010.2683,control_jul
177,1010.5686,control_jul
29,1010.8689,control_jul
202,1011.1692,control_jul
37,1011.4695,control_jul
130,1011.7699,control_jul
197,1012.0702,control_jul
130,1012.3705,control_jul
156,1012.6708,control_jul
156,1012.9712,control_jul
69,1013.2715,control_jul
131,1013.5718,control_jul
74,1013.8722,control_jul
65,1014.1725,control_jul
182,1014.4728,control_jul
34,1014.7732,control_jul
203,1015.0735,control_jul
88,1015.3738,control_jul
12,1015.6741,control_jul
182,1015.9745,control_jul
37,1016.2748,control_jul
23,1016.5751,control_jul
34,1016.8754,control_jul
55,1017.1757,control_jul
106,1017.4761,control_jul
123,1017.7764,control_jul
180,1018.0768,control_jul
13,1018.3771,control_jul
38,1018.6774,control_jul
78,1018.9778,control_jul
165,1019.2781,control_jul
35,1019.5784,control_jul
192,1019.8788,control_jul
71,1020.1791,control_jul
56,1020.4794,control_jul
190,1020.7797,control_jul
84,1021.0801,control_jul
115,1021.3803,control_jul
143,1021.6807,control_jul
174,1021.981,control_jul
115,1022.2814,control_jul
143,1022.5817,control_jul
143,1022.882,control_jul
145,1023.1823,control_jul
19,1023.4826,control_jul
20,1023.7829,control_jul
125,1024.0834,control_jul
73,1024.3837,control_jul
75,1024.684,control_jul
67,1024.9843,control_jul
163,1025.2846,control_jul
202,1025.585,control_jul
177,1025.8853,control_jul
87,1026.1856,control_jul
151,1026.486,control_jul
145,1026.7862,control_jul
174,1027.0866,control_jul
174,1027.3868,control_jul
85,1027.6872,control_jul
182,1027.9875,control_jul
63,1028.2879,control_jul
12,1028.5882,control_jul
158,1028.8885,control_jul
154,1029.1889,control_jul
142,1029.4892,control_jul
181,1029.7895,control_jul
143,1030.0899,control_jul
115,1030.3902,control_jul
67,1030.6905,control_jul
164,1030.9908,control_jul
165,1031.2912,control_jul
158,1031.5915,control_jul
151,1032.1938,control_jul
151,1032.4924,control_jul
42,1032.7928,control_jul
154,1033.0931,control_jul
32,1033.3934,control_jul
70,1033.6938,control_jul
53,1033.994,control_jul
19,1034.2944,control_jul
14,1034.5947,control_jul
209,1034.8951,control_jul
16,1035.1954,control_jul
61,1035.4957,control_jul
16,1035.796,control_jul
98,1036.0964,control_jul
55,1036.3967,control_jul
123,1036.697,control_jul
182,1036.9974,control_jul
209,1037.2977,control_jul
19,1037.598,control_jul
16,1037.8983,control_jul
12,1038.1987,control_jul
158,1038.499,control_jul
29,1038.7993,control_jul
57,1039.0997,control_jul
70,1039.4,control_jul
189,1039.7003,control_jul
88,1040.0006,control_jul
14,1040.301,control_jul
19,1040.6013,control_jul
35,1040.9016,control_jul
192,1041.202,control_jul
124,1041.5023,control_jul
142,1041.8026,control_jul
145,1042.1029,control_jul
29,1042.4033,control_jul
209,1042.7036,control_jul
87,1043.004,control_jul
139,1043.3043,control_jul
155,1043.6045,control_jul
155,1043.9049,control_jul
155,1044.2052,control_jul
154,1044.5056,control_jul
76,1044.8059,control_jul
144,1045.1062,control_jul
133,1045.4065,control_jul
144,1045.7069,control_jul
200,1046.0072,control_jul
18,1046.3075,control_jul
157,1046.6078,control_jul
99,1046.9082,control_jul
1,1047.2085,control_jul
90,1047.5088,control_jul
33,1047.8091,control_jul
47,1048.1095,control_jul
6,1048.4098,control_jul
89,1048.7101,control_jul
51,1049.0105,control_jul
161,1049.3108,control_jul
184,1049.6111,control_jul
144,1049.9115,control_jul
144,1050.2118,control_jul
197,1050.5121,control_jul
105,1050.8125,control_jul
19,1051.1127,control_jul
10,1051.4131,control_jul
19,1051.7134,control_jul
16,1052.0137,control_jul
209,1052.314,control_jul
165,1052.6144,control_jul
63,1052.9147,control_jul
39,1053.215,control_jul
39,1053.5154,control_jul
39,1053.8156,control_jul
39,1054.1161,control_jul
22,1054.4164,control_jul
39,1054.7167,control_jul
117,1055.017,control_jul
39,1055.3173,control_jul
39,1055.6177,control_jul
39,1055.918,control_jul
39,1056.2183,control_jul
34,1056.5186,control_jul
23,1056.819,control_jul
21,1057.1193,control_jul
204,1057.4196,control_jul
26,1057.7208,control_jul
105,1058.0231,control_jul
95,1058.3206,control_jul
204,1058.6209,control_jul
37,1058.9213,control_jul
37,1059.2216,control_jul
13,1059.522,control_jul
165,1059.8223,control_jul
44,1060.1226,control_jul
13,1060.4229,control_jul
209,1060.7233,control_jul
85,1061.0306,control_jul
23,1061.3239,control_jul
37,1061.6242,control_jul
156,1061.9254,control_jul
130,1062.2249,control_jul
25,1062.5252,control_jul
156,1062.8255,control_jul
25,1063.1259,control_jul
25,1063.4262,control_jul
41,1063.7266,control_jul
104,1064.0268,control_jul
95,1064.3272,control_jul
14,1064.6275,control_jul
182,1064.9278,control_jul
16,1065.2282,control_jul
148,1065.5285,control_jul
165,1065.8288,control_jul
182,1066.1291,control_jul
35,1066.4294,control_jul
37,1066.7298,control_jul
205,1067.0301,control_jul
180,1067.3305,control_jul
192,1067.6308,control_jul
37,1067.9311,control_jul
24,1068.2315,control_jul
198,1068.5318,control_jul
91,1068.8321,control_jul
11,1069.1324,control_jul
114,1069.4328,control_jul
37,1069.7331,control_jul
198,1070.0334,control_jul
203,1070.3337,control_jul
160,1070.634,control_jul
156,1070.9344,control_jul
130,1071.2347,control_jul
10,1071.5351,control_jul
203,1071.8354,control_jul
37,1072.1357,control_jul
156,1072.436,control_jul
25,1072.7364,control_jul
25,1073.0367,control_jul
25,1073.337,control_jul
25,1073.6374,control_jul
197,1073.9377,control_jul
210,1074.238,control_jul
14,1074.5383,control_jul
3,1074.8387,control_jul
165,1075.139,control_jul
117,1075.4393,control_jul
182,1075.7396,control_jul
184,1076.04,control_jul
87,1076.3404,control_jul
14,1076.6406,control_jul
78,1076.9409,control_jul
137,1077.2413,control_jul
63,1077.5416,control_jul
209,1077.8419,control_jul
20,1078.1423,control_jul
50,1078.7429,control_jul
8,1079.0432,control_jul
61,1079.3436,control_jul
101,1079.6439,control_jul
110,1079.9443,control_jul
1,1080.2446,control_jul
155,1080.5449,control_jul
155,1080.8452,control_jul
161,1081.1455,control_jul
208,1081.4459,control_jul
1,1081.7462,control_jul
155,1082.0466,control_jul
157,1082.3468,control_jul
124,1082.6472,control_jul
157,1082.9475,control_jul
55,1083.2478,control_jul
55,1083.5482,control_jul
92,1083.8485,control_jul
97,1084.1488,control_jul
164,1084.4492,control_jul
196,1084.7495,control_jul
194,1085.0499,control_jul
179,1085.3502,control_jul
194,1085.6505,control_jul
194,1085.9508,control_jul
173,1086.2511,control_jul
135,1086.5515,control_jul
188,1086.8518,control_jul
188,1087.1521,control_jul
163,1087.4524,control_jul
163,1087.7528,control_jul
136,1088.0531,control_jul
136,1088.3534,control_jul
134,1088.6538,control_jul
116,1088.9541,control_jul
45,1089.2545,control_jul
72,1089.5548,control_jul
207,1089.8551,control_jul
200,1090.1554,control_jul
179,1090.4557,control_jul
192,1090.7561,control_jul
117,1091.0564,control_jul
85,1091.3567,control_jul
61,1091.6571,control_jul
29,1091.9574,control_jul
55,1092.2577,control_jul
35,1092.558,control_jul
76,1092.8583,control_jul
24,1093.1587,control_jul
156,1093.459,control_jul
198,1093.7594,control_jul
24,1094.0597,control_jul
165,1094.36,control_jul
35,1094.6603,control_jul
209,1094.9606,control_jul
165,1095.261,control_jul
57,1095.5613,control_jul
189,1095.8617,control_jul
151,1096.162,control_jul
84,1096.4623,control_jul
42,1096.7626,control_jul
29,1097.0629,control_jul
70,1097.3633,control_jul
35,1097.6636,control_jul
185,1097.9639,control_jul
189,1098.2643,control_jul
176,1098.5646,control_jul
43,1098.8649,control_jul
77,1099.1652,control_jul
172,1099.4656,control_jul
139,1099.7659,control_jul
6,1100.0662,control_jul
64,1100.3665,control_jul
125,1100.6669,control_jul
190,1100.9672,control_jul
199,1101.2675,control_jul
31,1101.5679,control_jul
78,1101.8683,control_jul
8,1102.1685,control_jul
174,1102.4689,control_jul
84,1102.7692,control_jul
115,1103.0695,control_jul
110,1103.3698,control_jul
153,1103.6702,control_jul
42,1103.9705,control_jul
56,1104.2708,control_jul
136,1104.5711,control_jul
72,1104.8715,control_jul
182,1105.1718,control_jul
164,1105.4722,control_jul
76,1105.7725,control_jul
40,1106.0728,control_jul
133,1106.3732,control_jul
106,1106.6735,control_jul
113,1106.9738,control_jul
211,1107.2742,control_jul
47,1107.5745,control_jul
75,1107.8748,control_jul
84,1108.1751,control_jul
67,1108.4754,control_jul
84,1108.7757,control_jul
31,1109.076,control_jul
148,1109.3764,control_jul
158,1109.6768,control_jul
17,1109.9771,control_jul
48,1110.2774,control_jul
131,1110.5778,control_jul
4,1110.878,control_jul
143,1111.1784,control_jul
143,1111.4787,control_jul
67,1111.779,control_jul
75,1112.0794,control_jul
84,1112.3797,control_jul
51,1112.68,control_jul
33,1112.9803,control_jul
14,1113.2807,control_jul
10,1113.581,control_jul
67,1113.8813,control_jul
172,1114.1817,control_jul
209,1114.482,control_jul
19,1114.7823,control_jul
112,1115.0826,control_jul
23,1115.3829,control_jul
55,1115.6833,control_jul
87,1115.9836,control_jul
3,1116.284,control_jul
131,1116.5843,control_jul
84,1116.8846,control_jul
42,1117.185,control_jul
88,1117.4852,control_jul
74,1117.7856,control_jul
35,1118.0859,control_jul
152,1118.3863,control_jul
31,1118.6865,control_jul
84,1118.9869,control_jul
111,1119.2872,control_jul
98,1119.5876,control_jul
87,1119.8878,control_jul
124,1120.1882,control_jul
7,1120.4885,control_jul
140,1120.7889,control_jul
64,1121.0892,control_jul
64,1121.3895,control_jul
64,1121.6899,control_jul
155,1121.9902,control_jul
64,1122.2905,control_jul
67,1122.5908,control_jul
151,1122.8911,control_jul
153,1123.1915,control_jul
145,1123.4918,control_jul
1,1123.7921,control_jul
1,1124.0925,control_jul
64,1124.3928,control_jul
199,1124.6931,control_jul
205,1124.9934,control_jul
78,1125.2938,control_jul
192,1125.5941,control_jul
44,1125.8945,control_jul
92,1126.1947,control_jul
144,1126.4951,control_jul
97,1126.7954,control_jul
198,1127.0957,control_jul
156,1127.396,control_jul
28,1127.6964,control_jul
133,1127.9967,control_jul
144,1128.297,control_jul
133,1128.5974,control_jul
97,1128.8977,control_jul
29,1129.198,control_jul
63,1129.4984,control_jul
164,1129.7986,control_jul
144,1130.099,control_jul
133,1130.3994,control_jul
100,1130.6997,control_jul
16,1131.0,control_jul
12,1131.3003,control_jul
55,1131.6007,control_jul
123,1131.901,control_jul
164,1132.2013,control_jul
164,1132.5017,control_jul
83,1132.802,control_jul
13,1133.1023,control_jul
189,1133.4027,control_jul
16,1133.703,control_jul
87,1134.0033,control_jul
85,1134.3036,control_jul
8,1134.604,control_jul
115,1134.9043,control_jul
153,1135.2046,control_jul
115,1135.505,control_jul
111,1135.8052,control_jul
3,1136.1056,control_jul
182,1136.4059,control_jul
165,1136.7062,control_jul
29,1137.0066,control_jul
204,1137.3069,control_jul
204,1137.6073,control_jul
105,1137.9084,control_jul
88,1138.2079,control_jul
174,1138.5082,control_jul
50,1138.8085,control_jul
70,1139.1089,control_jul
176,1139.4092,control_jul
176,1139.7095,control_jul
177,1140.0099,control_jul
78,1140.3102,control_jul
52,1140.6105,control_jul
78,1140.9109,control_jul
78,1141.2112,control_jul
3,1141.5115,control_jul
131,1141.8118,control_jul
16,1142.1121,control_jul
85,1142.4125,control_jul
114,1142.7128,control_jul
41,1143.0131,control_jul
70,1143.3135,control_jul
158,1143.6138,control_jul
64,1143.9141,control_jul
84,1144.2144,control_jul
64,1144.5148,control_jul
12,1144.8151,control_jul
19,1145.1155,control_jul
20,1145.4158,control_jul
152,1145.7161,control_jul
199,1146.0164,control_jul
33,1146.3168,control_jul
161,1146.6171,control_jul
131,1146.9174,control_jul
19,1147.2178,control_jul
70,1147.518,control_jul
87,1147.8184,control_jul
22,1148.1188,control_jul
22,1148.4191,control_jul
63,1148.7194,control_jul
34,1149.0197,control_jul
34,1149.32,control_jul
23,1149.6204,control_jul
23,1149.9207,control_jul
48,1150.2211,control_jul
209,1150.5214,control_jul
113,1150.8217,control_jul
32,1151.122,control_jul
180,1151.4224,control_jul
81,1151.7226,control_jul
132,1152.023,control_jul
8,1152.3233,control_jul
42,1152.6236,control_jul
110,1152.924,control_jul
31,1153.2243,control_jul
175,1153.5246,control_jul
122,1153.825,control_jul
199,1154.1253,control_jul
182,1154.4257,control_jul
16,1154.726,control_jul
119,1155.0263,control_jul
67,1155.3266,control_jul
67,1155.6269,control_jul
87,1155.9272,control_jul
29,1156.2276,control_jul
205,1156.5288,control_jul
197,1156.8283,control_jul
55,1157.1285,control_jul
17,1157.4289,control_jul
131,1157.7292,control_jul
50,1158.0296,control_jul
153,1158.3299,control_jul
174,1158.6302,control_jul
174,1158.9305,control_jul
64,1159.2309,control_jul
139,1159.5312,control_jul
33,1159.8315,control_jul
152,1160.1319,control_jul
199,1160.4322,control_jul
164,1160.7325,control_jul
137,1161.0329,control_jul
22,1161.3332,control_jul
206,1161.6335,control_jul
55,1161.9338,control_jul
36,1162.2342,control_jul
144,1162.5345,control_jul
144,1162.8348,control_jul
72,1163.1351,control_jul
135,1163.4355,control_jul
92,1163.7357,control_jul
118,1164.0361,control_jul
3,1164.3364,control_jul
123,1164.6368,control_jul
164,1164.9371,control_jul
206,1165.2374,control_jul
35,1165.5377,control_jul
60,1165.838,control_jul
3,1166.1384,control_jul
87,1166.4387,control_jul
1,1166.7391,control_jul
33,1167.0394,control_jul
64,1167.3397,control_jul
64,1167.6401,control_jul
64,1167.9404,control_jul
143,1168.2407,control_jul
176,1168.541,control_jul
47,1168.8413,control_jul
151,1169.1417,control_jul
1,1169.442,control_jul
67,1169.7423,control_jul
208,1170.0427,control_jul
145,1170.343,control_jul
125,1170.6434,control_jul
75,1170.9436,control_jul
209,1171.2439,control_jul
70,1171.5443,control_jul
131,1171.8446,control_jul
64,1172.145,control_jul
1,1172.4453,control_jul
1,1172.7456,control_jul
77,1173.0459,control_jul
14,1173.3462,control_jul
158,1173.6466,control_jul
50,1173.9469,control_jul
84,1174.2472,control_jul
6,1174.5476,control_jul
6,1174.8479,control_jul
181,1175.1482,control_jul
101,1175.4485,control_jul
61,1175.7489,control_jul
74,1176.0492,control_jul
158,1176.3495,control_jul
47,1176.6499,control_jul
52,1176.9502,control_jul
44,1177.2505,control_jul
36,1177.5508,control_jul
152,1177.8512,control_jul
75,1178.1515,control_jul
122,1178.4518,control_jul
151,1178.7522,control_jul
67,1179.0525,control_jul
19,1179.3528,control_jul
119,1179.6532,control_jul
64,1179.9534,control_jul
75,1180.2538,control_jul
73,1180.5541,control_jul
190,1180.8545,control_jul
190,1181.1548,control_jul
73,1181.4551,control_jul
190,1181.7555,control_jul
127,1182.0558,control_jul
157,1182.3562,control_jul
124,1182.6564,control_jul
33,1182.9567,control_jul
190,1183.2571,control_jul
118,1183.5574,control_jul
38,1183.8577,control_jul
13,1184.158,control_jul
14,1184.4584,control_jul
29,1184.7587,control_jul
182,1185.059,control_jul
63,1185.3594,control_jul
118,1185.6596,control_jul
206,1185.96,control_jul
44,1186.2604,control_jul
22,1186.5607,control_jul
208,1186.861,control_jul
71,1187.1613,control_jul
118,1187.4616,control_jul
184,1187.762,control_jul
78,1188.0623,control_jul
209,1188.3627,control_jul
177,1188.6629,control_jul
131,1188.9633,control_jul
115,1189.2636,control_jul
115,1189.564,control_jul
174,1189.8642,control_jul
43,1190.1645,control_jul
124,1190.4649,control_jul
7,1190.7652,control_jul
118,1191.0655,control_jul
16,1191.3659,control_jul
85,1191.6662,control_jul
70,1191.9666,control_jul
131,1192.2668,control_jul
17,1192.5672,control_jul
208,1192.8676,control_jul
190,1193.1678,control_jul
1,1193.4682,control_jul
64,1193.7685,control_jul
20,1194.0688,control_jul
17,1194.3691,control_jul
112,1194.6695,control_jul
106,1194.9697,control_jul
126,1195.2701,control_jul
22,1195.5704,control_jul
52,1195.8708,control_jul
189,1196.1711,control_jul
16,1196.4714,control_jul
143,1196.7718,control_jul
6,1197.0721,control_jul
19,1197.3724,control_jul
87,1197.6727,control_jul
93,1197.9731,control_jul
176,1198.2733,control_jul
158,1198.5737,control_jul
20,1198.8741,control_jul
154,1199.1743,control_jul
176,1199.4747,control_jul
61,1199.775,control_jul
88,1200.0754,control_jul
174,1200.3756,control_jul
153,1200.676,control_jul
115,1200.9763,control_jul
42,1201.2766,control_jul
75,1201.577,control_jul
4,1201.8773,control_jul
33,1202.1776,control_jul
159,1202.478,control_jul
211,1202.7783,control_jul
38,1203.0786,control_jul
209,1203.3789,control_jul
169,1203.6793,control_jul
8,1203.9796,control_jul
43,1204.2799,control_jul
12,1204.5802,control_jul
87,1204.8805,control_jul
136,1205.1809,control_jul
208,1205.4812,control_jul
31,1205.7815,control_jul
125,1206.0819,control_jul
125,1206.3822,control_jul
75,1206.6825,control_jul
192,1206.9828,control_jul
83,1207.2832,control_jul
40,1207.5835,control_jul
205,1207.8838,control_jul
44,1208.1841,control_jul
44,1208.4844,control_jul
75,1208.7848,control_jul
181,1209.0851,control_jul
10,1209.3854,control_jul
81,1209.6858,control_jul
87,1210.5867,control_jul
17,1210.8871,control_jul
3,1211.1874,control_jul
44,1211.4877,control_jul
78,1211.788,control_jul
180,1212.0884,control_jul
118,1212.3887,control_jul
165,1212.689,control_jul
205,1212.9894,control_jul
55,1213.2897,control_jul
78,1213.59,control_jul
131,1213.8904,control_jul
19,1214.1906,control_jul
131,1214.491,control_jul
44,1214.7913,control_jul
165,1215.0916,control_jul
38,1215.392,control_jul
55,1215.6923,control_jul
192,1215.9926,control_jul
189,1216.2929,control_jul
123,1216.5933,control_jul
49,1216.8936,control_jul
194,1217.1939,control_jul
29,1217.4942,control_jul
65,1217.7946,control_jul
137,1218.0949,control_jul
35,1218.3952,control_jul
206,1218.6956,control_jul
197,1218.9959,control_jul
197,1219.2962,control_jul
197,1219.5965,control_jul
146,1219.8968,control_jul
29,1220.1972,control_jul
113,1220.4975,control_jul
206,1220.7978,control_jul
129,1221.0981,control_jul
140,1221.3985,control_jul
151,1221.6988,control_jul
110,1222.2995,control_jul
84,1222.5998,control_jul
61,1222.9,control_jul
16,1223.2004,control_jul
65,1223.5007,control_jul
119,1223.8011,control_jul
115,1224.1014,control_jul
115,1224.4017,control_jul
199,1224.702,control_jul
152,1225.0024,control_jul
136,1225.3027,control_jul
1,1225.603,control_jul
181,1225.9033,control_jul
64,1226.2036,control_jul
64,1226.504,control_jul
64,1226.8043,control_jul
89,1227.1046,control_jul
67,1227.4049,control_jul
84,1227.7053,control_jul
16,1228.0056,control_jul
87,1228.3059,control_jul
75,1228.6062,control_jul
31,1228.9066,control_jul
138,1229.2069,control_jul
35,1229.5072,control_jul
4,1229.8076,control_jul
64,1230.1079,control_jul
181,1230.4083,control_jul
73,1230.7085,control_jul
161,1231.0089,control_jul
90,1231.3092,control_jul
38,1231.6095,control_jul
209,1231.9098,control_jul
158,1232.2101,control_jul
20,1232.5105,control_jul
110,1232.8108,control_jul
155,1233.1111,control_jul
47,1233.4115,control_jul
134,1233.7118,control_jul
45,1234.0121,control_jul
15,1234.3124,control_jul
135,1234.6128,control_jul
157,1234.9131,control_jul
136,1235.2134,control_jul
161,1235.5137,control_jul
159,1235.8141,control_jul
157,1236.1143,control_jul
17,1236.4147,control_jul
13,1236.715,control_jul
35,1237.0154,control_jul
179,1237.3157,control_jul
24,1237.616,control_jul
130,1237.9163,control_jul
93,1238.2167,control_jul
111,1238.5226,control_jul
208,1238.8173,control_jul
162,1239.1177,control_jul
186,1239.418,control_jul
18,1239.7183,control_jul
18,1240.0186,control_jul
7,1240.3189,control_jul
50,1240.6192,control_jul
158,1240.9196,control_jul
10,1241.2199,control_jul
209,1241.5202,control_jul
137,1241.8206,control_jul
78,1242.1209,control_jul
13,1242.4212,control_jul
78,1242.7216,control_jul
32,1243.0218,control_jul
3,1243.3222,control_jul
139,1243.6225,control_jul
1,1243.9228,control_jul
7,1244.2232,control_jul
67,1244.5235,control_jul
75,1244.8238,control_jul
59,1245.1241,control_jul
20,1245.4244,control_jul
31,1245.7248,control_jul
77,1246.0251,control_jul
67,1246.3254,control_jul
208,1246.6258,control_jul
33,1246.9261,control_jul
142,1247.2264,control_jul
145,1247.5267,control_jul
54,1247.8271,control_jul
110,1248.1274,control_jul
7,1248.4277,control_jul
20,1248.728,control_jul
8,1249.0284,control_jul
84,1249.6291,control_jul
111,1249.9293,control_jul
161,1250.2297,control_jul
64,1250.53,control_jul
31,1250.8303,control_jul
6,1251.1306,control_jul
115,1251.431,control_jul
151,1251.7313,control_jul
190,1252.6323,control_jul
136,1252.9326,control_jul
47,1253.2329,control_jul
1,1253.5332,control_jul
47,1253.8335,control_jul
46,1254.1339,control_jul
63,1254.4342,control_jul
209,1254.7346,control_jul
65,1255.0348,control_jul
209,1255.3408,control_jul
145,1255.6355,control_jul
8,1255.9358,control_jul
30,1256.2361,control_jul
12,1256.5365,control_jul
206,1256.8368,control_jul
206,1257.1371,control_jul
13,1257.4375,control_jul
43,1257.7378,control_jul
153,1258.0381,control_jul
153,1258.3384,control_jul
42,1258.6388,control_jul
149,1258.9391,control_jul
123,1259.2394,control_jul
183,1259.5397,control_jul
58,1259.8401,control_jul
44,1260.1404,control_jul
185,1260.4407,control_jul
137,1260.7411,control_jul
19,1261.0413,control_jul
19,1261.3417,control_jul
125,1261.642,control_jul
75,1261.9423,control_jul
84,1262.2427,control_jul
143,1262.543,control_jul
110,1262.8433,control_jul
110,1263.1436,control_jul
151,1263.4439,control_jul
75,1263.7443,control_jul
110,1264.0445,control_jul
67,1264.3449,control_jul
31,1264.6452,control_jul
47,1264.9456,control_jul
1,1265.2459,control_jul
31,1265.5462,control_jul
33,1265.8466,control_jul
142,1266.1469,control_jul
6,1266.4472,control_jul
1,1266.7476,control_jul
110,1267.0479,control_jul
151,1267.3482,control_jul
151,1267.6485,control_jul
151,1267.9488,control_jul
43,1268.2548,control_jul
131,1268.5568,control_jul
176,1268.8498,control_jul
43,1269.1502,control_jul
88,1269.4504,control_jul
30,1269.7508,control_jul
59,1270.0511,control_jul
206,1270.3514,control_jul
56,1270.6518,control_jul
67,1270.9521,control_jul
125,1271.2524,control_jul
151,1271.5527,control_jul
4,1271.8531,control_jul
33,1272.1534,control_jul
73,1272.4537,control_jul
33,1272.7541,control_jul
135,1273.0544,control_jul
157,1273.3547,control_jul
138,1273.655,control_jul
122,1273.9553,control_jul
44,1274.2557,control_jul
112,1274.556,control_jul
126,1274.8563,control_jul
180,1275.1567,control_jul
117,1275.457,control_jul
83,1275.7573,control_jul
78,1276.0576,control_jul
202,1276.3579,control_jul
92,1276.6582,control_jul
13,1276.9586,control_jul
73,1277.2589,control_jul
78,1277.5592,control_jul
189,1277.8596,control_jul
131,1278.1599,control_jul
61,1278.4602,control_jul
115,1278.7605,control_jul
51,1279.0609,control_jul
42,1279.6615,control_jul
93,1279.9618,control_jul
17,1280.2621,control_jul
118,1280.5624,control_jul
209,1280.8628,control_jul
1,1281.1631,control_jul
75,1281.4635,control_jul
1,1281.7638,control_jul
193,1282.0641,control_jul
1,1282.3644,control_jul
52,1282.6647,control_jul
144,1282.965,control_jul
40,1283.2654,control_jul
123,1283.5657,control_jul
117,1283.866,control_jul
112,1284.1663,control_jul
48,1284.4667,control_jul
17,1284.767,control_jul
118,1285.0673,control_jul
202,1285.3676,control_jul
92,1285.668,control_jul
192,1285.9683,control_jul
3,1286.2686,control_jul
22,1286.569,control_jul
205,1286.8693,control_jul
57,1287.1696,control_jul
17,1287.47,control_jul
137,1287.7703,control_jul
83,1288.0706,control_jul
17,1288.3709,control_jul
126,1288.6712,control_jul
183,1288.9716,control_jul
154,1289.2719,control_jul
131,1289.5722,control_jul
176,1289.8725,control_jul
61,1290.1728,control_jul
74,1290.4731,control_jul
95,1290.7735,control_jul
105,1291.0738,control_jul
93,1291.3741,control_jul
70,1291.6745,control_jul
97,1291.9748,control_jul
183,1292.2751,control_jul
19,1292.5754,control_jul
78,1292.8757,control_jul
74,1293.1761,control_jul
61,1293.4764,control_jul
88,1293.7767,control_jul
61,1294.0771,control_jul
88,1294.3773,control_jul
30,1294.6777,control_jul
14,1294.978,control_jul
87,1295.2783,control_jul
19,1295.5787,control_jul
19,1295.879,control_jul
98,1296.1793,control_jul
113,1296.4796,control_jul
180,1296.78,control_jul
149,1297.0803,control_jul
110,1297.3806,control_jul
145,1297.681,control_jul
51,1297.9813,control_jul
93,1298.2816,control_jul
16,1298.5819,control_jul
87,1298.8823,control_jul
98,1299.1826,control_jul
14,1299.4828,control_jul
209,1299.7832,control_jul
158,1300.0836,control_jul
123,1300.6842,control_jul
48,1300.9846,control_jul
32,1301.2849,control_jul
158,1301.5852,control_jul
110,1301.8855,control_jul
64,1302.1858,control_jul
110,1302.4861,control_jul
141,1302.7864,control_jul
141,1303.0868,control_jul
115,1303.3871,control_jul
143,1303.6874,control_jul
20,1303.9878,control_jul
158,1304.2881,control_jul
12,1304.5884,control_jul
1,1304.8887,control_jul
1,1305.1891,control_jul
125,1305.4894,control_jul
142,1305.7897,control_jul
143,1306.09,control_jul
6,1306.3904,control_jul
115,1306.6907,control_jul
101,1306.991,control_jul
10,1307.2913,control_jul
16,1307.5916,control_jul
88,1307.892,control_jul
74,1308.1923,control_jul
105,1308.4926,control_jul
19,1309.3936,control_jul
164,1309.9942,control_jul
41,1310.5948,control_jul
63,1310.8952,control_jul
70,1311.1955,control_jul
19,1311.4958,control_jul
87,1311.7962,control_jul
112,1312.0965,control_jul
206,1312.3968,control_jul
206,1312.6972,control_jul
191,1312.9975,control_jul
179,1313.2978,control_jul
180,1313.5981,control_jul
38,1313.8984,control_jul
37,1314.1987,control_jul
197,1314.4991,control_jul
130,1314.7994,control_jul
160,1315.0997,control_jul
160,1315.4001,control_jul
24,1315.7004,control_jul
94,1316.0007,control_jul
189,1316.301,control_jul
92,1316.6013,control_jul
97,1316.9017,control_jul
87,1317.202,control_jul
87,1317.5024,control_jul
38,1317.8027,control_jul
49,1318.103,control_jul
48,1318.4033,control_jul
44,1318.7036,control_jul
97,1319.004,control_jul
180,1319.3043,control_jul
75,1319.6046,control_jul
152,1319.9049,control_jul
152,1320.2053,control_jul
149,1320.5055,control_jul
31,1320.806,control_jul
169,1321.1062,control_jul
169,1321.4066,control_jul
84,1321.7069,control_jul
115,1322.0072,control_jul
153,1322.3075,control_jul
6,1322.6078,control_jul
2,1322.9082,control_jul
2,1323.2085,control_jul
5,1323.5088,control_jul
155,1323.8091,control_jul
75,1324.1095,control_jul
193,1324.4098,control_jul
138,1324.7102,control_jul
208,1325.0105,control_jul
7,1325.3108,control_jul
7,1325.6111,control_jul
155,1325.9115,control_jul
181,1326.2117,control_jul
115,1326.5121,control_jul
145,1326.8124,control_jul
151,1327.1127,control_jul
1,1327.413,control_jul
139,1327.7133,control_jul
153,1328.0137,control_jul
174,1328.314,control_jul
84,1328.6144,control_jul
7,1328.9147,control_jul
158,1329.215,control_jul
125,1329.5153,control_jul
181,1329.8156,control_jul
67,1330.116,control_jul
4,1330.4163,control_jul
1,1330.7166,control_jul
54,1331.0169,control_jul
42,1331.3172,control_jul
16,1331.6176,control_jul
85,1331.9179,control_jul
158,1332.2182,control_jul
50,1332.5185,control_jul
141,1332.8188,control_jul
174,1333.1192,control_jul
64,1333.4195,control_jul
31,1333.7198,control_jul
64,1334.0202,control_jul
151,1334.3205,control_jul
64,1334.6208,control_jul
16,1334.9212,control_jul
16,1335.2215,control_jul
93,1335.5218,control_jul
131,1335.8221,control_jul
125,1336.1224,control_jul
193,1336.4228,control_jul
6,1336.7231,control_jul
153,1337.0234,control_jul
174,1337.3237,control_jul
42,1337.6241,control_jul
125,1337.9244,control_jul
131,1338.2247,control_jul
85,1339.1257,control_jul
117,1339.426,control_jul
58,1339.7264,control_jul
158,1340.0267,control_jul
119,1340.327,control_jul
8,1340.6273,control_jul
77,1340.9276,control_jul
56,1341.228,control_jul
33,1341.5283,control_jul
31,1341.8286,control_jul
145,1342.7296,control_jul
67,1343.0299,control_jul
31,1343.3302,control_jul
122,1343.6306,control_jul
171,1343.9309,control_jul
145,1344.2312,control_jul
50,1344.5315,control_jul
85,1344.8319,control_jul
181,1345.1322,control_jul
125,1345.4325,control_jul
199,1345.7328,control_jul
190,1346.0331,control_jul
136,1346.3335,control_jul
35,1346.6338,control_jul
123,1346.9341,control_jul
123,1347.2344,control_jul
49,1347.5348,control_jul
191,1347.8351,control_jul
44,1348.1354,control_jul
137,1348.4357,control_jul
137,1348.7361,control_jul
38,1349.0364,control_jul
17,1349.3367,control_jul
150,1349.6371,control_jul
190,1349.9374,control_jul
163,1350.2377,control_jul
75,1350.538,control_jul
138,1350.8383,control_jul
1,1351.1387,control_jul
29,1351.439,control_jul
38,1351.7393,control_jul
179,1352.0396,control_jul
69,1352.34,control_jul
192,1352.6403,control_jul
70,1352.9406,control_jul
131,1353.2409,control_jul
131,1353.5412,control_jul
177,1353.8416,control_jul
206,1354.142,control_jul
112,1354.4422,control_jul
70,1354.7426,control_jul
49,1355.0429,control_jul
97,1355.3432,control_jul
183,1355.6435,control_jul
117,1355.9438,control_jul
137,1356.2442,control_jul
177,1356.5445,control_jul
132,1356.8448,control_jul
176,1357.1451,control_jul
88,1357.4454,control_jul
203,1357.7458,control_jul
23,1358.0461,control_jul
160,1358.3465,control_jul
197,1358.6468,control_jul
35,1358.947,control_jul
123,1359.2475,control_jul
22,1359.5477,control_jul
63,1359.848,control_jul
135,1360.1484,control_jul
163,1360.4487,control_jul
80,1360.7491,control_jul
7,1361.0494,control_jul
86,1361.3497,control_jul
47,1361.65,control_jul
143,1361.9503,control_jul
8,1362.2507,control_jul
153,1362.551,control_jul
174,1362.8513,control_jul
12,1363.1516,control_jul
83,1363.4519,control_jul
22,1363.7522,control_jul
128,1364.0526,control_jul
110,1364.3529,control_jul
67,1364.6532,control_jul
72,1364.9536,control_jul
154,1365.2539,control_jul
209,1365.5542,control_jul
3,1365.8545,control_jul
185,1366.1549,control_jul
198,1366.4552,control_jul
198,1366.7555,control_jul
41,1367.0567,control_jul
83,1367.3562,control_jul
209,1367.6565,control_jul
52,1367.9568,control_jul
43,1368.2571,control_jul
77,1368.5574,control_jul
31,1368.8578,control_jul
64,1369.1582,control_jul
75,1369.4584,control_jul
199,1369.7588,control_jul
190,1370.0623,control_jul
83,1370.3594,control_jul
158,1370.6597,control_jul
67,1370.96,control_jul
122,1371.2604,control_jul
67,1371.5606,control_jul
13,1371.8611,control_jul
118,1372.1613,control_jul
196,1372.4617,control_jul
69,1372.762,control_jul
127,1373.0623,control_jul
124,1373.3627,control_jul
47,1373.663,control_jul
124,1373.9633,control_jul
72,1374.2636,control_jul
127,1374.5639,control_jul
73,1374.8643,control_jul
199,1375.1646,control_jul
190,1375.4649,control_jul
75,1375.7652,control_jul
47,1376.0656,control_jul
115,1376.3659,control_jul
42,1376.6662,control_jul
143,1376.9665,control_jul
5,1377.2668,control_jul
15,1377.5672,control_jul
7,1377.8675,control_jul
56,1378.1678,control_jul
71,1378.4682,control_jul
72,1378.7685,control_jul
181,1379.0688,control_jul
42,1379.3691,control_jul
16,1379.6694,control_jul
121,1379.9697,control_jul
106,1380.2701,control_jul
202,1380.5704,control_jul
150,1380.8707,control_jul
33,1381.1711,control_jul
149,1381.7717,control_jul
126,1382.072,control_jul
36,1382.3724,control_jul
190,1382.6727,control_jul
118,1382.973,control_jul
106,1383.2733,control_jul
185,1383.5792,control_jul
211,1383.874,control_jul
33,1384.1742,control_jul
44,1384.4746,control_jul
123,1384.7749,control_jul
126,1385.0753,control_jul
184,1385.3756,control_jul
63,1385.6759,control_jul
78,1385.9763,control_jul
87,1386.2766,control_jul
88,1386.5769,control_jul
101,1386.8772,control_jul
74,1387.1775,control_jul
52,1387.4779,control_jul
46,1387.7782,control_jul
199,1388.0785,control_jul
79,1388.3788,control_jul
190,1388.6792,control_jul
47,1388.9795,control_jul
31,1389.2798,control_jul
205,1389.5802,control_jul
126,1389.8805,control_jul
118,1390.1807,control_jul
17,1390.4811,control_jul
65,1390.7814,control_jul
57,1391.0817,control_jul
110,1391.3821,control_jul
67,1391.6824,control_jul
182,1391.9827,control_jul
35,1392.283,control_jul
106,1392.5834,control_jul
164,1392.8837,control_jul
76,1393.184,control_jul
200,1393.4844,control_jul
186,1393.7847,control_jul
157,1394.085,control_jul
67,1394.3853,control_jul
161,1394.6856,control_jul
35,1394.9859,control_jul
49,1395.2863,control_jul
165,1395.5866,control_jul
211,1395.887,control_jul
4,1396.1872,control_jul
163,1396.4876,control_jul
136,1396.7879,control_jul
135,1397.0882,control_jul
199,1397.3885,control_jul
199,1397.6888,control_jul
190,1397.9892,control_jul
136,1398.2895,control_jul
31,1398.5898,control_jul
67,1398.8901,control_jul
16,1399.1905,control_jul
176,1399.4908,control_jul
19,1399.7912,control_jul
16,1400.0915,control_jul
132,1400.3917,control_jul
151,1400.6921,control_jul
7,1400.9924,control_jul
31,1401.2928,control_jul
33,1401.5931,control_jul
193,1401.8934,control_jul
4,1402.1937,control_jul
152,1402.494,control_jul
199,1402.7943,control_jul
152,1403.0947,control_jul
140,1403.395,control_jul
33,1403.6953,control_jul
122,1403.9956,control_jul
190,1404.296,control_jul
84,1404.5963,control_jul
115,1404.8966,control_jul
6,1405.197,control_jul
174,1405.4973,control_jul
141,1405.7976,control_jul
77,1406.0979,control_jul
31,1406.3982,control_jul
70,1406.6986,control_jul
12,1406.9989,control_jul
43,1407.2992,control_jul
143,1407.5995,control_jul
143,1407.8998,control_jul
42,1408.2001,control_jul
31,1408.5005,control_jul
175,1408.8009,control_jul
33,1409.1012,control_jul
118,1409.4014,control_jul
92,1409.7018,control_jul
35,1410.0021,control_jul
152,1410.3025,control_jul
75,1410.6028,control_jul
190,1410.9031,control_jul
52,1411.2034,control_jul
44,1411.5037,control_jul
194,1411.8041,control_jul
183,1412.1044,control_jul
209,1412.4047,control_jul
36,1412.705,control_jul
76,1413.0053,control_jul
123,1413.3057,control_jul
55,1413.606,control_jul
10,1413.9063,control_jul
6,1414.2066,control_jul
143,1414.507,control_jul
115,1414.8073,control_jul
111,1415.1076,control_jul
199,1415.4079,control_jul
199,1415.7082,control_jul
124,1416.0086,control_jul
125,1416.3089,control_jul
208,1416.6092,control_jul
31,1416.9095,control_jul
127,1417.2099,control_jul
72,1417.5102,control_jul
72,1417.8105,control_jul
190,1418.1108,control_jul
157,1418.4112,control_jul
6,1418.7115,control_jul
151,1419.0118,control_jul
115,1419.3121,control_jul
77,1419.6125,control_jul
33,1419.9127,control_jul
123,1420.2131,control_jul
22,1420.5134,control_jul
137,1420.8138,control_jul
17,1421.114,control_jul
182,1421.4144,control_jul
118,1421.7147,control_jul
22,1422.015,control_jul
118,1422.3153,control_jul
30,1422.6157,control_jul
192,1422.916,control_jul
196,1423.2164,control_jul
152,1423.5166,control_jul
157,1423.817,control_jul
199,1424.1173,control_jul
1,1424.4176,control_jul
4,1424.7179,control_jul
75,1425.0183,control_jul
75,1425.3186,control_jul
1,1425.6189,control_jul
67,1425.9192,control_jul
176,1426.2196,control_jul
158,1426.5199,control_jul
6,1426.8202,control_jul
181,1427.1205,control_jul
7,1427.4209,control_jul
161,1427.7212,control_jul
67,1428.0215,control_jul
1,1428.3218,control_jul
12,1428.6221,control_jul
70,1428.9225,control_jul
158,1429.2228,control_jul
19,1429.5231,control_jul
131,1429.8234,control_jul
64,1430.1237,control_jul
84,1430.4241,control_jul
145,1430.7244,control_jul
51,1431.0247,control_jul
158,1431.325,control_jul
19,1431.6254,control_jul
153,1431.9257,control_jul
50,1432.226,control_jul
12,1432.5263,control_jul
10,1432.8267,control_jul
158,1433.127,control_jul
19,1433.4273,control_jul
19,1433.7276,control_jul
208,1434.028,control_jul
31,1434.3283,control_jul
1,1434.6285,control_jul
175,1434.9289,control_jul
125,1435.2292,control_jul
67,1435.5296,control_jul
143,1435.8299,control_jul
115,1436.1302,control_jul
115,1436.4305,control_jul
119,1436.7309,control_jul
87,1437.0312,control_jul
87,1437.3315,control_jul
16,1437.6318,control_jul
52,1437.9322,control_jul
123,1438.2324,control_jul
191,1438.5328,control_jul
188,1438.8331,control_jul
188,1439.1334,control_jul
4,1439.4338,control_jul
73,1439.7341,control_jul
1,1440.0344,control_jul
31,1440.3348,control_jul
79,1440.635,control_jul
124,1440.9354,control_jul
31,1441.2357,control_jul
1,1441.536,control_jul
199,1441.8364,control_jul
191,1442.1366,control_jul
183,1442.4371,control_jul
53,1442.7374,control_jul
53,1443.0377,control_jul
118,1443.338,control_jul
106,1443.6383,control_jul
152,1443.9387,control_jul
199,1444.2389,control_jul
4,1444.5393,control_jul
110,1444.8396,control_jul
67,1445.1399,control_jul
115,1445.4402,control_jul
50,1445.7405,control_jul
93,1446.0409,control_jul
103,1446.3412,control_jul
8,1446.6416,control_jul
88,1446.9418,control_jul
88,1447.2422,control_jul
101,1447.5425,control_jul
32,1447.8428,control_jul
158,1448.1431,control_jul
30,1448.4434,control_jul
119,1448.7438,control_jul
125,1449.0441,control_jul
115,1449.3444,control_jul
115,1449.6448,control_jul
143,1449.9451,control_jul
84,1450.2454,control_jul
151,1450.5457,control_jul
17,1450.846,control_jul
48,1451.1464,control_jul
60,1451.4467,control_jul
180,1451.747,control_jul
202,1452.0473,control_jul
179,1452.3477,control_jul
194,1452.9483,control_jul
200,1453.2486,control_jul
199,1453.549,control_jul
145,1453.8492,control_jul
139,1454.1496,control_jul
54,1454.4499,control_jul
115,1454.7502,control_jul
88,1455.0506,control_jul
61,1455.3509,control_jul
88,1455.6512,control_jul
74,1455.9515,control_jul
10,1456.2519,control_jul
158,1456.5522,control_jul
16,1456.8525,control_jul
30,1457.1528,control_jul
30,1457.4531,control_jul
101,1457.7535,control_jul
52,1458.0538,control_jul
206,1458.3541,control_jul
70,1458.6544,control_jul
180,1458.9548,control_jul
202,1459.2551,control_jul
164,1459.5555,control_jul
97,1459.8557,control_jul
29,1460.156,control_jul
209,1460.4564,control_jul
10,1460.7567,control_jul
88,1461.3574,control_jul
88,1461.6662,control_jul
93,1461.958,control_jul
12,1462.2583,control_jul
30,1462.5587,control_jul
61,1462.859,control_jul
93,1463.1593,control_jul
151,1463.4596,control_jul
115,1463.7599,control_jul
115,1464.0603,control_jul
141,1464.3606,control_jul
88,1464.6609,control_jul
51,1464.9613,control_jul
151,1465.2616,control_jul
111,1465.5619,control_jul
7,1465.8621,control_jul
20,1466.1625,control_jul
8,1466.4628,control_jul
168,1466.7632,control_jul
88,1467.0636,control_jul
88,1467.3638,control_jul
61,1467.6641,control_jul
43,1467.9645,control_jul
65,1468.2648,control_jul
149,1468.5651,control_jul
209,1468.8654,control_jul
20,1469.1658,control_jul
142,1469.4661,control_jul
72,1469.7664,control_jul
125,1470.0668,control_jul
80,1470.367,control_jul
199,1470.6674,control_jul
64,1470.9677,control_jul
61,1471.2681,control_jul
88,1471.5684,control_jul
8,1471.8687,control_jul
141,1472.1691,control_jul
115,1472.4694,control_jul
43,1472.7697,control_jul
158,1473.3703,control_jul
19,1473.6706,control_jul
117,1473.9709,control_jul
47,1474.2713,control_jul
73,1474.872,control_jul
64,1475.1723,control_jul
152,1475.4726,control_jul
196,1475.7729,control_jul
196,1476.0732,control_jul
55,1476.3736,control_jul
117,1476.6739,control_jul
32,1476.9742,control_jul
14,1477.2745,control_jul
164,1477.5748,control_jul
207,1477.8752,control_jul
136,1478.1755,control_jul
1,1478.4758,control_jul
64,1478.7761,control_jul
161,1479.0765,control_jul
29,1479.3768,control_jul
128,1479.6771,control_jul
3,1479.9774,control_jul
38,1480.2778,control_jul
36,1480.578,control_jul
142,1480.8785,control_jul
110,1481.1787,control_jul
115,1481.4791,control_jul
153,1481.7794,control_jul
174,1482.0797,control_jul
153,1482.38,control_jul
174,1482.6804,control_jul
42,1482.9807,control_jul
125,1483.281,control_jul
161,1483.5813,control_jul
17,1483.8817,control_jul
70,1484.182,control_jul
142,1484.4823,control_jul
115,1484.7826,control_jul
115,1485.0829,control_jul
142,1485.3832,control_jul
161,1485.6836,control_jul
75,1485.9839,control_jul
75,1486.2842,control_jul
125,1486.5845,control_jul
6,1486.8849,control_jul
6,1487.1852,control_jul
6,1487.4856,control_jul
86,1487.7859,control_jul
175,1488.0862,control_jul
31,1488.3865,control_jul
47,1488.6868,control_jul
72,1488.9872,control_jul
76,1489.2875,control_jul
133,1489.5877,control_jul
35,1489.8881,control_jul
185,1490.1885,control_jul
31,1490.4887,control_jul
193,1490.7891,control_jul
142,1491.0894,control_jul
70,1491.3897,control_jul
19,1491.6901,control_jul
19,1491.9904,control_jul
158,1492.2907,control_jul
43,1492.591,control_jul
176,1492.8914,control_jul
16,1493.1916,control_jul
115,1493.492,control_jul
42,1493.7923,control_jul
153,1494.0927,control_jul
101,1494.393,control_jul
16,1494.6932,control_jul
158,1494.9936,control_jul
19,1495.2939,control_jul
65,1495.5942,control_jul
19,1495.8945,control_jul
158,1496.1949,control_jul
14,1496.4952,control_jul
209,1496.7956,control_jul
70,1497.0958,control_jul
193,1497.3962,control_jul
151,1497.6965,control_jul
115,1497.9968,control_jul
143,1498.2971,control_jul
6,1498.8978,control_jul
7,1499.1981,control_jul
175,1499.4985,control_jul
125,1499.7988,control_jul
169,1500.0991,control_jul
42,1500.3994,control_jul
7,1500.6998,control_jul
31,1501.0001,control_jul
75,1501.3004,control_jul
3,1501.6007,control_jul
14,1501.9011,control_jul
53,1502.2013,control_jul
77,1502.5017,control_jul
14,1502.802,control_jul
70,1503.1023,control_jul
32,1503.4027,control_jul
16,1503.703,control_jul
16,1504.0033,control_jul
88,1504.3036,control_jul
88,1504.6039,control_jul
93,1504.9042,control_jul
8,1505.2046,control_jul
88,1505.5049,control_jul
88,1505.8052,control_jul
10,1506.1055,control_jul
121,1506.4059,control_jul
3,1506.7062,control_jul
20,1507.0066,control_jul
67,1507.3069,control_jul
84,1507.6072,control_jul
115,1507.9075,control_jul
42,1508.2079,control_jul
31,1508.5082,control_jul
7,1508.8085,control_jul
67,1509.1088,control_jul
193,1509.4091,control_jul
139,1509.7094,control_jul
5,1510.0098,control_jul
5,1510.3101,control_jul
151,1510.6104,control_jul
115,1510.9107,control_jul
115,1511.211,control_jul
115,1511.5114,control_jul
115,1511.8117,control_jul
174,1512.112,control_jul
64,1512.4124,control_jul
47,1512.7126,control_jul
125,1513.013,control_jul
155,1513.3133,control_jul
143,1513.6136,control_jul
151,1513.9139,control_jul
14,1514.2142,control_jul
10,1514.5146,control_jul
74,1514.8149,control_jul
174,1515.1152,control_jul
153,1515.4156,control_jul
153,1515.7159,control_jul
67,1516.0161,control_jul
161,1516.3165,control_jul
47,1516.6169,control_jul
16,1516.9172,control_jul
30,1517.2175,control_jul
121,1517.5178,control_jul
29,1517.8181,control_jul
13,1518.1185,control_jul
113,1518.4187,control_jul
17,1518.7191,control_jul
87,1519.0194,control_jul
193,1519.3197,control_jul
31,1519.6201,control_jul
64,1519.9204,control_jul
16,1520.2207,control_jul
17,1520.5211,control_jul
158,1520.8213,control_jul
70,1521.1217,control_jul
65,1521.422,control_jul
19,1521.7223,control_jul
70,1522.0298,control_jul
38,1522.3229,control_jul
140,1522.6233,control_jul
75,1522.9236,control_jul
175,1523.2239,control_jul
1,1523.5243,control_jul
181,1523.8246,control_jul
67,1524.1249,control_jul
75,1524.4252,control_jul
142,1524.7256,control_jul
98,1525.0258,control_jul
153,1525.3262,control_jul
145,1525.6265,control_jul
87,1525.9268,control_jul
101,1526.2272,control_jul
176,1526.5275,control_jul
125,1526.8278,control_jul
79,1527.1282,control_jul
208,1527.4285,control_jul
79,1527.7288,control_jul
138,1528.0291,control_jul
152,1528.3294,control_jul
138,1528.6298,control_jul
72,1528.9301,control_jul
135,1529.2304,control_jul
92,1529.5308,control_jul
70,1529.831,control_jul
84,1530.1314,control_jul
193,1530.4317,control_jul
31,1530.732,control_jul
1,1531.0324,control_jul
31,1531.3326,control_jul
110,1531.633,control_jul
145,1531.9333,control_jul
1,1532.2336,control_jul
6,1532.534,control_jul
42,1532.8342,control_jul
1,1533.1346,control_jul
181,1533.4349,control_jul
6,1533.7352,control_jul
6,1534.0356,control_jul
64,1534.3359,control_jul
208,1534.6362,control_jul
4,1534.9365,control_jul
193,1535.2369,control_jul
190,1535.5372,control_jul
122,1535.8375,control_jul
1,1536.1378,control_jul
125,1536.4381,control_jul
71,1536.7385,control_jul
92,1537.0388,control_jul
206,1537.3391,control_jul
97,1537.6394,control_jul
144,1537.9397,control_jul
46,1538.2401,control_jul
152,1538.5404,control_jul
129,1538.8407,control_jul
19,1539.1411,control_jul
131,1539.4414,control_jul
29,1539.7416,control_jul
155,1540.042,control_jul
31,1540.3423,control_jul
1,1540.6427,control_jul
6,1540.943,control_jul
115,1541.2433,control_jul
5,1541.5436,control_jul
145,1541.8439,control_jul
151,1542.1443,control_jul
121,1542.4446,control_jul
101,1542.7449,control_jul
16,1543.0452,control_jul
17,1543.3455,control_jul
131,1543.6459,control_jul
176,1543.9462,control_jul
43,1544.2465,control_jul
19,1544.5469,control_jul
193,1544.8472,control_jul
155,1545.1475,control_jul
64,1545.4478,control_jul
64,1545.7481,control_jul
64,1546.0484,control_jul
155,1546.3488,control_jul
64,1546.6491,control_jul
64,1546.9494,control_jul
38,1547.2497,control_jul
196,1547.55,control_jul
49,1547.8504,control_jul
123,1548.1507,control_jul
184,1548.451,control_jul
209,1548.7514,control_jul
202,1549.0516,control_jul
205,1549.352,control_jul
60,1549.6523,control_jul
52,1549.9526,control_jul
144,1550.253,control_jul
164,1550.5533,control_jul
164,1550.8536,control_jul
60,1551.154,control_jul
155,1551.4542,control_jul
16,1551.7546,control_jul
93,1552.0549,control_jul
43,1552.3552,control_jul
139,1552.6556,control_jul
7,1552.9559,control_jul
138,1553.2562,control_jul
73,1553.5565,control_jul
57,1553.8568,control_jul
117,1554.1572,control_jul
13,1554.4575,control_jul
202,1554.7578,control_jul
183,1555.0637,control_jul
176,1555.3585,control_jul
29,1555.6588,control_jul
177,1555.9591,control_jul
63,1556.2594,control_jul
32,1556.5597,control_jul
43,1556.8601,control_jul
42,1557.1604,control_jul
115,1557.4607,control_jul
99,1557.7611,control_jul
1,1558.0614,control_jul
6,1558.3616,control_jul
64,1558.662,control_jul
74,1558.9623,control_jul
61,1559.2626,control_jul
61,1559.5629,control_jul
32,1559.8633,control_jul
60,1560.1636,control_jul
163,1560.4639,control_jul
136,1560.7643,control_jul
182,1561.0645,control_jul
117,1561.3649,control_jul
76,1561.6652,control_jul
205,1561.9655,control_jul
55,1562.2659,control_jul
17,1562.5662,control_jul
36,1562.8665,control_jul
192,1563.1668,control_jul
177,1563.4671,control_jul
17,1563.7675,control_jul
192,1564.0678,control_jul
23,1564.3681,control_jul
34,1564.6684,control_jul
158,1564.9687,control_jul
14,1565.2691,control_jul
206,1565.5694,control_jul
63,1565.8698,control_jul
38,1566.17,control_jul
189,1566.4704,control_jul
61,1566.7707,control_jul
148,1567.071,control_jul
95,1567.3713,control_jul
92,1567.6716,control_jul
106,1567.972,control_jul
36,1568.2723,control_jul
72,1568.5754,control_jul
72,1568.873,control_jul
138,1569.1732,control_jul
47,1569.4736,control_jul
31,1569.7739,control_jul
77,1570.0742,control_jul
151,1570.3745,control_jul
151,1570.6749,control_jul
172,1570.9751,control_jul
56,1571.2755,control_jul
142,1571.5759,control_jul
75,1571.8761,control_jul
33,1572.1765,control_jul
110,1572.4767,control_jul
89,1572.7771,control_jul
89,1573.0774,control_jul
208,1573.6781,control_jul
152,1573.9784,control_jul
173,1574.2787,control_jul
200,1574.579,control_jul
190,1574.8794,control_jul
31,1575.1796,control_jul
118,1575.48,control_jul
69,1575.7803,control_jul
92,1576.0807,control_jul
49,1576.381,control_jul
196,1576.6813,control_jul
118,1576.9816,control_jul
63,1577.2819,control_jul
191,1577.5822,control_jul
35,1577.8826,control_jul
164,1578.1829,control_jul
190,1578.4832,control_jul
58,1578.7836,control_jul
92,1579.0839,control_jul
123,1579.3842,control_jul
126,1579.6845,control_jul
205,1579.9848,control_jul
112,1580.2851,control_jul
184,1580.5855,control_jul
16,1580.8858,control_jul
53,1581.186,control_jul
19,1581.4864,control_jul
13,1581.7868,control_jul
206,1582.087,control_jul
63,1582.3874,control_jul
44,1582.6877,control_jul
60,1582.988,control_jul
29,1583.2884,control_jul
65,1583.5886,control_jul
117,1583.889,control_jul
92,1584.1893,control_jul
44,1584.4896,control_jul
55,1584.79,control_jul
123,1585.0903,control_jul
126,1585.3906,control_jul
13,1585.6909,control_jul
117,1585.9913,control_jul
17,1586.2916,control_jul
180,1586.5919,control_jul
75,1586.8922,control_jul
122,1587.1926,control_jul
47,1587.4929,control_jul
77,1587.7932,control_jul
142,1588.0935,control_jul
193,1588.3938,control_jul
125,1588.6942,control_jul
193,1588.9945,control_jul
139,1589.2948,control_jul
193,1589.5951,control_jul
193,1589.8954,control_jul
151,1590.1957,control_jul
143,1590.4961,control_jul
8,1590.7964,control_jul
50,1591.0967,control_jul
181,1591.397,control_jul
155,1591.6974,control_jul
141,1591.9977,control_jul
51,1592.298,control_jul
84,1592.5984,control_jul
174,1592.8987,control_jul
141,1593.199,control_jul
64,1593.4993,control_jul
190,1593.7996,control_jul
87,1594.0999,control_jul
8,1594.4003,control_jul
16,1594.7005,control_jul
29,1595.0009,control_jul
87,1595.3012,control_jul
20,1595.6015,control_jul
67,1595.9019,control_jul
6,1596.2022,control_jul
115,1596.5025,control_jul
181,1596.8028,control_jul
64,1597.1031,control_jul
172,1597.4035,control_jul
124,1597.7038,control_jul
31,1598.0041,control_jul
33,1598.3044,control_jul
71,1598.6048,control_jul
205,1598.9051,control_jul
55,1599.2054,control_jul
13,1599.5057,control_jul
70,1599.806,control_jul
44,1600.1063,control_jul
92,1600.4067,control_jul
185,1600.707,control_jul
13,1601.0074,control_jul
13,1601.3077,control_jul
177,1601.608,control_jul
205,1601.9083,control_jul
83,1602.2086,control_jul
70,1602.5089,control_jul
63,1602.8093,control_jul
123,1603.1096,control_jul
198,1603.4099,control_jul
156,1603.7102,control_jul
197,1604.0106,control_jul
41,1604.3108,control_jul
3,1604.6112,control_jul
52,1604.9116,control_jul
182,1605.2119,control_jul
192,1605.5122,control_jul
46,1605.8125,control_jul
190,1606.1128,control_jul
31,1606.4132,control_jul
1,1606.7134,control_jul
152,1607.0138,control_jul
179,1607.3141,control_jul
200,1607.6144,control_jul
207,1607.9148,control_jul
199,1608.215,control_jul
148,1608.5154,control_jul
37,1608.8157,control_jul
34,1609.116,control_jul
25,1609.4164,control_jul
156,1609.7166,control_jul
24,1610.017,control_jul
144,1610.3173,control_jul
129,1610.6176,control_jul
14,1610.918,control_jul
43,1611.2183,control_jul
29,1611.5186,control_jul
70,1611.8189,control_jul
176,1612.1193,control_jul
43,1612.4196,control_jul
148,1612.7199,control_jul
144,1613.0202,control_jul
144,1613.3205,control_jul
196,1613.6208,control_jul
133,1613.9212,control_jul
186,1614.2215,control_jul
207,1614.5219,control_jul
207,1614.8221,control_jul
186,1615.1225,control_jul
133,1615.4228,control_jul
133,1615.7231,control_jul
133,1616.0235,control_jul
133,1616.3237,control_jul
133,1616.624,control_jul
133,1616.9244,control_jul
133,1617.2247,control_jul
133,1617.5251,control_jul
133,1617.8254,control_jul
144,1618.1257,control_jul
52,1618.426,control_jul
29,1618.7263,control_jul
3,1619.0266,control_jul
37,1619.327,control_jul
160,1619.6273,control_jul
156,1619.9276,control_jul
25,1620.2279,control_jul
66,1620.5283,control_jul
66,1620.8286,control_jul
66,1621.1289,control_jul
25,1621.4292,control_jul
156,1621.7295,control_jul
177,1622.0299,control_jul
128,1622.3302,control_jul
173,1622.6305,control_jul
135,1622.9308,control_jul
152,1623.2312,control_jul
138,1623.5315,control_jul
161,1623.8318,control_jul
33,1624.1321,control_jul
84,1624.4324,control_jul
6,1624.7384,control_jul
1,1625.0331,control_jul
164,1625.3334,control_jul
192,1625.6338,control_jul
7,1625.9349,control_jul
181,1626.2344,control_jul
151,1626.5347,control_jul
175,1626.835,control_jul
172,1627.1353,control_jul
208,1627.4356,control_jul
1,1627.736,control_jul
67,1628.0363,control_jul
125,1628.3367,control_jul
75,1628.6369,control_jul
125,1628.9373,control_jul
141,1629.2376,control_jul
143,1629.5379,control_jul
67,1629.8382,control_jul
125,1630.1386,control_jul
50,1630.4388,control_jul
43,1630.7392,control_jul
209,1631.0395,control_jul
65,1631.3398,control_jul
206,1631.6402,control_jul
196,1631.9405,control_jul
194,1632.2408,control_jul
133,1632.5412,control_jul
137,1632.8415,control_jul
184,1633.1418,control_jul
58,1633.4421,control_jul
209,1633.7425,control_jul
78,1634.0428,control_jul
125,1634.3431,control_jul
77,1634.6434,control_jul
142,1634.9437,control_jul
145,1635.244,control_jul
30,1635.5443,control_jul
8,1635.8447,control_jul
8,1636.145,control_jul
16,1636.4454,control_jul
208,1636.7457,control_jul
64,1637.046,control_jul
145,1637.3463,control_jul
77,1637.6467,control_jul
139,1637.947,control_jul
122,1638.2473,control_jul
191,1638.5476,control_jul
196,1638.8479,control_jul
24,1639.1482,control_jul
126,1639.4486,control_jul
19,1639.7489,control_jul
29,1640.0492,control_jul
202,1640.3495,control_jul
156,1640.6498,control_jul
28,1640.9502,control_jul
179,1641.2506,control_jul
123,1641.5508,control_jul
144,1641.8511,control_jul
49,1642.1514,control_jul
29,1642.4518,control_jul
83,1642.7521,control_jul
36,1643.0525,control_jul
184,1643.3528,control_jul
184,1643.6531,control_jul
118,1643.9534,control_jul
40,1644.2538,control_jul
123,1644.554,control_jul
55,1644.8544,control_jul
63,1645.1547,control_jul
58,1645.455,control_jul
164,1645.7554,control_jul
106,1646.0556,control_jul
185,1646.356,control_jul
138,1646.6563,control_jul
190,1646.9566,control_jul
136,1647.257,control_jul
75,1647.5573,control_jul
89,1647.8576,control_jul
75,1648.1579,control_jul
19,1648.4583,control_jul
20,1648.7586,control_jul
20,1649.0589,control_jul
64,1649.3593,control_jul
110,1649.6595,control_jul
161,1649.9598,control_jul
75,1650.2602,control_jul
72,1650.5605,control_jul
190,1650.8608,control_jul
47,1651.1612,control_jul
31,1651.4615,control_jul
31,1651.7618,control_jul
149,1652.0621,control_jul
131,1652.3625,control_jul
3,1652.6628,control_jul
75,1652.9631,control_jul
125,1653.2634,control_jul
75,1653.5638,control_jul
38,1653.864,control_jul
209,1654.1644,control_jul
87,1654.4647,control_jul
47,1654.7651,control_jul
193,1655.0653,control_jul
72,1655.3657,control_jul
139,1655.666,control_jul
143,1655.9663,control_jul
64,1656.2666,control_jul
31,1656.5669,control_jul
175,1656.8673,control_jul
31,1657.1676,control_jul
161,1657.4679,control_jul
75,1657.7682,control_jul
122,1658.0686,control_jul
75,1658.3689,control_jul
19,1658.6692,control_jul
131,1658.9695,control_jul
189,1659.2699,control_jul
189,1659.5702,control_jul
10,1659.8705,control_jul
19,1660.1708,control_jul
12,1660.4712,control_jul
101,1660.7715,control_jul
30,1661.0718,control_jul
30,1661.3721,control_jul
11,1661.6724,control_jul
121,1661.9728,control_jul
70,1662.2731,control_jul
14,1662.5734,control_jul
17,1662.8737,control_jul
48,1663.1741,control_jul
65,1663.4744,control_jul
70,1663.7747,control_jul
60,1664.075,control_jul
125,1664.3754,control_jul
31,1664.6756,control_jul
142,1664.976,control_jul
151,1665.2763,control_jul
115,1665.5767,control_jul
67,1665.877,control_jul
33,1666.1773,control_jul
86,1666.4776,control_jul
169,1666.778,control_jul
170,1667.0783,control_jul
134,1667.3786,control_jul
170,1667.6789,control_jul
116,1667.9792,control_jul
51,1668.2795,control_jul
77,1668.5798,control_jul
110,1668.8802,control_jul
64,1669.1805,control_jul
64,1669.4809,control_jul
64,1669.7811,control_jul
7,1670.0815,control_jul
1,1670.3818,control_jul
110,1670.6821,control_jul
14,1670.9824,control_jul
8,1671.2828,control_jul
101,1671.583,control_jul
8,1671.8834,control_jul
151,1672.1837,control_jul
145,1672.484,control_jul
67,1672.7844,control_jul
124,1673.0847,control_jul
15,1673.3851,control_jul
2,1673.6853,control_jul
2,1673.9857,control_jul
2,1674.286,control_jul
2,1674.5863,control_jul
15,1674.8867,control_jul
199,1675.187,control_jul
207,1675.4873,control_jul
29,1675.7876,control_jul
131,1676.0879,control_jul
158,1676.3882,control_jul
149,1676.6886,control_jul
173,1676.9889,control_jul
80,1677.2892,control_jul
186,1677.5896,control_jul
188,1677.8899,control_jul
125,1678.1902,control_jul
155,1678.4905,control_jul
155,1678.7908,control_jul
155,1679.0911,control_jul
77,1679.3915,control_jul
1,1679.6917,control_jul
47,1679.9921,control_jul
31,1680.2924,control_jul
155,1680.5928,control_jul
195,1680.8931,control_jul
185,1681.1934,control_jul
165,1681.4938,control_jul
112,1681.794,control_jul
194,1682.0944,control_jul
76,1682.3947,control_jul
40,1682.695,control_jul
130,1682.9954,control_jul
165,1683.2957,control_jul
70,1683.596,control_jul
32,1683.8963,control_jul
184,1684.1966,control_jul
182,1684.497,control_jul
60,1684.7973,control_jul
210,1685.0976,control_jul
147,1685.3979,control_jul
204,1685.6983,control_jul
35,1685.9986,control_jul
196,1686.2989,control_jul
83,1686.5992,control_jul
52,1686.8996,control_jul
32,1687.1999,control_jul
32,1687.5002,control_jul
65,1687.8005,control_jul
209,1688.1008,control_jul
3,1688.4012,control_jul
10,1688.7015,control_jul
53,1689.0018,control_jul
53,1689.3021,control_jul
53,1689.6024,control_jul
53,1689.9028,control_jul
53,1690.203,control_jul
53,1690.5034,control_jul
53,1690.8037,control_jul
19,1691.1041,control_jul
78,1691.4044,control_jul
38,1691.7047,control_jul
70,1692.005,control_jul
19,1692.3054,control_jul
19,1692.6057,control_jul
17,1692.906,control_jul
117,1693.2063,control_jul
17,1693.5067,control_jul
208,1693.807,control_jul
65,1694.1073,control_jul
17,1694.4076,control_jul
209,1694.7079,control_jul
59,1695.0083,control_jul
124,1695.3086,control_jul
125,1695.6089,control_jul
161,1695.9092,control_jul
33,1696.2095,control_jul
65,1696.5099,control_jul
185,1696.8101,control_jul
196,1697.1105,control_jul
70,1697.4108,control_jul
17,1697.7111,control_jul
87,1698.0114,control_jul
87,1698.3117,control_jul
20,1698.6121,control_jul
58,1698.9124,control_jul
27,1699.2128,control_jul
70,1699.5131,control_jul
209,1699.8134,control_jul
163,1700.1137,control_jul
73,1700.4141,control_jul
161,1700.7143,control_jul
33,1701.0147,control_jul
139,1701.315,control_jul
99,1701.6154,control_jul
125,1701.9156,control_jul
89,1702.216,control_jul
136,1702.5163,control_jul
33,1702.8167,control_jul
159,1703.117,control_jul
202,1703.4172,control_jul
118,1703.7176,control_jul
17,1704.0179,control_jul
75,1704.3183,control_jul
125,1704.6186,control_jul
142,1704.9189,control_jul
75,1705.2192,control_jul
122,1705.5195,control_jul
54,1705.8199,control_jul
42,1706.1202,control_jul
48,1706.4205,control_jul
3,1706.7208,control_jul
43,1707.0212,control_jul
153,1707.3215,control_jul
67,1707.6218,control_jul
175,1707.9221,control_jul
51,1708.2224,control_jul
151,1708.5228,control_jul
175,1708.8231,control_jul
162,1709.1235,control_jul
207,1709.4237,control_jul
172,1709.724,control_jul
75,1710.0244,control_jul
124,1710.3247,control_jul
1,1710.625,control_jul
67,1710.9253,control_jul
161,1711.2257,control_jul
136,1711.526,control_jul
55,1711.8263,control_jul
137,1712.1267,control_jul
176,1712.4269,control_jul
8,1712.7273,control_jul
14,1713.0276,control_jul
10,1713.3279,control_jul
16,1713.6282,control_jul
14,1713.9285,control_jul
3,1714.2288,control_jul
12,1714.5292,control_jul
176,1714.8295,control_jul
203,1715.1298,control_jul
147,1715.4302,control_jul
74,1715.7305,control_jul
19,1716.0308,control_jul
114,1716.3311,control_jul
204,1716.6314,control_jul
34,1716.9317,control_jul
198,1717.2321,control_jul
210,1717.5324,control_jul
95,1717.8327,control_jul
95,1718.1331,control_jul
85,1718.4333,control_jul
70,1718.7337,control_jul
142,1719.034,control_jul
138,1719.3344,control_jul
72,1719.6347,control_jul
188,1719.935,control_jul
200,1720.2353,control_jul
56,1720.5428,control_jul
125,1720.836,control_jul
67,1721.1363,control_jul
7,1721.4366,control_jul
138,1721.7369,control_jul
161,1722.0372,control_jul
124,1722.3376,control_jul
106,1722.6379,control_jul
164,1722.9382,control_jul
97,1723.2385,control_jul
117,1723.5388,control_jul
78,1723.8392,control_jul
137,1724.1395,control_jul
206,1724.4398,control_jul
85,1724.7402,control_jul
43,1725.0404,control_jul
61,1725.3408,control_jul
14,1725.6411,control_jul
203,1725.9414,control_jul
21,1726.2417,control_jul
198,1726.5421,control_jul
28,1726.8424,control_jul
76,1727.1427,control_jul
76,1727.443,control_jul
173,1727.7434,control_jul
150,1728.0437,control_jul
75,1728.3441,control_jul
67,1728.6444,control_jul
1,1728.9446,control_jul
71,1729.245,control_jul
123,1729.5453,control_jul
206,1729.8456,control_jul
162,1730.146,control_jul
136,1730.4463,control_jul
161,1730.7466,control_jul
89,1731.047,control_jul
163,1731.3473,control_jul
163,1731.6476,control_jul
163,1731.9479,control_jul
163,1732.2482,control_jul
163,1732.5485,control_jul
73,1732.8489,control_jul
79,1733.1492,control_jul
75,1733.4496,control_jul
62,1733.7498,control_jul
172,1734.0502,control_jul
125,1734.3505,control_jul
73,1734.6508,control_jul
73,1734.9511,control_jul
73,1735.2515,control_jul
163,1735.5518,control_jul
152,1735.8522,control_jul
49,1736.1524,control_jul
196,1736.4528,control_jul
44,1736.7531,control_jul
92,1737.0534,control_jul
144,1737.3537,control_jul
52,1737.6541,control_jul
184,1737.9543,control_jul
136,1738.2547,control_jul
78,1738.555,control_jul
192,1738.8553,control_jul
206,1739.1556,control_jul
92,1739.456,control_jul
24,1739.7563,control_jul
198,1740.0567,control_jul
194,1740.3569,control_jul
191,1740.6573,control_jul
194,1740.9577,control_jul
179,1741.258,control_jul
133,1741.5583,control_jul
133,1741.8586,control_jul
126,1742.1589,control_jul
39,1742.4593,control_jul
201,1742.7596,control_jul
184,1743.0599,control_jul
28,1743.3602,control_jul
156,1743.6605,control_jul
28,1743.9609,control_jul
183,1744.2612,control_jul
70,1744.5643,control_jul
55,1744.8618,control_jul
48,1745.1621,control_jul
58,1745.4625,control_jul
44,1745.7628,control_jul
48,1746.0631,control_jul
65,1746.3635,control_jul
78,1746.6638,control_jul
78,1746.9641,control_jul
118,1747.2644,control_jul
3,1747.5648,control_jul
91,1747.8651,control_jul
94,1748.1654,control_jul
130,1748.4657,control_jul
130,1748.7661,control_jul
123,1749.0664,control_jul
101,1749.3667,control_jul
101,1749.667,control_jul
6,1749.9674,control_jul
125,1750.2677,control_jul
190,1750.568,control_jul
136,1750.8683,control_jul
136,1751.1687,control_jul
139,1751.469,control_jul
110,1751.7693,control_jul
33,1752.0697,control_jul
73,1752.3699,control_jul
73,1752.6703,control_jul
79,1752.9706,control_jul
136,1753.2709,control_jul
12,1753.5712,control_jul
12,1753.8715,control_jul
70,1754.1719,control_jul
60,1754.4722,control_jul
209,1754.7725,control_jul
70,1755.0729,control_jul
53,1755.3732,control_jul
43,1755.6734,control_jul
176,1755.9739,control_jul
36,1756.2742,control_jul
185,1756.5745,control_jul
180,1756.8748,control_jul
12,1757.1751,control_jul
64,1757.4755,control_jul
193,1757.7758,control_jul
208,1758.0761,control_jul
72,1758.3765,control_jul
33,1758.6768,control_jul
125,1758.9772,control_jul
4,1759.2774,control_jul
31,1759.5777,control_jul
73,1759.8781,control_jul
56,1760.1784,control_jul
172,1760.4787,control_jul
1,1760.779,control_jul
155,1761.0793,control_jul
155,1761.3797,control_jul
67,1761.68,control_jul
157,1761.9803,control_jul
195,1762.2806,control_jul
190,1762.581,control_jul
47,1762.8813,control_jul
1,1763.1816,control_jul
4,1763.482,control_jul
172,1763.7823,control_jul
99,1764.0826,control_jul
132,1764.3829,control_jul
81,1764.6832,control_jul
101,1764.9836,control_jul
176,1765.2838,control_jul
19,1765.5842,control_jul
16,1765.8845,control_jul
103,1766.1848,control_jul
121,1766.4852,control_jul
103,1766.7856,control_jul
121,1767.0859,control_jul
54,1767.3862,control_jul
7,1767.6865,control_jul
169,1767.9868,control_jul
67,1768.2871,control_jul
176,1768.5875,control_jul
205,1768.8878,control_jul
173,1769.1881,control_jul
159,1769.4884,control_jul
188,1769.7887,control_jul
89,1770.0891,control_jul
4,1770.3894,control_jul
172,1770.6897,control_jul
193,1770.99,control_jul
1,1771.2904,control_jul
89,1771.5907,control_jul
56,1771.891,control_jul
188,1772.1913,control_jul
179,1772.4917,control_jul
179,1772.792,control_jul
76,1773.0923,control_jul
137,1773.3926,control_jul
92,1773.693,control_jul
135,1773.9933,control_jul
80,1774.2936,control_jul
173,1774.594,control_jul
188,1774.8943,control_jul
207,1775.1946,control_jul
127,1775.4949,control_jul
31,1775.7952,control_jul
59,1776.0955,control_jul
92,1776.3959,control_jul
97,1776.6962,control_jul
205,1776.9965,control_jul
186,1777.2968,control_jul
56,1777.5971,control_jul
122,1777.8975,control_jul
72,1778.1979,control_jul
161,1778.4982,control_jul
124,1778.7985,control_jul
62,1779.0988,control_jul
45,1779.3991,control_jul
45,1779.6995,control_jul
5,1779.9998,control_jul
15,1780.3001,control_jul
151,1780.6004,control_jul
142,1780.9007,control_jul
199,1781.2011,control_jul
173,1781.5014,control_jul
191,1781.8017,control_jul
182,1782.1021,control_jul
206,1782.4024,control_jul
164,1782.7027,control_jul
194,1783.003,control_jul
196,1783.3034,control_jul
194,1783.6037,control_jul
76,1783.904,control_jul
118,1784.2043,control_jul
85,1784.5047,control_jul
165,1784.805,control_jul
97,1785.1053,control_jul
144,1785.7059,control_jul
83,1786.0063,control_jul
3,1786.3066,control_jul
43,1786.6069,control_jul
84,1786.9072,control_jul
145,1787.2076,control_jul
177,1787.5079,control_jul
165,1787.8083,control_jul
55,1788.1085,control_jul
29,1788.4088,control_jul
114,1788.7092,control_jul
210,1789.0095,control_jul
203,1789.3099,control_jul
23,1789.6101,control_jul
177,1789.9105,control_jul
8,1790.2108,control_jul
176,1790.5111,control_jul
63,1790.8115,control_jul
92,1791.1118,control_jul
92,1791.4122,control_jul
106,1791.7125,control_jul
130,1792.0128,control_jul
203,1792.3131,control_jul
23,1792.6134,control_jul
156,1792.9137,control_jul
41,1793.2141,control_jul
203,1793.5144,control_jul
34,1793.8148,control_jul
180,1794.115,control_jul
131,1794.4154,control_jul
118,1794.7157,control_jul
23,1795.016,control_jul
160,1795.3163,control_jul
160,1795.6167,control_jul
156,1795.917,control_jul
24,1796.2173,control_jul
114,1796.5176,control_jul
23,1796.818,control_jul
23,1797.1183,control_jul
160,1797.4186,control_jul
160,1797.719,control_jul
78,1798.0193,control_jul
165,1798.3196,control_jul
37,1798.6199,control_jul
23,1798.9203,control_jul
97,1799.2205,control_jul
48,1799.5209,control_jul
208,1799.8212,control_jul
136,1800.1216,control_jul
47,1800.4219,control_jul
127,1800.7222,control_jul
173,1801.0226,control_jul
18,1801.3229,control_jul
80,1801.6232,control_jul
122,1801.9236,control_jul
1,1802.2238,control_jul
84,1802.5242,control_jul
172,1802.8245,control_jul
98,1803.1248,control_jul
70,1803.4251,control_jul
119,1803.7255,control_jul
72,1804.0258,control_jul
207,1804.3261,control_jul
173,1804.6365,control_jul
179,1804.9268,control_jul
205,1805.2271,control_jul
117,1805.5275,control_jul
164,1805.8278,control_jul
205,1806.1281,control_jul
78,1806.4284,control_jul
185,1806.7287,control_jul
137,1807.0291,control_jul
184,1807.3294,control_jul
180,1807.6297,control_jul
192,1807.9301,control_jul
137,1808.2304,control_jul
165,1808.5307,control_jul
55,1808.831,control_jul
63,1809.1314,control_jul
117,1809.4317,control_jul
188,1809.732,control_jul
136,1810.0324,control_jul
152,1810.3327,control_jul
138,1810.6329,control_jul
44,1810.9333,control_jul
55,1811.2336,control_jul
182,1811.534,control_jul
55,1811.8343,control_jul
184,1812.1346,control_jul
189,1812.4349,control_jul
140,1812.7352,control_jul
172,1813.0356,control_jul
138,1813.3359,control_jul
4,1813.6363,control_jul
6,1813.9365,control_jul
1,1814.2369,control_jul
182,1814.5372,control_jul
202,1814.8375,control_jul
132,1815.1379,control_jul
52,1815.4382,control_jul
48,1815.7385,control_jul
32,1816.0389,control_jul
65,1816.3392,control_jul
78,1816.6395,control_jul
57,1816.9398,control_jul
46,1817.2401,control_jul
72,1817.5405,control_jul
199,1817.8408,control_jul
79,1818.1411,control_jul
135,1818.4415,control_jul
56,1818.7418,control_jul
72,1819.0421,control_jul
4,1819.3424,control_jul
83,1819.6428,control_jul
22,1819.9431,control_jul
206,1820.2434,control_jul
35,1820.5437,control_jul
19,1820.8441,control_jul
209,1821.1444,control_jul
58,1821.4447,control_jul
38,1821.7451,control_jul
53,1822.0453,control_jul
74,1822.3457,control_jul
132,1822.646,control_jul
202,1822.9463,control_jul
44,1823.2467,control_jul
17,1823.547,control_jul
165,1823.8474,control_jul
48,1824.1477,control_jul
124,1824.448,control_jul
33,1824.7483,control_jul
73,1825.0486,control_jul
73,1825.349,control_jul
79,1825.6492,control_jul
72,1825.9496,control_jul
73,1826.2499,control_jul
136,1826.5503,control_jul
79,1826.8506,control_jul
124,1827.1509,control_jul
70,1827.4512,control_jul
19,1827.7516,control_jul
117,1828.0519,control_jul
201,1828.3522,control_jul
185,1828.6525,control_jul
57,1828.9528,control_jul
35,1829.2532,control_jul
78,1829.5535,control_jul
117,1829.8539,control_jul
78,1830.1541,control_jul
112,1830.4545,control_jul
17,1830.7548,control_jul
32,1831.0551,control_jul
149,1831.3555,control_jul
75,1831.6557,control_jul
59,1831.9561,control_jul
48,1832.2564,control_jul
112,1832.5568,control_jul
183,1832.8571,control_jul
84,1833.1574,control_jul
64,1833.4578,control_jul
75,1833.7581,control_jul
143,1834.0584,control_jul
2,1834.3587,control_jul
5,1834.659,control_jul
178,1834.9594,control_jul
161,1835.2597,control_jul
190,1835.56,control_jul
47,1835.8604,control_jul
33,1836.1607,control_jul
188,1836.461,control_jul
80,1836.7613,control_jul
152,1837.0617,control_jul
36,1837.362,control_jul
83,1837.6623,control_jul
36,1837.9627,control_jul
78,1838.2629,control_jul
92,1838.5633,control_jul
83,1838.8636,control_jul
29,1839.1639,control_jul
192,1839.4642,control_jul
72,1839.7646,control_jul
47,1840.0649,control_jul
159,1840.3652,control_jul
35,1840.6655,control_jul
70,1840.9659,control_jul
19,1841.2662,control_jul
118,1841.5666,control_jul
55,1841.8669,control_jul
106,1842.1671,control_jul
126,1842.4675,control_jul
3,1842.7678,control_jul
32,1843.0682,control_jul
59,1843.3685,control_jul
124,1843.6688,control_jul
33,1843.9692,control_jul
79,1844.2695,control_jul
22,1844.5698,control_jul
92,1844.8701,control_jul
183,1845.1705,control_jul
63,1845.4708,control_jul
144,1845.771,control_jul
36,1846.0714,control_jul
17,1846.3717,control_jul
211,1846.6721,control_jul
175,1846.9724,control_jul
161,1847.2727,control_jul
159,1847.573,control_jul
199,1847.8742,control_jul
202,1848.1737,control_jul
165,1848.474,control_jul
106,1848.7744,control_jul
55,1849.0747,control_jul
206,1849.375,control_jul
179,1849.6753,control_jul
179,1849.9756,control_jul
150,1850.276,control_jul
199,1850.5763,control_jul
138,1850.8766,control_jul
72,1851.177,control_jul
188,1851.4773,control_jul
188,1851.7776,control_jul
208,1852.078,control_jul
152,1852.3783,control_jul
116,1852.6786,control_jul
108,1852.9789,control_jul
45,1853.2792,control_jul
134,1853.5796,control_jul
173,1853.8799,control_jul
199,1854.1802,control_jul
56,1854.4805,control_jul
29,1854.7809,control_jul
180,1855.0812,control_jul
87,1855.3815,control_jul
101,1855.6819,control_jul
30,1855.9821,control_jul
59,1856.2825,control_jul
72,1856.5828,control_jul
67,1856.8832,control_jul
151,1857.1835,control_jul
175,1857.4838,control_jul
159,1857.7842,control_jul
199,1858.0844,control_jul
208,1858.3848,control_jul
172,1858.6851,control_jul
47,1858.9854,control_jul
125,1859.2858,control_jul
89,1859.586,control_jul
89,1859.8864,control_jul
175,1860.1867,control_jul
89,1860.4871,control_jul
89,1860.7874,control_jul
89,1861.0877,control_jul
73,1861.388,control_jul
89,1861.6884,control_jul
62,1861.9887,control_jul
31,1862.289,control_jul
7,1862.5893,control_jul
73,1862.8897,control_jul
131,1863.19,control_jul
118,1863.4903,control_jul
65,1863.7906,control_jul
60,1864.0909,control_jul
74,1864.3913,control_jul
17,1864.6916,control_jul
100,1864.9919,control_jul
176,1865.2922,control_jul
43,1865.5926,control_jul
70,1865.8929,control_jul
209,1866.1932,control_jul
16,1866.4936,control_jul
32,1866.7939,control_jul
182,1867.0942,control_jul
205,1867.3946,control_jul
194,1867.6949,control_jul
76,1867.9952,control_jul
144,1868.2956,control_jul
97,1868.5959,control_jul
185,1868.8962,control_jul
206,1869.1964,control_jul
179,1869.4968,control_jul
92,1869.7971,control_jul
165,1870.0975,control_jul
36,1870.3978,control_jul
192,1870.6981,control_jul
137,1870.9985,control_jul
118,1871.2988,control_jul
12,1871.5991,control_jul
12,1871.8994,control_jul
74,1872.1998,control_jul
61,1872.5001,control_jul
147,1872.8004,control_jul
11,1873.1007,control_jul
132,1873.4011,control_jul
32,1873.7014,control_jul
87,1874.0017,control_jul
78,1874.302,control_jul
17,1874.6023,control_jul
205,1874.9027,control_jul
208,1875.203,control_jul
190,1875.5033,control_jul
14,1875.8036,control_jul
189,1876.104,control_jul
70,1876.4043,control_jul
189,1876.7046,control_jul
136,1877.005,control_jul
190,1877.3053,control_jul
79,1877.6056,control_jul
74,1877.906,control_jul
74,1878.2062,control_jul
43,1878.5066,control_jul
74,1878.8069,control_jul
61,1879.1072,control_jul
93,1879.4076,control_jul
193,1879.7079,control_jul
190,1880.0082,control_jul
127,1880.3085,control_jul
185,1880.6088,control_jul
92,1880.9092,control_jul
70,1881.2095,control_jul
74,1881.5098,control_jul
89,1881.8102,control_jul
125,1882.1105,control_jul
175,1882.4108,control_jul
31,1882.7111,control_jul
142,1883.0115,control_jul
2,1883.3118,control_jul
15,1883.6121,control_jul
116,1883.9124,control_jul
116,1884.2127,control_jul
62,1884.5131,control_jul
116,1884.8134,control_jul
199,1885.1137,control_jul
87,1885.414,control_jul
65,1885.7143,control_jul
8,1886.0147,control_jul
115,1886.315,control_jul
174,1886.6153,control_jul
115,1886.9156,control_jul
67,1887.216,control_jul
73,1887.5163,control_jul
208,1887.8166,control_jul
159,1888.117,control_jul
188,1888.4172,control_jul
4,1888.7176,control_jul
77,1889.0179,control_jul
100,1889.3182,control_jul
19,1889.6186,control_jul
182,1889.9189,control_jul
117,1890.2192,control_jul
101,1890.5196,control_jul
12,1890.8199,control_jul
165,1891.1202,control_jul
35,1891.7209,control_jul
132,1892.0212,control_jul
101,1892.3215,control_jul
74,1892.6218,control_jul
117,1892.9221,control_jul
202,1893.2224,control_jul
126,1893.5228,control_jul
73,1893.8232,control_jul
164,1894.1235,control_jul
152,1894.4238,control_jul
80,1894.7241,control_jul
127,1895.0244,control_jul
18,1895.3248,control_jul
134,1895.6251,control_jul
116,1895.9254,control_jul
86,1896.2257,control_jul
115,1896.526,control_jul
181,1896.8263,control_jul
61,1897.1267,control_jul
61,1897.427,control_jul
8,1897.7273,control_jul
52,1898.0277,control_jul
35,1898.328,control_jul
188,1898.6284,control_jul
136,1898.9287,control_jul
127,1899.229,control_jul
136,1899.5293,control_jul
155,1899.8296,control_jul
77,1900.13,control_jul
31,1900.4303,control_jul
142,1900.7307,control_jul
139,1901.0309,control_jul
2,1901.3312,control_jul
2,1901.6316,control_jul
178,1901.9319,control_jul
208,1902.2323,control_jul
193,1902.5326,control_jul
115,1902.8329,control_jul
42,1903.1332,control_jul
6,1903.4335,control_jul
172,1903.7338,control_jul
159,1904.0342,control_jul
125,1904.3345,control_jul
75,1904.6348,control_jul
161,1904.9352,control_jul
136,1905.2355,control_jul
134,1905.5358,control_jul
166,1905.8361,control_jul
166,1906.1365,control_jul
166,1906.4368,control_jul
116,1906.7372,control_jul
62,1907.0375,control_jul
62,1907.3378,control_jul
116,1907.6381,control_jul
161,1907.9384,control_jul
73,1908.2388,control_jul
72,1908.5391,control_jul
76,1908.8394,control_jul
185,1909.1397,control_jul
202,1909.44,control_jul
126,1909.7403,control_jul
112,1910.0407,control_jul
92,1910.341,control_jul
202,1910.6413,control_jul
35,1910.9417,control_jul
92,1911.242,control_jul
192,1911.5423,control_jul
60,1911.8427,control_jul
17,1912.143,control_jul
123,1912.4433,control_jul
191,1912.7436,control_jul
106,1913.0439,control_jul
32,1913.3443,control_jul
63,1913.6446,control_jul
28,1913.9449,control_jul
198,1914.2452,control_jul
160,1914.5456,control_jul
25,1914.8459,control_jul
25,1915.1462,control_jul
210,1915.4465,control_jul
158,1915.7469,control_jul
19,1916.0471,control_jul
180,1916.3475,control_jul
117,1916.6478,control_jul
72,1916.9482,control_jul
72,1917.2485,control_jul
73,1917.5488,control_jul
159,1917.8492,control_jul
33,1918.1494,control_jul
161,1918.4498,control_jul
31,1918.7501,control_jul
155,1919.0504,control_jul
153,1919.3508,control_jul
145,1919.6511,control_jul
59,1919.9514,control_jul
202,1920.2517,control_jul
185,1920.5521,control_jul
185,1920.8524,control_jul
179,1921.1527,control_jul
211,1921.4531,control_jul
151,1921.7533,control_jul
31,1922.0537,control_jul
152,1922.354,control_jul
49,1922.6544,control_jul
179,1922.9547,control_jul
198,1923.255,control_jul
25,1923.5553,control_jul
25,1923.8556,control_jul
25,1924.156,control_jul
197,1924.4563,control_jul
23,1924.7566,control_jul
49,1925.057,control_jul
206,1925.3572,control_jul
22,1925.6576,control_jul
63,1925.958,control_jul
184,1926.2582,control_jul
165,1926.5586,control_jul
192,1926.8588,control_jul
65,1927.1592,control_jul
165,1927.4596,control_jul
63,1927.7599,control_jul
35,1928.0602,control_jul
49,1928.3605,control_jul
97,1928.6609,control_jul
56,1928.9612,control_jul
127,1929.2616,control_jul
92,1929.5619,control_jul
14,1929.8621,control_jul
65,1930.1624,control_jul
13,1930.4628,control_jul
85,1930.7631,control_jul
14,1931.0634,control_jul
101,1931.3637,control_jul
88,1931.6641,control_jul
121,1931.9644,control_jul
13,1932.2648,control_jul
87,1932.5652,control_jul
100,1932.8654,control_jul
88,1933.1657,control_jul
174,1933.4661,control_jul
115,1933.7664,control_jul
115,1934.0667,control_jul
50,1934.367,control_jul
158,1934.6752,control_jul
32,1934.9677,control_jul
78,1935.268,control_jul
72,1935.5683,control_jul
199,1935.8687,control_jul
79,1936.169,control_jul
73,1936.4693,control_jul
161,1936.7696,control_jul
31,1937.07,control_jul
64,1937.3703,control_jul
110,1937.6706,control_jul
151,1937.9709,control_jul
67,1938.2713,control_jul
43,1938.5716,control_jul
16,1938.8719,control_jul
158,1939.1722,control_jul
43,1939.4725,control_jul
176,1939.7729,control_jul
205,1940.0732,control_jul
76,1940.3735,control_jul
92,1940.6739,control_jul
17,1940.9741,control_jul
199,1941.2745,control_jul
190,1941.5748,control_jul
124,1941.8752,control_jul
138,1942.1755,control_jul
75,1942.4758,control_jul
72,1942.7761,control_jul
75,1943.0764,control_jul
72,1943.3768,control_jul
20,1943.6771,control_jul
65,1943.9774,control_jul
192,1944.2777,control_jul
63,1944.5781,control_jul
117,1944.8784,control_jul
184,1945.1788,control_jul
149,1945.4791,control_jul
122,1945.7794,control_jul
32,1946.0797,control_jul
177,1946.38,control_jul
92,1946.6803,control_jul
117,1946.9807,control_jul
192,1947.281,control_jul
97,1947.5813,control_jul
196,1947.8817,control_jul
32,1948.182,control_jul
117,1948.4823,control_jul
55,1948.7826,control_jul
38,1949.0829,control_jul
185,1949.3833,control_jul
180,1949.6836,control_jul
118,1949.9839,control_jul
36,1950.2843,control_jul
10,1950.5845,control_jul
3,1950.8849,control_jul
70,1951.1852,control_jul
57,1951.4856,control_jul
17,1951.7859,control_jul
3,1952.0862,control_jul
192,1952.3865,control_jul
206,1952.6868,control_jul
184,1952.9872,control_jul
87,1953.2875,control_jul
149,1953.5878,control_jul
73,1953.8882,control_jul
193,1954.1885,control_jul
125,1954.4888,control_jul
79,1954.7891,control_jul
124,1955.0895,control_jul
190,1955.3898,control_jul
175,1955.6901,control_jul
89,1955.9905,control_jul
161,1956.2908,control_jul
73,1956.5911,control_jul
75,1956.8914,control_jul
71,1957.1917,control_jul
164,1957.492,control_jul
17,1957.7924,control_jul
17,1958.0927,control_jul
35,1958.393,control_jul
63,1958.6934,control_jul
17,1958.9937,control_jul
65,1959.294,control_jul
158,1959.5943,control_jul
98,1959.8947,control_jul
98,1960.1949,control_jul
43,1960.4953,control_jul
85,1960.7956,control_jul
48,1961.096,control_jul
65,1961.3963,control_jul
149,1961.6966,control_jul
79,1961.9969,control_jul
4,1962.2972,control_jul
3,1962.5976,control_jul
125,1962.8979,control_jul
151,1963.1982,control_jul
143,1963.4985,control_jul
7,1963.7988,control_jul
47,1964.0992,control_jul
77,1964.3996,control_jul
151,1964.6999,control_jul
175,1965.0001,control_jul
136,1965.3005,control_jul
64,1965.6008,control_jul
53,1965.9012,control_jul
53,1966.2014,control_jul
98,1966.5018,control_jul
98,1966.8021,control_jul
155,1967.1024,control_jul
138,1967.4028,control_jul
159,1967.7031,control_jul
190,1968.0034,control_jul
79,1968.3037,control_jul
73,1968.6041,control_jul
79,1968.9044,control_jul
73,1969.2047,control_jul
161,1969.505,control_jul
47,1969.8054,control_jul
73,1970.1057,control_jul
75,1970.406,control_jul
89,1970.7064,control_jul
75,1971.0067,control_jul
75,1971.307,control_jul
90,1971.6074,control_jul
31,1971.9076,control_jul
161,1972.208,control_jul
44,1972.5083,control_jul
44,1972.8086,control_jul
137,1973.1089,control_jul
64,1973.4092,control_jul
159,1973.7096,control_jul
200,1974.0099,control_jul
80,1974.3102,control_jul
79,1974.6106,control_jul
75,1974.9109,control_jul
190,1975.2112,control_jul
138,1975.5115,control_jul
1,1975.8118,control_jul
47,1976.1122,control_jul
145,1976.4125,control_jul
43,1976.7128,control_jul
208,1977.0132,control_jul
127,1977.3135,control_jul
4,1977.6138,control_jul
115,1977.9141,control_jul
64,1978.2144,control_jul
17,1978.5148,control_jul
19,1978.8151,control_jul
70,1979.1154,control_jul
8,1979.4157,control_jul
93,1979.716,control_jul
158,1980.0164,control_jul
176,1980.3167,control_jul
14,1980.6171,control_jul
11,1980.9174,control_jul
11,1981.2177,control_jul
37,1981.518,control_jul
25,1981.8183,control_jul
25,1982.1187,control_jul
66,1982.419,control_jul
66,1982.7193,control_jul
66,1983.0196,control_jul
66,1983.32,control_jul
94,1983.6203,control_jul
158,1983.9206,control_jul
43,1984.2209,control_jul
176,1984.5212,control_jul
3,1984.8216,control_jul
192,1985.1219,control_jul
205,1985.4222,control_jul
22,1985.7226,control_jul
35,1986.0228,control_jul
70,1986.3232,control_jul
13,1986.6236,control_jul
101,1986.9238,control_jul
81,1987.2242,control_jul
11,1987.5245,control_jul
11,1987.8248,control_jul
61,1988.1251,control_jul
30,1988.4255,control_jul
132,1988.7258,control_jul
8,1989.0261,control_jul
61,1989.3265,control_jul
30,1989.6268,control_jul
32,1989.9271,control_jul
44,1990.2274,control_jul
164,1990.5278,control_jul
72,1990.8281,control_jul
175,1991.1284,control_jul
208,1991.4288,control_jul
67,1991.7291,control_jul
64,1992.0294,control_jul
79,1992.3297,control_jul
47,1992.63,control_jul
33,1992.9303,control_jul
170,1993.2307,control_jul
15,1993.531,control_jul
15,1993.8314,control_jul
134,1994.1316,control_jul
157,1994.432,control_jul
136,1994.7323,control_jul
42,1995.0326,control_jul
1,1995.3329,control_jul
62,1995.6333,control_jul
134,1995.9336,control_jul
188,1996.2339,control_jul
127,1996.5343,control_jul
188,1996.8346,control_jul
207,1997.1349,control_jul
80,1997.4352,control_jul
161,1997.7356,control_jul
93,1998.0359,control_jul
43,1998.3362,control_jul
88,1998.6365,control_jul
6,1998.9369,control_jul
115,1999.2372,control_jul
42,1999.5375,control_jul
74,1999.8378,control_jul
43,2000.1382,control_jul
10,2000.4385,control_jul
93,2000.7388,control_jul
31,2001.0391,control_jul
154,2001.3395,control_jul
98,2001.6398,control_jul
43,2001.9401,control_jul
155,2002.2404,control_jul
75,2002.5408,control_jul
90,2002.8411,control_jul
90,2003.1414,control_jul
90,2003.4418,control_jul
90,2003.7421,control_jul
155,2004.0423,control_jul
155,2004.3427,control_jul
187,2004.643,control_jul
187,2004.9433,control_jul
89,2005.2437,control_jul
90,2005.544,control_jul
187,2005.8443,control_jul
155,2006.1447,control_jul
199,2006.445,control_jul
14,2006.7452,control_jul
98,2007.0456,control_jul
209,2007.346,control_jul
19,2007.6463,control_jul
43,2007.9466,control_jul
88,2008.2469,control_jul
88,2008.5473,control_jul
189,2008.8476,control_jul
205,2009.1479,control_jul
179,2009.4483,control_jul
76,2009.7486,control_jul
144,2010.0488,control_jul
206,2010.3492,control_jul
164,2010.6495,control_jul
208,2010.9499,control_jul
125,2011.2501,control_jul
33,2011.5505,control_jul
141,2012.1511,control_jul
120,2012.4515,control_jul
162,2012.7518,control_jul
159,2013.0521,control_jul
140,2013.3525,control_jul
67,2013.6527,control_jul
75,2013.9531,control_jul
148,2014.2534,control_jul
16,2014.5537,control_jul
8,2014.854,control_jul
42,2015.1544,control_jul
50,2015.4547,control_jul
14,2015.755,control_jul
158,2016.0554,control_jul
98,2016.3557,control_jul
98,2016.656,control_jul
98,2016.9563,control_jul
53,2017.2567,control_jul
155,2017.557,control_jul
125,2017.8573,control_jul
199,2018.1576,control_jul
140,2018.458,control_jul
127,2018.7583,control_jul
80,2019.0586,control_jul
188,2019.3589,control_jul
122,2019.6593,control_jul
122,2019.9596,control_jul
163,2020.2599,control_jul
155,2020.5603,control_jul
110,2020.8605,control_jul
6,2021.1609,control_jul
178,2021.4612,control_jul
134,2021.7615,control_jul
45,2022.0619,control_jul
172,2022.3622,control_jul
159,2022.6625,control_jul
135,2022.9628,control_jul
162,2023.2632,control_jul
33,2023.5635,control_jul
154,2023.8638,control_jul
182,2024.1641,control_jul
164,2024.4644,control_jul
164,2024.7647,control_jul
164,2025.0651,control_jul
6,2025.3654,control_jul
143,2025.6657,control_jul
110,2025.966,control_jul
1,2026.2664,control_jul
151,2026.5667,control_jul
149,2026.867,control_jul
3,2027.1674,control_jul
20,2027.4677,control_jul
125,2027.7679,control_jul
140,2028.0684,control_jul
1,2028.3686,control_jul
199,2028.669,control_jul
135,2028.9693,control_jul
188,2029.2696,control_jul
181,2029.57,control_jul
42,2029.8703,control_jul
43,2030.1706,control_jul
10,2030.4709,control_jul
151,2030.7712,control_jul
143,2031.0715,control_jul
174,2031.3719,control_jul
176,2031.6721,control_jul
131,2031.9725,control_jul
149,2032.2728,control_jul
1,2032.5732,control_jul
31,2032.8735,control_jul
127,2033.1738,control_jul
138,2033.4741,control_jul
135,2033.7745,control_jul
136,2034.0748,control_jul
33,2034.3751,control_jul
162,2034.6755,control_jul
72,2034.9758,control_jul
112,2035.2761,control_jul
48,2035.5765,control_jul
148,2035.8767,control_jul
10,2036.1771,control_jul
53,2036.4773,control_jul
148,2036.7777,control_jul
34,2037.078,control_jul
57,2037.3784,control_jul
29,2037.6787,control_jul
165,2037.979,control_jul
129,2038.2793,control_jul
159,2038.5796,control_jul
163,2038.88,control_jul
129,2039.1803,control_jul
93,2039.4806,control_jul
176,2039.781,control_jul
165,2040.0812,control_jul
205,2040.3816,control_jul
149,2040.6819,control_jul
89,2040.9822,control_jul
127,2041.2826,control_jul
161,2041.5829,control_jul
62,2041.8832,control_jul
134,2042.1836,control_jul
166,2042.4839,control_jul
134,2042.7842,control_jul
68,2043.0845,control_jul
68,2043.3849,control_jul
68,2043.6852,control_jul
68,2043.9854,control_jul
68,2044.2858,control_jul
68,2044.5861,control_jul
68,2044.8865,control_jul
68,2045.1868,control_jul
68,2045.4871,control_jul
68,2045.7874,control_jul
68,2046.0877,control_jul
68,2046.3881,control_jul
68,2046.6884,control_jul
68,2046.9887,control_jul
134,2047.289,control_jul
116,2047.5893,control_jul
116,2047.8897,control_jul
163,2048.19,control_jul
33,2048.4903,control_jul
151,2048.7906,control_jul
158,2049.091,control_jul
117,2049.3913,control_jul
152,2049.6916,control_jul
89,2049.992,control_jul
163,2050.2923,control_jul
79,2050.5926,control_jul
79,2050.893,control_jul
47,2051.1932,control_jul
161,2051.4935,control_jul
89,2051.7939,control_jul
161,2052.0942,control_jul
75,2052.3945,control_jul
47,2052.6949,control_jul
33,2052.9952,control_jul
159,2053.2955,control_jul
164,2053.5958,control_jul
192,2053.8962,control_jul
44,2054.1965,control_jul
92,2054.4968,control_jul
35,2054.7971,control_jul
69,2055.0975,control_jul
192,2055.3978,control_jul
63,2055.6981,control_jul
126,2055.9985,control_jul
185,2056.2988,control_jul
184,2056.5991,control_jul
22,2056.8994,control_jul
117,2057.1997,control_jul
117,2057.5,control_jul
60,2057.8004,control_jul
58,2058.1007,control_jul
185,2058.401,control_jul
48,2058.7013,control_jul
70,2059.0017,control_jul
55,2059.302,control_jul
136,2059.6024,control_jul
73,2059.9027,control_jul
73,2060.2029,control_jul
208,2060.5033,control_jul
73,2060.8036,control_jul
47,2061.104,control_jul
199,2061.4043,control_jul
4,2061.7046,control_jul
159,2062.0049,control_jul
6,2062.3053,control_jul
73,2062.6056,control_jul
136,2062.9059,control_jul
112,2063.2062,control_jul
87,2063.5066,control_jul
3,2063.8069,control_jul
91,2064.1072,control_jul
11,2064.4075,control_jul
16,2064.7078,control_jul
88,2065.0082,control_jul
88,2065.3085,control_jul
153,2065.6088,control_jul
174,2065.9092,control_jul
153,2066.2095,control_jul
153,2066.5098,control_jul
153,2066.8101,control_jul
174,2067.1104,control_jul
88,2067.4108,control_jul
141,2067.7111,control_jul
174,2068.0114,control_jul
115,2068.3117,control_jul
153,2068.6121,control_jul
174,2068.9124,control_jul
88,2069.2127,control_jul
141,2069.5131,control_jul
141,2069.8134,control_jul
115,2070.1137,control_jul
141,2070.414,control_jul
115,2070.7143,control_jul
115,2071.0147,control_jul
86,2071.315,control_jul
73,2071.6153,control_jul
73,2071.9156,control_jul
124,2072.216,control_jul
1,2072.5163,control_jul
33,2072.8166,control_jul
44,2073.1169,control_jul
35,2073.4172,control_jul
185,2073.7176,control_jul
112,2074.0179,control_jul
87,2074.3182,control_jul
85,2074.6186,control_jul
10,2074.9188,control_jul
14,2075.2192,control_jul
98,2075.5195,control_jul
98,2075.8198,control_jul
98,2076.1202,control_jul
53,2076.4205,control_jul
203,2076.7208,control_jul
114,2077.0212,control_jul
32,2077.3215,control_jul
36,2077.9221,control_jul
22,2078.2225,control_jul
60,2078.5228,control_jul
34,2078.8231,control_jul
58,2079.1234,control_jul
13,2079.4238,control_jul
29,2079.7241,control_jul
97,2080.0244,control_jul
97,2080.3247,control_jul
132,2080.625,control_jul
1,2080.9254,control_jul
181,2081.2257,control_jul
172,2081.526,control_jul
33,2081.8263,control_jul
182,2082.1267,control_jul
35,2082.427,control_jul
44,2082.7273,control_jul
37,2083.0276,control_jul
156,2083.328,control_jul
24,2083.6283,control_jul
11,2083.9286,control_jul
43,2084.2289,control_jul
93,2084.5292,control_jul
121,2084.8296,control_jul
110,2085.13,control_jul
7,2085.4302,control_jul
110,2085.7306,control_jul
161,2086.0309,control_jul
136,2086.3312,control_jul
136,2086.6316,control_jul
136,2086.9319,control_jul
127,2087.2322,control_jul
92,2087.5325,control_jul
65,2087.8328,control_jul
63,2088.1332,control_jul
185,2088.4335,control_jul
200,2088.7338,control_jul
79,2089.0341,control_jul
125,2089.3345,control_jul
31,2089.6348,control_jul
77,2089.9351,control_jul
141,2090.2355,control_jul
151,2090.5358,control_jul
125,2090.8361,control_jul
7,2091.1364,control_jul
176,2091.4367,control_jul
93,2091.7371,control_jul
88,2092.0374,control_jul
153,2092.3377,control_jul
115,2092.638,control_jul
174,2092.9384,control_jul
59,2093.2387,control_jul
112,2093.539,control_jul
32,2093.8393,control_jul
78,2094.1396,control_jul
38,2094.44,control_jul
126,2094.7404,control_jul
85,2095.0406,control_jul
208,2095.341,control_jul
142,2095.6413,control_jul
84,2095.9617,control_jul
153,2096.2419,control_jul
30,2096.5423,control_jul
17,2096.8426,control_jul
158,2097.1429,control_jul
87,2097.4432,control_jul
17,2097.7436,control_jul
13,2098.0439,control_jul
192,2098.3442,control_jul
36,2098.6446,control_jul
158,2098.9449,control_jul
75,2099.2452,control_jul
65,2099.5455,control_jul
137,2099.8459,control_jul
17,2100.1461,control_jul
113,2100.4465,control_jul
182,2100.7468,control_jul
63,2101.0471,control_jul
165,2101.3474,control_jul
92,2101.6478,control_jul
36,2101.9482,control_jul
117,2102.2485,control_jul
70,2102.5488,control_jul
16,2102.8491,control_jul
8,2103.1494,control_jul
30,2103.4498,control_jul
12,2103.7501,control_jul
38,2104.0504,control_jul
197,2104.3507,control_jul
197,2104.6511,control_jul
41,2104.9514,control_jul
192,2105.2517,control_jul
209,2105.552,control_jul
70,2105.8523,control_jul
50,2106.1527,control_jul
115,2106.453,control_jul
42,2106.7533,control_jul
17,2107.0537,control_jul
92,2107.354,control_jul
92,2107.6543,control_jul
137,2107.9546,control_jul
17,2108.2549,control_jul
32,2108.5553,control_jul
29,2108.8556,control_jul
16,2109.1559,control_jul
176,2109.4562,control_jul
158,2109.7566,control_jul
14,2110.0569,control_jul
125,2110.3572,control_jul
131,2110.6575,control_jul
29,2110.9579,control_jul
70,2111.2582,control_jul
17,2111.5586,control_jul
52,2111.8588,control_jul
64,2112.1591,control_jul
176,2112.4595,control_jul
128,2112.7598,control_jul
193,2113.0602,control_jul
176,2113.3605,control_jul
70,2113.6608,control_jul
131,2113.9612,control_jul
16,2114.2615,control_jul
30,2114.5618,control_jul
3,2114.8621,control_jul
164,2115.1624,control_jul
144,2115.4627,control_jul
211,2115.7631,control_jul
75,2116.0634,control_jul
161,2116.3637,control_jul
127,2116.6641,control_jul
173,2116.9644,control_jul
199,2117.2647,control_jul
193,2117.5651,control_jul
75,2117.8653,control_jul
124,2118.1657,control_jul
136,2118.466,control_jul
72,2118.7663,control_jul
71,2119.0667,control_jul
124,2119.367,control_jul
72,2119.6673,control_jul
163,2119.9676,control_jul
117,2120.268,control_jul
65,2120.5683,control_jul
131,2120.8686,control_jul
118,2121.1689,control_jul
106,2121.4701,control_jul
181,2121.7696,control_jul
75,2122.0699,control_jul
162,2122.3703,control_jul
46,2122.6706,control_jul
13,2122.9709,control_jul
202,2123.2712,control_jul
34,2123.5715,control_jul
34,2123.8718,control_jul
210,2124.1722,control_jul
43,2124.4725,control_jul
74,2124.7728,control_jul
118,2125.0731,control_jul
165,2125.3735,control_jul
184,2125.6738,control_jul
144,2125.9741,control_jul
205,2126.2745,control_jul
63,2126.5748,control_jul
83,2126.8751,control_jul
184,2127.1754,control_jul
83,2127.4758,control_jul
92,2127.7761,control_jul
36,2128.0764,control_jul
13,2128.3767,control_jul
19,2128.677,control_jul
74,2128.9773,control_jul
3,2129.2777,control_jul
8,2129.578,control_jul
151,2129.8783,control_jul
190,2130.1787,control_jul
145,2130.4789,control_jul
72,2130.7793,control_jul
92,2131.0796,control_jul
49,2131.3799,control_jul
106,2131.6803,control_jul
44,2131.9862,control_jul
206,2132.2809,control_jul
162,2132.5812,control_jul
138,2132.8816,control_jul
78,2133.1819,control_jul
38,2133.4822,control_jul
180,2133.7825,control_jul
4,2134.0828,control_jul
71,2134.3831,control_jul
38,2134.6835,control_jul
202,2134.9838,control_jul
133,2135.2841,control_jul
106,2135.5845,control_jul
179,2135.8848,control_jul
133,2136.1852,control_jul
40,2136.4854,control_jul
209,2136.7858,control_jul
17,2137.0861,control_jul
87,2137.3864,control_jul
43,2137.6867,control_jul
16,2137.9871,control_jul
17,2138.2874,control_jul
184,2138.5877,control_jul
97,2138.888,control_jul
132,2139.1883,control_jul
12,2139.4887,control_jul
61,2139.789,control_jul
12,2140.0893,control_jul
52,2140.3897,control_jul
28,2140.69,control_jul
156,2140.9903,control_jul
182,2141.2906,control_jul
76,2141.5909,control_jul
200,2141.8913,control_jul
186,2142.1916,control_jul
186,2142.4919,control_jul
80,2142.7922,control_jul
161,2143.0926,control_jul
78,2143.3929,control_jul
38,2143.6932,control_jul
192,2143.9935,control_jul
206,2144.2939,control_jul
129,2144.5942,control_jul
73,2144.8945,control_jul
44,2145.1948,control_jul
144,2145.4951,control_jul
92,2145.7955,control_jul
49,2146.0958,control_jul
137,2146.3961,control_jul
72,2146.6964,control_jul
79,2146.9968,control_jul
1,2147.2971,control_jul
143,2147.5974,control_jul
14,2147.8978,control_jul
16,2148.1981,control_jul
158,2148.4984,control_jul
10,2148.7987,control_jul
209,2149.099,control_jul
65,2149.3993,control_jul
87,2149.6996,control_jul
125,2150.0,control_jul
7,2150.3003,control_jul
67,2150.6006,control_jul
143,2150.901,control_jul
115,2151.2013,control_jul
153,2151.5016,control_jul
115,2151.8019,control_jul
50,2152.1023,control_jul
70,2152.4026,control_jul
43,2152.7029,control_jul
30,2153.0032,control_jul
43,2153.3036,control_jul
74,2153.6039,control_jul
124,2153.9042,control_jul
62,2154.2045,control_jul
116,2154.5049,control_jul
136,2154.8052,control_jul
149,2155.1055,control_jul
17,2155.4058,control_jul
17,2155.7061,control_jul
131,2156.0065,control_jul
14,2156.3068,control_jul
88,2156.6071,control_jul
88,2156.9074,control_jul
61,2157.2077,control_jul
132,2157.508,control_jul
10,2157.8084,control_jul
180,2158.1087,control_jul
202,2158.4091,control_jul
124,2158.7094,control_jul
1,2159.0097,control_jul
110,2159.31,control_jul
143,2159.6103,control_jul
124,2159.9107,control_jul
152,2160.211,control_jul
188,2160.5113,control_jul
173,2160.8116,control_jul
127,2161.1119,control_jul
175,2161.4122,control_jul
4,2161.7125,control_jul
139,2162.0129,control_jul
84,2162.3132,control_jul
64,2162.6135,control_jul
125,2162.9138,control_jul
47,2163.2141,control_jul
154,2163.5145,control_jul
125,2163.8148,control_jul
143,2164.1151,control_jul
153,2164.4155,control_jul
153,2164.7158,control_jul
145,2165.0161,control_jul
161,2165.3164,control_jul
208,2165.6168,control_jul
75,2165.9171,control_jul
73,2166.2174,control_jul
4,2166.5177,control_jul
31,2166.818,control_jul
6,2167.1184,control_jul
77,2167.4187,control_jul
100,2167.719,control_jul
10,2168.0193,control_jul
10,2168.3196,control_jul
10,2168.62,control_jul
20,2168.9203,control_jul
154,2169.2206,control_jul
3,2169.5209,control_jul
8,2169.8213,control_jul
81,2170.1215,control_jul
63,2170.4219,control_jul
179,2170.7222,control_jul
194,2171.0225,control_jul
144,2171.3228,control_jul
55,2171.6232,control_jul
87,2171.9235,control_jul
176,2172.2238,control_jul
88,2172.5242,control_jul
95,2172.8244,control_jul
204,2173.1247,control_jul
21,2173.4251,control_jul
21,2173.7255,control_jul
21,2174.0258,control_jul
21,2174.3261,control_jul
37,2174.6264,control_jul
65,2174.9267,control_jul
83,2175.227,control_jul
35,2175.5273,control_jul
137,2175.8277,control_jul
13,2176.128,control_jul
65,2176.4284,control_jul
112,2176.7286,control_jul
191,2177.029,control_jul
194,2177.3293,control_jul
194,2177.6297,control_jul
128,2177.93,control_jul
161,2178.2303,control_jul
110,2178.5306,control_jul
125,2178.8309,control_jul
142,2179.1313,control_jul
145,2179.4316,control_jul
153,2179.7319,control_jul
143,2180.0323,control_jul
110,2180.3325,control_jul
172,2180.6329,control_jul
47,2180.9332,control_jul
70,2181.2335,control_jul
56,2181.5339,control_jul
151,2181.8342,control_jul
143,2182.1345,control_jul
64,2182.4348,control_jul
47,2182.7351,control_jul
193,2183.0355,control_jul
67,2183.3357,control_jul
1,2183.6361,control_jul
75,2183.9364,control_jul
6,2184.2367,control_jul
143,2184.537,control_jul
7,2184.8374,control_jul
31,2185.1377,control_jul
75,2185.438,control_jul
172,2185.7384,control_jul
52,2186.0387,control_jul
131,2186.339,control_jul
84,2186.6393,control_jul
77,2186.9396,control_jul
7,2187.2399,control_jul
1,2187.5404,control_jul
1,2187.8406,control_jul
193,2188.1409,control_jul
31,2188.4413,control_jul
190,2188.7416,control_jul
83,2189.0419,control_jul
35,2189.3422,control_jul
165,2189.6426,control_jul
192,2189.9429,control_jul
17,2190.2432,control_jul
19,2190.5435,control_jul
17,2190.8438,control_jul
131,2191.1442,control_jul
101,2191.4445,control_jul
61,2191.7448,control_jul
8,2192.0451,control_jul
50,2192.3454,control_jul
125,2192.6458,control_jul
33,2192.9461,control_jul
44,2193.2464,control_jul
38,2193.5467,control_jul
196,2193.847,control_jul
49,2194.1474,control_jul
49,2194.4477,control_jul
183,2194.7481,control_jul
117,2195.0484,control_jul
32,2195.3487,control_jul
29,2195.649,control_jul
50,2195.9493,control_jul
70,2196.2497,control_jul
165,2196.55,control_jul
65,2196.8503,control_jul
38,2197.1506,control_jul
55,2197.4509,control_jul
48,2197.7512,control_jul
8,2198.0516,control_jul
30,2198.3519,control_jul
131,2198.6522,control_jul
55,2198.9526,control_jul
184,2199.2529,control_jul
83,2199.5532,control_jul
164,2199.8535,control_jul
22,2200.1539,control_jul
38,2200.4541,control_jul
106,2200.7545,control_jul
191,2201.0548,control_jul
188,2201.3552,control_jul
72,2201.6554,control_jul
138,2201.9558,control_jul
135,2202.2561,control_jul
152,2202.5564,control_jul
199,2202.8568,control_jul
80,2203.1571,control_jul
173,2203.4574,control_jul
188,2203.7577,control_jul
199,2204.058,control_jul
136,2204.3584,control_jul
199,2204.6587,control_jul
136,2204.959,control_jul
125,2205.2594,control_jul
67,2205.5596,control_jul
47,2205.86,control_jul
71,2206.1603,control_jul
206,2206.4606,control_jul
76,2206.7609,control_jul
40,2207.0612,control_jul
76,2207.3616,control_jul
17,2207.6619,control_jul
13,2207.9622,control_jul
136,2208.2625,control_jul
73,2208.5628,control_jul
157,2208.8632,control_jul
144,2209.1635,control_jul
191,2209.4638,control_jul
83,2209.7641,control_jul
20,2210.0645,control_jul
84,2210.3648,control_jul
143,2210.6652,control_jul
141,2210.9654,control_jul
115,2211.5661,control_jul
153,2211.8664,control_jul
145,2212.1667,control_jul
125,2212.4671,control_jul
75,2212.7674,control_jul
75,2213.0677,control_jul
142,2213.368,control_jul
190,2213.6684,control_jul
193,2213.9686,control_jul
142,2214.269,control_jul
159,2214.5693,control_jul
190,2214.8696,control_jul
200,2215.17,control_jul
179,2215.4703,control_jul
191,2215.7706,control_jul
161,2216.0709,control_jul
181,2216.3712,control_jul
115,2216.6716,control_jul
143,2216.9719,control_jul
142,2217.2722,control_jul
161,2217.5725,control_jul
1,2217.8729,control_jul
143,2218.1901,control_jul
74,2218.4735,control_jul
93,2218.7739,control_jul
173,2219.0742,control_jul
172,2219.3745,control_jul
142,2219.6748,control_jul
115,2219.975,control_jul
158,2220.2755,control_jul
65,2220.5758,control_jul
165,2220.8761,control_jul
17,2221.1764,control_jul
205,2221.4767,control_jul
3,2221.777,control_jul
8,2222.0774,control_jul
29,2222.3777,control_jul
164,2222.678,control_jul
92,2222.9784,control_jul
13,2223.2787,control_jul
55,2223.579,control_jul
158,2223.8793,control_jul
176,2224.1796,control_jul
87,2224.48,control_jul
29,2224.7803,control_jul
74,2225.0806,control_jul
43,2225.3809,control_jul
70,2225.6813,control_jul
65,2225.9816,control_jul
78,2226.2819,control_jul
70,2226.5822,control_jul
16,2226.8825,control_jul
6,2227.1829,control_jul
145,2227.4831,control_jul
20,2227.7835,control_jul
38,2228.0838,control_jul
180,2228.3842,control_jul
131,2228.6845,control_jul
19,2228.9848,control_jul
131,2229.2851,control_jul
12,2229.5855,control_jul
93,2229.8858,control_jul
61,2230.1861,control_jul
50,2230.4864,control_jul
84,2230.7867,control_jul
143,2231.0871,control_jul
145,2231.3874,control_jul
33,2231.988,control_jul
13,2232.2883,control_jul
165,2232.5887,control_jul
17,2232.889,control_jul
55,2233.1893,control_jul
180,2233.4896,control_jul
206,2233.7899,control_jul
35,2234.0902,control_jul
112,2234.3906,control_jul
144,2234.6909,control_jul
191,2234.9912,control_jul
206,2235.2916,control_jul
136,2235.5919,control_jul
79,2235.8922,control_jul
194,2236.1925,control_jul
123,2236.4928,control_jul
123,2236.7932,control_jul
184,2237.0935,control_jul
32,2237.3938,control_jul
3,2237.6941,control_jul
191,2237.9945,control_jul
44,2238.2948,control_jul
17,2238.5951,control_jul
192,2238.8954,control_jul
49,2239.1957,control_jul
24,2239.4961,control_jul
197,2239.7964,control_jul
130,2240.0967,control_jul
17,2240.3971,control_jul
29,2240.6974,control_jul
78,2240.9977,control_jul
184,2241.298,control_jul
182,2241.5983,control_jul
144,2241.8986,control_jul
191,2242.1989,control_jul
92,2242.4993,control_jul
192,2243.1,control_jul
127,2243.4003,control_jul
72,2243.7006,control_jul
75,2244.0009,control_jul
172,2244.3012,control_jul
80,2244.6015,control_jul
199,2244.9018,control_jul
175,2245.2022,control_jul
172,2245.5025,control_jul
140,2245.8028,control_jul
73,2246.1031,control_jul
208,2246.4035,control_jul
199,2246.7038,control_jul
79,2247.0041,control_jul
190,2247.3044,control_jul
182,2247.6048,control_jul
206,2247.9051,control_jul
185,2248.2054,control_jul
158,2248.5057,control_jul
176,2248.806,control_jul
87,2249.1063,control_jul
87,2249.4067,control_jul
70,2249.7069,control_jul
32,2250.0074,control_jul
140,2250.3076,control_jul
1,2250.608,control_jul
143,2250.9083,control_jul
119,2251.2086,control_jul
16,2251.5089,control_jul
153,2251.8092,control_jul
153,2252.1096,control_jul
42,2252.4099,control_jul
31,2252.7102,control_jul
190,2253.0105,control_jul
140,2253.3108,control_jul
125,2253.6112,control_jul
59,2253.9115,control_jul
10,2254.2118,control_jul
30,2254.5121,control_jul
70,2254.8125,control_jul
74,2255.1128,control_jul
74,2255.4131,control_jul
204,2255.7134,control_jul
204,2256.0137,control_jul
11,2256.314,control_jul
11,2256.6144,control_jul
88,2256.9147,control_jul
158,2257.2151,control_jul
72,2257.5153,control_jul
127,2257.8156,control_jul
136,2258.116,control_jul
157,2258.4163,control_jul
161,2258.7166,control_jul
75,2259.0169,control_jul
84,2259.3173,control_jul
174,2259.6176,control_jul
176,2259.9179,control_jul
209,2260.2183,control_jul
158,2260.5186,control_jul
87,2260.8189,control_jul
30,2261.1192,control_jul
131,2261.4195,control_jul
158,2261.7199,control_jul
8,2262.0202,control_jul
145,2262.3205,control_jul
31,2262.6208,control_jul
73,2262.9211,control_jul
139,2263.2214,control_jul
161,2263.5218,control_jul
161,2263.822,control_jul
72,2264.1225,control_jul
72,2264.4228,control_jul
161,2264.7231,control_jul
3,2265.0234,control_jul
32,2265.3237,control_jul
12,2265.6241,control_jul
101,2265.9244,control_jul
16,2266.2247,control_jul
30,2266.525,control_jul
43,2266.8253,control_jul
29,2267.1256,control_jul
87,2267.4259,control_jul
6,2267.7263,control_jul
74,2268.0266,control_jul
87,2268.3269,control_jul
70,2268.6272,control_jul
19,2268.9276,control_jul
204,2269.2278,control_jul
183,2269.5282,control_jul
57,2269.8285,control_jul
17,2270.1289,control_jul
29,2270.4292,control_jul
98,2270.7295,control_jul
209,2271.0298,control_jul
65,2271.3301,control_jul
208,2271.6304,control_jul
151,2271.9308,control_jul
176,2272.2311,control_jul
209,2272.5314,control_jul
131,2272.8317,control_jul
75,2273.1321,control_jul
193,2273.4324,control_jul
84,2273.7327,control_jul
74,2274.033,control_jul
88,2274.3333,control_jul
88,2274.6336,control_jul
61,2274.934,control_jul
19,2275.2343,control_jul
38,2275.5347,control_jul
36,2275.8349,control_jul
149,2276.1353,control_jul
122,2276.4356,control_jul
1,2276.7359,control_jul
75,2277.0362,control_jul
47,2277.3365,control_jul
29,2277.6369,control_jul
10,2277.9372,control_jul
17,2278.2375,control_jul
17,2278.5378,control_jul
17,2278.8382,control_jul
118,2279.1385,control_jul
206,2279.4388,control_jul
137,2279.7391,control_jul
205,2280.0395,control_jul
22,2280.3398,control_jul
137,2280.6401,control_jul
118,2280.9404,control_jul
121,2281.2408,control_jul
50,2281.541,control_jul
161,2281.8414,control_jul
193,2282.1417,control_jul
113,2282.442,control_jul
78,2282.7423,control_jul
52,2283.0426,control_jul
87,2283.343,control_jul
184,2283.6433,control_jul
142,2283.9436,control_jul
136,2284.2439,control_jul
38,2284.5443,control_jul
144,2284.8446,control_jul
76,2285.1449,control_jul
69,2285.4452,control_jul
36,2285.7456,control_jul
165,2286.0459,control_jul
38,2286.3462,control_jul
17,2286.6465,control_jul
165,2286.9469,control_jul
190,2287.2472,control_jul
31,2287.5475,control_jul
50,2287.8478,control_jul
61,2288.1481,control_jul
118,2288.4485,control_jul
164,2288.7488,control_jul
137,2289.0491,control_jul
182,2289.3494,control_jul
117,2289.6497,control_jul
182,2289.9501,control_jul
83,2290.2504,control_jul
206,2290.5507,control_jul
13,2290.851,control_jul
202,2291.1514,control_jul
190,2291.4517,control_jul
190,2291.752,control_jul
72,2292.0523,control_jul
199,2292.3526,control_jul
79,2292.653,control_jul
152,2292.9533,control_jul
136,2293.2536,control_jul
27,2293.5539,control_jul
158,2293.8543,control_jul
148,2294.1545,control_jul
210,2294.4548,control_jul
65,2294.7552,control_jul
165,2295.0555,control_jul
70,2295.3558,control_jul
181,2295.6562,control_jul
143,2295.9565,control_jul
77,2296.2568,control_jul
87,2296.5572,control_jul
52,2296.8575,control_jul
71,2297.1578,control_jul
122,2297.4581,control_jul
125,2297.7584,control_jul
67,2298.0587,control_jul
151,2298.3591,control_jul
75,2298.6594,control_jul
1,2298.9597,control_jul
6,2299.26,control_jul
193,2299.5603,control_jul
182,2299.8607,control_jul
65,2300.161,control_jul
208,2300.4613,control_jul
171,2300.7616,control_jul
116,2301.062,control_jul
45,2301.3623,control_jul
15,2301.6626,control_jul
67,2301.9629,control_jul
77,2302.2632,control_jul
181,2302.5635,control_jul
33,2302.8639,control_jul
136,2303.1642,control_jul
193,2303.4645,control_jul
143,2303.7648,control_jul
77,2304.0652,control_jul
75,2304.3655,control_jul
199,2304.6658,control_jul
31,2304.9661,control_jul
110,2305.2664,control_jul
31,2305.5668,control_jul
208,2305.867,control_jul
190,2306.1674,control_jul
199,2306.4677,control_jul
127,2306.7681,control_jul
136,2307.0684,control_jul
71,2307.3687,control_jul
192,2307.669,control_jul
192,2307.9694,control_jul
29,2308.2696,control_jul
131,2308.57,control_jul
67,2308.8703,control_jul
172,2309.1706,control_jul
190,2309.471,control_jul
136,2309.7713,control_jul
1,2310.0716,control_jul
190,2310.3719,control_jul
64,2310.6722,control_jul
1,2310.9725,control_jul
199,2311.2728,control_jul
92,2311.5732,control_jul
112,2311.8735,control_jul
123,2312.1739,control_jul
83,2312.4741,control_jul
182,2312.7745,control_jul
117,2313.0748,control_jul
78,2313.3751,control_jul
184,2313.6755,control_jul
1,2313.9757,control_jul
67,2314.2761,control_jul
47,2314.5764,control_jul
56,2314.8767,control_jul
6,2315.1771,control_jul
7,2315.4773,control_jul
79,2315.7777,control_jul
152,2316.078,control_jul
208,2316.3783,control_jul
172,2316.6786,control_jul
71,2316.979,control_jul
123,2317.2793,control_jul
76,2317.5796,control_jul
146,2317.8799,control_jul
146,2318.1803,control_jul
76,2318.4806,control_jul
152,2318.7809,control_jul
152,2319.0812,control_jul
72,2319.3815,control_jul
151,2319.6818,control_jul
31,2319.9822,control_jul
190,2320.2825,control_jul
125,2320.5828,control_jul
16,2320.8831,control_jul
29,2321.1834,control_jul
158,2321.4837,control_jul
20,2321.7841,control_jul
155,2322.0844,control_jul
59,2322.3847,control_jul
92,2322.6851,control_jul
191,2322.9854,control_jul
196,2323.2857,control_jul
40,2323.5861,control_jul
76,2323.8864,control_jul
195,2324.1867,control_jul
209,2324.487,control_jul
83,2324.7873,control_jul
184,2325.0876,control_jul
78,2325.388,control_jul
3,2325.6883,control_jul
65,2325.9887,control_jul
57,2326.289,control_jul
158,2326.5892,control_jul
65,2326.8895,control_jul
149,2327.1899,control_jul
72,2327.4902,control_jul
154,2327.7905,control_jul
16,2328.0908,control_jul
189,2328.3912,control_jul
211,2328.6915,control_jul
1,2328.9918,control_jul
75,2329.2922,control_jul
72,2329.5925,control_jul
154,2329.8928,control_jul
19,2330.1931,control_jul
19,2330.4935,control_jul
92,2330.7937,control_jul
49,2331.0941,control_jul
164,2331.3944,control_jul
13,2331.6948,control_jul
83,2331.995,control_jul
179,2332.2954,control_jul
123,2332.5957,control_jul
185,2332.896,control_jul
209,2333.1964,control_jul
137,2333.4967,control_jul
118,2333.797,control_jul
48,2334.0973,control_jul
44,2334.3976,control_jul
197,2334.698,control_jul
130,2334.9983,control_jul
22,2335.2986,control_jul
22,2335.5989,control_jul
44,2335.8992,control_jul
163,2336.1996,control_jul
163,2336.4999,control_jul
163,2336.8002,control_jul
67,2337.1005,control_jul
193,2337.4009,control_jul
19,2337.7012,control_jul
52,2338.0015,control_jul
35,2338.3018,control_jul
49,2338.6021,control_jul
17,2338.9025,control_jul
57,2339.2028,control_jul
52,2339.5031,control_jul
152,2339.8034,control_jul
72,2340.1038,control_jul
199,2340.4041,control_jul
72,2340.7044,control_jul
127,2341.0047,control_jul
162,2341.305,control_jul
135,2341.6054,control_jul
33,2341.9057,control_jul
199,2342.206,control_jul
72,2342.5064,control_jul
33,2342.8067,control_jul
208,2343.1069,control_jul
6,2343.4073,control_jul
6,2343.7076,control_jul
193,2344.0079,control_jul
188,2344.3083,control_jul
123,2344.6086,control_jul
126,2344.9089,control_jul
209,2345.2092,control_jul
65,2345.5096,control_jul
57,2345.8099,control_jul
70,2346.1101,control_jul
8,2346.4105,control_jul
16,2346.7108,control_jul
48,2347.0111,control_jul
142,2347.3115,control_jul
73,2347.6119,control_jul
136,2347.9121,control_jul
206,2348.218,control_jul
92,2348.5127,control_jul
19,2348.8131,control_jul
87,2349.1134,control_jul
70,2349.4138,control_jul
75,2349.714,control_jul
124,2350.0144,control_jul
157,2350.3147,control_jul
208,2350.6151,control_jul
125,2350.9154,control_jul
33,2351.2157,control_jul
154,2351.5159,control_jul
158,2351.8163,control_jul
93,2352.1166,control_jul
6,2352.417,control_jul
77,2352.7172,control_jul
51,2353.0176,control_jul
73,2353.3179,control_jul
125,2353.6182,control_jul
145,2353.9185,control_jul
84,2354.2189,control_jul
2,2354.5192,control_jul
145,2354.8195,control_jul
141,2355.1198,control_jul
143,2355.4202,control_jul
1,2355.7205,control_jul
58,2356.0208,control_jul
123,2356.3211,control_jul
63,2356.6214,control_jul
165,2356.9218,control_jul
162,2357.2221,control_jul
73,2357.5224,control_jul
157,2357.8228,control_jul
33,2358.123,control_jul
125,2358.4234,control_jul
73,2358.7237,control_jul
161,2359.024,control_jul
50,2359.3243,control_jul
8,2359.6247,control_jul
16,2359.925,control_jul
70,2360.2253,control_jul
158,2360.5257,control_jul
74,2360.826,control_jul
85,2361.1263,control_jul
184,2361.4266,control_jul
191,2361.7269,control_jul
144,2362.0273,control_jul
92,2362.3276,control_jul
205,2362.6279,control_jul
195,2362.9282,control_jul
192,2363.2285,control_jul
205,2363.5288,control_jul
22,2363.8292,control_jul
55,2364.1295,control_jul
83,2364.4298,control_jul
131,2364.7301,control_jul
17,2365.0305,control_jul
17,2365.3308,control_jul
20,2365.6311,control_jul
140,2365.9315,control_jul
72,2366.2318,control_jul
63,2366.5321,control_jul
78,2366.8324,control_jul
164,2367.1327,control_jul
202,2367.433,control_jul
123,2367.7333,control_jul
40,2368.0337,control_jul
196,2368.334,control_jul
106,2368.6343,control_jul
137,2368.9347,control_jul
38,2369.235,control_jul
63,2369.5353,control_jul
164,2369.8356,control_jul
39,2370.1359,control_jul
192,2370.4363,control_jul
92,2370.7366,control_jul
24,2371.0369,control_jul
24,2371.3372,control_jul
23,2371.6375,control_jul
180,2371.9379,control_jul
35,2372.2382,control_jul
192,2372.5385,control_jul
177,2372.8388,control_jul
35,2373.1391,control_jul
202,2373.4395,control_jul
83,2373.7398,control_jul
182,2374.0401,control_jul
78,2374.3405,control_jul
44,2374.6408,control_jul
106,2374.9411,control_jul
152,2375.2414,control_jul
127,2375.5418,control_jul
159,2375.8421,control_jul
190,2376.1424,control_jul
31,2376.4427,control_jul
4,2376.743,control_jul
199,2377.0434,control_jul
75,2377.3436,control_jul
84,2377.644,control_jul
6,2377.9443,control_jul
152,2378.2446,control_jul
49,2378.545,control_jul
97,2378.8453,control_jul
185,2379.1456,control_jul
118,2379.4459,control_jul
202,2379.7462,control_jul
182,2380.0466,control_jul
83,2380.3469,control_jul
117,2380.6472,control_jul
202,2380.9475,control_jul
117,2381.2478,control_jul
150,2381.5482,control_jul
136,2381.8485,control_jul
33,2382.1488,control_jul
36,2382.4492,control_jul
144,2382.7495,control_jul
208,2383.0498,control_jul
175,2383.35,control_jul
175,2383.6504,control_jul
4,2383.9508,control_jul
140,2384.2511,control_jul
199,2384.5514,control_jul
56,2384.8516,control_jul
145,2385.152,control_jul
77,2385.4523,control_jul
125,2385.7526,control_jul
33,2386.053,control_jul
125,2386.3533,control_jul
84,2386.6536,control_jul
77,2386.9539,control_jul
193,2387.2542,control_jul
33,2387.5546,control_jul
190,2387.8549,control_jul
47,2388.1553,control_jul
59,2388.4556,control_jul
17,2388.7558,control_jul
87,2389.0562,control_jul
93,2389.3565,control_jul
110,2389.6568,control_jul
111,2389.9572,control_jul
8,2390.2575,control_jul
77,2390.5578,control_jul
51,2390.8581,control_jul
87,2391.1584,control_jul
78,2391.4588,control_jul
48,2391.7591,control_jul
1,2392.0594,control_jul
151,2392.3597,control_jul
6,2392.66,control_jul
31,2392.9604,control_jul
1,2393.2607,control_jul
115,2393.5611,control_jul
16,2393.8613,control_jul
132,2394.1617,control_jul
12,2394.462,control_jul
209,2394.7623,control_jul
202,2395.0626,control_jul
63,2395.3629,control_jul
13,2395.6632,control_jul
17,2395.9636,control_jul
87,2396.2639,control_jul
16,2396.5642,control_jul
30,2396.8645,control_jul
78,2397.1649,control_jul
17,2397.7655,control_jul
13,2398.0659,control_jul
184,2398.3661,control_jul
117,2398.6664,control_jul
83,2398.9668,control_jul
126,2399.2671,control_jul
185,2399.5674,control_jul
35,2399.8677,control_jul
60,2400.1681,control_jul
192,2400.4684,control_jul
205,2400.7687,control_jul
34,2401.0691,control_jul
198,2401.3694,control_jul
17,2401.6697,control_jul
185,2401.97,control_jul
83,2402.2703,control_jul
165,2402.5707,control_jul
65,2402.8709,control_jul
12,2403.1713,control_jul
8,2403.4716,control_jul
61,2403.772,control_jul
30,2404.0722,control_jul
85,2404.3725,control_jul
27,2404.6785,control_jul
194,2404.9732,control_jul
76,2405.2735,control_jul
49,2405.5739,control_jul
202,2405.8741,control_jul
190,2406.1745,control_jul
136,2406.4748,control_jul
181,2406.7751,control_jul
75,2407.0755,control_jul
136,2407.3757,control_jul
190,2407.6761,control_jul
161,2407.9764,control_jul
33,2408.2767,control_jul
1,2408.5771,control_jul
181,2408.8773,control_jul
173,2409.1777,control_jul
186,2409.478,control_jul
179,2409.7783,control_jul
191,2410.0787,control_jul
179,2410.379,control_jul
24,2410.6793,control_jul
198,2410.9796,control_jul
160,2411.2799,control_jul
180,2411.5802,control_jul
184,2411.8806,control_jul
205,2412.1809,control_jul
38,2412.4812,control_jul
57,2412.7816,control_jul
78,2413.0819,control_jul
118,2413.3822,control_jul
183,2413.6825,control_jul
16,2413.9828,control_jul
14,2414.2831,control_jul
44,2414.5835,control_jul
164,2414.8838,control_jul
185,2415.1842,control_jul
202,2415.4844,control_jul
48,2415.7848,control_jul
106,2416.0851,control_jul
164,2416.3854,control_jul
63,2416.6857,control_jul
69,2416.9861,control_jul
165,2417.2864,control_jul
92,2417.5867,control_jul
106,2417.887,control_jul
185,2418.1873,control_jul
58,2418.4876,control_jul
78,2418.788,control_jul
83,2419.0883,control_jul
93,2419.3886,control_jul
53,2419.6889,control_jul
177,2419.9892,control_jul
106,2420.2896,control_jul
49,2420.5899,control_jul
49,2420.8902,control_jul
126,2421.1905,control_jul
70,2421.4908,control_jul
208,2421.7912,control_jul
190,2422.0915,control_jul
190,2422.3918,control_jul
136,2422.6921,control_jul
175,2422.9925,control_jul
199,2423.2928,control_jul
56,2423.5931,control_jul
99,2423.8934,control_jul
51,2424.1938,control_jul
142,2424.4941,control_jul
67,2424.7944,control_jul
1,2425.0947,control_jul
17,2425.395,control_jul
189,2425.6954,control_jul
131,2425.9956,control_jul
85,2426.296,control_jul
61,2426.5964,control_jul
30,2426.8966,control_jul
183,2427.197,control_jul
55,2427.4973,control_jul
72,2427.7976,control_jul
175,2428.0979,control_jul
22,2428.3983,control_jul
92,2428.6986,control_jul
185,2428.9989,control_jul
13,2429.2992,control_jul
123,2429.5995,control_jul
179,2429.8998,control_jul
196,2430.2002,control_jul
133,2430.5005,control_jul
144,2430.8008,control_jul
133,2431.1012,control_jul
179,2431.4014,control_jul
160,2431.7018,control_jul
25,2432.0021,control_jul
25,2432.3024,control_jul
28,2432.6027,control_jul
35,2432.9031,control_jul
148,2433.2034,control_jul
158,2433.5037,control_jul
98,2433.804,control_jul
100,2434.1043,control_jul
184,2434.4047,control_jul
112,2434.705,control_jul
36,2435.0053,control_jul
70,2435.3056,control_jul
149,2435.6059,control_jul
154,2435.9063,control_jul
13,2436.2066,control_jul
175,2436.5069,control_jul
190,2436.8072,control_jul
67,2437.1121,control_jul
143,2437.4079,control_jul
143,2437.7082,control_jul
151,2438.0085,control_jul
65,2438.3088,control_jul
131,2438.6092,control_jul
176,2438.9095,control_jul
65,2439.2098,control_jul
101,2439.5101,control_jul
12,2439.8105,control_jul
43,2440.1108,control_jul
132,2440.4111,control_jul
164,2440.7115,control_jul
126,2441.0117,control_jul
17,2441.3121,control_jul
58,2441.6124,control_jul
36,2441.9127,control_jul
118,2442.2131,control_jul
43,2442.5133,control_jul
53,2442.8137,control_jul
98,2443.114,control_jul
176,2443.4143,control_jul
50,2443.7147,control_jul
1,2444.0149,control_jul
64,2444.3153,control_jul
64,2444.6156,control_jul
16,2444.9159,control_jul
58,2445.2163,control_jul
97,2445.5165,control_jul
196,2445.8169,control_jul
194,2446.1172,control_jul
78,2446.4175,control_jul
129,2446.7178,control_jul
136,2447.0182,control_jul
79,2447.3185,control_jul
47,2447.6188,control_jul
150,2447.9192,control_jul
173,2448.2195,control_jul
194,2448.5198,control_jul
196,2448.8201,control_jul
137,2449.1204,control_jul
83,2449.4207,control_jul
22,2449.7211,control_jul
34,2450.0214,control_jul
34,2450.3217,control_jul
93,2450.622,control_jul
43,2450.9224,control_jul
98,2451.2227,control_jul
98,2451.523,control_jul
19,2451.8234,control_jul
121,2452.1237,control_jul
64,2452.424,control_jul
31,2452.7243,control_jul
59,2453.0246,control_jul
85,2453.325,control_jul
101,2453.6253,control_jul
176,2453.9256,control_jul
3,2454.226,control_jul
184,2454.5263,control_jul
49,2454.8266,control_jul
28,2455.1269,control_jul
121,2455.4272,control_jul
101,2455.7275,control_jul
12,2456.0278,control_jul
32,2456.3282,control_jul
206,2456.6285,control_jul
136,2456.9289,control_jul
33,2457.2292,control_jul
6,2457.5295,control_jul
6,2457.8298,control_jul
115,2458.1301,control_jul
110,2458.4305,control_jul
175,2458.7308,control_jul
159,2459.0311,control_jul
125,2459.3314,control_jul
73,2459.6317,control_jul
152,2459.932,control_jul
152,2460.2324,control_jul
33,2460.5327,control_jul
120,2460.8331,control_jul
152,2461.1333,control_jul
186,2461.4337,control_jul
173,2461.734,control_jul
200,2462.0343,control_jul
173,2462.3347,control_jul
200,2462.6349,control_jul
35,2462.9353,control_jul
207,2463.2356,control_jul
173,2463.5359,control_jul
200,2463.8363,control_jul
157,2464.1366,control_jul
79,2464.4369,control_jul
163,2464.7372,control_jul
71,2465.0375,control_jul
35,2465.3378,control_jul
83,2465.6381,control_jul
211,2465.9385,control_jul
73,2466.2388,control_jul
122,2466.5392,control_jul
172,2466.8395,control_jul
190,2467.1398,control_jul
19,2467.4401,control_jul
13,2467.7404,control_jul
29,2468.0407,control_jul
29,2468.3411,control_jul
119,2468.6414,control_jul
181,2468.9417,control_jul
193,2469.2421,control_jul
124,2469.5424,control_jul
127,2469.8427,control_jul
138,2470.143,control_jul
162,2470.4434,control_jul
152,2470.7437,control_jul
152,2471.044,control_jul
71,2471.3443,control_jul
57,2471.6446,control_jul
22,2471.9449,control_jul
182,2472.2453,control_jul
27,2472.5456,control_jul
98,2472.8459,control_jul
100,2473.1463,control_jul
176,2473.4466,control_jul
14,2473.7469,control_jul
209,2474.0473,control_jul
58,2474.3475,control_jul
55,2474.6478,control_jul
123,2474.9482,control_jul
185,2475.2485,control_jul
44,2475.5488,control_jul
131,2475.8492,control_jul
19,2476.1495,control_jul
203,2476.4498,control_jul
156,2476.7501,control_jul
25,2477.0504,control_jul
66,2477.3508,control_jul
66,2477.6511,control_jul
210,2477.9514,control_jul
13,2478.2517,control_jul
63,2478.5521,control_jul
208,2478.8524,control_jul
67,2479.1527,control_jul
136,2479.4531,control_jul
192,2479.7534,control_jul
43,2480.0537,control_jul
74,2480.354,control_jul
32,2480.6543,control_jul
125,2480.9547,control_jul
33,2481.255,control_jul
188,2481.5553,control_jul
162,2481.8556,control_jul
162,2482.1559,control_jul
80,2482.4563,control_jul
80,2482.7566,control_jul
170,2483.0569,control_jul
116,2483.3572,control_jul
109,2483.6576,control_jul
99,2483.9579,control_jul
169,2484.2582,control_jul
7,2484.5585,control_jul
108,2484.8588,control_jul
116,2485.1592,control_jul
45,2485.4595,control_jul
79,2485.7598,control_jul
81,2486.0601,control_jul
121,2486.3604,control_jul
87,2486.6608,control_jul
81,2486.9611,control_jul
121,2487.2614,control_jul
70,2487.5618,control_jul
85,2487.8621,control_jul
81,2488.1624,control_jul
183,2488.4627,control_jul
209,2488.763,control_jul
98,2489.0634,control_jul
19,2489.3637,control_jul
98,2489.664,control_jul
98,2489.9643,control_jul
32,2490.2647,control_jul
87,2490.565,control_jul
209,2490.8653,control_jul
117,2491.1656,control_jul
192,2491.466,control_jul
136,2491.7663,control_jul
136,2492.0666,control_jul
124,2492.3669,control_jul
33,2492.6673,control_jul
136,2492.9676,control_jul
120,2493.2679,control_jul
56,2493.5682,control_jul
81,2493.8685,control_jul
104,2494.1688,control_jul
93,2494.4692,control_jul
7,2494.7695,control_jul
169,2495.0698,control_jul
7,2495.3701,control_jul
142,2495.6705,control_jul
103,2495.9708,control_jul
121,2496.2711,control_jul
100,2496.5714,control_jul
29,2496.8718,control_jul
100,2497.1721,control_jul
180,2497.4724,control_jul
4,2497.7728,control_jul
81,2498.0731,control_jul
192,2498.3734,control_jul
211,2498.6737,control_jul
111,2498.974,control_jul
171,2499.2743,control_jul
169,2499.5747,control_jul
142,2499.875,control_jul
86,2500.1753,control_jul
86,2500.4757,control_jul
128,2500.776,control_jul
56,2501.0763,control_jul
99,2501.3766,control_jul
103,2501.6769,control_jul
11,2501.9772,control_jul
96,2502.2775,control_jul
96,2502.5779,control_jul
82,2502.8782,control_jul
82,2503.1785,control_jul
82,2503.4788,control_jul
82,2503.7792,control_jul
82,2504.0795,control_jul
82,2504.3798,control_jul
82,2504.6802,control_jul
11,2504.9805,control_jul
165,2505.2808,control_jul
165,2505.5812,control_jul
92,2505.8814,control_jul
186,2506.1818,control_jul
194,2506.4821,control_jul
191,2506.7824,control_jul
185,2507.0827,control_jul
182,2507.383,control_jul
3,2507.6834,control_jul
65,2507.9837,control_jul
198,2508.284,control_jul
41,2508.5843,control_jul
185,2508.8847,control_jul
28,2509.185,control_jul
24,2509.4853,control_jul
156,2509.7856,control_jul
192,2510.0859,control_jul
74,2510.3863,control_jul
29,2510.6866,control_jul
41,2510.9869,control_jul
160,2511.2872,control_jul
49,2511.5876,control_jul
76,2511.8879,control_jul
179,2512.1882,control_jul
207,2512.4885,control_jul
172,2512.7889,control_jul
19,2513.0892,control_jul
158,2513.3895,control_jul
43,2513.6898,control_jul
85,2513.9901,control_jul
91,2514.2905,control_jul
11,2514.5908,control_jul
210,2514.8912,control_jul
36,2515.1915,control_jul
118,2515.4918,control_jul
118,2515.7921,control_jul
37,2516.0924,control_jul
156,2516.3927,control_jul
160,2516.6931,control_jul
130,2516.9934,control_jul
197,2517.2937,control_jul
156,2517.594,control_jul
156,2517.8943,control_jul
160,2518.1947,control_jul
160,2518.495,control_jul
160,2518.7953,control_jul
60,2519.0956,control_jul
165,2519.396,control_jul
149,2519.6964,control_jul
159,2519.9966,control_jul
123,2520.297,control_jul
179,2520.5973,control_jul
49,2520.8976,control_jul
123,2521.1979,control_jul
137,2521.4983,control_jul
123,2521.7986,control_jul
49,2522.0989,control_jul
44,2522.3992,control_jul
92,2522.6995,control_jul
202,2522.9999,control_jul
184,2523.3002,control_jul
55,2523.6005,control_jul
57,2523.9008,control_jul
165,2524.2012,control_jul
165,2524.5015,control_jul
22,2524.8018,control_jul
38,2525.1021,control_jul
85,2525.4024,control_jul
132,2525.7028,control_jul
81,2526.0031,control_jul
180,2526.3034,control_jul
100,2526.6038,control_jul
184,2526.9041,control_jul
184,2527.2044,control_jul
17,2527.5047,control_jul
113,2527.8051,control_jul
209,2528.1054,control_jul
32,2528.4057,control_jul
79,2528.706,control_jul
124,2529.0064,control_jul
163,2529.3067,control_jul
163,2529.607,control_jul
163,2529.9073,control_jul
133,2530.2076,control_jul
191,2530.5079,control_jul
165,2530.8083,control_jul
36,2531.1086,control_jul
83,2531.409,control_jul
87,2531.7093,control_jul
55,2532.0096,control_jul
48,2532.3099,control_jul
83,2532.6102,control_jul
36,2532.9106,control_jul
28,2533.2108,control_jul
24,2533.5112,control_jul
183,2533.8116,control_jul
32,2534.1119,control_jul
33,2534.4122,control_jul
33,2534.7125,control_jul
83,2535.0129,control_jul
92,2535.3132,control_jul
126,2535.6135,control_jul
162,2535.9138,control_jul
199,2536.2141,control_jul
92,2536.5145,control_jul
196,2536.8148,control_jul
188,2537.1151,control_jul
136,2537.4155,control_jul
72,2537.7158,control_jul
56,2538.0161,control_jul
72,2538.3164,control_jul
67,2538.6168,control_jul
148,2538.9171,control_jul
98,2539.2174,control_jul
95,2539.5177,control_jul
95,2539.818,control_jul
132,2540.1183,control_jul
205,2540.4187,control_jul
211,2540.719,control_jul
181,2541.0193,control_jul
43,2541.3196,control_jul
53,2541.6199,control_jul
43,2541.9204,control_jul
131,2542.2206,control_jul
160,2542.521,control_jul
197,2542.8213,control_jul
156,2543.1216,control_jul
160,2543.422,control_jul
197,2543.7222,control_jul
48,2544.0226,control_jul
205,2544.3229,control_jul
164,2544.6233,control_jul
184,2544.9236,control_jul
206,2545.2239,control_jul
55,2545.5242,control_jul
74,2545.8245,control_jul
30,2546.1249,control_jul
17,2546.4252,control_jul
83,2546.7255,control_jul
36,2547.0259,control_jul
182,2547.3262,control_jul
36,2547.6265,control_jul
58,2547.9268,control_jul
117,2548.2272,control_jul
65,2548.5275,control_jul
63,2548.8278,control_jul
17,2549.1282,control_jul
13,2549.4284,control_jul
83,2549.7288,control_jul
48,2550.0291,control_jul
149,2550.3294,control_jul
190,2550.6298,control_jul
138,2550.93,control_jul
84,2551.2304,control_jul
115,2551.5308,control_jul
115,2551.8311,control_jul
115,2552.1314,control_jul
115,2552.4317,control_jul
102,2552.7321,control_jul
86,2553.0324,control_jul
3,2553.3327,control_jul
8,2553.633,control_jul
61,2553.9333,control_jul
27,2554.2336,control_jul
210,2554.534,control_jul
130,2554.8343,control_jul
27,2555.1346,control_jul
65,2555.4349,control_jul
65,2555.7353,control_jul
32,2556.0356,control_jul
12,2556.336,control_jul
17,2556.6363,control_jul
110,2556.9366,control_jul
47,2557.2369,control_jul
6,2557.5372,control_jul
8,2557.8375,control_jul
88,2558.1378,control_jul
74,2558.4382,control_jul
20,2558.7386,control_jul
7,2559.0389,control_jul
47,2559.3392,control_jul
79,2559.6395,control_jul
79,2559.9398,control_jul
73,2560.2401,control_jul
38,2560.5405,control_jul
149,2560.8408,control_jul
47,2561.1412,control_jul
111,2561.4414,control_jul
153,2561.7418,control_jul
143,2562.0421,control_jul
31,2562.3424,control_jul
136,2562.6428,control_jul
154,2562.943,control_jul
38,2563.2434,control_jul
184,2563.5437,control_jul
87,2563.8441,control_jul
114,2564.1444,control_jul
204,2564.4447,control_jul
114,2564.745,control_jul
13,2565.0453,control_jul
189,2565.3457,control_jul
142,2565.646,control_jul
145,2565.9463,control_jul
84,2566.2467,control_jul
141,2566.547,control_jul
45,2566.8473,control_jul
18,2567.1476,control_jul
18,2567.4479,control_jul
186,2567.7483,control_jul
200,2568.0486,control_jul
120,2568.3489,control_jul
77,2568.6492,control_jul
77,2568.9496,control_jul
145,2569.2499,control_jul
64,2569.5502,control_jul
47,2569.8506,control_jul
199,2570.1508,control_jul
31,2570.4512,control_jul
10,2570.7515,control_jul
14,2571.0518,control_jul
70,2571.3522,control_jul
29,2571.6525,control_jul
43,2571.9528,control_jul
93,2572.2531,control_jul
10,2572.5534,control_jul
16,2572.8538,control_jul
147,2573.154,control_jul
147,2573.4544,control_jul
95,2573.7547,control_jul
114,2574.0551,control_jul
11,2574.3554,control_jul
158,2574.6557,control_jul
16,2574.956,control_jul
98,2575.2564,control_jul
176,2575.5567,control_jul
117,2575.857,control_jul
35,2576.1573,control_jul
11,2576.4576,control_jul
91,2576.7579,control_jul
11,2577.0583,control_jul
48,2577.3586,control_jul
65,2577.6589,control_jul
184,2577.9593,control_jul
63,2578.2596,control_jul
16,2578.5599,control_jul
53,2578.8603,control_jul
3,2579.1606,control_jul
147,2579.4609,control_jul
91,2579.7612,control_jul
93,2580.0616,control_jul
88,2580.3619,control_jul
143,2580.6622,control_jul
169,2580.9625,control_jul
1,2581.2629,control_jul
208,2581.5632,control_jul
86,2581.8635,control_jul
143,2582.1638,control_jul
43,2582.4641,control_jul
50,2582.7645,control_jul
110,2583.0648,control_jul
7,2583.3651,control_jul
161,2583.6654,control_jul
152,2583.9658,control_jul
188,2584.2661,control_jul
207,2584.5664,control_jul
134,2584.8667,control_jul
172,2585.1671,control_jul
33,2585.4674,control_jul
125,2585.7677,control_jul
193,2586.068,control_jul
29,2586.3683,control_jul
74,2586.6687,control_jul
61,2586.969,control_jul
11,2587.2693,control_jul
11,2587.5697,control_jul
88,2587.87,control_jul
74,2588.1703,control_jul
147,2588.4706,control_jul
104,2588.771,control_jul
101,2589.0713,control_jul
158,2589.3716,control_jul
136,2589.6719,control_jul
152,2589.9723,control_jul
62,2590.2725,control_jul
15,2590.5729,control_jul
15,2590.8732,control_jul
15,2591.1735,control_jul
15,2591.4738,control_jul
120,2591.7741,control_jul
199,2592.0745,control_jul
75,2592.3748,control_jul
47,2592.6752,control_jul
15,2592.9755,control_jul
5,2593.2758,control_jul
2,2593.5817,control_jul
45,2593.8764,control_jul
188,2594.1767,control_jul
140,2594.4771,control_jul
161,2594.7774,control_jul
161,2595.0777,control_jul
79,2595.3781,control_jul
19,2595.6784,control_jul
209,2595.9787,control_jul
44,2596.279,control_jul
92,2596.5793,control_jul
92,2596.8797,control_jul
211,2597.18,control_jul
138,2597.4804,control_jul
40,2597.7807,control_jul
83,2598.0809,control_jul
191,2598.3813,control_jul
83,2598.6817,control_jul
87,2598.9819,control_jul
19,2599.2823,control_jul
19,2599.5826,control_jul
184,2599.8829,control_jul
209,2600.1832,control_jul
113,2600.4835,control_jul
65,2600.7839,control_jul
117,2601.0842,control_jul
125,2601.3845,control_jul
75,2601.6849,control_jul
161,2601.9852,control_jul
19,2602.2855,control_jul
32,2602.5858,control_jul
117,2602.8861,control_jul
209,2603.1865,control_jul
87,2603.4868,control_jul
209,2603.7871,control_jul
209,2604.0874,control_jul
70,2604.3877,control_jul
17,2604.6881,control_jul
54,2604.9884,control_jul
84,2605.2887,control_jul
15,2605.5891,control_jul
109,2605.8893,control_jul
109,2606.1897,control_jul
161,2606.49,control_jul
161,2606.7903,control_jul
158,2607.0907,control_jul
48,2607.391,control_jul
209,2607.6913,control_jul
122,2607.9916,control_jul
59,2608.2919,control_jul
3,2608.5923,control_jul
149,2608.8926,control_jul
142,2609.1929,control_jul
50,2609.4933,control_jul
10,2609.7936,control_jul
10,2610.0939,control_jul
103,2610.3942,control_jul
88,2610.6946,control_jul
9,2610.9948,control_jul
94,2611.2952,control_jul
70,2611.5955,control_jul
3,2611.8958,control_jul
32,2612.1961,control_jul
209,2612.4965,control_jul
14,2612.7968,control_jul
65,2613.0971,control_jul
50,2613.3975,control_jul
141,2613.6978,control_jul
153,2613.9981,control_jul
153,2614.2984,control_jul
143,2614.5988,control_jul
102,2614.8991,control_jul
109,2615.1994,control_jul
116,2615.4997,control_jul
31,2615.8,control_jul
161,2616.1003,control_jul
89,2616.4006,control_jul
73,2616.701,control_jul
175,2617.0013,control_jul
155,2617.3017,control_jul
155,2617.602,control_jul
155,2617.9023,control_jul
155,2618.2026,control_jul
155,2618.5029,control_jul
138,2618.8033,control_jul
208,2619.1036,control_jul
79,2619.4039,control_jul
73,2619.7042,control_jul
199,2620.0046,control_jul
164,2620.3049,control_jul
184,2620.6052,control_jul
83,2620.9055,control_jul
191,2621.2059,control_jul
179,2621.5062,control_jul
127,2621.8065,control_jul
14,2622.1068,control_jul
158,2622.4071,control_jul
98,2622.7075,control_jul
98,2623.0078,control_jul
14,2623.3081,control_jul
177,2623.6084,control_jul
198,2623.9088,control_jul
205,2624.2091,control_jul
48,2624.5094,control_jul
1,2624.8097,control_jul
1,2625.11,control_jul
89,2625.4104,control_jul
44,2625.7107,control_jul
37,2626.011,control_jul
25,2626.3114,control_jul
25,2626.6116,control_jul
21,2626.912,control_jul
94,2627.2123,control_jul
121,2627.5126,control_jul
55,2627.813,control_jul
182,2628.1133,control_jul
34,2628.4136,control_jul
11,2628.7139,control_jul
204,2629.0142,control_jul
37,2629.3146,control_jul
23,2629.6149,control_jul
23,2629.9152,control_jul
93,2630.2155,control_jul
149,2630.5159,control_jul
67,2630.8162,control_jul
31,2631.1165,control_jul
175,2631.4168,control_jul
79,2631.7172,control_jul
72,2632.0203,control_jul
136,2632.3178,control_jul
127,2632.6181,control_jul
199,2632.9184,control_jul
79,2633.2188,control_jul
33,2633.5192,control_jul
176,2633.8194,control_jul
125,2634.1198,control_jul
73,2634.4201,control_jul
199,2634.7204,control_jul
181,2635.0207,control_jul
161,2635.321,control_jul
188,2635.6213,control_jul
137,2635.9217,control_jul
83,2636.222,control_jul
191,2636.5223,control_jul
156,2636.8227,control_jul
198,2637.123,control_jul
25,2637.4233,control_jul
25,2637.7236,control_jul
66,2638.0239,control_jul
21,2638.3243,control_jul
105,2638.6246,control_jul
158,2638.9249,control_jul
65,2639.2253,control_jul
185,2639.5255,control_jul
191,2639.8259,control_jul
192,2640.1262,control_jul
70,2640.4265,control_jul
182,2640.7268,control_jul
72,2641.0272,control_jul
47,2641.3275,control_jul
172,2641.6278,control_jul
136,2641.9282,control_jul
79,2642.2285,control_jul
136,2642.5288,control_jul
14,2642.8291,control_jul
93,2643.1294,control_jul
8,2643.4298,control_jul
145,2643.7301,control_jul
71,2644.0304,control_jul
112,2644.3307,control_jul
38,2644.6311,control_jul
184,2644.9314,control_jul
118,2645.2317,control_jul
85,2645.532,control_jul
74,2645.8324,control_jul
74,2646.1327,control_jul
12,2646.433,control_jul
208,2646.7333,control_jul
7,2647.0336,control_jul
143,2647.334,control_jul
31,2647.6343,control_jul
4,2647.9346,control_jul
75,2648.2349,control_jul
72,2648.5353,control_jul
190,2648.8356,control_jul
47,2649.1359,control_jul
75,2649.4363,control_jul
161,2649.7366,control_jul
190,2650.0369,control_jul
142,2650.3372,control_jul
19,2650.6375,control_jul
209,2650.9379,control_jul
84,2651.2381,control_jul
6,2651.5385,control_jul
115,2651.8389,control_jul
115,2652.1391,control_jul
16,2652.4394,control_jul
10,2652.7398,control_jul
10,2653.0401,control_jul
119,2653.3404,control_jul
7,2653.6408,control_jul
31,2653.9411,control_jul
1,2654.2414,control_jul
143,2654.5417,control_jul
115,2654.842,control_jul
1,2655.1424,control_jul
127,2655.4427,control_jul
127,2655.743,control_jul
71,2656.0434,control_jul
27,2656.3436,control_jul
8,2656.644,control_jul
8,2656.9443,control_jul
30,2657.2446,control_jul
93,2657.545,control_jul
84,2657.8453,control_jul
6,2658.1456,control_jul
47,2658.4459,control_jul
67,2658.7463,control_jul
42,2659.0466,control_jul
42,2659.3469,control_jul
43,2659.6472,control_jul
8,2659.9476,control_jul
50,2660.2479,control_jul
42,2660.5482,control_jul
86,2660.8485,control_jul
31,2661.1488,control_jul
7,2661.4492,control_jul
161,2661.7495,control_jul
22,2662.0498,control_jul
165,2662.3501,control_jul
87,2662.6505,control_jul
87,2662.9508,control_jul
87,2663.2511,control_jul
119,2663.5515,control_jul
143,2663.8517,control_jul
51,2664.1521,control_jul
42,2664.4524,control_jul
143,2664.7527,control_jul
5,2665.053,control_jul
15,2665.3534,control_jul
175,2665.6537,control_jul
202,2665.954,control_jul
183,2666.2544,control_jul
43,2666.5547,control_jul
70,2666.8549,control_jul
59,2667.1553,control_jul
171,2667.4556,control_jul
135,2667.756,control_jul
199,2668.0563,control_jul
31,2668.3566,control_jul
125,2668.6569,control_jul
139,2668.9572,control_jul
64,2669.2576,control_jul
170,2669.5579,control_jul
134,2669.8582,control_jul
18,2670.1585,control_jul
80,2670.4588,control_jul
199,2670.7592,control_jul
175,2671.0595,control_jul
141,2671.3598,control_jul
115,2671.6602,control_jul
5,2671.9604,control_jul
45,2672.2608,control_jul
2,2672.5611,control_jul
15,2672.8614,control_jul
110,2673.1618,control_jul
111,2673.462,control_jul
101,2673.7624,control_jul
88,2674.0628,control_jul
52,2674.363,control_jul
32,2674.6634,control_jul
16,2674.9637,control_jul
30,2675.264,control_jul
95,2675.5643,control_jul
203,2675.8646,control_jul
121,2676.165,control_jul
75,2676.4653,control_jul
136,2676.7656,control_jul
161,2677.0659,control_jul
73,2677.3662,control_jul
56,2677.6666,control_jul
143,2677.9669,control_jul
181,2678.2672,control_jul
143,2678.5676,control_jul
77,2678.8679,control_jul
77,2679.1682,control_jul
1,2679.4685,control_jul
71,2679.7688,control_jul
3,2680.0692,control_jul
10,2680.3695,control_jul
53,2680.6698,control_jul
74,2680.9701,control_jul
14,2681.2704,control_jul
95,2681.5707,control_jul
11,2681.8711,control_jul
209,2682.1714,control_jul
158,2682.4717,control_jul
7,2682.7721,control_jul
79,2683.0724,control_jul
159,2683.3727,control_jul
110,2683.673,control_jul
31,2683.9733,control_jul
127,2684.2736,control_jul
173,2684.574,control_jul
35,2684.8743,control_jul
126,2685.1746,control_jul
152,2685.4749,control_jul
173,2685.7753,control_jul
106,2686.0755,control_jul
191,2686.3759,control_jul
69,2686.6762,control_jul
209,2686.9766,control_jul
110,2687.2769,control_jul
155,2687.5772,control_jul
64,2687.8775,control_jul
47,2688.1778,control_jul
75,2688.4781,control_jul
159,2688.7785,control_jul
163,2689.0788,control_jul
155,2689.3791,control_jul
64,2689.6795,control_jul
110,2689.9797,control_jul
84,2690.2801,control_jul
151,2690.5804,control_jul
31,2690.8807,control_jul
175,2691.1811,control_jul
155,2691.4814,control_jul
45,2691.7817,control_jul
170,2692.082,control_jul
18,2692.3823,control_jul
18,2692.6827,control_jul
18,2692.983,control_jul
127,2693.2833,control_jul
44,2693.5836,control_jul
194,2693.884,control_jul
144,2694.1843,control_jul
200,2694.4846,control_jul
18,2694.7849,control_jul
18,2695.0852,control_jul
109,2695.3855,control_jul
67,2695.6859,control_jul
139,2695.9862,control_jul
73,2696.2866,control_jul
116,2696.5868,control_jul
169,2696.8872,control_jul
174,2697.1875,control_jul
143,2697.4878,control_jul
151,2697.7881,control_jul
175,2698.0884,control_jul
155,2698.3888,control_jul
7,2698.6891,control_jul
74,2698.9894,control_jul
30,2699.2898,control_jul
121,2699.5901,control_jul
184,2699.8904,control_jul
137,2700.1907,control_jul
165,2700.491,control_jul
38,2700.7914,control_jul
149,2701.0917,control_jul
73,2701.392,control_jul
190,2701.6924,control_jul
87,2701.9927,control_jul
29,2702.293,control_jul
8,2702.5932,control_jul
88,2702.8936,control_jul
103,2703.1939,control_jul
94,2703.4942,control_jul
32,2703.7946,control_jul
3,2704.0949,control_jul
209,2704.3952,control_jul
87,2704.6956,control_jul
64,2704.9958,control_jul
115,2705.2962,control_jul
61,2705.5965,control_jul
88,2705.8968,control_jul
61,2706.1972,control_jul
110,2706.4975,control_jul
172,2706.7978,control_jul
110,2707.0981,control_jul
143,2707.3985,control_jul
15,2707.6988,control_jul
109,2707.9991,control_jul
161,2708.2994,control_jul
190,2708.5997,control_jul
33,2708.9001,control_jul
161,2709.2004,control_jul
190,2709.5007,control_jul
124,2709.801,control_jul
161,2710.1013,control_jul
75,2710.4017,control_jul
152,2710.702,control_jul
208,2711.0023,control_jul
62,2711.3027,control_jul
116,2711.603,control_jul
62,2711.9032,control_jul
45,2712.2036,control_jul
45,2712.5039,control_jul
5,2712.8098,control_jul
109,2713.1046,control_jul
175,2713.4049,control_jul
73,2713.7052,control_jul
47,2714.0056,control_jul
124,2714.3059,control_jul
72,2714.6062,control_jul
113,2714.9065,control_jul
209,2715.2068,control_jul
3,2715.5071,control_jul
209,2715.8075,control_jul
13,2716.1078,control_jul
183,2716.4081,control_jul
4,2716.7084,control_jul
6,2717.0087,control_jul
84,2717.3091,control_jul
2,2717.6094,control_jul
108,2717.9097,control_jul
109,2718.21,control_jul
161,2718.5104,control_jul
3,2718.8107,control_jul
100,2719.111,control_jul
88,2719.4113,control_jul
88,2719.7116,control_jul
88,2720.012,control_jul
30,2720.3123,control_jul
11,2720.6126,control_jul
11,2720.9129,control_jul
147,2721.2132,control_jul
147,2721.5136,control_jul
11,2721.8139,control_jul
204,2722.1142,control_jul
104,2722.4145,control_jul
88,2722.7148,control_jul
8,2723.0152,control_jul
88,2723.3155,control_jul
115,2723.6158,control_jul
115,2723.9162,control_jul
115,2724.2164,control_jul
151,2724.5168,control_jul
143,2724.8171,control_jul
174,2725.1174,control_jul
174,2725.4177,control_jul
115,2725.7181,control_jul
153,2726.0184,control_jul
115,2726.3187,control_jul
51,2726.6191,control_jul
178,2726.9193,control_jul
116,2727.2197,control_jul
108,2727.52,control_jul
2,2727.8204,control_jul
2,2728.1206,control_jul
5,2728.421,control_jul
161,2728.7213,control_jul
89,2729.0216,control_jul
125,2729.3219,control_jul
161,2729.6222,control_jul
161,2729.9226,control_jul
73,2730.2229,control_jul
78,2730.5232,control_jul
19,2730.8235,control_jul
20,2731.1239,control_jul
90,2731.4242,control_jul
90,2731.7245,control_jul
175,2732.0249,control_jul
79,2732.3251,control_jul
108,2732.6255,control_jul
15,2732.9258,control_jul
15,2733.2261,control_jul
116,2733.5264,control_jul
136,2733.8268,control_jul
151,2734.1271,control_jul
143,2734.4274,control_jul
151,2734.7277,control_jul
33,2735.0281,control_jul
139,2735.3283,control_jul
77,2735.6286,control_jul
151,2735.929,control_jul
6,2736.2293,control_jul
145,2736.5296,control_jul
142,2736.83,control_jul
139,2737.1303,control_jul
90,2737.4306,control_jul
90,2737.731,control_jul
90,2738.0312,control_jul
47,2738.3316,control_jul
190,2738.6319,control_jul
62,2738.9323,control_jul
62,2739.2325,control_jul
62,2739.5329,control_jul
134,2739.8332,control_jul
207,2740.1335,control_jul
200,2740.4339,control_jul
162,2740.7342,control_jul
47,2741.0345,control_jul
62,2741.3348,control_jul
157,2741.6351,control_jul
154,2741.9354,control_jul
158,2742.2358,control_jul
209,2742.5361,control_jul
43,2742.8364,control_jul
19,2743.1368,control_jul
32,2743.4371,control_jul
52,2743.7374,control_jul
118,2744.0377,control_jul
65,2744.338,control_jul
101,2744.6384,control_jul
131,2744.9387,control_jul
77,2745.239,control_jul
174,2745.5393,control_jul
87,2745.8397,control_jul
10,2746.1399,control_jul
91,2746.4403,control_jul
203,2746.7406,control_jul
34,2747.0409,control_jul
94,2747.3412,control_jul
14,2747.6415,control_jul
11,2747.9419,control_jul
19,2748.2422,control_jul
184,2748.5425,control_jul
20,2748.8428,control_jul
31,2749.1432,control_jul
208,2749.4435,control_jul
136,2749.7438,control_jul
193,2750.0442,control_jul
62,2750.3445,control_jul
45,2750.6447,control_jul
5,2750.9451,control_jul
143,2751.2455,control_jul
115,2751.5457,control_jul
54,2751.8461,control_jul
110,2752.1464,control_jul
4,2752.4467,control_jul
152,2752.747,control_jul
138,2753.0473,control_jul
190,2753.3477,control_jul
100,2753.648,control_jul
88,2753.9484,control_jul
176,2754.2486,control_jul
91,2754.549,control_jul
11,2754.8492,control_jul
121,2755.1496,control_jul
180,2755.45,control_jul
54,2755.7502,control_jul
99,2756.0506,control_jul
199,2756.3509,control_jul
3,2756.6512,control_jul
32,2756.9516,control_jul
13,2757.2519,control_jul
3,2757.5522,control_jul
209,2757.8525,control_jul
209,2758.1528,control_jul
113,2758.4532,control_jul
113,2758.7535,control_jul
39,2759.0538,control_jul
73,2759.3541,control_jul
73,2759.6544,control_jul
175,2759.9548,control_jul
67,2760.2551,control_jul
176,2760.5554,control_jul
209,2760.8558,control_jul
78,2761.1561,control_jul
119,2761.4564,control_jul
143,2761.7567,control_jul
2,2762.0571,control_jul
5,2762.3573,control_jul
15,2762.6577,control_jul
51,2762.958,control_jul
174,2763.2583,control_jul
115,2763.5586,control_jul
6,2763.8589,control_jul
151,2764.1593,control_jul
7,2764.4596,control_jul
125,2764.7655,control_jul
50,2765.0602,control_jul
61,2765.3606,control_jul
16,2765.6608,control_jul
93,2765.9612,control_jul
88,2766.2615,control_jul
88,2766.5618,control_jul
168,2766.8621,control_jul
19,2767.1625,control_jul
32,2767.4628,control_jul
70,2767.7631,control_jul
17,2768.0635,control_jul
185,2768.3637,control_jul
97,2768.6641,control_jul
22,2768.9644,control_jul
129,2769.2648,control_jul
135,2769.5651,control_jul
110,2769.8654,control_jul
145,2770.1657,control_jul
173,2770.466,control_jul
164,2770.7664,control_jul
47,2771.0667,control_jul
152,2771.367,control_jul
188,2771.6673,control_jul
46,2771.9676,control_jul
63,2772.2679,control_jul
63,2772.5683,control_jul
23,2772.8686,control_jul
183,2773.1689,control_jul
10,2773.4692,control_jul
84,2773.7695,control_jul
64,2774.0699,control_jul
143,2774.3702,control_jul
64,2774.6705,control_jul
13,2774.9708,control_jul
202,2775.2712,control_jul
106,2775.5715,control_jul
73,2775.8718,control_jul
152,2776.1722,control_jul
173,2776.4725,control_jul
186,2776.7728,control_jul
76,2777.0731,control_jul
80,2777.3734,control_jul
50,2777.6737,control_jul
14,2777.974,control_jul
32,2778.2744,control_jul
140,2778.5747,control_jul
142,2778.875,control_jul
6,2779.1753,control_jul
110,2779.4757,control_jul
42,2779.776,control_jul
30,2780.0763,control_jul
104,2780.3766,control_jul
94,2780.6769,control_jul
3,2780.9773,control_jul
23,2781.2775,control_jul
48,2781.5779,control_jul
3,2781.8782,control_jul
8,2782.1786,control_jul
91,2782.4789,control_jul
11,2782.7792,control_jul
105,2783.0795,control_jul
61,2783.3798,control_jul
12,2783.6802,control_jul
203,2783.9805,control_jul
95,2784.2808,control_jul
114,2784.5812,control_jul
204,2784.8814,control_jul
11,2785.1817,control_jul
37,2785.4821,control_jul
92,2785.7824,control_jul
162,2786.0827,control_jul
190,2786.3831,control_jul
155,2786.6834,control_jul
64,2786.9837,control_jul
122,2787.284,control_jul
127,2787.5844,control_jul
138,2787.8847,control_jul
125,2788.185,control_jul
47,2788.4853,control_jul
50,2788.7856,control_jul
43,2789.086,control_jul
88,2789.3863,control_jul
61,2789.6866,control_jul
115,2789.9869,control_jul
101,2790.2872,control_jul
10,2790.5875,control_jul
50,2790.8879,control_jul
31,2791.1882,control_jul
145,2791.4886,control_jul
141,2791.7889,control_jul
153,2792.0892,control_jul
115,2792.3895,control_jul
51,2792.6898,control_jul
172,2792.9901,control_jul
188,2793.2904,control_jul
161,2793.5908,control_jul
171,2793.8911,control_jul
162,2794.1914,control_jul
31,2794.4917,control_jul
154,2794.7921,control_jul
158,2795.0924,control_jul
88,2795.3927,control_jul
88,2795.693,control_jul
43,2795.9933,control_jul
16,2796.2937,control_jul
8,2796.594,control_jul
6,2796.8943,control_jul
75,2797.1947,control_jul
84,2797.495,control_jul
174,2797.7953,control_jul
153,2798.0956,control_jul
84,2798.3959,control_jul
6,2798.6963,control_jul
174,2798.9966,control_jul
153,2799.2969,control_jul
141,2799.5972,control_jul
153,2799.8976,control_jul
51,2800.1979,control_jul
86,2800.4981,control_jul
67,2800.7985,control_jul
75,2801.0988,control_jul
72,2801.3992,control_jul
190,2801.6995,control_jul
161,2801.9998,control_jul
154,2802.3001,control_jul
87,2802.6004,control_jul
158,2802.9008,control_jul
88,2803.2011,control_jul
115,2803.5014,control_jul
115,2803.8017,control_jul
42,2804.102,control_jul
2,2804.4023,control_jul
2,2804.7027,control_jul
64,2805.003,control_jul
84,2805.3033,control_jul
141,2805.6036,control_jul
174,2805.9039,control_jul
153,2806.2043,control_jul
115,2806.5046,control_jul
88,2806.805,control_jul
61,2807.1052,control_jul
174,2807.4056,control_jul
8,2807.7059,control_jul
20,2808.0062,control_jul
124,2808.3066,control_jul
67,2808.6068,control_jul
1,2808.9072,control_jul
15,2809.2075,control_jul
62,2809.5078,control_jul
15,2809.8081,control_jul
15,2810.1085,control_jul
67,2810.4088,control_jul
93,2810.7091,control_jul
10,2811.0094,control_jul
70,2811.3098,control_jul
125,2811.6101,control_jul
16,2811.9104,control_jul
8,2812.2107,control_jul
74,2812.511,control_jul
8,2812.8113,control_jul
74,2813.1117,control_jul
176,2813.412,control_jul
16,2813.7123,control_jul
10,2814.0126,control_jul
12,2814.313,control_jul
8,2814.6133,control_jul
3,2814.9136,control_jul
70,2815.2139,control_jul
142,2815.5151,control_jul
6,2815.8146,control_jul
110,2816.1149,control_jul
140,2816.4152,control_jul
207,2816.7156,control_jul
144,2817.0159,control_jul
133,2817.3162,control_jul
180,2817.6165,control_jul
83,2817.9168,control_jul
55,2818.2172,control_jul
117,2818.5174,control_jul
209,2818.8178,control_jul
32,2819.1181,control_jul
193,2819.4184,control_jul
155,2819.7187,control_jul
155,2820.019,control_jul
89,2820.3194,control_jul
73,2820.6197,control_jul
80,2820.92,control_jul
194,2821.2204,control_jul
40,2821.5206,control_jul
211,2821.821,control_jul
79,2822.1213,control_jul
73,2822.4217,control_jul
89,2822.722,control_jul
83,2823.0223,control_jul
185,2823.3226,control_jul
185,2823.6229,control_jul
117,2823.9233,control_jul
182,2824.2236,control_jul
55,2824.5239,control_jul
144,2824.8242,control_jul
133,2825.1245,control_jul
173,2825.4249,control_jul
172,2825.7252,control_jul
47,2826.0255,control_jul
124,2826.3259,control_jul
199,2826.6261,control_jul
62,2826.9265,control_jul
62,2827.2268,control_jul
109,2827.5271,control_jul
64,2827.8274,control_jul
155,2828.1277,control_jul
75,2828.4281,control_jul
79,2828.7284,control_jul
98,2829.0287,control_jul
10,2829.329,control_jul
3,2829.6294,control_jul
19,2829.9297,control_jul
209,2830.23,control_jul
3,2830.5303,control_jul
158,2830.8307,control_jul
98,2831.131,control_jul
32,2831.4313,control_jul
16,2831.7316,control_jul
88,2832.032,control_jul
74,2832.3323,control_jul
203,2832.6326,control_jul
203,2832.9329,control_jul
25,2833.2332,control_jul
24,2833.5335,control_jul
28,2833.8339,control_jul
165,2834.1342,control_jul
58,2834.4345,control_jul
185,2834.7348,control_jul
97,2835.0352,control_jul
206,2835.3355,control_jul
127,2835.6358,control_jul
199,2835.9362,control_jul
17,2836.2365,control_jul
65,2836.5367,control_jul
78,2836.8371,control_jul
205,2837.1374,control_jul
79,2837.4377,control_jul
152,2837.7381,control_jul
47,2838.0384,control_jul
125,2838.3387,control_jul
125,2838.639,control_jul
161,2838.9393,control_jul
181,2839.2397,control_jul
7,2839.54,control_jul
172,2839.8403,control_jul
208,2840.1407,control_jul
161,2840.441,control_jul
136,2840.7413,control_jul
7,2841.0416,control_jul
14,2841.342,control_jul
8,2841.6423,control_jul
42,2841.9426,control_jul
118,2842.2429,control_jul
44,2842.5432,control_jul
63,2842.8436,control_jul
97,2843.1438,control_jul
36,2843.4442,control_jul
176,2843.7445,control_jul
74,2844.0448,control_jul
88,2844.3452,control_jul
12,2844.6455,control_jul
63,2844.9458,control_jul
185,2845.2461,control_jul
126,2845.5465,control_jul
151,2845.8468,control_jul
45,2846.1471,control_jul
161,2846.4474,control_jul
31,2846.7478,control_jul
152,2847.0481,control_jul
92,2847.3483,control_jul
164,2847.6487,control_jul
184,2847.9491,control_jul
63,2848.2494,control_jul
32,2848.5497,control_jul
87,2848.85,control_jul
85,2849.1503,control_jul
43,2849.4506,control_jul
43,2849.7509,control_jul
205,2850.0513,control_jul
48,2850.3516,control_jul
85,2850.6519,control_jul
16,2850.9522,control_jul
100,2851.2526,control_jul
103,2851.5528,control_jul
11,2851.8532,control_jul
11,2852.1535,control_jul
91,2852.4538,control_jul
94,2852.7541,control_jul
91,2853.0545,control_jul
11,2853.3548,control_jul
95,2853.6551,control_jul
16,2853.9555,control_jul
93,2854.2558,control_jul
148,2854.556,control_jul
176,2854.8564,control_jul
98,2855.1568,control_jul
176,2855.457,control_jul
131,2855.7574,control_jul
95,2856.0577,control_jul
95,2856.358,control_jul
11,2856.6584,control_jul
91,2856.9587,control_jul
16,2857.259,control_jul
93,2857.5593,control_jul
8,2857.8597,control_jul
148,2858.16,control_jul
103,2858.4603,control_jul
11,2858.7606,control_jul
11,2859.061,control_jul
132,2859.3612,control_jul
87,2859.6616,control_jul
209,2859.9619,control_jul
16,2860.2622,control_jul
29,2860.5625,control_jul
3,2860.8628,control_jul
27,2861.1632,control_jul
87,2861.4635,control_jul
103,2861.7638,control_jul
85,2862.0642,control_jul
101,2862.3644,control_jul
100,2862.6648,control_jul
101,2862.9651,control_jul
103,2863.2655,control_jul
142,2863.5658,control_jul
12,2863.8661,control_jul
100,2864.1664,control_jul
104,2864.4668,control_jul
96,2864.7671,control_jul
96,2865.0674,control_jul
96,2865.3677,control_jul
96,2865.668,control_jul
96,2865.9683,control_jul
96,2866.2686,control_jul
96,2866.569,control_jul
91,2866.8693,control_jul
11,2867.1696,control_jul
114,2867.47,control_jul
91,2867.7702,control_jul
91,2868.0706,control_jul
147,2868.3709,control_jul
101,2868.6712,control_jul
142,2868.9716,control_jul
102,2869.2719,control_jul
107,2869.5722,control_jul
102,2869.8725,control_jul
102,2870.1729,control_jul
168,2870.4732,control_jul
168,2870.7735,control_jul
104,2871.0738,control_jul
168,2871.3741,control_jul
168,2871.6744,control_jul
168,2871.9748,control_jul
168,2872.2751,control_jul
99,2872.5754,control_jul
85,2872.8758,control_jul
132,2873.1761,control_jul
52,2873.4764,control_jul
100,2873.7767,control_jul
132,2874.0771,control_jul
100,2874.3773,control_jul
103,2874.6777,control_jul
147,2874.978,control_jul
104,2875.2783,control_jul
96,2875.5786,control_jul
96,2875.8789,control_jul
96,2876.1793,control_jul
96,2876.4796,control_jul
96,2876.7799,control_jul
96,2877.0802,control_jul
96,2877.3805,control_jul
96,2877.6809,control_jul
96,2877.9812,control_jul
96,2878.2815,control_jul
96,2878.5819,control_jul
96,2878.8822,control_jul
96,2879.1825,control_jul
96,2879.4828,control_jul
91,2879.7831,control_jul
11,2880.0835,control_jul
23,2880.3838,control_jul
197,2880.6841,control_jul
126,2880.9844,control_jul
17,2881.2847,control_jul
185,2881.585,control_jul
206,2881.8854,control_jul
49,2882.1857,control_jul
35,2882.486,control_jul
185,2882.7864,control_jul
206,2883.0867,control_jul
97,2883.387,control_jul
60,2883.6873,control_jul
35,2884.288,control_jul
131,2884.5882,control_jul
158,2884.8886,control_jul
83,2885.1889,control_jul
185,2885.4892,control_jul
144,2885.7895,control_jul
133,2886.0899,control_jul
121,2886.3902,control_jul
19,2886.6906,control_jul
38,2886.9908,control_jul
184,2887.2912,control_jul
184,2887.5915,control_jul
1,2887.8918,control_jul
124,2888.1922,control_jul
64,2888.4924,control_jul
181,2888.7928,control_jul
3,2889.0931,control_jul
58,2889.3934,control_jul
165,2889.6937,control_jul
117,2889.994,control_jul
117,2890.2944,control_jul
17,2890.5947,control_jul
29,2890.895,control_jul
184,2891.1954,control_jul
118,2891.4957,control_jul
209,2891.796,control_jul
119,2892.0963,control_jul
6,2892.3967,control_jul
190,2892.697,control_jul
152,2892.9973,control_jul
44,2893.2976,control_jul
65,2893.5979,control_jul
113,2893.8982,control_jul
184,2894.1987,control_jul
57,2894.4988,control_jul
182,2894.7993,control_jul
117,2895.0996,control_jul
184,2895.3998,control_jul
184,2895.7002,control_jul
165,2896.0005,control_jul
38,2896.3008,control_jul
23,2896.6012,control_jul
114,2896.9015,control_jul
74,2897.2018,control_jul
19,2897.5021,control_jul
63,2897.8025,control_jul
1,2898.1028,control_jul
31,2898.4031,control_jul
175,2898.7034,control_jul
190,2899.0037,control_jul
72,2899.3041,control_jul
47,2899.6044,control_jul
161,2899.9047,control_jul
75,2900.205,control_jul
75,2900.5053,control_jul
182,2900.8057,control_jul
182,2901.106,control_jul
184,2901.4064,control_jul
17,2901.7066,control_jul
19,2902.0069,control_jul
19,2902.3073,control_jul
89,2902.6076,control_jul
199,2903.2083,control_jul
58,2903.5086,control_jul
22,2903.8089,control_jul
112,2904.1092,control_jul
114,2904.4095,control_jul
34,2904.7099,control_jul
32,2905.0102,control_jul
117,2905.3105,control_jul
164,2905.6108,control_jul
123,2905.9112,control_jul
158,2906.2115,control_jul
184,2906.5118,control_jul
176,2906.8121,control_jul
60,2907.1125,control_jul
63,2907.4128,control_jul
185,2907.7131,control_jul
194,2908.0134,control_jul
52,2908.3138,control_jul
38,2908.6141,control_jul
63,2908.9143,control_jul
117,2909.2147,control_jul
13,2909.5151,control_jul
13,2909.8154,control_jul
149,2910.1157,control_jul
190,2910.416,control_jul
140,2910.7164,control_jul
140,2911.0167,control_jul
161,2911.317,control_jul
199,2911.6173,control_jul
4,2911.9176,control_jul
6,2912.2179,control_jul
75,2912.5183,control_jul
169,2912.8186,control_jul
59,2913.1189,control_jul
3,2913.4192,control_jul
32,2913.7196,control_jul
65,2914.0198,control_jul
13,2914.3202,control_jul
124,2914.6205,control_jul
33,2914.9209,control_jul
137,2915.2212,control_jul
158,2915.5214,control_jul
87,2915.8218,control_jul
209,2916.1222,control_jul
113,2916.4224,control_jul
98,2916.7228,control_jul
19,2917.0231,control_jul
58,2917.3234,control_jul
39,2917.6238,control_jul
39,2917.924,control_jul
39,2918.2244,control_jul
39,2918.5248,control_jul
58,2918.825,control_jul
76,2919.1254,control_jul
36,2919.4257,control_jul
113,2919.726,control_jul
17,2920.0263,control_jul
39,2920.3267,control_jul
177,2920.6269,control_jul
13,2920.9273,control_jul
70,2921.2276,control_jul
73,2921.5279,control_jul
190,2921.8283,control_jul
14,2922.1286,control_jul
47,2922.4289,control_jul
149,2922.7292,control_jul
58,2923.0295,control_jul
55,2923.3299,control_jul
113,2923.6302,control_jul
38,2923.9305,control_jul
48,2924.2308,control_jul
168,2924.5312,control_jul
88,2924.8315,control_jul
153,2925.1319,control_jul
153,2925.4321,control_jul
115,2925.7324,control_jul
115,2926.0328,control_jul
115,2926.3332,control_jul
141,2926.6334,control_jul
153,2926.9338,control_jul
141,2927.2341,control_jul
141,2927.5344,control_jul
141,2927.8347,control_jul
141,2928.1351,control_jul
74,2928.4354,control_jul
78,2928.7357,control_jul
3,2929.036,control_jul
63,2929.3364,control_jul
32,2929.6367,control_jul
182,2929.937,control_jul
209,2930.2373,control_jul
58,2930.5377,control_jul
17,2930.8379,control_jul
83,2931.1382,control_jul
184,2931.4386,control_jul
182,2931.7389,control_jul
17,2932.0392,control_jul
158,2932.3396,control_jul
98,2932.6399,control_jul
182,2932.9402,control_jul
37,2933.2406,control_jul
156,2933.5409,control_jul
156,2933.8412,control_jul
146,2934.1415,control_jul
206,2934.4419,control_jul
97,2934.7422,control_jul
179,2935.0425,control_jul
200,2935.3428,control_jul
80,2935.6431,control_jul
75,2935.9435,control_jul
73,2936.2438,control_jul
138,2936.5441,control_jul
80,2936.8444,control_jul
200,2937.1448,control_jul
80,2937.4451,control_jul
136,2937.7454,control_jul
72,2938.0458,control_jul
22,2938.346,control_jul
192,2938.6464,control_jul
206,2938.9467,control_jul
92,2939.247,control_jul
73,2939.5473,control_jul
17,2939.8477,control_jul
3,2940.148,control_jul
63,2940.4483,control_jul
165,2940.7486,control_jul
179,2941.049,control_jul
24,2941.3493,control_jul
25,2941.6496,control_jul
25,2941.9499,control_jul
25,2942.2503,control_jul
94,2942.5506,control_jul
98,2942.8509,control_jul
38,2943.1512,control_jul
183,2943.4516,control_jul
17,2943.7519,control_jul
63,2944.0522,control_jul
205,2944.3525,control_jul
98,2944.6529,control_jul
19,2944.9531,control_jul
182,2945.2535,control_jul
23,2945.5538,control_jul
156,2945.8541,control_jul
164,2946.1544,control_jul
32,2946.4548,control_jul
3,2946.7551,control_jul
17,2947.0554,control_jul
17,2947.3557,control_jul
48,2947.6561,control_jul
65,2947.9564,control_jul
32,2948.2568,control_jul
79,2948.557,control_jul
173,2948.8574,control_jul
186,2949.1577,control_jul
186,2949.458,control_jul
199,2949.7583,control_jul
154,2950.0586,control_jul
209,2950.359,control_jul
63,2950.6593,control_jul
27,2950.9596,control_jul
98,2951.2599,control_jul
17,2951.5603,control_jul
206,2951.8606,control_jul
173,2952.161,control_jul
162,2952.4613,control_jul
200,2952.7616,control_jul
186,2953.0619,control_jul
207,2953.3622,control_jul
186,2953.6625,control_jul
207,2953.9629,control_jul
157,2954.2632,control_jul
31,2954.5635,control_jul
155,2954.8638,control_jul
118,2955.1642,control_jul
179,2955.4645,control_jul
196,2955.7648,control_jul
196,2956.0651,control_jul
207,2956.3654,control_jul
80,2956.6658,control_jul
186,2956.9661,control_jul
186,2957.2664,control_jul
211,2957.5668,control_jul
73,2957.8671,control_jul
33,2958.1674,control_jul
136,2958.4677,control_jul
172,2958.768,control_jul
110,2959.0683,control_jul
64,2959.3687,control_jul
152,2959.669,control_jul
186,2959.9693,control_jul
196,2960.2697,control_jul
191,2960.57,control_jul
179,2960.8703,control_jul
160,2961.1706,control_jul
25,2961.4709,control_jul
160,2961.7712,control_jul
160,2962.0716,control_jul
28,2962.3719,control_jul
121,2962.6723,control_jul
1,2962.9726,control_jul
151,2963.2729,control_jul
2,2963.5732,control_jul
15,2963.8735,control_jul
45,2964.1739,control_jul
15,2964.4742,control_jul
45,2964.7745,control_jul
161,2965.0748,control_jul
75,2965.3751,control_jul
199,2965.6755,control_jul
83,2965.9757,control_jul
156,2966.2761,control_jul
37,2966.5764,control_jul
210,2966.8767,control_jul
32,2967.1771,control_jul
117,2967.4774,control_jul
126,2967.7778,control_jul
206,2968.078,control_jul
117,2968.3784,control_jul
78,2968.6787,control_jul
72,2968.979,control_jul
208,2969.2793,control_jul
161,2969.5797,control_jul
79,2969.88,control_jul
127,2970.1803,control_jul
159,2970.4807,control_jul
125,2970.781,control_jul
142,2971.0812,control_jul
99,2971.3816,control_jul
55,2971.6819,control_jul
165,2971.9823,control_jul
206,2972.2826,control_jul
46,2972.5829,control_jul
31,2972.8832,control_jul
72,2973.1836,control_jul
163,2973.4839,control_jul
190,2973.7842,control_jul
99,2974.0845,control_jul
169,2974.3848,control_jul
172,2974.6852,control_jul
171,2974.9855,control_jul
99,2975.2858,control_jul
56,2975.5861,control_jul
4,2975.8865,control_jul
4,2976.1868,control_jul
103,2976.4871,control_jul
158,2976.7875,control_jul
56,2977.0877,control_jul
85,2977.3881,control_jul
103,2977.6884,control_jul
121,2977.9887,control_jul
17,2978.2891,control_jul
43,2978.5894,control_jul
103,2978.8897,control_jul
93,2979.19,control_jul
93,2979.4904,control_jul
16,2979.7906,control_jul
193,2980.091,control_jul
29,2980.3913,control_jul
52,2980.6916,control_jul
91,2980.992,control_jul
104,2981.2922,control_jul
91,2981.5926,control_jul
105,2981.8929,control_jul
103,2982.1932,control_jul
101,2982.4936,control_jul
102,2982.7939,control_jul
102,2983.0942,control_jul
107,2983.3945,control_jul
107,2983.6948,control_jul
102,2983.9952,control_jul
102,2984.2955,control_jul
141,2984.5958,control_jul
7,2984.8962,control_jul
100,2985.1964,control_jul
121,2985.4968,control_jul
99,2985.7972,control_jul
169,2986.0974,control_jul
100,2986.3978,control_jul
100,2986.698,control_jul
30,2986.9984,control_jul
147,2987.2988,control_jul
104,2987.5991,control_jul
91,2987.8994,control_jul
96,2988.1997,control_jul
96,2988.5,control_jul
96,2988.8004,control_jul
82,2989.1007,control_jul
82,2989.401,control_jul
82,2989.7013,control_jul
82,2990.0017,control_jul
82,2990.302,control_jul
82,2990.6023,control_jul
82,2990.9026,control_jul
96,2991.2029,control_jul
96,2991.5032,control_jul
96,2991.8036,control_jul
96,2992.1039,control_jul
96,2992.4042,control_jul
104,2992.7045,control_jul
104,2993.0049,control_jul
180,2993.3052,control_jul
78,2993.6055,control_jul
17,2993.9058,control_jul
205,2994.2061,control_jul
57,2994.5064,control_jul
100,2994.8068,control_jul
50,2995.1071,control_jul
100,2995.4074,control_jul
100,2995.7077,control_jul
168,2996.0081,control_jul
103,2996.3084,control_jul
93,2996.6087,control_jul
168,2996.909,control_jul
103,2997.2094,control_jul
30,2997.5097,control_jul
104,2997.81,control_jul
104,2998.1103,control_jul
104,2998.4107,control_jul
104,2998.711,control_jul
100,2999.0113,control_jul
100,2999.3116,control_jul
168,2999.612,control_jul
100,2999.9123,control_jul
104,3000.2125,control_jul
96,3000.5129,control_jul
96,3000.8132,control_jul
96,3001.1136,control_jul
104,3001.4139,control_jul
168,3001.7142,control_jul
168,3002.0145,control_jul
102,3002.3149,control_jul
102,3002.6152,control_jul
102,3002.9155,control_jul
102,3003.2158,control_jul
102,3003.5161,control_jul
51,3003.8164,control_jul
141,3004.1168,control_jul
51,3004.4171,control_jul
141,3004.7174,control_jul
141,3005.0178,control_jul
51,3005.318,control_jul
141,3005.6184,control_jul
141,3005.9187,control_jul
86,3006.2191,control_jul
56,3006.5193,control_jul
192,3006.8197,control_jul
132,3007.12,control_jul
137,3007.4203,control_jul
208,3007.7207,control_jul
200,3008.0209,control_jul
173,3008.3212,control_jul
159,3008.6216,control_jul
31,3008.9219,control_jul
151,3009.2222,control_jul
142,3009.5226,control_jul
51,3009.8229,control_jul
103,3010.1232,control_jul
132,3010.4235,control_jul
180,3010.7239,control_jul
59,3011.0242,control_jul
142,3011.3245,control_jul
51,3011.6249,control_jul
111,3011.9252,control_jul
100,3012.2254,control_jul
168,3012.5258,control_jul
168,3012.8261,control_jul
168,3013.1265,control_jul
168,3013.4268,control_jul
168,3013.7271,control_jul
104,3014.0274,control_jul
210,3014.3277,control_jul
101,3014.6281,control_jul
100,3014.9283,control_jul
168,3015.2287,control_jul
14,3015.529,control_jul
100,3015.8293,control_jul
132,3016.1297,control_jul
100,3016.43,control_jul
30,3016.7302,control_jul
101,3017.0306,control_jul
169,3017.3309,control_jul
42,3017.6312,control_jul
77,3017.9316,control_jul
20,3018.2319,control_jul
30,3018.5322,control_jul
54,3018.8325,control_jul
86,3019.1328,control_jul
102,3019.4332,control_jul
102,3019.7335,control_jul
102,3020.0338,control_jul
5,3020.3341,control_jul
102,3020.6345,control_jul
102,3020.9348,control_jul
102,3021.2351,control_jul
141,3021.5354,control_jul
141,3021.8357,control_jul
141,3022.1361,control_jul
174,3022.4364,control_jul
141,3022.7367,control_jul
141,3023.037,control_jul
169,3023.3374,control_jul
102,3023.6377,control_jul
102,3023.938,control_jul
102,3024.2383,control_jul
102,3024.5386,control_jul
102,3024.8389,control_jul
102,3025.1393,control_jul
169,3025.4396,control_jul
51,3025.7399,control_jul
169,3026.0403,control_jul
102,3026.3405,control_jul
102,3026.6409,control_jul
102,3026.9412,control_jul
102,3027.2415,control_jul
102,3027.5419,control_jul
102,3027.8422,control_jul
80,3028.1425,control_jul
157,3028.4428,control_jul
92,3028.7431,control_jul
144,3029.0435,control_jul
190,3029.3437,control_jul
35,3029.6441,control_jul
22,3029.9444,control_jul
22,3030.2448,control_jul
73,3030.5451,control_jul
59,3030.8454,control_jul
103,3031.1457,control_jul
10,3031.4461,control_jul
101,3031.7464,control_jul
103,3032.0467,control_jul
121,3032.347,control_jul
51,3032.6473,control_jul
56,3032.9477,control_jul
51,3033.2479,control_jul
67,3033.5483,control_jul
6,3033.8486,control_jul
169,3034.1489,control_jul
86,3034.4492,control_jul
54,3034.7496,control_jul
102,3035.05,control_jul
102,3035.3502,control_jul
102,3035.6506,control_jul
102,3035.9509,control_jul
102,3036.2512,control_jul
102,3036.5515,control_jul
107,3036.8518,control_jul
107,3037.1522,control_jul
107,3037.4525,control_jul
107,3037.7528,control_jul
107,3038.0531,control_jul
102,3038.3534,control_jul
102,3038.6538,control_jul
102,3038.9541,control_jul
151,3039.2544,control_jul
56,3039.5547,control_jul
7,3039.8551,control_jul
127,3040.1554,control_jul
142,3040.4557,control_jul
106,3040.7616,control_jul
205,3041.0564,control_jul
165,3041.3567,control_jul
180,3041.657,control_jul
142,3041.9573,control_jul
71,3042.2576,control_jul
103,3042.558,control_jul
183,3042.8583,control_jul
85,3043.1586,control_jul
100,3043.4589,control_jul
93,3043.7592,control_jul
111,3044.0596,control_jul
33,3044.3598,control_jul
86,3044.6602,control_jul
139,3044.9605,control_jul
86,3045.2609,control_jul
33,3045.5612,control_jul
148,3045.8615,control_jul
70,3046.1618,control_jul
70,3046.4621,control_jul
81,3046.7625,control_jul
158,3047.0628,control_jul
10,3047.363,control_jul
142,3047.6634,control_jul
142,3047.9637,control_jul
31,3048.2641,control_jul
142,3048.5644,control_jul
142,3048.8647,control_jul
175,3049.165,control_jul
33,3049.4653,control_jul
33,3049.7656,control_jul
99,3050.066,control_jul
14,3050.3663,control_jul
100,3050.6667,control_jul
169,3050.9669,control_jul
102,3051.2673,control_jul
102,3051.5676,control_jul
102,3051.8679,control_jul
102,3052.1682,control_jul
107,3052.4686,control_jul
107,3052.7689,control_jul
107,3053.0692,control_jul
107,3053.3696,control_jul
5,3053.6699,control_jul
45,3053.9702,control_jul
122,3054.2705,control_jul
33,3054.5708,control_jul
81,3054.8712,control_jul
121,3055.1715,control_jul
142,3055.4718,control_jul
99,3055.7722,control_jul
16,3056.0724,control_jul
150,3056.3728,control_jul
170,3056.6731,control_jul
107,3056.9734,control_jul
107,3057.2737,control_jul
107,3057.574,control_jul
107,3057.8743,control_jul
107,3058.1747,control_jul
107,3058.475,control_jul
102,3058.7753,control_jul
102,3059.0756,control_jul
102,3059.3759,control_jul
54,3059.6763,control_jul
108,3059.9766,control_jul
102,3060.2769,control_jul
109,3060.5772,control_jul
151,3060.8775,control_jul
150,3061.1779,control_jul
151,3061.4782,control_jul
181,3061.7785,control_jul
51,3062.0788,control_jul
85,3062.3792,control_jul
104,3062.6795,control_jul
104,3062.9798,control_jul
104,3063.2802,control_jul
96,3063.5805,control_jul
96,3063.8808,control_jul
96,3064.1811,control_jul
96,3064.4814,control_jul
96,3064.7817,control_jul
96,3065.082,control_jul
96,3065.3824,control_jul
104,3065.6827,control_jul
104,3065.983,control_jul
104,3066.2834,control_jul
104,3066.5836,control_jul
104,3066.884,control_jul
104,3067.1843,control_jul
96,3067.4846,control_jul
96,3067.7849,control_jul
96,3068.0852,control_jul
96,3068.3856,control_jul
104,3068.6859,control_jul
104,3068.9862,control_jul
168,3069.2866,control_jul
168,3069.5869,control_jul
168,3069.8872,control_jul
168,3070.1875,control_jul
141,3070.4879,control_jul
51,3070.7881,control_jul
4,3071.0885,control_jul
33,3071.3888,control_jul
199,3071.6892,control_jul
188,3071.9894,control_jul
173,3072.2898,control_jul
142,3072.5901,control_jul
99,3072.8904,control_jul
99,3073.1908,control_jul
86,3073.491,control_jul
132,3073.7913,control_jul
100,3074.0917,control_jul
103,3074.392,control_jul
74,3074.6923,control_jul
104,3074.9927,control_jul
104,3075.293,control_jul
96,3075.5933,control_jul
82,3075.8936,control_jul
82,3076.1939,control_jul
82,3076.4943,control_jul
82,3076.7946,control_jul
82,3077.0949,control_jul
82,3077.3952,control_jul
82,3077.6955,control_jul
82,3077.9959,control_jul
96,3078.2962,control_jul
96,3078.5965,control_jul
9,3078.8968,control_jul
147,3079.1971,control_jul
104,3079.4975,control_jul
94,3079.7978,control_jul
148,3080.0981,control_jul
11,3080.3984,control_jul
11,3080.6988,control_jul
11,3080.9991,control_jul
11,3081.2994,control_jul
11,3081.5997,control_jul
87,3081.9,control_jul
11,3082.2003,control_jul
85,3082.5007,control_jul
105,3082.801,control_jul
176,3083.1013,control_jul
105,3083.4017,control_jul
91,3083.702,control_jul
105,3084.0022,control_jul
91,3084.3026,control_jul
10,3084.6029,control_jul
103,3084.9032,control_jul
93,3085.2036,control_jul
11,3085.5039,control_jul
14,3085.8042,control_jul
105,3086.1045,control_jul
100,3086.4048,control_jul
10,3086.7051,control_jul
11,3087.0055,control_jul
148,3087.3058,control_jul
105,3087.6061,control_jul
148,3087.9064,control_jul
105,3088.2068,control_jul
91,3088.5071,control_jul
94,3088.8074,control_jul
91,3089.1077,control_jul
11,3089.4081,control_jul
91,3089.7084,control_jul
11,3090.0087,control_jul
103,3090.309,control_jul
94,3090.6093,control_jul
14,3090.9096,control_jul
11,3091.21,control_jul
11,3091.5103,control_jul
91,3091.8106,control_jul
11,3092.1109,control_jul
91,3092.4113,control_jul
105,3092.7116,control_jul
10,3093.0119,control_jul
85,3093.3122,control_jul
48,3093.6125,control_jul
27,3093.9128,control_jul
27,3094.2132,control_jul
48,3094.5135,control_jul
161,3094.8138,control_jul
99,3095.1141,control_jul
139,3095.4145,control_jul
151,3095.7148,control_jul
27,3096.0151,control_jul
105,3096.3155,control_jul
87,3096.6158,control_jul
91,3096.9161,control_jul
105,3097.2173,control_jul
81,3097.5167,control_jul
105,3097.817,control_jul
99,3098.1174,control_jul
125,3098.4177,control_jul
64,3098.718,control_jul
84,3099.0183,control_jul
151,3099.3187,control_jul
100,3099.619,control_jul
93,3099.9193,control_jul
176,3100.2196,control_jul
91,3100.5199,control_jul
93,3100.8203,control_jul
100,3101.1206,control_jul
100,3101.4209,control_jul
93,3101.7212,control_jul
176,3102.0215,control_jul
103,3102.3219,control_jul
11,3102.6222,control_jul
10,3102.9225,control_jul
14,3103.2228,control_jul
100,3103.5232,control_jul
93,3103.8235,control_jul
100,3104.1238,control_jul
87,3104.4241,control_jul
132,3104.7244,control_jul
100,3105.0247,control_jul
158,3105.325,control_jul
149,3105.6254,control_jul
125,3105.9257,control_jul
155,3106.2261,control_jul
148,3106.5264,control_jul
105,3106.8267,control_jul
91,3107.127,control_jul
11,3107.4273,control_jul
10,3107.7276,control_jul
86,3108.028,control_jul
151,3108.3283,control_jul
151,3108.6286,control_jul
143,3108.9289,control_jul
143,3109.2293,control_jul
143,3109.5296,control_jul
61,3109.8299,control_jul
61,3110.1302,control_jul
8,3110.4306,control_jul
61,3110.7308,control_jul
8,3111.0312,control_jul
104,3111.3316,control_jul
147,3111.6318,control_jul
26,3111.9322,control_jul
95,3112.2325,control_jul
91,3112.5328,control_jul
114,3112.8332,control_jul
22,3113.1335,control_jul
39,3113.4338,control_jul
39,3113.7341,control_jul
17,3114.0344,control_jul
63,3114.3348,control_jul
83,3114.6351,control_jul
93,3114.9354,control_jul
53,3115.2357,control_jul
147,3115.536,control_jul
147,3115.8364,control_jul
147,3116.1367,control_jul
61,3116.437,control_jul
93,3116.7373,control_jul
148,3117.0377,control_jul
192,3117.338,control_jul
70,3117.6383,control_jul
65,3117.9386,control_jul
92,3118.2389,control_jul
123,3118.5393,control_jul
164,3118.8396,control_jul
3,3119.1399,control_jul
17,3119.4402,control_jul
185,3119.7405,control_jul
10,3120.0409,control_jul
12,3120.3412,control_jul
43,3120.6415,control_jul
64,3120.9419,control_jul
65,3121.2422,control_jul
182,3121.5425,control_jul
206,3121.8428,control_jul
205,3122.1432,control_jul
70,3122.4435,control_jul
142,3122.7438,control_jul
112,3123.0441,control_jul
182,3123.3444,control_jul
106,3123.6448,control_jul
70,3123.9451,control_jul
83,3124.2454,control_jul
150,3124.5457,control_jul
139,3124.846,control_jul
108,3125.1464,control_jul
109,3125.4467,control_jul
108,3125.747,control_jul
142,3126.0474,control_jul
45,3126.3477,control_jul
108,3126.648,control_jul
107,3126.9483,control_jul
107,3127.2486,control_jul
109,3127.549,control_jul
172,3127.8493,control_jul
3,3128.1496,control_jul
10,3128.4499,control_jul
110,3128.7503,control_jul
103,3129.0506,control_jul
93,3129.3509,control_jul
100,3129.6512,control_jul
50,3129.9516,control_jul
151,3130.2519,control_jul
99,3130.5522,control_jul
100,3130.8525,control_jul
93,3131.1528,control_jul
50,3131.4532,control_jul
101,3131.7535,control_jul
151,3132.0538,control_jul
84,3132.3541,control_jul
51,3132.6545,control_jul
84,3132.9548,control_jul
8,3133.2551,control_jul
104,3133.5554,control_jul
105,3133.8558,control_jul
103,3134.1561,control_jul
11,3134.4564,control_jul
95,3134.7567,control_jul
95,3135.0571,control_jul
169,3135.3574,control_jul
5,3135.6577,control_jul
5,3135.958,control_jul
102,3136.2583,control_jul
102,3136.5587,control_jul
5,3136.859,control_jul
102,3137.1593,control_jul
151,3137.4596,control_jul
42,3137.76,control_jul
141,3138.0603,control_jul
51,3138.3606,control_jul
151,3138.6609,control_jul
84,3138.9613,control_jul
143,3139.2616,control_jul
51,3139.5619,control_jul
143,3139.8622,control_jul
141,3140.1625,control_jul
61,3140.4628,control_jul
104,3140.764,control_jul
147,3141.0636,control_jul
147,3141.3638,control_jul
94,3141.6642,control_jul
171,3141.9645,control_jul
139,3142.2648,control_jul
103,3142.5651,control_jul
147,3142.8654,control_jul
11,3143.1658,control_jul
16,3143.4661,control_jul
103,3143.7664,control_jul
74,3144.0667,control_jul
93,3144.3671,control_jul
99,3144.6673,control_jul
151,3144.9677,control_jul
99,3145.268,control_jul
84,3145.5684,control_jul
103,3145.8687,control_jul
93,3146.169,control_jul
103,3146.4693,control_jul
8,3146.7697,control_jul
51,3147.07,control_jul
169,3147.3703,control_jul
45,3147.6706,control_jul
108,3147.9709,control_jul
107,3148.2712,control_jul
107,3148.5716,control_jul
107,3148.8719,control_jul
107,3149.1722,control_jul
45,3149.4725,control_jul
107,3149.7729,control_jul
109,3150.0732,control_jul
108,3150.3735,control_jul
145,3150.6739,control_jul
171,3150.9742,control_jul
5,3151.2745,control_jul
50,3151.5748,control_jul
16,3151.8751,control_jul
151,3152.1755,control_jul
176,3152.4758,control_jul
95,3152.776,control_jul
176,3153.0764,control_jul
87,3153.3767,control_jul
16,3153.6771,control_jul
30,3153.9774,control_jul
103,3154.2777,control_jul
7,3154.5781,control_jul
169,3154.8784,control_jul
7,3155.1787,control_jul
171,3155.479,control_jul
120,3155.7793,control_jul
85,3156.0797,control_jul
10,3156.38,control_jul
10,3156.6803,control_jul
151,3156.9806,control_jul
151,3157.2809,control_jul
14,3157.5813,control_jul
105,3157.8816,control_jul
93,3158.1819,control_jul
93,3158.4823,control_jul
176,3158.7825,control_jul
93,3159.0829,control_jul
54,3159.3832,control_jul
15,3159.6836,control_jul
108,3159.9839,control_jul
145,3160.2842,control_jul
169,3160.5845,control_jul
111,3160.8848,control_jul
171,3161.1852,control_jul
7,3161.4855,control_jul
43,3161.7858,control_jul
54,3162.0861,control_jul
5,3162.3864,control_jul
107,3162.6868,control_jul
107,3162.9871,control_jul
107,3163.2874,control_jul
107,3163.5877,control_jul
107,3163.8881,control_jul
111,3164.1884,control_jul
110,3164.4887,control_jul
54,3164.789,control_jul
174,3165.0893,control_jul
143,3165.3896,control_jul
143,3165.69,control_jul
42,3165.9903,control_jul
77,3166.2907,control_jul
143,3166.591,control_jul
174,3166.8913,control_jul
42,3167.1916,control_jul
2,3167.4919,control_jul
5,3167.7922,control_jul
77,3168.0925,control_jul
77,3168.3929,control_jul
61,3168.6932,control_jul
77,3168.9936,control_jul
77,3169.2939,control_jul
77,3169.5942,control_jul
77,3169.8946,control_jul
111,3170.1948,control_jul
129,3170.4952,control_jul
119,3170.7955,control_jul
161,3171.0958,control_jul
152,3171.3961,control_jul
110,3171.6964,control_jul
64,3171.9967,control_jul
7,3172.2971,control_jul
1,3172.5974,control_jul
110,3172.8977,control_jul
98,3173.198,control_jul
16,3173.4984,control_jul
19,3173.7988,control_jul
22,3174.0991,control_jul
83,3174.3993,control_jul
124,3174.6997,control_jul
45,3175.0,control_jul
102,3175.3003,control_jul
45,3175.6007,control_jul
102,3175.901,control_jul
108,3176.2013,control_jul
5,3176.5016,control_jul
169,3176.802,control_jul
86,3177.1023,control_jul
108,3177.4026,control_jul
5,3177.7029,control_jul
67,3178.0033,control_jul
205,3178.3036,control_jul
63,3178.6039,control_jul
98,3178.9042,control_jul
78,3179.2046,control_jul
13,3179.5049,control_jul
48,3179.8052,control_jul
3,3180.1055,control_jul
55,3180.4059,control_jul
44,3180.7062,control_jul
126,3181.0065,control_jul
58,3181.3068,control_jul
56,3181.6071,control_jul
65,3181.9075,control_jul
75,3182.2078,control_jul
75,3182.5081,control_jul
209,3182.8084,control_jul
70,3183.1087,control_jul
19,3183.4091,control_jul
17,3183.7094,control_jul
19,3184.0098,control_jul
209,3184.31,control_jul
60,3184.6104,control_jul
48,3184.9107,control_jul
31,3185.211,control_jul
79,3185.5114,control_jul
110,3185.8117,control_jul
190,3186.112,control_jul
1,3186.4123,control_jul
111,3186.7126,control_jul
15,3187.013,control_jul
31,3187.3133,control_jul
75,3187.6136,control_jul
15,3187.9139,control_jul
108,3188.2142,control_jul
107,3188.5146,control_jul
102,3188.8149,control_jul
108,3189.1152,control_jul
5,3189.4156,control_jul
1,3189.7159,control_jul
108,3190.0162,control_jul
107,3190.3165,control_jul
107,3190.6169,control_jul
109,3190.9172,control_jul
45,3191.2175,control_jul
108,3191.5179,control_jul
5,3191.8181,control_jul
116,3192.1185,control_jul
31,3192.4188,control_jul
1,3192.7191,control_jul
31,3193.0195,control_jul
170,3193.3197,control_jul
107,3193.6201,control_jul
107,3193.9204,control_jul
109,3194.2207,control_jul
125,3194.5211,control_jul
1,3194.8214,control_jul
199,3195.1217,control_jul
35,3195.422,control_jul
211,3195.7223,control_jul
75,3196.0227,control_jul
138,3196.323,control_jul
4,3196.6233,control_jul
193,3196.9236,control_jul
142,3197.224,control_jul
77,3197.5243,control_jul
143,3197.8246,control_jul
73,3198.125,control_jul
38,3198.4253,control_jul
202,3198.7256,control_jul
175,3199.0259,control_jul
31,3199.3262,control_jul
136,3199.6266,control_jul
161,3199.9269,control_jul
1,3200.2272,control_jul
190,3200.5275,control_jul
1,3200.8279,control_jul
75,3201.1282,control_jul
44,3201.4285,control_jul
165,3201.7288,control_jul
44,3202.0291,control_jul
185,3202.3295,control_jul
19,3202.6298,control_jul
10,3202.9301,control_jul
71,3203.2304,control_jul
162,3203.5308,control_jul
196,3203.8311,control_jul
133,3204.1314,control_jul
207,3204.4317,control_jul
18,3204.7321,control_jul
120,3205.0324,control_jul
99,3205.3327,control_jul
77,3205.633,control_jul
77,3205.9334,control_jul
151,3206.2336,control_jul
190,3206.534,control_jul
44,3206.8343,control_jul
126,3207.1347,control_jul
192,3207.4349,control_jul
206,3207.7353,control_jul
44,3208.0356,control_jul
22,3208.3359,control_jul
123,3208.6363,control_jul
164,3208.9366,control_jul
181,3209.237,control_jul
100,3209.5372,control_jul
8,3209.8376,control_jul
153,3210.1379,control_jul
111,3210.4382,control_jul
65,3210.7386,control_jul
78,3211.0388,control_jul
205,3211.3392,control_jul
87,3211.6395,control_jul
117,3211.9399,control_jul
192,3212.2402,control_jul
52,3212.5405,control_jul
19,3212.8408,control_jul
88,3213.1411,control_jul
61,3213.4415,control_jul
14,3213.7418,control_jul
43,3214.0421,control_jul
6,3214.3425,control_jul
193,3214.6428,control_jul
190,3214.943,control_jul
73,3215.2435,control_jul
1,3215.5437,control_jul
181,3215.844,control_jul
110,3216.1444,control_jul
145,3216.4447,control_jul
77,3216.745,control_jul
75,3217.0453,control_jul
112,3217.3457,control_jul
202,3217.646,control_jul
198,3217.9463,control_jul
37,3218.2467,control_jul
210,3218.5469,control_jul
114,3218.8473,control_jul
101,3219.1476,control_jul
78,3219.4479,control_jul
182,3219.7482,control_jul
91,3220.0486,control_jul
91,3220.3489,control_jul
9,3220.6492,control_jul
9,3220.9495,control_jul
91,3221.2499,control_jul
91,3221.5502,control_jul
147,3221.8505,control_jul
147,3222.1508,control_jul
61,3222.4512,control_jul
53,3222.7515,control_jul
20,3223.0518,control_jul
155,3223.3522,control_jul
75,3223.6524,control_jul
75,3223.9528,control_jul
136,3224.2532,control_jul
47,3224.5535,control_jul
161,3224.8538,control_jul
193,3225.1541,control_jul
143,3225.4545,control_jul
111,3225.7548,control_jul
99,3226.0551,control_jul
15,3226.3554,control_jul
62,3226.6557,control_jul
64,3226.9561,control_jul
47,3227.2564,control_jul
135,3227.5567,control_jul
120,3227.8571,control_jul
67,3228.1573,control_jul
77,3228.4577,control_jul
153,3228.758,control_jul
42,3229.0583,control_jul
155,3229.3586,control_jul
1,3229.659,control_jul
1,3229.9593,control_jul
143,3230.2596,control_jul
187,3230.56,control_jul
187,3230.8602,control_jul
187,3231.1606,control_jul
187,3231.461,control_jul
77,3231.7612,control_jul
42,3232.0615,control_jul
145,3232.3619,control_jul
1,3232.6622,control_jul
193,3232.9625,control_jul
181,3233.2628,control_jul
77,3233.5631,control_jul
124,3233.8635,control_jul
135,3234.1638,control_jul
125,3234.4642,control_jul
121,3234.7645,control_jul
16,3235.0648,control_jul
16,3235.3651,control_jul
174,3235.6655,control_jul
141,3235.9657,control_jul
115,3236.2661,control_jul
153,3236.5664,control_jul
115,3236.8667,control_jul
141,3237.167,control_jul
168,3237.4674,control_jul
101,3237.7677,control_jul
16,3238.068,control_jul
43,3238.3684,control_jul
101,3238.6687,control_jul
53,3238.969,control_jul
176,3239.2693,control_jul
53,3239.5696,control_jul
98,3239.87,control_jul
111,3240.1703,control_jul
33,3240.4706,control_jul
99,3240.771,control_jul
62,3241.0713,control_jul
62,3241.3716,control_jul
62,3241.6719,control_jul
68,3241.9723,control_jul
68,3242.2726,control_jul
134,3242.5729,control_jul
172,3242.8732,control_jul
125,3243.1736,control_jul
110,3243.4739,control_jul
143,3243.7742,control_jul
141,3244.0745,control_jul
174,3244.3748,control_jul
153,3244.6751,control_jul
84,3244.9755,control_jul
153,3245.2758,control_jul
141,3245.5761,control_jul
115,3245.8764,control_jul
115,3246.1768,control_jul
115,3246.4771,control_jul
115,3246.7774,control_jul
174,3247.0778,control_jul
31,3247.378,control_jul
31,3247.6784,control_jul
181,3247.9787,control_jul
2,3248.2846,control_jul
2,3248.5793,control_jul
15,3248.8797,control_jul
15,3249.18,control_jul
2,3249.4804,control_jul
136,3249.7807,control_jul
207,3250.081,control_jul
120,3250.3813,control_jul
110,3250.6817,control_jul
1,3250.9819,control_jul
154,3251.2823,control_jul
44,3251.5826,control_jul
16,3251.8829,control_jul
10,3252.1832,control_jul
110,3252.4836,control_jul
67,3252.7839,control_jul
1,3253.0842,control_jul
64,3253.3845,control_jul
209,3253.6849,control_jul
39,3253.9852,control_jul
28,3254.2855,control_jul
156,3254.5858,control_jul
24,3254.8861,control_jul
210,3255.1865,control_jul
93,3255.4868,control_jul
30,3255.7871,control_jul
77,3256.0875,control_jul
77,3256.3877,control_jul
155,3256.6881,control_jul
1,3256.9884,control_jul
155,3257.2887,control_jul
64,3257.5891,control_jul
75,3257.8894,control_jul
75,3258.1897,control_jul
155,3258.49,control_jul
155,3258.7904,control_jul
155,3259.0907,control_jul
64,3259.391,control_jul
155,3259.6914,control_jul
47,3259.9917,control_jul
1,3260.292,control_jul
155,3260.5923,control_jul
155,3260.8926,control_jul
77,3261.193,control_jul
15,3261.4932,control_jul
5,3261.7936,control_jul
111,3262.0939,control_jul
7,3262.3942,control_jul
155,3262.6946,control_jul
15,3262.9949,control_jul
62,3263.2952,control_jul
79,3263.5956,control_jul
80,3263.8959,control_jul
138,3264.1962,control_jul
155,3264.4965,control_jul
155,3264.7969,control_jul
187,3265.0972,control_jul
155,3265.3975,control_jul
77,3265.6978,control_jul
142,3265.9981,control_jul
139,3266.2985,control_jul
47,3266.5988,control_jul
67,3266.8991,control_jul
1,3267.1995,control_jul
159,3267.4998,control_jul
207,3267.8001,control_jul
196,3268.1004,control_jul
144,3268.4008,control_jul
144,3268.7011,control_jul
133,3269.0014,control_jul
179,3269.3018,control_jul
46,3269.602,control_jul
110,3269.9024,control_jul
67,3270.2027,control_jul
111,3270.503,control_jul
110,3270.8034,control_jul
187,3271.1037,control_jul
187,3271.404,control_jul
155,3271.7044,control_jul
111,3272.0047,control_jul
121,3272.3049,control_jul
158,3272.6053,control_jul
88,3272.9057,control_jul
14,3273.206,control_jul
158,3273.5063,control_jul
17,3273.8066,control_jul
91,3274.1069,control_jul
11,3274.4072,control_jul
114,3274.7076,control_jul
204,3275.0079,control_jul
210,3275.3082,control_jul
184,3275.6085,control_jul
117,3275.9089,control_jul
58,3276.2092,control_jul
117,3276.5095,control_jul
206,3276.8098,control_jul
121,3277.1102,control_jul
3,3277.4105,control_jul
8,3277.7108,control_jul
61,3278.0112,control_jul
148,3278.3114,control_jul
194,3278.6118,control_jul
76,3278.9121,control_jul
133,3279.2124,control_jul
192,3279.5128,control_jul
192,3279.8131,control_jul
35,3280.1134,control_jul
129,3280.4137,control_jul
154,3280.714,control_jul
113,3281.0143,control_jul
87,3281.3147,control_jul
53,3281.615,control_jul
158,3281.9154,control_jul
113,3282.2156,control_jul
10,3282.516,control_jul
110,3282.8164,control_jul
6,3283.1166,control_jul
140,3283.417,control_jul
162,3283.7173,control_jul
135,3284.0176,control_jul
188,3284.3179,control_jul
186,3284.6183,control_jul
135,3284.9186,control_jul
186,3285.2189,control_jul
138,3285.5192,control_jul
122,3285.8195,control_jul
140,3286.1199,control_jul
79,3286.4202,control_jul
152,3286.7205,control_jul
127,3287.0209,control_jul
134,3287.3212,control_jul
134,3287.6215,control_jul
172,3287.9218,control_jul
79,3288.2222,control_jul
112,3288.5225,control_jul
204,3288.8228,control_jul
105,3289.1232,control_jul
48,3289.4235,control_jul
138,3289.7238,control_jul
188,3290.0241,control_jul
33,3290.3244,control_jul
65,3290.6248,control_jul
19,3290.9251,control_jul
60,3291.2254,control_jul
43,3291.5257,control_jul
112,3291.826,control_jul
205,3292.1263,control_jul
117,3292.4267,control_jul
209,3292.727,control_jul
78,3293.0274,control_jul
10,3293.3276,control_jul
20,3293.628,control_jul
124,3293.9284,control_jul
151,3294.2286,control_jul
64,3294.529,control_jul
7,3294.8293,control_jul
31,3295.1296,control_jul
151,3295.4299,control_jul
1,3295.7302,control_jul
110,3296.0306,control_jul
143,3296.3309,control_jul
42,3296.6312,control_jul
151,3296.9316,control_jul
190,3297.2319,control_jul
72,3297.5322,control_jul
35,3297.8325,control_jul
164,3298.1329,control_jul
202,3298.4332,control_jul
119,3299.0339,control_jul
181,3299.3341,control_jul
72,3299.6345,control_jul
163,3299.9348,control_jul
138,3300.2351,control_jul
22,3300.5355,control_jul
185,3300.8358,control_jul
44,3301.1361,control_jul
44,3301.4364,control_jul
78,3301.7367,control_jul
49,3302.0371,control_jul
133,3302.3374,control_jul
52,3302.6377,control_jul
209,3302.938,control_jul
63,3303.2384,control_jul
130,3303.5387,control_jul
189,3303.839,control_jul
67,3304.1393,control_jul
208,3304.4396,control_jul
72,3304.74,control_jul
162,3305.0403,control_jul
199,3305.3407,control_jul
73,3305.641,control_jul
157,3305.9412,control_jul
33,3306.2416,control_jul
199,3306.542,control_jul
87,3306.8422,control_jul
16,3307.1426,control_jul
131,3307.4429,control_jul
189,3307.7433,control_jul
36,3308.0436,control_jul
142,3308.3439,control_jul
77,3308.6442,control_jul
141,3308.9445,control_jul
64,3309.2449,control_jul
67,3309.5452,control_jul
175,3309.8455,control_jul
152,3310.1459,control_jul
72,3310.4461,control_jul
79,3310.7465,control_jul
79,3311.0468,control_jul
72,3311.3471,control_jul
127,3311.6475,control_jul
33,3311.9478,control_jul
72,3312.2481,control_jul
173,3312.5484,control_jul
207,3312.8487,control_jul
76,3313.1491,control_jul
194,3313.4494,control_jul
164,3313.7497,control_jul
32,3314.05,control_jul
117,3314.3504,control_jul
70,3314.6507,control_jul
13,3314.951,control_jul
185,3315.2514,control_jul
126,3315.5517,control_jul
112,3315.8519,control_jul
164,3316.1523,control_jul
63,3316.4527,control_jul
22,3316.753,control_jul
184,3317.0533,control_jul
19,3317.3536,control_jul
209,3317.654,control_jul
126,3317.9543,control_jul
192,3318.2546,control_jul
72,3318.5549,control_jul
33,3318.8552,control_jul
151,3319.1555,control_jul
181,3319.4559,control_jul
77,3319.7562,control_jul
171,3320.0565,control_jul
145,3320.3568,control_jul
154,3320.6572,control_jul
12,3320.9574,control_jul
131,3321.2578,control_jul
34,3321.5581,control_jul
192,3321.8584,control_jul
184,3322.1588,control_jul
165,3322.4591,control_jul
159,3322.7595,control_jul
122,3323.0598,control_jul
118,3323.3601,control_jul
74,3323.6604,control_jul
61,3323.9608,control_jul
125,3324.2611,control_jul
136,3324.5613,control_jul
122,3324.8617,control_jul
142,3325.1621,control_jul
151,3325.4624,control_jul
6,3325.7627,control_jul
6,3326.063,control_jul
208,3326.3634,control_jul
138,3326.6637,control_jul
112,3326.964,control_jul
32,3327.2643,control_jul
70,3327.5646,control_jul
180,3327.865,control_jul
58,3328.1653,control_jul
70,3328.4656,control_jul
29,3328.766,control_jul
131,3329.0662,control_jul
143,3329.3666,control_jul
20,3329.6669,control_jul
14,3329.9672,control_jul
32,3330.2676,control_jul
32,3330.5679,control_jul
113,3330.8682,control_jul
149,3331.1685,control_jul
151,3331.4689,control_jul
142,3331.7692,control_jul
42,3332.0694,control_jul
53,3332.3698,control_jul
53,3332.6701,control_jul
53,3332.9705,control_jul
30,3333.2708,control_jul
147,3333.5711,control_jul
11,3333.8714,control_jul
114,3334.1718,control_jul
95,3334.4721,control_jul
43,3334.7724,control_jul
88,3335.0727,control_jul
43,3335.3731,control_jul
61,3335.6734,control_jul
70,3335.9737,control_jul
3,3336.274,control_jul
89,3336.5743,control_jul
79,3336.8747,control_jul
47,3337.175,control_jul
79,3337.4753,control_jul
73,3337.7756,control_jul
163,3338.076,control_jul
163,3338.3763,control_jul
36,3338.6766,control_jul
164,3338.977,control_jul
76,3339.2772,control_jul
196,3339.5776,control_jul
191,3339.8779,control_jul
89,3340.1782,control_jul
79,3340.4786,control_jul
152,3340.7788,control_jul
129,3341.0792,control_jul
135,3341.3796,control_jul
73,3341.6799,control_jul
157,3341.9802,control_jul
157,3342.2805,control_jul
73,3342.5809,control_jul
138,3342.8812,control_jul
136,3343.1815,control_jul
136,3343.4818,control_jul
190,3343.7822,control_jul
136,3344.0825,control_jul
33,3344.3828,control_jul
125,3344.6831,control_jul
89,3344.9835,control_jul
31,3345.2837,control_jul
155,3345.584,control_jul
54,3345.8844,control_jul
51,3346.1847,control_jul
75,3346.4851,control_jul
67,3346.7854,control_jul
77,3347.0857,control_jul
31,3347.386,control_jul
155,3347.6864,control_jul
20,3347.9866,control_jul
209,3348.287,control_jul
209,3348.5873,control_jul
16,3348.8876,control_jul
19,3349.188,control_jul
209,3349.4882,control_jul
151,3349.7886,control_jul
115,3350.0889,control_jul
115,3350.3893,control_jul
174,3350.6896,control_jul
153,3350.9899,control_jul
174,3351.2902,control_jul
88,3351.5906,control_jul
50,3351.8908,control_jul
73,3352.1913,control_jul
73,3352.4916,control_jul
75,3352.7919,control_jul
75,3353.0922,control_jul
47,3353.3925,control_jul
77,3353.6928,control_jul
2,3353.9932,control_jul
67,3354.2935,control_jul
77,3354.5938,control_jul
115,3354.8941,control_jul
174,3355.1944,control_jul
51,3355.4948,control_jul
153,3355.7951,control_jul
153,3356.0954,control_jul
174,3356.3957,control_jul
115,3356.6961,control_jul
141,3356.9964,control_jul
67,3357.2967,control_jul
108,3357.5971,control_jul
116,3357.8974,control_jul
45,3358.1977,control_jul
138,3358.498,control_jul
200,3358.7983,control_jul
127,3359.0987,control_jul
161,3359.399,control_jul
84,3359.6993,control_jul
61,3359.9996,control_jul
30,3360.3,control_jul
88,3360.6003,control_jul
147,3360.9006,control_jul
158,3361.2009,control_jul
209,3361.5012,control_jul
84,3361.8016,control_jul
143,3362.1019,control_jul
151,3362.4022,control_jul
125,3362.7026,control_jul
115,3363.0028,control_jul
42,3363.3032,control_jul
84,3363.6036,control_jul
67,3363.9038,control_jul
115,3364.2042,control_jul
115,3364.5044,control_jul
174,3364.8048,control_jul
141,3365.1052,control_jul
51,3365.4055,control_jul
93,3365.7058,control_jul
16,3366.0061,control_jul
95,3366.3064,control_jul
204,3366.6068,control_jul
32,3366.9071,control_jul
3,3367.2074,control_jul
154,3367.5077,control_jul
115,3367.808,control_jul
143,3368.1084,control_jul
115,3368.4087,control_jul
143,3368.7091,control_jul
141,3369.0093,control_jul
151,3369.3096,control_jul
142,3369.61,control_jul
7,3369.9103,control_jul
45,3370.2106,control_jul
116,3370.511,control_jul
62,3370.8113,control_jul
62,3371.1116,control_jul
134,3371.4119,control_jul
116,3371.7123,control_jul
62,3372.0126,control_jul
134,3372.3129,control_jul
186,3372.6132,control_jul
172,3372.9135,control_jul
155,3373.2138,control_jul
47,3373.5142,control_jul
31,3373.8144,control_jul
89,3374.1148,control_jul
84,3374.4151,control_jul
143,3374.7155,control_jul
6,3375.0158,control_jul
143,3375.3161,control_jul
42,3375.6164,control_jul
110,3375.9167,control_jul
75,3376.2171,control_jul
141,3376.5174,control_jul
115,3376.8177,control_jul
115,3377.118,control_jul
7,3377.4184,control_jul
84,3377.7187,control_jul
143,3378.019,control_jul
168,3378.3193,control_jul
93,3378.6196,control_jul
8,3378.92,control_jul
88,3379.2203,control_jul
88,3379.5206,control_jul
50,3379.821,control_jul
151,3380.1213,control_jul
7,3380.4216,control_jul
155,3380.7219,control_jul
187,3381.0222,control_jul
187,3381.3226,control_jul
187,3381.6228,control_jul
187,3381.9232,control_jul
64,3382.2235,control_jul
161,3382.5239,control_jul
89,3382.8242,control_jul
175,3383.1245,control_jul
143,3383.4248,control_jul
141,3383.7251,control_jul
115,3384.0255,control_jul
115,3384.3258,control_jul
153,3384.6261,control_jul
151,3384.9264,control_jul
7,3385.2268,control_jul
161,3385.527,control_jul
89,3385.8274,control_jul
31,3386.1277,control_jul
181,3386.4281,control_jul
89,3386.7284,control_jul
90,3387.0287,control_jul
90,3387.329,control_jul
90,3387.6294,control_jul
75,3387.9297,control_jul
187,3388.23,control_jul
155,3388.5303,control_jul
47,3388.8307,control_jul
62,3389.131,control_jul
170,3389.4313,control_jul
18,3389.7316,control_jul
186,3390.0319,control_jul
196,3390.3323,control_jul
140,3390.6326,control_jul
155,3390.9329,control_jul
125,3391.2332,control_jul
139,3391.5335,control_jul
174,3391.8339,control_jul
77,3392.1342,control_jul
61,3392.4345,control_jul
43,3392.7348,control_jul
61,3393.0351,control_jul
88,3393.3355,control_jul
93,3393.6357,control_jul
98,3393.9361,control_jul
98,3394.2364,control_jul
19,3394.5367,control_jul
143,3394.8371,control_jul
153,3395.1374,control_jul
174,3395.4377,control_jul
115,3395.738,control_jul
115,3396.0384,control_jul
141,3396.3387,control_jul
1,3396.639,control_jul
73,3396.9394,control_jul
33,3397.2397,control_jul
56,3397.54,control_jul
80,3397.8403,control_jul
80,3398.1406,control_jul
190,3398.4409,control_jul
161,3398.7413,control_jul
47,3399.0416,control_jul
163,3399.3419,control_jul
33,3399.6423,control_jul
113,3399.9425,control_jul
139,3400.2429,control_jul
51,3400.5432,control_jul
42,3400.8435,control_jul
139,3401.1438,control_jul
120,3401.4442,control_jul
206,3401.7445,control_jul
55,3402.0448,control_jul
78,3402.3452,control_jul
196,3402.6455,control_jul
164,3402.9458,control_jul
38,3403.2461,control_jul
117,3403.5465,control_jul
83,3403.8468,control_jul
123,3404.1471,control_jul
63,3404.4474,control_jul
196,3404.7477,control_jul
44,3405.048,control_jul
149,3405.3484,control_jul
138,3405.6487,control_jul
185,3405.949,control_jul
117,3406.2493,control_jul
211,3406.5497,control_jul
122,3406.8499,control_jul
193,3407.1503,control_jul
155,3407.4507,control_jul
14,3407.7509,control_jul
206,3408.0512,control_jul
24,3408.3516,control_jul
160,3408.6519,control_jul
24,3408.9522,control_jul
198,3409.2526,control_jul
3,3409.5529,control_jul
63,3409.8532,control_jul
13,3410.1536,control_jul
191,3410.4538,control_jul
188,3410.7542,control_jul
127,3411.0545,control_jul
150,3411.3548,control_jul
172,3411.6551,control_jul
73,3411.9555,control_jul
33,3412.2558,control_jul
154,3412.5561,control_jul
16,3412.8564,control_jul
115,3413.1568,control_jul
42,3413.4571,control_jul
64,3413.7574,control_jul
124,3414.0577,control_jul
186,3414.358,control_jul
159,3414.6584,control_jul
175,3414.9587,control_jul
29,3415.259,control_jul
132,3415.5594,control_jul
64,3415.8596,control_jul
161,3416.16,control_jul
136,3416.4603,control_jul
73,3416.7607,control_jul
138,3417.061,control_jul
79,3417.3613,control_jul
136,3417.6616,control_jul
59,3417.962,control_jul
149,3418.2623,control_jul
136,3418.5626,control_jul
122,3418.8629,control_jul
31,3419.1632,control_jul
6,3419.4636,control_jul
16,3419.7638,control_jul
14,3420.0642,control_jul
8,3420.3645,control_jul
176,3420.6648,control_jul
10,3420.9652,control_jul
158,3421.2655,control_jul
30,3421.5658,control_jul
95,3421.8661,control_jul
95,3422.1664,control_jul
98,3422.4668,control_jul
53,3422.7671,control_jul
54,3423.0675,control_jul
154,3423.3678,control_jul
183,3423.6681,control_jul
29,3423.9684,control_jul
177,3424.2687,control_jul
132,3424.5691,control_jul
77,3424.8694,control_jul
77,3425.1697,control_jul
145,3425.47,control_jul
151,3425.7703,control_jul
151,3426.0707,control_jul
75,3426.371,control_jul
73,3426.6713,control_jul
73,3426.9716,control_jul
129,3427.272,control_jul
144,3427.5723,control_jul
179,3427.8726,control_jul
133,3428.1785,control_jul
69,3428.4733,control_jul
36,3428.7736,control_jul
38,3429.0739,control_jul
63,3429.3742,control_jul
136,3429.6746,control_jul
188,3429.9749,control_jul
127,3430.2752,control_jul
7,3430.5756,control_jul
50,3430.8758,control_jul
53,3431.1762,control_jul
53,3431.4765,control_jul
95,3431.7768,control_jul
105,3432.0772,control_jul
95,3432.3774,control_jul
12,3432.6779,control_jul
98,3432.9782,control_jul
155,3433.2785,control_jul
67,3433.5788,control_jul
73,3433.8791,control_jul
193,3434.1794,control_jul
190,3434.4797,control_jul
136,3434.7801,control_jul
67,3435.0804,control_jul
77,3435.3807,control_jul
77,3435.6811,control_jul
77,3435.9813,control_jul
14,3436.2817,control_jul
70,3436.582,control_jul
149,3436.8824,control_jul
190,3437.1827,control_jul
152,3437.483,control_jul
138,3437.7833,control_jul
115,3438.0837,control_jul
115,3438.384,control_jul
115,3438.6843,control_jul
88,3438.9846,control_jul
101,3439.2849,control_jul
87,3439.5852,control_jul
38,3439.8856,control_jul
184,3440.1859,control_jul
78,3440.4862,control_jul
70,3440.7866,control_jul
29,3441.0868,control_jul
38,3441.3872,control_jul
12,3441.6875,control_jul
147,3441.9878,control_jul
91,3442.2881,control_jul
147,3442.5885,control_jul
74,3442.8888,control_jul
123,3443.1892,control_jul
188,3443.4894,control_jul
127,3443.7898,control_jul
64,3444.0901,control_jul
186,3444.3905,control_jul
196,3444.6908,control_jul
76,3444.991,control_jul
38,3445.2915,control_jul
36,3445.5918,control_jul
202,3445.892,control_jul
190,3446.1924,control_jul
148,3446.4927,control_jul
98,3446.793,control_jul
87,3447.0933,control_jul
125,3447.3937,control_jul
31,3447.694,control_jul
155,3447.9943,control_jul
89,3448.2946,control_jul
157,3448.595,control_jul
35,3448.8953,control_jul
36,3449.1956,control_jul
113,3449.4959,control_jul
209,3449.7962,control_jul
121,3450.0965,control_jul
33,3450.3969,control_jul
135,3450.6972,control_jul
190,3450.9975,control_jul
22,3451.2979,control_jul
184,3451.5982,control_jul
20,3451.8985,control_jul
75,3452.1988,control_jul
72,3452.4991,control_jul
152,3452.7995,control_jul
199,3453.0998,control_jul
127,3453.4001,control_jul
46,3453.7004,control_jul
84,3454.0008,control_jul
139,3454.6014,control_jul
136,3454.9018,control_jul
75,3455.2021,control_jul
47,3455.5024,control_jul
79,3455.8027,control_jul
143,3456.103,control_jul
42,3456.4034,control_jul
6,3456.7037,control_jul
151,3457.004,control_jul
175,3457.3043,control_jul
211,3457.6047,control_jul
182,3457.905,control_jul
55,3458.2053,control_jul
57,3458.5056,control_jul
180,3458.8059,control_jul
123,3459.1063,control_jul
126,3459.4066,control_jul
20,3459.7069,control_jul
77,3460.0073,control_jul
111,3460.3076,control_jul
31,3460.6079,control_jul
31,3460.9082,control_jul
181,3461.2086,control_jul
115,3461.5088,control_jul
8,3461.8092,control_jul
88,3462.1094,control_jul
84,3462.4098,control_jul
143,3462.7102,control_jul
174,3463.0105,control_jul
109,3463.3108,control_jul
62,3463.6111,control_jul
62,3463.9114,control_jul
199,3464.2118,control_jul
152,3464.5121,control_jul
199,3464.8124,control_jul
14,3465.1127,control_jul
121,3465.4131,control_jul
8,3465.7134,control_jul
61,3466.0137,control_jul
61,3466.314,control_jul
168,3466.6143,control_jul
132,3466.9146,control_jul
88,3467.215,control_jul
143,3467.5153,control_jul
174,3467.8156,control_jul
8,3468.1159,control_jul
87,3468.4162,control_jul
87,3468.7166,control_jul
43,3469.0169,control_jul
14,3469.3172,control_jul
148,3469.6175,control_jul
95,3469.9179,control_jul
48,3470.2182,control_jul
16,3470.5185,control_jul
3,3470.8188,control_jul
65,3471.1191,control_jul
12,3471.4195,control_jul
158,3471.7198,control_jul
184,3472.0202,control_jul
118,3472.3205,control_jul
88,3472.6208,control_jul
61,3472.9211,control_jul
43,3473.2214,control_jul
119,3473.5218,control_jul
172,3473.822,control_jul
136,3474.1224,control_jul
188,3474.4228,control_jul
72,3474.723,control_jul
31,3475.0234,control_jul
161,3475.3236,control_jul
89,3475.624,control_jul
90,3475.9244,control_jul
90,3476.2246,control_jul
90,3476.525,control_jul
90,3476.8253,control_jul
79,3477.1256,control_jul
31,3477.4259,control_jul
110,3477.7263,control_jul
115,3478.0266,control_jul
181,3478.3269,control_jul
136,3478.6272,control_jul
135,3478.9276,control_jul
188,3479.2278,control_jul
159,3479.5282,control_jul
170,3479.8285,control_jul
134,3480.1289,control_jul
18,3480.4292,control_jul
116,3480.7295,control_jul
163,3481.0298,control_jul
163,3481.3301,control_jul
79,3481.6305,control_jul
7,3481.9308,control_jul
19,3482.2311,control_jul
158,3482.5315,control_jul
10,3482.8317,control_jul
88,3483.1321,control_jul
74,3483.4324,control_jul
93,3483.7327,control_jul
50,3484.0331,control_jul
143,3484.3334,control_jul
31,3484.6337,control_jul
143,3484.934,control_jul
143,3485.2343,control_jul
174,3485.5347,control_jul
153,3485.835,control_jul
115,3486.1353,control_jul
174,3486.4356,control_jul
143,3486.736,control_jul
193,3487.0363,control_jul
163,3487.3366,control_jul
47,3487.637,control_jul
33,3487.9372,control_jul
73,3488.2376,control_jul
6,3488.5379,control_jul
153,3488.8382,control_jul
115,3489.1385,control_jul
174,3489.4388,control_jul
50,3489.7392,control_jul
17,3490.0395,control_jul
164,3490.3398,control_jul
202,3490.6401,control_jul
36,3490.9404,control_jul
196,3491.2408,control_jul
117,3491.5411,control_jul
184,3491.8414,control_jul
117,3492.1418,control_jul
83,3492.442,control_jul
158,3492.7424,control_jul
119,3493.0428,control_jul
145,3493.343,control_jul
54,3493.6434,control_jul
50,3493.9437,control_jul
185,3494.244,control_jul
135,3494.5444,control_jul
136,3494.8447,control_jul
152,3495.1451,control_jul
140,3495.4453,control_jul
71,3495.7457,control_jul
44,3496.046,control_jul
97,3496.3463,control_jul
148,3496.6466,control_jul
54,3496.9469,control_jul
143,3497.2472,control_jul
111,3497.5476,control_jul
188,3497.8479,control_jul
80,3498.1483,control_jul
188,3498.4485,control_jul
120,3498.7489,control_jul
47,3499.0492,control_jul
6,3499.3496,control_jul
87,3499.6499,control_jul
209,3499.9501,control_jul
1,3500.2505,control_jul
67,3500.5508,control_jul
143,3500.8511,control_jul
103,3501.1514,control_jul
8,3501.4518,control_jul
88,3501.7521,control_jul
61,3502.0524,control_jul
176,3502.3528,control_jul
70,3502.6531,control_jul
17,3502.9534,control_jul
19,3503.2538,control_jul
8,3503.554,control_jul
74,3503.8544,control_jul
61,3504.1547,control_jul
176,3504.455,control_jul
125,3504.7554,control_jul
193,3505.0557,control_jul
77,3505.356,control_jul
67,3505.6564,control_jul
208,3505.9566,control_jul
125,3506.257,control_jul
31,3506.5572,control_jul
47,3506.8577,control_jul
31,3507.158,control_jul
86,3507.4582,control_jul
155,3507.7586,control_jul
3,3508.0589,control_jul
85,3508.3592,control_jul
70,3508.6595,control_jul
33,3508.9599,control_jul
190,3509.2602,control_jul
71,3509.5605,control_jul
202,3509.8609,control_jul
44,3510.1612,control_jul
17,3510.4615,control_jul
175,3510.7618,control_jul
122,3511.0621,control_jul
110,3511.3625,control_jul
151,3511.6628,control_jul
42,3511.9631,control_jul
16,3512.2634,control_jul
70,3512.5637,control_jul
52,3512.8641,control_jul
43,3513.1644,control_jul
53,3513.4647,control_jul
12,3513.7651,control_jul
13,3514.0654,control_jul
12,3514.3657,control_jul
61,3514.666,control_jul
74,3514.9663,control_jul
55,3515.2666,control_jul
36,3515.567,control_jul
184,3515.8673,control_jul
29,3516.1676,control_jul
74,3516.468,control_jul
91,3516.7682,control_jul
11,3517.0686,control_jul
92,3517.3689,control_jul
92,3517.6692,control_jul
123,3517.9695,control_jul
49,3518.2699,control_jul
57,3518.5702,control_jul
206,3518.8706,control_jul
164,3519.1708,control_jul
76,3519.4712,control_jul
185,3519.7715,control_jul
22,3520.0718,control_jul
121,3520.3721,control_jul
43,3520.6724,control_jul
74,3520.9728,control_jul
61,3521.2731,control_jul
74,3521.5734,control_jul
83,3521.8737,control_jul
206,3522.174,control_jul
123,3522.4744,control_jul
128,3522.7747,control_jul
161,3523.075,control_jul
64,3523.3753,control_jul
115,3523.6757,control_jul
151,3523.976,control_jul
193,3524.2763,control_jul
47,3524.5766,control_jul
193,3524.877,control_jul
154,3525.1773,control_jul
70,3525.4776,control_jul
175,3525.778,control_jul
208,3526.0783,control_jul
33,3526.3786,control_jul
75,3526.6789,control_jul
124,3526.9792,control_jul
45,3527.2796,control_jul
178,3527.5798,control_jul
188,3527.8802,control_jul
106,3528.1805,control_jul
185,3528.4808,control_jul
149,3528.7812,control_jul
125,3529.0815,control_jul
208,3529.3818,control_jul
175,3529.6821,control_jul
64,3529.9824,control_jul
1,3530.2828,control_jul
67,3530.5831,control_jul
143,3530.8834,control_jul
6,3531.1837,control_jul
67,3531.4841,control_jul
6,3531.7844,control_jul
193,3532.0847,control_jul
10,3532.385,control_jul
158,3532.6853,control_jul
158,3532.9857,control_jul
16,3533.286,control_jul
8,3533.5863,control_jul
110,3533.8866,control_jul
125,3534.1869,control_jul
31,3534.4873,control_jul
143,3534.7876,control_jul
115,3535.0879,control_jul
158,3535.3882,control_jul
48,3535.6885,control_jul
177,3535.9889,control_jul
32,3536.2892,control_jul
52,3536.5895,control_jul
171,3536.8899,control_jul
199,3537.1901,control_jul
163,3537.4905,control_jul
211,3537.7908,control_jul
194,3538.0911,control_jul
179,3538.3915,control_jul
160,3538.6917,control_jul
130,3538.9921,control_jul
41,3539.2924,control_jul
117,3539.5927,control_jul
48,3539.8931,control_jul
87,3540.1934,control_jul
16,3540.4937,control_jul
8,3540.794,control_jul
176,3541.0943,control_jul
209,3541.3947,control_jul
12,3541.6949,control_jul
8,3541.9953,control_jul
50,3542.2956,control_jul
141,3542.5959,control_jul
176,3542.8963,control_jul
65,3543.1966,control_jul
55,3543.4969,control_jul
160,3543.7972,control_jul
156,3544.0975,control_jul
24,3544.3979,control_jul
130,3544.6982,control_jul
34,3544.9985,control_jul
121,3545.2988,control_jul
85,3545.5992,control_jul
14,3545.8995,control_jul
158,3546.1998,control_jul
43,3546.5002,control_jul
8,3546.8004,control_jul
143,3547.1008,control_jul
31,3547.4012,control_jul
65,3547.7014,control_jul
131,3548.0018,control_jul
43,3548.302,control_jul
176,3548.6023,control_jul
70,3548.9027,control_jul
158,3549.2031,control_jul
209,3549.5034,control_jul
48,3549.8037,control_jul
75,3550.104,control_jul
142,3550.4043,control_jul
84,3550.7046,control_jul
153,3551.005,control_jul
174,3551.3053,control_jul
75,3551.6073,control_jul
127,3551.9059,control_jul
72,3552.2063,control_jul
175,3552.5066,control_jul
155,3552.8069,control_jul
64,3553.1073,control_jul
208,3553.4076,control_jul
136,3553.7078,control_jul
72,3554.0082,control_jul
136,3554.3085,control_jul
175,3554.6089,control_jul
16,3554.9092,control_jul
19,3555.2095,control_jul
65,3555.5098,control_jul
106,3555.8101,control_jul
22,3556.1105,control_jul
117,3556.4108,control_jul
123,3556.7111,control_jul
165,3557.0114,control_jul
36,3557.3118,control_jul
3,3557.6121,control_jul
181,3557.9124,control_jul
77,3558.2127,control_jul
121,3558.5131,control_jul
72,3558.8134,control_jul
154,3559.1137,control_jul
65,3559.414,control_jul
206,3559.7143,control_jul
57,3560.0146,control_jul
164,3560.315,control_jul
92,3560.6153,control_jul
196,3560.9156,control_jul
133,3561.2159,control_jul
185,3561.5163,control_jul
97,3561.8166,control_jul
38,3562.1169,control_jul
35,3562.4172,control_jul
179,3562.7176,control_jul
92,3563.0179,control_jul
164,3563.3182,control_jul
36,3563.6185,control_jul
78,3563.9189,control_jul
13,3564.2191,control_jul
44,3564.5195,control_jul
117,3564.8198,control_jul
83,3565.1201,control_jul
117,3565.4204,control_jul
17,3565.7208,control_jul
60,3566.0211,control_jul
177,3566.3214,control_jul
206,3566.6218,control_jul
22,3566.9221,control_jul
63,3567.2224,control_jul
182,3567.5227,control_jul
38,3567.823,control_jul
209,3568.1234,control_jul
121,3568.4237,control_jul
6,3568.724,control_jul
143,3569.0243,control_jul
142,3569.3247,control_jul
157,3569.625,control_jul
199,3569.9309,control_jul
190,3570.2256,control_jul
1,3570.526,control_jul
1,3570.8263,control_jul
122,3571.1266,control_jul
151,3571.4269,control_jul
172,3571.7272,control_jul
205,3572.0276,control_jul
55,3572.3279,control_jul
60,3572.6282,control_jul
92,3572.9285,control_jul
195,3573.2289,control_jul
177,3573.5292,control_jul
194,3573.8295,control_jul
194,3574.1298,control_jul
44,3574.4301,control_jul
173,3574.7305,control_jul
140,3575.0308,control_jul
73,3575.3311,control_jul
75,3575.6314,control_jul
71,3575.9317,control_jul
38,3576.232,control_jul
13,3576.5324,control_jul
32,3576.8327,control_jul
64,3577.1331,control_jul
73,3577.4334,control_jul
73,3577.7337,control_jul
79,3578.034,control_jul
80,3578.3343,control_jul
75,3578.6347,control_jul
31,3578.935,control_jul
47,3579.2353,control_jul
152,3579.5356,control_jul
173,3579.8359,control_jul
186,3580.1363,control_jul
190,3580.4365,control_jul
182,3580.7369,control_jul
179,3581.0372,control_jul
191,3581.3375,control_jul
207,3581.6379,control_jul
207,3581.9382,control_jul
179,3582.2385,control_jul
97,3582.5539,control_jul
35,3582.8392,control_jul
183,3583.1395,control_jul
184,3583.4398,control_jul
156,3583.7401,control_jul
160,3584.0404,control_jul
197,3584.3407,control_jul
183,3584.6411,control_jul
3,3584.9414,control_jul
74,3585.2418,control_jul
176,3585.542,control_jul
3,3585.8424,control_jul
202,3586.1427,control_jul
32,3586.4431,control_jul
190,3586.7434,control_jul
33,3587.0437,control_jul
89,3587.344,control_jul
190,3587.6444,control_jul
122,3587.9446,control_jul
12,3588.245,control_jul
19,3588.5453,control_jul
38,3588.8456,control_jul
198,3589.1459,control_jul
198,3589.4463,control_jul
21,3589.7466,control_jul
21,3590.0469,control_jul
130,3590.3472,control_jul
156,3590.6476,control_jul
28,3590.9479,control_jul
179,3591.2482,control_jul
194,3591.5485,control_jul
200,3591.8488,control_jul
186,3592.1492,control_jul
207,3592.4495,control_jul
40,3592.7498,control_jul
48,3593.0501,control_jul
19,3593.3504,control_jul
70,3593.6507,control_jul
47,3593.9511,control_jul
127,3594.2514,control_jul
163,3594.5518,control_jul
149,3594.852,control_jul
182,3595.1524,control_jul
123,3595.4527,control_jul
57,3595.753,control_jul
58,3596.0533,control_jul
38,3596.3537,control_jul
184,3596.654,control_jul
144,3596.9543,control_jul
179,3597.2547,control_jul
133,3597.555,control_jul
38,3597.8553,control_jul
138,3598.1556,control_jul
161,3598.4559,control_jul
89,3598.7563,control_jul
111,3599.0566,control_jul
150,3599.3569,control_jul
206,3599.6572,control_jul
83,3599.9576,control_jul
192,3600.2579,control_jul
159,3600.5582,control_jul
186,3600.8585,control_jul
186,3601.1588,control_jul
196,3601.4592,control_jul
48,3601.7595,control_jul
17,3602.0598,control_jul
110,3602.3601,control_jul
181,3602.6604,control_jul
143,3602.9608,control_jul
143,3603.2611,control_jul
14,3603.5614,control_jul
3,3603.8617,control_jul
95,3604.1621,control_jul
114,3604.4624,control_jul
204,3604.7627,control_jul
114,3605.063,control_jul
114,3605.3634,control_jul
41,3605.6637,control_jul
87,3605.964,control_jul
117,3606.2643,control_jul
63,3606.5646,control_jul
117,3606.865,control_jul
78,3607.1653,control_jul
63,3607.4656,control_jul
123,3607.7659,control_jul
32,3608.0662,control_jul
84,3608.3666,control_jul
67,3608.6669,control_jul
136,3608.9672,control_jul
46,3609.2676,control_jul
92,3609.5679,control_jul
76,3609.8682,control_jul
164,3610.1685,control_jul
137,3610.4688,control_jul
125,3610.7692,control_jul
84,3611.0695,control_jul
67,3611.3699,control_jul
29,3611.6701,control_jul
70,3611.9704,control_jul
182,3612.2707,control_jul
28,3612.5711,control_jul
191,3612.8714,control_jul
206,3613.1717,control_jul
65,3613.472,control_jul
32,3613.7724,control_jul
202,3614.0727,control_jul
179,3614.373,control_jul
133,3614.6733,control_jul
133,3614.9737,control_jul
126,3615.274,control_jul
13,3615.5743,control_jul
39,3615.8747,control_jul
206,3616.175,control_jul
65,3616.4753,control_jul
37,3616.7756,control_jul
160,3617.076,control_jul
191,3617.3762,control_jul
76,3617.6765,control_jul
197,3617.9769,control_jul
41,3618.2772,control_jul
48,3618.5776,control_jul
118,3618.8779,control_jul
8,3619.1782,control_jul
74,3619.4785,control_jul
81,3619.7788,control_jul
8,3620.0792,control_jul
74,3620.3795,control_jul
141,3620.6798,control_jul
31,3620.9802,control_jul
175,3621.2805,control_jul
71,3621.5808,control_jul
92,3621.8811,control_jul
76,3622.1814,control_jul
207,3622.4818,control_jul
47,3622.7821,control_jul
162,3623.0824,control_jul
80,3623.3827,control_jul
175,3623.683,control_jul
151,3623.9834,control_jul
67,3624.2837,control_jul
161,3624.584,control_jul
84,3624.8844,control_jul
115,3625.1847,control_jul
143,3625.485,control_jul
61,3625.7853,control_jul
143,3626.0856,control_jul
141,3626.386,control_jul
174,3626.6863,control_jul
115,3626.9866,control_jul
42,3627.2869,control_jul
190,3627.5873,control_jul
190,3627.8875,control_jul
154,3628.1879,control_jul
78,3628.4882,control_jul
149,3628.7885,control_jul
72,3629.0888,control_jul
163,3629.3892,control_jul
122,3629.6895,control_jul
75,3629.9899,control_jul
136,3630.2901,control_jul
125,3630.5905,control_jul
79,3630.8908,control_jul
83,3631.1911,control_jul
180,3631.4915,control_jul
73,3631.7918,control_jul
152,3632.0921,control_jul
135,3632.3924,control_jul
124,3632.6927,control_jul
127,3632.9931,control_jul
200,3633.2934,control_jul
63,3633.5937,control_jul
179,3633.894,control_jul
196,3634.1944,control_jul
183,3634.4947,control_jul
33,3634.795,control_jul
79,3635.0953,control_jul
73,3635.3956,control_jul
38,3635.696,control_jul
35,3635.9963,control_jul
131,3636.2966,control_jul
10,3636.5969,control_jul
121,3636.8972,control_jul
157,3637.1976,control_jul
200,3637.4979,control_jul
179,3637.7982,control_jul
144,3638.0986,control_jul
196,3638.3989,control_jul
179,3638.6992,control_jul
46,3638.9995,control_jul
72,3639.2998,control_jul
75,3639.6002,control_jul
47,3639.9005,control_jul
80,3640.2008,control_jul
173,3640.5012,control_jul
196,3640.8015,control_jul
97,3641.1018,control_jul
202,3641.4021,control_jul
65,3641.7025,control_jul
3,3642.0027,control_jul
184,3642.3031,control_jul
39,3642.6034,control_jul
182,3642.9037,control_jul
13,3643.2041,control_jul
33,3643.5044,control_jul
190,3643.8047,control_jul
72,3644.105,control_jul
127,3644.4054,control_jul
176,3644.7056,control_jul
74,3645.006,control_jul
61,3645.3063,control_jul
84,3645.6067,control_jul
86,3645.907,control_jul
136,3646.2073,control_jul
125,3646.5076,control_jul
31,3646.808,control_jul
31,3647.1082,control_jul
31,3647.4086,control_jul
64,3647.7089,control_jul
53,3648.0092,control_jul
98,3648.3095,control_jul
53,3648.6099,control_jul
98,3648.9102,control_jul
98,3649.2105,control_jul
87,3649.5108,control_jul
209,3649.8112,control_jul
165,3650.1115,control_jul
35,3650.4118,control_jul
137,3651.0125,control_jul
164,3651.3128,control_jul
92,3651.6131,control_jul
191,3651.9135,control_jul
189,3652.2137,control_jul
30,3652.514,control_jul
43,3652.8144,control_jul
53,3653.1148,control_jul
143,3653.4151,control_jul
193,3653.7154,control_jul
31,3654.0157,control_jul
161,3654.316,control_jul
139,3654.6164,control_jul
7,3654.9167,control_jul
84,3655.217,control_jul
151,3655.5173,control_jul
54,3655.8176,control_jul
143,3656.118,control_jul
1,3656.4183,control_jul
125,3656.7186,control_jul
31,3657.0189,control_jul
125,3657.3193,control_jul
33,3657.6196,control_jul
75,3657.9199,control_jul
181,3658.2203,control_jul
155,3658.5206,control_jul
47,3658.8209,control_jul
125,3659.1212,control_jul
45,3659.4215,control_jul
62,3659.7219,control_jul
134,3660.0222,control_jul
134,3660.3225,control_jul
18,3660.6228,control_jul
138,3660.9231,control_jul
99,3661.2235,control_jul
161,3661.5238,control_jul
19,3661.8241,control_jul
74,3662.1244,control_jul
131,3662.4248,control_jul
85,3662.7251,control_jul
114,3663.0254,control_jul
94,3663.3377,control_jul
78,3663.626,control_jul
32,3663.9263,control_jul
184,3664.2267,control_jul
185,3664.527,control_jul
150,3664.8274,control_jul
159,3665.1277,control_jul
73,3665.428,control_jul
46,3665.7283,control_jul
183,3666.0287,control_jul
3,3666.329,control_jul
176,3666.6293,control_jul
43,3666.9296,control_jul
88,3667.2299,control_jul
115,3667.5303,control_jul
42,3667.8306,control_jul
208,3668.1309,control_jul
72,3668.4312,control_jul
175,3668.7316,control_jul
84,3669.0319,control_jul
153,3669.3322,control_jul
42,3669.6325,control_jul
17,3669.9329,control_jul
180,3670.2332,control_jul
72,3670.5335,control_jul
163,3670.8339,control_jul
89,3671.1342,control_jul
152,3671.4345,control_jul
135,3671.7348,control_jul
7,3672.0351,control_jul
65,3672.3355,control_jul
83,3672.6357,control_jul
97,3672.9361,control_jul
130,3673.2364,control_jul
48,3673.5367,control_jul
19,3673.8371,control_jul
118,3674.1373,control_jul
63,3674.4377,control_jul
63,3674.738,control_jul
65,3675.0383,control_jul
165,3675.3388,control_jul
87,3675.639,control_jul
8,3675.9393,control_jul
74,3676.2397,control_jul
32,3676.54,control_jul
70,3676.8403,control_jul
13,3677.1406,control_jul
78,3677.4409,control_jul
17,3677.7412,control_jul
110,3678.0416,control_jul
125,3678.3419,control_jul
31,3678.6423,control_jul
125,3678.9426,control_jul
122,3679.2429,control_jul
67,3679.5432,control_jul
1,3679.8435,control_jul
64,3680.1439,control_jul
47,3680.4442,control_jul
142,3680.7445,control_jul
151,3681.0448,control_jul
6,3681.3452,control_jul
181,3681.6454,control_jul
67,3681.9458,control_jul
190,3682.2461,control_jul
79,3682.5465,control_jul
44,3682.8468,control_jul
191,3683.1471,control_jul
185,3683.4475,control_jul
205,3683.7477,control_jul
185,3684.0481,control_jul
196,3684.3484,control_jul
144,3684.6487,control_jul
179,3684.9491,control_jul
205,3685.2494,control_jul
177,3685.5497,control_jul
47,3685.85,control_jul
31,3686.1504,control_jul
151,3686.4507,control_jul
67,3686.751,control_jul
140,3687.0513,control_jul
72,3687.3516,control_jul
188,3687.652,control_jul
206,3687.9523,control_jul
63,3688.2526,control_jul
35,3688.553,control_jul
112,3688.8533,control_jul
12,3689.1536,control_jul
16,3689.4539,control_jul
43,3689.7542,control_jul
61,3690.0546,control_jul
87,3690.3548,control_jul
70,3690.6552,control_jul
87,3690.9555,control_jul
38,3691.2559,control_jul
85,3691.5562,control_jul
3,3691.8564,control_jul
189,3692.1568,control_jul
136,3692.4572,control_jul
122,3692.7575,control_jul
193,3693.0578,control_jul
75,3693.3581,control_jul
190,3693.6584,control_jul
164,3693.9588,control_jul
206,3694.259,control_jul
185,3694.5594,control_jul
129,3694.8597,control_jul
208,3695.1601,control_jul
33,3695.4604,control_jul
3,3695.7607,control_jul
60,3696.061,control_jul
164,3696.3613,control_jul
106,3696.6617,control_jul
191,3696.962,control_jul
200,3697.2623,control_jul
127,3697.5627,control_jul
72,3697.863,control_jul
72,3698.1633,control_jul
75,3698.4636,control_jul
75,3698.7639,control_jul
36,3699.0643,control_jul
206,3699.3646,control_jul
117,3699.6649,control_jul
191,3699.9652,control_jul
179,3700.2656,control_jul
126,3700.5715,control_jul
65,3700.8662,control_jul
83,3701.1666,control_jul
34,3701.4668,control_jul
34,3701.7671,control_jul
203,3702.0675,control_jul
130,3702.3678,control_jul
130,3702.6682,control_jul
160,3702.9684,control_jul
23,3703.2688,control_jul
34,3703.5691,control_jul
34,3703.8694,control_jul
13,3704.1697,control_jul
137,3704.4701,control_jul
87,3704.7704,control_jul
209,3705.0708,control_jul
83,3705.3711,control_jul
205,3705.6714,control_jul
70,3705.9717,control_jul
32,3706.272,control_jul
17,3706.5723,control_jul
149,3706.8727,control_jul
140,3707.173,control_jul
208,3707.4733,control_jul
138,3707.7736,control_jul
127,3708.074,control_jul
122,3708.3743,control_jul
188,3708.6746,control_jul
159,3708.9749,control_jul
157,3709.2752,control_jul
92,3709.5755,control_jul
144,3709.8759,control_jul
92,3710.1762,control_jul
80,3710.4765,control_jul
162,3710.7769,control_jul
199,3711.0772,control_jul
193,3711.3775,control_jul
136,3711.6778,control_jul
136,3711.9781,control_jul
33,3712.2785,control_jul
199,3712.5788,control_jul
196,3712.8791,control_jul
200,3713.1794,control_jul
199,3713.4797,control_jul
199,3713.7801,control_jul
207,3714.0804,control_jul
127,3714.3807,control_jul
186,3714.6811,control_jul
80,3714.9814,control_jul
188,3715.2817,control_jul
186,3715.582,control_jul
186,3715.8824,control_jul
135,3716.1827,control_jul
173,3716.4831,control_jul
152,3716.7833,control_jul
44,3717.0836,control_jul
44,3717.3839,control_jul
164,3717.6843,control_jul
137,3717.9846,control_jul
57,3718.2849,control_jul
19,3718.5852,control_jul
52,3718.8856,control_jul
182,3719.1859,control_jul
192,3719.4862,control_jul
165,3719.7866,control_jul
164,3720.0869,control_jul
179,3720.3872,control_jul
144,3720.6875,control_jul
179,3720.9878,control_jul
189,3721.2882,control_jul
75,3721.5885,control_jul
6,3721.8888,control_jul
208,3722.1891,control_jul
157,3722.4895,control_jul
136,3722.7898,control_jul
136,3723.0901,control_jul
49,3723.3904,control_jul
40,3723.6908,control_jul
24,3723.9911,control_jul
205,3724.2914,control_jul
205,3724.5917,control_jul
126,3724.8921,control_jul
44,3725.1923,control_jul
36,3725.4926,control_jul
144,3725.793,control_jul
60,3726.0934,control_jul
83,3726.3936,control_jul
121,3726.694,control_jul
14,3726.9943,control_jul
73,3727.2946,control_jul
47,3727.5949,control_jul
31,3727.8953,control_jul
6,3728.1956,control_jul
6,3728.4959,control_jul
64,3728.7962,control_jul
29,3729.0965,control_jul
78,3729.3969,control_jul
38,3729.6972,control_jul
13,3730.0004,control_jul
208,3730.2978,control_jul
67,3730.5982,control_jul
31,3730.8985,control_jul
45,3731.1988,control_jul
31,3731.4991,control_jul
122,3731.7995,control_jul
77,3732.0998,control_jul
6,3732.4001,control_jul
175,3732.7004,control_jul
75,3733.0007,control_jul
157,3733.3011,control_jul
76,3733.6014,control_jul
186,3733.9017,control_jul
190,3734.2021,control_jul
200,3734.5024,control_jul
173,3734.8027,control_jul
127,3735.103,control_jul
190,3735.4033,control_jul
136,3735.7037,control_jul
46,3736.004,control_jul
49,3736.3043,control_jul
106,3736.6046,control_jul
44,3736.905,control_jul
72,3737.2053,control_jul
159,3737.5056,control_jul
175,3737.806,control_jul
75,3738.1063,control_jul
161,3738.4066,control_jul
155,3738.7069,control_jul
199,3739.0072,control_jul
157,3739.3075,control_jul
47,3739.6078,control_jul
161,3739.9081,control_jul
73,3740.2085,control_jul
117,3740.5089,control_jul
14,3740.8092,control_jul
43,3741.1095,control_jul
101,3741.4098,control_jul
16,3741.7101,control_jul
43,3742.0105,control_jul
125,3742.3108,control_jul
33,3742.6111,control_jul
151,3742.9114,control_jul
31,3743.2117,control_jul
75,3743.5121,control_jul
151,3743.8124,control_jul
16,3744.1127,control_jul
61,3744.413,control_jul
181,3744.7133,control_jul
176,3745.0136,control_jul
131,3745.314,control_jul
128,3745.6143,control_jul
140,3745.9146,control_jul
136,3746.215,control_jul
40,3746.5153,control_jul
179,3746.8156,control_jul
192,3747.116,control_jul
205,3747.4163,control_jul
117,3747.7166,control_jul
38,3748.0169,control_jul
191,3748.3172,control_jul
196,3748.6175,control_jul
76,3748.9179,control_jul
92,3749.2182,control_jul
35,3749.5185,control_jul
144,3749.8188,control_jul
191,3750.1191,control_jul
207,3750.4195,control_jul
186,3750.7198,control_jul
186,3751.0202,control_jul
126,3751.3205,control_jul
158,3751.6208,control_jul
139,3751.9211,control_jul
143,3752.2214,control_jul
153,3752.5217,control_jul
143,3753.1224,control_jul
161,3753.4227,control_jul
72,3753.7231,control_jul
47,3754.0234,control_jul
152,3754.3237,control_jul
135,3754.6241,control_jul
157,3754.9244,control_jul
152,3755.2247,control_jul
188,3755.525,control_jul
142,3755.8253,control_jul
115,3756.1256,control_jul
154,3756.4259,control_jul
70,3756.7262,control_jul
70,3757.0266,control_jul
30,3757.3269,control_jul
3,3757.6272,control_jul
12,3757.9276,control_jul
48,3758.2279,control_jul
101,3758.5282,control_jul
74,3758.8285,control_jul
38,3759.1289,control_jul
123,3759.4292,control_jul
70,3759.7295,control_jul
184,3760.0299,control_jul
163,3760.3301,control_jul
163,3760.6305,control_jul
22,3760.9308,control_jul
22,3761.2311,control_jul
201,3761.5314,control_jul
137,3761.8318,control_jul
13,3762.1321,control_jul
20,3762.4324,control_jul
33,3762.7328,control_jul
142,3763.0331,control_jul
77,3763.3333,control_jul
208,3763.6337,control_jul
20,3763.934,control_jul
148,3764.2343,control_jul
48,3764.5347,control_jul
8,3764.835,control_jul
85,3765.1353,control_jul
131,3765.4356,control_jul
209,3765.736,control_jul
78,3766.0363,control_jul
131,3766.3366,control_jul
8,3766.6369,control_jul
103,3766.9372,control_jul
8,3767.2375,control_jul
93,3767.5379,control_jul
161,3767.8382,control_jul
181,3768.1386,control_jul
30,3768.4388,control_jul
101,3768.7392,control_jul
85,3769.0395,control_jul
8,3769.3398,control_jul
88,3769.6402,control_jul
115,3769.9405,control_jul
115,3770.2408,control_jul
115,3770.5411,control_jul
115,3770.8414,control_jul
13,3771.1417,control_jul
13,3771.442,control_jul
65,3771.7424,control_jul
44,3772.0427,control_jul
97,3772.3431,control_jul
36,3772.6434,control_jul
205,3772.9437,control_jul
49,3773.244,control_jul
206,3773.5443,control_jul
184,3773.8447,control_jul
202,3774.1449,control_jul
180,3774.4453,control_jul
43,3774.7456,control_jul
19,3775.0459,control_jul
78,3775.3462,control_jul
17,3775.6466,control_jul
48,3775.9469,control_jul
57,3776.2472,control_jul
70,3776.5475,control_jul
119,3776.8479,control_jul
154,3777.1482,control_jul
17,3777.4485,control_jul
32,3777.7488,control_jul
3,3778.0492,control_jul
112,3778.3495,control_jul
180,3778.6498,control_jul
184,3778.9502,control_jul
17,3779.2504,control_jul
158,3779.5508,control_jul
19,3779.8511,control_jul
3,3780.1514,control_jul
117,3780.4517,control_jul
28,3780.752,control_jul
197,3781.0524,control_jul
198,3781.3527,control_jul
198,3781.653,control_jul
24,3781.9534,control_jul
130,3782.2537,control_jul
126,3782.554,control_jul
20,3782.8543,control_jul
145,3783.1546,control_jul
47,3783.4549,control_jul
140,3783.7553,control_jul
162,3784.0556,control_jul
138,3784.3559,control_jul
67,3784.6563,control_jul
6,3784.9566,control_jul
72,3785.2569,control_jul
129,3785.5572,control_jul
182,3785.8575,control_jul
209,3786.1579,control_jul
63,3786.4582,control_jul
17,3786.7585,control_jul
78,3787.0589,control_jul
50,3787.3591,control_jul
84,3787.6595,control_jul
42,3787.9598,control_jul
6,3788.2601,control_jul
177,3788.5604,control_jul
20,3788.8608,control_jul
181,3789.1611,control_jul
155,3789.4614,control_jul
193,3789.7617,control_jul
127,3790.062,control_jul
173,3790.3624,control_jul
173,3790.6628,control_jul
200,3790.963,control_jul
172,3791.2633,control_jul
140,3791.5637,control_jul
136,3791.864,control_jul
72,3792.1643,control_jul
31,3792.4646,control_jul
75,3792.765,control_jul
45,3793.0653,control_jul
45,3793.3656,control_jul
15,3793.666,control_jul
134,3793.9662,control_jul
188,3794.2666,control_jul
127,3794.5669,control_jul
134,3794.8672,control_jul
172,3795.1675,control_jul
6,3795.4678,control_jul
6,3795.7681,control_jul
75,3796.0685,control_jul
175,3796.3689,control_jul
152,3796.6692,control_jul
127,3796.9694,control_jul
159,3797.2698,control_jul
199,3797.5701,control_jul
129,3797.8705,control_jul
83,3798.1708,control_jul
194,3798.4711,control_jul
24,3798.7714,control_jul
203,3799.0717,control_jul
198,3799.372,control_jul
165,3799.6724,control_jul
192,3799.9727,control_jul
40,3800.273,control_jul
185,3800.5733,control_jul
22,3800.8737,control_jul
48,3801.174,control_jul
38,3801.4743,control_jul
156,3801.7746,control_jul
156,3802.0749,control_jul
191,3802.3753,control_jul
106,3802.6756,control_jul
179,3802.9759,control_jul
179,3803.2762,control_jul
24,3803.5766,control_jul
24,3803.8769,control_jul
156,3804.1772,control_jul
106,3804.4775,control_jul
44,3804.7778,control_jul
202,3805.0782,control_jul
191,3805.3785,control_jul
188,3805.6788,control_jul
186,3805.9792,control_jul
72,3806.2795,control_jul
72,3806.5798,control_jul
190,3806.8801,control_jul
157,3807.1805,control_jul
79,3807.4808,control_jul
152,3807.7811,control_jul
190,3808.0814,control_jul
199,3808.3818,control_jul
152,3808.6821,control_jul
135,3808.9824,control_jul
31,3809.2827,control_jul
73,3809.583,control_jul
79,3809.8834,control_jul
72,3810.1836,control_jul
150,3810.484,control_jul
36,3810.7843,control_jul
126,3811.0846,control_jul
92,3811.3849,control_jul
38,3811.6852,control_jul
123,3811.9856,control_jul
92,3812.2859,control_jul
137,3812.5863,control_jul
192,3812.8866,control_jul
22,3813.1869,control_jul
22,3813.4872,control_jul
22,3813.7876,control_jul
202,3814.0879,control_jul
36,3814.3882,control_jul
38,3814.6885,control_jul
34,3814.9888,control_jul
114,3815.2891,control_jul
34,3815.5895,control_jul
8,3815.8898,control_jul
61,3816.1901,control_jul
172,3816.4904,control_jul
73,3816.7908,control_jul
208,3817.0911,control_jul
122,3817.3914,control_jul
193,3817.6917,control_jul
181,3817.9921,control_jul
86,3818.2923,control_jul
142,3818.5927,control_jul
151,3818.893,control_jul
151,3819.1933,control_jul
31,3819.4937,control_jul
208,3819.794,control_jul
67,3820.0943,control_jul
151,3820.3946,control_jul
85,3820.6949,control_jul
65,3820.9953,control_jul
78,3821.2956,control_jul
192,3821.5959,control_jul
132,3821.8963,control_jul
14,3822.1966,control_jul
8,3822.4969,control_jul
176,3822.7972,control_jul
38,3823.0975,control_jul
202,3823.3979,control_jul
78,3823.6982,control_jul
114,3823.9985,control_jul
114,3824.2988,control_jul
16,3824.5991,control_jul
8,3824.8994,control_jul
14,3825.1998,control_jul
3,3825.5001,control_jul
117,3825.8004,control_jul
165,3826.1007,control_jul
156,3826.4011,control_jul
28,3826.7013,control_jul
123,3827.0017,control_jul
184,3827.302,control_jul
137,3827.6024,control_jul
87,3827.9027,control_jul
61,3828.203,control_jul
174,3828.5033,control_jul
42,3828.8036,control_jul
13,3829.104,control_jul
70,3829.4043,control_jul
29,3829.7046,control_jul
70,3830.0049,control_jul
70,3830.3053,control_jul
14,3830.6055,control_jul
8,3830.9059,control_jul
61,3831.2062,control_jul
30,3831.5065,control_jul
65,3831.8069,control_jul
206,3832.1072,control_jul
65,3832.4075,control_jul
16,3832.7078,control_jul
176,3833.0082,control_jul
17,3833.3085,control_jul
180,3833.6088,control_jul
184,3833.9091,control_jul
182,3834.2094,control_jul
13,3834.5097,control_jul
159,3834.8101,control_jul
124,3835.1104,control_jul
129,3835.4108,control_jul
63,3835.711,control_jul
85,3836.0114,control_jul
57,3836.3116,control_jul
162,3836.612,control_jul
159,3836.9124,control_jul
157,3837.2127,control_jul
211,3837.513,control_jul
184,3837.8133,control_jul
44,3838.1137,control_jul
35,3838.414,control_jul
36,3838.7143,control_jul
35,3839.0146,control_jul
149,3839.3149,control_jul
71,3839.6152,control_jul
184,3839.9156,control_jul
151,3840.2159,control_jul
138,3840.5163,control_jul
152,3840.8165,control_jul
199,3841.1168,control_jul
22,3841.4172,control_jul
209,3841.7175,control_jul
3,3842.0179,control_jul
70,3842.3181,control_jul
118,3842.6184,control_jul
158,3842.9188,control_jul
19,3843.2191,control_jul
89,3843.5194,control_jul
89,3843.8197,control_jul
75,3844.1201,control_jul
155,3844.4204,control_jul
155,3844.7207,control_jul
155,3845.0211,control_jul
155,3845.3213,control_jul
19,3845.6217,control_jul
182,3845.922,control_jul
189,3846.2223,control_jul
32,3846.5227,control_jul
63,3846.823,control_jul
52,3847.1233,control_jul
75,3847.4236,control_jul
72,3847.724,control_jul
135,3848.0243,control_jul
79,3848.3246,control_jul
63,3848.625,control_jul
65,3848.9252,control_jul
75,3849.2255,control_jul
84,3849.5259,control_jul
84,3849.8262,control_jul
67,3850.1265,control_jul
161,3850.4269,control_jul
1,3850.7272,control_jul
31,3851.0275,control_jul
175,3851.3278,control_jul
75,3851.6281,control_jul
122,3851.9284,control_jul
191,3852.2288,control_jul
76,3852.5292,control_jul
92,3852.8295,control_jul
195,3853.1298,control_jul
165,3853.4301,control_jul
192,3853.7304,control_jul
16,3854.0307,control_jul
29,3854.3311,control_jul
182,3854.6314,control_jul
40,3854.9317,control_jul
164,3855.2321,control_jul
83,3855.5324,control_jul
83,3855.8327,control_jul
92,3856.133,control_jul
191,3856.4333,control_jul
80,3856.7337,control_jul
127,3857.034,control_jul
72,3857.3343,control_jul
127,3857.6346,control_jul
152,3857.9349,control_jul
129,3858.2352,control_jul
22,3858.5356,control_jul
83,3858.8359,control_jul
55,3859.1362,control_jul
65,3859.4365,control_jul
55,3859.7368,control_jul
126,3860.0372,control_jul
49,3860.3375,control_jul
24,3860.6378,control_jul
195,3860.9382,control_jul
180,3861.2385,control_jul
123,3861.5388,control_jul
123,3861.8392,control_jul
22,3862.1395,control_jul
192,3862.4398,control_jul
17,3862.7401,control_jul
78,3863.0404,control_jul
48,3863.3407,control_jul
87,3863.6411,control_jul
176,3863.9414,control_jul
17,3864.2417,control_jul
38,3864.542,control_jul
17,3864.8423,control_jul
192,3865.1427,control_jul
165,3865.443,control_jul
117,3865.7433,control_jul
165,3866.0436,control_jul
163,3866.344,control_jul
173,3866.6443,control_jul
186,3866.9446,control_jul
192,3867.2449,control_jul
185,3867.5452,control_jul
13,3867.8456,control_jul
63,3868.1459,control_jul
205,3868.4462,control_jul
92,3868.7465,control_jul
194,3869.0468,control_jul
195,3869.3472,control_jul
13,3869.6476,control_jul
117,3869.9478,control_jul
17,3870.2482,control_jul
205,3870.5485,control_jul
92,3870.8488,control_jul
92,3871.1491,control_jul
148,3871.4494,control_jul
121,3871.7498,control_jul
1,3872.0501,control_jul
101,3872.3504,control_jul
8,3872.6508,control_jul
93,3872.951,control_jul
143,3873.2514,control_jul
151,3873.5517,control_jul
143,3873.852,control_jul
115,3874.1523,control_jul
31,3874.4527,control_jul
124,3874.753,control_jul
67,3875.0533,control_jul
143,3875.3536,control_jul
143,3875.654,control_jul
145,3875.9543,control_jul
153,3876.2546,control_jul
42,3876.5549,control_jul
47,3876.8553,control_jul
56,3877.1556,control_jul
172,3877.4559,control_jul
17,3877.7562,control_jul
17,3878.0565,control_jul
165,3878.3568,control_jul
65,3878.6572,control_jul
70,3878.9575,control_jul
110,3879.2578,control_jul
176,3879.5581,control_jul
176,3879.8584,control_jul
85,3880.1588,control_jul
61,3880.4591,control_jul
14,3880.7595,control_jul
38,3881.0597,control_jul
83,3881.3601,control_jul
165,3881.6604,control_jul
65,3881.9607,control_jul
52,3882.2611,control_jul
38,3882.5614,control_jul
19,3882.8617,control_jul
70,3883.162,control_jul
14,3883.4624,control_jul
38,3883.7627,control_jul
97,3884.063,control_jul
196,3884.3633,control_jul
197,3884.6636,control_jul
197,3884.9639,control_jul
198,3885.2643,control_jul
130,3885.5646,control_jul
156,3885.8649,control_jul
23,3886.1652,control_jul
177,3886.4656,control_jul
3,3886.7659,control_jul
165,3887.0662,control_jul
55,3887.3665,control_jul
13,3887.6668,control_jul
117,3887.9672,control_jul
58,3888.2675,control_jul
182,3888.5678,control_jul
76,3888.8682,control_jul
191,3889.1685,control_jul
197,3889.4688,control_jul
197,3889.7691,control_jul
25,3890.0694,control_jul
41,3890.3698,control_jul
158,3890.67,control_jul
85,3890.9704,control_jul
87,3891.2707,control_jul
131,3891.571,control_jul
125,3891.8714,control_jul
1,3892.1716,control_jul
6,3892.472,control_jul
85,3892.7723,control_jul
12,3893.0726,control_jul
61,3893.3729,control_jul
88,3893.6733,control_jul
30,3893.9736,control_jul
147,3894.274,control_jul
44,3894.5743,control_jul
123,3894.8746,control_jul
106,3895.1749,control_jul
49,3895.4752,control_jul
179,3895.7756,control_jul
133,3896.0759,control_jul
146,3896.3762,control_jul
32,3896.6765,control_jul
3,3896.9768,control_jul
144,3897.2772,control_jul
185,3897.5775,control_jul
117,3897.8778,control_jul
172,3898.1781,control_jul
47,3898.4785,control_jul
161,3898.7788,control_jul
208,3899.0791,control_jul
75,3899.3794,control_jul
110,3899.6798,control_jul
31,3899.98,control_jul
122,3900.2804,control_jul
142,3900.5807,control_jul
87,3900.881,control_jul
47,3901.1814,control_jul
122,3901.4817,control_jul
64,3901.782,control_jul
181,3902.0823,control_jul
151,3902.3827,control_jul
131,3902.6829,control_jul
176,3902.9833,control_jul
70,3903.2836,control_jul
8,3903.5839,control_jul
30,3903.8843,control_jul
10,3904.1845,control_jul
87,3904.4849,control_jul
65,3904.7852,control_jul
70,3905.0855,control_jul
13,3905.3859,control_jul
57,3905.6862,control_jul
70,3905.9865,control_jul
85,3906.2868,control_jul
30,3906.5871,control_jul
92,3906.8874,control_jul
106,3907.1878,control_jul
184,3907.4881,control_jul
211,3907.7884,control_jul
112,3908.0887,control_jul
202,3908.3891,control_jul
80,3908.6894,control_jul
162,3908.9897,control_jul
157,3909.29,control_jul
136,3909.5904,control_jul
79,3909.8907,control_jul
65,3910.1909,control_jul
19,3910.4914,control_jul
52,3910.7916,control_jul
156,3911.092,control_jul
156,3911.3923,control_jul
179,3911.6926,control_jul
191,3911.9929,control_jul
173,3912.2933,control_jul
97,3912.5936,control_jul
206,3912.8939,control_jul
22,3913.1943,control_jul
37,3913.4945,control_jul
94,3913.7948,control_jul
158,3914.0952,control_jul
209,3914.3955,control_jul
32,3914.6958,control_jul
98,3914.9961,control_jul
53,3915.2964,control_jul
158,3915.5968,control_jul
57,3915.8971,control_jul
144,3916.1974,control_jul
179,3916.4978,control_jul
97,3916.7981,control_jul
23,3917.0984,control_jul
23,3917.3987,control_jul
185,3917.699,control_jul
180,3917.9994,control_jul
118,3918.2997,control_jul
36,3918.6,control_jul
55,3918.9003,control_jul
78,3919.2007,control_jul
17,3919.501,control_jul
38,3919.8013,control_jul
123,3920.1016,control_jul
76,3920.4019,control_jul
123,3920.7023,control_jul
184,3921.0026,control_jul
44,3921.3029,control_jul
60,3921.6033,control_jul
17,3921.9036,control_jul
65,3922.2039,control_jul
118,3922.5042,control_jul
29,3922.8045,control_jul
70,3923.1049,control_jul
208,3923.4052,control_jul
161,3923.7055,control_jul
73,3924.0059,control_jul
175,3924.3061,control_jul
161,3924.6064,control_jul
87,3924.9068,control_jul
158,3925.2071,control_jul
12,3925.5074,control_jul
30,3925.8077,control_jul
16,3926.108,control_jul
3,3926.4084,control_jul
55,3926.7087,control_jul
123,3927.009,control_jul
150,3927.3094,control_jul
190,3927.6097,control_jul
136,3927.91,control_jul
46,3928.2103,control_jul
126,3928.5107,control_jul
209,3928.811,control_jul
65,3929.1113,control_jul
58,3929.4116,control_jul
32,3929.712,control_jul
125,3930.0124,control_jul
74,3930.3126,control_jul
43,3930.6129,control_jul
53,3930.9132,control_jul
10,3931.2136,control_jul
67,3931.5139,control_jul
155,3931.8142,control_jul
1,3932.1145,control_jul
125,3932.4149,control_jul
161,3932.7152,control_jul
73,3933.0155,control_jul
75,3933.3158,control_jul
89,3933.6162,control_jul
136,3933.9165,control_jul
135,3934.2168,control_jul
129,3934.5171,control_jul
13,3934.8174,control_jul
13,3935.1178,control_jul
63,3935.4181,control_jul
13,3935.7185,control_jul
184,3936.0188,control_jul
38,3936.319,control_jul
202,3936.6194,control_jul
197,3936.9197,control_jul
198,3937.22,control_jul
24,3937.5204,control_jul
198,3937.8206,control_jul
24,3938.121,control_jul
198,3938.4213,control_jul
34,3938.7216,control_jul
198,3939.022,control_jul
160,3939.3223,control_jul
160,3939.6226,control_jul
114,3939.9229,control_jul
130,3940.2233,control_jul
160,3940.5236,control_jul
126,3940.8239,control_jul
184,3941.1242,control_jul
180,3941.4246,control_jul
65,3941.7249,control_jul
3,3942.0252,control_jul
204,3942.3256,control_jul
91,3942.6259,control_jul
94,3942.9262,control_jul
17,3943.2266,control_jul
55,3943.5268,control_jul
185,3943.8272,control_jul
165,3944.1275,control_jul
22,3944.4278,control_jul
76,3944.7282,control_jul
164,3945.0285,control_jul
164,3945.3288,control_jul
194,3945.6291,control_jul
144,3945.9294,control_jul
196,3946.2298,control_jul
19,3946.5301,control_jul
29,3946.8304,control_jul
10,3947.1308,control_jul
78,3947.4311,control_jul
206,3947.7314,control_jul
184,3948.0317,control_jul
182,3948.332,control_jul
117,3948.6324,control_jul
65,3948.9327,control_jul
78,3949.2331,control_jul
78,3949.5333,control_jul
36,3949.8337,control_jul
97,3950.134,control_jul
133,3950.4343,control_jul
58,3950.7347,control_jul
58,3951.035,control_jul
32,3951.3352,control_jul
175,3951.6356,control_jul
161,3951.9359,control_jul
65,3952.2362,control_jul
38,3952.5366,control_jul
70,3952.8369,control_jul
87,3953.1372,control_jul
182,3953.4376,control_jul
184,3953.7379,control_jul
78,3954.0383,control_jul
182,3954.3385,control_jul
12,3954.6389,control_jul
176,3954.9392,control_jul
16,3955.2395,control_jul
101,3955.5398,control_jul
87,3955.8402,control_jul
155,3956.1404,control_jul
53,3956.4408,control_jul
53,3956.7411,control_jul
132,3957.0415,control_jul
92,3957.3418,control_jul
126,3957.6421,control_jul
48,3957.9424,control_jul
92,3958.2427,control_jul
149,3958.543,control_jul
175,3958.8434,control_jul
31,3959.1437,control_jul
47,3959.4441,control_jul
73,3959.7444,control_jul
73,3960.0447,control_jul
159,3960.3451,control_jul
135,3960.6454,control_jul
116,3960.9457,control_jul
136,3961.246,control_jul
164,3961.5463,control_jul
97,3961.8467,control_jul
76,3962.147,control_jul
92,3962.4473,control_jul
185,3962.7476,control_jul
185,3963.048,control_jul
144,3963.3483,control_jul
76,3963.6486,control_jul
184,3963.949,control_jul
36,3964.2492,control_jul
78,3964.5496,control_jul
48,3964.8499,control_jul
117,3965.1503,control_jul
206,3965.4506,control_jul
192,3965.7508,control_jul
92,3966.0512,control_jul
205,3966.3516,control_jul
78,3966.6518,control_jul
38,3966.9522,control_jul
70,3967.2525,control_jul
44,3967.5528,control_jul
78,3967.8532,control_jul
65,3968.1535,control_jul
65,3968.4538,control_jul
38,3968.7541,control_jul
70,3969.0545,control_jul
38,3969.3548,control_jul
13,3969.6551,control_jul
209,3969.9555,control_jul
136,3970.2558,control_jul
190,3970.556,control_jul
124,3970.8564,control_jul
175,3971.1567,control_jul
73,3971.4571,control_jul
79,3971.7574,control_jul
73,3972.0577,control_jul
73,3972.358,control_jul
161,3972.6583,control_jul
149,3972.9587,control_jul
164,3973.259,control_jul
133,3973.5593,control_jul
144,3973.8597,control_jul
144,3974.16,control_jul
133,3974.4604,control_jul
24,3974.7606,control_jul
24,3975.0609,control_jul
156,3975.3613,control_jul
106,3975.6616,control_jul
179,3975.962,control_jul
24,3976.2623,control_jul
183,3976.5625,control_jul
14,3976.8629,control_jul
32,3977.1632,control_jul
129,3977.4636,control_jul
127,3977.7639,control_jul
29,3978.0642,control_jul
182,3978.3645,control_jul
65,3978.6649,control_jul
3,3978.9652,control_jul
48,3979.2655,control_jul
98,3979.5658,control_jul
155,3979.8661,control_jul
4,3980.1665,control_jul
173,3980.4668,control_jul
80,3980.7671,control_jul
152,3981.0674,control_jul
136,3981.3678,control_jul
152,3981.6681,control_jul
152,3981.9684,control_jul
199,3982.2687,control_jul
47,3982.5691,control_jul
84,3982.8694,control_jul
115,3983.1697,control_jul
64,3983.47,control_jul
79,3983.7704,control_jul
70,3984.0707,control_jul
87,3984.371,control_jul
139,3984.6713,control_jul
172,3984.9716,control_jul
19,3985.272,control_jul
87,3985.5723,control_jul
16,3985.8726,control_jul
42,3986.173,control_jul
115,3986.4733,control_jul
181,3986.7736,control_jul
4,3987.0739,control_jul
172,3987.3742,control_jul
181,3987.6746,control_jul
61,3987.9749,control_jul
74,3988.2752,control_jul
16,3988.5755,control_jul
88,3988.8759,control_jul
143,3989.1762,control_jul
115,3989.4765,control_jul
174,3989.7769,control_jul
141,3990.0772,control_jul
174,3990.3775,control_jul
141,3990.6779,control_jul
168,3990.9781,control_jul
93,3991.2785,control_jul
16,3991.5788,control_jul
209,3991.8791,control_jul
158,3992.1794,control_jul
161,3992.4797,control_jul
31,3992.7801,control_jul
115,3993.0804,control_jul
143,3993.3807,control_jul
115,3993.6811,control_jul
8,3993.9814,control_jul
30,3994.2845,control_jul
88,3994.582,control_jul
50,3994.8823,control_jul
67,3995.1827,control_jul
33,3995.483,control_jul
152,3995.7834,control_jul
188,3996.0836,control_jul
76,3996.3839,control_jul
17,3996.6843,control_jul
65,3996.9846,control_jul
32,3997.2849,control_jul
3,3997.5852,control_jul
3,3997.8855,control_jul
87,3998.1859,control_jul
70,3998.4862,control_jul
64,3998.7866,control_jul
125,3999.0869,control_jul
31,3999.3872,control_jul
31,3999.6875,control_jul
3,3999.9878,control_jul
182,4000.2881,control_jul
32,4000.5885,control_jul
47,4000.8888,control_jul
31,4001.1892,control_jul
47,4001.4895,control_jul
172,4001.7898,control_jul
129,4002.0901,control_jul
126,4002.3904,control_jul
124,4002.6908,control_jul
73,4002.9911,control_jul
149,4003.2914,control_jul
65,4003.5917,control_jul
206,4003.892,control_jul
164,4004.1924,control_jul
144,4004.4927,control_jul
144,4004.793,control_jul
194,4005.0933,control_jul
191,4005.3937,control_jul
57,4005.694,control_jul
177,4005.9943,control_jul
17,4006.2947,control_jul
126,4006.595,control_jul
164,4006.8953,control_jul
196,4007.1956,control_jul
186,4007.496,control_jul
152,4007.7963,control_jul
154,4008.0966,control_jul
184,4008.3969,control_jul
17,4008.6972,control_jul
63,4008.9975,control_jul
133,4009.2979,control_jul
97,4009.5982,control_jul
69,4009.8985,control_jul
50,4010.1988,control_jul
143,4010.4992,control_jul
84,4010.7995,control_jul
30,4011.0998,control_jul
101,4011.4001,control_jul
143,4011.7004,control_jul
31,4012.0007,control_jul
47,4012.3011,control_jul
4,4012.6014,control_jul
77,4012.9017,control_jul
143,4013.202,control_jul
87,4013.5024,control_jul
149,4013.8027,control_jul
56,4014.103,control_jul
159,4014.4034,control_jul
4,4014.7037,control_jul
174,4015.004,control_jul
171,4015.3043,control_jul
134,4015.6047,control_jul
186,4015.905,control_jul
120,4016.2053,control_jul
176,4016.5056,control_jul
88,4016.806,control_jul
77,4017.1063,control_jul
84,4017.4066,control_jul
6,4017.7069,control_jul
190,4018.0073,control_jul
199,4018.3076,control_jul
57,4018.6079,control_jul
194,4018.9082,control_jul
164,4019.2085,control_jul
97,4019.5089,control_jul
191,4019.8092,control_jul
196,4020.1095,control_jul
194,4020.4099,control_jul
160,4020.7102,control_jul
144,4021.0105,control_jul
69,4021.3108,control_jul
60,4021.6112,control_jul
60,4021.9115,control_jul
181,4022.2118,control_jul
127,4022.5121,control_jul
92,4022.8124,control_jul
92,4023.1128,control_jul
44,4023.4131,control_jul
209,4023.7134,control_jul
17,4024.0137,control_jul
35,4024.314,control_jul
44,4024.6143,control_jul
76,4024.9147,control_jul
137,4025.215,control_jul
65,4025.5154,control_jul
78,4025.8156,control_jul
3,4026.116,control_jul
65,4026.4163,control_jul
48,4026.7166,control_jul
79,4027.017,control_jul
73,4027.3173,control_jul
31,4027.6176,control_jul
175,4027.9179,control_jul
127,4028.2182,control_jul
163,4028.5186,control_jul
190,4028.8189,control_jul
78,4029.1192,control_jul
70,4029.4195,control_jul
54,4029.7199,control_jul
174,4030.0202,control_jul
153,4030.3205,control_jul
174,4030.6208,control_jul
153,4030.9212,control_jul
141,4031.2215,control_jul
84,4031.5218,control_jul
79,4031.8221,control_jul
135,4032.1225,control_jul
138,4032.4228,control_jul
135,4032.7231,control_jul
152,4033.0234,control_jul
163,4033.3237,control_jul
135,4033.6241,control_jul
151,4033.9244,control_jul
16,4034.2247,control_jul
14,4034.525,control_jul
88,4034.8253,control_jul
168,4035.1257,control_jul
88,4035.426,control_jul
88,4035.7263,control_jul
153,4036.0267,control_jul
153,4036.327,control_jul
174,4036.6273,control_jul
174,4036.9276,control_jul
3,4037.228,control_jul
182,4037.5282,control_jul
35,4037.8286,control_jul
177,4038.1289,control_jul
70,4038.4292,control_jul
29,4038.7295,control_jul
58,4039.0299,control_jul
13,4039.3302,control_jul
158,4039.6305,control_jul
155,4039.9309,control_jul
155,4040.2312,control_jul
19,4040.5315,control_jul
209,4040.8318,control_jul
58,4041.1321,control_jul
13,4041.4325,control_jul
58,4041.7328,control_jul
58,4042.0332,control_jul
39,4042.3334,control_jul
13,4042.6338,control_jul
39,4042.9341,control_jul
39,4043.2344,control_jul
113,4043.5347,control_jul
209,4043.8351,control_jul
209,4044.1353,control_jul
113,4044.4357,control_jul
39,4044.7361,control_jul
113,4045.0364,control_jul
39,4045.3367,control_jul
209,4045.637,control_jul
19,4045.9374,control_jul
19,4046.2376,control_jul
19,4046.538,control_jul
17,4046.8383,control_jul
117,4047.1386,control_jul
98,4047.4389,control_jul
53,4047.7393,control_jul
53,4048.0396,control_jul
98,4048.3399,control_jul
118,4048.6402,control_jul
35,4048.9405,control_jul
185,4049.2409,control_jul
17,4049.5412,control_jul
184,4049.8416,control_jul
149,4050.1419,control_jul
55,4050.4422,control_jul
206,4050.7425,control_jul
179,4051.0428,control_jul
76,4051.3432,control_jul
196,4051.6435,control_jul
144,4051.9438,control_jul
179,4052.2441,control_jul
133,4052.5444,control_jul
133,4052.8448,control_jul
160,4053.1451,control_jul
28,4053.4454,control_jul
133,4053.7457,control_jul
63,4054.0461,control_jul
20,4054.3464,control_jul
142,4054.6467,control_jul
7,4054.947,control_jul
4,4055.2473,control_jul
169,4055.5477,control_jul
141,4055.848,control_jul
88,4056.1484,control_jul
16,4056.4486,control_jul
55,4056.749,control_jul
36,4057.0493,control_jul
63,4057.3496,control_jul
63,4057.65,control_jul
76,4057.9503,control_jul
44,4058.2506,control_jul
60,4058.5509,control_jul
140,4058.8513,control_jul
157,4059.1516,control_jul
200,4059.4519,control_jul
120,4059.7522,control_jul
65,4060.0526,control_jul
28,4060.3529,control_jul
23,4060.6532,control_jul
114,4060.9535,control_jul
48,4061.2538,control_jul
19,4061.5542,control_jul
83,4061.8545,control_jul
49,4062.1548,control_jul
126,4062.4551,control_jul
36,4062.7555,control_jul
205,4063.0558,control_jul
92,4063.3561,control_jul
191,4063.6565,control_jul
76,4063.9568,control_jul
35,4064.2571,control_jul
92,4064.5574,control_jul
179,4064.8578,control_jul
179,4065.158,control_jul
32,4065.4584,control_jul
63,4065.7587,control_jul
36,4066.059,control_jul
136,4066.3594,control_jul
72,4066.6597,control_jul
127,4066.96,control_jul
56,4067.2604,control_jul
208,4067.5607,control_jul
151,4067.861,control_jul
50,4068.1613,control_jul
87,4068.4616,control_jul
121,4068.762,control_jul
176,4069.0623,control_jul
10,4069.3626,control_jul
3,4069.6629,control_jul
209,4069.9633,control_jul
65,4070.2636,control_jul
87,4070.5639,control_jul
14,4070.8643,control_jul
58,4071.1646,control_jul
70,4071.4649,control_jul
70,4071.7652,control_jul
71,4072.0656,control_jul
181,4072.3658,control_jul
158,4072.6662,control_jul
3,4072.9665,control_jul
117,4073.2669,control_jul
78,4073.5672,control_jul
38,4073.8675,control_jul
158,4074.1678,control_jul
16,4074.4681,control_jul
12,4074.7685,control_jul
65,4075.0688,control_jul
184,4075.3691,control_jul
20,4075.6695,control_jul
110,4075.9698,control_jul
67,4076.2701,control_jul
33,4076.5704,control_jul
85,4076.8708,control_jul
8,4077.1711,control_jul
176,4077.4714,control_jul
32,4077.7717,control_jul
123,4078.072,control_jul
133,4078.3724,control_jul
205,4078.6727,control_jul
175,4078.9731,control_jul
118,4079.2733,control_jul
8,4079.5737,control_jul
14,4079.874,control_jul
203,4080.1743,control_jul
198,4080.4746,control_jul
205,4080.7749,control_jul
106,4081.0753,control_jul
3,4081.3756,control_jul
49,4081.6759,control_jul
186,4081.9763,control_jul
163,4082.2766,control_jul
79,4082.577,control_jul
47,4082.8772,control_jul
151,4083.1776,control_jul
64,4083.4779,control_jul
181,4083.7782,control_jul
50,4084.0785,control_jul
209,4084.3789,control_jul
180,4084.6792,control_jul
117,4084.9795,control_jul
17,4085.2799,control_jul
44,4085.5802,control_jul
24,4085.8805,control_jul
41,4086.1808,control_jul
36,4086.4812,control_jul
206,4086.7814,control_jul
117,4087.0818,control_jul
13,4087.3821,control_jul
158,4087.6824,control_jul
29,4087.9828,control_jul
205,4088.2831,control_jul
36,4088.5834,control_jul
208,4088.8837,control_jul
67,4089.1841,control_jul
161,4089.4844,control_jul
52,4089.7848,control_jul
55,4090.0851,control_jul
184,4090.3853,control_jul
106,4090.6857,control_jul
76,4090.986,control_jul
144,4091.2863,control_jul
76,4091.5866,control_jul
34,4091.887,control_jul
156,4092.1873,control_jul
28,4092.4876,control_jul
205,4092.788,control_jul
205,4093.0883,control_jul
22,4093.3886,control_jul
117,4093.689,control_jul
63,4093.9893,control_jul
44,4094.2896,control_jul
92,4094.5899,control_jul
17,4094.8902,control_jul
202,4095.1906,control_jul
97,4095.4909,control_jul
83,4095.7912,control_jul
118,4096.0915,control_jul
37,4096.3918,control_jul
156,4096.6922,control_jul
198,4096.9925,control_jul
198,4097.2928,control_jul
24,4097.5932,control_jul
24,4097.8935,control_jul
28,4098.1938,control_jul
32,4098.4941,control_jul
33,4098.7945,control_jul
152,4099.0948,control_jul
135,4099.3952,control_jul
207,4099.6955,control_jul
120,4099.9957,control_jul
20,4100.2961,control_jul
30,4100.5964,control_jul
48,4100.8967,control_jul
203,4101.1971,control_jul
156,4101.4973,control_jul
41,4101.7977,control_jul
158,4102.098,control_jul
89,4102.3983,control_jul
31,4102.6987,control_jul
79,4102.999,control_jul
190,4103.2993,control_jul
72,4103.5996,control_jul
125,4103.9,control_jul
193,4104.2003,control_jul
46,4104.5006,control_jul
144,4105.1012,control_jul
85,4105.4016,control_jul
10,4105.7019,control_jul
8,4106.0023,control_jul
176,4106.3026,control_jul
65,4106.6029,control_jul
3,4106.9032,control_jul
110,4107.2036,control_jul
77,4107.5039,control_jul
79,4107.8042,control_jul
64,4108.1045,control_jul
110,4108.4048,control_jul
193,4108.7052,control_jul
131,4109.0055,control_jul
176,4109.3058,control_jul
36,4109.6061,control_jul
36,4109.9065,control_jul
196,4110.2068,control_jul
133,4110.5071,control_jul
97,4110.8074,control_jul
22,4111.1077,control_jul
195,4111.4081,control_jul
117,4111.7084,control_jul
211,4112.0088,control_jul
136,4112.3091,control_jul
31,4112.6094,control_jul
110,4112.9097,control_jul
122,4113.21,control_jul
162,4113.5104,control_jul
18,4113.8107,control_jul
18,4114.111,control_jul
116,4114.4114,control_jul
109,4114.7116,control_jul
111,4115.012,control_jul
53,4115.3123,control_jul
110,4115.6126,control_jul
139,4115.913,control_jul
194,4116.2133,control_jul
196,4116.5136,control_jul
198,4116.814,control_jul
28,4117.1142,control_jul
194,4117.4146,control_jul
78,4117.7149,control_jul
137,4118.0152,control_jul
131,4118.3156,control_jul
81,4118.6159,control_jul
182,4118.9162,control_jul
93,4119.2165,control_jul
177,4119.5168,control_jul
63,4119.8172,control_jul
188,4120.1175,control_jul
136,4120.4178,control_jul
138,4120.7182,control_jul
113,4121.0185,control_jul
78,4121.3188,control_jul
14,4121.6191,control_jul
16,4121.9195,control_jul
209,4122.2198,control_jul
209,4122.5201,control_jul
16,4122.8204,control_jul
176,4123.1207,control_jul
32,4123.4211,control_jul
17,4123.7214,control_jul
58,4124.0217,control_jul
90,4124.322,control_jul
90,4124.6223,control_jul
113,4124.9227,control_jul
113,4125.223,control_jul
113,4125.5233,control_jul
90,4125.8236,control_jul
98,4126.124,control_jul
203,4126.4243,control_jul
91,4126.7246,control_jul
114,4127.0249,control_jul
57,4127.3253,control_jul
125,4127.6256,control_jul
199,4127.9259,control_jul
173,4128.2263,control_jul
33,4128.5266,control_jul
33,4128.8269,control_jul
139,4129.1272,control_jul
155,4129.4275,control_jul
15,4129.7279,control_jul
155,4130.0282,control_jul
157,4130.3285,control_jul
150,4130.6289,control_jul
152,4130.9292,control_jul
116,4131.2294,control_jul
62,4131.5298,control_jul
186,4131.8302,control_jul
140,4132.1305,control_jul
190,4132.4308,control_jul
80,4132.7311,control_jul
200,4133.0315,control_jul
173,4133.3317,control_jul
207,4133.6321,control_jul
172,4133.9324,control_jul
190,4134.2328,control_jul
162,4134.5331,control_jul
188,4134.8334,control_jul
200,4135.1337,control_jul
173,4135.4341,control_jul
136,4135.7344,control_jul
178,4136.0347,control_jul
159,4136.335,control_jul
124,4136.6353,control_jul
124,4136.9357,control_jul
199,4137.236,control_jul
127,4137.5363,control_jul
149,4137.8366,control_jul
17,4138.137,control_jul
87,4138.4373,control_jul
14,4138.7376,control_jul
206,4139.0379,control_jul
13,4139.3383,control_jul
113,4139.6386,control_jul
13,4139.9389,control_jul
32,4140.2392,control_jul
123,4140.5395,control_jul
40,4140.8399,control_jul
60,4141.1402,control_jul
63,4141.4405,control_jul
58,4141.7408,control_jul
156,4142.0412,control_jul
130,4142.3415,control_jul
177,4142.6419,control_jul
164,4142.9421,control_jul
123,4143.2424,control_jul
202,4143.5428,control_jul
196,4143.8431,control_jul
196,4144.1434,control_jul
63,4144.4437,control_jul
192,4144.7441,control_jul
180,4145.0444,control_jul
192,4145.3447,control_jul
78,4145.645,control_jul
70,4145.9454,control_jul
29,4146.2457,control_jul
185,4146.546,control_jul
137,4146.8463,control_jul
119,4147.1467,control_jul
7,4147.447,control_jul
189,4147.7473,control_jul
52,4148.0476,control_jul
146,4148.348,control_jul
35,4148.6483,control_jul
202,4148.9486,control_jul
60,4149.249,control_jul
117,4149.5492,control_jul
206,4149.8496,control_jul
194,4150.1499,control_jul
24,4150.4502,control_jul
183,4150.7506,control_jul
117,4151.0509,control_jul
28,4151.3512,control_jul
156,4151.6515,control_jul
160,4151.9519,control_jul
160,4152.2522,control_jul
191,4152.5525,control_jul
207,4152.8528,control_jul
18,4153.1532,control_jul
18,4153.4534,control_jul
172,4153.7538,control_jul
70,4154.0541,control_jul
184,4154.3545,control_jul
47,4154.6548,control_jul
72,4154.9551,control_jul
138,4155.2555,control_jul
75,4155.5558,control_jul
142,4155.8561,control_jul
143,4156.1564,control_jul
145,4156.4567,control_jul
73,4156.757,control_jul
1,4157.0574,control_jul
143,4157.3577,control_jul
151,4157.658,control_jul
125,4157.9583,control_jul
125,4158.2587,control_jul
77,4158.559,control_jul
75,4158.8594,control_jul
75,4159.1596,control_jul
75,4159.4599,control_jul
7,4159.7603,control_jul
72,4160.0606,control_jul
172,4160.3609,control_jul
158,4160.6613,control_jul
8,4160.9616,control_jul
61,4161.2619,control_jul
10,4161.5622,control_jul
93,4161.8626,control_jul
30,4162.1629,control_jul
142,4162.4632,control_jul
31,4162.7635,control_jul
170,4163.0639,control_jul
157,4163.3642,control_jul
208,4163.6645,control_jul
84,4163.9648,control_jul
143,4164.2652,control_jul
153,4164.5655,control_jul
115,4164.8658,control_jul
84,4165.1661,control_jul
153,4165.4664,control_jul
141,4165.7668,control_jul
174,4166.0671,control_jul
141,4166.3674,control_jul
174,4166.6677,control_jul
175,4166.968,control_jul
163,4167.2684,control_jul
89,4167.5687,control_jul
1,4167.869,control_jul
174,4168.1694,control_jul
141,4168.4697,control_jul
153,4168.77,control_jul
143,4169.0703,control_jul
149,4169.3706,control_jul
92,4169.671,control_jul
55,4169.9713,control_jul
194,4170.2716,control_jul
185,4170.572,control_jul
185,4170.8723,control_jul
55,4171.1726,control_jul
202,4171.473,control_jul
123,4171.7732,control_jul
144,4172.0735,control_jul
36,4172.3739,control_jul
206,4172.6742,control_jul
206,4172.9746,control_jul
209,4173.2749,control_jul
35,4173.5752,control_jul
198,4173.8756,control_jul
194,4174.1758,control_jul
35,4174.4762,control_jul
135,4174.7765,control_jul
172,4175.0768,control_jul
110,4175.3772,control_jul
142,4175.6775,control_jul
161,4175.9778,control_jul
31,4176.2781,control_jul
181,4176.5785,control_jul
143,4176.8788,control_jul
143,4177.1791,control_jul
115,4177.4794,control_jul
1,4177.7798,control_jul
73,4178.0801,control_jul
1,4178.3804,control_jul
15,4178.6807,control_jul
15,4178.9811,control_jul
15,4179.2814,control_jul
187,4179.5817,control_jul
64,4179.882,control_jul
172,4180.1823,control_jul
85,4180.4827,control_jul
182,4180.7829,control_jul
56,4181.0834,control_jul
181,4181.3837,control_jul
5,4181.6839,control_jul
193,4181.9843,control_jul
143,4182.2846,control_jul
67,4182.5849,control_jul
122,4182.8853,control_jul
175,4183.1855,control_jul
38,4183.4859,control_jul
112,4183.7862,control_jul
55,4184.0866,control_jul
36,4184.3868,control_jul
85,4184.6872,control_jul
14,4184.9876,control_jul
14,4185.2878,control_jul
209,4185.5881,control_jul
3,4185.8884,control_jul
184,4186.1888,control_jul
211,4186.4892,control_jul
190,4186.7895,control_jul
1,4187.0898,control_jul
152,4187.3901,control_jul
136,4187.6904,control_jul
161,4187.9907,control_jul
125,4188.291,control_jul
140,4188.5914,control_jul
173,4188.8917,control_jul
206,4189.1921,control_jul
179,4189.4924,control_jul
196,4189.7927,control_jul
144,4190.093,control_jul
76,4190.3933,control_jul
65,4190.6937,control_jul
192,4190.994,control_jul
146,4191.2943,control_jul
46,4191.5946,control_jul
136,4191.8949,control_jul
150,4192.1953,control_jul
55,4192.4956,control_jul
196,4192.7959,control_jul
40,4193.0963,control_jul
24,4193.3965,control_jul
106,4193.6969,control_jul
148,4193.9972,control_jul
73,4194.2975,control_jul
85,4194.5979,control_jul
158,4194.8982,control_jul
17,4195.1985,control_jul
117,4195.4988,control_jul
131,4195.7991,control_jul
50,4196.0995,control_jul
142,4196.3998,control_jul
75,4196.7001,control_jul
145,4197.0004,control_jul
33,4197.3008,control_jul
38,4197.6011,control_jul
165,4197.9014,control_jul
58,4198.2017,control_jul
70,4198.502,control_jul
158,4198.8024,control_jul
74,4199.1027,control_jul
30,4199.403,control_jul
148,4199.7034,control_jul
78,4200.0037,control_jul
32,4200.304,control_jul
17,4200.6043,control_jul
17,4200.9047,control_jul
65,4201.205,control_jul
65,4201.5052,control_jul
46,4201.8056,control_jul
162,4202.106,control_jul
173,4202.4062,control_jul
194,4202.7065,control_jul
186,4203.0069,control_jul
157,4203.3128,control_jul
161,4203.6075,control_jul
89,4203.9079,control_jul
10,4204.2082,control_jul
123,4204.5085,control_jul
76,4204.8088,control_jul
130,4205.1092,control_jul
37,4205.4095,control_jul
69,4205.7098,control_jul
36,4206.0101,control_jul
198,4206.3105,control_jul
37,4206.6108,control_jul
24,4206.9111,control_jul
197,4207.2114,control_jul
198,4207.5117,control_jul
203,4207.8121,control_jul
183,4208.1124,control_jul
48,4208.4127,control_jul
182,4208.7131,control_jul
92,4209.0134,control_jul
44,4209.3137,control_jul
164,4209.614,control_jul
117,4209.9143,control_jul
198,4210.2184,control_jul
194,4210.5149,control_jul
144,4210.8153,control_jul
177,4211.1156,control_jul
117,4211.4159,control_jul
44,4211.7162,control_jul
205,4212.0166,control_jul
188,4212.3169,control_jul
127,4212.6172,control_jul
44,4212.9175,control_jul
14,4213.2179,control_jul
65,4213.5182,control_jul
205,4213.8185,control_jul
49,4214.1189,control_jul
40,4214.4192,control_jul
173,4214.7195,control_jul
199,4215.0198,control_jul
208,4215.3202,control_jul
188,4215.6205,control_jul
76,4215.9207,control_jul
197,4216.2211,control_jul
160,4216.5214,control_jul
137,4216.8218,control_jul
70,4217.122,control_jul
17,4217.4224,control_jul
158,4217.7227,control_jul
32,4218.0231,control_jul
131,4218.3234,control_jul
13,4218.6237,control_jul
208,4218.924,control_jul
33,4219.2244,control_jul
12,4219.5246,control_jul
182,4219.825,control_jul
131,4220.1253,control_jul
145,4220.4256,control_jul
6,4220.726,control_jul
6,4221.0263,control_jul
143,4221.3266,control_jul
153,4221.6269,control_jul
51,4221.9273,control_jul
153,4222.2276,control_jul
153,4222.5279,control_jul
61,4222.8282,control_jul
19,4223.1285,control_jul
58,4223.4288,control_jul
48,4223.7292,control_jul
78,4224.0295,control_jul
131,4224.3299,control_jul
1,4224.6301,control_jul
138,4224.9305,control_jul
171,4225.2308,control_jul
172,4225.5311,control_jul
1,4225.8315,control_jul
139,4226.1318,control_jul
62,4226.4321,control_jul
116,4226.7324,control_jul
62,4227.0328,control_jul
161,4227.3331,control_jul
190,4227.6334,control_jul
161,4227.9337,control_jul
125,4228.234,control_jul
209,4228.5344,control_jul
165,4228.8347,control_jul
211,4229.135,control_jul
92,4229.4354,control_jul
184,4229.7357,control_jul
47,4230.0359,control_jul
75,4230.3363,control_jul
31,4230.6366,control_jul
182,4230.9369,control_jul
92,4231.2373,control_jul
127,4231.5376,control_jul
6,4231.8379,control_jul
125,4232.1382,control_jul
79,4232.4385,control_jul
152,4232.7389,control_jul
162,4233.3396,control_jul
188,4233.6398,control_jul
140,4233.9402,control_jul
89,4234.2405,control_jul
73,4234.5408,control_jul
162,4234.8412,control_jul
194,4235.1415,control_jul
192,4235.4418,control_jul
123,4235.7421,control_jul
197,4236.0424,control_jul
160,4236.3428,control_jul
185,4236.6431,control_jul
198,4236.9434,control_jul
160,4237.2437,control_jul
197,4237.544,control_jul
160,4237.8444,control_jul
24,4238.1447,control_jul
156,4238.445,control_jul
114,4238.7453,control_jul
130,4239.0457,control_jul
160,4239.346,control_jul
160,4239.6463,control_jul
76,4239.9466,control_jul
60,4240.247,control_jul
184,4240.5473,control_jul
184,4240.8476,control_jul
63,4241.148,control_jul
182,4241.4483,control_jul
22,4241.7486,control_jul
184,4242.0489,control_jul
164,4242.3492,control_jul
28,4242.6496,control_jul
37,4242.9499,control_jul
37,4243.2502,control_jul
198,4243.5505,control_jul
24,4243.8509,control_jul
198,4244.1512,control_jul
183,4244.4515,control_jul
14,4244.7518,control_jul
10,4245.0522,control_jul
131,4245.3525,control_jul
98,4245.6528,control_jul
165,4245.9531,control_jul
160,4246.2534,control_jul
160,4246.5538,control_jul
24,4246.8541,control_jul
24,4247.1544,control_jul
197,4247.4548,control_jul
184,4247.7551,control_jul
140,4248.0554,control_jul
31,4248.3557,control_jul
162,4248.656,control_jul
173,4248.9564,control_jul
122,4249.2567,control_jul
75,4249.557,control_jul
80,4250.1576,control_jul
123,4250.458,control_jul
206,4250.7583,control_jul
46,4251.0586,control_jul
127,4251.359,control_jul
72,4251.6593,control_jul
199,4251.9596,control_jul
136,4252.2599,control_jul
172,4252.5602,control_jul
1,4252.8606,control_jul
19,4253.1609,control_jul
92,4253.4612,control_jul
24,4253.7615,control_jul
24,4254.0619,control_jul
24,4254.3622,control_jul
197,4254.6625,control_jul
156,4254.9628,control_jul
196,4255.2632,control_jul
144,4255.5635,control_jul
200,4255.8638,control_jul
146,4256.1641,control_jul
7,4256.4645,control_jul
136,4256.7648,control_jul
80,4257.0651,control_jul
92,4257.3654,control_jul
186,4257.6658,control_jul
71,4257.9661,control_jul
148,4258.2664,control_jul
13,4258.5667,control_jul
36,4258.8671,control_jul
205,4259.1674,control_jul
126,4259.4677,control_jul
164,4259.7681,control_jul
49,4260.0684,control_jul
179,4260.3687,control_jul
179,4260.669,control_jul
194,4260.9693,control_jul
133,4261.2696,control_jul
144,4261.57,control_jul
179,4261.8703,control_jul
186,4262.1707,control_jul
186,4262.4709,control_jul
186,4262.7713,control_jul
80,4263.0716,control_jul
80,4263.3719,control_jul
194,4263.6723,control_jul
144,4263.9725,control_jul
179,4264.2729,control_jul
179,4264.5732,control_jul
186,4264.8735,control_jul
200,4265.1739,control_jul
173,4265.4742,control_jul
173,4265.7746,control_jul
171,4266.0749,control_jul
79,4266.3752,control_jul
83,4266.6755,control_jul
76,4266.9758,control_jul
196,4267.2762,control_jul
196,4267.5765,control_jul
186,4267.8768,control_jul
186,4268.1771,control_jul
200,4268.4774,control_jul
186,4268.7778,control_jul
200,4269.0781,control_jul
64,4269.3784,control_jul
1,4269.6787,control_jul
124,4269.9791,control_jul
199,4270.2794,control_jul
140,4270.5797,control_jul
134,4270.8801,control_jul
186,4271.1804,control_jul
120,4271.4807,control_jul
101,4271.781,control_jul
88,4272.0813,control_jul
88,4272.3817,control_jul
61,4272.682,control_jul
61,4272.9823,control_jul
61,4273.2826,control_jul
19,4273.5829,control_jul
38,4273.8832,control_jul
35,4274.1836,control_jul
192,4274.4839,control_jul
92,4274.7842,control_jul
97,4275.0846,control_jul
123,4275.3849,control_jul
35,4275.6852,control_jul
63,4275.9856,control_jul
128,4276.2859,control_jul
64,4276.5862,control_jul
181,4276.8866,control_jul
33,4277.1869,control_jul
202,4277.4872,control_jul
48,4277.7875,control_jul
192,4278.0878,control_jul
44,4278.3882,control_jul
60,4278.6885,control_jul
36,4278.9889,control_jul
47,4279.2892,control_jul
199,4279.5895,control_jul
194,4279.8898,control_jul
189,4280.1901,control_jul
209,4280.4905,control_jul
65,4280.7908,control_jul
121,4281.0911,control_jul
32,4281.3914,control_jul
55,4281.6917,control_jul
33,4281.992,control_jul
72,4282.2924,control_jul
199,4282.5927,control_jul
73,4282.893,control_jul
163,4283.1934,control_jul
152,4283.4937,control_jul
196,4283.794,control_jul
40,4284.0943,control_jul
87,4284.3946,control_jul
19,4284.695,control_jul
3,4284.9953,control_jul
55,4285.2956,control_jul
206,4285.596,control_jul
28,4285.8963,control_jul
160,4286.1966,control_jul
24,4286.497,control_jul
160,4286.7973,control_jul
24,4287.0976,control_jul
24,4287.3979,control_jul
156,4287.6982,control_jul
24,4287.9985,control_jul
198,4288.2989,control_jul
160,4288.5992,control_jul
41,4288.8995,control_jul
63,4289.1999,control_jul
117,4289.5002,control_jul
185,4289.8005,control_jul
205,4290.1008,control_jul
203,4290.4012,control_jul
48,4290.7014,control_jul
176,4291.0018,control_jul
16,4291.3021,control_jul
14,4291.6024,control_jul
91,4291.9028,control_jul
204,4292.2031,control_jul
21,4292.5034,control_jul
21,4292.8037,control_jul
198,4293.1041,control_jul
198,4293.4044,control_jul
117,4293.7047,control_jul
13,4294.0051,control_jul
182,4294.3053,control_jul
48,4294.6057,control_jul
71,4294.906,control_jul
162,4295.2063,control_jul
159,4295.5067,control_jul
199,4295.807,control_jul
122,4296.1073,control_jul
151,4296.4076,control_jul
6,4296.708,control_jul
122,4297.0084,control_jul
71,4297.3142,control_jul
205,4297.609,control_jul
205,4297.9093,control_jul
165,4298.2096,control_jul
206,4298.51,control_jul
206,4298.8102,control_jul
191,4299.1106,control_jul
173,4299.4109,control_jul
173,4299.7112,control_jul
207,4300.0115,control_jul
186,4300.3119,control_jul
207,4300.6122,control_jul
207,4300.9125,control_jul
186,4301.2128,control_jul
18,4301.5132,control_jul
120,4301.8134,control_jul
122,4302.1138,control_jul
154,4302.4141,control_jul
44,4302.7144,control_jul
123,4303.0148,control_jul
80,4303.3151,control_jul
188,4303.6154,control_jul
207,4303.9157,control_jul
188,4304.2161,control_jul
193,4304.5164,control_jul
72,4304.8167,control_jul
118,4305.117,control_jul
35,4305.4174,control_jul
164,4305.7177,control_jul
48,4306.018,control_jul
38,4306.3183,control_jul
22,4306.6187,control_jul
128,4306.9189,control_jul
205,4307.2193,control_jul
164,4307.5196,control_jul
40,4307.8255,control_jul
184,4308.1203,control_jul
106,4308.4206,control_jul
200,4308.7209,control_jul
199,4309.0212,control_jul
127,4309.3253,control_jul
202,4309.6219,control_jul
205,4309.9222,control_jul
211,4310.2225,control_jul
4,4310.5228,control_jul
67,4310.8231,control_jul
84,4311.1235,control_jul
151,4311.4238,control_jul
2,4311.7241,control_jul
64,4312.0244,control_jul
4,4312.3247,control_jul
196,4312.6251,control_jul
144,4312.9254,control_jul
146,4313.2258,control_jul
202,4313.526,control_jul
185,4313.8264,control_jul
182,4314.1267,control_jul
137,4314.427,control_jul
78,4314.7273,control_jul
55,4315.328,control_jul
3,4315.6283,control_jul
87,4315.9286,control_jul
55,4316.2289,control_jul
206,4316.5293,control_jul
63,4316.8296,control_jul
37,4317.1299,control_jul
197,4317.4302,control_jul
184,4317.7306,control_jul
36,4318.0309,control_jul
192,4318.3312,control_jul
192,4318.6316,control_jul
32,4318.9318,control_jul
38,4319.2322,control_jul
29,4319.5325,control_jul
10,4319.8329,control_jul
3,4320.1332,control_jul
87,4320.4335,control_jul
20,4320.7338,control_jul
175,4321.0341,control_jul
155,4321.3345,control_jul
125,4321.6347,control_jul
7,4321.935,control_jul
33,4322.2354,control_jul
206,4322.5357,control_jul
202,4322.836,control_jul
23,4323.1364,control_jul
24,4323.4367,control_jul
160,4323.737,control_jul
183,4324.0374,control_jul
55,4324.3377,control_jul
165,4324.638,control_jul
177,4324.9383,control_jul
131,4325.2386,control_jul
43,4325.539,control_jul
85,4325.8393,control_jul
43,4326.1396,control_jul
77,4326.4399,control_jul
6,4326.7403,control_jul
181,4327.0406,control_jul
67,4327.3409,control_jul
122,4327.6412,control_jul
59,4327.9416,control_jul
191,4328.2419,control_jul
192,4328.5422,control_jul
29,4328.8425,control_jul
70,4329.1428,control_jul
35,4329.4431,control_jul
164,4329.7435,control_jul
28,4330.0438,control_jul
198,4330.3441,control_jul
123,4330.6444,control_jul
63,4330.9449,control_jul
191,4331.2451,control_jul
76,4331.5454,control_jul
164,4331.8458,control_jul
70,4332.1461,control_jul
49,4332.4464,control_jul
144,4332.7467,control_jul
196,4333.047,control_jul
160,4333.3473,control_jul
24,4333.6477,control_jul
160,4333.948,control_jul
24,4334.2484,control_jul
179,4334.5487,control_jul
196,4334.849,control_jul
144,4335.1493,control_jul
14,4335.4497,control_jul
209,4335.75,control_jul
158,4336.0503,control_jul
155,4336.3506,control_jul
155,4336.6509,control_jul
139,4336.9513,control_jul
45,4337.2516,control_jul
31,4337.5519,control_jul
31,4337.8523,control_jul
106,4338.1525,control_jul
144,4338.4529,control_jul
179,4338.7532,control_jul
196,4339.0535,control_jul
179,4339.3538,control_jul
179,4339.6542,control_jul
186,4339.9545,control_jul
127,4340.2548,control_jul
125,4340.5551,control_jul
142,4340.8555,control_jul
172,4341.1558,control_jul
138,4341.4562,control_jul
75,4341.7564,control_jul
73,4342.0568,control_jul
47,4342.3571,control_jul
161,4342.6574,control_jul
143,4342.9577,control_jul
174,4343.258,control_jul
174,4343.5584,control_jul
74,4343.8587,control_jul
3,4344.159,control_jul
55,4344.4594,control_jul
87,4344.7597,control_jul
3,4345.06,control_jul
209,4345.3603,control_jul
142,4345.6606,control_jul
6,4345.9609,control_jul
88,4346.2612,control_jul
61,4346.5616,control_jul
19,4346.8619,control_jul
3,4347.1622,control_jul
70,4347.4626,control_jul
17,4347.7629,control_jul
184,4348.0632,control_jul
31,4348.3636,control_jul
193,4348.6639,control_jul
142,4348.9642,control_jul
62,4349.2645,control_jul
116,4349.5649,control_jul
62,4349.8652,control_jul
45,4350.1655,control_jul
15,4350.4658,control_jul
108,4350.7661,control_jul
18,4351.0665,control_jul
18,4351.3668,control_jul
207,4351.6671,control_jul
200,4351.9674,control_jul
120,4352.2677,control_jul
151,4352.5681,control_jul
143,4352.8684,control_jul
141,4353.1687,control_jul
115,4353.469,control_jul
51,4353.7731,control_jul
115,4354.0697,control_jul
174,4354.37,control_jul
115,4354.6703,control_jul
42,4354.9707,control_jul
56,4355.271,control_jul
76,4355.5713,control_jul
194,4355.8716,control_jul
207,4356.172,control_jul
120,4356.4722,control_jul
6,4356.7726,control_jul
115,4357.0729,control_jul
84,4357.3732,control_jul
174,4357.6735,control_jul
115,4357.9739,control_jul
88,4358.2741,control_jul
101,4358.5745,control_jul
87,4358.8748,control_jul
70,4359.1751,control_jul
128,4359.4755,control_jul
193,4359.7758,control_jul
143,4360.0761,control_jul
143,4360.3764,control_jul
84,4360.6768,control_jul
2,4360.9771,control_jul
143,4361.2774,control_jul
33,4361.5777,control_jul
165,4361.878,control_jul
206,4362.1783,control_jul
184,4362.4787,control_jul
180,4362.779,control_jul
65,4363.0793,control_jul
29,4363.3797,control_jul
8,4363.68,control_jul
61,4363.9803,control_jul
176,4364.2806,control_jul
147,4364.5809,control_jul
91,4364.8812,control_jul
106,4365.1815,control_jul
194,4365.4819,control_jul
179,4365.7896,control_jul
196,4366.0825,control_jul
32,4366.3828,control_jul
165,4366.6832,control_jul
192,4366.9835,control_jul
126,4367.2838,control_jul
183,4367.5842,control_jul
142,4367.8844,control_jul
141,4368.1848,control_jul
153,4368.4851,control_jul
151,4368.7854,control_jul
161,4369.0857,control_jul
181,4369.3861,control_jul
16,4369.6864,control_jul
10,4369.9867,control_jul
101,4370.287,control_jul
8,4370.5873,control_jul
61,4370.8877,control_jul
12,4371.1879,control_jul
158,4371.4883,control_jul
12,4371.7886,control_jul
8,4372.0889,control_jul
176,4372.3893,control_jul
32,4372.6896,control_jul
192,4372.9899,control_jul
202,4373.2902,control_jul
185,4373.5906,control_jul
165,4373.8909,control_jul
158,4374.1912,control_jul
61,4374.4915,control_jul
30,4374.7918,control_jul
11,4375.0922,control_jul
23,4375.3925,control_jul
41,4375.6928,control_jul
34,4375.9932,control_jul
32,4376.2934,control_jul
176,4376.5937,control_jul
65,4376.8941,control_jul
83,4377.1944,control_jul
126,4377.4948,control_jul
158,4377.7951,control_jul
176,4378.0954,control_jul
61,4378.3957,control_jul
147,4378.696,control_jul
147,4378.9964,control_jul
23,4379.2966,control_jul
198,4379.597,control_jul
44,4379.8973,control_jul
205,4380.1977,control_jul
182,4380.498,control_jul
32,4380.7983,control_jul
85,4381.0986,control_jul
117,4381.3989,control_jul
122,4381.6992,control_jul
142,4381.9996,control_jul
7,4382.2999,control_jul
136,4382.6002,control_jul
4,4382.9005,control_jul
47,4383.2008,control_jul
143,4383.5012,control_jul
143,4383.8015,control_jul
161,4384.1018,control_jul
33,4384.4021,control_jul
129,4384.7025,control_jul
22,4385.0028,control_jul
190,4385.3031,control_jul
73,4385.6034,control_jul
13,4385.9037,control_jul
38,4386.2041,control_jul
139,4386.5044,control_jul
54,4386.8047,control_jul
143,4387.1051,control_jul
111,4387.4054,control_jul
199,4387.7057,control_jul
188,4388.006,control_jul
173,4388.3063,control_jul
173,4388.6066,control_jul
173,4388.907,control_jul
80,4389.2072,control_jul
120,4389.5076,control_jul
181,4389.808,control_jul
154,4390.1083,control_jul
19,4390.4085,control_jul
110,4390.7089,control_jul
115,4391.0092,control_jul
143,4391.3095,control_jul
125,4391.6099,control_jul
208,4391.9102,control_jul
67,4392.2105,control_jul
84,4392.5108,control_jul
64,4392.8111,control_jul
136,4393.1115,control_jul
125,4393.4118,control_jul
175,4393.7121,control_jul
31,4394.0124,control_jul
136,4394.3128,control_jul
208,4394.6131,control_jul
159,4394.9134,control_jul
62,4395.2138,control_jul
161,4395.514,control_jul
208,4395.8144,control_jul
40,4396.1147,control_jul
179,4396.415,control_jul
194,4396.7153,control_jul
133,4397.0156,control_jul
144,4397.316,control_jul
157,4397.6163,control_jul
75,4397.9166,control_jul
143,4398.2169,control_jul
128,4398.5172,control_jul
179,4398.8176,control_jul
179,4399.1179,control_jul
76,4399.4182,control_jul
78,4399.7186,control_jul
32,4400.0189,control_jul
44,4400.3192,control_jul
46,4400.6195,control_jul
127,4400.9198,control_jul
127,4401.2202,control_jul
136,4401.5205,control_jul
190,4401.8208,control_jul
72,4402.1211,control_jul
159,4402.4215,control_jul
73,4402.7218,control_jul
157,4403.022,control_jul
157,4403.3224,control_jul
1,4403.6228,control_jul
155,4403.923,control_jul
1,4404.2234,control_jul
155,4404.5237,control_jul
148,4404.824,control_jul
52,4405.1244,control_jul
57,4405.4246,control_jul
158,4405.725,control_jul
74,4406.0253,control_jul
61,4406.3256,control_jul
61,4406.626,control_jul
158,4406.9262,control_jul
182,4407.2266,control_jul
180,4407.5269,control_jul
16,4407.8273,control_jul
14,4408.1276,control_jul
3,4408.4278,control_jul
78,4408.7282,control_jul
121,4409.0285,control_jul
74,4409.3289,control_jul
174,4409.6292,control_jul
153,4409.9295,control_jul
115,4410.5301,control_jul
153,4410.8305,control_jul
88,4411.1308,control_jul
30,4411.4311,control_jul
65,4411.7314,control_jul
206,4412.0317,control_jul
123,4412.3321,control_jul
70,4412.6324,control_jul
3,4412.9328,control_jul
158,4413.2331,control_jul
16,4413.5333,control_jul
74,4413.8337,control_jul
29,4414.134,control_jul
70,4414.4343,control_jul
16,4414.7346,control_jul
30,4415.035,control_jul
101,4415.3353,control_jul
34,4415.6356,control_jul
130,4415.9359,control_jul
60,4416.2363,control_jul
60,4416.5366,control_jul
70,4416.8369,control_jul
8,4417.1372,control_jul
145,4417.4375,control_jul
124,4417.7379,control_jul
154,4418.0382,control_jul
19,4418.3385,control_jul
16,4418.6388,control_jul
143,4418.9391,control_jul
86,4419.2395,control_jul
149,4419.5398,control_jul
176,4419.8401,control_jul
3,4420.1404,control_jul
209,4420.4408,control_jul
87,4420.7411,control_jul
176,4421.0414,control_jul
8,4421.3418,control_jul
61,4421.6421,control_jul
61,4421.9424,control_jul
29,4422.2428,control_jul
137,4422.543,control_jul
192,4422.8434,control_jul
33,4423.1437,control_jul
151,4423.444,control_jul
16,4423.7444,control_jul
87,4424.0446,control_jul
20,4424.345,control_jul
64,4424.6453,control_jul
98,4424.9456,control_jul
19,4425.2459,control_jul
184,4425.5463,control_jul
185,4425.8466,control_jul
65,4426.1469,control_jul
17,4426.4472,control_jul
83,4426.7475,control_jul
44,4427.0478,control_jul
191,4427.3482,control_jul
80,4427.6484,control_jul
173,4427.9488,control_jul
140,4428.2492,control_jul
163,4428.5494,control_jul
136,4428.8498,control_jul
199,4429.1501,control_jul
159,4429.4504,control_jul
55,4429.7508,control_jul
83,4430.0511,control_jul
106,4430.357,control_jul
159,4430.6518,control_jul
190,4430.9521,control_jul
80,4431.2524,control_jul
35,4431.5527,control_jul
179,4431.853,control_jul
164,4432.1534,control_jul
150,4432.4537,control_jul
127,4432.754,control_jul
190,4433.0543,control_jul
199,4433.3546,control_jul
191,4433.655,control_jul
191,4433.9553,control_jul
164,4434.2556,control_jul
138,4434.5559,control_jul
138,4434.8563,control_jul
190,4435.1566,control_jul
136,4435.4569,control_jul
67,4435.7572,control_jul
75,4436.0575,control_jul
140,4436.3579,control_jul
173,4436.6582,control_jul
49,4436.9585,control_jul
127,4437.2588,control_jul
31,4437.5592,control_jul
151,4437.8595,control_jul
50,4438.1598,control_jul
17,4438.4601,control_jul
83,4438.7604,control_jul
196,4439.0608,control_jul
197,4439.3611,control_jul
197,4439.6614,control_jul
48,4439.9618,control_jul
87,4440.262,control_jul
85,4440.5624,control_jul
101,4440.8628,control_jul
61,4441.163,control_jul
8,4441.4633,control_jul
88,4441.7637,control_jul
143,4442.064,control_jul
190,4442.3643,control_jul
31,4442.6646,control_jul
1,4442.965,control_jul
122,4443.2653,control_jul
75,4443.5656,control_jul
181,4443.8676,control_jul
75,4444.1663,control_jul
161,4444.4665,control_jul
125,4444.7669,control_jul
1,4445.0672,control_jul
1,4445.3675,control_jul
143,4445.6679,control_jul
50,4445.9682,control_jul
48,4446.2685,control_jul
17,4446.5689,control_jul
70,4446.8692,control_jul
75,4447.1695,control_jul
175,4447.4698,control_jul
151,4447.7701,control_jul
6,4448.0704,control_jul
42,4448.3708,control_jul
73,4448.6711,control_jul
125,4448.9714,control_jul
31,4449.2717,control_jul
151,4449.5721,control_jul
20,4449.8723,control_jul
44,4450.1727,control_jul
40,4450.473,control_jul
137,4450.7733,control_jul
177,4451.0737,control_jul
182,4451.374,control_jul
60,4451.6743,control_jul
17,4451.9746,control_jul
17,4452.2749,control_jul
149,4452.5753,control_jul
6,4452.8756,control_jul
31,4453.1759,control_jul
59,4453.4763,control_jul
164,4453.7766,control_jul
164,4454.0769,control_jul
192,4454.3772,control_jul
123,4454.6775,control_jul
36,4454.9779,control_jul
122,4455.2782,control_jul
106,4455.5784,control_jul
196,4455.8788,control_jul
137,4456.1792,control_jul
182,4456.4795,control_jul
127,4456.7798,control_jul
80,4457.0801,control_jul
73,4457.3804,control_jul
33,4457.6808,control_jul
188,4457.9811,control_jul
152,4458.2814,control_jul
152,4458.5817,control_jul
136,4458.882,control_jul
181,4459.1824,control_jul
84,4459.4827,control_jul
77,4459.783,control_jul
193,4460.0834,control_jul
199,4460.3836,control_jul
190,4460.684,control_jul
122,4460.9843,control_jul
4,4461.2846,control_jul
152,4461.585,control_jul
162,4461.8852,control_jul
72,4462.1856,control_jul
190,4462.4859,control_jul
151,4462.7863,control_jul
143,4463.0865,control_jul
42,4463.3868,control_jul
110,4463.6872,control_jul
33,4463.9876,control_jul
79,4464.2878,control_jul
190,4464.5881,control_jul
17,4464.8884,control_jul
205,4465.1888,control_jul
179,4465.4891,control_jul
69,4465.7894,control_jul
184,4466.0898,control_jul
60,4466.3901,control_jul
128,4466.6905,control_jul
67,4466.9908,control_jul
19,4467.2911,control_jul
53,4467.5914,control_jul
12,4467.8917,control_jul
175,4468.192,control_jul
17,4468.4924,control_jul
17,4468.7927,control_jul
208,4469.093,control_jul
4,4469.3933,control_jul
67,4469.6936,control_jul
84,4469.994,control_jul
142,4470.2943,control_jul
31,4470.5946,control_jul
7,4470.8949,control_jul
77,4471.1952,control_jul
12,4471.4956,control_jul
44,4471.7959,control_jul
117,4472.0962,control_jul
184,4472.3965,control_jul
152,4472.6969,control_jul
79,4472.9972,control_jul
208,4473.2975,control_jul
33,4473.5979,control_jul
75,4473.8982,control_jul
99,4474.1984,control_jul
151,4474.4988,control_jul
50,4474.7991,control_jul
87,4475.0994,control_jul
32,4475.3997,control_jul
192,4475.7,control_jul
133,4476.0004,control_jul
179,4476.3007,control_jul
133,4476.601,control_jul
194,4476.9013,control_jul
146,4477.2016,control_jul
80,4477.502,control_jul
73,4477.8023,control_jul
33,4478.1026,control_jul
110,4478.4029,control_jul
6,4478.7032,control_jul
1,4479.0036,control_jul
152,4479.3039,control_jul
159,4479.6042,control_jul
199,4479.9045,control_jul
71,4480.2048,control_jul
191,4480.5052,control_jul
195,4480.8055,control_jul
16,4481.1058,control_jul
92,4481.4061,control_jul
196,4481.7065,control_jul
144,4482.0068,control_jul
35,4482.3071,control_jul
136,4482.6074,control_jul
72,4482.9078,control_jul
33,4483.2081,control_jul
79,4483.5084,control_jul
190,4483.8087,control_jul
193,4484.109,control_jul
193,4484.4093,control_jul
208,4484.7097,control_jul
4,4485.01,control_jul
20,4485.3103,control_jul
158,4485.6107,control_jul
84,4485.9109,control_jul
181,4486.2113,control_jul
7,4486.5116,control_jul
151,4486.8119,control_jul
115,4487.1123,control_jul
50,4487.4126,control_jul
88,4487.7129,control_jul
143,4488.0132,control_jul
115,4488.3135,control_jul
86,4488.6138,control_jul
142,4488.9141,control_jul
142,4489.2145,control_jul
7,4489.5148,control_jul
152,4489.8151,control_jul
208,4490.1155,control_jul
208,4490.4158,control_jul
151,4490.7161,control_jul
7,4491.0164,control_jul
1,4491.3167,control_jul
154,4491.617,control_jul
8,4491.9174,control_jul
30,4492.2177,control_jul
182,4492.518,control_jul
191,4492.8183,control_jul
65,4493.1186,control_jul
162,4493.419,control_jul
173,4493.7193,control_jul
80,4494.0196,control_jul
122,4494.3199,control_jul
162,4494.6203,control_jul
186,4494.9206,control_jul
120,4495.2209,control_jul
193,4495.5212,control_jul
125,4495.8215,control_jul
181,4496.1218,control_jul
174,4496.4222,control_jul
88,4496.7225,control_jul
88,4497.0228,control_jul
88,4497.3231,control_jul
61,4497.6235,control_jul
88,4497.9238,control_jul
10,4498.2241,control_jul
43,4498.5244,control_jul
50,4498.8247,control_jul
141,4499.1251,control_jul
42,4499.4253,control_jul
139,4499.7257,control_jul
51,4500.026,control_jul
115,4500.3263,control_jul
168,4500.6267,control_jul
50,4500.9269,control_jul
88,4501.2273,control_jul
143,4501.5276,control_jul
86,4501.8279,control_jul
7,4502.1283,control_jul
161,4502.4286,control_jul
72,4502.7289,control_jul
47,4503.0292,control_jul
209,4503.3295,control_jul
14,4503.6299,control_jul
176,4503.9301,control_jul
8,4504.2305,control_jul
211,4504.5308,control_jul
181,4504.8311,control_jul
143,4505.1315,control_jul
143,4505.4318,control_jul
143,4505.7321,control_jul
7,4506.0324,control_jul
190,4506.3327,control_jul
190,4506.6331,control_jul
99,4506.9334,control_jul
31,4507.2337,control_jul
142,4507.534,control_jul
88,4507.8343,control_jul
74,4508.1346,control_jul
8,4508.4349,control_jul
74,4508.7353,control_jul
115,4509.0356,control_jul
141,4509.3359,control_jul
153,4509.6363,control_jul
174,4509.9366,control_jul
168,4510.2368,control_jul
93,4510.5372,control_jul
85,4510.8375,control_jul
141,4511.1379,control_jul
88,4511.4382,control_jul
88,4511.7385,control_jul
88,4512.0388,control_jul
51,4512.3392,control_jul
174,4512.6394,control_jul
84,4512.9398,control_jul
67,4513.2401,control_jul
161,4513.5404,control_jul
136,4513.8407,control_jul
47,4514.141,control_jul
31,4514.4414,control_jul
47,4514.7417,control_jul
139,4515.042,control_jul
5,4515.3423,control_jul
67,4515.6426,control_jul
42,4515.943,control_jul
1,4516.2433,control_jul
7,4516.5436,control_jul
93,4516.8439,control_jul
174,4517.1443,control_jul
143,4517.4445,control_jul
31,4517.7449,control_jul
73,4518.0452,control_jul
190,4518.3455,control_jul
193,4518.6459,control_jul
161,4518.9462,control_jul
1,4519.2465,control_jul
142,4519.5468,control_jul
116,4519.8471,control_jul
42,4520.1474,control_jul
54,4520.4478,control_jul
170,4520.7481,control_jul
18,4521.0484,control_jul
200,4521.3488,control_jul
186,4521.649,control_jul
80,4521.9494,control_jul
161,4522.2497,control_jul
50,4522.55,control_jul
74,4522.8503,control_jul
74,4523.1506,control_jul
100,4523.4509,control_jul
11,4523.7513,control_jul
10,4524.0516,control_jul
87,4524.3519,control_jul
22,4524.6522,control_jul
17,4524.9525,control_jul
158,4525.2529,control_jul
3,4525.5532,control_jul
12,4525.8535,control_jul
12,4526.1538,control_jul
19,4526.4541,control_jul
184,4526.7544,control_jul
117,4527.0548,control_jul
63,4527.3551,control_jul
119,4527.6555,control_jul
6,4527.9558,control_jul
143,4528.2561,control_jul
176,4528.5564,control_jul
158,4528.8567,control_jul
87,4529.157,control_jul
48,4529.4574,control_jul
184,4529.7576,control_jul
175,4530.058,control_jul
1,4530.3583,control_jul
1,4530.6587,control_jul
56,4530.9589,control_jul
143,4531.2592,control_jul
16,4531.5596,control_jul
16,4531.8599,control_jul
88,4532.1602,control_jul
74,4532.4605,control_jul
61,4532.7608,control_jul
176,4533.0611,control_jul
8,4533.3615,control_jul
74,4533.6618,control_jul
61,4533.9621,control_jul
10,4534.2625,control_jul
169,4534.5628,control_jul
153,4534.8631,control_jul
174,4535.1634,control_jul
88,4535.4637,control_jul
61,4535.764,control_jul
16,4536.0644,control_jul
169,4536.3646,control_jul
125,4536.665,control_jul
33,4536.9653,control_jul
136,4537.2656,control_jul
4,4537.566,control_jul
64,4537.8662,control_jul
161,4538.1666,control_jul
175,4538.4669,control_jul
1,4538.7672,control_jul
153,4539.0676,control_jul
115,4539.3679,control_jul
153,4539.6682,control_jul
153,4539.9685,control_jul
153,4540.2688,control_jul
153,4540.5691,control_jul
2,4540.8694,control_jul
7,4541.1698,control_jul
161,4541.4701,control_jul
65,4541.7705,control_jul
32,4542.0708,control_jul
158,4542.3711,control_jul
44,4542.6714,control_jul
76,4542.9717,control_jul
76,4543.2721,control_jul
164,4543.5724,control_jul
183,4543.8727,control_jul
19,4544.173,control_jul
12,4544.4733,control_jul
19,4544.7737,control_jul
208,4545.0739,control_jul
125,4545.3743,control_jul
31,4545.6746,control_jul
33,4545.9749,control_jul
124,4546.2753,control_jul
31,4546.5755,control_jul
161,4546.8759,control_jul
181,4547.1762,control_jul
6,4547.4765,control_jul
125,4547.7768,control_jul
190,4548.0772,control_jul
75,4548.3775,control_jul
125,4548.6778,control_jul
33,4548.9781,control_jul
75,4549.2784,control_jul
47,4549.5788,control_jul
181,4549.8791,control_jul
47,4550.1794,control_jul
51,4550.4797,control_jul
61,4550.78,control_jul
50,4551.0804,control_jul
76,4551.3807,control_jul
206,4551.681,control_jul
205,4551.9813,control_jul
165,4552.2816,control_jul
38,4552.582,control_jul
191,4552.8823,control_jul
173,4553.1826,control_jul
80,4553.4829,control_jul
190,4553.7833,control_jul
190,4554.0836,control_jul
110,4554.3839,control_jul
50,4554.6842,control_jul
143,4554.9845,control_jul
176,4555.2848,control_jul
88,4555.5852,control_jul
74,4555.8854,control_jul
61,4556.1857,control_jul
142,4556.4861,control_jul
190,4556.7865,control_jul
161,4557.0867,control_jul
33,4557.3871,control_jul
1,4557.6874,control_jul
84,4557.9877,control_jul
143,4558.288,control_jul
139,4558.5884,control_jul
152,4558.8887,control_jul
123,4559.189,control_jul
123,4559.4893,control_jul
136,4559.7896,control_jul
33,4560.0899,control_jul
59,4560.3903,control_jul
85,4560.6906,control_jul
8,4560.9909,control_jul
44,4561.2912,control_jul
196,4561.5915,control_jul
196,4561.8919,control_jul
196,4562.1922,control_jul
194,4562.4925,control_jul
73,4562.7929,control_jul
122,4563.0932,control_jul
151,4563.3934,control_jul
75,4563.6938,control_jul
33,4563.9941,control_jul
136,4564.2944,control_jul
33,4564.5947,control_jul
92,4564.8951,control_jul
152,4565.1954,control_jul
73,4565.4957,control_jul
137,4565.796,control_jul
3,4566.0964,control_jul
37,4566.3966,control_jul
160,4566.697,control_jul
130,4566.9973,control_jul
93,4567.2976,control_jul
148,4567.5979,control_jul
92,4567.8983,control_jul
157,4568.1986,control_jul
190,4568.4989,control_jul
75,4568.7992,control_jul
152,4569.0996,control_jul
173,4569.3999,control_jul
49,4569.7002,control_jul
179,4570.0005,control_jul
196,4570.3008,control_jul
149,4570.6012,control_jul
79,4570.9015,control_jul
162,4571.2018,control_jul
124,4571.5021,control_jul
29,4571.8025,control_jul
164,4572.1028,control_jul
191,4572.4031,control_jul
194,4572.7034,control_jul
35,4573.0037,control_jul
49,4573.304,control_jul
192,4573.6044,control_jul
185,4573.9103,control_jul
36,4574.2051,control_jul
124,4574.5053,control_jul
154,4574.8056,control_jul
35,4575.106,control_jul
76,4575.4063,control_jul
185,4575.7066,control_jul
53,4576.0069,control_jul
53,4576.3072,control_jul
53,4576.6076,control_jul
43,4576.9079,control_jul
78,4577.2082,control_jul
165,4577.5085,control_jul
63,4577.8089,control_jul
144,4578.1212,control_jul
97,4578.4195,control_jul
137,4578.7099,control_jul
137,4579.0101,control_jul
85,4579.3105,control_jul
70,4579.6108,control_jul
6,4579.9111,control_jul
115,4580.2114,control_jul
64,4580.5117,control_jul
77,4580.8121,control_jul
6,4581.1124,control_jul
4,4581.4127,control_jul
175,4581.7131,control_jul
136,4582.0134,control_jul
208,4582.3137,control_jul
80,4582.6218,control_jul
110,4582.9143,control_jul
174,4583.2147,control_jul
141,4583.515,control_jul
67,4583.8152,control_jul
199,4584.1156,control_jul
140,4584.4159,control_jul
136,4584.7162,control_jul
73,4585.0166,control_jul
99,4585.3169,control_jul
151,4585.6172,control_jul
84,4585.9176,control_jul
143,4586.2179,control_jul
153,4586.5182,control_jul
153,4586.8185,control_jul
115,4587.1188,control_jul
42,4587.4191,control_jul
47,4587.7195,control_jul
33,4588.0198,control_jul
54,4588.3201,control_jul
111,4588.6204,control_jul
125,4588.9207,control_jul
103,4589.2211,control_jul
16,4589.5213,control_jul
132,4589.8217,control_jul
115,4590.122,control_jul
143,4590.4223,control_jul
174,4590.7227,control_jul
153,4591.023,control_jul
143,4591.3233,control_jul
190,4591.6236,control_jul
199,4591.924,control_jul
136,4592.2243,control_jul
50,4592.5246,control_jul
65,4592.8249,control_jul
149,4593.1253,control_jul
47,4593.4255,control_jul
75,4593.7259,control_jul
75,4594.0262,control_jul
64,4594.3265,control_jul
155,4594.6268,control_jul
125,4594.9272,control_jul
122,4595.2275,control_jul
161,4595.5278,control_jul
89,4595.8281,control_jul
89,4596.1284,control_jul
90,4596.4287,control_jul
89,4596.7291,control_jul
90,4597.0294,control_jul
155,4597.3298,control_jul
193,4597.6301,control_jul
33,4597.9304,control_jul
208,4598.2307,control_jul
162,4598.531,control_jul
186,4598.8314,control_jul
133,4599.1316,control_jul
185,4599.432,control_jul
35,4599.7323,control_jul
83,4600.0326,control_jul
6,4600.333,control_jul
77,4600.6332,control_jul
52,4600.9336,control_jul
192,4601.234,control_jul
35,4601.5343,control_jul
156,4601.8346,control_jul
34,4602.1349,control_jul
28,4602.4352,control_jul
194,4602.7355,control_jul
194,4603.0359,control_jul
72,4603.3362,control_jul
138,4603.6365,control_jul
72,4603.9368,control_jul
151,4604.2372,control_jul
125,4604.5375,control_jul
7,4604.8378,control_jul
6,4605.1381,control_jul
145,4605.4385,control_jul
161,4605.7387,control_jul
32,4606.0391,control_jul
36,4606.3394,control_jul
36,4606.6397,control_jul
129,4606.9401,control_jul
140,4607.2404,control_jul
125,4607.5407,control_jul
5,4607.841,control_jul
108,4608.1413,control_jul
109,4608.4417,control_jul
15,4608.742,control_jul
67,4609.0423,control_jul
155,4609.3426,control_jul
81,4609.6429,control_jul
121,4609.9433,control_jul
158,4610.2436,control_jul
98,4610.5439,control_jul
1,4610.8443,control_jul
64,4611.1445,control_jul
155,4611.4449,control_jul
139,4611.7452,control_jul
169,4612.0455,control_jul
81,4612.3459,control_jul
48,4612.6462,control_jul
171,4612.9465,control_jul
172,4613.2468,control_jul
171,4613.5471,control_jul
208,4613.8475,control_jul
99,4614.1478,control_jul
111,4614.4481,control_jul
132,4614.7484,control_jul
81,4615.0488,control_jul
11,4615.3491,control_jul
11,4615.6494,control_jul
14,4615.9497,control_jul
10,4616.25,control_jul
87,4616.5504,control_jul
32,4616.8507,control_jul
75,4617.151,control_jul
33,4617.4514,control_jul
33,4617.7516,control_jul
52,4618.052,control_jul
132,4618.3523,control_jul
103,4618.6526,control_jul
132,4618.9529,control_jul
169,4619.2533,control_jul
99,4619.5536,control_jul
102,4619.8539,control_jul
7,4620.1542,control_jul
142,4620.4546,control_jul
81,4620.7549,control_jul
158,4621.0552,control_jul
93,4621.3555,control_jul
148,4621.6558,control_jul
100,4621.9561,control_jul
16,4622.2564,control_jul
100,4622.5568,control_jul
121,4622.8571,control_jul
100,4623.1574,control_jul
14,4623.4577,control_jul
100,4623.758,control_jul
121,4624.0584,control_jul
142,4624.3587,control_jul
142,4624.659,control_jul
99,4624.9594,control_jul
59,4625.2597,control_jul
103,4625.56,control_jul
121,4625.8604,control_jul
93,4626.1606,control_jul
192,4626.461,control_jul
152,4626.7613,control_jul
4,4627.0616,control_jul
81,4627.362,control_jul
183,4627.6623,control_jul
51,4627.9626,control_jul
54,4628.2629,control_jul
157,4628.5632,control_jul
71,4628.8636,control_jul
87,4629.1639,control_jul
100,4629.4642,control_jul
100,4629.7645,control_jul
30,4630.0648,control_jul
34,4630.3652,control_jul
104,4630.6655,control_jul
96,4630.9658,control_jul
96,4631.2661,control_jul
96,4631.5665,control_jul
21,4631.8668,control_jul
41,4632.1671,control_jul
34,4632.4674,control_jul
156,4632.7677,control_jul
23,4633.0681,control_jul
183,4633.3684,control_jul
100,4633.6687,control_jul
35,4633.9691,control_jul
133,4634.2693,control_jul
196,4634.5697,control_jul
97,4634.87,control_jul
76,4635.1703,control_jul
24,4635.4706,control_jul
24,4635.7709,control_jul
197,4636.0713,control_jul
24,4636.3716,control_jul
160,4636.6719,control_jul
156,4636.9723,control_jul
94,4637.2726,control_jul
34,4637.5729,control_jul
198,4637.8732,control_jul
198,4638.1735,control_jul
160,4638.4739,control_jul
133,4638.7742,control_jul
22,4639.0745,control_jul
198,4639.3748,control_jul
24,4639.6752,control_jul
160,4639.9755,control_jul
13,4640.2758,control_jul
130,4640.5762,control_jul
198,4640.8764,control_jul
156,4641.1768,control_jul
198,4641.4771,control_jul
130,4641.7775,control_jul
203,4642.0778,control_jul
34,4642.3781,control_jul
156,4642.6784,control_jul
156,4642.9788,control_jul
23,4643.2791,control_jul
23,4643.5794,control_jul
34,4643.8797,control_jul
160,4644.18,control_jul
198,4644.4804,control_jul
24,4644.7807,control_jul
160,4645.081,control_jul
197,4645.3813,control_jul
204,4645.6816,control_jul
28,4645.9819,control_jul
205,4646.2823,control_jul
142,4646.5827,control_jul
7,4646.8829,control_jul
161,4647.1833,control_jul
79,4647.4836,control_jul
129,4647.7839,control_jul
165,4648.0843,control_jul
35,4648.3845,control_jul
52,4648.6849,control_jul
36,4648.9852,control_jul
206,4649.2855,control_jul
194,4649.5859,control_jul
179,4649.8862,control_jul
194,4650.1865,control_jul
146,4650.4868,control_jul
196,4650.7871,control_jul
196,4651.0875,control_jul
207,4651.3878,control_jul
200,4651.6881,control_jul
162,4651.9885,control_jul
172,4652.2888,control_jul
80,4652.5891,control_jul
188,4652.8895,control_jul
175,4653.1898,control_jul
157,4653.49,control_jul
188,4653.7904,control_jul
188,4654.0908,control_jul
173,4654.3911,control_jul
173,4654.6915,control_jul
194,4654.9918,control_jul
49,4655.292,control_jul
196,4655.5924,control_jul
133,4655.8927,control_jul
80,4656.193,control_jul
7,4656.4933,control_jul
125,4656.7937,control_jul
56,4657.094,control_jul
141,4657.3943,control_jul
153,4657.6946,control_jul
42,4657.9949,control_jul
38,4658.2953,control_jul
55,4658.5956,control_jul
159,4658.896,control_jul
136,4659.1963,control_jul
162,4659.4966,control_jul
166,4659.7969,control_jul
18,4660.0972,control_jul
200,4660.3976,control_jul
200,4660.6979,control_jul
49,4660.9982,control_jul
196,4661.2986,control_jul
194,4661.5988,control_jul
49,4661.8992,control_jul
196,4662.1995,control_jul
144,4662.4998,control_jul
192,4662.8002,control_jul
12,4663.1005,control_jul
78,4663.4008,control_jul
164,4663.7011,control_jul
49,4664.0014,control_jul
194,4664.3018,control_jul
144,4664.6021,control_jul
133,4664.9024,control_jul
76,4665.2028,control_jul
158,4665.5031,control_jul
190,4665.8034,control_jul
3,4666.1037,control_jul
149,4666.4041,control_jul
140,4666.7044,control_jul
152,4667.0047,control_jul
135,4667.305,control_jul
135,4667.6054,control_jul
135,4667.9057,control_jul
188,4668.206,control_jul
186,4668.5063,control_jul
52,4668.8067,control_jul
54,4669.107,control_jul
84,4669.4073,control_jul
29,4669.7076,control_jul
65,4670.0079,control_jul
184,4670.3083,control_jul
65,4670.6086,control_jul
184,4670.9089,control_jul
85,4671.2092,control_jul
77,4671.5096,control_jul
125,4671.8099,control_jul
4,4672.1102,control_jul
190,4672.4106,control_jul
124,4672.7109,control_jul
62,4673.0112,control_jul
116,4673.3115,control_jul
62,4673.6118,control_jul
62,4673.9122,control_jul
62,4674.2125,control_jul
90,4674.5129,control_jul
62,4674.8131,control_jul
62,4675.1134,control_jul
157,4675.4138,control_jul
152,4675.7141,control_jul
193,4676.0145,control_jul
64,4676.3148,control_jul
199,4676.6152,control_jul
150,4676.9154,control_jul
162,4677.2158,control_jul
18,4677.5161,control_jul
18,4677.8164,control_jul
207,4678.1167,control_jul
186,4678.4171,control_jul
207,4678.7174,control_jul
207,4679.0177,control_jul
4,4679.318,control_jul
176,4679.6183,control_jul
60,4679.9187,control_jul
164,4680.219,control_jul
76,4680.5193,control_jul
49,4680.8196,control_jul
185,4681.12,control_jul
76,4681.4203,control_jul
196,4681.7206,control_jul
194,4682.0209,control_jul
137,4682.3213,control_jul
50,4682.6216,control_jul
143,4682.922,control_jul
16,4683.2223,control_jul
17,4683.5226,control_jul
126,4683.8229,control_jul
17,4684.1232,control_jul
191,4684.4236,control_jul
92,4684.7239,control_jul
205,4685.0242,control_jul
83,4685.3245,control_jul
106,4685.6248,control_jul
123,4685.9252,control_jul
196,4686.2255,control_jul
179,4686.5258,control_jul
194,4686.8261,control_jul
179,4687.1265,control_jul
196,4687.4268,control_jul
173,4687.7271,control_jul
135,4688.0275,control_jul
135,4688.3278,control_jul
72,4688.6281,control_jul
127,4688.9284,control_jul
127,4689.2288,control_jul
159,4689.5291,control_jul
173,4689.8294,control_jul
164,4690.1298,control_jul
65,4690.43,control_jul
124,4690.7304,control_jul
7,4691.0307,control_jul
110,4691.3311,control_jul
1,4691.6314,control_jul
31,4691.9316,control_jul
161,4692.232,control_jul
149,4692.5324,control_jul
43,4692.8326,control_jul
182,4693.133,control_jul
92,4693.4333,control_jul
38,4693.7336,control_jul
192,4694.034,control_jul
72,4694.3343,control_jul
110,4694.6346,control_jul
6,4694.9349,control_jul
31,4695.2353,control_jul
157,4695.5356,control_jul
190,4695.8359,control_jul
72,4696.1362,control_jul
159,4696.4366,control_jul
188,4696.7369,control_jul
200,4697.0372,control_jul
186,4697.3376,control_jul
33,4697.6379,control_jul
165,4697.9382,control_jul
14,4698.2385,control_jul
44,4698.5388,control_jul
76,4698.8392,control_jul
185,4699.1394,control_jul
149,4699.4398,control_jul
31,4699.7401,control_jul
71,4700.0405,control_jul
1,4700.3407,control_jul
72,4700.6411,control_jul
182,4700.9414,control_jul
65,4701.2418,control_jul
184,4701.542,control_jul
126,4701.8424,control_jul
92,4702.1427,control_jul
83,4702.443,control_jul
206,4702.7434,control_jul
179,4703.0437,control_jul
196,4703.344,control_jul
179,4703.6444,control_jul
63,4703.9447,control_jul
117,4704.245,control_jul
136,4704.5453,control_jul
79,4704.8456,control_jul
127,4705.1459,control_jul
38,4705.4463,control_jul
163,4705.7466,control_jul
73,4706.0469,control_jul
157,4706.3472,control_jul
172,4706.6476,control_jul
84,4706.9479,control_jul
151,4707.2482,control_jul
181,4707.5485,control_jul
67,4707.8489,control_jul
70,4708.1492,control_jul
17,4708.4495,control_jul
3,4708.7498,control_jul
184,4709.0501,control_jul
208,4709.3505,control_jul
208,4709.6508,control_jul
1,4709.9511,control_jul
31,4710.2515,control_jul
75,4710.5518,control_jul
155,4710.8521,control_jul
155,4711.1524,control_jul
155,4711.4527,control_jul
155,4711.7531,control_jul
182,4712.0534,control_jul
165,4712.3537,control_jul
180,4712.654,control_jul
14,4712.9543,control_jul
95,4713.2547,control_jul
95,4713.555,control_jul
27,4714.1556,control_jul
91,4714.4559,control_jul
95,4714.7563,control_jul
11,4715.0566,control_jul
11,4715.3569,control_jul
132,4715.6572,control_jul
14,4715.9576,control_jul
125,4716.2579,control_jul
79,4716.5582,control_jul
72,4716.8586,control_jul
139,4717.1588,control_jul
7,4717.4592,control_jul
159,4717.7595,control_jul
124,4718.0598,control_jul
75,4718.3602,control_jul
154,4718.6604,control_jul
140,4718.9608,control_jul
139,4719.2611,control_jul
31,4719.5614,control_jul
99,4719.8617,control_jul
151,4720.1621,control_jul
47,4720.4624,control_jul
72,4720.7627,control_jul
125,4721.063,control_jul
162,4721.3634,control_jul
188,4721.6637,control_jul
35,4721.964,control_jul
106,4722.2643,control_jul
196,4722.5647,control_jul
179,4722.865,control_jul
194,4723.1653,control_jul
138,4723.4656,control_jul
67,4723.766,control_jul
50,4724.0662,control_jul
30,4724.3666,control_jul
11,4724.6669,control_jul
34,4724.9672,control_jul
34,4725.2676,control_jul
14,4725.5679,control_jul
70,4725.8682,control_jul
125,4726.1685,control_jul
188,4726.4689,control_jul
173,4726.7748,control_jul
49,4727.0695,control_jul
121,4727.3698,control_jul
50,4727.6701,control_jul
64,4727.9705,control_jul
64,4728.2708,control_jul
64,4728.5711,control_jul
1,4728.8714,control_jul
135,4729.1718,control_jul
173,4729.4721,control_jul
194,4729.7724,control_jul
106,4730.0727,control_jul
85,4730.3731,control_jul
87,4730.6734,control_jul
182,4730.9737,control_jul
191,4731.274,control_jul
97,4731.5744,control_jul
97,4731.8747,control_jul
185,4732.1749,control_jul
73,4732.4753,control_jul
75,4732.7756,control_jul
138,4733.0759,control_jul
190,4733.3763,control_jul
80,4733.6766,control_jul
162,4733.9769,control_jul
211,4734.2772,control_jul
79,4734.5776,control_jul
152,4734.8779,control_jul
33,4735.1782,control_jul
193,4735.4785,control_jul
47,4735.7788,control_jul
71,4736.0791,control_jul
142,4736.3795,control_jul
190,4736.6798,control_jul
140,4736.9801,control_jul
115,4737.2805,control_jul
6,4737.5807,control_jul
139,4737.8811,control_jul
62,4738.1814,control_jul
162,4738.4817,control_jul
35,4738.782,control_jul
194,4739.0824,control_jul
194,4739.3827,control_jul
191,4739.683,control_jul
191,4739.9833,control_jul
188,4740.2836,control_jul
152,4740.584,control_jul
199,4740.8843,control_jul
188,4741.1846,control_jul
138,4741.4849,control_jul
79,4741.7853,control_jul
80,4742.0855,control_jul
122,4742.3859,control_jul
14,4742.6862,control_jul
3,4742.9865,control_jul
32,4743.2869,control_jul
3,4743.5872,control_jul
17,4743.8875,control_jul
128,4744.1878,control_jul
154,4744.4882,control_jul
202,4744.7885,control_jul
177,4745.0888,control_jul
17,4745.3891,control_jul
32,4745.6894,control_jul
209,4745.9898,control_jul
131,4746.29,control_jul
8,4746.5904,control_jul
30,4746.8907,control_jul
91,4747.191,control_jul
114,4747.4913,control_jul
132,4747.7917,control_jul
61,4748.092,control_jul
12,4748.3924,control_jul
38,4748.6927,control_jul
35,4748.993,control_jul
97,4749.2933,control_jul
97,4749.5936,control_jul
185,4749.8939,control_jul
97,4750.1943,control_jul
92,4750.4946,control_jul
28,4750.7949,control_jul
37,4751.0952,control_jul
203,4751.3956,control_jul
11,4751.6959,control_jul
74,4751.9962,control_jul
17,4752.2965,control_jul
36,4752.5969,control_jul
97,4752.8972,control_jul
24,4753.1975,control_jul
160,4753.4978,control_jul
156,4753.7981,control_jul
160,4754.0993,control_jul
24,4754.3988,control_jul
156,4754.6991,control_jul
156,4754.9994,control_jul
24,4755.2997,control_jul
156,4755.6001,control_jul
24,4755.9004,control_jul
25,4756.2007,control_jul
25,4756.501,control_jul
25,4756.8013,control_jul
25,4757.1017,control_jul
25,4757.402,control_jul
41,4757.7023,control_jul
41,4758.0026,control_jul
117,4758.3029,control_jul
184,4758.6033,control_jul
22,4758.9036,control_jul
206,4759.2039,control_jul
192,4759.5043,control_jul
35,4759.8045,control_jul
55,4760.1048,control_jul
165,4760.4052,control_jul
185,4760.7056,control_jul
78,4761.0059,control_jul
36,4761.3062,control_jul
206,4761.6065,control_jul
206,4761.9068,control_jul
185,4762.2071,control_jul
189,4762.5075,control_jul
35,4762.8078,control_jul
164,4763.1081,control_jul
202,4763.4084,control_jul
63,4763.7088,control_jul
17,4764.0091,control_jul
184,4764.3094,control_jul
164,4764.6097,control_jul
123,4764.9101,control_jul
189,4765.2104,control_jul
182,4765.5107,control_jul
164,4765.811,control_jul
194,4766.1114,control_jul
164,4766.4116,control_jul
37,4766.712,control_jul
23,4767.0123,control_jul
197,4767.3127,control_jul
160,4767.613,control_jul
197,4767.9133,control_jul
198,4768.2136,control_jul
160,4768.5139,control_jul
160,4768.8143,control_jul
130,4769.1146,control_jul
137,4769.4149,control_jul
165,4769.7153,control_jul
202,4770.0156,control_jul
29,4770.3159,control_jul
8,4770.6162,control_jul
29,4770.9165,control_jul
52,4771.2169,control_jul
177,4771.5172,control_jul
106,4771.8175,control_jul
123,4772.1179,control_jul
191,4772.4181,control_jul
179,4772.7185,control_jul
179,4773.0188,control_jul
92,4773.3191,control_jul
146,4773.6195,control_jul
182,4773.9197,control_jul
36,4774.2201,control_jul
177,4774.5204,control_jul
78,4774.8208,control_jul
194,4775.1211,control_jul
179,4775.4214,control_jul
164,4775.7217,control_jul
164,4776.022,control_jul
202,4776.3223,control_jul
106,4776.6227,control_jul
46,4776.923,control_jul
162,4777.2233,control_jul
207,4777.5237,control_jul
7,4777.824,control_jul
72,4778.1243,control_jul
72,4778.4246,control_jul
123,4778.7249,control_jul
35,4779.0253,control_jul
35,4779.3256,control_jul
194,4779.6259,control_jul
144,4779.9262,control_jul
196,4780.2265,control_jul
19,4780.5268,control_jul
139,4780.8272,control_jul
54,4781.1276,control_jul
59,4781.4278,control_jul
180,4781.7282,control_jul
209,4782.0285,control_jul
98,4782.3288,control_jul
30,4782.6292,control_jul
53,4782.9294,control_jul
180,4783.2298,control_jul
126,4783.5301,control_jul
159,4783.8305,control_jul
188,4784.1308,control_jul
80,4784.4311,control_jul
152,4784.7314,control_jul
80,4785.0317,control_jul
127,4785.3321,control_jul
151,4785.6324,control_jul
208,4785.9327,control_jul
159,4786.2331,control_jul
207,4786.5334,control_jul
186,4786.8337,control_jul
106,4787.134,control_jul
87,4787.4343,control_jul
158,4787.7347,control_jul
113,4788.035,control_jul
38,4788.3353,control_jul
192,4788.6356,control_jul
164,4788.9359,control_jul
40,4789.2363,control_jul
83,4789.5366,control_jul
47,4789.837,control_jul
152,4790.1373,control_jul
164,4790.4375,control_jul
144,4790.7379,control_jul
63,4791.0382,control_jul
164,4791.3386,control_jul
76,4791.6389,control_jul
194,4791.9392,control_jul
35,4792.2395,control_jul
83,4792.5398,control_jul
36,4792.8402,control_jul
192,4793.1404,control_jul
63,4793.4408,control_jul
12,4793.7412,control_jul
83,4794.0414,control_jul
184,4794.3418,control_jul
57,4794.6421,control_jul
205,4794.9424,control_jul
209,4795.2428,control_jul
20,4795.5431,control_jul
84,4795.8434,control_jul
145,4796.1437,control_jul
118,4796.444,control_jul
165,4796.7444,control_jul
17,4797.0447,control_jul
117,4797.345,control_jul
106,4797.6453,control_jul
194,4797.9456,control_jul
197,4798.246,control_jul
28,4798.5462,control_jul
196,4798.8467,control_jul
191,4799.1469,control_jul
146,4799.4473,control_jul
129,4799.7476,control_jul
152,4800.0479,control_jul
173,4800.3483,control_jul
80,4800.6485,control_jul
152,4800.9489,control_jul
152,4801.2492,control_jul
188,4801.5495,control_jul
186,4801.8499,control_jul
80,4802.1502,control_jul
67,4802.4504,control_jul
138,4802.7508,control_jul
190,4803.0512,control_jul
73,4803.3515,control_jul
199,4803.6518,control_jul
1,4803.9522,control_jul
64,4804.2525,control_jul
190,4804.5527,control_jul
72,4804.8531,control_jul
75,4805.1534,control_jul
136,4805.4538,control_jul
110,4805.7541,control_jul
143,4806.0544,control_jul
84,4806.3547,control_jul
42,4806.655,control_jul
182,4806.9554,control_jul
165,4807.2557,control_jul
118,4807.556,control_jul
48,4807.8564,control_jul
149,4808.1566,control_jul
181,4808.4578,control_jul
84,4808.7573,control_jul
174,4809.0576,control_jul
151,4809.358,control_jul
33,4809.6583,control_jul
136,4809.9585,control_jul
84,4810.2589,control_jul
108,4810.5592,control_jul
5,4810.8596,control_jul
73,4811.1599,control_jul
140,4811.4602,control_jul
49,4811.7606,control_jul
133,4812.0609,control_jul
118,4812.3612,control_jul
191,4812.6615,control_jul
179,4812.9618,control_jul
97,4813.2621,control_jul
92,4813.5624,control_jul
60,4813.8628,control_jul
44,4814.1631,control_jul
92,4814.4634,control_jul
185,4814.7637,control_jul
182,4815.0641,control_jul
118,4815.3644,control_jul
118,4815.6647,control_jul
35,4815.9651,control_jul
44,4816.2653,control_jul
182,4816.5657,control_jul
152,4816.866,control_jul
124,4817.1664,control_jul
190,4817.4667,control_jul
136,4817.767,control_jul
79,4818.0673,control_jul
127,4818.3676,control_jul
127,4818.6679,control_jul
72,4818.9683,control_jul
163,4819.2686,control_jul
152,4819.5689,control_jul
162,4819.8692,control_jul
123,4820.1696,control_jul
55,4820.4699,control_jul
184,4820.7702,control_jul
128,4821.0706,control_jul
124,4821.3709,control_jul
136,4821.6712,control_jul
79,4821.9715,control_jul
124,4822.2718,control_jul
75,4822.5722,control_jul
142,4822.8724,control_jul
79,4823.1728,control_jul
1,4823.4731,control_jul
172,4823.7734,control_jul
65,4824.0738,control_jul
93,4824.3741,control_jul
74,4824.6744,control_jul
101,4824.9747,control_jul
16,4825.275,control_jul
70,4825.5754,control_jul
61,4825.8757,control_jul
145,4826.176,control_jul
112,4826.4764,control_jul
13,4826.7767,control_jul
209,4827.077,control_jul
112,4827.3773,control_jul
206,4827.6776,control_jul
63,4827.978,control_jul
65,4828.2783,control_jul
156,4828.5786,control_jul
160,4828.8789,control_jul
185,4829.1793,control_jul
164,4829.4796,control_jul
38,4829.7799,control_jul
73,4830.0802,control_jul
125,4830.3805,control_jul
190,4830.6809,control_jul
80,4830.9812,control_jul
72,4831.2815,control_jul
162,4831.5818,control_jul
80,4831.8822,control_jul
161,4832.1825,control_jul
181,4832.4828,control_jul
77,4832.7831,control_jul
43,4833.0834,control_jul
61,4833.3837,control_jul
181,4833.6841,control_jul
20,4833.9844,control_jul
206,4834.2847,control_jul
180,4834.5851,control_jul
118,4834.8854,control_jul
110,4835.1857,control_jul
67,4835.486,control_jul
161,4835.7864,control_jul
72,4836.0867,control_jul
142,4836.387,control_jul
161,4836.6873,control_jul
33,4836.9876,control_jul
165,4837.288,control_jul
92,4837.8886,control_jul
182,4838.1889,control_jul
209,4838.4892,control_jul
19,4838.7895,control_jul
88,4839.0899,control_jul
8,4839.3902,control_jul
61,4839.6905,control_jul
181,4839.9909,control_jul
115,4840.2912,control_jul
141,4840.5915,control_jul
93,4840.8918,control_jul
158,4841.1921,control_jul
11,4841.4924,control_jul
32,4841.7928,control_jul
182,4842.0931,control_jul
36,4842.399,control_jul
78,4842.6937,control_jul
196,4842.994,control_jul
69,4843.2944,control_jul
189,4843.5948,control_jul
211,4843.8951,control_jul
1,4844.1953,control_jul
202,4844.4957,control_jul
179,4844.796,control_jul
164,4845.0964,control_jul
144,4845.3966,control_jul
36,4845.697,control_jul
55,4845.9973,control_jul
191,4846.2976,control_jul
186,4846.598,control_jul
72,4846.8983,control_jul
178,4847.1986,control_jul
62,4847.4989,control_jul
62,4847.7992,control_jul
62,4848.0995,control_jul
62,4848.3999,control_jul
15,4848.7002,control_jul
4,4849.0005,control_jul
144,4849.3008,control_jul
191,4849.6011,control_jul
146,4849.9015,control_jul
177,4850.2018,control_jul
70,4850.5021,control_jul
36,4850.8025,control_jul
194,4851.1028,control_jul
171,4851.4031,control_jul
110,4851.7034,control_jul
151,4852.0037,control_jul
141,4852.3041,control_jul
174,4852.6044,control_jul
111,4852.9047,control_jul
192,4853.2051,control_jul
83,4853.5053,control_jul
202,4853.8057,control_jul
173,4854.106,control_jul
136,4854.4063,control_jul
151,4854.7067,control_jul
151,4855.007,control_jul
6,4855.3073,control_jul
161,4855.6076,control_jul
3,4855.9079,control_jul
101,4856.2083,control_jul
141,4856.5086,control_jul
174,4856.8089,control_jul
153,4857.1092,control_jul
145,4857.4096,control_jul
161,4857.7099,control_jul
128,4858.0102,control_jul
151,4858.3105,control_jul
71,4858.6108,control_jul
211,4858.9112,control_jul
154,4859.2115,control_jul
54,4859.5118,control_jul
30,4859.8122,control_jul
16,4860.1124,control_jul
101,4860.4128,control_jul
115,4860.7132,control_jul
42,4861.0134,control_jul
138,4861.3138,control_jul
184,4861.6141,control_jul
29,4861.9144,control_jul
182,4862.2148,control_jul
165,4862.5151,control_jul
58,4862.8154,control_jul
55,4863.1157,control_jul
97,4863.4161,control_jul
133,4863.7164,control_jul
106,4864.0167,control_jul
182,4864.317,control_jul
57,4864.6174,control_jul
78,4864.9177,control_jul
39,4865.218,control_jul
55,4865.5183,control_jul
192,4865.8187,control_jul
195,4866.119,control_jul
206,4866.4193,control_jul
173,4866.7196,control_jul
120,4867.0199,control_jul
208,4867.3203,control_jul
78,4867.6206,control_jul
22,4867.9209,control_jul
135,4868.2268,control_jul
140,4868.5215,control_jul
72,4868.8219,control_jul
99,4869.1221,control_jul
142,4869.4225,control_jul
181,4869.7228,control_jul
4,4870.0232,control_jul
199,4870.3235,control_jul
46,4870.6238,control_jul
144,4870.9242,control_jul
35,4871.2244,control_jul
182,4871.5248,control_jul
70,4871.8251,control_jul
43,4872.1254,control_jul
103,4872.4258,control_jul
65,4872.726,control_jul
87,4873.0264,control_jul
151,4873.3267,control_jul
61,4873.6271,control_jul
16,4873.9273,control_jul
183,4874.2277,control_jul
184,4874.528,control_jul
20,4874.8283,control_jul
67,4875.1287,control_jul
125,4875.429,control_jul
190,4875.7293,control_jul
193,4876.0296,control_jul
136,4876.33,control_jul
73,4876.6303,control_jul
72,4876.9306,control_jul
72,4877.2309,control_jul
152,4877.5312,control_jul
135,4877.8316,control_jul
188,4878.1319,control_jul
80,4878.4322,control_jul
200,4878.7325,control_jul
186,4879.0328,control_jul
186,4879.3332,control_jul
186,4879.6335,control_jul
199,4879.9338,control_jul
1,4880.2342,control_jul
151,4880.5344,control_jul
47,4880.8348,control_jul
208,4881.1352,control_jul
151,4881.4354,control_jul
154,4881.7357,control_jul
209,4882.0361,control_jul
83,4882.3364,control_jul
40,4882.6368,control_jul
3,4882.937,control_jul
117,4883.2374,control_jul
38,4883.5377,control_jul
38,4883.838,control_jul
202,4884.1383,control_jul
106,4884.4387,control_jul
126,4884.739,control_jul
164,4885.0393,control_jul
70,4885.3396,control_jul
27,4885.64,control_jul
158,4885.9403,control_jul
16,4886.2406,control_jul
47,4886.541,control_jul
31,4886.8412,control_jul
84,4887.1416,control_jul
77,4887.4419,control_jul
42,4887.7422,control_jul
59,4888.0426,control_jul
202,4888.3428,control_jul
76,4888.6432,control_jul
185,4888.9435,control_jul
78,4889.2439,control_jul
182,4889.5442,control_jul
13,4889.8445,control_jul
78,4890.1448,control_jul
87,4890.4451,control_jul
57,4890.7454,control_jul
7,4891.0458,control_jul
75,4891.3461,control_jul
208,4891.6464,control_jul
152,4891.9468,control_jul
206,4892.2471,control_jul
97,4892.5474,control_jul
92,4892.8477,control_jul
149,4893.1481,control_jul
31,4893.4484,control_jul
1,4893.7487,control_jul
1,4894.049,control_jul
1,4894.3493,control_jul
45,4894.6496,control_jul
64,4894.95,control_jul
64,4895.2503,control_jul
155,4895.5507,control_jul
155,4895.8509,control_jul
53,4896.1513,control_jul
19,4896.4516,control_jul
38,4896.7519,control_jul
194,4897.0523,control_jul
28,4897.3525,control_jul
48,4897.6529,control_jul
17,4897.9532,control_jul
180,4898.2535,control_jul
206,4898.5539,control_jul
52,4898.8541,control_jul
55,4899.1545,control_jul
17,4899.4548,control_jul
17,4899.7551,control_jul
29,4900.0554,control_jul
37,4900.3558,control_jul
28,4900.6561,control_jul
123,4900.9564,control_jul
17,4901.2567,control_jul
106,4901.5571,control_jul
97,4901.8574,control_jul
76,4902.1577,control_jul
138,4902.458,control_jul
80,4902.7584,control_jul
207,4903.0587,control_jul
106,4903.359,control_jul
133,4903.6594,control_jul
196,4903.9597,control_jul
197,4904.26,control_jul
197,4904.5603,control_jul
160,4904.8606,control_jul
146,4905.1609,control_jul
182,4905.4613,control_jul
182,4905.7616,control_jul
136,4906.062,control_jul
208,4906.3623,control_jul
122,4906.6626,control_jul
79,4906.9629,control_jul
72,4907.2632,control_jul
122,4907.5636,control_jul
33,4907.8638,control_jul
72,4908.1642,control_jul
47,4908.4645,control_jul
33,4908.7648,control_jul
79,4909.0652,control_jul
80,4909.3654,control_jul
4,4909.6658,control_jul
110,4909.9661,control_jul
125,4910.2665,control_jul
152,4910.5668,control_jul
162,4910.8671,control_jul
127,4911.1674,control_jul
190,4911.4677,control_jul
161,4911.768,control_jul
71,4912.0684,control_jul
49,4912.3687,control_jul
49,4912.669,control_jul
46,4912.9693,control_jul
71,4913.2696,control_jul
106,4913.57,control_jul
202,4913.8702,control_jul
92,4914.1706,control_jul
192,4914.4709,control_jul
97,4914.7712,control_jul
76,4915.0716,control_jul
188,4915.3719,control_jul
159,4915.6722,control_jul
157,4915.9725,control_jul
193,4916.2729,control_jul
110,4916.5732,control_jul
151,4916.8735,control_jul
151,4917.1738,control_jul
75,4917.4742,control_jul
73,4917.7745,control_jul
75,4918.0748,control_jul
190,4918.3751,control_jul
47,4918.6754,control_jul
122,4918.9758,control_jul
188,4919.2761,control_jul
186,4919.5764,control_jul
87,4919.8767,control_jul
3,4920.177,control_jul
19,4920.4774,control_jul
87,4920.7777,control_jul
88,4921.078,control_jul
29,4921.3783,control_jul
78,4921.6787,control_jul
13,4921.9789,control_jul
205,4922.2793,control_jul
16,4922.5796,control_jul
91,4922.88,control_jul
16,4923.1803,control_jul
88,4923.4806,control_jul
12,4923.7809,control_jul
182,4924.0812,control_jul
123,4924.3816,control_jul
13,4924.6819,control_jul
20,4924.9821,control_jul
33,4925.2825,control_jul
20,4925.5828,control_jul
176,4925.8831,control_jul
58,4926.1943,control_jul
117,4926.4838,control_jul
70,4926.7841,control_jul
176,4927.0844,control_jul
38,4927.3847,control_jul
117,4927.6851,control_jul
32,4927.9854,control_jul
85,4928.2857,control_jul
14,4928.586,control_jul
13,4928.8864,control_jul
118,4929.1867,control_jul
38,4929.487,control_jul
180,4929.7873,control_jul
113,4930.0876,control_jul
20,4930.388,control_jul
31,4930.6884,control_jul
50,4930.9886,control_jul
14,4931.2889,control_jul
121,4931.5892,control_jul
31,4931.8896,control_jul
190,4932.1899,control_jul
67,4932.4902,control_jul
143,4932.7905,control_jul
153,4933.0908,control_jul
145,4933.3912,control_jul
36,4933.6915,control_jul
185,4933.9918,control_jul
165,4934.2921,control_jul
173,4934.5925,control_jul
161,4934.8928,control_jul
4,4935.1932,control_jul
154,4935.4934,control_jul
3,4935.7937,control_jul
205,4936.094,control_jul
179,4936.3944,control_jul
185,4936.6947,control_jul
83,4936.995,control_jul
184,4937.2953,control_jul
182,4937.5956,control_jul
182,4937.896,control_jul
63,4938.1963,control_jul
117,4938.4967,control_jul
182,4938.797,control_jul
199,4939.0973,control_jul
152,4939.3976,control_jul
199,4939.6979,control_jul
20,4939.9982,control_jul
14,4940.2986,control_jul
180,4940.5989,control_jul
131,4940.8991,control_jul
101,4941.1996,control_jul
143,4941.4999,control_jul
181,4941.8002,control_jul
175,4942.1005,control_jul
162,4942.4008,control_jul
179,4942.7012,control_jul
123,4943.0014,control_jul
192,4943.3018,control_jul
65,4943.6021,control_jul
38,4943.9024,control_jul
13,4944.2027,control_jul
19,4944.5031,control_jul
31,4944.8034,control_jul
33,4945.1037,control_jul
199,4945.404,control_jul
190,4945.7044,control_jul
124,4946.0047,control_jul
17,4946.305,control_jul
19,4946.6053,control_jul
65,4946.9056,control_jul
92,4947.206,control_jul
83,4947.8066,control_jul
76,4948.1069,control_jul
83,4948.4072,control_jul
127,4948.7076,control_jul
72,4949.0078,control_jul
163,4949.3082,control_jul
186,4949.6085,control_jul
186,4949.9089,control_jul
123,4950.2092,control_jul
46,4950.5095,control_jul
4,4950.8098,control_jul
29,4951.1101,control_jul
19,4951.4105,control_jul
113,4951.7108,control_jul
13,4952.0111,control_jul
113,4952.3115,control_jul
38,4952.6117,control_jul
209,4952.9121,control_jul
182,4953.2124,control_jul
49,4953.5127,control_jul
164,4953.813,control_jul
137,4954.1133,control_jul
75,4954.4137,control_jul
33,4954.714,control_jul
162,4955.0143,control_jul
135,4955.3147,control_jul
199,4955.615,control_jul
6,4955.9153,control_jul
174,4956.2156,control_jul
143,4956.516,control_jul
190,4956.8162,control_jul
199,4957.1166,control_jul
190,4957.4169,control_jul
75,4957.7172,control_jul
72,4958.0176,control_jul
31,4958.3179,control_jul
1,4958.6182,control_jul
42,4958.9185,control_jul
143,4959.2188,control_jul
145,4959.5191,control_jul
79,4959.8195,control_jul
124,4960.1198,control_jul
161,4960.4209,control_jul
199,4960.7204,control_jul
136,4961.0207,control_jul
7,4961.3211,control_jul
54,4961.6214,control_jul
84,4961.9218,control_jul
6,4962.222,control_jul
33,4962.5224,control_jul
136,4962.8227,control_jul
173,4963.123,control_jul
162,4963.4234,control_jul
127,4963.7237,control_jul
129,4964.024,control_jul
195,4964.3243,control_jul
179,4964.6246,control_jul
144,4964.9249,control_jul
69,4965.2252,control_jul
48,4965.5256,control_jul
190,4965.826,control_jul
79,4966.1262,control_jul
106,4966.4266,control_jul
199,4966.7269,control_jul
157,4967.0272,control_jul
124,4967.3275,control_jul
1,4967.6278,control_jul
181,4967.9282,control_jul
79,4968.2284,control_jul
44,4968.5288,control_jul
164,4968.8291,control_jul
194,4969.1294,control_jul
164,4969.4297,control_jul
36,4969.7301,control_jul
211,4970.0304,control_jul
208,4970.3308,control_jul
145,4970.631,control_jul
143,4970.9314,control_jul
50,4971.2317,control_jul
61,4971.5321,control_jul
50,4971.8323,control_jul
174,4972.1326,control_jul
67,4972.433,control_jul
161,4972.7333,control_jul
99,4973.0336,control_jul
45,4973.334,control_jul
134,4973.6342,control_jul
134,4973.9346,control_jul
135,4974.2349,control_jul
175,4974.5352,control_jul
152,4974.8355,control_jul
129,4975.1358,control_jul
164,4975.4362,control_jul
126,4975.7365,control_jul
185,4976.0368,control_jul
185,4976.3372,control_jul
56,4976.6374,control_jul
199,4976.9378,control_jul
193,4977.2381,control_jul
181,4977.5384,control_jul
181,4977.8387,control_jul
31,4978.139,control_jul
139,4978.4394,control_jul
67,4978.7397,control_jul
151,4979.04,control_jul
84,4979.3403,control_jul
6,4979.6407,control_jul
136,4979.941,control_jul
200,4980.2413,control_jul
173,4980.5416,control_jul
191,4980.8419,control_jul
179,4981.1423,control_jul
69,4981.4426,control_jul
112,4981.7429,control_jul
37,4982.0432,control_jul
198,4982.3436,control_jul
198,4982.6439,control_jul
63,4982.9442,control_jul
63,4983.2446,control_jul
55,4983.5448,control_jul
130,4983.8452,control_jul
28,4984.1455,control_jul
36,4984.4458,control_jul
191,4984.7461,control_jul
196,4985.0464,control_jul
123,4985.3468,control_jul
49,4985.6471,control_jul
123,4985.9475,control_jul
205,4986.2477,control_jul
160,4986.5481,control_jul
197,4986.8484,control_jul
156,4987.1487,control_jul
24,4987.4491,control_jul
198,4987.7493,control_jul
130,4988.0497,control_jul
63,4988.35,control_jul
144,4988.6503,control_jul
191,4988.9506,control_jul
146,4989.2509,control_jul
164,4989.5512,control_jul
206,4989.8516,control_jul
63,4990.1519,control_jul
160,4990.4523,control_jul
156,4990.7525,control_jul
156,4991.0529,control_jul
133,4991.3532,control_jul
133,4991.6535,control_jul
133,4991.9538,control_jul
183,4992.2541,control_jul
98,4992.5544,control_jul
98,4992.8548,control_jul
117,4993.1551,control_jul
35,4993.4554,control_jul
92,4993.7558,control_jul
92,4994.0561,control_jul
76,4994.3564,control_jul
179,4994.6567,control_jul
198,4994.9571,control_jul
197,4995.2573,control_jul
70,4995.5577,control_jul
182,4995.858,control_jul
164,4996.1583,control_jul
196,4996.4587,control_jul
133,4996.7589,control_jul
133,4997.0593,control_jul
49,4997.3596,control_jul
133,4997.6599,control_jul
133,4997.9603,control_jul
133,4998.2605,control_jul
133,4998.5609,control_jul
200,4998.8612,control_jul
200,4999.1615,control_jul
135,4999.4619,control_jul
163,4999.7622,control_jul
7,5000.0625,control_jul
81,5000.3628,control_jul
156,5000.6631,control_jul
24,5000.9635,control_jul
41,5001.2638,control_jul
183,5001.5642,control_jul
184,5001.8645,control_jul
205,5002.1648,control_jul
92,5002.4651,control_jul
208,5002.7654,control_jul
190,5003.0657,control_jul
125,5003.366,control_jul
134,5003.6664,control_jul
18,5003.9667,control_jul
207,5004.267,control_jul
200,5004.5674,control_jul
116,5004.8713,control_jul
145,5005.168,control_jul
161,5005.4683,control_jul
125,5005.7686,control_jul
159,5006.069,control_jul
159,5006.3693,control_jul
152,5006.6696,control_jul
190,5006.9699,control_jul
45,5007.2702,control_jul
1,5007.5705,control_jul
111,5007.8708,control_jul
124,5008.1712,control_jul
80,5008.4715,control_jul
173,5008.7719,control_jul
80,5009.0722,control_jul
136,5009.3724,control_jul
155,5009.6728,control_jul
155,5009.9732,control_jul
31,5010.2734,control_jul
209,5010.5738,control_jul
87,5010.874,control_jul
124,5011.1744,control_jul
125,5011.4748,control_jul
208,5011.775,control_jul
6,5012.0754,control_jul
110,5012.3757,control_jul
152,5012.6761,control_jul
76,5012.9764,control_jul
185,5013.2766,control_jul
123,5013.577,control_jul
117,5013.8773,control_jul
127,5014.1776,control_jul
173,5014.478,control_jul
173,5014.7783,control_jul
194,5015.0786,control_jul
40,5015.3789,control_jul
41,5015.6793,control_jul
35,5015.9795,control_jul
37,5016.2799,control_jul
156,5016.5802,control_jul
196,5016.8805,control_jul
192,5017.1809,control_jul
36,5017.4812,control_jul
76,5017.7815,control_jul
123,5018.0819,control_jul
165,5018.3821,control_jul
22,5018.6825,control_jul
63,5018.9828,control_jul
117,5019.2831,control_jul
126,5019.5834,control_jul
32,5019.8837,control_jul
13,5020.1841,control_jul
32,5020.4844,control_jul
112,5020.7847,control_jul
34,5021.0851,control_jul
21,5021.3854,control_jul
204,5021.6857,control_jul
26,5021.986,control_jul
96,5022.2863,control_jul
147,5022.5866,control_jul
147,5022.887,control_jul
16,5023.1872,control_jul
84,5023.4876,control_jul
67,5023.7879,control_jul
148,5024.0882,control_jul
203,5024.3886,control_jul
34,5024.6889,control_jul
34,5024.9892,control_jul
34,5025.2896,control_jul
203,5025.5898,control_jul
13,5025.8902,control_jul
203,5026.1905,control_jul
130,5026.4908,control_jul
204,5026.7912,control_jul
21,5027.0915,control_jul
21,5027.3918,control_jul
26,5027.6921,control_jul
114,5027.9924,control_jul
105,5028.2927,control_jul
3,5028.5931,control_jul
117,5028.8934,control_jul
22,5029.1937,control_jul
164,5029.494,control_jul
132,5029.7944,control_jul
74,5030.0947,control_jul
101,5030.395,control_jul
6,5030.6954,control_jul
73,5030.9956,control_jul
73,5031.296,control_jul
12,5031.5963,control_jul
180,5031.8966,control_jul
206,5032.1969,control_jul
194,5032.4972,control_jul
198,5032.7976,control_jul
144,5033.0979,control_jul
183,5033.3982,control_jul
184,5033.6985,control_jul
35,5033.9989,control_jul
144,5034.2992,control_jul
123,5034.5995,control_jul
205,5034.8998,control_jul
192,5035.2002,control_jul
164,5035.5004,control_jul
126,5035.8008,control_jul
117,5036.1011,control_jul
159,5036.4014,control_jul
73,5036.7018,control_jul
72,5037.002,control_jul
162,5037.3024,control_jul
164,5037.6027,control_jul
164,5037.903,control_jul
97,5038.5037,control_jul
63,5038.804,control_jul
150,5039.1043,control_jul
72,5039.4047,control_jul
152,5039.705,control_jul
125,5040.0053,control_jul
110,5040.3056,control_jul
122,5040.606,control_jul
152,5040.9063,control_jul
164,5041.2066,control_jul
194,5041.5069,control_jul
194,5041.8072,control_jul
137,5042.1076,control_jul
44,5042.4079,control_jul
49,5042.7082,control_jul
197,5043.0085,control_jul
34,5043.3088,control_jul
160,5043.6092,control_jul
160,5043.9095,control_jul
160,5044.2098,control_jul
197,5044.5101,control_jul
123,5044.8105,control_jul
133,5045.1107,control_jul
133,5045.4111,control_jul
133,5045.7114,control_jul
200,5046.0117,control_jul
200,5046.312,control_jul
80,5046.6124,control_jul
7,5046.9127,control_jul
56,5047.213,control_jul
193,5047.5134,control_jul
136,5047.8137,control_jul
163,5048.1168,control_jul
135,5048.4144,control_jul
163,5048.7147,control_jul
125,5049.015,control_jul
155,5049.3153,control_jul
75,5049.6156,control_jul
155,5049.916,control_jul
187,5050.2163,control_jul
155,5050.5166,control_jul
89,5050.8169,control_jul
89,5051.1172,control_jul
75,5051.4175,control_jul
157,5051.7179,control_jul
207,5052.0182,control_jul
200,5052.3185,control_jul
80,5052.6188,control_jul
164,5052.9192,control_jul
194,5053.2195,control_jul
196,5053.5198,control_jul
194,5053.8202,control_jul
92,5054.1205,control_jul
206,5054.4208,control_jul
164,5054.7211,control_jul
16,5055.0214,control_jul
63,5055.3218,control_jul
97,5055.6221,control_jul
76,5055.9224,control_jul
150,5056.2228,control_jul
162,5056.523,control_jul
49,5056.8234,control_jul
205,5057.1237,control_jul
194,5057.424,control_jul
164,5057.7244,control_jul
132,5058.0247,control_jul
70,5058.325,control_jul
125,5058.6253,control_jul
148,5058.9256,control_jul
78,5059.2259,control_jul
39,5059.5262,control_jul
22,5059.8266,control_jul
202,5060.1269,control_jul
179,5060.4273,control_jul
144,5060.7276,control_jul
179,5061.0279,control_jul
173,5061.3282,control_jul
166,5061.6285,control_jul
157,5061.9289,control_jul
145,5062.2292,control_jul
65,5062.5295,control_jul
34,5062.8298,control_jul
23,5063.1301,control_jul
198,5063.4305,control_jul
41,5063.7308,control_jul
126,5064.0312,control_jul
22,5064.3315,control_jul
148,5064.6318,control_jul
19,5064.9321,control_jul
16,5065.2324,control_jul
92,5065.5328,control_jul
211,5065.8331,control_jul
122,5066.1334,control_jul
125,5066.4337,control_jul
159,5066.7341,control_jul
144,5067.0344,control_jul
197,5067.3347,control_jul
24,5067.635,control_jul
25,5067.9353,control_jul
66,5068.2357,control_jul
25,5068.536,control_jul
25,5068.8364,control_jul
191,5069.1366,control_jul
186,5069.437,control_jul
120,5069.7373,control_jul
129,5070.0376,control_jul
52,5070.3379,control_jul
43,5070.6383,control_jul
6,5070.9386,control_jul
193,5071.2389,control_jul
115,5071.5392,control_jul
174,5071.8396,control_jul
88,5072.1399,control_jul
70,5072.4402,control_jul
63,5072.7405,control_jul
36,5073.0409,control_jul
38,5073.3412,control_jul
117,5073.6415,control_jul
126,5073.9419,control_jul
35,5074.2421,control_jul
164,5074.5425,control_jul
123,5074.8428,control_jul
164,5075.1431,control_jul
17,5075.4434,control_jul
36,5075.7438,control_jul
179,5076.0441,control_jul
137,5076.3444,control_jul
184,5076.6448,control_jul
209,5076.9451,control_jul
87,5077.2454,control_jul
176,5077.5456,control_jul
53,5077.846,control_jul
176,5078.1464,control_jul
209,5078.4467,control_jul
44,5078.747,control_jul
185,5079.0473,control_jul
97,5079.3476,control_jul
164,5079.648,control_jul
165,5079.9483,control_jul
192,5080.2486,control_jul
182,5080.549,control_jul
35,5080.8492,control_jul
197,5081.1496,control_jul
160,5081.4499,control_jul
24,5081.7502,control_jul
41,5082.0506,control_jul
123,5082.3508,control_jul
78,5082.6512,control_jul
185,5082.9515,control_jul
122,5083.2518,control_jul
181,5083.5522,control_jul
110,5083.8525,control_jul
15,5084.1528,control_jul
15,5084.4532,control_jul
136,5084.7535,control_jul
80,5085.0538,control_jul
177,5085.3541,control_jul
176,5085.6544,control_jul
74,5085.9548,control_jul
52,5086.2551,control_jul
85,5086.5554,control_jul
165,5086.8557,control_jul
118,5087.1561,control_jul
11,5087.4564,control_jul
43,5087.7567,control_jul
131,5088.057,control_jul
101,5088.3573,control_jul
85,5088.6577,control_jul
205,5088.958,control_jul
205,5089.2583,control_jul
35,5089.5587,control_jul
150,5089.859,control_jul
190,5090.1593,control_jul
159,5090.4596,control_jul
136,5090.7599,control_jul
154,5091.0602,control_jul
65,5091.3605,control_jul
19,5091.6608,control_jul
17,5091.9612,control_jul
209,5092.2615,control_jul
19,5092.5618,control_jul
112,5092.8621,control_jul
160,5093.1625,control_jul
197,5093.4628,control_jul
156,5093.7631,control_jul
41,5094.0635,control_jul
117,5094.3638,control_jul
63,5094.6641,control_jul
184,5094.9644,control_jul
17,5095.2648,control_jul
98,5095.565,control_jul
155,5095.8653,control_jul
110,5096.1657,control_jul
73,5096.466,control_jul
125,5096.7663,control_jul
161,5097.0667,control_jul
56,5097.367,control_jul
31,5097.6673,control_jul
53,5097.9676,control_jul
87,5098.268,control_jul
83,5098.5683,control_jul
24,5098.8686,control_jul
24,5099.169,control_jul
25,5099.4692,control_jul
25,5099.7696,control_jul
25,5100.0699,control_jul
25,5100.3702,control_jul
210,5100.6706,control_jul
114,5100.9709,control_jul
121,5101.2712,control_jul
165,5101.5715,control_jul
135,5101.8719,control_jul
124,5102.4725,control_jul
47,5102.7728,control_jul
172,5103.0681,control_jul
124,5103.3684,control_jul
199,5103.6688,control_jul
127,5103.9691,control_jul
186,5104.2694,control_jul
188,5104.5698,control_jul
152,5104.8701,control_jul
159,5105.1704,control_jul
159,5105.4707,control_jul
116,5105.771,control_jul
134,5106.0714,control_jul
166,5106.3717,control_jul
18,5106.672,control_jul
18,5106.9723,control_jul
166,5107.2727,control_jul
166,5107.573,control_jul
166,5107.8733,control_jul
166,5108.1736,control_jul
166,5108.474,control_jul
166,5108.7743,control_jul
166,5109.0746,control_jul
166,5109.3749,control_jul
116,5109.6752,control_jul
72,5109.9756,control_jul
207,5110.2759,control_jul
40,5110.5763,control_jul
179,5110.8766,control_jul
24,5111.1769,control_jul
198,5111.4772,control_jul
137,5111.7775,control_jul
175,5112.0779,control_jul
163,5112.3782,control_jul
163,5112.6785,control_jul
166,5112.9788,control_jul
166,5113.2791,control_jul
166,5113.5795,control_jul
166,5113.8798,control_jul
166,5114.1801,control_jul
166,5114.4804,control_jul
166,5114.7808,control_jul
166,5115.0811,control_jul
163,5115.3814,control_jul
163,5115.6818,control_jul
79,5115.9821,control_jul
39,5116.2824,control_jul
13,5116.5827,control_jul
211,5116.883,control_jul
194,5117.1834,control_jul
196,5117.4837,control_jul
199,5117.784,control_jul
125,5118.0843,control_jul
73,5118.3846,control_jul
163,5118.685,control_jul
166,5118.9853,control_jul
134,5119.2856,control_jul
166,5119.586,control_jul
166,5119.8863,control_jul
127,5120.1866,control_jul
127,5120.4869,control_jul
155,5120.7873,control_jul
155,5121.0876,control_jul
187,5121.3878,control_jul
187,5121.6882,control_jul
187,5121.9885,control_jul
187,5122.2888,control_jul
187,5122.5892,control_jul
187,5122.8895,control_jul
187,5123.1898,control_jul
187,5123.4902,control_jul
155,5123.7905,control_jul
79,5124.0908,control_jul
163,5124.3912,control_jul
7,5124.6914,control_jul
155,5124.9918,control_jul
64,5125.2921,control_jul
73,5125.5924,control_jul
89,5125.8928,control_jul
73,5126.1931,control_jul
127,5126.4934,control_jul
162,5126.7938,control_jul
200,5127.0941,control_jul
207,5127.3944,control_jul
200,5127.6948,control_jul
18,5127.995,control_jul
18,5128.2954,control_jul
173,5128.5957,control_jul
40,5128.896,control_jul
14,5129.1964,control_jul
10,5129.4966,control_jul
3,5129.797,control_jul
55,5130.0974,control_jul
87,5130.3977,control_jul
165,5130.698,control_jul
185,5130.9983,control_jul
133,5131.2987,control_jul
144,5131.599,control_jul
196,5131.8993,control_jul
177,5132.1996,control_jul
9,5132.4999,control_jul
9,5132.8003,control_jul
9,5133.1006,control_jul
9,5133.4009,control_jul
96,5133.7013,control_jul
96,5134.0016,control_jul
167,5134.3019,control_jul
167,5134.6023,control_jul
167,5134.9026,control_jul
167,5135.2029,control_jul
167,5135.5032,control_jul
167,5135.8036,control_jul
167,5136.1039,control_jul
167,5136.4041,control_jul
167,5136.7045,control_jul
167,5137.0048,control_jul
167,5137.3052,control_jul
167,5137.6054,control_jul
167,5137.9058,control_jul
167,5138.2061,control_jul
167,5138.5064,control_jul
167,5138.8067,control_jul
167,5139.1072,control_jul
167,5139.4075,control_jul
167,5139.7077,control_jul
167,5140.0081,control_jul
82,5140.3084,control_jul
167,5140.6087,control_jul
26,5140.909,control_jul
11,5141.2094,control_jul
114,5141.5097,control_jul
36,5141.8101,control_jul
192,5142.1104,control_jul
35,5142.4107,control_jul
144,5142.711,control_jul
144,5143.0113,control_jul
133,5143.3117,control_jul
36,5143.612,control_jul
10,5143.9123,control_jul
176,5144.2126,control_jul
95,5144.513,control_jul
95,5144.8133,control_jul
95,5145.1137,control_jul
95,5145.414,control_jul
34,5145.7143,control_jul
156,5146.0146,control_jul
24,5146.3149,control_jul
197,5146.6152,control_jul
197,5146.9156,control_jul
24,5147.2159,control_jul
156,5147.5162,control_jul
197,5147.8166,control_jul
144,5148.1169,control_jul
164,5148.4172,control_jul
144,5148.7176,control_jul
133,5149.0179,control_jul
76,5149.3182,control_jul
127,5149.6186,control_jul
207,5149.9189,control_jul
207,5150.2192,control_jul
199,5150.5195,control_jul
159,5150.8199,control_jul
127,5151.1202,control_jul
188,5151.4205,control_jul
165,5151.7209,control_jul
164,5152.0212,control_jul
191,5152.3215,control_jul
92,5152.6218,control_jul
112,5152.9221,control_jul
205,5153.2225,control_jul
36,5153.5228,control_jul
50,5153.8231,control_jul
88,5154.1235,control_jul
88,5154.4237,control_jul
88,5154.7241,control_jul
88,5155.0244,control_jul
88,5155.3248,control_jul
174,5155.6251,control_jul
141,5155.9254,control_jul
168,5156.2258,control_jul
168,5156.526,control_jul
168,5156.8264,control_jul
168,5157.1267,control_jul
168,5157.427,control_jul
141,5157.7274,control_jul
174,5158.0277,control_jul
141,5158.328,control_jul
174,5158.6284,control_jul
153,5158.9287,control_jul
141,5159.2291,control_jul
153,5159.5294,control_jul
141,5159.8296,control_jul
174,5160.13,control_jul
141,5160.4303,control_jul
174,5160.7306,control_jul
141,5161.0309,control_jul
141,5161.3313,control_jul
141,5161.6316,control_jul
174,5161.9319,control_jul
141,5162.2323,control_jul
141,5162.5326,control_jul
141,5162.8329,control_jul
141,5163.1332,control_jul
141,5163.4335,control_jul
141,5163.7339,control_jul
141,5164.0342,control_jul
141,5164.3345,control_jul
141,5164.6348,control_jul
174,5164.9352,control_jul
141,5165.2355,control_jul
115,5165.5358,control_jul
141,5165.8362,control_jul
141,5166.1365,control_jul
141,5166.4368,control_jul
88,5166.7371,control_jul
168,5167.0375,control_jul
51,5167.3378,control_jul
190,5167.6381,control_jul
33,5167.9384,control_jul
208,5168.2388,control_jul
127,5168.5416,control_jul
191,5168.8394,control_jul
144,5169.1397,control_jul
72,5169.4401,control_jul
85,5169.7404,control_jul
8,5170.0407,control_jul
189,5170.341,control_jul
184,5170.6414,control_jul
152,5170.9417,control_jul
31,5171.242,control_jul
1,5171.5423,control_jul
64,5171.8427,control_jul
151,5172.143,control_jul
132,5172.4433,control_jul
100,5172.7436,control_jul
20,5173.0439,control_jul
169,5173.3443,control_jul
111,5173.6445,control_jul
54,5173.945,control_jul
111,5174.2452,control_jul
151,5174.5455,control_jul
101,5174.8459,control_jul
87,5175.1462,control_jul
175,5175.4465,control_jul
64,5175.7469,control_jul
7,5176.0472,control_jul
139,5176.3475,control_jul
31,5176.6584,control_jul
31,5176.9481,control_jul
7,5177.2484,control_jul
171,5177.5488,control_jul
81,5177.8492,control_jul
132,5178.1495,control_jul
81,5178.4498,control_jul
128,5178.7501,control_jul
171,5179.0504,control_jul
109,5179.3508,control_jul
108,5179.651,control_jul
99,5179.9514,control_jul
169,5180.2517,control_jul
142,5180.5521,control_jul
169,5180.8524,control_jul
86,5181.1527,control_jul
108,5181.4531,control_jul
102,5181.7534,control_jul
51,5182.0536,control_jul
168,5182.354,control_jul
104,5182.6543,control_jul
104,5182.9546,control_jul
11,5183.255,control_jul
104,5183.5553,control_jul
41,5183.8556,control_jul
132,5184.1559,control_jul
148,5184.4563,control_jul
100,5184.7566,control_jul
164,5185.0569,control_jul
76,5185.3572,control_jul
144,5185.6576,control_jul
150,5185.9579,control_jul
142,5186.2582,control_jul
99,5186.5585,control_jul
142,5186.8589,control_jul
51,5187.1592,control_jul
103,5187.7598,control_jul
177,5188.0602,control_jul
132,5188.3604,control_jul
199,5188.6608,control_jul
144,5188.9611,control_jul
185,5189.2614,control_jul
123,5189.5618,control_jul
152,5189.8621,control_jul
135,5190.1624,control_jul
138,5190.4628,control_jul
154,5190.7631,control_jul
100,5191.0634,control_jul
3,5191.3637,control_jul
176,5191.664,control_jul
53,5191.9644,control_jul
10,5192.2647,control_jul
7,5192.565,control_jul
110,5192.8653,control_jul
99,5193.1656,control_jul
152,5193.466,control_jul
56,5193.7663,control_jul
127,5194.0666,control_jul
99,5194.367,control_jul
111,5194.6673,control_jul
1,5194.9676,control_jul
169,5195.2679,control_jul
67,5195.5683,control_jul
51,5195.88,control_jul
38,5196.1689,control_jul
29,5196.4693,control_jul
104,5196.7695,control_jul
104,5197.0699,control_jul
9,5197.3702,control_jul
104,5197.6705,control_jul
96,5197.9709,control_jul
96,5198.2712,control_jul
96,5198.5715,control_jul
104,5198.8718,control_jul
9,5199.1721,control_jul
9,5199.4724,control_jul
147,5199.7778,control_jul
63,5200.0731,control_jul
92,5200.3734,control_jul
185,5200.6738,control_jul
123,5200.9741,control_jul
133,5201.2744,control_jul
196,5201.5747,control_jul
160,5201.8751,control_jul
160,5202.1754,control_jul
160,5202.4757,control_jul
24,5202.776,control_jul
24,5203.0764,control_jul
160,5203.3767,control_jul
198,5203.6771,control_jul
160,5203.9773,control_jul
160,5204.2777,control_jul
179,5204.578,control_jul
123,5204.8784,control_jul
125,5205.1787,control_jul
181,5205.479,control_jul
42,5205.7793,control_jul
6,5206.0796,control_jul
77,5206.38,control_jul
3,5206.6811,control_jul
3,5206.9806,control_jul
180,5207.281,control_jul
11,5207.5812,control_jul
147,5207.8816,control_jul
11,5208.1819,control_jul
16,5208.4822,control_jul
158,5208.7825,control_jul
98,5209.0829,control_jul
98,5209.3832,control_jul
10,5209.6835,control_jul
17,5209.9839,control_jul
39,5210.2842,control_jul
123,5210.5845,control_jul
205,5210.8848,control_jul
123,5211.1852,control_jul
123,5211.4855,control_jul
133,5211.7858,control_jul
72,5212.0862,control_jul
135,5212.3865,control_jul
136,5212.6868,control_jul
152,5212.9871,control_jul
119,5213.2875,control_jul
8,5213.5878,control_jul
9,5213.8881,control_jul
147,5214.1884,control_jul
210,5214.4887,control_jul
36,5214.7891,control_jul
123,5215.0894,control_jul
123,5215.3897,control_jul
206,5215.69,control_jul
164,5215.9903,control_jul
144,5216.2908,control_jul
198,5216.591,control_jul
160,5216.8914,control_jul
133,5217.1917,control_jul
97,5217.492,control_jul
164,5217.7924,control_jul
202,5218.0927,control_jul
196,5218.393,control_jul
191,5218.6933,control_jul
118,5218.9937,control_jul
22,5219.294,control_jul
97,5219.5944,control_jul
123,5219.8947,control_jul
97,5220.195,control_jul
1,5220.4993,control_jul
136,5220.7957,control_jul
135,5221.0959,control_jul
135,5221.3963,control_jul
152,5221.6966,control_jul
134,5221.997,control_jul
62,5222.2973,control_jul
134,5222.5976,control_jul
116,5222.8979,control_jul
62,5223.1982,control_jul
45,5223.4986,control_jul
134,5223.7989,control_jul
166,5224.0992,control_jul
134,5224.3996,control_jul
166,5224.6999,control_jul
188,5225.0002,control_jul
144,5225.3005,control_jul
92,5225.6008,control_jul
196,5225.9012,control_jul
92,5226.2015,control_jul
144,5226.5019,control_jul
133,5226.8022,control_jul
133,5227.1025,control_jul
144,5227.4028,control_jul
133,5227.7031,control_jul
133,5228.0035,control_jul
144,5228.3037,control_jul
196,5228.6041,control_jul
63,5228.9044,control_jul
97,5229.2048,control_jul
194,5229.5051,control_jul
194,5229.8054,control_jul
157,5230.1057,control_jul
184,5230.4061,control_jul
3,5230.7063,control_jul
126,5231.0067,control_jul
35,5231.307,control_jul
36,5231.6074,control_jul
194,5231.9077,control_jul
29,5232.2081,control_jul
209,5232.5084,control_jul
206,5232.8087,control_jul
164,5233.109,control_jul
58,5233.4093,control_jul
29,5233.7097,control_jul
158,5234.01,control_jul
93,5234.3103,control_jul
48,5234.6106,control_jul
180,5234.9109,control_jul
142,5235.2113,control_jul
56,5235.5116,control_jul
99,5235.8119,control_jul
100,5236.1123,control_jul
169,5236.4126,control_jul
136,5236.7129,control_jul
191,5237.0132,control_jul
144,5237.3136,control_jul
185,5237.6139,control_jul
35,5237.9142,control_jul
97,5238.2146,control_jul
201,5238.5149,control_jul
63,5238.8152,control_jul
135,5239.1155,control_jul
135,5239.4159,control_jul
185,5239.7162,control_jul
35,5240.0165,control_jul
117,5240.3169,control_jul
117,5240.6172,control_jul
58,5240.9175,control_jul
70,5241.2178,control_jul
63,5241.5181,control_jul
35,5241.8185,control_jul
63,5242.1188,control_jul
158,5242.4191,control_jul
17,5242.7194,control_jul
87,5243.0197,control_jul
139,5243.3201,control_jul
155,5243.6204,control_jul
99,5243.9208,control_jul
78,5244.221,control_jul
209,5244.5214,control_jul
38,5244.8217,control_jul
185,5245.122,control_jul
17,5245.4224,control_jul
58,5245.7227,control_jul
85,5246.023,control_jul
19,5246.3234,control_jul
209,5246.6237,control_jul
75,5246.9241,control_jul
149,5247.2244,control_jul
206,5247.5247,control_jul
126,5247.825,control_jul
183,5248.1253,control_jul
72,5248.4257,control_jul
173,5248.726,control_jul
194,5249.0263,control_jul
144,5249.3266,control_jul
46,5249.6269,control_jul
56,5249.9273,control_jul
190,5250.2276,control_jul
151,5250.528,control_jul
158,5250.8283,control_jul
19,5251.1286,control_jul
17,5251.4289,control_jul
202,5251.7292,control_jul
206,5252.0296,control_jul
36,5252.33,control_jul
55,5252.6302,control_jul
65,5252.9306,control_jul
22,5253.2309,control_jul
117,5253.5313,control_jul
131,5253.8315,control_jul
74,5254.1318,control_jul
143,5254.4322,control_jul
77,5254.7325,control_jul
42,5255.0329,control_jul
145,5255.3332,control_jul
84,5255.6335,control_jul
77,5255.9338,control_jul
77,5256.2342,control_jul
42,5256.5345,control_jul
193,5256.8348,control_jul
71,5257.1351,control_jul
136,5257.4355,control_jul
159,5258.0362,control_jul
152,5258.3364,control_jul
159,5258.6368,control_jul
188,5258.9371,control_jul
159,5259.2375,control_jul
127,5259.5378,control_jul
127,5259.8381,control_jul
72,5260.1384,control_jul
172,5260.4387,control_jul
89,5260.7391,control_jul
113,5261.0394,control_jul
38,5261.3397,control_jul
194,5261.6401,control_jul
196,5261.9404,control_jul
196,5262.2407,control_jul
202,5262.541,control_jul
76,5262.8414,control_jul
197,5263.1417,control_jul
41,5263.442,control_jul
191,5264.0426,control_jul
160,5264.343,control_jul
160,5264.6433,control_jul
156,5264.9436,control_jul
133,5265.244,control_jul
196,5265.5443,control_jul
179,5265.8446,control_jul
196,5266.145,control_jul
186,5266.4453,control_jul
80,5266.7456,control_jul
64,5267.046,control_jul
161,5267.3463,control_jul
47,5267.6466,control_jul
89,5267.9469,control_jul
65,5268.2473,control_jul
98,5268.5476,control_jul
98,5268.8479,control_jul
155,5269.1483,control_jul
77,5269.4486,control_jul
67,5269.7489,control_jul
163,5270.0492,control_jul
163,5270.3496,control_jul
90,5270.65,control_jul
163,5270.9502,control_jul
163,5271.2506,control_jul
58,5271.5509,control_jul
19,5271.8512,control_jul
36,5272.1515,control_jul
91,5272.4518,control_jul
9,5272.7521,control_jul
9,5273.0525,control_jul
9,5273.3528,control_jul
147,5273.6532,control_jul
180,5273.9535,control_jul
49,5274.2539,control_jul
198,5274.5541,control_jul
198,5274.8545,control_jul
160,5275.1548,control_jul
144,5275.4551,control_jul
207,5275.7555,control_jul
186,5276.0558,control_jul
18,5276.3561,control_jul
18,5276.6564,control_jul
186,5276.9568,control_jul
200,5277.2571,control_jul
200,5277.5574,control_jul
18,5277.8577,control_jul
120,5278.1581,control_jul
52,5278.4584,control_jul
27,5278.7588,control_jul
34,5279.0591,control_jul
13,5279.3594,control_jul
65,5279.6597,control_jul
65,5279.9601,control_jul
140,5280.2604,control_jul
172,5280.5607,control_jul
127,5280.861,control_jul
162,5281.1614,control_jul
6,5281.4617,control_jul
140,5281.762,control_jul
152,5282.0624,control_jul
186,5282.3627,control_jul
159,5282.663,control_jul
159,5282.9634,control_jul
44,5283.2637,control_jul
65,5283.564,control_jul
29,5283.8643,control_jul
19,5284.1646,control_jul
209,5284.465,control_jul
32,5284.7653,control_jul
70,5285.0656,control_jul
12,5285.366,control_jul
43,5285.6663,control_jul
176,5285.9666,control_jul
19,5286.2669,control_jul
113,5286.5672,control_jul
113,5286.8676,control_jul
16,5287.1679,control_jul
19,5287.4683,control_jul
87,5287.7685,control_jul
16,5288.0689,control_jul
131,5288.3692,control_jul
3,5288.6696,control_jul
70,5288.9699,control_jul
98,5289.2702,control_jul
14,5289.5705,control_jul
98,5289.8708,control_jul
98,5290.1712,control_jul
87,5290.4715,control_jul
44,5290.7718,control_jul
197,5291.0722,control_jul
24,5291.3724,control_jul
194,5291.6728,control_jul
186,5291.9732,control_jul
173,5292.2735,control_jul
157,5292.5738,control_jul
190,5292.8742,control_jul
3,5293.1745,control_jul
131,5293.4748,control_jul
87,5293.7751,control_jul
59,5294.0755,control_jul
98,5294.3758,control_jul
12,5294.6761,control_jul
27,5294.9764,control_jul
34,5295.2768,control_jul
197,5295.5771,control_jul
183,5295.8774,control_jul
184,5296.1778,control_jul
162,5296.4781,control_jul
152,5296.7784,control_jul
140,5297.0788,control_jul
62,5297.3791,control_jul
170,5297.6794,control_jul
73,5297.9797,control_jul
190,5298.2801,control_jul
52,5298.5804,control_jul
95,5298.8807,control_jul
95,5299.181,control_jul
158,5299.4814,control_jul
112,5299.7817,control_jul
191,5300.082,control_jul
76,5300.3823,control_jul
83,5300.6826,control_jul
59,5300.983,control_jul
125,5301.2833,control_jul
155,5301.5836,control_jul
5,5301.884,control_jul
208,5302.1843,control_jul
111,5302.4846,control_jul
139,5302.785,control_jul
7,5303.0853,control_jul
128,5303.3856,control_jul
85,5303.686,control_jul
49,5303.9863,control_jul
133,5304.2866,control_jul
191,5304.5869,control_jul
179,5304.8873,control_jul
120,5305.1876,control_jul
19,5305.4879,control_jul
14,5305.7882,control_jul
121,5306.0886,control_jul
98,5306.3889,control_jul
159,5306.6892,control_jul
49,5306.9896,control_jul
40,5307.2899,control_jul
205,5307.5902,control_jul
182,5307.8905,control_jul
55,5308.1908,control_jul
1,5308.4912,control_jul
155,5308.7915,control_jul
2,5309.0918,control_jul
109,5309.3921,control_jul
111,5309.6924,control_jul
14,5309.9928,control_jul
11,5310.2931,control_jul
11,5310.5934,control_jul
11,5310.8938,control_jul
114,5311.1941,control_jul
180,5311.4945,control_jul
48,5311.7948,control_jul
149,5312.0951,control_jul
161,5312.3954,control_jul
193,5312.6957,control_jul
47,5312.9961,control_jul
75,5313.2964,control_jul
125,5313.5967,control_jul
127,5313.8971,control_jul
173,5314.1974,control_jul
207,5314.4977,control_jul
80,5314.7981,control_jul
151,5315.0984,control_jul
174,5315.3987,control_jul
153,5315.699,control_jul
143,5315.9994,control_jul
3,5316.2996,control_jul
113,5316.5999,control_jul
87,5316.9003,control_jul
158,5317.2007,control_jul
14,5317.501,control_jul
38,5317.8013,control_jul
44,5318.1016,control_jul
132,5318.402,control_jul
110,5318.7023,control_jul
77,5319.0027,control_jul
143,5319.3029,control_jul
143,5319.6033,control_jul
153,5319.9036,control_jul
42,5320.2039,control_jul
157,5320.5043,control_jul
205,5320.8046,control_jul
151,5321.1049,control_jul
67,5321.4052,control_jul
190,5321.7056,control_jul
33,5322.0059,control_jul
190,5322.3062,control_jul
47,5322.6065,control_jul
4,5322.9068,control_jul
122,5323.2072,control_jul
115,5323.5076,control_jul
181,5323.8079,control_jul
47,5324.1082,control_jul
62,5324.4085,control_jul
134,5324.7089,control_jul
170,5325.0092,control_jul
68,5325.3095,control_jul
18,5325.6099,control_jul
18,5325.9101,control_jul
18,5326.2105,control_jul
207,5326.5108,control_jul
186,5326.8111,control_jul
207,5327.1114,control_jul
159,5327.4118,control_jul
35,5327.7121,control_jul
44,5328.0124,control_jul
126,5328.3127,control_jul
13,5328.6131,control_jul
55,5328.9134,control_jul
128,5329.2137,control_jul
72,5329.5141,control_jul
122,5329.8144,control_jul
72,5330.1147,control_jul
135,5330.415,control_jul
129,5330.7153,control_jul
16,5331.0156,control_jul
52,5331.316,control_jul
37,5331.6163,control_jul
160,5331.9167,control_jul
156,5332.217,control_jul
144,5332.5173,control_jul
196,5332.8177,control_jul
205,5333.1179,control_jul
76,5333.4183,control_jul
123,5333.7186,control_jul
41,5334.0189,control_jul
63,5334.3192,control_jul
198,5334.6196,control_jul
198,5334.9199,control_jul
130,5335.2202,control_jul
130,5335.5205,control_jul
198,5335.8209,control_jul
130,5336.1212,control_jul
23,5336.4215,control_jul
198,5336.7219,control_jul
160,5337.0222,control_jul
92,5337.3226,control_jul
32,5337.6228,control_jul
13,5337.9232,control_jul
165,5338.2235,control_jul
35,5338.5238,control_jul
44,5338.8241,control_jul
65,5339.1244,control_jul
126,5339.4248,control_jul
123,5339.7252,control_jul
209,5340.0255,control_jul
44,5340.3257,control_jul
185,5340.6261,control_jul
194,5340.9264,control_jul
144,5341.2268,control_jul
120,5341.5271,control_jul
89,5341.8274,control_jul
79,5342.1278,control_jul
72,5342.4281,control_jul
190,5342.7284,control_jul
152,5343.0287,control_jul
173,5343.329,control_jul
40,5343.6293,control_jul
196,5343.9297,control_jul
191,5344.23,control_jul
120,5344.5303,control_jul
79,5344.8307,control_jul
72,5345.131,control_jul
129,5345.4313,control_jul
123,5345.7316,control_jul
202,5346.032,control_jul
12,5346.3323,control_jul
101,5346.6326,control_jul
77,5346.9329,control_jul
141,5347.2333,control_jul
7,5347.5336,control_jul
110,5347.834,control_jul
108,5348.1343,control_jul
5,5348.4346,control_jul
15,5348.7349,control_jul
172,5349.0352,control_jul
159,5349.3356,control_jul
89,5349.6359,control_jul
89,5349.9362,control_jul
89,5350.2365,control_jul
31,5350.5369,control_jul
136,5350.8372,control_jul
80,5351.1375,control_jul
106,5351.4379,control_jul
191,5351.7382,control_jul
106,5352.0385,control_jul
70,5352.3388,control_jul
64,5352.6392,control_jul
67,5352.9395,control_jul
77,5353.2398,control_jul
89,5353.5402,control_jul
169,5353.8405,control_jul
143,5354.1408,control_jul
14,5354.4411,control_jul
88,5354.7414,control_jul
84,5355.0418,control_jul
42,5355.3421,control_jul
148,5355.6424,control_jul
128,5355.9427,control_jul
171,5356.2431,control_jul
138,5356.5434,control_jul
173,5356.8437,control_jul
134,5357.1441,control_jul
18,5357.4444,control_jul
170,5357.7447,control_jul
109,5358.0451,control_jul
161,5358.3453,control_jul
154,5358.6456,control_jul
78,5358.946,control_jul
19,5359.2463,control_jul
87,5359.5467,control_jul
38,5359.847,control_jul
87,5360.1473,control_jul
117,5360.4476,control_jul
70,5360.7479,control_jul
20,5361.0483,control_jul
64,5361.3486,control_jul
125,5361.6489,control_jul
89,5361.9492,control_jul
161,5362.2496,control_jul
73,5362.55,control_jul
186,5362.8502,control_jul
135,5363.1506,control_jul
157,5363.4509,control_jul
89,5363.7513,control_jul
89,5364.0516,control_jul
133,5364.3519,control_jul
196,5364.6523,control_jul
205,5364.9525,control_jul
192,5365.2529,control_jul
202,5365.5532,control_jul
125,5365.8535,control_jul
154,5366.1538,control_jul
53,5366.4541,control_jul
98,5366.7545,control_jul
75,5367.0548,control_jul
124,5367.3552,control_jul
136,5367.6555,control_jul
138,5367.9558,control_jul
84,5368.2561,control_jul
115,5368.5565,control_jul
153,5368.8568,control_jul
103,5369.1571,control_jul
117,5369.4575,control_jul
182,5369.7577,control_jul
13,5370.0581,control_jul
57,5370.3584,control_jul
87,5370.6587,control_jul
85,5370.9591,control_jul
182,5371.2594,control_jul
130,5371.5597,control_jul
203,5371.8601,control_jul
130,5372.1604,control_jul
34,5372.4607,control_jul
34,5372.761,control_jul
34,5373.0613,control_jul
94,5373.3617,control_jul
180,5373.662,control_jul
65,5373.9623,control_jul
131,5374.2626,control_jul
88,5374.563,control_jul
61,5374.8633,control_jul
88,5375.1636,control_jul
50,5375.464,control_jul
64,5375.7643,control_jul
190,5376.0646,control_jul
1,5376.365,control_jul
136,5376.6653,control_jul
72,5376.9656,control_jul
208,5377.266,control_jul
59,5377.5662,control_jul
3,5377.8666,control_jul
95,5378.1669,control_jul
95,5378.4673,control_jul
95,5378.7676,control_jul
95,5379.0679,control_jul
11,5379.3682,control_jul
16,5379.6685,control_jul
171,5379.9689,control_jul
152,5380.2692,control_jul
47,5380.5695,control_jul
7,5380.8698,control_jul
10,5381.1702,control_jul
131,5381.4705,control_jul
19,5381.7708,control_jul
73,5382.0711,control_jul
75,5382.3715,control_jul
64,5382.6718,control_jul
77,5382.9722,control_jul
33,5383.2724,control_jul
65,5383.5727,control_jul
182,5383.8731,control_jul
160,5384.1734,control_jul
146,5384.4738,control_jul
144,5384.7741,control_jul
191,5385.0745,control_jul
196,5385.3748,control_jul
76,5385.675,control_jul
206,5385.9754,control_jul
180,5386.2757,control_jul
3,5386.576,control_jul
98,5386.8763,control_jul
98,5387.1767,control_jul
95,5387.477,control_jul
48,5387.7774,control_jul
49,5388.0777,control_jul
76,5388.378,control_jul
196,5388.6783,control_jul
76,5388.9787,control_jul
133,5389.279,control_jul
179,5389.5793,control_jul
160,5389.8797,control_jul
41,5390.18,control_jul
12,5390.4803,control_jul
16,5390.7806,control_jul
3,5391.081,control_jul
184,5391.3812,control_jul
162,5391.6816,control_jul
188,5391.982,control_jul
18,5392.2822,control_jul
80,5392.5826,control_jul
33,5392.8829,control_jul
199,5393.1833,control_jul
162,5393.4836,control_jul
186,5393.7839,control_jul
173,5394.0842,control_jul
186,5394.3845,control_jul
200,5394.6849,control_jul
18,5394.9852,control_jul
18,5395.2864,control_jul
51,5395.5859,control_jul
143,5395.8862,control_jul
77,5396.1865,control_jul
115,5396.4868,control_jul
153,5396.7872,control_jul
143,5397.0875,control_jul
19,5397.3878,control_jul
209,5397.6881,control_jul
158,5397.9884,control_jul
31,5398.2888,control_jul
1,5398.5892,control_jul
143,5398.8895,control_jul
153,5399.1898,control_jul
14,5399.4901,control_jul
3,5399.7904,control_jul
121,5400.0908,control_jul
117,5400.3911,control_jul
206,5400.6914,control_jul
123,5400.9917,control_jul
35,5401.2921,control_jul
97,5401.5924,control_jul
185,5401.8927,control_jul
119,5402.1931,control_jul
84,5402.4934,control_jul
1,5402.7937,control_jul
38,5403.094,control_jul
202,5403.3943,control_jul
49,5403.6947,control_jul
206,5403.995,control_jul
164,5404.2953,control_jul
76,5404.5956,control_jul
165,5404.896,control_jul
124,5405.1963,control_jul
190,5405.4966,control_jul
6,5405.797,control_jul
72,5406.0973,control_jul
56,5406.3976,control_jul
84,5406.6979,control_jul
143,5406.9982,control_jul
88,5407.2986,control_jul
61,5407.5989,control_jul
43,5407.8993,control_jul
176,5408.1996,control_jul
101,5408.4999,control_jul
153,5408.8002,control_jul
6,5409.1005,control_jul
199,5409.4009,control_jul
157,5409.7012,control_jul
97,5410.0015,control_jul
189,5410.3018,control_jul
12,5410.6022,control_jul
57,5410.9025,control_jul
63,5411.2028,control_jul
137,5411.5032,control_jul
50,5411.8035,control_jul
145,5412.1038,control_jul
6,5412.4041,control_jul
77,5412.7044,control_jul
86,5413.0047,control_jul
29,5413.3052,control_jul
183,5413.6054,control_jul
205,5413.9058,control_jul
83,5414.2061,control_jul
8,5414.5064,control_jul
6,5414.8067,control_jul
84,5415.1071,control_jul
74,5415.4074,control_jul
19,5415.7077,control_jul
65,5416.008,control_jul
78,5416.3084,control_jul
180,5416.6087,control_jul
19,5416.909,control_jul
8,5417.2094,control_jul
30,5417.5097,control_jul
87,5417.81,control_jul
208,5418.1103,control_jul
125,5418.4107,control_jul
111,5418.7109,control_jul
1,5419.0113,control_jul
125,5419.3116,control_jul
161,5419.612,control_jul
50,5419.9123,control_jul
74,5420.2126,control_jul
19,5420.5129,control_jul
32,5420.8133,control_jul
8,5421.1136,control_jul
70,5421.4139,control_jul
202,5421.7142,control_jul
123,5422.0146,control_jul
123,5422.3149,control_jul
70,5422.6152,control_jul
131,5422.9156,control_jul
61,5423.2159,control_jul
103,5423.5162,control_jul
34,5423.8165,control_jul
206,5424.1168,control_jul
65,5424.4172,control_jul
209,5424.7175,control_jul
29,5425.0178,control_jul
185,5425.3182,control_jul
63,5425.6184,control_jul
55,5425.9188,control_jul
184,5426.2191,control_jul
74,5426.5195,control_jul
61,5426.8197,control_jul
30,5427.1201,control_jul
75,5427.4204,control_jul
1,5427.7207,control_jul
125,5428.0211,control_jul
72,5428.3214,control_jul
33,5428.6217,control_jul
136,5428.9221,control_jul
6,5429.2224,control_jul
6,5429.5227,control_jul
4,5429.823,control_jul
152,5430.1234,control_jul
182,5430.4237,control_jul
70,5430.724,control_jul
10,5431.0393,control_jul
151,5431.3247,control_jul
143,5431.625,control_jul
67,5431.9253,control_jul
208,5432.2257,control_jul
7,5432.526,control_jul
151,5432.8263,control_jul
75,5433.1266,control_jul
19,5433.4269,control_jul
10,5433.7273,control_jul
10,5434.0276,control_jul
65,5434.3279,control_jul
40,5434.6283,control_jul
196,5434.9285,control_jul
186,5435.2289,control_jul
135,5435.5292,control_jul
135,5435.8296,control_jul
129,5436.1299,control_jul
192,5436.4302,control_jul
38,5436.7305,control_jul
32,5437.0308,control_jul
89,5437.3312,control_jul
190,5437.6315,control_jul
19,5437.9318,control_jul
19,5438.2321,control_jul
149,5438.5324,control_jul
159,5438.8328,control_jul
136,5439.1332,control_jul
172,5439.4335,control_jul
1,5439.7338,control_jul
176,5440.0341,control_jul
182,5440.3345,control_jul
206,5440.6348,control_jul
44,5440.9351,control_jul
189,5441.2355,control_jul
29,5441.5357,control_jul
117,5441.8361,control_jul
22,5442.1364,control_jul
35,5442.4367,control_jul
205,5442.7371,control_jul
47,5443.0374,control_jul
75,5443.3377,control_jul
83,5443.638,control_jul
192,5443.9384,control_jul
130,5444.2387,control_jul
160,5444.539,control_jul
70,5444.8393,control_jul
13,5445.1396,control_jul
19,5445.44,control_jul
85,5445.7403,control_jul
202,5446.0406,control_jul
114,5446.341,control_jul
130,5446.6412,control_jul
37,5446.9416,control_jul
164,5447.2419,control_jul
207,5447.5423,control_jul
80,5447.8426,control_jul
47,5448.1429,control_jul
173,5448.4432,control_jul
194,5448.7436,control_jul
196,5449.0439,control_jul
177,5449.3442,control_jul
202,5449.6445,control_jul
22,5449.9448,control_jul
144,5450.2452,control_jul
48,5450.5455,control_jul
12,5450.8458,control_jul
29,5451.1461,control_jul
16,5451.4465,control_jul
19,5451.7468,control_jul
53,5452.0471,control_jul
53,5452.3475,control_jul
53,5452.6478,control_jul
53,5452.9481,control_jul
53,5453.2484,control_jul
38,5453.5487,control_jul
70,5453.8491,control_jul
74,5454.1494,control_jul
14,5454.4497,control_jul
149,5454.7501,control_jul
124,5455.3507,control_jul
193,5455.6511,control_jul
140,5455.9514,control_jul
188,5456.2517,control_jul
29,5456.552,control_jul
17,5456.8524,control_jul
131,5457.1526,control_jul
11,5457.453,control_jul
204,5457.7533,control_jul
11,5458.0536,control_jul
114,5458.354,control_jul
37,5458.6543,control_jul
38,5458.9546,control_jul
19,5459.2549,control_jul
209,5459.5552,control_jul
87,5459.8556,control_jul
36,5460.1559,control_jul
211,5460.4562,control_jul
136,5460.7566,control_jul
135,5461.0569,control_jul
157,5461.3572,control_jul
140,5461.6575,control_jul
72,5461.9579,control_jul
80,5462.2582,control_jul
136,5462.5585,control_jul
135,5462.8588,control_jul
135,5463.1591,control_jul
188,5463.4595,control_jul
135,5463.7598,control_jul
135,5464.0602,control_jul
135,5464.3605,control_jul
135,5464.6608,control_jul
127,5464.9611,control_jul
35,5465.2614,control_jul
128,5465.5617,control_jul
87,5465.8621,control_jul
211,5466.1624,control_jul
135,5466.4628,control_jul
162,5466.7631,control_jul
110,5467.0634,control_jul
5,5467.3637,control_jul
170,5467.664,control_jul
62,5467.9644,control_jul
134,5468.2647,control_jul
18,5468.565,control_jul
134,5468.8653,control_jul
134,5469.1657,control_jul
116,5469.466,control_jul
166,5469.7663,control_jul
134,5470.0667,control_jul
116,5470.367,control_jul
62,5470.6673,control_jul
116,5470.9676,control_jul
163,5471.2679,control_jul
137,5471.5683,control_jul
13,5471.8686,control_jul
65,5472.1689,control_jul
121,5472.4693,control_jul
78,5472.7696,control_jul
63,5473.07,control_jul
185,5473.3702,control_jul
92,5473.6706,control_jul
158,5473.9708,control_jul
29,5474.2713,control_jul
126,5474.5716,control_jul
22,5474.8719,control_jul
121,5475.1722,control_jul
145,5475.4725,control_jul
142,5475.7728,control_jul
54,5476.0732,control_jul
81,5476.3734,control_jul
198,5476.6738,control_jul
197,5476.9741,control_jul
123,5477.2745,control_jul
133,5477.5748,control_jul
97,5477.8751,control_jul
36,5478.1755,control_jul
13,5478.4757,control_jul
97,5478.7761,control_jul
133,5479.0764,control_jul
22,5479.3767,control_jul
195,5479.6771,control_jul
185,5479.9774,control_jul
63,5480.2777,control_jul
192,5480.578,control_jul
184,5480.8784,control_jul
58,5481.1787,control_jul
32,5481.479,control_jul
29,5481.7793,control_jul
211,5482.0796,control_jul
181,5482.38,control_jul
181,5482.6803,control_jul
136,5482.9806,control_jul
3,5483.281,control_jul
78,5483.5813,control_jul
184,5483.8816,control_jul
176,5484.1819,control_jul
88,5484.4822,control_jul
176,5484.7825,control_jul
70,5485.0829,control_jul
32,5485.3833,control_jul
55,5485.6836,control_jul
202,5485.9839,control_jul
211,5486.2842,control_jul
199,5486.5845,control_jul
92,5486.8848,control_jul
71,5487.1852,control_jul
73,5487.4855,control_jul
44,5487.7858,control_jul
205,5488.0862,control_jul
211,5488.3865,control_jul
154,5488.6868,control_jul
63,5488.9871,control_jul
28,5489.2875,control_jul
198,5489.5878,control_jul
24,5489.8881,control_jul
94,5490.1884,control_jul
17,5490.4888,control_jul
58,5490.7891,control_jul
58,5491.0894,control_jul
3,5491.3898,control_jul
73,5491.69,control_jul
136,5491.9904,control_jul
163,5492.2907,control_jul
161,5492.591,control_jul
47,5492.8914,control_jul
155,5493.1917,control_jul
172,5493.492,control_jul
149,5493.7924,control_jul
65,5494.0927,control_jul
117,5494.393,control_jul
189,5494.6933,control_jul
190,5494.9937,control_jul
1,5495.294,control_jul
172,5495.5943,control_jul
127,5495.8947,control_jul
173,5496.1949,control_jul
186,5496.4953,control_jul
207,5496.7956,control_jul
120,5497.0959,control_jul
39,5497.3962,control_jul
137,5497.6966,control_jul
29,5497.9969,control_jul
158,5498.2972,control_jul
158,5498.5976,control_jul
98,5498.8979,control_jul
155,5499.1982,control_jul
155,5499.4985,control_jul
84,5499.7989,control_jul
77,5500.0992,control_jul
67,5500.3995,control_jul
92,5500.6998,control_jul
106,5501.0002,control_jul
185,5501.3005,control_jul
92,5501.6008,control_jul
185,5501.9012,control_jul
192,5502.2014,control_jul
150,5502.5018,control_jul
202,5502.8021,control_jul
152,5503.1024,control_jul
47,5503.4028,control_jul
163,5503.7031,control_jul
80,5504.0034,control_jul
152,5504.3037,control_jul
188,5504.6041,control_jul
172,5504.9044,control_jul
73,5505.2047,control_jul
110,5505.505,control_jul
143,5505.8054,control_jul
77,5506.1057,control_jul
136,5506.406,control_jul
125,5506.7063,control_jul
67,5507.0066,control_jul
110,5507.307,control_jul
111,5507.6073,control_jul
110,5507.9076,control_jul
181,5508.2079,control_jul
143,5508.5083,control_jul
42,5508.8086,control_jul
77,5509.1089,control_jul
64,5509.4092,control_jul
75,5509.7096,control_jul
151,5510.0099,control_jul
64,5510.3102,control_jul
155,5510.6106,control_jul
136,5510.9109,control_jul
31,5511.2112,control_jul
190,5511.5116,control_jul
75,5511.8119,control_jul
175,5512.1122,control_jul
15,5512.4125,control_jul
178,5512.7128,control_jul
155,5513.0132,control_jul
187,5513.3135,control_jul
75,5513.6138,control_jul
75,5513.9141,control_jul
187,5514.2144,control_jul
64,5514.5148,control_jul
124,5514.8151,control_jul
127,5515.1154,control_jul
55,5515.4158,control_jul
22,5515.7161,control_jul
117,5516.0164,control_jul
39,5516.3167,control_jul
183,5516.6171,control_jul
87,5516.9173,control_jul
31,5517.2177,control_jul
47,5517.518,control_jul
152,5517.8184,control_jul
164,5518.1186,control_jul
150,5518.419,control_jul
79,5518.7193,control_jul
190,5519.0196,control_jul
152,5519.32,control_jul
108,5519.6203,control_jul
7,5519.9206,control_jul
134,5520.221,control_jul
134,5520.5213,control_jul
18,5520.8216,control_jul
188,5521.122,control_jul
127,5521.4223,control_jul
80,5521.7226,control_jul
120,5522.0229,control_jul
6,5522.3232,control_jul
115,5522.6236,control_jul
176,5522.9239,control_jul
101,5523.2242,control_jul
10,5523.5245,control_jul
48,5523.8248,control_jul
176,5524.1252,control_jul
53,5524.4255,control_jul
176,5524.7258,control_jul
14,5525.0261,control_jul
53,5525.3265,control_jul
10,5525.6268,control_jul
165,5525.9271,control_jul
125,5526.2275,control_jul
208,5526.5278,control_jul
151,5526.8281,control_jul
199,5527.1284,control_jul
63,5527.4287,control_jul
113,5527.7291,control_jul
121,5528.0294,control_jul
84,5528.3297,control_jul
174,5528.6301,control_jul
153,5528.9304,control_jul
153,5529.2307,control_jul
115,5529.531,control_jul
174,5529.8313,control_jul
67,5530.1317,control_jul
73,5530.432,control_jul
136,5530.7323,control_jul
175,5531.0326,control_jul
142,5531.333,control_jul
6,5531.6333,control_jul
174,5531.9336,control_jul
153,5532.2339,control_jul
42,5532.5342,control_jul
65,5532.8346,control_jul
164,5533.1349,control_jul
185,5533.4353,control_jul
194,5533.7356,control_jul
123,5534.0359,control_jul
83,5534.3363,control_jul
182,5534.6365,control_jul
165,5534.9369,control_jul
35,5535.2372,control_jul
76,5535.5375,control_jul
35,5535.8379,control_jul
89,5536.1381,control_jul
1,5536.4385,control_jul
135,5536.7388,control_jul
188,5537.0392,control_jul
92,5537.3395,control_jul
63,5537.6398,control_jul
202,5537.9401,control_jul
117,5538.2404,control_jul
13,5538.5408,control_jul
17,5538.8411,control_jul
10,5539.1414,control_jul
139,5539.4418,control_jul
148,5539.742,control_jul
202,5540.0424,control_jul
152,5540.3428,control_jul
200,5540.643,control_jul
172,5540.9433,control_jul
64,5541.2436,control_jul
73,5541.544,control_jul
110,5541.8444,control_jul
115,5542.1447,control_jul
5,5542.445,control_jul
62,5542.7453,control_jul
15,5543.0456,control_jul
15,5543.346,control_jul
15,5543.6463,control_jul
15,5543.9466,control_jul
109,5544.2469,control_jul
6,5544.5473,control_jul
67,5544.8476,control_jul
124,5545.1479,control_jul
31,5545.4482,control_jul
175,5545.7485,control_jul
31,5546.0489,control_jul
33,5546.3492,control_jul
65,5546.6495,control_jul
70,5546.9499,control_jul
87,5547.2501,control_jul
1,5547.5505,control_jul
84,5547.8508,control_jul
14,5548.1511,control_jul
19,5548.4514,control_jul
1,5548.7518,control_jul
125,5549.0521,control_jul
125,5549.3524,control_jul
1,5549.6528,control_jul
125,5549.9531,control_jul
85,5550.2534,control_jul
87,5550.5538,control_jul
74,5550.854,control_jul
74,5551.1544,control_jul
55,5551.4547,control_jul
123,5551.755,control_jul
60,5552.0554,control_jul
35,5552.3557,control_jul
133,5552.656,control_jul
35,5552.9563,control_jul
35,5553.2567,control_jul
185,5553.557,control_jul
60,5553.8573,control_jul
38,5554.1576,control_jul
48,5554.458,control_jul
43,5554.7583,control_jul
51,5555.0586,control_jul
31,5555.359,control_jul
175,5555.6593,control_jul
20,5555.9596,control_jul
101,5556.2599,control_jul
8,5556.5602,control_jul
143,5556.8605,control_jul
42,5557.1609,control_jul
161,5557.4612,control_jul
131,5557.7615,control_jul
176,5558.0619,control_jul
70,5558.3622,control_jul
176,5558.6625,control_jul
158,5558.9629,control_jul
176,5559.2632,control_jul
43,5559.5635,control_jul
85,5559.8638,control_jul
169,5560.1642,control_jul
115,5560.4645,control_jul
42,5560.7648,control_jul
73,5561.0651,control_jul
142,5561.3655,control_jul
125,5561.6658,control_jul
75,5561.9661,control_jul
33,5562.2664,control_jul
127,5562.5668,control_jul
162,5562.8671,control_jul
79,5563.1674,control_jul
171,5563.4677,control_jul
67,5563.768,control_jul
110,5564.0684,control_jul
31,5564.3687,control_jul
124,5564.669,control_jul
124,5564.9694,control_jul
127,5565.2697,control_jul
72,5565.57,control_jul
72,5565.8703,control_jul
124,5566.1706,control_jul
75,5566.7713,control_jul
175,5567.0716,control_jul
31,5567.372,control_jul
77,5567.6723,control_jul
14,5567.9726,control_jul
123,5568.2729,control_jul
188,5568.5732,control_jul
135,5568.8735,control_jul
33,5569.1739,control_jul
73,5569.4742,control_jul
138,5569.7746,control_jul
138,5570.0749,control_jul
208,5570.3752,control_jul
125,5570.6755,control_jul
31,5570.9758,control_jul
99,5571.2761,control_jul
181,5571.5765,control_jul
77,5571.8768,control_jul
20,5572.1772,control_jul
48,5572.4775,control_jul
118,5572.7778,control_jul
165,5573.0781,control_jul
20,5573.3785,control_jul
142,5573.6787,control_jul
67,5573.9791,control_jul
65,5574.2794,control_jul
76,5574.5797,control_jul
92,5574.8801,control_jul
137,5575.1804,control_jul
123,5575.4807,control_jul
185,5575.781,control_jul
118,5576.0813,control_jul
92,5576.3816,control_jul
144,5576.682,control_jul
78,5576.9823,control_jul
76,5577.2826,control_jul
24,5577.583,control_jul
160,5577.8833,control_jul
41,5578.1836,control_jul
13,5578.4839,control_jul
70,5578.7843,control_jul
1,5579.0846,control_jul
67,5579.3849,control_jul
14,5579.6852,control_jul
101,5579.9855,control_jul
8,5580.2859,control_jul
176,5580.5862,control_jul
44,5580.8865,control_jul
92,5581.1869,control_jul
65,5581.4872,control_jul
72,5581.7875,control_jul
33,5582.0878,control_jul
47,5582.3882,control_jul
154,5582.6884,control_jul
19,5582.9888,control_jul
209,5583.2891,control_jul
165,5583.5894,control_jul
112,5583.8897,control_jul
194,5584.1901,control_jul
69,5584.4904,control_jul
208,5584.7908,control_jul
124,5585.0911,control_jul
157,5585.3914,control_jul
57,5585.6917,control_jul
83,5585.992,control_jul
194,5586.2924,control_jul
24,5586.5927,control_jul
197,5586.893,control_jul
130,5587.1933,control_jul
24,5587.4937,control_jul
197,5587.794,control_jul
158,5588.0943,control_jul
43,5588.3947,control_jul
30,5588.6949,control_jul
34,5588.9952,control_jul
160,5589.2956,control_jul
156,5589.5959,control_jul
133,5589.8963,control_jul
40,5590.1966,control_jul
149,5590.4969,control_jul
38,5590.7972,control_jul
202,5591.0975,control_jul
63,5591.3979,control_jul
73,5591.6982,control_jul
136,5591.9986,control_jul
188,5592.2988,control_jul
129,5592.5992,control_jul
55,5592.8995,control_jul
191,5593.1998,control_jul
194,5593.5001,control_jul
179,5593.8005,control_jul
144,5594.1008,control_jul
186,5594.4011,control_jul
173,5594.7015,control_jul
191,5595.0018,control_jul
183,5595.3021,control_jul
33,5595.6024,control_jul
159,5595.9028,control_jul
4,5596.2031,control_jul
136,5596.5034,control_jul
31,5596.8037,control_jul
31,5597.104,control_jul
73,5597.4044,control_jul
152,5597.7047,control_jul
135,5598.005,control_jul
80,5598.3053,control_jul
151,5598.6057,control_jul
67,5598.906,control_jul
199,5599.2063,control_jul
192,5599.5066,control_jul
57,5599.807,control_jul
65,5600.1072,control_jul
22,5600.4076,control_jul
46,5600.7079,control_jul
73,5601.0082,control_jul
122,5601.3086,control_jul
75,5601.6089,control_jul
89,5601.9092,control_jul
190,5602.2096,control_jul
152,5602.5099,control_jul
127,5602.8102,control_jul
92,5603.1105,control_jul
16,5603.4108,control_jul
74,5603.7111,control_jul
131,5604.0115,control_jul
165,5604.3118,control_jul
92,5604.6122,control_jul
144,5604.9124,control_jul
92,5605.2128,control_jul
44,5605.5131,control_jul
63,5605.8134,control_jul
180,5606.1137,control_jul
36,5606.4141,control_jul
158,5606.7144,control_jul
43,5607.0147,control_jul
112,5607.315,control_jul
206,5607.6154,control_jul
117,5607.9157,control_jul
17,5608.216,control_jul
38,5608.5164,control_jul
36,5608.8167,control_jul
183,5609.117,control_jul
84,5609.4173,control_jul
153,5609.7177,control_jul
141,5610.018,control_jul
174,5610.3183,control_jul
143,5610.6186,control_jul
31,5610.919,control_jul
211,5611.2192,control_jul
35,5611.5196,control_jul
55,5611.8199,control_jul
205,5612.1202,control_jul
164,5612.4205,control_jul
177,5612.7208,control_jul
193,5613.0212,control_jul
47,5613.3215,control_jul
33,5613.6218,control_jul
64,5613.9222,control_jul
151,5614.2225,control_jul
161,5614.5228,control_jul
73,5614.8232,control_jul
208,5615.1235,control_jul
190,5615.4238,control_jul
208,5615.7241,control_jul
151,5616.0244,control_jul
181,5616.3248,control_jul
124,5616.6251,control_jul
124,5616.9254,control_jul
161,5617.2258,control_jul
190,5617.526,control_jul
142,5617.8264,control_jul
73,5618.1267,control_jul
208,5618.427,control_jul
125,5618.7274,control_jul
67,5619.0276,control_jul
77,5619.328,control_jul
51,5619.6283,control_jul
172,5619.9287,control_jul
72,5620.229,control_jul
190,5620.5293,control_jul
75,5620.8296,control_jul
142,5621.1299,control_jul
169,5621.4302,control_jul
127,5621.7306,control_jul
72,5622.0309,control_jul
199,5622.3313,control_jul
199,5622.6316,control_jul
161,5622.9318,control_jul
199,5623.2322,control_jul
1,5623.5325,control_jul
110,5623.8328,control_jul
199,5624.1332,control_jul
185,5624.4335,control_jul
138,5624.7338,control_jul
80,5625.0341,control_jul
199,5625.3345,control_jul
152,5625.6348,control_jul
161,5625.9351,control_jul
122,5626.2354,control_jul
142,5626.5357,control_jul
143,5626.836,control_jul
174,5627.1364,control_jul
20,5627.4367,control_jul
202,5627.7371,control_jul
129,5628.0374,control_jul
136,5628.3377,control_jul
125,5628.638,control_jul
31,5628.9384,control_jul
178,5629.2387,control_jul
1,5629.539,control_jul
188,5629.8393,control_jul
206,5630.1396,control_jul
184,5630.44,control_jul
161,5630.7403,control_jul
181,5631.0406,control_jul
143,5631.341,control_jul
31,5631.6412,control_jul
79,5631.9416,control_jul
136,5632.2419,control_jul
44,5632.5422,control_jul
76,5632.8425,control_jul
191,5633.1429,control_jul
97,5633.4432,control_jul
126,5633.7436,control_jul
117,5634.0438,control_jul
40,5634.3442,control_jul
191,5634.6445,control_jul
38,5635.2452,control_jul
180,5635.5454,control_jul
43,5635.8458,control_jul
176,5636.1461,control_jul
159,5636.4464,control_jul
125,5636.7468,control_jul
110,5637.047,control_jul
62,5637.3474,control_jul
45,5637.6477,control_jul
127,5637.948,control_jul
188,5638.2484,control_jul
181,5638.5487,control_jul
42,5638.849,control_jul
100,5639.1493,control_jul
117,5639.4497,control_jul
76,5639.75,control_jul
117,5640.0503,control_jul
125,5640.3506,control_jul
151,5640.6509,control_jul
143,5640.9513,control_jul
145,5641.2516,control_jul
124,5641.5519,control_jul
152,5641.8523,control_jul
83,5642.1525,control_jul
17,5642.4529,control_jul
101,5642.7532,control_jul
63,5643.0535,control_jul
74,5643.3539,control_jul
101,5643.6542,control_jul
81,5643.9545,control_jul
106,5644.2548,control_jul
205,5644.5552,control_jul
83,5644.8554,control_jul
184,5645.1558,control_jul
190,5645.4561,control_jul
31,5645.7564,control_jul
7,5646.0567,control_jul
17,5646.3571,control_jul
184,5646.6574,control_jul
65,5646.9577,control_jul
65,5647.2581,control_jul
35,5647.5584,control_jul
196,5647.8587,control_jul
196,5648.159,control_jul
144,5648.4594,control_jul
205,5648.7597,control_jul
78,5649.06,control_jul
55,5649.3603,control_jul
192,5649.6606,control_jul
38,5649.961,control_jul
44,5650.2612,control_jul
55,5650.5617,control_jul
121,5650.862,control_jul
158,5651.1623,control_jul
98,5651.4626,control_jul
124,5651.7629,control_jul
73,5652.0633,control_jul
72,5652.3636,control_jul
140,5652.6639,control_jul
97,5652.9642,control_jul
164,5653.2645,control_jul
144,5653.5648,control_jul
44,5653.8652,control_jul
184,5654.1655,control_jul
208,5654.4658,control_jul
143,5654.7661,control_jul
181,5655.0665,control_jul
143,5655.3668,control_jul
142,5655.6671,control_jul
7,5655.9675,control_jul
31,5656.2677,control_jul
73,5656.5681,control_jul
64,5656.8684,control_jul
75,5657.1687,control_jul
122,5657.4691,control_jul
1,5657.7694,control_jul
3,5658.0697,control_jul
165,5658.37,control_jul
202,5658.6703,control_jul
38,5658.9707,control_jul
16,5659.271,control_jul
17,5659.5713,control_jul
61,5659.8716,control_jul
181,5660.172,control_jul
125,5660.4723,control_jul
73,5660.7726,control_jul
186,5661.0729,control_jul
97,5661.3732,control_jul
49,5661.6736,control_jul
60,5661.9739,control_jul
17,5662.2742,control_jul
48,5662.5745,control_jul
31,5662.8749,control_jul
50,5663.1752,control_jul
32,5663.4755,control_jul
13,5663.7758,control_jul
17,5664.0762,control_jul
100,5664.3765,control_jul
61,5664.6768,control_jul
61,5664.9772,control_jul
153,5665.2774,control_jul
153,5665.5778,control_jul
115,5665.878,control_jul
2,5666.1784,control_jul
2,5666.4787,control_jul
115,5666.779,control_jul
145,5667.0794,control_jul
12,5667.3797,control_jul
74,5667.68,control_jul
61,5667.9804,control_jul
153,5668.2807,control_jul
139,5668.581,control_jul
15,5668.8813,control_jul
174,5669.1817,control_jul
108,5669.482,control_jul
116,5669.7823,control_jul
175,5670.0826,control_jul
33,5670.3829,control_jul
47,5670.6833,control_jul
59,5670.9836,control_jul
194,5671.2839,control_jul
202,5671.5851,control_jul
194,5671.8846,control_jul
92,5672.1849,control_jul
92,5672.4852,control_jul
191,5672.7855,control_jul
194,5673.0858,control_jul
97,5673.3861,control_jul
206,5673.6865,control_jul
41,5673.9868,control_jul
205,5674.2871,control_jul
164,5674.5874,control_jul
198,5674.8877,control_jul
156,5675.1881,control_jul
24,5675.4884,control_jul
11,5675.7887,control_jul
203,5676.0891,control_jul
209,5676.3894,control_jul
158,5676.6897,control_jul
81,5676.99,control_jul
106,5677.2903,control_jul
196,5677.5907,control_jul
69,5677.891,control_jul
144,5678.1913,control_jul
191,5678.4916,control_jul
194,5678.7919,control_jul
136,5679.0923,control_jul
127,5679.3926,control_jul
164,5679.6929,control_jul
196,5679.9933,control_jul
144,5680.2936,control_jul
200,5680.594,control_jul
173,5680.8942,control_jul
152,5681.1946,control_jul
136,5681.4949,control_jul
173,5681.7952,control_jul
200,5682.0955,control_jul
207,5682.3958,control_jul
186,5682.6962,control_jul
161,5682.9965,control_jul
193,5683.2968,control_jul
84,5683.5972,control_jul
115,5683.8975,control_jul
153,5684.1979,control_jul
111,5684.4981,control_jul
135,5684.7985,control_jul
127,5685.0988,control_jul
136,5685.3992,control_jul
33,5685.6995,control_jul
169,5685.9998,control_jul
15,5686.3001,control_jul
151,5686.6004,control_jul
77,5686.9007,control_jul
169,5687.2011,control_jul
115,5687.5014,control_jul
141,5687.8017,control_jul
174,5688.1021,control_jul
7,5688.4024,control_jul
72,5688.7027,control_jul
6,5689.003,control_jul
50,5689.3033,control_jul
13,5689.6036,control_jul
189,5689.904,control_jul
17,5690.2043,control_jul
202,5690.5046,control_jul
52,5690.8049,control_jul
36,5691.1053,control_jul
206,5691.4056,control_jul
196,5691.706,control_jul
196,5692.0062,control_jul
183,5692.3066,control_jul
77,5692.6069,control_jul
143,5692.9072,control_jul
51,5693.2075,control_jul
99,5693.5079,control_jul
127,5693.8082,control_jul
137,5694.1085,control_jul
70,5694.4089,control_jul
148,5694.7092,control_jul
36,5695.0095,control_jul
55,5695.3099,control_jul
55,5695.6101,control_jul
165,5695.9105,control_jul
106,5696.2108,control_jul
160,5696.5111,control_jul
160,5696.8115,control_jul
198,5697.1118,control_jul
198,5697.4121,control_jul
156,5697.7124,control_jul
179,5698.0127,control_jul
194,5698.3131,control_jul
182,5698.6134,control_jul
55,5698.9137,control_jul
179,5699.2141,control_jul
144,5699.5144,control_jul
191,5699.8147,control_jul
160,5700.115,control_jul
160,5700.4154,control_jul
196,5700.7157,control_jul
133,5701.0161,control_jul
133,5701.3164,control_jul
28,5701.6167,control_jul
156,5701.917,control_jul
130,5702.2173,control_jul
114,5702.5177,control_jul
184,5702.818,control_jul
65,5703.1183,control_jul
124,5703.4187,control_jul
45,5703.719,control_jul
108,5704.0193,control_jul
109,5704.3196,control_jul
59,5704.6199,control_jul
56,5704.9203,control_jul
4,5705.2206,control_jul
140,5705.5209,control_jul
80,5705.8212,control_jul
83,5706.1216,control_jul
137,5706.4219,control_jul
177,5706.7222,control_jul
28,5707.0225,control_jul
156,5707.3228,control_jul
160,5707.6232,control_jul
179,5707.9235,control_jul
194,5708.2239,control_jul
49,5708.5242,control_jul
186,5708.8245,control_jul
186,5709.1249,control_jul
186,5709.4252,control_jul
120,5709.7255,control_jul
38,5710.0258,control_jul
158,5710.3261,control_jul
38,5710.6265,control_jul
131,5710.9268,control_jul
19,5711.2271,control_jul
176,5711.5274,control_jul
74,5711.8278,control_jul
83,5712.1281,control_jul
186,5712.4284,control_jul
200,5712.7288,control_jul
72,5713.029,control_jul
47,5713.3293,control_jul
154,5713.6297,control_jul
48,5713.9301,control_jul
152,5714.2304,control_jul
127,5714.5307,control_jul
83,5714.831,control_jul
133,5715.1314,control_jul
194,5715.4317,control_jul
137,5715.732,control_jul
63,5716.0324,control_jul
144,5716.3326,control_jul
194,5716.633,control_jul
179,5716.9333,control_jul
194,5717.2336,control_jul
52,5717.534,control_jul
10,5717.8343,control_jul
74,5718.1346,control_jul
19,5718.4349,control_jul
38,5718.7353,control_jul
137,5719.0356,control_jul
57,5719.3359,control_jul
55,5719.6362,control_jul
180,5719.9366,control_jul
152,5720.2369,control_jul
164,5720.5372,control_jul
55,5720.8376,control_jul
131,5721.1379,control_jul
10,5721.4382,control_jul
99,5721.7385,control_jul
122,5722.0389,control_jul
190,5722.3392,control_jul
56,5722.6395,control_jul
75,5722.9398,control_jul
208,5723.2402,control_jul
134,5723.5405,control_jul
18,5723.8408,control_jul
163,5724.1411,control_jul
79,5724.4415,control_jul
1,5724.7418,control_jul
16,5725.0421,control_jul
192,5725.3425,control_jul
209,5725.6428,control_jul
43,5725.943,control_jul
70,5726.2434,control_jul
144,5726.5438,control_jul
198,5726.844,control_jul
197,5727.1444,control_jul
195,5727.4447,control_jul
185,5727.7451,control_jul
185,5728.0454,control_jul
177,5728.3457,control_jul
182,5728.646,control_jul
10,5728.9463,control_jul
3,5729.2467,control_jul
182,5729.547,control_jul
123,5729.8473,control_jul
202,5730.1476,control_jul
184,5730.4479,control_jul
184,5730.7483,control_jul
164,5731.0486,control_jul
179,5731.349,control_jul
24,5731.6493,control_jul
24,5731.9496,control_jul
198,5732.2499,control_jul
24,5732.5502,control_jul
24,5732.8506,control_jul
24,5733.1509,control_jul
24,5733.4512,control_jul
23,5733.7515,control_jul
202,5734.0519,control_jul
184,5734.3522,control_jul
117,5734.6525,control_jul
117,5734.9528,control_jul
202,5735.2532,control_jul
198,5735.5535,control_jul
205,5735.8539,control_jul
70,5736.1541,control_jul
38,5736.4544,control_jul
165,5736.7548,control_jul
44,5737.0551,control_jul
13,5737.3555,control_jul
78,5737.6558,control_jul
14,5737.9561,control_jul
117,5738.2564,control_jul
55,5738.5567,control_jul
185,5738.8571,control_jul
32,5739.1574,control_jul
110,5739.4578,control_jul
29,5739.758,control_jul
17,5740.0584,control_jul
92,5740.3587,control_jul
123,5740.659,control_jul
123,5740.9594,control_jul
35,5741.2597,control_jul
17,5741.56,control_jul
137,5741.8604,control_jul
67,5742.1606,control_jul
89,5742.461,control_jul
124,5742.7613,control_jul
3,5743.0616,control_jul
209,5743.362,control_jul
48,5743.6622,control_jul
176,5743.9626,control_jul
110,5744.2629,control_jul
33,5744.5633,control_jul
192,5744.8636,control_jul
158,5745.1639,control_jul
14,5745.4643,control_jul
32,5745.7646,control_jul
126,5746.0649,control_jul
165,5746.3652,control_jul
83,5746.6656,control_jul
137,5746.9659,control_jul
1,5747.2662,control_jul
139,5747.5665,control_jul
84,5747.8669,control_jul
143,5748.1671,control_jul
43,5748.4675,control_jul
32,5748.7679,control_jul
131,5749.0681,control_jul
19,5749.3685,control_jul
184,5749.6688,control_jul
36,5749.9691,control_jul
49,5750.2694,control_jul
133,5750.5697,control_jul
194,5750.8701,control_jul
133,5751.1704,control_jul
192,5751.4708,control_jul
202,5751.7711,control_jul
205,5752.0714,control_jul
192,5752.3717,control_jul
185,5752.6721,control_jul
165,5752.9724,control_jul
192,5753.2727,control_jul
3,5753.573,control_jul
36,5753.8734,control_jul
205,5754.1737,control_jul
196,5754.474,control_jul
35,5754.7743,control_jul
97,5755.0746,control_jul
106,5755.375,control_jul
182,5755.6753,control_jul
189,5755.9756,control_jul
16,5756.276,control_jul
65,5756.5763,control_jul
55,5756.8766,control_jul
97,5757.1769,control_jul
63,5757.4772,control_jul
36,5757.7776,control_jul
3,5758.0779,control_jul
123,5758.3782,control_jul
48,5758.6786,control_jul
29,5758.9788,control_jul
65,5759.2792,control_jul
137,5759.5795,control_jul
43,5759.8799,control_jul
51,5760.1802,control_jul
71,5760.4805,control_jul
202,5760.7808,control_jul
70,5761.0812,control_jul
192,5761.3815,control_jul
137,5761.6818,control_jul
78,5761.9821,control_jul
191,5762.2824,control_jul
76,5762.5828,control_jul
92,5762.8831,control_jul
157,5763.4837,control_jul
192,5763.7841,control_jul
184,5764.0844,control_jul
92,5764.3847,control_jul
76,5764.6851,control_jul
194,5764.9854,control_jul
206,5765.2857,control_jul
49,5765.586,control_jul
40,5765.8863,control_jul
185,5766.1867,control_jul
130,5766.487,control_jul
22,5766.7873,control_jul
35,5767.0876,control_jul
192,5767.388,control_jul
192,5767.6883,control_jul
17,5767.9886,control_jul
185,5768.2889,control_jul
40,5768.5892,control_jul
206,5768.8896,control_jul
76,5769.1899,control_jul
185,5769.4902,control_jul
48,5769.7906,control_jul
87,5770.0909,control_jul
203,5770.3912,control_jul
37,5770.6916,control_jul
24,5770.9919,control_jul
133,5771.2921,control_jul
133,5771.5925,control_jul
80,5771.8928,control_jul
49,5772.1932,control_jul
183,5772.4935,control_jul
158,5772.7938,control_jul
70,5773.0941,control_jul
12,5773.3944,control_jul
29,5773.6948,control_jul
43,5773.9951,control_jul
29,5774.2954,control_jul
78,5774.5958,control_jul
58,5774.8961,control_jul
126,5775.1964,control_jul
87,5775.4967,control_jul
65,5775.797,control_jul
70,5776.0974,control_jul
149,5776.3978,control_jul
142,5776.698,control_jul
154,5776.9983,control_jul
32,5777.2987,control_jul
93,5777.599,control_jul
16,5777.8993,control_jul
74,5778.1996,control_jul
77,5778.5,control_jul
67,5778.8003,control_jul
125,5779.1006,control_jul
31,5779.4009,control_jul
6,5779.7013,control_jul
42,5780.0016,control_jul
145,5780.3019,control_jul
209,5780.6022,control_jul
36,5780.9026,control_jul
123,5781.2029,control_jul
194,5781.5032,control_jul
36,5781.8036,control_jul
211,5782.1039,control_jul
73,5782.4042,control_jul
73,5782.7045,control_jul
162,5783.0049,control_jul
36,5783.3052,control_jul
192,5783.6055,control_jul
35,5783.9058,control_jul
149,5784.2061,control_jul
125,5784.509,control_jul
193,5784.8068,control_jul
64,5785.1071,control_jul
31,5785.4075,control_jul
71,5785.7077,control_jul
72,5786.0081,control_jul
59,5786.3084,control_jul
72,5786.6087,control_jul
136,5786.9091,control_jul
59,5787.2093,control_jul
55,5787.5097,control_jul
117,5787.81,control_jul
158,5788.1104,control_jul
61,5788.4107,control_jul
148,5788.711,control_jul
180,5789.0113,control_jul
16,5789.3116,control_jul
74,5789.6119,control_jul
184,5789.9123,control_jul
185,5790.2126,control_jul
123,5790.513,control_jul
49,5790.8132,control_jul
97,5791.1136,control_jul
92,5791.4139,control_jul
65,5791.7142,control_jul
55,5792.0145,control_jul
36,5792.3149,control_jul
182,5792.6152,control_jul
211,5792.9155,control_jul
119,5793.2158,control_jul
49,5793.5162,control_jul
144,5793.8165,control_jul
123,5794.1168,control_jul
70,5794.4171,control_jul
22,5794.7175,control_jul
55,5795.0178,control_jul
23,5795.3181,control_jul
117,5795.6184,control_jul
118,5795.9187,control_jul
184,5796.2191,control_jul
192,5796.5194,control_jul
49,5796.8197,control_jul
185,5797.1201,control_jul
55,5797.4204,control_jul
3,5797.7207,control_jul
78,5798.021,control_jul
205,5798.3213,control_jul
206,5798.6217,control_jul
133,5798.922,control_jul
144,5799.2223,control_jul
179,5799.5226,control_jul
24,5799.8229,control_jul
156,5800.1233,control_jul
160,5800.4236,control_jul
160,5800.724,control_jul
196,5801.0243,control_jul
196,5801.3245,control_jul
192,5801.6249,control_jul
17,5801.9252,control_jul
17,5802.2256,control_jul
123,5802.5259,control_jul
49,5802.8262,control_jul
123,5803.1266,control_jul
180,5803.4268,control_jul
83,5803.7272,control_jul
182,5804.03,control_jul
149,5804.3278,control_jul
129,5804.6282,control_jul
70,5804.9284,control_jul
17,5805.2288,control_jul
57,5805.5291,control_jul
206,5805.8295,control_jul
97,5806.1298,control_jul
144,5806.4301,control_jul
189,5806.7305,control_jul
20,5807.0308,control_jul
136,5807.3311,control_jul
190,5807.6314,control_jul
84,5807.9317,control_jul
110,5808.2321,control_jul
7,5808.5324,control_jul
142,5808.8327,control_jul
84,5809.1331,control_jul
4,5809.4334,control_jul
10,5809.7337,control_jul
65,5810.034,control_jul
158,5810.3343,control_jul
88,5810.6347,control_jul
85,5810.9349,control_jul
44,5811.2353,control_jul
76,5811.5356,control_jul
179,5811.8359,control_jul
198,5812.1363,control_jul
92,5812.4366,control_jul
57,5812.7369,control_jul
72,5813.0372,control_jul
152,5813.3376,control_jul
80,5813.6379,control_jul
75,5813.9382,control_jul
83,5814.2385,control_jul
78,5814.5389,control_jul
118,5814.8391,control_jul
206,5815.1395,control_jul
123,5815.4398,control_jul
123,5815.7402,control_jul
126,5816.0405,control_jul
206,5816.3408,control_jul
206,5816.6411,control_jul
63,5816.9415,control_jul
180,5817.2418,control_jul
16,5817.5421,control_jul
143,5817.8424,control_jul
29,5818.1428,control_jul
192,5818.443,control_jul
72,5818.7434,control_jul
31,5819.0437,control_jul
36,5819.3441,control_jul
164,5819.6444,control_jul
117,5819.9447,control_jul
78,5820.245,control_jul
126,5820.5454,control_jul
83,5820.8457,control_jul
83,5821.146,control_jul
63,5821.4463,control_jul
164,5821.7466,control_jul
44,5822.047,control_jul
83,5822.3473,control_jul
57,5822.6476,control_jul
92,5822.948,control_jul
80,5823.2483,control_jul
135,5823.5486,control_jul
199,5823.8489,control_jul
186,5824.1492,control_jul
80,5824.4495,control_jul
138,5824.7499,control_jul
182,5825.0502,control_jul
72,5825.3505,control_jul
208,5825.6509,control_jul
7,5825.9512,control_jul
190,5826.2515,control_jul
44,5826.5518,control_jul
4,5826.8522,control_jul
29,5827.1524,control_jul
32,5827.4528,control_jul
209,5827.7531,control_jul
38,5828.0534,control_jul
19,5828.3538,control_jul
10,5828.6541,control_jul
101,5828.9545,control_jul
30,5829.2547,control_jul
50,5829.5551,control_jul
199,5829.8554,control_jul
152,5830.1557,control_jul
188,5830.4561,control_jul
122,5830.7564,control_jul
181,5831.0567,control_jul
143,5831.357,control_jul
84,5831.6573,control_jul
172,5831.9576,control_jul
36,5832.258,control_jul
126,5832.5583,control_jul
44,5832.8586,control_jul
35,5833.1589,control_jul
24,5833.4593,control_jul
49,5833.7596,control_jul
144,5834.0599,control_jul
37,5834.3603,control_jul
198,5834.6606,control_jul
191,5834.9609,control_jul
196,5835.2612,control_jul
195,5835.5616,control_jul
65,5835.8618,control_jul
38,5836.1622,control_jul
184,5836.4625,control_jul
3,5836.7628,control_jul
3,5837.0632,control_jul
87,5837.3635,control_jul
19,5837.6638,control_jul
209,5837.9642,control_jul
38,5838.2644,control_jul
202,5838.5648,control_jul
36,5838.8651,control_jul
206,5839.1654,control_jul
164,5839.4658,control_jul
194,5839.7661,control_jul
76,5840.0664,control_jul
188,5840.3668,control_jul
172,5840.667,control_jul
155,5840.9674,control_jul
190,5841.2677,control_jul
125,5841.568,control_jul
155,5841.8683,control_jul
155,5842.1687,control_jul
154,5842.469,control_jul
14,5842.7693,control_jul
53,5843.0696,control_jul
53,5843.37,control_jul
53,5843.6703,control_jul
155,5843.9706,control_jul
33,5844.2709,control_jul
44,5844.5712,control_jul
192,5844.8716,control_jul
182,5845.1719,control_jul
70,5845.4722,control_jul
35,5845.7725,control_jul
35,5846.0729,control_jul
182,5846.3732,control_jul
205,5846.6735,control_jul
182,5846.9739,control_jul
165,5847.2742,control_jul
106,5847.5745,control_jul
55,5847.8748,control_jul
22,5848.1752,control_jul
192,5848.4755,control_jul
83,5848.7758,control_jul
92,5849.0761,control_jul
36,5849.3765,control_jul
78,5849.6768,control_jul
126,5849.9771,control_jul
70,5850.2774,control_jul
182,5850.5778,control_jul
182,5850.878,control_jul
55,5851.1784,control_jul
182,5851.4788,control_jul
78,5851.779,control_jul
202,5852.0794,control_jul
101,5852.3797,control_jul
143,5852.68,control_jul
12,5852.9803,control_jul
182,5853.2807,control_jul
44,5853.581,control_jul
97,5853.8813,control_jul
196,5854.1817,control_jul
185,5854.482,control_jul
48,5854.7823,control_jul
136,5855.0826,control_jul
83,5855.3829,control_jul
185,5855.6833,control_jul
17,5855.9836,control_jul
60,5856.2839,control_jul
35,5856.5842,control_jul
164,5856.8845,control_jul
78,5857.1849,control_jul
84,5857.4852,control_jul
181,5857.7856,control_jul
143,5858.0859,control_jul
75,5858.3862,control_jul
190,5858.6865,control_jul
71,5858.9868,control_jul
182,5859.2871,control_jul
165,5859.5875,control_jul
184,5859.8878,control_jul
136,5860.1881,control_jul
190,5860.4885,control_jul
110,5860.7888,control_jul
181,5861.0891,control_jul
72,5861.3894,control_jul
208,5861.6898,control_jul
159,5861.9901,control_jul
159,5862.2904,control_jul
192,5862.5907,control_jul
164,5862.891,control_jul
76,5863.1914,control_jul
117,5863.4917,control_jul
206,5863.7921,control_jul
83,5864.0924,control_jul
184,5864.3927,control_jul
117,5864.693,control_jul
65,5864.9933,control_jul
182,5865.2937,control_jul
38,5865.594,control_jul
184,5865.8943,control_jul
78,5866.1946,control_jul
138,5866.4949,control_jul
110,5866.7953,control_jul
77,5867.0956,control_jul
2,5867.3959,control_jul
111,5867.6963,control_jul
72,5867.9965,control_jul
49,5868.2969,control_jul
48,5868.5972,control_jul
72,5868.8976,control_jul
73,5869.1979,control_jul
152,5869.4982,control_jul
202,5869.7985,control_jul
144,5870.0988,control_jul
144,5870.3992,control_jul
206,5870.6995,control_jul
197,5870.9998,control_jul
24,5871.3002,control_jul
198,5871.6005,control_jul
24,5871.9008,control_jul
198,5872.2012,control_jul
24,5872.5015,control_jul
194,5872.8018,control_jul
28,5873.102,control_jul
191,5873.4024,control_jul
202,5873.7028,control_jul
165,5874.0031,control_jul
164,5874.3033,control_jul
164,5874.6037,control_jul
144,5874.904,control_jul
179,5875.2044,control_jul
124,5875.5047,control_jul
136,5875.805,control_jul
205,5876.1053,control_jul
165,5876.4057,control_jul
36,5876.706,control_jul
208,5877.0063,control_jul
113,5877.3067,control_jul
117,5877.607,control_jul
209,5877.9073,control_jul
87,5878.2076,control_jul
17,5878.5079,control_jul
183,5878.8083,control_jul
128,5879.1086,control_jul
135,5879.4089,control_jul
207,5879.7092,control_jul
159,5880.0096,control_jul
127,5880.3099,control_jul
92,5880.6102,control_jul
76,5880.9105,control_jul
185,5881.2109,control_jul
35,5881.5112,control_jul
162,5881.8115,control_jul
152,5882.1118,control_jul
181,5882.4122,control_jul
72,5882.7125,control_jul
186,5883.0128,control_jul
71,5883.3131,control_jul
65,5883.6135,control_jul
8,5883.9138,control_jul
141,5884.2141,control_jul
153,5884.5144,control_jul
153,5884.8148,control_jul
86,5885.1151,control_jul
182,5885.4154,control_jul
92,5885.7158,control_jul
76,5886.0161,control_jul
76,5886.3164,control_jul
92,5886.6167,control_jul
184,5886.9171,control_jul
123,5887.2174,control_jul
144,5887.5177,control_jul
38,5887.8181,control_jul
32,5888.1183,control_jul
158,5888.4187,control_jul
136,5888.719,control_jul
64,5889.0193,control_jul
63,5889.3197,control_jul
177,5889.62,control_jul
63,5889.9203,control_jul
198,5890.2206,control_jul
160,5890.521,control_jul
24,5890.8213,control_jul
94,5891.1216,control_jul
114,5891.4219,control_jul
37,5891.7222,control_jul
197,5892.0226,control_jul
25,5892.3229,control_jul
146,5892.6232,control_jul
198,5892.9236,control_jul
198,5893.2239,control_jul
194,5893.5242,control_jul
137,5893.8245,control_jul
182,5894.1249,control_jul
117,5894.4252,control_jul
22,5894.7255,control_jul
121,5895.0259,control_jul
29,5895.3261,control_jul
37,5895.6265,control_jul
156,5895.9268,control_jul
44,5896.2272,control_jul
36,5896.5275,control_jul
179,5896.8278,control_jul
144,5897.1281,control_jul
177,5897.4284,control_jul
65,5897.7288,control_jul
19,5898.0292,control_jul
158,5898.3294,control_jul
78,5898.6298,control_jul
123,5898.9301,control_jul
36,5899.2304,control_jul
150,5899.5307,control_jul
136,5899.831,control_jul
138,5900.1314,control_jul
127,5900.4317,control_jul
122,5900.732,control_jul
6,5901.0324,control_jul
115,5901.3327,control_jul
67,5901.633,control_jul
46,5901.9333,control_jul
97,5902.2337,control_jul
196,5902.534,control_jul
60,5902.8343,control_jul
36,5903.1346,control_jul
87,5903.4349,control_jul
159,5903.7353,control_jul
72,5904.0356,control_jul
138,5904.3359,control_jul
136,5904.6363,control_jul
56,5904.9365,control_jul
6,5905.2369,control_jul
88,5905.5372,control_jul
74,5905.8376,control_jul
16,5906.1378,control_jul
132,5906.4382,control_jul
174,5906.7386,control_jul
153,5907.0389,control_jul
42,5907.3392,control_jul
59,5907.6395,control_jul
35,5907.9398,control_jul
206,5908.2402,control_jul
191,5908.5404,control_jul
49,5908.8408,control_jul
127,5909.1411,control_jul
161,5909.4414,control_jul
190,5909.7418,control_jul
89,5910.0421,control_jul
4,5910.3424,control_jul
125,5910.6427,control_jul
143,5910.943,control_jul
143,5911.2434,control_jul
70,5911.5437,control_jul
17,5911.844,control_jul
93,5912.1444,control_jul
84,5912.4447,control_jul
84,5912.745,control_jul
143,5913.0453,control_jul
31,5913.3457,control_jul
20,5913.646,control_jul
101,5913.9463,control_jul
8,5914.2467,control_jul
30,5914.5469,control_jul
75,5914.8473,control_jul
72,5915.1476,control_jul
135,5915.448,control_jul
186,5915.7483,control_jul
207,5916.0486,control_jul
199,5916.3489,control_jul
173,5916.6492,control_jul
80,5916.9496,control_jul
136,5917.2499,control_jul
135,5917.5502,control_jul
207,5917.8506,control_jul
191,5918.1509,control_jul
112,5918.4512,control_jul
184,5918.7515,control_jul
118,5919.0518,control_jul
165,5919.3522,control_jul
50,5919.6525,control_jul
47,5919.9528,control_jul
199,5920.2531,control_jul
136,5920.5534,control_jul
151,5920.8538,control_jul
47,5921.1541,control_jul
122,5921.4544,control_jul
193,5921.7547,control_jul
208,5922.055,control_jul
145,5922.3554,control_jul
47,5922.6557,control_jul
4,5922.9561,control_jul
75,5923.2564,control_jul
136,5923.5567,control_jul
19,5923.8571,control_jul
3,5924.1573,control_jul
22,5924.4577,control_jul
55,5924.758,control_jul
184,5925.0583,control_jul
184,5925.3587,control_jul
185,5925.6589,control_jul
185,5925.9593,control_jul
83,5926.2596,control_jul
38,5926.56,control_jul
78,5926.8603,control_jul
19,5927.1606,control_jul
136,5927.4609,control_jul
72,5927.7613,control_jul
152,5928.0615,control_jul
152,5928.3619,control_jul
1,5928.6622,control_jul
84,5928.9625,control_jul
2,5929.2629,control_jul
178,5929.5632,control_jul
42,5929.8635,control_jul
85,5930.1639,control_jul
48,5930.4642,control_jul
13,5930.7645,control_jul
85,5931.0648,control_jul
117,5931.3652,control_jul
117,5931.6654,control_jul
117,5931.9658,control_jul
10,5932.2661,control_jul
16,5932.5664,control_jul
43,5932.8668,control_jul
8,5933.1671,control_jul
74,5933.4674,control_jul
1,5933.7677,control_jul
161,5934.068,control_jul
193,5934.3684,control_jul
20,5934.6687,control_jul
3,5934.969,control_jul
180,5935.2693,control_jul
159,5935.5697,control_jul
152,5935.87,control_jul
159,5936.1703,control_jul
136,5936.4706,control_jul
190,5936.7709,control_jul
84,5937.0713,control_jul
110,5937.3716,control_jul
161,5937.6719,control_jul
73,5937.9723,control_jul
67,5938.2725,control_jul
47,5938.5729,control_jul
193,5938.8732,control_jul
142,5939.1735,control_jul
67,5939.4739,control_jul
75,5939.7741,control_jul
139,5940.0745,control_jul
51,5940.3748,control_jul
176,5940.6751,control_jul
182,5940.9754,control_jul
191,5941.2758,control_jul
36,5941.5761,control_jul
123,5941.8764,control_jul
63,5942.1767,control_jul
197,5942.4771,control_jul
156,5942.7774,control_jul
24,5943.0777,control_jul
197,5943.378,control_jul
24,5943.6784,control_jul
24,5943.9787,control_jul
25,5944.279,control_jul
25,5944.5794,control_jul
25,5944.8797,control_jul
25,5945.1799,control_jul
25,5945.4803,control_jul
25,5945.7806,control_jul
160,5946.081,control_jul
160,5946.3813,control_jul
130,5946.6816,control_jul
198,5946.9819,control_jul
156,5947.2823,control_jul
198,5947.5826,control_jul
34,5947.8829,control_jul
182,5948.1832,control_jul
205,5948.4836,control_jul
198,5948.7839,control_jul
123,5949.0842,control_jul
180,5949.3845,control_jul
185,5949.6849,control_jul
164,5949.9852,control_jul
92,5950.2855,control_jul
158,5950.5859,control_jul
38,5950.8861,control_jul
182,5951.1865,control_jul
97,5951.4868,control_jul
114,5951.7871,control_jul
203,5952.0874,control_jul
41,5952.3878,control_jul
37,5952.6881,control_jul
198,5952.9884,control_jul
156,5953.2887,control_jul
28,5953.5891,control_jul
83,5953.8894,control_jul
63,5954.1898,control_jul
22,5954.49,control_jul
35,5954.7904,control_jul
150,5955.0907,control_jul
92,5955.391,control_jul
194,5955.6913,control_jul
144,5955.9917,control_jul
120,5956.292,control_jul
73,5956.5923,control_jul
149,5956.8927,control_jul
194,5957.193,control_jul
133,5957.4933,control_jul
44,5957.7936,control_jul
92,5958.094,control_jul
40,5958.3943,control_jul
179,5958.6946,control_jul
179,5958.9949,control_jul
196,5959.2953,control_jul
92,5959.5955,control_jul
137,5959.8959,control_jul
182,5960.1962,control_jul
185,5960.4966,control_jul
4,5960.7969,control_jul
110,5961.0972,control_jul
172,5961.3975,control_jul
80,5961.6979,control_jul
186,5961.9982,control_jul
207,5962.2985,control_jul
120,5962.5988,control_jul
19,5962.8991,control_jul
84,5963.1995,control_jul
50,5963.4997,control_jul
87,5963.8001,control_jul
63,5964.1004,control_jul
97,5964.4008,control_jul
194,5964.7011,control_jul
179,5965.0014,control_jul
140,5965.3017,control_jul
33,5965.602,control_jul
202,5965.9024,control_jul
196,5966.2027,control_jul
40,5966.503,control_jul
165,5966.8034,control_jul
206,5967.1037,control_jul
126,5967.404,control_jul
211,5967.7044,control_jul
208,5968.0046,control_jul
136,5968.305,control_jul
47,5968.6053,control_jul
202,5968.9056,control_jul
113,5969.2059,control_jul
184,5969.5063,control_jul
43,5969.8066,control_jul
14,5970.1069,control_jul
14,5970.4072,control_jul
164,5970.7075,control_jul
192,5971.0078,control_jul
32,5971.3082,control_jul
149,5971.6085,control_jul
125,5971.9088,control_jul
79,5972.2092,control_jul
58,5972.5095,control_jul
32,5972.8098,control_jul
113,5973.1101,control_jul
209,5973.4105,control_jul
140,5973.7108,control_jul
31,5974.0111,control_jul
157,5974.3115,control_jul
38,5974.6118,control_jul
32,5974.9121,control_jul
72,5975.2124,control_jul
188,5975.5127,control_jul
173,5975.8131,control_jul
164,5976.1134,control_jul
80,5976.4138,control_jul
7,5976.714,control_jul
3,5977.0143,control_jul
98,5977.3147,control_jul
98,5977.615,control_jul
154,5977.9153,control_jul
78,5978.2156,control_jul
164,5978.516,control_jul
184,5978.8163,control_jul
192,5979.1166,control_jul
185,5979.4169,control_jul
55,5979.7173,control_jul
17,5980.0176,control_jul
17,5980.3179,control_jul
22,5980.6183,control_jul
126,5980.9186,control_jul
83,5981.2189,control_jul
29,5981.5193,control_jul
16,5981.8196,control_jul
181,5982.1199,control_jul
155,5982.4202,control_jul
172,5982.7205,control_jul
127,5983.0208,control_jul
186,5983.3212,control_jul
80,5983.6215,control_jul
129,5983.9218,control_jul
144,5984.2221,control_jul
191,5984.5224,control_jul
83,5984.8228,control_jul
63,5985.1231,control_jul
83,5985.4234,control_jul
123,5985.7237,control_jul
76,5986.0241,control_jul
78,5986.3244,control_jul
126,5986.6247,control_jul
140,5986.9251,control_jul
73,5987.2254,control_jul
55,5987.5257,control_jul
123,5987.826,control_jul
58,5988.1264,control_jul
13,5988.4266,control_jul
39,5988.727,control_jul
57,5989.0273,control_jul
32,5989.3276,control_jul
192,5989.628,control_jul
194,5989.9283,control_jul
196,5990.2286,control_jul
196,5990.529,control_jul
196,5990.8292,control_jul
194,5991.1296,control_jul
200,5991.4299,control_jul
188,5991.7302,control_jul
199,5992.0306,control_jul
1,5992.3309,control_jul
6,5992.6312,control_jul
31,5992.9315,control_jul
75,5993.2319,control_jul
159,5993.5322,control_jul
162,5993.8325,control_jul
162,5994.1329,control_jul
162,5994.4332,control_jul
206,5994.7335,control_jul
106,5995.0338,control_jul
126,5995.3341,control_jul
35,5995.6345,control_jul
22,5995.9348,control_jul
36,5996.2351,control_jul
92,5996.5355,control_jul
190,5996.8357,control_jul
163,5997.1361,control_jul
59,5997.4364,control_jul
32,5997.7367,control_jul
65,5998.0371,control_jul
72,5998.3374,control_jul
208,5998.6377,control_jul
1,5998.938,control_jul
31,5999.2383,control_jul
64,5999.5387,control_jul
155,5999.839,control_jul
155,6000.1393,control_jul
155,6000.4396,control_jul
155,6000.74,control_jul
155,6001.0403,control_jul
155,6001.3406,control_jul
155,6001.6409,control_jul
187,6001.9413,control_jul
187,6002.2416,control_jul
187,6002.5419,control_jul
187,6002.8423,control_jul
155,6003.1426,control_jul
187,6003.4429,control_jul
187,6003.7433,control_jul
187,6004.0436,control_jul
53,6004.3439,control_jul
187,6004.6492,control_jul
187,6004.9445,control_jul
187,6005.2448,control_jul
187,6005.5452,control_jul
53,6005.8455,control_jul
53,6006.1458,control_jul
53,6006.4461,control_jul
53,6006.7465,control_jul
53,6007.0468,control_jul
43,6007.3472,control_jul
149,6007.6475,control_jul
206,6007.9478,control_jul
36,6008.2481,control_jul
133,6008.5484,control_jul
92,6008.8487,control_jul
126,6009.1491,control_jul
64,6009.4494,control_jul
125,6009.7498,control_jul
75,6010.0501,control_jul
75,6010.3504,control_jul
161,6010.6507,control_jul
72,6010.951,control_jul
185,6011.2514,control_jul
49,6011.852,control_jul
130,6012.1524,control_jul
160,6012.4527,control_jul
156,6012.753,control_jul
144,6013.0533,control_jul
63,6013.3537,control_jul
185,6013.654,control_jul
196,6013.9543,control_jul
133,6014.2547,control_jul
180,6014.555,control_jul
63,6014.8553,control_jul
49,6015.1556,control_jul
55,6015.456,control_jul
32,6015.7563,control_jul
44,6016.0566,control_jul
196,6016.357,control_jul
194,6016.6573,control_jul
164,6016.9576,control_jul
22,6017.2579,control_jul
192,6017.5582,control_jul
117,6017.8586,control_jul
190,6018.1589,control_jul
152,6018.4592,control_jul
73,6018.7595,control_jul
4,6019.0599,control_jul
199,6019.3601,control_jul
142,6019.6605,control_jul
45,6019.9608,control_jul
5,6020.2612,control_jul
1,6020.5615,control_jul
136,6020.8619,control_jul
125,6021.1621,control_jul
72,6021.4625,control_jul
79,6021.7628,control_jul
58,6022.0631,control_jul
13,6022.3635,control_jul
149,6022.6638,control_jul
125,6022.9641,control_jul
161,6023.2644,control_jul
89,6023.5648,control_jul
77,6023.8651,control_jul
174,6024.1654,control_jul
153,6024.4657,control_jul
115,6024.7661,control_jul
153,6025.0664,control_jul
111,6025.3667,control_jul
180,6025.667,control_jul
202,6025.9674,control_jul
60,6026.2677,control_jul
48,6026.568,control_jul
118,6026.8683,control_jul
158,6027.1686,control_jul
141,6027.469,control_jul
143,6027.7771,control_jul
42,6028.0696,control_jul
58,6028.37,control_jul
202,6028.6703,control_jul
180,6028.9707,control_jul
55,6029.271,control_jul
185,6029.5712,control_jul
97,6029.8716,control_jul
63,6030.172,control_jul
83,6030.4723,control_jul
34,6030.7726,control_jul
23,6031.0729,control_jul
37,6031.3732,control_jul
41,6031.6736,control_jul
48,6031.9739,control_jul
163,6032.2742,control_jul
188,6032.5745,control_jul
135,6032.8749,control_jul
46,6033.1752,control_jul
47,6033.4755,control_jul
71,6033.7758,control_jul
93,6034.0762,control_jul
14,6034.3764,control_jul
180,6034.6769,control_jul
29,6034.9771,control_jul
13,6035.2775,control_jul
163,6035.5778,control_jul
1,6035.8781,control_jul
71,6036.1785,control_jul
182,6036.4788,control_jul
78,6036.7791,control_jul
14,6037.0794,control_jul
164,6037.3797,control_jul
165,6037.6801,control_jul
158,6037.9804,control_jul
125,6038.2807,control_jul
31,6038.5811,control_jul
50,6038.8814,control_jul
184,6039.1817,control_jul
78,6039.482,control_jul
176,6039.7823,control_jul
65,6040.0827,control_jul
87,6040.383,control_jul
17,6040.6834,control_jul
203,6040.9836,control_jul
114,6041.284,control_jul
48,6041.5843,control_jul
209,6041.8847,control_jul
16,6042.1849,control_jul
14,6042.4853,control_jul
38,6042.7856,control_jul
165,6043.0859,control_jul
87,6043.3862,control_jul
125,6043.6866,control_jul
58,6043.9869,control_jul
182,6044.2872,control_jul
165,6044.5876,control_jul
37,6044.8879,control_jul
41,6045.1882,control_jul
13,6045.4885,control_jul
39,6045.7889,control_jul
63,6046.0892,control_jul
32,6046.3895,control_jul
93,6046.6898,control_jul
61,6046.9901,control_jul
81,6047.2905,control_jul
165,6047.5908,control_jul
117,6047.8911,control_jul
165,6048.1915,control_jul
17,6048.4918,control_jul
38,6048.7921,control_jul
63,6049.0924,control_jul
196,6049.3928,control_jul
194,6049.6931,control_jul
200,6049.9934,control_jul
186,6050.2938,control_jul
207,6050.594,control_jul
118,6050.8944,control_jul
65,6051.1947,control_jul
92,6051.495,control_jul
157,6051.7953,control_jul
152,6052.0957,control_jul
188,6052.396,control_jul
152,6052.6964,control_jul
179,6052.9966,control_jul
123,6053.297,control_jul
164,6053.5973,control_jul
36,6053.8976,control_jul
17,6054.1979,control_jul
204,6054.4982,control_jul
184,6054.7986,control_jul
184,6055.0989,control_jul
3,6055.3992,control_jul
63,6055.6995,control_jul
198,6055.9998,control_jul
197,6056.3002,control_jul
197,6056.6005,control_jul
24,6056.9009,control_jul
132,6057.2012,control_jul
176,6057.5015,control_jul
209,6057.8018,control_jul
13,6058.1021,control_jul
184,6058.4025,control_jul
70,6058.7028,control_jul
59,6059.0031,control_jul
110,6059.3035,control_jul
176,6059.6038,control_jul
112,6059.9041,control_jul
34,6060.2044,control_jul
11,6060.5047,control_jul
204,6060.8051,control_jul
156,6061.1054,control_jul
160,6061.4057,control_jul
160,6061.706,control_jul
41,6062.0064,control_jul
48,6062.3067,control_jul
162,6062.607,control_jul
200,6062.9073,control_jul
127,6063.2076,control_jul
161,6063.508,control_jul
124,6063.8083,control_jul
199,6064.1086,control_jul
152,6064.409,control_jul
136,6064.7093,control_jul
190,6065.0096,control_jul
4,6065.3099,control_jul
77,6065.6103,control_jul
42,6065.9106,control_jul
1,6066.2109,control_jul
208,6066.5112,control_jul
4,6066.8116,control_jul
84,6067.1119,control_jul
151,6067.4122,control_jul
7,6067.7125,control_jul
110,6068.0129,control_jul
141,6068.3132,control_jul
161,6068.6135,control_jul
175,6068.9138,control_jul
31,6069.2141,control_jul
1,6069.5145,control_jul
142,6069.8148,control_jul
145,6070.1152,control_jul
75,6070.4154,control_jul
110,6070.7157,control_jul
115,6071.0161,control_jul
6,6071.3164,control_jul
151,6071.6167,control_jul
143,6071.9171,control_jul
174,6072.2174,control_jul
181,6072.5177,control_jul
161,6072.818,control_jul
124,6073.1184,control_jul
116,6073.4187,control_jul
15,6073.7191,control_jul
15,6074.0193,control_jul
15,6074.3197,control_jul
155,6074.62,control_jul
155,6074.9203,control_jul
155,6075.2206,control_jul
155,6075.5209,control_jul
155,6075.8212,control_jul
187,6076.1216,control_jul
155,6076.4219,control_jul
155,6076.7222,control_jul
155,6077.0226,control_jul
155,6077.3229,control_jul
155,6077.6232,control_jul
155,6077.9236,control_jul
155,6078.2239,control_jul
75,6078.5243,control_jul
155,6078.8245,control_jul
155,6079.1249,control_jul
64,6079.4252,control_jul
155,6079.7255,control_jul
187,6080.0258,control_jul
64,6080.3262,control_jul
53,6080.6265,control_jul
53,6080.9268,control_jul
53,6081.2271,control_jul
53,6081.5275,control_jul
98,6081.8277,control_jul
53,6082.1281,control_jul
53,6082.4284,control_jul
64,6082.7287,control_jul
20,6083.029,control_jul
182,6083.3294,control_jul
128,6083.6297,control_jul
77,6083.93,control_jul
64,6084.2303,control_jul
155,6084.5307,control_jul
155,6084.831,control_jul
155,6085.1313,control_jul
75,6085.4316,control_jul
89,6085.732,control_jul
155,6086.0323,control_jul
155,6086.3326,control_jul
155,6086.6329,control_jul
155,6086.9332,control_jul
31,6087.2336,control_jul
136,6087.5339,control_jul
72,6087.8342,control_jul
173,6088.1346,control_jul
194,6088.4349,control_jul
179,6088.7352,control_jul
144,6089.0355,control_jul
186,6089.3359,control_jul
72,6089.6362,control_jul
125,6089.9365,control_jul
161,6090.2368,control_jul
129,6090.5372,control_jul
194,6090.8374,control_jul
194,6091.1378,control_jul
191,6091.4381,control_jul
157,6091.7385,control_jul
152,6092.0388,control_jul
124,6092.3391,control_jul
173,6092.6394,control_jul
194,6092.9397,control_jul
92,6093.24,control_jul
140,6093.5404,control_jul
157,6093.8407,control_jul
80,6094.141,control_jul
120,6094.4413,control_jul
122,6094.7416,control_jul
162,6095.042,control_jul
173,6095.3423,control_jul
179,6095.6426,control_jul
179,6095.943,control_jul
92,6096.2433,control_jul
3,6096.5436,control_jul
158,6096.8439,control_jul
3,6097.1442,control_jul
204,6097.4446,control_jul
94,6097.7449,control_jul
19,6098.0452,control_jul
8,6098.3455,control_jul
3,6098.6459,control_jul
13,6098.9462,control_jul
17,6099.2465,control_jul
114,6099.5468,control_jul
114,6099.8472,control_jul
34,6100.1475,control_jul
203,6100.4478,control_jul
160,6100.7482,control_jul
41,6101.0485,control_jul
130,6101.3487,control_jul
63,6101.6491,control_jul
97,6101.9494,control_jul
184,6102.2498,control_jul
10,6102.55,control_jul
33,6102.8504,control_jul
31,6103.1507,control_jul
1,6103.451,control_jul
151,6103.7514,control_jul
73,6104.0517,control_jul
181,6104.352,control_jul
16,6104.6523,control_jul
32,6104.9527,control_jul
142,6105.253,control_jul
75,6105.5533,control_jul
125,6105.8537,control_jul
77,6106.154,control_jul
115,6106.4542,control_jul
85,6106.7546,control_jul
14,6107.0549,control_jul
84,6107.3553,control_jul
153,6107.6556,control_jul
145,6107.9559,control_jul
125,6108.2562,control_jul
31,6108.5565,control_jul
59,6108.8568,control_jul
184,6109.1572,control_jul
75,6109.4575,control_jul
31,6109.7579,control_jul
75,6110.0581,control_jul
122,6110.3585,control_jul
209,6110.6588,control_jul
112,6110.9591,control_jul
164,6111.2595,control_jul
49,6111.5598,control_jul
165,6111.8601,control_jul
63,6112.1604,control_jul
38,6112.4607,control_jul
158,6112.7611,control_jul
10,6113.0614,control_jul
74,6113.3617,control_jul
176,6113.662,control_jul
87,6113.9623,control_jul
17,6114.2627,control_jul
3,6114.563,control_jul
13,6114.8633,control_jul
124,6115.1636,control_jul
47,6115.464,control_jul
161,6115.7643,control_jul
175,6116.0646,control_jul
3,6116.365,control_jul
75,6116.6653,control_jul
136,6116.9656,control_jul
150,6117.2659,control_jul
56,6117.5662,control_jul
142,6117.8666,control_jul
140,6118.1669,control_jul
162,6118.4672,control_jul
186,6118.7676,control_jul
207,6119.0678,control_jul
144,6119.3682,control_jul
133,6119.6685,control_jul
191,6119.9688,control_jul
194,6120.2692,control_jul
172,6120.5694,control_jul
77,6120.8698,control_jul
145,6121.1701,control_jul
209,6121.4704,control_jul
126,6121.7708,control_jul
164,6122.0711,control_jul
35,6122.3714,control_jul
196,6122.6717,control_jul
63,6122.9721,control_jul
190,6123.2724,control_jul
125,6123.5727,control_jul
142,6123.873,control_jul
67,6124.1733,control_jul
59,6124.4737,control_jul
149,6124.774,control_jul
125,6125.0743,control_jul
64,6125.3746,control_jul
154,6125.6749,control_jul
32,6125.9753,control_jul
73,6126.2756,control_jul
59,6126.5759,control_jul
194,6126.8762,control_jul
76,6127.1765,control_jul
196,6127.4769,control_jul
137,6127.7772,control_jul
192,6128.0775,control_jul
165,6128.3779,control_jul
162,6128.6782,control_jul
188,6128.9785,control_jul
127,6129.2788,control_jul
190,6129.5791,control_jul
83,6129.8795,control_jul
70,6130.1798,control_jul
65,6130.4802,control_jul
83,6130.7804,control_jul
83,6131.0825,control_jul
205,6131.3811,control_jul
87,6131.6814,control_jul
29,6131.9817,control_jul
206,6132.2821,control_jul
76,6132.5824,control_jul
123,6132.8827,control_jul
191,6133.183,control_jul
184,6133.4834,control_jul
83,6133.7837,control_jul
179,6134.084,control_jul
196,6134.3843,control_jul
164,6134.6847,control_jul
60,6134.985,control_jul
60,6135.2853,control_jul
52,6135.5856,control_jul
113,6135.8859,control_jul
184,6136.1863,control_jul
63,6136.4866,control_jul
182,6136.7869,control_jul
197,6137.0872,control_jul
106,6137.3875,control_jul
196,6137.6879,control_jul
188,6137.9882,control_jul
199,6138.2886,control_jul
136,6138.5888,control_jul
79,6138.8892,control_jul
46,6139.1895,control_jul
164,6139.4898,control_jul
196,6139.7901,control_jul
179,6140.0904,control_jul
194,6140.3908,control_jul
83,6140.6911,control_jul
211,6140.9915,control_jul
162,6141.2917,control_jul
194,6141.5921,control_jul
49,6141.8924,control_jul
198,6142.1927,control_jul
156,6142.4931,control_jul
197,6142.7934,control_jul
25,6143.0937,control_jul
25,6143.394,control_jul
25,6143.6944,control_jul
25,6143.9947,control_jul
25,6144.295,control_jul
156,6144.5953,control_jul
63,6144.8956,control_jul
29,6145.196,control_jul
22,6145.4963,control_jul
126,6145.7966,control_jul
192,6146.0969,control_jul
55,6146.3972,control_jul
113,6146.6976,control_jul
113,6146.9979,control_jul
189,6147.2982,control_jul
142,6147.5985,control_jul
47,6147.8988,control_jul
124,6148.2017,control_jul
135,6148.4996,control_jul
188,6148.7998,control_jul
35,6149.1002,control_jul
164,6149.4005,control_jul
196,6149.7008,control_jul
164,6150.0011,control_jul
152,6150.3015,control_jul
122,6150.6018,control_jul
1,6150.9021,control_jul
193,6151.2024,control_jul
190,6151.5028,control_jul
1,6151.8031,control_jul
143,6152.1034,control_jul
143,6152.4037,control_jul
67,6152.704,control_jul
72,6153.0044,control_jul
199,6153.3047,control_jul
199,6153.605,control_jul
72,6153.9053,control_jul
1,6154.2056,control_jul
125,6154.506,control_jul
136,6154.8063,control_jul
162,6155.1067,control_jul
152,6155.407,control_jul
1,6155.7073,control_jul
193,6156.0076,control_jul
182,6156.3079,control_jul
92,6156.6083,control_jul
97,6156.9086,control_jul
185,6157.2089,control_jul
185,6157.5092,control_jul
97,6157.8096,control_jul
144,6158.1099,control_jul
35,6158.4102,control_jul
185,6158.7105,control_jul
85,6159.0108,control_jul
74,6159.3112,control_jul
29,6159.6115,control_jul
184,6159.9118,control_jul
35,6160.2122,control_jul
22,6160.5125,control_jul
78,6160.8128,control_jul
124,6161.1131,control_jul
122,6161.4134,control_jul
162,6161.7138,control_jul
162,6162.0141,control_jul
200,6162.3144,control_jul
200,6162.6148,control_jul
146,6162.915,control_jul
179,6163.2154,control_jul
35,6163.5157,control_jul
189,6163.8161,control_jul
74,6164.1164,control_jul
4,6164.4167,control_jul
55,6164.717,control_jul
123,6165.0173,control_jul
92,6165.3176,control_jul
177,6165.618,control_jul
12,6165.9183,control_jul
36,6166.2186,control_jul
92,6166.5189,control_jul
92,6166.8193,control_jul
133,6167.1196,control_jul
92,6167.4199,control_jul
118,6167.7202,control_jul
22,6168.0206,control_jul
12,6168.3209,control_jul
61,6168.6212,control_jul
88,6168.9215,control_jul
12,6169.2219,control_jul
92,6169.5222,control_jul
32,6169.8225,control_jul
119,6170.1228,control_jul
125,6170.4231,control_jul
159,6170.7235,control_jul
127,6171.0238,control_jul
172,6171.3241,control_jul
31,6171.6245,control_jul
208,6171.9248,control_jul
169,6172.2251,control_jul
84,6172.5254,control_jul
16,6172.8257,control_jul
8,6173.126,control_jul
77,6173.4264,control_jul
31,6173.7267,control_jul
125,6174.0271,control_jul
145,6174.3274,control_jul
208,6174.6277,control_jul
72,6174.928,control_jul
33,6175.2284,control_jul
136,6175.5286,control_jul
110,6175.829,control_jul
141,6176.1293,control_jul
115,6176.4296,control_jul
86,6176.73,control_jul
31,6177.0303,control_jul
161,6177.3306,control_jul
157,6177.6309,control_jul
55,6177.9312,control_jul
125,6178.2316,control_jul
190,6178.5319,control_jul
136,6178.8322,control_jul
67,6179.1325,control_jul
199,6179.4328,control_jul
47,6179.7332,control_jul
190,6180.0336,control_jul
136,6180.3338,control_jul
181,6180.6341,control_jul
159,6180.9345,control_jul
92,6181.2348,control_jul
191,6181.5351,control_jul
44,6181.8354,control_jul
185,6182.1357,control_jul
140,6182.4361,control_jul
72,6182.7365,control_jul
190,6183.0367,control_jul
73,6183.3371,control_jul
135,6183.6374,control_jul
79,6183.9377,control_jul
64,6184.238,control_jul
84,6184.5384,control_jul
31,6184.8387,control_jul
3,6185.139,control_jul
16,6185.4393,control_jul
54,6185.7396,control_jul
143,6186.04,control_jul
77,6186.3403,control_jul
193,6186.6406,control_jul
199,6186.9409,control_jul
188,6187.2413,control_jul
162,6187.5416,control_jul
206,6187.8419,control_jul
133,6188.1422,control_jul
123,6188.4426,control_jul
205,6188.7428,control_jul
80,6189.0432,control_jul
190,6189.3436,control_jul
127,6189.6438,control_jul
63,6189.9442,control_jul
179,6190.2445,control_jul
144,6190.5448,control_jul
129,6190.8451,control_jul
152,6191.1454,control_jul
1,6191.4458,control_jul
60,6191.7461,control_jul
13,6192.0464,control_jul
144,6192.3467,control_jul
40,6192.647,control_jul
76,6192.9474,control_jul
55,6193.2477,control_jul
164,6193.548,control_jul
69,6193.8484,control_jul
36,6194.1487,control_jul
48,6194.449,control_jul
38,6194.7493,control_jul
192,6195.0497,control_jul
164,6195.35,control_jul
133,6195.6503,control_jul
117,6195.9507,control_jul
184,6196.2509,control_jul
117,6196.5513,control_jul
78,6196.8516,control_jul
209,6197.1519,control_jul
209,6197.4523,control_jul
72,6197.7526,control_jul
152,6198.0529,control_jul
136,6198.3532,control_jul
31,6198.6535,control_jul
151,6198.9538,control_jul
151,6199.2542,control_jul
30,6199.5545,control_jul
74,6199.8548,control_jul
176,6200.1551,control_jul
158,6200.4554,control_jul
78,6200.7558,control_jul
165,6201.0561,control_jul
78,6201.3564,control_jul
55,6201.6567,control_jul
182,6201.9571,control_jul
3,6202.2574,control_jul
117,6202.5577,control_jul
35,6202.858,control_jul
206,6203.1584,control_jul
22,6203.4587,control_jul
71,6203.759,control_jul
190,6204.0593,control_jul
193,6204.3596,control_jul
124,6204.66,control_jul
161,6204.9603,control_jul
208,6205.2606,control_jul
176,6205.5609,control_jul
148,6205.8613,control_jul
30,6206.1616,control_jul
93,6206.4619,control_jul
185,6206.7623,control_jul
194,6207.0625,control_jul
156,6207.3629,control_jul
24,6207.6632,control_jul
156,6207.9635,control_jul
160,6208.2638,control_jul
121,6208.5642,control_jul
14,6208.8645,control_jul
17,6209.1648,control_jul
12,6209.4652,control_jul
87,6209.7655,control_jul
17,6210.0658,control_jul
16,6210.3661,control_jul
158,6210.6664,control_jul
43,6210.9668,control_jul
88,6211.2671,control_jul
176,6211.5674,control_jul
61,6211.8677,control_jul
119,6212.168,control_jul
175,6212.4684,control_jul
33,6212.7687,control_jul
33,6213.069,control_jul
175,6213.3693,control_jul
75,6213.6696,control_jul
125,6213.97,control_jul
75,6214.2703,control_jul
79,6214.5706,control_jul
75,6214.8709,control_jul
129,6215.1713,control_jul
182,6215.4716,control_jul
193,6215.7719,control_jul
6,6216.3725,control_jul
175,6216.6728,control_jul
161,6216.9732,control_jul
182,6217.2736,control_jul
84,6217.5738,control_jul
67,6217.8741,control_jul
142,6218.1745,control_jul
136,6218.4748,control_jul
42,6218.7751,control_jul
84,6219.0754,control_jul
172,6219.3758,control_jul
72,6219.6761,control_jul
71,6219.9764,control_jul
126,6220.2768,control_jul
40,6220.5771,control_jul
24,6220.8774,control_jul
24,6221.1777,control_jul
180,6221.478,control_jul
65,6221.7783,control_jul
165,6222.0787,control_jul
138,6222.379,control_jul
127,6222.6793,control_jul
79,6222.9796,control_jul
56,6223.28,control_jul
110,6223.5803,control_jul
145,6223.8806,control_jul
4,6224.1809,control_jul
127,6224.4813,control_jul
190,6224.7816,control_jul
47,6225.0819,control_jul
86,6225.3822,control_jul
181,6225.6825,control_jul
31,6225.9828,control_jul
1,6226.2832,control_jul
67,6226.5835,control_jul
31,6226.8838,control_jul
157,6227.1841,control_jul
163,6227.4845,control_jul
159,6227.7848,control_jul
31,6228.0852,control_jul
42,6228.3854,control_jul
151,6228.6857,control_jul
65,6228.986,control_jul
17,6229.2864,control_jul
204,6229.5867,control_jul
48,6229.8871,control_jul
63,6230.1873,control_jul
126,6230.4877,control_jul
144,6230.788,control_jul
63,6231.0883,control_jul
164,6231.3886,control_jul
211,6231.689,control_jul
159,6231.9893,control_jul
72,6232.2896,control_jul
199,6232.5899,control_jul
127,6232.8902,control_jul
16,6233.1906,control_jul
8,6233.4909,control_jul
6,6233.7912,control_jul
115,6234.0915,control_jul
84,6234.3919,control_jul
7,6234.6922,control_jul
125,6234.9925,control_jul
31,6235.2928,control_jul
151,6235.5932,control_jul
110,6235.8935,control_jul
172,6236.1938,control_jul
33,6236.4941,control_jul
136,6236.7944,control_jul
84,6237.0964,control_jul
151,6237.395,control_jul
185,6237.6963,control_jul
106,6237.9957,control_jul
179,6238.2961,control_jul
179,6238.5964,control_jul
191,6238.8966,control_jul
200,6239.197,control_jul
186,6239.4973,control_jul
138,6239.7977,control_jul
152,6240.098,control_jul
159,6240.3983,control_jul
199,6240.6986,control_jul
199,6240.9989,control_jul
199,6241.2992,control_jul
199,6241.5996,control_jul
33,6241.8999,control_jul
127,6242.2002,control_jul
1,6242.5006,control_jul
143,6242.8008,control_jul
115,6243.1012,control_jul
153,6243.4015,control_jul
169,6243.7018,control_jul
140,6244.0021,control_jul
179,6244.3025,control_jul
191,6244.6028,control_jul
112,6244.9031,control_jul
87,6245.2034,control_jul
17,6245.5037,control_jul
209,6245.8041,control_jul
87,6246.1044,control_jul
32,6246.4047,control_jul
184,6246.705,control_jul
205,6247.0053,control_jul
4,6247.3056,control_jul
151,6247.606,control_jul
84,6247.9063,control_jul
143,6248.2067,control_jul
143,6248.5069,control_jul
61,6248.8072,control_jul
13,6249.1076,control_jul
182,6249.4079,control_jul
119,6249.7083,control_jul
125,6250.0085,control_jul
31,6250.3089,control_jul
33,6250.6092,control_jul
124,6250.9095,control_jul
79,6251.2098,control_jul
193,6251.5101,control_jul
47,6251.8105,control_jul
73,6252.1108,control_jul
71,6252.4111,control_jul
64,6252.7115,control_jul
192,6253.0118,control_jul
206,6253.3121,control_jul
185,6253.6124,control_jul
12,6253.9127,control_jul
176,6254.2131,control_jul
14,6254.5133,control_jul
72,6254.8137,control_jul
140,6255.114,control_jul
175,6255.4143,control_jul
45,6255.7146,control_jul
5,6256.0149,control_jul
67,6256.3153,control_jul
79,6256.6156,control_jul
199,6256.9159,control_jul
149,6257.2163,control_jul
182,6257.5165,control_jul
179,6257.8169,control_jul
92,6258.1172,control_jul
196,6258.4175,control_jul
144,6258.7179,control_jul
207,6259.0182,control_jul
200,6259.3185,control_jul
195,6259.6188,control_jul
177,6259.9191,control_jul
92,6260.2195,control_jul
76,6260.5198,control_jul
160,6260.8201,control_jul
133,6261.1204,control_jul
36,6261.4207,control_jul
63,6261.7211,control_jul
55,6262.0214,control_jul
57,6262.3217,control_jul
63,6262.622,control_jul
47,6262.9224,control_jul
1,6263.2227,control_jul
208,6263.523,control_jul
33,6263.8233,control_jul
122,6264.1237,control_jul
75,6264.424,control_jul
190,6264.7243,control_jul
7,6265.0246,control_jul
181,6265.3249,control_jul
42,6265.6252,control_jul
47,6265.9256,control_jul
72,6266.2259,control_jul
136,6266.5262,control_jul
33,6266.8265,control_jul
44,6267.1268,control_jul
182,6267.4272,control_jul
70,6267.7275,control_jul
78,6268.0278,control_jul
158,6268.3281,control_jul
129,6268.6284,control_jul
162,6268.9288,control_jul
80,6269.2291,control_jul
136,6269.5294,control_jul
127,6269.8297,control_jul
122,6270.13,control_jul
6,6270.4304,control_jul
143,6270.7307,control_jul
6,6271.031,control_jul
182,6271.3313,control_jul
202,6271.6316,control_jul
206,6271.932,control_jul
55,6272.2323,control_jul
44,6272.5326,control_jul
202,6272.8329,control_jul
202,6273.1332,control_jul
206,6273.4336,control_jul
40,6273.734,control_jul
197,6274.0342,control_jul
197,6274.3345,control_jul
69,6274.6348,control_jul
13,6274.9352,control_jul
55,6275.2355,control_jul
50,6275.5358,control_jul
31,6275.8361,control_jul
136,6276.1364,control_jul
80,6276.4368,control_jul
79,6276.7371,control_jul
136,6277.0374,control_jul
154,6277.3378,control_jul
63,6277.638,control_jul
35,6277.9384,control_jul
73,6278.2387,control_jul
157,6278.539,control_jul
142,6278.8394,control_jul
75,6279.1397,control_jul
33,6279.44,control_jul
181,6279.7403,control_jul
110,6280.0406,control_jul
116,6280.3409,control_jul
79,6280.6413,control_jul
190,6280.9416,control_jul
67,6281.2419,control_jul
181,6281.5422,control_jul
151,6281.8425,control_jul
172,6282.1428,control_jul
154,6282.4431,control_jul
78,6282.7435,control_jul
70,6283.0438,control_jul
182,6283.3442,control_jul
124,6283.6445,control_jul
71,6283.9448,control_jul
85,6284.2451,control_jul
151,6284.5455,control_jul
33,6284.8457,control_jul
193,6285.1461,control_jul
159,6285.4464,control_jul
72,6285.7468,control_jul
138,6286.0471,control_jul
79,6286.3474,control_jul
127,6286.6477,control_jul
89,6286.948,control_jul
154,6287.2483,control_jul
180,6287.5486,control_jul
17,6287.849,control_jul
182,6288.1492,control_jul
92,6288.4496,control_jul
164,6288.7499,control_jul
36,6289.0502,control_jul
72,6289.3506,control_jul
79,6289.6509,control_jul
1,6289.9512,control_jul
16,6290.2515,control_jul
14,6290.5519,control_jul
16,6290.8522,control_jul
61,6291.1525,control_jul
74,6291.4528,control_jul
74,6291.7531,control_jul
78,6292.0534,control_jul
165,6292.3538,control_jul
36,6292.6541,control_jul
182,6292.9544,control_jul
78,6293.2547,control_jul
180,6293.555,control_jul
74,6293.8554,control_jul
29,6294.1556,control_jul
55,6294.456,control_jul
192,6294.7563,control_jul
58,6295.0566,control_jul
33,6295.357,control_jul
1,6295.6573,control_jul
33,6295.9576,control_jul
193,6296.2579,control_jul
72,6296.5582,control_jul
172,6296.8586,control_jul
142,6297.1589,control_jul
6,6297.4592,control_jul
112,6297.7596,control_jul
35,6298.0598,control_jul
194,6298.3602,control_jul
185,6298.6605,control_jul
129,6298.9608,control_jul
171,6299.2611,control_jul
151,6299.5614,control_jul
6,6299.8617,control_jul
172,6300.162,control_jul
140,6300.4624,control_jul
110,6300.7627,control_jul
110,6301.063,control_jul
172,6301.3633,control_jul
136,6301.6637,control_jul
193,6301.9639,control_jul
182,6302.2643,control_jul
192,6302.5646,control_jul
47,6302.8649,control_jul
52,6303.1652,control_jul
78,6303.4656,control_jul
180,6303.7659,control_jul
78,6304.0662,control_jul
50,6304.3665,control_jul
6,6304.6669,control_jul
6,6304.9672,control_jul
143,6305.2675,control_jul
2,6305.5678,control_jul
99,6305.8681,control_jul
151,6306.1684,control_jul
31,6306.4687,control_jul
145,6306.7691,control_jul
32,6307.0694,control_jul
32,6307.3697,control_jul
29,6307.67,control_jul
92,6307.9703,control_jul
164,6308.2707,control_jul
92,6308.571,control_jul
196,6308.8713,control_jul
179,6309.1716,control_jul
144,6309.4719,control_jul
144,6309.7723,control_jul
144,6310.0726,control_jul
22,6310.3729,control_jul
55,6310.6732,control_jul
72,6310.9735,control_jul
151,6311.2738,control_jul
110,6311.5742,control_jul
42,6311.8745,control_jul
47,6312.1748,control_jul
124,6312.4751,control_jul
162,6312.7755,control_jul
164,6313.0758,control_jul
196,6313.3761,control_jul
136,6313.6764,control_jul
159,6313.9768,control_jul
193,6314.277,control_jul
84,6314.5774,control_jul
8,6314.8777,control_jul
12,6315.178,control_jul
70,6315.4783,control_jul
182,6315.7786,control_jul
123,6316.079,control_jul
72,6316.6796,control_jul
135,6316.9799,control_jul
1,6317.2803,control_jul
75,6317.5805,control_jul
181,6317.8809,control_jul
84,6318.1812,control_jul
143,6318.4815,control_jul
85,6318.7818,control_jul
101,6319.0821,control_jul
151,6319.3825,control_jul
79,6319.6828,control_jul
184,6319.9831,control_jul
117,6320.2834,control_jul
70,6320.5837,control_jul
12,6320.8841,control_jul
13,6321.1844,control_jul
17,6321.4847,control_jul
202,6321.785,control_jul
44,6322.0853,control_jul
76,6322.3857,control_jul
97,6322.686,control_jul
164,6322.9863,control_jul
196,6323.2866,control_jul
185,6323.587,control_jul
92,6323.8873,control_jul
202,6324.1876,control_jul
185,6324.4879,control_jul
49,6324.7882,control_jul
179,6325.0886,control_jul
144,6325.3889,control_jul
179,6325.6892,control_jul
185,6325.9895,control_jul
202,6326.2898,control_jul
191,6326.5901,control_jul
3,6326.8905,control_jul
117,6327.1908,control_jul
36,6327.4911,control_jul
123,6327.7915,control_jul
126,6328.0918,control_jul
49,6328.3921,control_jul
92,6328.6924,control_jul
137,6328.9927,control_jul
44,6329.293,control_jul
28,6329.5933,control_jul
36,6329.8937,control_jul
97,6330.194,control_jul
44,6330.4943,control_jul
184,6330.7947,control_jul
180,6331.095,control_jul
131,6331.3953,control_jul
71,6331.6956,control_jul
77,6331.9959,control_jul
143,6332.2962,control_jul
110,6332.5965,control_jul
178,6332.8969,control_jul
5,6333.1972,control_jul
31,6333.4976,control_jul
143,6333.7978,control_jul
154,6334.0981,control_jul
189,6334.3985,control_jul
37,6334.6988,control_jul
191,6334.9991,control_jul
185,6335.2994,control_jul
144,6335.5998,control_jul
144,6335.9001,control_jul
205,6336.2004,control_jul
24,6336.5007,control_jul
160,6336.8011,control_jul
160,6337.1013,control_jul
156,6337.4017,control_jul
179,6337.702,control_jul
133,6338.0023,control_jul
179,6338.3027,control_jul
48,6338.603,control_jul
83,6338.9033,control_jul
131,6339.2036,control_jul
52,6339.5039,control_jul
184,6339.8042,control_jul
13,6340.1045,control_jul
165,6340.4049,control_jul
185,6340.7052,control_jul
192,6341.0055,control_jul
158,6341.3058,control_jul
119,6341.6062,control_jul
6,6341.9065,control_jul
47,6342.2068,control_jul
143,6342.5071,control_jul
6,6342.8075,control_jul
81,6343.1078,control_jul
106,6343.4081,control_jul
24,6343.7084,control_jul
24,6344.0087,control_jul
24,6344.309,control_jul
156,6344.6093,control_jul
197,6344.9097,control_jul
160,6345.21,control_jul
24,6345.5103,control_jul
24,6345.8106,control_jul
160,6346.111,control_jul
24,6346.4113,control_jul
160,6346.7116,control_jul
192,6347.0119,control_jul
57,6347.3123,control_jul
128,6347.6125,control_jul
190,6347.9129,control_jul
181,6348.2132,control_jul
181,6348.5135,control_jul
208,6348.8139,control_jul
181,6349.1142,control_jul
45,6349.4145,control_jul
45,6349.7148,control_jul
6,6350.0151,control_jul
67,6350.3155,control_jul
84,6350.6158,control_jul
143,6350.9161,control_jul
151,6351.2164,control_jul
151,6351.5167,control_jul
33,6351.8171,control_jul
193,6352.1173,control_jul
8,6352.4177,control_jul
74,6352.718,control_jul
61,6353.0183,control_jul
84,6353.3186,control_jul
115,6353.619,control_jul
110,6353.9193,control_jul
193,6354.2196,control_jul
33,6354.5199,control_jul
199,6354.8202,control_jul
175,6355.1206,control_jul
175,6355.4209,control_jul
143,6355.7212,control_jul
193,6356.0215,control_jul
199,6356.3219,control_jul
199,6356.6221,control_jul
67,6356.9224,control_jul
143,6357.2228,control_jul
84,6357.5231,control_jul
161,6357.8235,control_jul
162,6358.1238,control_jul
192,6358.4241,control_jul
44,6358.7244,control_jul
194,6359.0247,control_jul
194,6359.325,control_jul
196,6359.6253,control_jul
191,6359.9257,control_jul
76,6360.226,control_jul
196,6360.5263,control_jul
194,6360.8266,control_jul
179,6361.1269,control_jul
194,6361.4273,control_jul
196,6361.7276,control_jul
40,6362.0279,control_jul
185,6362.3282,control_jul
63,6362.6285,control_jul
198,6362.9288,control_jul
156,6363.2292,control_jul
24,6363.5295,control_jul
205,6363.8298,control_jul
49,6364.1301,control_jul
92,6364.4304,control_jul
55,6364.7308,control_jul
202,6365.0311,control_jul
39,6365.3314,control_jul
184,6365.6317,control_jul
35,6365.932,control_jul
36,6366.2324,control_jul
156,6366.5327,control_jul
24,6366.833,control_jul
24,6367.1333,control_jul
24,6367.4337,control_jul
198,6367.734,control_jul
24,6368.0343,control_jul
191,6368.3346,control_jul
52,6368.6349,control_jul
48,6368.9353,control_jul
44,6369.2356,control_jul
106,6369.5359,control_jul
118,6369.8362,control_jul
44,6370.1365,control_jul
92,6370.4368,control_jul
194,6370.7372,control_jul
97,6371.0375,control_jul
191,6371.3378,control_jul
123,6371.6382,control_jul
185,6371.9385,control_jul
164,6372.2388,control_jul
206,6372.5391,control_jul
185,6372.8394,control_jul
55,6373.1397,control_jul
192,6373.4401,control_jul
92,6373.7404,control_jul
194,6374.0407,control_jul
179,6374.341,control_jul
133,6374.6414,control_jul
133,6374.9417,control_jul
133,6375.242,control_jul
133,6375.5423,control_jul
179,6375.8427,control_jul
83,6376.143,control_jul
127,6376.4433,control_jul
122,6376.7436,control_jul
47,6377.044,control_jul
45,6377.3443,control_jul
172,6377.6446,control_jul
77,6377.9449,control_jul
6,6378.2452,control_jul
145,6378.5456,control_jul
138,6378.8459,control_jul
163,6379.1462,control_jul
59,6379.4465,control_jul
177,6379.7468,control_jul
92,6380.0471,control_jul
194,6380.3475,control_jul
196,6380.6478,control_jul
196,6380.9482,control_jul
196,6381.2484,control_jul
194,6381.5488,control_jul
185,6381.8491,control_jul
63,6382.1494,control_jul
158,6382.4497,control_jul
6,6382.75,control_jul
75,6383.0503,control_jul
73,6383.3507,control_jul
140,6383.651,control_jul
125,6383.9513,control_jul
190,6384.2516,control_jul
72,6384.5519,control_jul
72,6384.8523,control_jul
127,6385.1526,control_jul
106,6385.4529,control_jul
179,6385.7532,control_jul
191,6386.0536,control_jul
35,6386.3539,control_jul
92,6386.6542,control_jul
76,6386.9546,control_jul
97,6387.2548,control_jul
180,6387.5552,control_jul
118,6387.8555,control_jul
92,6388.1558,control_jul
206,6388.4562,control_jul
37,6388.7564,control_jul
197,6389.0568,control_jul
198,6389.3571,control_jul
130,6389.6574,control_jul
25,6389.9577,control_jul
198,6390.258,control_jul
34,6390.5584,control_jul
29,6390.8587,control_jul
70,6391.1591,control_jul
72,6391.4594,control_jul
4,6391.7596,control_jul
47,6392.06,control_jul
181,6392.3603,control_jul
143,6392.6606,control_jul
6,6392.961,control_jul
143,6393.2613,control_jul
143,6393.5616,control_jul
111,6393.8619,control_jul
208,6394.1622,control_jul
126,6394.4626,control_jul
205,6394.7629,control_jul
164,6395.0632,control_jul
194,6395.3635,control_jul
179,6395.6639,control_jul
195,6395.9642,control_jul
202,6396.2645,control_jul
63,6396.5648,control_jul
78,6396.8651,control_jul
65,6397.1654,control_jul
57,6397.4658,control_jul
165,6397.7661,control_jul
17,6398.0664,control_jul
180,6398.3668,control_jul
177,6398.667,control_jul
13,6398.9674,control_jul
192,6399.2677,control_jul
78,6399.568,control_jul
65,6399.8684,control_jul
19,6400.1687,control_jul
87,6400.4689,control_jul
13,6400.7693,control_jul
35,6401.0697,control_jul
185,6401.3699,control_jul
92,6401.6702,control_jul
211,6401.9706,control_jul
151,6402.2709,control_jul
176,6402.5712,control_jul
53,6402.8715,control_jul
155,6403.1719,control_jul
155,6403.4722,control_jul
145,6403.7725,control_jul
189,6404.0728,control_jul
196,6404.3732,control_jul
179,6404.6735,control_jul
196,6404.9738,control_jul
194,6405.2741,control_jul
180,6405.5744,control_jul
1,6405.8748,control_jul
7,6406.1751,control_jul
161,6406.4754,control_jul
152,6406.7758,control_jul
35,6407.0761,control_jul
191,6407.3764,control_jul
179,6407.6767,control_jul
194,6407.977,control_jul
196,6408.2773,control_jul
164,6408.5777,control_jul
36,6408.878,control_jul
123,6409.1784,control_jul
194,6409.4786,control_jul
76,6409.779,control_jul
49,6410.0793,control_jul
194,6410.3796,control_jul
63,6410.6799,control_jul
92,6410.9803,control_jul
92,6411.2806,control_jul
49,6411.5809,control_jul
44,6411.8812,control_jul
123,6412.1815,control_jul
44,6412.4819,control_jul
92,6412.7822,control_jul
179,6413.0825,control_jul
92,6413.3828,control_jul
185,6413.6832,control_jul
205,6413.9835,control_jul
199,6414.2838,control_jul
202,6414.5842,control_jul
55,6414.8844,control_jul
56,6415.1848,control_jul
115,6415.4852,control_jul
2,6415.7854,control_jul
5,6416.0858,control_jul
42,6416.3861,control_jul
181,6416.6864,control_jul
33,6416.9867,control_jul
199,6417.2871,control_jul
106,6417.5874,control_jul
191,6417.8877,control_jul
123,6418.188,control_jul
196,6418.4883,control_jul
92,6418.7886,control_jul
12,6419.089,control_jul
88,6419.3893,control_jul
78,6419.6896,control_jul
35,6419.99,control_jul
164,6420.2903,control_jul
92,6420.5906,control_jul
52,6420.8909,control_jul
192,6421.1912,control_jul
165,6421.4916,control_jul
40,6421.7919,control_jul
206,6422.0922,control_jul
36,6422.3925,control_jul
63,6422.6928,control_jul
184,6422.9932,control_jul
159,6423.2935,control_jul
199,6423.5938,control_jul
190,6423.8941,control_jul
117,6424.1945,control_jul
17,6424.4948,control_jul
140,6424.7951,control_jul
148,6425.0954,control_jul
206,6425.3958,control_jul
194,6425.6961,control_jul
97,6425.9964,control_jul
35,6426.2967,control_jul
97,6426.5971,control_jul
165,6426.8974,control_jul
78,6427.1977,control_jul
70,6427.498,control_jul
64,6427.7983,control_jul
143,6428.0987,control_jul
151,6428.3989,control_jul
145,6428.6993,control_jul
151,6428.9996,control_jul
67,6429.2999,control_jul
193,6429.6002,control_jul
142,6429.9006,control_jul
151,6430.2009,control_jul
62,6430.5012,control_jul
15,6430.8016,control_jul
62,6431.1019,control_jul
161,6431.4022,control_jul
157,6431.7025,control_jul
112,6432.0028,control_jul
38,6432.3032,control_jul
137,6432.6035,control_jul
14,6432.9038,control_jul
8,6433.2041,control_jul
47,6433.5045,control_jul
138,6433.8048,control_jul
110,6434.1051,control_jul
136,6434.4054,control_jul
127,6434.7057,control_jul
192,6435.006,control_jul
78,6435.3064,control_jul
60,6435.6067,control_jul
206,6435.907,control_jul
206,6436.2074,control_jul
185,6436.5077,control_jul
123,6436.808,control_jul
158,6437.1083,control_jul
1,6437.4086,control_jul
67,6437.7089,control_jul
70,6438.0092,control_jul
29,6438.3096,control_jul
202,6438.6099,control_jul
78,6438.9102,control_jul
57,6439.2105,control_jul
123,6439.5108,control_jul
194,6439.8112,control_jul
36,6440.1115,control_jul
35,6440.4118,control_jul
97,6440.7122,control_jul
63,6441.0124,control_jul
22,6441.3128,control_jul
16,6441.6131,control_jul
110,6441.9134,control_jul
115,6442.2138,control_jul
154,6442.5141,control_jul
55,6442.8144,control_jul
22,6443.1147,control_jul
83,6443.415,control_jul
60,6443.7153,control_jul
39,6444.0157,control_jul
189,6444.316,control_jul
176,6444.6163,control_jul
74,6444.9166,control_jul
65,6445.217,control_jul
182,6445.5173,control_jul
22,6445.8176,control_jul
165,6446.1179,control_jul
184,6446.4183,control_jul
17,6446.7185,control_jul
16,6447.0189,control_jul
61,6447.3192,control_jul
153,6447.6196,control_jul
153,6447.9199,control_jul
77,6448.2202,control_jul
154,6448.5205,control_jul
202,6448.8208,control_jul
206,6449.1211,control_jul
130,6449.4214,control_jul
37,6449.7218,control_jul
183,6450.0221,control_jul
50,6450.3224,control_jul
153,6450.6228,control_jul
115,6450.9231,control_jul
50,6451.2234,control_jul
182,6451.5237,control_jul
164,6451.824,control_jul
126,6452.1243,control_jul
136,6452.4247,control_jul
157,6452.725,control_jul
138,6453.0253,control_jul
4,6453.3257,control_jul
59,6453.6259,control_jul
70,6453.9263,control_jul
85,6454.2266,control_jul
176,6454.5269,control_jul
3,6454.8272,control_jul
83,6455.1276,control_jul
164,6455.4279,control_jul
17,6455.7282,control_jul
85,6456.0285,control_jul
70,6456.3289,control_jul
151,6456.6292,control_jul
30,6456.9295,control_jul
118,6457.2298,control_jul
125,6457.5301,control_jul
176,6457.8304,control_jul
87,6458.1308,control_jul
181,6458.4311,control_jul
7,6458.7314,control_jul
51,6459.0317,control_jul
141,6459.3321,control_jul
174,6459.6324,control_jul
125,6459.9327,control_jul
138,6460.233,control_jul
80,6460.5334,control_jul
159,6460.8337,control_jul
193,6461.134,control_jul
7,6461.4343,control_jul
143,6461.7347,control_jul
67,6462.035,control_jul
73,6462.3353,control_jul
124,6462.6356,control_jul
79,6462.9359,control_jul
79,6463.2363,control_jul
159,6463.5366,control_jul
190,6463.8369,control_jul
199,6464.1372,control_jul
152,6464.4376,control_jul
73,6464.7378,control_jul
72,6465.0382,control_jul
79,6465.3385,control_jul
80,6465.6388,control_jul
165,6465.9392,control_jul
206,6466.2395,control_jul
55,6466.5398,control_jul
123,6466.8452,control_jul
164,6467.1404,control_jul
185,6467.4407,control_jul
35,6467.7411,control_jul
194,6468.0414,control_jul
123,6468.3417,control_jul
195,6468.642,control_jul
192,6468.9423,control_jul
13,6469.2427,control_jul
165,6469.543,control_jul
22,6469.8434,control_jul
123,6470.1436,control_jul
36,6470.444,control_jul
184,6470.7443,control_jul
48,6471.0446,control_jul
79,6471.3449,control_jul
129,6471.6453,control_jul
65,6471.9456,control_jul
65,6472.2459,control_jul
182,6472.5462,control_jul
180,6472.8465,control_jul
189,6473.1469,control_jul
52,6473.4472,control_jul
156,6473.7475,control_jul
25,6474.0478,control_jul
25,6474.3481,control_jul
21,6474.6485,control_jul
105,6474.9488,control_jul
100,6475.2491,control_jul
74,6475.5494,control_jul
12,6475.8497,control_jul
48,6476.1501,control_jul
22,6476.4504,control_jul
37,6476.7507,control_jul
156,6477.051,control_jul
191,6477.3513,control_jul
202,6477.6517,control_jul
129,6477.952,control_jul
80,6478.2523,control_jul
152,6478.5526,control_jul
154,6478.8529,control_jul
92,6479.1533,control_jul
179,6479.4536,control_jul
205,6479.7539,control_jul
92,6480.0542,control_jul
24,6480.3546,control_jul
197,6480.6549,control_jul
24,6480.9552,control_jul
197,6481.2555,control_jul
183,6481.5558,control_jul
182,6481.8562,control_jul
165,6482.1565,control_jul
110,6482.4568,control_jul
199,6482.7571,control_jul
106,6483.0575,control_jul
37,6483.3578,control_jul
24,6483.6581,control_jul
160,6483.9584,control_jul
179,6484.2588,control_jul
183,6484.5591,control_jul
128,6484.8593,control_jul
110,6485.1597,control_jul
151,6485.46,control_jul
71,6485.7603,control_jul
202,6486.0606,control_jul
194,6486.361,control_jul
144,6486.6613,control_jul
36,6486.9616,control_jul
195,6487.2619,control_jul
63,6487.5623,control_jul
97,6487.8626,control_jul
165,6488.1629,control_jul
48,6488.4632,control_jul
142,6488.7636,control_jul
136,6489.0639,control_jul
127,6489.3642,control_jul
161,6489.6645,control_jul
33,6489.9649,control_jul
136,6490.2652,control_jul
67,6490.5655,control_jul
33,6490.8658,control_jul
125,6491.166,control_jul
7,6491.4665,control_jul
182,6491.7668,control_jul
202,6492.067,control_jul
206,6492.3674,control_jul
63,6492.6677,control_jul
35,6492.9681,control_jul
185,6493.2684,control_jul
97,6493.5687,control_jul
36,6493.869,control_jul
35,6494.1693,control_jul
97,6494.4696,control_jul
133,6494.77,control_jul
97,6495.0702,control_jul
63,6495.3706,control_jul
206,6495.6709,control_jul
123,6495.9712,control_jul
16,6496.2715,control_jul
61,6496.5719,control_jul
65,6496.8722,control_jul
55,6497.1725,control_jul
192,6497.4728,control_jul
158,6497.7732,control_jul
176,6498.0734,control_jul
17,6498.3738,control_jul
29,6498.6741,control_jul
43,6498.9744,control_jul
43,6499.2748,control_jul
1,6499.575,control_jul
33,6499.8754,control_jul
67,6500.1757,control_jul
110,6500.4761,control_jul
67,6500.7764,control_jul
7,6501.0767,control_jul
143,6501.377,control_jul
176,6501.6773,control_jul
65,6501.9777,control_jul
158,6502.278,control_jul
8,6502.5783,control_jul
42,6502.8786,control_jul
77,6503.1789,control_jul
84,6503.4793,control_jul
193,6504.0705,control_jul
159,6504.3708,control_jul
188,6504.6712,control_jul
157,6504.9715,control_jul
64,6505.2717,control_jul
65,6505.5721,control_jul
92,6505.8724,control_jul
1,6506.1727,control_jul
127,6506.4731,control_jul
162,6506.7734,control_jul
164,6507.0737,control_jul
133,6507.374,control_jul
196,6507.6743,control_jul
46,6507.9747,control_jul
152,6508.275,control_jul
152,6508.5753,control_jul
120,6509.176,control_jul
36,6509.4763,control_jul
60,6509.7766,control_jul
196,6510.0769,control_jul
184,6510.3772,control_jul
63,6510.6775,control_jul
126,6510.9779,control_jul
31,6511.2782,control_jul
153,6511.5785,control_jul
6,6511.8788,control_jul
6,6512.1792,control_jul
199,6512.4795,control_jul
194,6512.7798,control_jul
164,6513.0801,control_jul
17,6513.3804,control_jul
117,6513.6807,control_jul
184,6513.9811,control_jul
70,6514.2814,control_jul
93,6514.5817,control_jul
61,6514.882,control_jul
74,6515.1824,control_jul
52,6515.4827,control_jul
192,6515.783,control_jul
162,6516.0833,control_jul
162,6516.3837,control_jul
75,6516.684,control_jul
64,6516.9843,control_jul
155,6517.2846,control_jul
138,6517.585,control_jul
152,6517.8852,control_jul
138,6518.1856,control_jul
152,6518.4859,control_jul
1,6518.7862,control_jul
6,6519.0866,control_jul
6,6519.3869,control_jul
161,6519.6871,control_jul
110,6519.9875,control_jul
141,6520.2878,control_jul
8,6520.5881,control_jul
74,6520.8884,control_jul
143,6521.1888,control_jul
153,6521.4891,control_jul
143,6521.7894,control_jul
153,6522.0897,control_jul
86,6522.39,control_jul
59,6522.6903,control_jul
184,6522.9907,control_jul
44,6523.291,control_jul
78,6523.5913,control_jul
38,6523.8916,control_jul
65,6524.1919,control_jul
149,6524.4923,control_jul
181,6524.7926,control_jul
151,6525.0929,control_jul
181,6525.3932,control_jul
4,6525.6936,control_jul
199,6525.9939,control_jul
207,6526.2942,control_jul
120,6526.5945,control_jul
202,6526.8948,control_jul
192,6527.1952,control_jul
44,6527.4955,control_jul
144,6527.7958,control_jul
152,6528.0961,control_jul
190,6528.3964,control_jul
33,6528.6967,control_jul
152,6528.9971,control_jul
47,6529.2974,control_jul
163,6529.5978,control_jul
127,6529.8981,control_jul
135,6530.1984,control_jul
135,6530.4987,control_jul
72,6530.799,control_jul
152,6531.0994,control_jul
186,6531.3997,control_jul
199,6531.7,control_jul
138,6532.0003,control_jul
199,6532.3006,control_jul
171,6532.601,control_jul
67,6532.9013,control_jul
33,6533.2016,control_jul
84,6533.5019,control_jul
6,6533.8022,control_jul
6,6534.1025,control_jul
208,6534.4029,control_jul
33,6534.7032,control_jul
190,6535.0036,control_jul
64,6535.3038,control_jul
151,6535.6041,control_jul
199,6535.9045,control_jul
196,6536.2047,control_jul
198,6536.5051,control_jul
24,6536.8054,control_jul
156,6537.1057,control_jul
198,6537.406,control_jul
24,6537.7064,control_jul
22,6538.0067,control_jul
184,6538.307,control_jul
140,6538.6074,control_jul
67,6538.9077,control_jul
10,6539.2079,control_jul
87,6539.5083,control_jul
84,6539.8086,control_jul
75,6540.1089,control_jul
33,6540.4093,control_jul
56,6540.7096,control_jul
31,6541.0099,control_jul
58,6541.3102,control_jul
180,6541.6106,control_jul
196,6541.9108,control_jul
144,6542.2112,control_jul
76,6542.5116,control_jul
164,6542.8118,control_jul
180,6543.1122,control_jul
17,6543.4124,control_jul
10,6543.7127,control_jul
20,6544.014,control_jul
84,6544.3134,control_jul
153,6544.6138,control_jul
61,6544.914,control_jul
93,6545.2143,control_jul
115,6545.5147,control_jul
153,6545.815,control_jul
153,6546.1153,control_jul
115,6546.4156,control_jul
86,6546.7159,control_jul
208,6547.0163,control_jul
31,6547.3166,control_jul
45,6547.6169,control_jul
15,6547.9173,control_jul
109,6548.2176,control_jul
152,6548.5179,control_jul
173,6548.8182,control_jul
46,6549.1186,control_jul
3,6549.4188,control_jul
113,6549.7191,control_jul
185,6550.0195,control_jul
49,6550.3198,control_jul
133,6550.6201,control_jul
126,6550.9204,control_jul
83,6551.2208,control_jul
83,6551.5211,control_jul
32,6551.8214,control_jul
136,6552.1217,control_jul
124,6552.422,control_jul
72,6552.7223,control_jul
33,6553.0227,control_jul
86,6553.323,control_jul
174,6553.6234,control_jul
143,6553.9236,control_jul
193,6554.224,control_jul
38,6554.5243,control_jul
191,6554.8246,control_jul
196,6555.125,control_jul
202,6555.4252,control_jul
71,6555.7256,control_jul
1,6556.0259,control_jul
75,6556.3262,control_jul
1,6556.6266,control_jul
124,6556.9269,control_jul
116,6557.2272,control_jul
79,6557.5275,control_jul
190,6557.8278,control_jul
31,6558.1282,control_jul
75,6558.4285,control_jul
31,6558.7288,control_jul
190,6559.0291,control_jul
144,6559.3294,control_jul
179,6559.6297,control_jul
194,6559.9301,control_jul
196,6560.2305,control_jul
144,6560.5308,control_jul
196,6560.8311,control_jul
149,6561.1314,control_jul
33,6561.4316,control_jul
125,6561.732,control_jul
112,6562.0323,control_jul
191,6562.3327,control_jul
194,6562.633,control_jul
186,6562.9333,control_jul
179,6563.2336,control_jul
126,6563.5339,control_jul
123,6563.8342,control_jul
144,6564.1346,control_jul
180,6564.4349,control_jul
126,6564.7353,control_jul
92,6565.0355,control_jul
194,6565.3359,control_jul
183,6565.6362,control_jul
49,6565.9365,control_jul
194,6566.2368,control_jul
164,6566.5371,control_jul
164,6566.8375,control_jul
123,6567.1378,control_jul
83,6567.4381,control_jul
83,6567.7384,control_jul
36,6568.0388,control_jul
182,6568.339,control_jul
83,6568.6394,control_jul
36,6568.9397,control_jul
164,6569.24,control_jul
39,6569.5404,control_jul
22,6569.8407,control_jul
60,6570.141,control_jul
97,6570.4413,control_jul
97,6570.7417,control_jul
133,6571.042,control_jul
164,6571.3423,control_jul
185,6571.6426,control_jul
164,6571.9429,control_jul
164,6572.2432,control_jul
164,6572.5436,control_jul
112,6572.8439,control_jul
184,6573.1442,control_jul
131,6573.4445,control_jul
124,6573.7449,control_jul
208,6574.0452,control_jul
181,6574.3455,control_jul
65,6574.6459,control_jul
55,6574.9462,control_jul
184,6575.2464,control_jul
185,6575.5468,control_jul
83,6575.8471,control_jul
1,6576.1474,control_jul
190,6576.4477,control_jul
32,6576.748,control_jul
181,6577.0484,control_jul
136,6577.3487,control_jul
89,6577.649,control_jul
4,6577.9493,control_jul
38,6578.2497,control_jul
182,6578.55,control_jul
184,6578.8503,control_jul
185,6579.1507,control_jul
92,6579.4509,control_jul
164,6579.7513,control_jul
131,6580.0516,control_jul
165,6580.3519,control_jul
124,6580.6522,control_jul
127,6580.9525,control_jul
52,6581.2529,control_jul
131,6581.5532,control_jul
74,6581.8535,control_jul
43,6582.1539,control_jul
182,6582.4542,control_jul
76,6582.7545,control_jul
49,6583.0548,control_jul
164,6583.3551,control_jul
49,6583.6555,control_jul
144,6583.9558,control_jul
129,6584.2561,control_jul
162,6584.5564,control_jul
188,6584.8568,control_jul
46,6585.1571,control_jul
192,6585.4574,control_jul
194,6585.7577,control_jul
194,6586.058,control_jul
196,6586.3584,control_jul
80,6586.6587,control_jul
7,6586.959,control_jul
136,6587.2637,control_jul
33,6587.5596,control_jul
72,6587.86,control_jul
79,6588.1603,control_jul
190,6588.4605,control_jul
165,6588.7609,control_jul
63,6589.0613,control_jul
194,6589.3616,control_jul
123,6589.6619,control_jul
35,6589.9622,control_jul
55,6590.2625,control_jul
76,6590.5628,control_jul
206,6590.8632,control_jul
202,6591.1635,control_jul
92,6591.4638,control_jul
130,6591.7641,control_jul
156,6592.0644,control_jul
24,6592.3648,control_jul
160,6592.6651,control_jul
197,6592.9654,control_jul
34,6593.2657,control_jul
23,6593.5661,control_jul
37,6593.8664,control_jul
156,6594.1667,control_jul
192,6594.4671,control_jul
36,6594.7673,control_jul
16,6595.0676,control_jul
12,6595.368,control_jul
61,6595.6683,control_jul
118,6595.9686,control_jul
164,6596.2689,control_jul
35,6596.5693,control_jul
117,6596.8696,control_jul
78,6597.1699,control_jul
182,6597.4702,control_jul
80,6597.7705,control_jul
80,6598.0709,control_jul
159,6598.3712,control_jul
152,6598.6716,control_jul
73,6598.9718,control_jul
79,6599.2721,control_jul
188,6599.5724,control_jul
173,6599.8728,control_jul
123,6600.1732,control_jul
36,6600.4735,control_jul
123,6600.7738,control_jul
152,6601.0741,control_jul
80,6601.3744,control_jul
124,6601.6748,control_jul
73,6601.9751,control_jul
157,6602.2753,control_jul
188,6602.5757,control_jul
200,6602.876,control_jul
207,6603.1764,control_jul
188,6603.4766,control_jul
129,6603.777,control_jul
63,6604.0773,control_jul
92,6604.3776,control_jul
126,6604.678,control_jul
48,6604.9783,control_jul
184,6605.2786,control_jul
164,6605.5789,control_jul
156,6605.8792,control_jul
24,6606.1796,control_jul
144,6606.4799,control_jul
196,6606.7802,control_jul
144,6607.0805,control_jul
137,6607.3808,control_jul
35,6607.6812,control_jul
58,6607.9815,control_jul
39,6608.2818,control_jul
65,6608.5821,control_jul
17,6608.8825,control_jul
189,6609.1828,control_jul
59,6609.4831,control_jul
74,6609.7834,control_jul
153,6610.0838,control_jul
153,6610.384,control_jul
86,6610.6844,control_jul
71,6610.9847,control_jul
211,6611.285,control_jul
151,6611.5854,control_jul
64,6611.8857,control_jul
125,6612.186,control_jul
31,6612.4863,control_jul
70,6612.7866,control_jul
61,6613.087,control_jul
91,6613.3873,control_jul
147,6613.6876,control_jul
147,6613.9879,control_jul
147,6614.2882,control_jul
34,6614.5885,control_jul
24,6614.8889,control_jul
160,6615.1892,control_jul
183,6615.4895,control_jul
124,6615.7898,control_jul
159,6616.0901,control_jul
152,6616.3913,control_jul
46,6616.6908,control_jul
191,6616.9911,control_jul
191,6617.2914,control_jul
194,6617.5918,control_jul
211,6617.8921,control_jul
162,6618.1924,control_jul
73,6618.4927,control_jul
136,6618.7931,control_jul
173,6619.0934,control_jul
200,6619.3937,control_jul
172,6619.694,control_jul
75,6619.9943,control_jul
59,6620.2946,control_jul
125,6620.595,control_jul
151,6620.8953,control_jul
174,6621.1956,control_jul
153,6621.4959,control_jul
141,6621.7962,control_jul
161,6622.0966,control_jul
35,6622.3969,control_jul
76,6622.6972,control_jul
194,6622.9975,control_jul
191,6623.2979,control_jul
123,6623.5982,control_jul
207,6623.8985,control_jul
200,6624.1988,control_jul
162,6624.4992,control_jul
134,6624.7995,control_jul
135,6625.0998,control_jul
186,6625.4002,control_jul
194,6625.7004,control_jul
164,6626.0008,control_jul
202,6626.3011,control_jul
209,6626.6014,control_jul
211,6626.9017,control_jul
173,6627.202,control_jul
179,6627.5023,control_jul
194,6627.8027,control_jul
194,6628.103,control_jul
120,6628.4033,control_jul
73,6628.7037,control_jul
87,6629.004,control_jul
112,6629.3043,control_jul
37,6629.6046,control_jul
23,6629.905,control_jul
160,6630.2053,control_jul
144,6630.5056,control_jul
196,6630.8059,control_jul
63,6631.1062,control_jul
179,6631.4066,control_jul
133,6631.7069,control_jul
133,6632.0072,control_jul
165,6632.3075,control_jul
205,6632.6079,control_jul
158,6632.9082,control_jul
1,6633.2085,control_jul
47,6633.5088,control_jul
84,6633.8092,control_jul
153,6634.1094,control_jul
153,6634.4098,control_jul
42,6634.7101,control_jul
73,6635.0104,control_jul
136,6635.3107,control_jul
181,6635.611,control_jul
139,6635.9113,control_jul
161,6636.2116,control_jul
188,6636.512,control_jul
80,6636.8124,control_jul
162,6637.1126,control_jul
80,6637.413,control_jul
170,6637.7133,control_jul
134,6638.0136,control_jul
122,6638.314,control_jul
80,6638.6143,control_jul
200,6638.9145,control_jul
173,6639.215,control_jul
56,6639.5152,control_jul
152,6639.8155,control_jul
35,6640.1158,control_jul
85,6640.4162,control_jul
47,6640.7165,control_jul
163,6641.0169,control_jul
73,6641.3172,control_jul
110,6641.6175,control_jul
134,6641.9178,control_jul
207,6642.2181,control_jul
207,6642.5185,control_jul
120,6642.8188,control_jul
3,6643.1191,control_jul
203,6643.4194,control_jul
23,6643.7197,control_jul
24,6644.02,control_jul
198,6644.3204,control_jul
24,6644.6207,control_jul
24,6644.921,control_jul
34,6645.2213,control_jul
23,6645.5217,control_jul
63,6645.822,control_jul
24,6646.1223,control_jul
156,6646.4226,control_jul
24,6646.7229,control_jul
156,6647.0232,control_jul
160,6647.3236,control_jul
130,6647.6239,control_jul
52,6647.9242,control_jul
70,6648.2246,control_jul
189,6648.5249,control_jul
85,6648.8252,control_jul
176,6649.1255,control_jul
176,6649.4258,control_jul
65,6649.7262,control_jul
70,6650.0265,control_jul
44,6650.3268,control_jul
92,6650.6271,control_jul
32,6650.9275,control_jul
154,6651.2278,control_jul
125,6651.5281,control_jul
67,6651.8284,control_jul
78,6652.1287,control_jul
16,6652.429,control_jul
158,6652.7294,control_jul
1,6653.0297,control_jul
31,6653.33,control_jul
151,6653.6303,control_jul
174,6653.9306,control_jul
71,6654.231,control_jul
129,6654.5313,control_jul
72,6654.8316,control_jul
125,6655.132,control_jul
143,6655.4322,control_jul
67,6655.7326,control_jul
47,6656.0329,control_jul
190,6656.3332,control_jul
73,6656.6335,control_jul
89,6656.9339,control_jul
138,6657.2342,control_jul
127,6657.5345,control_jul
209,6657.8348,control_jul
131,6658.1352,control_jul
19,6658.4355,control_jul
65,6658.7358,control_jul
192,6659.0361,control_jul
185,6659.3364,control_jul
17,6659.6367,control_jul
122,6659.9371,control_jul
175,6660.2374,control_jul
71,6660.5377,control_jul
149,6660.838,control_jul
52,6661.1384,control_jul
32,6661.4387,control_jul
17,6661.739,control_jul
70,6662.0393,control_jul
208,6662.3397,control_jul
67,6662.64,control_jul
67,6662.9403,control_jul
43,6663.2406,control_jul
53,6663.5409,control_jul
176,6663.8412,control_jul
43,6664.1416,control_jul
43,6664.4419,control_jul
143,6664.7423,control_jul
64,6665.0426,control_jul
155,6665.3428,control_jul
155,6665.6432,control_jul
155,6665.9435,control_jul
155,6666.2438,control_jul
155,6666.5441,control_jul
155,6666.8445,control_jul
155,6667.1448,control_jul
1,6667.4451,control_jul
155,6667.7455,control_jul
31,6668.0458,control_jul
155,6668.3461,control_jul
64,6668.6464,control_jul
29,6668.9467,control_jul
34,6669.247,control_jul
203,6669.5474,control_jul
21,6669.8477,control_jul
26,6670.148,control_jul
66,6670.4483,control_jul
21,6670.7486,control_jul
25,6671.0489,control_jul
160,6671.3493,control_jul
197,6671.6497,control_jul
183,6671.95,control_jul
154,6672.2502,control_jul
151,6672.5506,control_jul
43,6672.8509,control_jul
98,6673.1512,control_jul
155,6673.4515,control_jul
64,6673.7518,control_jul
64,6674.0522,control_jul
47,6674.3525,control_jul
127,6674.6528,control_jul
199,6674.9531,control_jul
136,6675.2535,control_jul
136,6675.5538,control_jul
124,6675.8541,control_jul
135,6676.1545,control_jul
196,6676.4548,control_jul
24,6676.7551,control_jul
197,6677.0555,control_jul
198,6677.3557,control_jul
196,6677.656,control_jul
133,6677.9564,control_jul
36,6678.2567,control_jul
179,6678.557,control_jul
188,6678.8573,control_jul
152,6679.1577,control_jul
134,6679.458,control_jul
45,6679.7583,control_jul
62,6680.0587,control_jul
5,6680.3589,control_jul
45,6680.6593,control_jul
193,6680.9596,control_jul
4,6681.2599,control_jul
92,6681.5603,control_jul
202,6681.8605,control_jul
92,6682.1609,control_jul
165,6682.4612,control_jul
52,6682.7615,control_jul
55,6683.0619,control_jul
55,6683.3622,control_jul
194,6683.6625,control_jul
49,6683.9628,control_jul
49,6684.2632,control_jul
164,6684.5635,control_jul
144,6684.8638,control_jul
206,6685.1641,control_jul
205,6685.4644,control_jul
44,6685.7648,control_jul
48,6686.0651,control_jul
78,6686.3654,control_jul
165,6686.6657,control_jul
38,6686.966,control_jul
70,6687.2664,control_jul
83,6687.5667,control_jul
165,6687.867,control_jul
180,6688.1673,control_jul
12,6688.4676,control_jul
38,6688.7679,control_jul
78,6689.0683,control_jul
205,6689.3687,control_jul
192,6689.6689,control_jul
189,6689.9692,control_jul
176,6690.2696,control_jul
3,6690.5699,control_jul
164,6690.8702,control_jul
185,6691.1706,control_jul
36,6691.4709,control_jul
117,6691.7712,control_jul
35,6692.0716,control_jul
137,6692.3719,control_jul
185,6692.6722,control_jul
117,6692.9725,control_jul
165,6693.2728,control_jul
182,6693.5731,control_jul
83,6693.8735,control_jul
13,6694.1738,control_jul
37,6694.4741,control_jul
197,6694.7745,control_jul
48,6695.0748,control_jul
19,6695.3751,control_jul
192,6695.6755,control_jul
70,6695.9757,control_jul
6,6696.2761,control_jul
193,6696.5764,control_jul
71,6696.8767,control_jul
192,6697.177,control_jul
3,6697.4773,control_jul
184,6697.7777,control_jul
83,6698.078,control_jul
36,6698.3783,control_jul
60,6698.6787,control_jul
17,6698.9789,control_jul
202,6699.2793,control_jul
37,6699.5796,control_jul
130,6699.8799,control_jul
198,6700.1803,control_jul
23,6700.4806,control_jul
160,6700.7809,control_jul
28,6701.0812,control_jul
36,6701.3815,control_jul
123,6701.6819,control_jul
206,6701.9822,control_jul
49,6702.2825,control_jul
92,6702.5828,control_jul
49,6702.8832,control_jul
36,6703.1835,control_jul
12,6703.4838,control_jul
87,6703.7841,control_jul
60,6704.0845,control_jul
206,6704.3848,control_jul
177,6704.6851,control_jul
206,6704.9854,control_jul
117,6705.2857,control_jul
128,6705.5861,control_jul
115,6705.8864,control_jul
64,6706.1868,control_jul
99,6706.487,control_jul
79,6706.7874,control_jul
33,6707.0876,control_jul
149,6707.388,control_jul
182,6707.6883,control_jul
202,6707.9886,control_jul
47,6708.289,control_jul
6,6708.5892,control_jul
77,6708.8896,control_jul
110,6709.1899,control_jul
172,6709.4902,control_jul
136,6709.7905,control_jul
4,6710.0909,control_jul
59,6710.3912,control_jul
206,6710.6915,control_jul
92,6710.9918,control_jul
188,6711.2922,control_jul
200,6711.5925,control_jul
173,6711.8929,control_jul
127,6712.1931,control_jul
127,6712.4935,control_jul
138,6712.7939,control_jul
136,6713.0941,control_jul
73,6713.3945,control_jul
110,6713.6948,control_jul
6,6713.9951,control_jul
151,6714.2954,control_jul
77,6714.5957,control_jul
86,6714.896,control_jul
143,6715.1972,control_jul
182,6715.4967,control_jul
92,6715.797,control_jul
191,6716.0973,control_jul
35,6716.3976,control_jul
192,6716.698,control_jul
192,6716.9983,control_jul
92,6717.2986,control_jul
185,6717.5989,control_jul
160,6717.8992,control_jul
23,6718.1996,control_jul
198,6718.4999,control_jul
156,6718.8003,control_jul
160,6719.1005,control_jul
196,6719.4008,control_jul
202,6719.7012,control_jul
46,6720.0015,control_jul
4,6720.3019,control_jul
136,6720.6021,control_jul
208,6720.9025,control_jul
6,6721.2028,control_jul
143,6721.5031,control_jul
42,6721.8034,control_jul
141,6722.1037,control_jul
172,6722.4041,control_jul
92,6722.7044,control_jul
106,6723.0047,control_jul
179,6723.305,control_jul
188,6723.6054,control_jul
79,6723.9057,control_jul
159,6724.206,control_jul
199,6724.5063,control_jul
208,6724.8067,control_jul
62,6725.107,control_jul
15,6725.4073,control_jul
75,6725.7076,control_jul
127,6726.0079,control_jul
207,6726.3083,control_jul
80,6726.6086,control_jul
71,6726.9089,control_jul
20,6727.2092,control_jul
117,6727.5096,control_jul
63,6727.8098,control_jul
1,6728.1102,control_jul
67,6728.4105,control_jul
193,6728.7108,control_jul
110,6729.0112,control_jul
77,6729.3115,control_jul
71,6729.6118,control_jul
205,6729.9121,control_jul
194,6730.2124,control_jul
196,6730.5127,control_jul
97,6730.8175,control_jul
194,6731.1134,control_jul
185,6731.4137,control_jul
144,6731.7141,control_jul
133,6732.0438,control_jul
194,6732.3147,control_jul
106,6732.615,control_jul
3,6732.9153,control_jul
165,6733.2156,control_jul
57,6733.516,control_jul
78,6733.8163,control_jul
123,6734.1166,control_jul
179,6734.4169,control_jul
179,6734.7172,control_jul
179,6735.0219,control_jul
179,6735.3179,control_jul
92,6735.6182,control_jul
36,6735.9185,control_jul
63,6736.2188,control_jul
119,6736.5191,control_jul
47,6736.8195,control_jul
157,6737.1198,control_jul
92,6737.4201,control_jul
194,6737.7204,control_jul
76,6738.0208,control_jul
123,6738.3211,control_jul
71,6738.6214,control_jul
78,6738.9218,control_jul
38,6739.222,control_jul
202,6739.5224,control_jul
194,6739.8227,control_jul
44,6740.123,control_jul
76,6740.4234,control_jul
152,6740.7236,control_jul
199,6741.024,control_jul
1,6741.3243,control_jul
152,6741.6247,control_jul
173,6741.925,control_jul
194,6742.2253,control_jul
106,6742.5256,control_jul
65,6742.8259,control_jul
78,6743.1262,control_jul
74,6743.4265,control_jul
74,6743.7268,control_jul
61,6744.0271,control_jul
158,6744.3275,control_jul
148,6744.6278,control_jul
204,6744.9282,control_jul
114,6745.2285,control_jul
101,6745.5288,control_jul
61,6745.8291,control_jul
176,6746.1294,control_jul
23,6746.4297,control_jul
34,6746.7301,control_jul
37,6747.0304,control_jul
194,6747.3308,control_jul
202,6747.6311,control_jul
35,6747.9314,control_jul
202,6748.2316,control_jul
92,6748.532,control_jul
49,6748.8324,control_jul
36,6749.1327,control_jul
76,6749.433,control_jul
63,6749.7333,control_jul
32,6750.0336,control_jul
206,6750.3339,control_jul
205,6750.6343,control_jul
28,6750.9346,control_jul
197,6751.2349,control_jul
160,6751.5352,control_jul
160,6751.8355,control_jul
196,6752.1358,control_jul
36,6752.4362,control_jul
117,6752.7365,control_jul
78,6753.0368,control_jul
32,6753.3372,control_jul
38,6753.6375,control_jul
205,6753.9378,control_jul
182,6754.2381,control_jul
85,6754.5384,control_jul
8,6754.8388,control_jul
30,6755.1391,control_jul
180,6755.4394,control_jul
27,6755.7397,control_jul
16,6756.04,control_jul
176,6756.3404,control_jul
84,6756.6407,control_jul
175,6756.941,control_jul
70,6757.2414,control_jul
14,6757.5417,control_jul
87,6757.842,control_jul
14,6758.1423,control_jul
192,6758.4426,control_jul
35,6758.7429,control_jul
185,6759.0433,control_jul
63,6759.3436,control_jul
83,6759.6439,control_jul
55,6759.9442,control_jul
202,6760.2445,control_jul
206,6760.5449,control_jul
180,6760.8452,control_jul
131,6761.1455,control_jul
3,6761.4476,control_jul
58,6761.7461,control_jul
184,6762.0465,control_jul
78,6762.3468,control_jul
126,6762.6471,control_jul
180,6762.9475,control_jul
136,6763.2478,control_jul
175,6763.5481,control_jul
136,6763.8484,control_jul
31,6764.1688,control_jul
136,6764.4491,control_jul
64,6764.7493,control_jul
31,6765.0497,control_jul
72,6765.35,control_jul
1,6765.6503,control_jul
161,6765.9507,control_jul
84,6766.251,control_jul
174,6766.5513,control_jul
153,6766.8516,control_jul
67,6767.1519,control_jul
35,6767.4523,control_jul
136,6767.7525,control_jul
1,6768.0529,control_jul
33,6768.3532,control_jul
72,6768.6536,control_jul
79,6768.9539,control_jul
149,6769.2542,control_jul
165,6769.5545,control_jul
206,6769.8548,control_jul
206,6770.1552,control_jul
49,6770.4555,control_jul
194,6770.7558,control_jul
112,6771.0561,control_jul
32,6771.3565,control_jul
17,6771.6567,control_jul
17,6771.9571,control_jul
44,6772.2574,control_jul
185,6772.5577,control_jul
78,6772.858,control_jul
83,6773.1583,control_jul
41,6773.4587,control_jul
184,6773.759,control_jul
13,6774.0594,control_jul
144,6774.3596,control_jul
185,6774.66,control_jul
117,6774.9603,control_jul
57,6775.2606,control_jul
38,6775.561,control_jul
70,6775.8612,control_jul
117,6776.1615,control_jul
165,6776.4619,control_jul
65,6776.7622,control_jul
176,6777.0625,control_jul
142,6777.3628,control_jul
33,6777.6631,control_jul
72,6777.9635,control_jul
193,6778.2638,control_jul
117,6778.5642,control_jul
182,6778.8644,control_jul
55,6779.1648,control_jul
185,6779.4651,control_jul
63,6779.7655,control_jul
185,6780.0657,control_jul
36,6780.3661,control_jul
44,6780.6664,control_jul
78,6780.9667,control_jul
206,6781.267,control_jul
164,6781.5674,control_jul
35,6781.8677,control_jul
83,6782.168,control_jul
194,6782.4683,control_jul
126,6782.7686,control_jul
55,6783.069,control_jul
202,6783.3693,control_jul
46,6783.6696,control_jul
193,6783.97,control_jul
159,6784.2703,control_jul
199,6784.5706,control_jul
4,6784.8709,control_jul
127,6785.1712,control_jul
202,6785.4716,control_jul
78,6785.7719,control_jul
20,6786.0722,control_jul
136,6786.3725,control_jul
162,6786.6729,control_jul
150,6786.9776,control_jul
202,6787.2735,control_jul
22,6787.5738,control_jul
65,6787.8741,control_jul
189,6788.1744,control_jul
77,6788.4748,control_jul
190,6788.7751,control_jul
171,6789.0754,control_jul
86,6789.3757,control_jul
142,6789.676,control_jul
122,6789.9764,control_jul
149,6790.2767,control_jul
118,6790.577,control_jul
78,6790.8773,control_jul
22,6791.1776,control_jul
183,6791.478,control_jul
84,6791.7783,control_jul
143,6792.0786,control_jul
145,6792.3789,control_jul
67,6792.6792,control_jul
143,6792.9795,control_jul
145,6793.2799,control_jul
125,6793.5802,control_jul
199,6793.8805,control_jul
44,6794.1808,control_jul
97,6794.4812,control_jul
133,6794.7815,control_jul
133,6795.0818,control_jul
35,6795.3821,control_jul
1,6795.6824,control_jul
73,6795.9828,control_jul
72,6796.2831,control_jul
181,6796.5834,control_jul
77,6796.8837,control_jul
138,6797.1841,control_jul
57,6797.4844,control_jul
182,6797.7847,control_jul
70,6798.085,control_jul
12,6798.3853,control_jul
17,6798.6857,control_jul
55,6798.986,control_jul
106,6799.2863,control_jul
194,6799.5867,control_jul
160,6799.8869,control_jul
197,6800.1873,control_jul
156,6800.4876,control_jul
23,6800.7879,control_jul
164,6801.0883,control_jul
36,6801.3886,control_jul
60,6801.6889,control_jul
191,6801.9892,control_jul
179,6802.2895,control_jul
36,6802.5899,control_jul
60,6802.8902,control_jul
22,6803.1905,control_jul
92,6803.4908,control_jul
194,6803.7911,control_jul
160,6804.0915,control_jul
156,6804.3917,control_jul
197,6804.6921,control_jul
194,6804.9924,control_jul
185,6805.2927,control_jul
191,6805.593,control_jul
97,6805.8933,control_jul
97,6806.1937,control_jul
133,6806.494,control_jul
97,6806.7944,control_jul
185,6807.0947,control_jul
185,6807.395,control_jul
63,6807.6953,control_jul
43,6807.9956,control_jul
14,6808.2959,control_jul
29,6808.5962,control_jul
130,6808.8965,control_jul
130,6809.1969,control_jul
37,6809.4972,control_jul
160,6809.7976,control_jul
197,6810.0978,control_jul
24,6810.3982,control_jul
34,6810.6985,control_jul
117,6810.9988,control_jul
97,6811.2991,control_jul
35,6811.5995,control_jul
36,6811.8998,control_jul
35,6812.2001,control_jul
189,6812.5004,control_jul
101,6812.8008,control_jul
181,6813.1011,control_jul
6,6813.4013,control_jul
84,6813.7017,control_jul
42,6814.002,control_jul
67,6814.3023,control_jul
72,6814.6027,control_jul
205,6814.903,control_jul
194,6815.2033,control_jul
24,6815.5036,control_jul
156,6815.804,control_jul
156,6816.1043,control_jul
133,6816.4046,control_jul
133,6816.7049,control_jul
160,6817.0053,control_jul
24,6817.3055,control_jul
24,6817.6059,control_jul
24,6817.9062,control_jul
123,6818.2066,control_jul
57,6818.5069,control_jul
164,6818.8072,control_jul
144,6819.1075,control_jul
194,6819.4078,control_jul
133,6819.7082,control_jul
133,6820.0085,control_jul
179,6820.3088,control_jul
194,6820.6091,control_jul
164,6820.9094,control_jul
185,6821.2098,control_jul
37,6821.5101,control_jul
23,6821.8104,control_jul
198,6822.1108,control_jul
24,6822.4111,control_jul
205,6822.7114,control_jul
211,6823.0117,control_jul
136,6823.312,control_jul
122,6823.6124,control_jul
80,6823.9126,control_jul
191,6824.213,control_jul
179,6824.5133,control_jul
144,6824.8137,control_jul
196,6825.114,control_jul
133,6825.4143,control_jul
144,6825.7147,control_jul
196,6826.015,control_jul
44,6826.3152,control_jul
36,6826.6156,control_jul
185,6826.9159,control_jul
22,6827.2163,control_jul
192,6827.5166,control_jul
182,6827.8168,control_jul
17,6828.1172,control_jul
16,6828.4176,control_jul
16,6828.7179,control_jul
84,6829.0181,control_jul
145,6829.3185,control_jul
159,6829.6188,control_jul
191,6829.9191,control_jul
92,6830.2195,control_jul
179,6830.5198,control_jul
206,6830.8201,control_jul
49,6831.1205,control_jul
40,6831.4208,control_jul
92,6831.7211,control_jul
92,6832.0214,control_jul
191,6832.3217,control_jul
200,6832.622,control_jul
136,6832.9224,control_jul
83,6833.2227,control_jul
202,6833.523,control_jul
55,6833.8233,control_jul
117,6834.1236,control_jul
184,6834.424,control_jul
180,6834.7243,control_jul
44,6835.0246,control_jul
185,6835.3249,control_jul
164,6835.6253,control_jul
106,6835.9256,control_jul
24,6836.2259,control_jul
205,6836.5262,control_jul
165,6836.8266,control_jul
184,6837.1269,control_jul
122,6837.4272,control_jul
56,6837.7275,control_jul
199,6838.0278,control_jul
63,6838.3282,control_jul
117,6838.6285,control_jul
165,6838.9288,control_jul
40,6839.2292,control_jul
123,6839.5295,control_jul
92,6839.8299,control_jul
106,6840.13,control_jul
35,6840.4304,control_jul
35,6840.7307,control_jul
49,6841.031,control_jul
164,6841.3314,control_jul
196,6841.6317,control_jul
185,6841.9321,control_jul
200,6842.2324,control_jul
59,6842.5327,control_jul
55,6842.833,control_jul
173,6843.1333,control_jul
199,6843.4337,control_jul
47,6843.734,control_jul
64,6844.0343,control_jul
10,6844.3346,control_jul
81,6844.6393,control_jul
203,6844.9353,control_jul
130,6845.2356,control_jul
34,6845.5358,control_jul
92,6845.8362,control_jul
186,6846.1366,control_jul
80,6846.4369,control_jul
140,6846.7372,control_jul
161,6847.0375,control_jul
122,6847.3378,control_jul
47,6847.6382,control_jul
142,6847.9385,control_jul
172,6848.2388,control_jul
208,6848.5392,control_jul
47,6848.8395,control_jul
142,6849.1398,control_jul
81,6849.4401,control_jul
132,6849.7404,control_jul
103,6850.0408,control_jul
101,6850.3411,control_jul
93,6850.6413,control_jul
172,6850.9417,control_jul
169,6851.242,control_jul
7,6851.5423,control_jul
103,6851.8427,control_jul
121,6852.143,control_jul
85,6852.4433,control_jul
98,6852.7436,control_jul
103,6853.0439,control_jul
183,6853.3443,control_jul
149,6853.6446,control_jul
89,6853.9449,control_jul
208,6854.2452,control_jul
99,6854.5456,control_jul
75,6854.8459,control_jul
81,6855.1462,control_jul
132,6855.4466,control_jul
48,6855.7468,control_jul
78,6856.0471,control_jul
124,6856.3475,control_jul
33,6856.6478,control_jul
33,6856.9481,control_jul
33,6857.2484,control_jul
42,6857.5488,control_jul
169,6857.8491,control_jul
142,6858.1494,control_jul
103,6858.4497,control_jul
132,6858.75,control_jul
101,6859.0504,control_jul
33,6859.3507,control_jul
59,6859.651,control_jul
124,6859.9513,control_jul
99,6860.2516,control_jul
103,6860.552,control_jul
10,6860.8523,control_jul
85,6861.1526,control_jul
70,6861.453,control_jul
132,6861.7533,control_jul
71,6862.0536,control_jul
14,6862.3539,control_jul
171,6862.6542,control_jul
136,6862.9546,control_jul
108,6863.2548,control_jul
107,6863.5552,control_jul
102,6863.8555,control_jul
102,6864.1558,control_jul
45,6864.4562,control_jul
45,6864.7564,control_jul
120,6865.0568,control_jul
4,6865.3571,control_jul
162,6865.6574,control_jul
116,6865.9578,control_jul
134,6866.2581,control_jul
152,6866.5584,control_jul
207,6866.8587,control_jul
144,6867.159,control_jul
196,6867.4593,control_jul
24,6867.7596,control_jul
160,6868.06,control_jul
21,6868.3603,control_jul
25,6868.6605,control_jul
25,6868.9609,control_jul
160,6869.2612,control_jul
24,6869.5615,control_jul
25,6869.8619,control_jul
197,6870.1622,control_jul
23,6870.4626,control_jul
164,6870.7628,control_jul
144,6871.0631,control_jul
144,6871.3635,control_jul
172,6871.6638,control_jul
64,6871.9641,control_jul
171,6872.2644,control_jul
86,6872.5648,control_jul
108,6872.8651,control_jul
109,6873.1654,control_jul
67,6873.4657,control_jul
171,6873.766,control_jul
102,6874.0663,control_jul
111,6874.3666,control_jul
119,6874.667,control_jul
51,6874.9673,control_jul
67,6875.2676,control_jul
67,6875.568,control_jul
136,6875.8683,control_jul
206,6876.1686,control_jul
35,6876.4689,control_jul
136,6876.7692,control_jul
159,6877.0696,control_jul
159,6877.3699,control_jul
57,6877.6701,control_jul
100,6877.9705,control_jul
183,6878.2708,control_jul
91,6878.5712,control_jul
94,6878.8715,control_jul
184,6879.1717,control_jul
70,6879.4721,control_jul
155,6879.7724,control_jul
77,6880.0727,control_jul
31,6880.3731,control_jul
19,6880.6733,control_jul
3,6880.9737,control_jul
10,6881.274,control_jul
209,6881.5743,control_jul
55,6881.8747,control_jul
202,6882.1749,control_jul
16,6882.4753,control_jul
17,6882.7756,control_jul
182,6883.0759,control_jul
192,6883.3763,control_jul
36,6883.6766,control_jul
78,6883.9769,control_jul
202,6884.2773,control_jul
171,6884.5775,control_jul
145,6884.8779,control_jul
65,6885.1782,control_jul
16,6885.4785,control_jul
36,6885.7788,control_jul
179,6886.0792,control_jul
179,6886.3795,control_jul
40,6886.6798,control_jul
76,6886.9801,control_jul
92,6887.2804,control_jul
49,6887.5807,control_jul
185,6887.8811,control_jul
35,6888.1814,control_jul
156,6888.4817,control_jul
156,6888.782,control_jul
24,6889.0824,control_jul
130,6889.3827,control_jul
197,6889.683,control_jul
25,6889.9833,control_jul
25,6890.2837,control_jul
160,6890.584,control_jul
184,6890.8843,control_jul
17,6891.1846,control_jul
176,6891.4849,control_jul
16,6891.7853,control_jul
6,6892.0856,control_jul
125,6892.3859,control_jul
161,6892.6862,control_jul
124,6892.9865,control_jul
152,6893.2869,control_jul
188,6893.5872,control_jul
173,6893.8875,control_jul
135,6894.1879,control_jul
163,6894.4882,control_jul
135,6894.7885,control_jul
135,6895.0888,control_jul
201,6895.3891,control_jul
201,6895.6894,control_jul
44,6895.9898,control_jul
133,6896.29,control_jul
164,6896.5904,control_jul
133,6896.8907,control_jul
133,6897.191,control_jul
133,6897.4913,control_jul
133,6897.7917,control_jul
183,6898.092,control_jul
98,6898.3923,control_jul
89,6898.6926,control_jul
125,6898.993,control_jul
136,6899.2933,control_jul
173,6899.5936,control_jul
138,6899.894,control_jul
185,6900.1943,control_jul
200,6900.4946,control_jul
200,6900.7949,control_jul
127,6901.0952,control_jul
64,6901.3956,control_jul
1,6901.6959,control_jul
182,6901.9962,control_jul
22,6902.2965,control_jul
201,6902.5968,control_jul
201,6902.8972,control_jul
35,6903.1975,control_jul
35,6903.4978,control_jul
137,6903.7981,control_jul
17,6904.0984,control_jul
38,6904.3988,control_jul
202,6904.7013,control_jul
164,6904.9994,control_jul
24,6905.2997,control_jul
35,6905.6,control_jul
195,6905.9004,control_jul
185,6906.2007,control_jul
197,6906.501,control_jul
130,6906.8013,control_jul
78,6907.1017,control_jul
123,6907.402,control_jul
83,6907.7023,control_jul
165,6908.0027,control_jul
206,6908.3029,control_jul
38,6908.6033,control_jul
8,6908.9036,control_jul
87,6909.2039,control_jul
192,6909.5042,control_jul
206,6909.8045,control_jul
123,6910.1049,control_jul
106,6910.4052,control_jul
22,6910.7055,control_jul
192,6911.0059,control_jul
101,6911.3061,control_jul
181,6911.6065,control_jul
127,6911.9068,control_jul
164,6912.2071,control_jul
196,6912.5075,control_jul
92,6912.8077,control_jul
37,6913.1081,control_jul
205,6913.4084,control_jul
35,6913.7087,control_jul
126,6914.0091,control_jul
70,6914.3094,control_jul
19,6914.6097,control_jul
182,6914.91,control_jul
165,6915.2104,control_jul
197,6915.5107,control_jul
23,6915.811,control_jul
34,6916.1113,control_jul
184,6916.4116,control_jul
65,6916.7119,control_jul
121,6917.0123,control_jul
72,6917.3127,control_jul
162,6917.613,control_jul
188,6917.9132,control_jul
136,6918.2136,control_jul
190,6918.5139,control_jul
155,6918.8142,control_jul
83,6919.1145,control_jul
52,6919.4149,control_jul
63,6919.7152,control_jul
22,6920.0155,control_jul
204,6920.3158,control_jul
203,6920.6162,control_jul
34,6920.9164,control_jul
34,6921.2168,control_jul
198,6921.5172,control_jul
130,6921.8175,control_jul
198,6922.1178,control_jul
197,6922.4181,control_jul
23,6922.7184,control_jul
23,6923.0187,control_jul
130,6923.3191,control_jul
156,6923.6194,control_jul
130,6923.9197,control_jul
156,6924.22,control_jul
156,6924.5204,control_jul
196,6924.8207,control_jul
23,6925.121,control_jul
197,6925.4213,control_jul
24,6925.7217,control_jul
156,6926.022,control_jul
24,6926.3223,control_jul
23,6926.6226,control_jul
156,6926.9229,control_jul
194,6927.2233,control_jul
179,6927.5236,control_jul
191,6927.8239,control_jul
144,6928.1242,control_jul
40,6928.4246,control_jul
28,6928.7249,control_jul
198,6929.0252,control_jul
198,6929.3255,control_jul
197,6929.6259,control_jul
210,6929.9262,control_jul
34,6930.2265,control_jul
97,6930.5268,control_jul
97,6930.8272,control_jul
22,6931.1275,control_jul
118,6931.4278,control_jul
39,6931.7281,control_jul
202,6932.0284,control_jul
123,6932.3288,control_jul
70,6932.6291,control_jul
38,6932.9295,control_jul
78,6933.2298,control_jul
38,6933.53,control_jul
39,6933.8304,control_jul
34,6934.1307,control_jul
39,6934.4309,control_jul
189,6934.7313,control_jul
14,6935.0317,control_jul
48,6935.332,control_jul
184,6935.6324,control_jul
165,6935.9327,control_jul
204,6936.233,control_jul
95,6936.5332,control_jul
95,6936.8337,control_jul
95,6937.134,control_jul
27,6937.4342,control_jul
123,6937.7346,control_jul
194,6938.0349,control_jul
126,6938.3353,control_jul
164,6938.6356,control_jul
191,6938.9359,control_jul
133,6939.2362,control_jul
44,6939.5365,control_jul
36,6939.8368,control_jul
184,6940.1372,control_jul
205,6940.4375,control_jul
44,6940.7378,control_jul
49,6941.0381,control_jul
194,6941.3385,control_jul
196,6941.6388,control_jul
48,6941.9392,control_jul
83,6942.2395,control_jul
117,6942.5397,control_jul
112,6942.8401,control_jul
204,6943.1404,control_jul
210,6943.4408,control_jul
87,6943.7411,control_jul
93,6944.0413,control_jul
54,6944.3418,control_jul
51,6944.642,control_jul
172,6944.9424,control_jul
56,6945.2427,control_jul
80,6945.543,control_jul
92,6945.8434,control_jul
207,6946.1436,control_jul
162,6946.444,control_jul
188,6946.7443,control_jul
127,6947.0446,control_jul
140,6947.345,control_jul
196,6947.6453,control_jul
179,6947.9456,control_jul
197,6948.246,control_jul
41,6948.5462,control_jul
48,6948.8466,control_jul
16,6949.1469,control_jul
59,6949.4472,control_jul
165,6949.7476,control_jul
32,6950.0479,control_jul
14,6950.3482,control_jul
158,6950.6485,control_jul
19,6950.9488,control_jul
22,6951.2492,control_jul
183,6951.5495,control_jul
1,6951.8498,control_jul
20,6952.1501,control_jul
63,6952.4505,control_jul
35,6952.7508,control_jul
194,6953.0511,control_jul
164,6953.3514,control_jul
165,6953.6517,control_jul
35,6953.9521,control_jul
28,6954.2524,control_jul
198,6954.5528,control_jul
197,6954.8531,control_jul
24,6955.1534,control_jul
165,6955.4537,control_jul
144,6955.754,control_jul
35,6956.0544,control_jul
144,6956.3547,control_jul
123,6956.655,control_jul
206,6956.9553,control_jul
83,6957.2557,control_jul
192,6957.556,control_jul
123,6957.8564,control_jul
179,6958.1567,control_jul
179,6958.457,control_jul
49,6958.7573,control_jul
196,6959.0576,control_jul
144,6959.358,control_jul
144,6959.6582,control_jul
186,6959.9586,control_jul
80,6960.2589,control_jul
127,6960.5592,control_jul
207,6960.8596,control_jul
179,6961.1599,control_jul
144,6961.4602,control_jul
144,6961.7605,control_jul
164,6962.0609,control_jul
49,6962.3612,control_jul
35,6962.6615,control_jul
136,6962.9618,control_jul
151,6963.2621,control_jul
6,6963.5624,control_jul
103,6963.8628,control_jul
176,6964.1631,control_jul
132,6964.4634,control_jul
35,6964.7637,control_jul
97,6965.0641,control_jul
4,6965.3644,control_jul
152,6965.6648,control_jul
49,6965.9651,control_jul
49,6966.2654,control_jul
126,6966.5657,control_jul
48,6966.866,control_jul
65,6967.1664,control_jul
55,6967.4667,control_jul
156,6967.767,control_jul
198,6968.0673,control_jul
156,6968.3676,control_jul
156,6968.6689,control_jul
24,6968.9683,control_jul
197,6969.2687,control_jul
41,6969.569,control_jul
158,6969.8693,control_jul
44,6970.1696,control_jul
198,6970.4699,control_jul
156,6970.7702,control_jul
160,6971.0706,control_jul
160,6971.3709,control_jul
28,6971.6712,control_jul
191,6971.9716,control_jul
164,6972.2719,control_jul
196,6972.5722,control_jul
106,6972.8726,control_jul
63,6973.1729,control_jul
83,6973.4732,control_jul
17,6973.7735,control_jul
204,6974.0738,control_jul
204,6974.3742,control_jul
11,6974.6745,control_jul
204,6974.9748,control_jul
93,6975.2752,control_jul
148,6975.5754,control_jul
179,6975.8758,control_jul
123,6976.1762,control_jul
48,6976.4765,control_jul
137,6976.7768,control_jul
137,6977.0771,control_jul
117,6977.3774,control_jul
78,6977.6778,control_jul
17,6977.9781,control_jul
13,6978.2784,control_jul
117,6978.5788,control_jul
165,6978.8791,control_jul
123,6979.1794,control_jul
164,6979.4798,control_jul
206,6979.7801,control_jul
92,6980.0804,control_jul
123,6980.3807,control_jul
205,6980.681,control_jul
92,6980.9813,control_jul
164,6981.2817,control_jul
83,6981.582,control_jul
60,6981.8824,control_jul
58,6982.1827,control_jul
17,6982.483,control_jul
131,6982.7833,control_jul
43,6983.0836,control_jul
12,6983.3839,control_jul
36,6983.6843,control_jul
106,6983.9846,control_jul
65,6984.2849,control_jul
180,6984.5852,control_jul
110,6984.8856,control_jul
181,6985.1859,control_jul
42,6985.4862,control_jul
138,6985.7865,control_jul
162,6986.0869,control_jul
129,6986.3872,control_jul
123,6986.6876,control_jul
205,6986.9879,control_jul
206,6987.2882,control_jul
92,6987.5885,control_jul
165,6987.8888,control_jul
194,6988.1892,control_jul
35,6988.4895,control_jul
189,6988.7898,control_jul
119,6989.0901,control_jul
117,6989.3905,control_jul
123,6989.6908,control_jul
191,6989.9911,control_jul
144,6990.2914,control_jul
35,6990.5918,control_jul
192,6990.8921,control_jul
180,6991.1924,control_jul
112,6991.4927,control_jul
121,6991.7931,control_jul
16,6992.0934,control_jul
14,6992.3937,control_jul
16,6992.694,control_jul
203,6992.9944,control_jul
34,6993.2947,control_jul
95,6993.595,control_jul
95,6993.8953,control_jul
114,6994.1957,control_jul
114,6994.496,control_jul
114,6994.7963,control_jul
11,6995.0967,control_jul
95,6995.3969,control_jul
204,6995.6973,control_jul
98,6995.9976,control_jul
98,6996.298,control_jul
64,6996.5983,control_jul
112,6996.8986,control_jul
204,6997.1989,control_jul
114,6997.4992,control_jul
11,6997.7996,control_jul
95,6998.0999,control_jul
98,6998.4003,control_jul
16,6998.7005,control_jul
184,6999.0009,control_jul
130,6999.3012,control_jul
156,6999.6016,control_jul
194,6999.9018,control_jul
144,7000.2022,control_jul
200,7000.5025,control_jul
200,7000.8028,control_jul
173,7001.1031,control_jul
173,7001.4035,control_jul
207,7001.7038,control_jul
206,7002.005,control_jul
92,7002.3045,control_jul
106,7002.6048,control_jul
144,7002.9051,control_jul
205,7003.2054,control_jul
206,7003.5058,control_jul
106,7003.8061,control_jul
179,7004.1065,control_jul
179,7004.4068,control_jul
164,7004.7071,control_jul
55,7005.0074,control_jul
206,7005.3077,control_jul
164,7005.6081,control_jul
76,7005.9084,control_jul
194,7006.2087,control_jul
191,7006.5091,control_jul
191,7006.8094,control_jul
194,7007.1097,control_jul
179,7007.4101,control_jul
133,7007.7104,control_jul
49,7008.0107,control_jul
63,7008.311,control_jul
92,7008.6114,control_jul
205,7008.9117,control_jul
206,7009.212,control_jul
92,7009.5123,control_jul
205,7009.8127,control_jul
29,7010.113,control_jul
35,7010.4133,control_jul
188,7010.7137,control_jul
172,7011.014,control_jul
142,7011.3143,control_jul
154,7011.6146,control_jul
65,7011.9149,control_jul
182,7012.2153,control_jul
23,7012.5156,control_jul
126,7012.816,control_jul
139,7013.1163,control_jul
143,7013.4166,control_jul
42,7013.7169,control_jul
208,7014.0172,control_jul
170,7014.3176,control_jul
134,7014.6179,control_jul
18,7014.9182,control_jul
18,7015.2185,control_jul
152,7015.5188,control_jul
135,7015.8192,control_jul
157,7016.1196,control_jul
159,7016.4199,control_jul
127,7016.7202,control_jul
207,7017.0205,control_jul
188,7017.3208,control_jul
173,7017.6212,control_jul
80,7017.9215,control_jul
142,7018.2218,control_jul
67,7018.5221,control_jul
118,7018.8225,control_jul
92,7019.1228,control_jul
164,7019.4231,control_jul
205,7019.7235,control_jul
35,7020.0238,control_jul
137,7020.3241,control_jul
63,7020.6244,control_jul
206,7020.9248,control_jul
63,7021.2252,control_jul
97,7021.5254,control_jul
185,7021.8258,control_jul
123,7022.1261,control_jul
70,7022.4264,control_jul
148,7022.7267,control_jul
44,7023.0271,control_jul
179,7023.3274,control_jul
191,7023.6277,control_jul
144,7023.928,control_jul
179,7024.2284,control_jul
173,7024.5287,control_jul
135,7024.8291,control_jul
173,7025.1294,control_jul
200,7025.4297,control_jul
127,7025.73,control_jul
173,7026.0304,control_jul
173,7026.3307,control_jul
18,7026.631,control_jul
80,7026.9314,control_jul
152,7027.2317,control_jul
188,7027.532,control_jul
186,7027.8323,control_jul
4,7028.1326,control_jul
72,7028.433,control_jul
208,7028.7333,control_jul
150,7029.0336,control_jul
196,7029.334,control_jul
24,7029.6343,control_jul
24,7029.9346,control_jul
206,7030.2349,control_jul
195,7030.5352,control_jul
198,7030.8356,control_jul
198,7031.1359,control_jul
197,7031.4363,control_jul
160,7031.7365,control_jul
191,7032.0369,control_jul
146,7032.3372,control_jul
188,7032.6376,control_jul
207,7032.9379,control_jul
186,7033.2382,control_jul
136,7033.5385,control_jul
136,7033.8388,control_jul
47,7034.1392,control_jul
62,7034.4395,control_jul
134,7034.7398,control_jul
134,7035.0402,control_jul
200,7035.3405,control_jul
200,7035.6408,control_jul
200,7035.9412,control_jul
177,7036.2415,control_jul
14,7036.5418,control_jul
16,7036.8421,control_jul
117,7037.1424,control_jul
92,7037.4428,control_jul
179,7037.7431,control_jul
144,7038.0434,control_jul
164,7038.3437,control_jul
144,7038.644,control_jul
57,7038.9444,control_jul
185,7039.2447,control_jul
133,7039.5451,control_jul
133,7039.8454,control_jul
133,7040.1457,control_jul
144,7040.446,control_jul
137,7040.7464,control_jul
192,7041.0467,control_jul
65,7041.3469,control_jul
184,7041.6473,control_jul
44,7041.9476,control_jul
198,7042.248,control_jul
197,7042.5483,control_jul
194,7042.8486,control_jul
144,7043.1489,control_jul
206,7043.4493,control_jul
133,7043.7496,control_jul
164,7044.05,control_jul
123,7044.3503,control_jul
164,7044.6506,control_jul
55,7044.9509,control_jul
22,7045.2513,control_jul
97,7045.5516,control_jul
92,7045.8519,control_jul
138,7046.1522,control_jul
127,7046.4526,control_jul
79,7046.7529,control_jul
208,7047.0532,control_jul
159,7047.3535,control_jul
173,7047.6539,control_jul
188,7047.9542,control_jul
148,7048.2545,control_jul
128,7048.5548,control_jul
205,7048.8552,control_jul
165,7049.1555,control_jul
164,7049.4558,control_jul
206,7049.7562,control_jul
38,7050.0565,control_jul
35,7050.3568,control_jul
52,7050.6571,control_jul
131,7050.9575,control_jul
91,7051.2578,control_jul
34,7051.5581,control_jul
41,7051.8585,control_jul
147,7052.1588,control_jul
21,7052.4591,control_jul
21,7052.7594,control_jul
156,7053.0597,control_jul
28,7053.3601,control_jul
185,7053.6604,control_jul
179,7053.9608,control_jul
76,7054.2611,control_jul
76,7054.5614,control_jul
23,7054.8617,control_jul
156,7055.1621,control_jul
23,7055.4624,control_jul
156,7055.7627,control_jul
133,7056.063,control_jul
121,7056.3634,control_jul
202,7056.6637,control_jul
182,7056.964,control_jul
38,7057.2643,control_jul
48,7057.5647,control_jul
159,7057.865,control_jul
129,7058.1653,control_jul
49,7058.4657,control_jul
130,7058.766,control_jul
197,7059.0663,control_jul
130,7059.3667,control_jul
36,7059.6669,control_jul
198,7059.9673,control_jul
130,7060.2676,control_jul
137,7060.5679,control_jul
206,7060.8682,control_jul
92,7061.1686,control_jul
133,7061.4689,control_jul
52,7061.7692,control_jul
70,7062.0696,control_jul
70,7062.3698,control_jul
85,7062.6702,control_jul
202,7062.9705,control_jul
92,7063.2708,control_jul
44,7063.5712,control_jul
112,7063.8715,control_jul
206,7064.1719,control_jul
92,7064.4722,control_jul
22,7064.7725,control_jul
144,7065.0728,control_jul
165,7065.3732,control_jul
182,7065.6735,control_jul
194,7065.9738,control_jul
196,7066.2741,control_jul
35,7066.5745,control_jul
179,7066.8748,control_jul
49,7067.1751,control_jul
164,7067.4755,control_jul
206,7067.7757,control_jul
78,7068.0761,control_jul
29,7068.3764,control_jul
32,7068.6768,control_jul
182,7068.9771,control_jul
32,7069.2774,control_jul
70,7069.5777,control_jul
19,7069.878,control_jul
19,7070.1784,control_jul
176,7070.4787,control_jul
3,7070.779,control_jul
53,7071.0794,control_jul
3,7071.3796,control_jul
191,7071.6801,control_jul
40,7071.9804,control_jul
164,7072.2807,control_jul
179,7072.581,control_jul
63,7072.8813,control_jul
43,7073.1817,control_jul
148,7073.482,control_jul
34,7073.7823,control_jul
34,7074.0827,control_jul
37,7074.3829,control_jul
160,7074.6833,control_jul
144,7074.9836,control_jul
179,7075.284,control_jul
173,7075.5843,control_jul
18,7075.8846,control_jul
166,7076.1849,control_jul
18,7076.4852,control_jul
207,7076.7856,control_jul
186,7077.0859,control_jul
106,7077.3862,control_jul
16,7077.6866,control_jul
16,7077.9868,control_jul
10,7078.2872,control_jul
87,7078.5875,control_jul
74,7078.8879,control_jul
42,7079.1882,control_jul
153,7079.4885,control_jul
176,7079.7889,control_jul
113,7080.0891,control_jul
32,7080.3895,control_jul
165,7080.6899,control_jul
3,7080.9901,control_jul
87,7081.2905,control_jul
142,7081.5908,control_jul
64,7081.8911,control_jul
77,7082.1914,control_jul
64,7082.4918,control_jul
65,7082.7921,control_jul
117,7083.0924,control_jul
35,7083.3927,control_jul
164,7083.6931,control_jul
179,7083.9934,control_jul
49,7084.2937,control_jul
144,7084.5941,control_jul
194,7084.8944,control_jul
127,7085.1947,control_jul
99,7085.4951,control_jul
1,7085.7954,control_jul
110,7086.0957,control_jul
64,7086.396,control_jul
15,7086.6964,control_jul
64,7086.9967,control_jul
59,7087.297,control_jul
189,7087.5973,control_jul
125,7087.8977,control_jul
33,7088.198,control_jul
3,7088.4983,control_jul
125,7088.7987,control_jul
89,7089.099,control_jul
89,7089.3993,control_jul
73,7089.6996,control_jul
89,7089.9999,control_jul
90,7090.3003,control_jul
73,7090.6006,control_jul
73,7090.9009,control_jul
79,7091.2012,control_jul
136,7091.5016,control_jul
79,7091.8019,control_jul
124,7092.1022,control_jul
133,7092.4026,control_jul
133,7092.7028,control_jul
185,7093.0032,control_jul
208,7093.3036,control_jul
161,7093.6039,control_jul
72,7093.9042,control_jul
138,7094.2045,control_jul
163,7094.5048,control_jul
90,7094.8051,control_jul
90,7095.1055,control_jul
90,7095.4058,control_jul
163,7095.7062,control_jul
163,7096.0064,control_jul
163,7096.3068,control_jul
163,7096.6071,control_jul
163,7096.9075,control_jul
97,7097.2078,control_jul
185,7097.5081,control_jul
58,7097.8084,control_jul
192,7098.1087,control_jul
162,7098.4091,control_jul
54,7098.7094,control_jul
102,7099.0097,control_jul
2,7099.31,control_jul
45,7099.6103,control_jul
31,7099.9107,control_jul
199,7100.2111,control_jul
97,7100.5114,control_jul
22,7100.8117,control_jul
123,7101.112,control_jul
123,7101.4123,control_jul
164,7101.7126,control_jul
55,7102.013,control_jul
184,7102.3133,control_jul
182,7102.6137,control_jul
63,7102.914,control_jul
136,7103.2143,control_jul
79,7103.5146,control_jul
108,7103.815,control_jul
102,7104.1153,control_jul
111,7104.4156,control_jul
106,7104.7159,control_jul
76,7105.0163,control_jul
194,7105.3165,control_jul
144,7105.6169,control_jul
144,7105.9172,control_jul
144,7106.2175,control_jul
164,7106.5179,control_jul
19,7106.8182,control_jul
101,7107.1185,control_jul
9,7107.4188,control_jul
147,7107.7192,control_jul
192,7108.0195,control_jul
185,7108.3199,control_jul
164,7108.6202,control_jul
97,7108.9205,control_jul
206,7109.2209,control_jul
22,7109.5212,control_jul
182,7109.8215,control_jul
39,7110.1218,control_jul
39,7110.4221,control_jul
13,7110.7225,control_jul
78,7111.0228,control_jul
17,7111.3231,control_jul
29,7111.6234,control_jul
65,7111.9237,control_jul
13,7112.2241,control_jul
44,7112.5244,control_jul
24,7112.8247,control_jul
144,7113.125,control_jul
179,7113.4254,control_jul
196,7113.7258,control_jul
133,7114.026,control_jul
144,7114.3264,control_jul
133,7114.6267,control_jul
200,7114.9271,control_jul
173,7115.2274,control_jul
67,7115.5276,control_jul
6,7115.828,control_jul
77,7116.1284,control_jul
77,7116.4287,control_jul
172,7116.729,control_jul
140,7117.0293,control_jul
199,7117.3297,control_jul
60,7117.63,control_jul
19,7117.9303,control_jul
184,7118.2307,control_jul
149,7118.531,control_jul
54,7118.8313,control_jul
153,7119.1316,control_jul
153,7119.4319,control_jul
174,7119.7323,control_jul
31,7120.0326,control_jul
71,7120.3329,control_jul
122,7120.6332,control_jul
31,7120.9336,control_jul
136,7121.234,control_jul
72,7121.5343,control_jul
188,7121.8346,control_jul
207,7122.1349,control_jul
207,7122.4353,control_jul
207,7122.7356,control_jul
188,7123.0359,control_jul
136,7123.3362,control_jul
186,7123.6366,control_jul
49,7123.9369,control_jul
179,7124.2372,control_jul
49,7124.5375,control_jul
123,7125.1382,control_jul
179,7125.4385,control_jul
179,7125.7388,control_jul
196,7126.0392,control_jul
177,7126.3395,control_jul
209,7126.6398,control_jul
32,7126.9402,control_jul
22,7127.2404,control_jul
35,7127.5408,control_jul
13,7127.8411,control_jul
165,7128.1415,control_jul
70,7128.4418,control_jul
17,7128.7421,control_jul
184,7129.0424,control_jul
58,7129.3428,control_jul
180,7129.6431,control_jul
184,7129.9435,control_jul
22,7130.2437,control_jul
55,7130.5441,control_jul
44,7130.8444,control_jul
106,7131.1447,control_jul
123,7131.4451,control_jul
76,7131.7454,control_jul
76,7132.0457,control_jul
144,7132.346,control_jul
207,7132.6464,control_jul
199,7132.9467,control_jul
172,7133.247,control_jul
148,7133.5474,control_jul
48,7133.8477,control_jul
209,7134.148,control_jul
19,7134.4483,control_jul
209,7134.7487,control_jul
35,7135.049,control_jul
182,7135.3493,control_jul
159,7135.6496,control_jul
162,7135.95,control_jul
173,7136.2504,control_jul
186,7136.5506,control_jul
207,7136.851,control_jul
207,7137.1512,control_jul
157,7137.4516,control_jul
111,7137.7519,control_jul
149,7138.0522,control_jul
65,7138.3525,control_jul
110,7138.6529,control_jul
141,7138.9532,control_jul
174,7139.2535,control_jul
154,7139.5538,control_jul
70,7139.8542,control_jul
184,7140.1545,control_jul
205,7140.4548,control_jul
136,7140.7552,control_jul
181,7141.0555,control_jul
73,7141.3558,control_jul
75,7141.6562,control_jul
161,7141.9565,control_jul
63,7142.2568,control_jul
165,7142.5572,control_jul
29,7142.8575,control_jul
131,7143.1578,control_jul
12,7143.4581,control_jul
74,7143.7585,control_jul
131,7144.0588,control_jul
87,7144.3591,control_jul
121,7144.6594,control_jul
43,7144.9598,control_jul
19,7145.2601,control_jul
19,7145.5604,control_jul
158,7145.8607,control_jul
208,7146.1611,control_jul
99,7146.4614,control_jul
30,7146.7617,control_jul
101,7147.062,control_jul
41,7147.3624,control_jul
202,7147.6627,control_jul
13,7147.963,control_jul
128,7148.2634,control_jul
32,7148.5636,control_jul
202,7148.864,control_jul
156,7149.1643,control_jul
160,7149.4646,control_jul
23,7149.765,control_jul
11,7150.0652,control_jul
11,7150.3656,control_jul
114,7150.666,control_jul
198,7150.9663,control_jul
164,7151.2666,control_jul
164,7151.567,control_jul
185,7151.8673,control_jul
133,7152.1676,control_jul
144,7152.4679,control_jul
191,7152.7683,control_jul
83,7153.0685,control_jul
23,7153.3689,control_jul
203,7153.6692,control_jul
114,7153.9696,control_jul
34,7154.2699,control_jul
114,7154.5702,control_jul
203,7154.8705,control_jul
114,7155.1708,control_jul
204,7155.4712,control_jul
185,7155.7715,control_jul
196,7156.0719,control_jul
92,7156.3722,control_jul
196,7156.6725,control_jul
106,7156.9728,control_jul
87,7157.2732,control_jul
3,7157.5735,control_jul
38,7157.8738,control_jul
184,7158.1741,control_jul
70,7158.4745,control_jul
152,7158.7748,control_jul
44,7159.0751,control_jul
19,7159.3754,control_jul
17,7159.6757,control_jul
126,7159.9761,control_jul
92,7160.2764,control_jul
83,7160.5767,control_jul
165,7160.8771,control_jul
123,7161.1774,control_jul
206,7161.4777,control_jul
123,7161.7781,control_jul
206,7162.0784,control_jul
165,7162.3788,control_jul
55,7162.6791,control_jul
35,7162.9793,control_jul
70,7163.2797,control_jul
87,7163.58,control_jul
119,7163.8804,control_jul
174,7164.1807,control_jul
42,7164.481,control_jul
29,7164.7813,control_jul
117,7165.0816,control_jul
43,7165.382,control_jul
16,7165.6823,control_jul
35,7165.9826,control_jul
196,7166.283,control_jul
179,7166.5833,control_jul
76,7166.8836,control_jul
185,7167.184,control_jul
195,7167.4843,control_jul
113,7167.7846,control_jul
209,7168.085,control_jul
38,7168.3852,control_jul
165,7168.6856,control_jul
70,7168.9859,control_jul
85,7169.2862,control_jul
92,7169.5866,control_jul
194,7169.8869,control_jul
195,7170.1872,control_jul
83,7170.4875,control_jul
117,7170.7879,control_jul
64,7171.0882,control_jul
64,7171.3885,control_jul
155,7171.6889,control_jul
129,7171.9892,control_jul
182,7172.2895,control_jul
13,7172.5898,control_jul
38,7172.8901,control_jul
209,7173.1905,control_jul
158,7173.4908,control_jul
98,7173.7912,control_jul
20,7174.0914,control_jul
155,7174.3918,control_jul
75,7174.6921,control_jul
161,7174.9924,control_jul
209,7175.2928,control_jul
164,7175.5931,control_jul
41,7175.8934,control_jul
130,7176.1937,control_jul
114,7176.4941,control_jul
204,7176.7944,control_jul
203,7177.0947,control_jul
210,7177.3951,control_jul
203,7177.6953,control_jul
160,7177.9956,control_jul
205,7178.296,control_jul
158,7178.5964,control_jul
3,7178.8967,control_jul
182,7179.197,control_jul
121,7179.4973,control_jul
31,7179.7977,control_jul
155,7180.098,control_jul
53,7180.3983,control_jul
110,7180.6986,control_jul
155,7180.999,control_jul
67,7181.2993,control_jul
172,7181.5996,control_jul
211,7181.8999,control_jul
154,7182.2003,control_jul
182,7182.5005,control_jul
209,7182.801,control_jul
13,7183.1012,control_jul
78,7183.4016,control_jul
16,7183.7019,control_jul
38,7184.0022,control_jul
202,7184.3025,control_jul
43,7184.6028,control_jul
88,7184.9032,control_jul
12,7185.2036,control_jul
184,7185.5038,control_jul
189,7185.8042,control_jul
64,7186.1045,control_jul
111,7186.4048,control_jul
161,7186.7052,control_jul
73,7187.0055,control_jul
75,7187.3058,control_jul
125,7187.6061,control_jul
151,7187.9065,control_jul
153,7188.2068,control_jul
42,7188.5071,control_jul
193,7188.8074,control_jul
140,7189.1077,control_jul
64,7189.4081,control_jul
64,7189.7084,control_jul
17,7190.0087,control_jul
128,7190.3091,control_jul
151,7190.6094,control_jul
174,7190.9097,control_jul
115,7191.21,control_jul
143,7191.5104,control_jul
151,7191.8107,control_jul
110,7192.111,control_jul
110,7192.4113,control_jul
84,7192.7116,control_jul
6,7193.012,control_jul
155,7193.3124,control_jul
181,7193.6127,control_jul
151,7193.913,control_jul
77,7194.2133,control_jul
93,7194.5136,control_jul
43,7194.8139,control_jul
43,7195.1142,control_jul
176,7195.4146,control_jul
31,7195.7149,control_jul
67,7196.0152,control_jul
153,7196.3156,control_jul
115,7196.6159,control_jul
153,7196.9162,control_jul
115,7197.2166,control_jul
2,7197.5169,control_jul
5,7197.8172,control_jul
109,7198.1175,control_jul
79,7198.4179,control_jul
125,7198.7182,control_jul
125,7199.0185,control_jul
136,7199.3188,control_jul
127,7199.6191,control_jul
79,7199.9195,control_jul
124,7200.2198,control_jul
75,7200.5201,control_jul
20,7200.8204,control_jul
121,7201.1207,control_jul
43,7201.4211,control_jul
141,7201.7214,control_jul
115,7202.0218,control_jul
153,7202.3221,control_jul
141,7202.6224,control_jul
174,7202.9227,control_jul
143,7203.223,control_jul
174,7203.5233,control_jul
51,7203.8236,control_jul
153,7204.124,control_jul
153,7204.4244,control_jul
174,7204.7247,control_jul
115,7205.025,control_jul
88,7205.3253,control_jul
115,7205.6257,control_jul
153,7205.926,control_jul
88,7206.2263,control_jul
88,7206.5266,control_jul
168,7206.8269,control_jul
88,7207.1272,control_jul
168,7207.4276,control_jul
168,7207.728,control_jul
88,7208.0282,control_jul
88,7208.3285,control_jul
104,7208.6288,control_jul
11,7208.9292,control_jul
48,7209.2295,control_jul
131,7209.5299,control_jul
58,7209.8301,control_jul
60,7210.1305,control_jul
98,7210.4308,control_jul
38,7210.7311,control_jul
22,7211.0315,control_jul
22,7211.3317,control_jul
60,7211.6321,control_jul
35,7211.9324,control_jul
97,7212.2328,control_jul
144,7212.5331,control_jul
196,7212.8333,control_jul
97,7213.1337,control_jul
36,7213.434,control_jul
17,7213.7343,control_jul
35,7214.0346,control_jul
160,7214.335,control_jul
198,7214.6353,control_jul
24,7214.9356,control_jul
137,7215.2359,control_jul
182,7215.5363,control_jul
210,7215.8366,control_jul
95,7216.1369,control_jul
121,7216.4373,control_jul
74,7216.7376,control_jul
115,7217.038,control_jul
153,7217.3382,control_jul
86,7217.6386,control_jul
74,7217.9388,control_jul
74,7218.2393,control_jul
48,7218.5395,control_jul
87,7218.8399,control_jul
48,7219.1402,control_jul
17,7219.4405,control_jul
92,7219.7408,control_jul
196,7220.0412,control_jul
173,7220.3415,control_jul
186,7220.6418,control_jul
125,7220.9421,control_jul
111,7221.2425,control_jul
125,7221.5428,control_jul
31,7221.843,control_jul
64,7222.1434,control_jul
