ClusterIdx,Timestamp,Folder_Name
3,1025.1528,mp_jul
14,1025.4525,mp_jul
5,1025.7522,mp_jul
11,1026.052,mp_jul
3,1026.3517,mp_jul
22,1026.6516,mp_jul
1,1026.9513,mp_jul
11,1027.251,mp_jul
2,1027.5508,mp_jul
4,1027.8505,mp_jul
12,1028.1503,mp_jul
4,1028.4501,mp_jul
4,1028.7499,mp_jul
10,1029.0496,mp_jul
11,1029.3493,mp_jul
4,1029.6492,mp_jul
4,1029.949,mp_jul
4,1030.2487,mp_jul
4,1030.5485,mp_jul
4,1030.8483,mp_jul
16,1031.1481,mp_jul
14,1031.4478,mp_jul
2,1031.7476,mp_jul
12,1032.0473,mp_jul
2,1032.3471,mp_jul
11,1032.6468,mp_jul
11,1032.9467,mp_jul
5,1033.2464,mp_jul
1,1033.5462,mp_jul
5,1033.8459,mp_jul
1,1034.1457,mp_jul
2,1034.4455,mp_jul
16,1034.7452,mp_jul
5,1035.045,mp_jul
5,1035.3448,mp_jul
3,1035.6446,mp_jul
11,1035.9443,mp_jul
11,1036.2441,mp_jul
10,1036.5438,mp_jul
3,1036.8436,mp_jul
2,1037.1434,mp_jul
2,1037.4432,mp_jul
4,1037.7429,mp_jul
2,1038.0427,mp_jul
11,1038.3425,mp_jul
11,1038.6423,mp_jul
11,1038.942,mp_jul
20,1039.2418,mp_jul
20,1039.5415,mp_jul
11,1039.8413,mp_jul
11,1040.1411,mp_jul
2,1040.4409,mp_jul
1,1040.7406,mp_jul
8,1041.0404,mp_jul
5,1041.3402,mp_jul
1,1041.6444,mp_jul
3,1041.9397,mp_jul
16,1042.2395,mp_jul
5,1042.5393,mp_jul
1,1042.839,mp_jul
5,1043.1388,mp_jul
1,1043.4386,mp_jul
11,1043.7383,mp_jul
5,1044.0381,mp_jul
1,1044.3379,mp_jul
16,1044.6377,mp_jul
14,1044.9418,mp_jul
14,1045.2372,mp_jul
14,1045.537,mp_jul
20,1045.8367,mp_jul
20,1046.1365,mp_jul
20,1046.4363,mp_jul
20,1046.7361,mp_jul
3,1047.0358,mp_jul
3,1047.3356,mp_jul
5,1047.6354,mp_jul
3,1047.9352,mp_jul
14,1048.2348,mp_jul
14,1048.5347,mp_jul
3,1048.8344,mp_jul
1,1049.1343,mp_jul
3,1049.434,mp_jul
5,1049.7338,mp_jul
3,1050.0336,mp_jul
5,1050.3333,mp_jul
16,1050.6331,mp_jul
3,1050.9329,mp_jul
16,1051.2327,mp_jul
16,1051.5324,mp_jul
5,1051.8323,mp_jul
1,1052.132,mp_jul
11,1052.4318,mp_jul
11,1052.7316,mp_jul
11,1053.0313,mp_jul
11,1053.3311,mp_jul
1,1053.6309,mp_jul
6,1053.9307,mp_jul
6,1054.2305,mp_jul
11,1054.5302,mp_jul
11,1054.83,mp_jul
3,1055.1297,mp_jul
5,1055.4295,mp_jul
1,1055.7293,mp_jul
5,1056.0291,mp_jul
1,1056.3289,mp_jul
1,1056.6286,mp_jul
4,1056.9284,mp_jul
11,1057.2282,mp_jul
5,1057.528,mp_jul
5,1057.8277,mp_jul
2,1058.1275,mp_jul
6,1058.4273,mp_jul
20,1058.727,mp_jul
2,1059.0312,mp_jul
11,1059.3266,mp_jul
15,1059.6264,mp_jul
3,1059.9262,mp_jul
11,1060.2259,mp_jul
1,1060.5257,mp_jul
5,1060.8254,mp_jul
1,1061.1253,mp_jul
5,1061.425,mp_jul
4,1061.7248,mp_jul
11,1062.0246,mp_jul
5,1062.3266,mp_jul
1,1062.6242,mp_jul
11,1062.9239,mp_jul
4,1063.2237,mp_jul
11,1063.5235,mp_jul
5,1063.8232,mp_jul
11,1064.123,mp_jul
11,1064.4228,mp_jul
11,1064.7225,mp_jul
11,1065.0223,mp_jul
1,1065.3221,mp_jul
11,1065.6219,mp_jul
3,1065.9216,mp_jul
5,1066.2215,mp_jul
1,1066.5212,mp_jul
5,1066.821,mp_jul
5,1067.1207,mp_jul
6,1067.4205,mp_jul
6,1067.7203,mp_jul
6,1068.0201,mp_jul
2,1068.3199,mp_jul
3,1068.6196,mp_jul
1,1068.9194,mp_jul
14,1069.2192,mp_jul
5,1069.5189,mp_jul
3,1069.8188,mp_jul
14,1070.1185,mp_jul
16,1070.4183,mp_jul
14,1070.718,mp_jul
3,1071.0178,mp_jul
5,1071.3176,mp_jul
5,1071.6173,mp_jul
3,1071.9172,mp_jul
1,1072.2169,mp_jul
1,1072.5167,mp_jul
2,1072.8165,mp_jul
5,1073.1162,mp_jul
5,1073.416,mp_jul
3,1073.7158,mp_jul
5,1074.0156,mp_jul
5,1074.3154,mp_jul
3,1074.6195,mp_jul
18,1074.9149,mp_jul
1,1075.2147,mp_jul
18,1075.5145,mp_jul
18,1075.8143,mp_jul
22,1076.1141,mp_jul
14,1076.4138,mp_jul
14,1076.7136,mp_jul
3,1077.0134,mp_jul
3,1077.3132,mp_jul
15,1077.6129,mp_jul
5,1077.9127,mp_jul
16,1078.2125,mp_jul
14,1078.5122,mp_jul
3,1078.812,mp_jul
5,1079.1117,mp_jul
11,1079.4116,mp_jul
1,1079.7114,mp_jul
1,1080.0111,mp_jul
5,1080.3109,mp_jul
5,1080.6107,mp_jul
5,1080.9104,mp_jul
11,1081.2102,mp_jul
11,1081.51,mp_jul
1,1081.8097,mp_jul
3,1082.1095,mp_jul
16,1082.4094,mp_jul
16,1082.7091,mp_jul
5,1083.0088,mp_jul
11,1083.3086,mp_jul
5,1083.6084,mp_jul
14,1083.9082,mp_jul
11,1084.2079,mp_jul
5,1084.5077,mp_jul
16,1084.8075,mp_jul
20,1085.1073,mp_jul
6,1085.4071,mp_jul
6,1085.7068,mp_jul
3,1086.0066,mp_jul
5,1086.3064,mp_jul
1,1086.6062,mp_jul
11,1086.9059,mp_jul
2,1087.2058,mp_jul
11,1087.5055,mp_jul
5,1087.8052,mp_jul
5,1088.1051,mp_jul
3,1088.4048,mp_jul
20,1088.7047,mp_jul
20,1089.0044,mp_jul
16,1089.3042,mp_jul
20,1089.604,mp_jul
16,1089.9038,mp_jul
14,1090.2035,mp_jul
5,1090.5033,mp_jul
3,1090.803,mp_jul
16,1091.1028,mp_jul
5,1091.4026,mp_jul
14,1091.7024,mp_jul
14,1092.0021,mp_jul
3,1092.302,mp_jul
14,1092.6017,mp_jul
5,1092.9015,mp_jul
1,1093.2013,mp_jul
3,1093.501,mp_jul
16,1093.8009,mp_jul
11,1094.1006,mp_jul
11,1094.4004,mp_jul
10,1094.7002,mp_jul
11,1095.0,mp_jul
3,1095.2997,mp_jul
5,1095.5995,mp_jul
5,1095.8993,mp_jul
3,1096.1991,mp_jul
5,1096.4988,mp_jul
5,1096.7987,mp_jul
3,1097.0984,mp_jul
5,1097.3981,mp_jul
11,1097.698,mp_jul
16,1097.9977,mp_jul
5,1098.2975,mp_jul
5,1098.5972,mp_jul
11,1098.8971,mp_jul
5,1099.1969,mp_jul
1,1099.4967,mp_jul
1,1099.7964,mp_jul
11,1100.0962,mp_jul
4,1100.3959,mp_jul
4,1100.6957,mp_jul
11,1100.9955,mp_jul
4,1101.2953,mp_jul
11,1101.5951,mp_jul
3,1101.8948,mp_jul
5,1102.1946,mp_jul
11,1102.4944,mp_jul
11,1102.7942,mp_jul
4,1103.094,mp_jul
2,1103.3938,mp_jul
4,1103.6935,mp_jul
4,1103.9932,mp_jul
4,1104.2931,mp_jul
2,1104.5928,mp_jul
11,1104.8926,mp_jul
1,1105.1924,mp_jul
12,1105.4922,mp_jul
1,1105.7919,mp_jul
1,1106.0918,mp_jul
11,1106.3915,mp_jul
11,1106.6913,mp_jul
2,1106.991,mp_jul
5,1107.2908,mp_jul
1,1107.5906,mp_jul
12,1107.8904,mp_jul
12,1108.1902,mp_jul
12,1108.4899,mp_jul
1,1108.7897,mp_jul
5,1109.0896,mp_jul
1,1109.3893,mp_jul
11,1109.6891,mp_jul
2,1109.9888,mp_jul
11,1110.2886,mp_jul
2,1110.5884,mp_jul
2,1110.8882,mp_jul
4,1111.1879,mp_jul
4,1111.4878,mp_jul
4,1111.7875,mp_jul
4,1112.0873,mp_jul
4,1112.3871,mp_jul
2,1112.6869,mp_jul
4,1112.9866,mp_jul
11,1113.2864,mp_jul
11,1113.5862,mp_jul
6,1113.886,mp_jul
6,1114.1858,mp_jul
6,1114.4855,mp_jul
1,1114.7853,mp_jul
1,1115.0851,mp_jul
6,1115.3849,mp_jul
6,1115.6846,mp_jul
6,1115.9845,mp_jul
20,1116.2843,mp_jul
20,1116.584,mp_jul
2,1116.8837,mp_jul
2,1117.1836,mp_jul
4,1117.4833,mp_jul
4,1117.7831,mp_jul
4,1118.0828,mp_jul
12,1118.3827,mp_jul
4,1118.6824,mp_jul
10,1118.9822,mp_jul
3,1119.282,mp_jul
5,1119.5818,mp_jul
5,1119.8816,mp_jul
11,1120.1813,mp_jul
1,1120.4811,mp_jul
2,1120.7809,mp_jul
11,1121.0806,mp_jul
6,1121.3804,mp_jul
6,1121.6802,mp_jul
10,1121.98,mp_jul
6,1122.2798,mp_jul
6,1122.5796,mp_jul
10,1122.8793,mp_jul
16,1123.179,mp_jul
5,1123.4788,mp_jul
11,1123.7787,mp_jul
2,1124.0784,mp_jul
6,1124.3782,mp_jul
6,1124.678,mp_jul
1,1124.9778,mp_jul
11,1125.2775,mp_jul
11,1125.5773,mp_jul
1,1125.8771,mp_jul
1,1126.1769,mp_jul
2,1126.4767,mp_jul
1,1126.7764,mp_jul
1,1127.0763,mp_jul
4,1127.376,mp_jul
2,1127.6758,mp_jul
15,1127.9755,mp_jul
15,1128.2754,mp_jul
15,1128.5751,mp_jul
11,1128.8749,mp_jul
15,1129.1747,mp_jul
15,1129.4745,mp_jul
15,1129.7742,mp_jul
15,1130.074,mp_jul
15,1130.3738,mp_jul
4,1130.6736,mp_jul
4,1130.9733,mp_jul
6,1131.2732,mp_jul
6,1131.5729,mp_jul
3,1131.8727,mp_jul
16,1132.1724,mp_jul
22,1132.4723,mp_jul
22,1132.7721,mp_jul
22,1133.0718,mp_jul
14,1133.3716,mp_jul
5,1133.6714,mp_jul
20,1133.9712,mp_jul
20,1134.2709,mp_jul
20,1134.5708,mp_jul
20,1134.8705,mp_jul
20,1135.1703,mp_jul
20,1135.47,mp_jul
20,1135.7699,mp_jul
20,1136.0696,mp_jul
20,1136.3694,mp_jul
20,1136.6692,mp_jul
20,1136.969,mp_jul
6,1137.2688,mp_jul
10,1137.5685,mp_jul
6,1137.8683,mp_jul
7,1138.1681,mp_jul
6,1138.4678,mp_jul
10,1138.7677,mp_jul
14,1139.0674,mp_jul
11,1139.3673,mp_jul
11,1139.6671,mp_jul
3,1139.9668,mp_jul
5,1140.2665,mp_jul
2,1140.5664,mp_jul
11,1140.8661,mp_jul
11,1141.166,mp_jul
5,1141.4656,mp_jul
11,1141.7655,mp_jul
4,1142.0652,mp_jul
11,1142.365,mp_jul
15,1142.6648,mp_jul
15,1142.9646,mp_jul
4,1143.2666,mp_jul
15,1143.5642,mp_jul
11,1143.8639,mp_jul
16,1144.1637,mp_jul
11,1144.4635,mp_jul
11,1144.7633,mp_jul
2,1145.0631,mp_jul
5,1145.3628,mp_jul
11,1145.6626,mp_jul
1,1145.9624,mp_jul
5,1146.2622,mp_jul
4,1146.562,mp_jul
4,1146.8617,mp_jul
4,1147.1615,mp_jul
1,1147.4613,mp_jul
4,1147.7611,mp_jul
4,1148.0608,mp_jul
4,1148.3606,mp_jul
11,1148.6604,mp_jul
4,1148.9602,mp_jul
4,1149.26,mp_jul
2,1149.5597,mp_jul
2,1149.8596,mp_jul
11,1150.1593,mp_jul
11,1150.4591,mp_jul
6,1150.7589,mp_jul
4,1151.0587,mp_jul
12,1151.3585,mp_jul
1,1151.6582,mp_jul
3,1151.958,mp_jul
5,1152.2578,mp_jul
4,1152.5576,mp_jul
6,1152.8574,mp_jul
6,1153.1572,mp_jul
6,1153.4569,mp_jul
10,1153.7567,mp_jul
6,1154.0564,mp_jul
6,1154.3563,mp_jul
5,1154.6561,mp_jul
5,1154.9558,mp_jul
16,1155.2556,mp_jul
11,1155.5554,mp_jul
11,1155.8552,mp_jul
6,1156.155,mp_jul
6,1156.4547,mp_jul
6,1156.7545,mp_jul
10,1157.0542,mp_jul
10,1157.354,mp_jul
20,1157.6539,mp_jul
5,1157.9536,mp_jul
3,1158.2533,mp_jul
5,1158.5532,mp_jul
11,1158.853,mp_jul
11,1159.1528,mp_jul
4,1159.4525,mp_jul
1,1159.7523,mp_jul
11,1160.0521,mp_jul
11,1160.3518,mp_jul
11,1160.6516,mp_jul
1,1160.9514,mp_jul
1,1161.2512,mp_jul
11,1161.551,mp_jul
1,1161.8508,mp_jul
11,1162.1506,mp_jul
4,1162.4503,mp_jul
1,1162.7501,mp_jul
4,1163.0499,mp_jul
11,1163.3497,mp_jul
11,1163.6494,mp_jul
1,1163.9492,mp_jul
12,1164.249,mp_jul
12,1164.5488,mp_jul
1,1164.8485,mp_jul
5,1165.1484,mp_jul
5,1165.4482,mp_jul
5,1165.748,mp_jul
5,1166.0477,mp_jul
5,1166.3475,mp_jul
11,1166.6473,mp_jul
5,1166.9471,mp_jul
5,1167.2468,mp_jul
5,1167.5467,mp_jul
5,1167.8465,mp_jul
11,1168.1462,mp_jul
1,1168.446,mp_jul
11,1168.7458,mp_jul
4,1169.0455,mp_jul
12,1169.3453,mp_jul
2,1169.6451,mp_jul
11,1169.9449,mp_jul
11,1170.2446,mp_jul
11,1170.5445,mp_jul
1,1170.8442,mp_jul
11,1171.144,mp_jul
15,1171.4438,mp_jul
11,1171.7436,mp_jul
2,1172.0434,mp_jul
14,1172.3432,mp_jul
16,1172.6429,mp_jul
5,1172.9427,mp_jul
5,1173.2425,mp_jul
3,1173.5423,mp_jul
1,1173.842,mp_jul
5,1174.1419,mp_jul
18,1174.4417,mp_jul
18,1174.7413,mp_jul
2,1175.0412,mp_jul
5,1175.341,mp_jul
15,1175.6408,mp_jul
5,1175.9405,mp_jul
18,1176.2404,mp_jul
11,1176.5401,mp_jul
11,1176.8399,mp_jul
2,1177.1397,mp_jul
1,1177.4395,mp_jul
11,1177.7393,mp_jul
11,1178.0391,mp_jul
5,1178.3389,mp_jul
15,1178.6386,mp_jul
15,1178.9384,mp_jul
15,1179.2382,mp_jul
5,1179.538,mp_jul
2,1179.8377,mp_jul
2,1180.1376,mp_jul
15,1180.4373,mp_jul
11,1180.7371,mp_jul
5,1181.0369,mp_jul
5,1181.3367,mp_jul
1,1181.6364,mp_jul
18,1181.9362,mp_jul
22,1182.236,mp_jul
5,1182.5358,mp_jul
11,1182.8356,mp_jul
2,1183.1354,mp_jul
4,1183.4351,mp_jul
4,1183.7349,mp_jul
4,1184.0347,mp_jul
2,1184.3345,mp_jul
15,1184.6343,mp_jul
22,1184.9341,mp_jul
18,1185.2339,mp_jul
3,1185.5337,mp_jul
4,1185.8334,mp_jul
4,1186.1332,mp_jul
4,1186.433,mp_jul
2,1186.7327,mp_jul
2,1187.0325,mp_jul
5,1187.3323,mp_jul
1,1187.632,mp_jul
1,1187.9318,mp_jul
15,1188.2316,mp_jul
15,1188.5315,mp_jul
11,1188.8312,mp_jul
15,1189.131,mp_jul
15,1189.4308,mp_jul
4,1189.7306,mp_jul
15,1190.0304,mp_jul
15,1190.3301,mp_jul
2,1190.63,mp_jul
15,1190.9297,mp_jul
11,1191.2295,mp_jul
1,1191.5292,mp_jul
5,1191.829,mp_jul
14,1192.1288,mp_jul
3,1192.4286,mp_jul
18,1192.7284,mp_jul
3,1193.0282,mp_jul
18,1193.328,mp_jul
22,1193.6278,mp_jul
18,1193.9274,mp_jul
5,1194.2273,mp_jul
7,1194.527,mp_jul
1,1194.8269,mp_jul
11,1195.1266,mp_jul
4,1195.4264,mp_jul
6,1195.7262,mp_jul
10,1196.026,mp_jul
6,1196.3258,mp_jul
6,1196.6255,mp_jul
6,1196.9253,mp_jul
10,1197.2251,mp_jul
6,1197.5249,mp_jul
2,1197.8247,mp_jul
6,1198.1244,mp_jul
10,1198.4243,mp_jul
16,1198.724,mp_jul
20,1199.0238,mp_jul
20,1199.3236,mp_jul
3,1199.6234,mp_jul
11,1199.9231,mp_jul
5,1200.2229,mp_jul
11,1200.5226,mp_jul
11,1200.8224,mp_jul
11,1201.1222,mp_jul
11,1201.422,mp_jul
11,1201.7218,mp_jul
11,1202.0215,mp_jul
15,1202.3213,mp_jul
11,1202.6211,mp_jul
15,1202.9209,mp_jul
11,1203.2207,mp_jul
2,1203.5205,mp_jul
5,1203.822,mp_jul
11,1204.1201,mp_jul
15,1204.4199,mp_jul
2,1204.7196,mp_jul
4,1205.0194,mp_jul
4,1205.3192,mp_jul
4,1205.6189,mp_jul
5,1205.9188,mp_jul
14,1206.2185,mp_jul
11,1206.5183,mp_jul
4,1206.818,mp_jul
4,1207.1179,mp_jul
4,1207.4177,mp_jul
2,1207.7175,mp_jul
15,1208.0173,mp_jul
15,1208.317,mp_jul
5,1208.6168,mp_jul
15,1208.9166,mp_jul
15,1209.2163,mp_jul
15,1209.5161,mp_jul
4,1209.8159,mp_jul
4,1210.1157,mp_jul
4,1210.4155,mp_jul
1,1210.7153,mp_jul
11,1211.015,mp_jul
11,1211.3148,mp_jul
11,1211.6146,mp_jul
2,1211.9144,mp_jul
11,1212.2142,mp_jul
2,1212.514,mp_jul
4,1212.8138,mp_jul
4,1213.1135,mp_jul
4,1213.4133,mp_jul
6,1213.7131,mp_jul
12,1214.0129,mp_jul
2,1214.3127,mp_jul
4,1214.6124,mp_jul
4,1214.9122,mp_jul
6,1215.2121,mp_jul
4,1215.5118,mp_jul
2,1215.8116,mp_jul
5,1216.1114,mp_jul
11,1216.4112,mp_jul
11,1216.711,mp_jul
5,1217.0108,mp_jul
2,1217.3105,mp_jul
1,1217.6103,mp_jul
16,1217.91,mp_jul
25,1218.2098,mp_jul
14,1218.5096,mp_jul
11,1218.8094,mp_jul
11,1219.1092,mp_jul
5,1219.409,mp_jul
1,1219.7088,mp_jul
1,1220.0085,mp_jul
2,1220.3083,mp_jul
11,1220.6081,mp_jul
11,1220.9079,mp_jul
18,1221.2076,mp_jul
5,1221.5075,mp_jul
11,1221.8072,mp_jul
12,1222.107,mp_jul
4,1222.4068,mp_jul
11,1222.7066,mp_jul
11,1223.0064,mp_jul
5,1223.3061,mp_jul
5,1223.6059,mp_jul
11,1223.9057,mp_jul
1,1224.2055,mp_jul
4,1224.5053,mp_jul
5,1224.8051,mp_jul
5,1225.1048,mp_jul
14,1225.4046,mp_jul
14,1225.7044,mp_jul
16,1226.0042,mp_jul
14,1226.3039,mp_jul
16,1226.6037,mp_jul
5,1226.9036,mp_jul
3,1227.2033,mp_jul
18,1227.5031,mp_jul
5,1227.8029,mp_jul
5,1228.1027,mp_jul
5,1228.4025,mp_jul
20,1228.7023,mp_jul
7,1229.002,mp_jul
17,1229.3018,mp_jul
14,1229.6016,mp_jul
3,1229.9013,mp_jul
11,1230.2011,mp_jul
1,1230.5009,mp_jul
20,1230.8007,mp_jul
14,1231.1005,mp_jul
25,1231.4003,mp_jul
3,1231.7001,mp_jul
20,1231.9998,mp_jul
6,1232.2996,mp_jul
6,1232.5994,mp_jul
6,1232.9036,mp_jul
6,1233.199,mp_jul
6,1233.4988,mp_jul
10,1233.7985,mp_jul
20,1234.0983,mp_jul
20,1234.3981,mp_jul
20,1234.6979,mp_jul
5,1234.9977,mp_jul
16,1235.2974,mp_jul
3,1235.5972,mp_jul
1,1235.897,mp_jul
1,1236.1968,mp_jul
4,1236.4965,mp_jul
12,1236.7964,mp_jul
4,1237.0962,mp_jul
4,1237.3959,mp_jul
11,1237.6957,mp_jul
5,1237.9956,mp_jul
11,1238.2953,mp_jul
2,1238.5951,mp_jul
5,1238.8949,mp_jul
11,1239.1947,mp_jul
11,1239.4945,mp_jul
2,1239.7942,mp_jul
11,1240.094,mp_jul
15,1240.3939,mp_jul
11,1240.6936,mp_jul
15,1240.9934,mp_jul
15,1241.2932,mp_jul
15,1241.5929,mp_jul
15,1241.8927,mp_jul
2,1242.1925,mp_jul
2,1242.4923,mp_jul
5,1242.792,mp_jul
11,1243.0918,mp_jul
11,1243.3916,mp_jul
1,1243.6914,mp_jul
11,1243.9912,mp_jul
11,1244.291,mp_jul
11,1244.5908,mp_jul
1,1244.8905,mp_jul
1,1245.1904,mp_jul
11,1245.4901,mp_jul
16,1245.7898,mp_jul
16,1246.0896,mp_jul
1,1246.3894,mp_jul
11,1246.6892,mp_jul
5,1246.9891,mp_jul
4,1247.2888,mp_jul
11,1247.5886,mp_jul
6,1247.8884,mp_jul
6,1248.1881,mp_jul
10,1248.4879,mp_jul
20,1248.7877,mp_jul
16,1249.0875,mp_jul
3,1249.3872,mp_jul
11,1249.6871,mp_jul
11,1249.9869,mp_jul
3,1250.2867,mp_jul
5,1250.5864,mp_jul
11,1250.8862,mp_jul
11,1251.186,mp_jul
1,1251.4857,mp_jul
11,1251.7855,mp_jul
5,1252.0853,mp_jul
5,1252.3851,mp_jul
11,1252.6849,mp_jul
1,1252.9847,mp_jul
5,1253.2844,mp_jul
3,1253.5842,mp_jul
3,1253.884,mp_jul
5,1254.1837,mp_jul
14,1254.4836,mp_jul
5,1254.7834,mp_jul
16,1255.0832,mp_jul
16,1255.383,mp_jul
5,1255.6827,mp_jul
1,1255.9825,mp_jul
5,1256.2823,mp_jul
11,1256.582,mp_jul
4,1256.8818,mp_jul
12,1257.1816,mp_jul
11,1257.4814,mp_jul
11,1257.7812,mp_jul
11,1258.081,mp_jul
11,1258.3808,mp_jul
1,1258.6805,mp_jul
11,1258.9803,mp_jul
11,1259.28,mp_jul
11,1259.5799,mp_jul
2,1259.8797,mp_jul
4,1260.1795,mp_jul
10,1260.4793,mp_jul
10,1260.779,mp_jul
10,1261.0788,mp_jul
6,1261.3787,mp_jul
10,1261.6784,mp_jul
5,1261.9781,mp_jul
2,1262.278,mp_jul
10,1262.5778,mp_jul
18,1262.8775,mp_jul
2,1263.7769,mp_jul
2,1264.0767,mp_jul
11,1264.3765,mp_jul
11,1264.6763,mp_jul
14,1265.2758,mp_jul
14,1265.585,mp_jul
3,1265.8754,mp_jul
11,1266.1751,mp_jul
11,1266.4749,mp_jul
2,1266.7748,mp_jul
5,1267.0746,mp_jul
7,1267.3743,mp_jul
1,1267.6741,mp_jul
11,1267.9739,mp_jul
11,1268.2737,mp_jul
11,1268.5735,mp_jul
11,1268.8732,mp_jul
2,1269.173,mp_jul
2,1269.4728,mp_jul
11,1269.7726,mp_jul
5,1270.0724,mp_jul
5,1270.3721,mp_jul
19,1270.6719,mp_jul
24,1270.9716,mp_jul
24,1271.2714,mp_jul
24,1271.5713,mp_jul
24,1271.871,mp_jul
24,1272.1708,mp_jul
24,1272.4706,mp_jul
24,1272.7704,mp_jul
24,1273.0701,mp_jul
24,1273.37,mp_jul
24,1273.6698,mp_jul
24,1273.9695,mp_jul
24,1274.2693,mp_jul
24,1274.5691,mp_jul
24,1274.8689,mp_jul
20,1275.1686,mp_jul
11,1275.4684,mp_jul
11,1275.7682,mp_jul
1,1276.0679,mp_jul
2,1276.3678,mp_jul
4,1276.6675,mp_jul
4,1276.9674,mp_jul
2,1277.2672,mp_jul
11,1277.5669,mp_jul
14,1277.8667,mp_jul
2,1278.1665,mp_jul
11,1278.4663,mp_jul
11,1278.7661,mp_jul
2,1279.0658,mp_jul
4,1279.3655,mp_jul
4,1279.6653,mp_jul
4,1279.9652,mp_jul
1,1280.265,mp_jul
3,1280.5647,mp_jul
14,1280.8645,mp_jul
2,1281.1643,mp_jul
2,1281.4641,mp_jul
2,1281.7638,mp_jul
4,1282.0636,mp_jul
4,1282.3634,mp_jul
4,1282.6632,mp_jul
4,1282.963,mp_jul
2,1283.2628,mp_jul
4,1283.5625,mp_jul
4,1283.8623,mp_jul
2,1284.1621,mp_jul
4,1284.4619,mp_jul
4,1284.7617,mp_jul
2,1285.0615,mp_jul
2,1285.3612,mp_jul
4,1285.661,mp_jul
4,1285.9608,mp_jul
4,1286.2606,mp_jul
4,1286.5604,mp_jul
11,1286.8602,mp_jul
4,1287.16,mp_jul
11,1287.4597,mp_jul
2,1287.7596,mp_jul
12,1288.0593,mp_jul
4,1288.359,mp_jul
4,1288.6588,mp_jul
11,1288.9587,mp_jul
4,1289.2585,mp_jul
5,1289.5582,mp_jul
2,1289.858,mp_jul
4,1290.1578,mp_jul
11,1290.4576,mp_jul
4,1290.7573,mp_jul
12,1291.0572,mp_jul
4,1291.3569,mp_jul
3,1291.6567,mp_jul
14,1291.9565,mp_jul
2,1292.2563,mp_jul
11,1292.556,mp_jul
12,1292.8558,mp_jul
4,1293.1556,mp_jul
3,1293.4554,mp_jul
5,1293.7552,mp_jul
11,1294.055,mp_jul
11,1294.3548,mp_jul
11,1294.6546,mp_jul
11,1294.9544,mp_jul
11,1295.2541,mp_jul
12,1295.554,mp_jul
2,1295.8537,mp_jul
10,1296.1535,mp_jul
3,1296.4532,mp_jul
11,1296.7531,mp_jul
3,1297.0528,mp_jul
5,1297.3526,mp_jul
5,1297.6524,mp_jul
11,1297.9522,mp_jul
11,1298.252,mp_jul
3,1298.5518,mp_jul
3,1298.8515,mp_jul
3,1299.1557,mp_jul
11,1299.4511,mp_jul
1,1299.7509,mp_jul
11,1300.0507,mp_jul
11,1300.3505,mp_jul
2,1300.6502,mp_jul
11,1300.9501,mp_jul
11,1301.2498,mp_jul
1,1301.5496,mp_jul
1,1301.8494,mp_jul
1,1302.1492,mp_jul
11,1302.449,mp_jul
11,1302.7531,mp_jul
5,1303.0485,mp_jul
5,1303.3483,mp_jul
3,1303.6481,mp_jul
18,1303.9478,mp_jul
5,1304.2476,mp_jul
2,1304.5474,mp_jul
18,1304.8472,mp_jul
15,1305.147,mp_jul
15,1305.4468,mp_jul
3,1305.7466,mp_jul
4,1306.0464,mp_jul
4,1306.3461,mp_jul
2,1306.6459,mp_jul
4,1306.9457,mp_jul
12,1307.2455,mp_jul
4,1307.5453,mp_jul
4,1307.8451,mp_jul
4,1308.1448,mp_jul
2,1308.4446,mp_jul
2,1308.7444,mp_jul
15,1309.0442,mp_jul
4,1309.344,mp_jul
15,1309.6438,mp_jul
5,1309.9436,mp_jul
3,1310.2433,mp_jul
16,1310.5431,mp_jul
11,1310.8429,mp_jul
11,1311.1427,mp_jul
11,1311.4424,mp_jul
18,1311.7423,mp_jul
23,1312.0421,mp_jul
22,1312.3419,mp_jul
2,1312.6415,mp_jul
5,1312.9414,mp_jul
5,1313.2412,mp_jul
3,1313.5409,mp_jul
14,1313.8407,mp_jul
19,1314.1405,mp_jul
19,1314.4403,mp_jul
24,1314.7401,mp_jul
20,1315.0399,mp_jul
20,1315.3397,mp_jul
20,1315.6395,mp_jul
20,1315.9392,mp_jul
5,1316.239,mp_jul
10,1316.5388,mp_jul
10,1316.8386,mp_jul
20,1317.1384,mp_jul
10,1317.4381,mp_jul
3,1317.7379,mp_jul
3,1318.0377,mp_jul
5,1318.3374,mp_jul
20,1318.6372,mp_jul
5,1318.9371,mp_jul
5,1319.2369,mp_jul
6,1319.5366,mp_jul
6,1319.8364,mp_jul
16,1320.1361,mp_jul
5,1320.4359,mp_jul
2,1320.7357,mp_jul
4,1321.0356,mp_jul
2,1321.3353,mp_jul
12,1321.6351,mp_jul
1,1321.9348,mp_jul
16,1322.2347,mp_jul
5,1322.5344,mp_jul
3,1322.8343,mp_jul
16,1323.134,mp_jul
14,1323.4339,mp_jul
16,1323.7336,mp_jul
14,1324.0333,mp_jul
16,1324.3332,mp_jul
16,1324.6329,mp_jul
5,1324.9327,mp_jul
11,1325.2325,mp_jul
5,1325.5323,mp_jul
16,1325.8321,mp_jul
14,1326.1319,mp_jul
5,1326.4317,mp_jul
2,1326.7315,mp_jul
11,1327.0312,mp_jul
15,1327.331,mp_jul
15,1327.6308,mp_jul
15,1327.9306,mp_jul
15,1328.2303,mp_jul
15,1328.5301,mp_jul
15,1328.83,mp_jul
15,1329.1297,mp_jul
4,1329.4295,mp_jul
10,1329.7293,mp_jul
3,1330.0291,mp_jul
3,1330.3289,mp_jul
5,1330.6286,mp_jul
5,1330.9284,mp_jul
11,1331.2282,mp_jul
1,1331.528,mp_jul
6,1331.8278,mp_jul
7,1332.1276,mp_jul
11,1332.4273,mp_jul
16,1332.7272,mp_jul
16,1333.0269,mp_jul
11,1333.3268,mp_jul
11,1333.6265,mp_jul
5,1333.9263,mp_jul
12,1334.226,mp_jul
3,1334.5259,mp_jul
5,1334.8256,mp_jul
11,1335.1254,mp_jul
11,1335.4252,mp_jul
5,1335.725,mp_jul
1,1336.0248,mp_jul
16,1336.3245,mp_jul
16,1336.6243,mp_jul
3,1336.9241,mp_jul
5,1337.2239,mp_jul
5,1337.5236,mp_jul
16,1337.8234,mp_jul
5,1338.1233,mp_jul
14,1338.423,mp_jul
5,1338.7229,mp_jul
4,1339.0226,mp_jul
5,1339.3224,mp_jul
4,1339.6222,mp_jul
10,1339.922,mp_jul
10,1340.2218,mp_jul
6,1340.5215,mp_jul
6,1340.8213,mp_jul
6,1341.1211,mp_jul
10,1341.4209,mp_jul
2,1341.7207,mp_jul
2,1342.0204,mp_jul
15,1342.3202,mp_jul
15,1342.62,mp_jul
15,1342.9198,mp_jul
15,1343.2196,mp_jul
2,1343.5194,mp_jul
15,1343.8192,mp_jul
15,1344.119,mp_jul
11,1344.4188,mp_jul
2,1344.7186,mp_jul
11,1345.0183,mp_jul
11,1345.3181,mp_jul
2,1345.6179,mp_jul
11,1345.9177,mp_jul
4,1346.2175,mp_jul
11,1346.5172,mp_jul
11,1346.8171,mp_jul
4,1347.1168,mp_jul
11,1347.4166,mp_jul
5,1347.7164,mp_jul
18,1348.0161,mp_jul
18,1348.3159,mp_jul
22,1348.6157,mp_jul
14,1348.9155,mp_jul
14,1349.2152,mp_jul
14,1349.515,mp_jul
14,1349.8148,mp_jul
14,1350.1146,mp_jul
14,1350.4143,mp_jul
14,1350.7142,mp_jul
14,1351.014,mp_jul
14,1351.3138,mp_jul
14,1351.6135,mp_jul
14,1351.9133,mp_jul
14,1352.2131,mp_jul
14,1352.5129,mp_jul
14,1352.8127,mp_jul
14,1353.1124,mp_jul
14,1353.4122,mp_jul
25,1353.7121,mp_jul
5,1354.0118,mp_jul
11,1354.3116,mp_jul
11,1354.6114,mp_jul
12,1354.9112,mp_jul
11,1355.2109,mp_jul
10,1355.5108,mp_jul
14,1355.8106,mp_jul
14,1356.1103,mp_jul
14,1356.4101,mp_jul
16,1356.7098,mp_jul
2,1357.0097,mp_jul
1,1357.3095,mp_jul
2,1357.6092,mp_jul
4,1357.9091,mp_jul
4,1358.2132,mp_jul
6,1358.5086,mp_jul
6,1358.8084,mp_jul
6,1359.1082,mp_jul
6,1359.408,mp_jul
6,1359.7078,mp_jul
6,1360.0076,mp_jul
6,1360.3074,mp_jul
6,1360.6072,mp_jul
6,1360.9069,mp_jul
10,1361.2067,mp_jul
6,1361.5065,mp_jul
6,1361.8062,mp_jul
6,1362.106,mp_jul
2,1362.4059,mp_jul
4,1362.7056,mp_jul
4,1363.0053,mp_jul
12,1363.3052,mp_jul
12,1363.605,mp_jul
6,1363.9048,mp_jul
6,1364.2046,mp_jul
6,1364.5043,mp_jul
6,1364.8041,mp_jul
2,1365.1039,mp_jul
1,1365.4037,mp_jul
2,1365.7035,mp_jul
3,1366.0033,mp_jul
3,1366.303,mp_jul
2,1366.6028,mp_jul
2,1366.9026,mp_jul
4,1367.2024,mp_jul
4,1367.5021,mp_jul
4,1367.802,mp_jul
12,1368.1017,mp_jul
12,1368.4015,mp_jul
4,1368.7013,mp_jul
2,1369.0012,mp_jul
4,1369.3008,mp_jul
4,1369.6006,mp_jul
4,1369.9005,mp_jul
10,1370.2003,mp_jul
20,1370.5001,mp_jul
12,1370.7999,mp_jul
4,1371.0996,mp_jul
2,1371.3994,mp_jul
11,1371.6991,mp_jul
4,1371.999,mp_jul
4,1372.2987,mp_jul
4,1372.5985,mp_jul
12,1372.8983,mp_jul
7,1373.1981,mp_jul
12,1373.4979,mp_jul
6,1373.7977,mp_jul
10,1374.0975,mp_jul
6,1374.3972,mp_jul
6,1374.697,mp_jul
6,1374.9968,mp_jul
6,1375.2966,mp_jul
6,1375.5964,mp_jul
4,1375.8962,mp_jul
10,1376.1959,mp_jul
6,1376.4957,mp_jul
5,1376.7956,mp_jul
4,1377.0953,mp_jul
4,1377.3951,mp_jul
6,1377.6949,mp_jul
6,1377.9947,mp_jul
6,1378.2945,mp_jul
10,1378.5942,mp_jul
3,1378.8941,mp_jul
16,1379.1939,mp_jul
5,1379.4936,mp_jul
11,1379.7933,mp_jul
16,1380.0932,mp_jul
16,1380.3929,mp_jul
2,1380.6927,mp_jul
6,1380.9926,mp_jul
4,1381.2923,mp_jul
2,1381.8918,mp_jul
4,1382.1917,mp_jul
4,1382.7912,mp_jul
10,1383.091,mp_jul
6,1383.3909,mp_jul
6,1383.6906,mp_jul
1,1383.9904,mp_jul
3,1384.2903,mp_jul
5,1384.59,mp_jul
5,1384.8898,mp_jul
2,1385.1895,mp_jul
6,1385.4893,mp_jul
6,1385.7891,mp_jul
2,1386.089,mp_jul
12,1386.3887,mp_jul
2,1386.6885,mp_jul
4,1386.9883,mp_jul
12,1387.2881,mp_jul
12,1387.5879,mp_jul
10,1387.8876,mp_jul
10,1388.1875,mp_jul
1,1388.4872,mp_jul
6,1388.787,mp_jul
6,1389.0868,mp_jul
7,1389.3866,mp_jul
6,1389.6864,mp_jul
10,1389.9861,mp_jul
20,1390.2859,mp_jul
11,1390.5857,mp_jul
6,1390.8855,mp_jul
6,1391.1853,mp_jul
6,1391.4859,mp_jul
6,1391.7849,mp_jul
6,1392.0847,mp_jul
6,1392.3844,mp_jul
17,1392.6842,mp_jul
6,1392.984,mp_jul
6,1393.2838,mp_jul
10,1393.5836,mp_jul
4,1393.8834,mp_jul
11,1394.1832,mp_jul
1,1394.4829,mp_jul
3,1394.7827,mp_jul
5,1395.0825,mp_jul
5,1395.3823,mp_jul
11,1395.682,mp_jul
16,1395.9819,mp_jul
14,1396.2816,mp_jul
5,1396.5815,mp_jul
16,1396.8812,mp_jul
3,1397.181,mp_jul
14,1397.4808,mp_jul
3,1397.7805,mp_jul
14,1398.0804,mp_jul
5,1398.3802,mp_jul
1,1398.6799,mp_jul
11,1398.9797,mp_jul
11,1399.2795,mp_jul
11,1399.5794,mp_jul
2,1399.8792,mp_jul
11,1400.1789,mp_jul
5,1400.4787,mp_jul
11,1400.7785,mp_jul
5,1401.0783,mp_jul
11,1401.3781,mp_jul
2,1401.6779,mp_jul
10,1401.9777,mp_jul
10,1402.2775,mp_jul
1,1402.5773,mp_jul
14,1402.8771,mp_jul
3,1403.1769,mp_jul
3,1403.4766,mp_jul
5,1403.7764,mp_jul
5,1404.0762,mp_jul
5,1404.376,mp_jul
14,1404.6757,mp_jul
14,1404.9756,mp_jul
3,1405.2754,mp_jul
11,1405.5751,mp_jul
6,1405.8749,mp_jul
6,1406.1747,mp_jul
10,1406.4745,mp_jul
6,1406.7743,mp_jul
10,1407.074,mp_jul
11,1407.3738,mp_jul
1,1407.6736,mp_jul
11,1407.9734,mp_jul
3,1408.2732,mp_jul
23,1408.5729,mp_jul
22,1408.8728,mp_jul
5,1409.1725,mp_jul
11,1409.4724,mp_jul
2,1409.7721,mp_jul
11,1410.0719,mp_jul
3,1410.3717,mp_jul
16,1410.6715,mp_jul
14,1410.9712,mp_jul
11,1411.2711,mp_jul
11,1411.5708,mp_jul
11,1411.8707,mp_jul
1,1412.1704,mp_jul
1,1412.4702,mp_jul
1,1412.77,mp_jul
3,1413.0698,mp_jul
11,1413.3696,mp_jul
5,1413.6693,mp_jul
3,1413.9692,mp_jul
5,1414.2689,mp_jul
11,1414.5688,mp_jul
1,1414.8685,mp_jul
4,1415.1683,mp_jul
1,1415.4681,mp_jul
12,1415.7679,mp_jul
12,1416.0676,mp_jul
2,1416.3675,mp_jul
2,1416.6672,mp_jul
11,1416.967,mp_jul
14,1417.2668,mp_jul
14,1417.5666,mp_jul
14,1417.8663,mp_jul
14,1418.1661,mp_jul
5,1418.4659,mp_jul
11,1418.7658,mp_jul
5,1419.0656,mp_jul
3,1419.3652,mp_jul
3,1419.6651,mp_jul
11,1419.9648,mp_jul
11,1420.2647,mp_jul
11,1420.5644,mp_jul
1,1420.8642,mp_jul
1,1421.164,mp_jul
7,1421.4638,mp_jul
20,1421.7636,mp_jul
20,1422.0634,mp_jul
6,1422.3632,mp_jul
4,1422.6629,mp_jul
6,1422.9628,mp_jul
6,1423.2626,mp_jul
6,1423.5623,mp_jul
6,1423.8621,mp_jul
17,1424.1619,mp_jul
12,1424.4617,mp_jul
6,1424.7614,mp_jul
6,1425.0612,mp_jul
6,1425.3611,mp_jul
6,1425.6608,mp_jul
6,1425.9606,mp_jul
6,1426.2604,mp_jul
6,1426.5602,mp_jul
10,1426.86,mp_jul
10,1427.1598,mp_jul
10,1427.4596,mp_jul
5,1427.7593,mp_jul
16,1428.0591,mp_jul
11,1428.3589,mp_jul
2,1428.6587,mp_jul
3,1428.9584,mp_jul
5,1429.2582,mp_jul
11,1429.558,mp_jul
2,1429.8579,mp_jul
2,1430.1576,mp_jul
4,1430.4574,mp_jul
2,1430.7572,mp_jul
4,1431.0569,mp_jul
4,1431.3568,mp_jul
11,1431.6565,mp_jul
20,1431.9563,mp_jul
14,1432.2561,mp_jul
1,1432.5559,mp_jul
2,1432.8557,mp_jul
1,1433.1555,mp_jul
11,1433.4553,mp_jul
11,1433.755,mp_jul
11,1434.0548,mp_jul
1,1434.3546,mp_jul
3,1434.6544,mp_jul
18,1434.9541,mp_jul
5,1435.254,mp_jul
11,1435.5538,mp_jul
11,1435.8536,mp_jul
11,1436.1534,mp_jul
4,1436.4531,mp_jul
4,1436.7529,mp_jul
6,1437.0527,mp_jul
2,1437.3525,mp_jul
4,1437.6523,mp_jul
4,1437.9521,mp_jul
2,1438.2519,mp_jul
2,1438.5516,mp_jul
15,1438.8514,mp_jul
15,1439.1512,mp_jul
15,1439.451,mp_jul
15,1439.7508,mp_jul
22,1440.0506,mp_jul
3,1440.3503,mp_jul
16,1440.6501,mp_jul
16,1440.95,mp_jul
14,1441.2497,mp_jul
14,1441.5495,mp_jul
16,1441.8493,mp_jul
16,1442.1491,mp_jul
14,1442.4489,mp_jul
4,1442.7487,mp_jul
11,1443.0485,mp_jul
3,1443.3482,mp_jul
11,1443.648,mp_jul
6,1443.9478,mp_jul
10,1444.2476,mp_jul
6,1444.5473,mp_jul
6,1444.8471,mp_jul
10,1445.147,mp_jul
20,1445.4468,mp_jul
20,1445.7464,mp_jul
6,1446.0463,mp_jul
6,1446.3461,mp_jul
6,1446.6459,mp_jul
10,1446.9457,mp_jul
3,1447.2454,mp_jul
5,1447.5452,mp_jul
16,1447.845,mp_jul
16,1448.1448,mp_jul
16,1448.4446,mp_jul
14,1448.7444,mp_jul
16,1449.0442,mp_jul
3,1449.3439,mp_jul
11,1449.6437,mp_jul
2,1449.9435,mp_jul
11,1450.2433,mp_jul
5,1450.5431,mp_jul
1,1450.8428,mp_jul
3,1451.1427,mp_jul
11,1451.4425,mp_jul
1,1451.7422,mp_jul
16,1452.042,mp_jul
14,1452.3417,mp_jul
14,1452.6416,mp_jul
5,1452.9413,mp_jul
16,1453.2412,mp_jul
16,1453.541,mp_jul
19,1453.8407,mp_jul
20,1454.1406,mp_jul
10,1454.4404,mp_jul
10,1454.7401,mp_jul
10,1455.0399,mp_jul
3,1455.3397,mp_jul
3,1455.6395,mp_jul
11,1455.9393,mp_jul
11,1456.2391,mp_jul
1,1456.5388,mp_jul
11,1456.8386,mp_jul
11,1457.1384,mp_jul
1,1457.4382,mp_jul
5,1457.738,mp_jul
2,1458.0378,mp_jul
4,1458.3376,mp_jul
2,1458.6374,mp_jul
11,1458.9371,mp_jul
12,1459.237,mp_jul
4,1459.5367,mp_jul
6,1459.8365,mp_jul
6,1460.1363,mp_jul
10,1460.4361,mp_jul
10,1460.7358,mp_jul
10,1461.0356,mp_jul
3,1461.3355,mp_jul
11,1461.6352,mp_jul
11,1461.935,mp_jul
5,1462.2348,mp_jul
5,1462.5346,mp_jul
5,1462.8343,mp_jul
16,1463.1341,mp_jul
5,1463.4339,mp_jul
5,1463.7337,mp_jul
16,1464.0335,mp_jul
3,1464.3333,mp_jul
1,1464.6331,mp_jul
5,1464.9328,mp_jul
11,1465.2326,mp_jul
15,1465.5324,mp_jul
2,1465.8323,mp_jul
5,1466.132,mp_jul
15,1466.4318,mp_jul
15,1466.7315,mp_jul
18,1467.0314,mp_jul
18,1467.3312,mp_jul
18,1467.6309,mp_jul
18,1467.9307,mp_jul
3,1468.2305,mp_jul
11,1468.5303,mp_jul
2,1468.8301,mp_jul
22,1469.1299,mp_jul
18,1469.4297,mp_jul
11,1469.7295,mp_jul
2,1470.0293,mp_jul
18,1470.3291,mp_jul
18,1470.6289,mp_jul
18,1470.9286,mp_jul
18,1471.2284,mp_jul
18,1471.5282,mp_jul
1,1471.8279,mp_jul
15,1472.1278,mp_jul
15,1472.4276,mp_jul
2,1472.7274,mp_jul
22,1473.034,mp_jul
11,1473.3269,mp_jul
15,1473.6268,mp_jul
15,1473.9265,mp_jul
12,1474.2263,mp_jul
7,1474.5261,mp_jul
17,1474.8259,mp_jul
7,1475.1257,mp_jul
15,1475.4255,mp_jul
11,1475.7252,mp_jul
1,1476.0251,mp_jul
1,1476.3249,mp_jul
12,1476.6246,mp_jul
1,1476.9244,mp_jul
2,1477.2242,mp_jul
12,1477.5239,mp_jul
4,1477.8238,mp_jul
11,1478.1235,mp_jul
3,1478.4234,mp_jul
1,1478.7232,mp_jul
11,1479.023,mp_jul
11,1479.3227,mp_jul
4,1479.6225,mp_jul
15,1479.9222,mp_jul
1,1480.222,mp_jul
7,1480.5219,mp_jul
2,1480.8216,mp_jul
2,1481.1214,mp_jul
1,1481.4212,mp_jul
3,1481.7209,mp_jul
11,1482.0208,mp_jul
4,1482.3206,mp_jul
4,1482.6203,mp_jul
12,1482.9202,mp_jul
15,1483.2199,mp_jul
15,1483.5197,mp_jul
15,1483.8195,mp_jul
15,1484.1193,mp_jul
15,1484.4191,mp_jul
15,1484.7189,mp_jul
15,1485.0187,mp_jul
15,1485.3184,mp_jul
15,1485.6182,mp_jul
15,1485.918,mp_jul
15,1486.2178,mp_jul
4,1486.5176,mp_jul
4,1486.8173,mp_jul
12,1487.1172,mp_jul
12,1487.4169,mp_jul
17,1487.7167,mp_jul
4,1488.0165,mp_jul
4,1488.3163,mp_jul
2,1488.6161,mp_jul
11,1488.9159,mp_jul
5,1489.2156,mp_jul
14,1489.5154,mp_jul
5,1489.8152,mp_jul
11,1490.115,mp_jul
4,1490.4148,mp_jul
2,1490.7146,mp_jul
4,1491.0144,mp_jul
11,1491.3142,mp_jul
12,1491.6139,mp_jul
11,1491.9137,mp_jul
11,1492.2136,mp_jul
11,1492.5133,mp_jul
11,1492.8131,mp_jul
2,1493.1129,mp_jul
1,1493.4127,mp_jul
4,1493.7124,mp_jul
11,1494.0123,mp_jul
2,1494.312,mp_jul
4,1494.6118,mp_jul
12,1494.9116,mp_jul
11,1495.2114,mp_jul
12,1495.5112,mp_jul
7,1495.8109,mp_jul
11,1496.1108,mp_jul
4,1496.4106,mp_jul
4,1496.7103,mp_jul
12,1497.0101,mp_jul
12,1497.3099,mp_jul
12,1497.6097,mp_jul
11,1497.9094,mp_jul
12,1498.2092,mp_jul
12,1498.509,mp_jul
7,1498.8088,mp_jul
12,1499.1086,mp_jul
11,1499.4084,mp_jul
1,1499.7082,mp_jul
3,1500.0079,mp_jul
1,1500.3078,mp_jul
11,1500.6076,mp_jul
11,1500.9074,mp_jul
15,1501.2072,mp_jul
5,1501.5069,mp_jul
5,1501.8067,mp_jul
18,1502.1065,mp_jul
18,1502.4063,mp_jul
18,1502.706,mp_jul
18,1503.0058,mp_jul
22,1503.3056,mp_jul
15,1503.6054,mp_jul
15,1503.9052,mp_jul
11,1504.205,mp_jul
18,1504.5048,mp_jul
22,1504.8046,mp_jul
14,1505.1044,mp_jul
16,1505.4042,mp_jul
3,1505.704,mp_jul
1,1506.0038,mp_jul
3,1506.3036,mp_jul
3,1506.6033,mp_jul
4,1506.9031,mp_jul
4,1507.2029,mp_jul
4,1507.5027,mp_jul
6,1507.8025,mp_jul
10,1508.1022,mp_jul
6,1508.4021,mp_jul
10,1508.7019,mp_jul
16,1509.0016,mp_jul
3,1509.3014,mp_jul
16,1509.6012,mp_jul
16,1509.901,mp_jul
1,1510.2007,mp_jul
1,1510.5006,mp_jul
11,1510.8003,mp_jul
4,1511.1001,mp_jul
4,1511.3999,mp_jul
12,1511.6997,mp_jul
4,1511.9995,mp_jul
4,1512.2993,mp_jul
4,1512.5991,mp_jul
5,1512.8989,mp_jul
14,1513.1987,mp_jul
14,1513.4985,mp_jul
3,1513.7982,mp_jul
14,1514.0981,mp_jul
16,1514.3978,mp_jul
16,1514.6976,mp_jul
20,1514.9974,mp_jul
5,1515.2972,mp_jul
11,1515.597,mp_jul
11,1515.8967,mp_jul
4,1516.1966,mp_jul
11,1516.4964,mp_jul
7,1516.7962,mp_jul
4,1517.0959,mp_jul
4,1517.3957,mp_jul
12,1517.6956,mp_jul
2,1517.9953,mp_jul
5,1518.2951,mp_jul
12,1518.5949,mp_jul
11,1518.8947,mp_jul
11,1519.1944,mp_jul
2,1519.4942,mp_jul
11,1519.794,mp_jul
5,1520.0937,mp_jul
1,1520.3936,mp_jul
12,1520.6933,mp_jul
7,1520.9932,mp_jul
1,1521.2929,mp_jul
4,1521.5927,mp_jul
11,1521.8925,mp_jul
11,1522.1923,mp_jul
1,1522.4921,mp_jul
11,1522.7918,mp_jul
11,1523.0917,mp_jul
11,1523.3915,mp_jul
11,1523.6912,mp_jul
11,1523.9911,mp_jul
6,1524.2908,mp_jul
2,1524.5907,mp_jul
24,1524.8904,mp_jul
24,1525.1902,mp_jul
16,1525.49,mp_jul
24,1525.7897,mp_jul
20,1526.0895,mp_jul
3,1526.3893,mp_jul
11,1526.6891,mp_jul
11,1526.9889,mp_jul
11,1527.2888,mp_jul
2,1527.5886,mp_jul
5,1527.8884,mp_jul
2,1528.1881,mp_jul
10,1528.4879,mp_jul
2,1528.7877,mp_jul
6,1529.0874,mp_jul
6,1529.3872,mp_jul
6,1529.687,mp_jul
6,1529.9868,mp_jul
2,1530.2866,mp_jul
4,1530.5864,mp_jul
2,1530.8861,mp_jul
4,1531.1859,mp_jul
10,1531.4858,mp_jul
10,1531.7855,mp_jul
10,1532.0853,mp_jul
20,1532.3852,mp_jul
6,1532.6849,mp_jul
6,1532.9847,mp_jul
6,1533.2845,mp_jul
6,1533.5843,mp_jul
14,1533.8841,mp_jul
5,1534.1839,mp_jul
16,1534.4836,mp_jul
14,1534.7834,mp_jul
14,1535.0832,mp_jul
3,1535.3829,mp_jul
1,1535.6828,mp_jul
6,1535.9825,mp_jul
2,1536.2823,mp_jul
2,1536.5821,mp_jul
2,1536.8819,mp_jul
6,1537.1817,mp_jul
10,1537.4815,mp_jul
3,1537.7813,mp_jul
11,1538.0811,mp_jul
4,1538.3809,mp_jul
11,1538.6807,mp_jul
18,1538.9804,mp_jul
22,1539.2802,mp_jul
5,1539.58,mp_jul
11,1539.8798,mp_jul
5,1540.1796,mp_jul
5,1540.4794,mp_jul
11,1540.7792,mp_jul
1,1541.0789,mp_jul
11,1541.3787,mp_jul
6,1541.6785,mp_jul
6,1541.9783,mp_jul
11,1542.2781,mp_jul
1,1542.5779,mp_jul
6,1542.8776,mp_jul
2,1543.1774,mp_jul
2,1543.4772,mp_jul
14,1543.777,mp_jul
20,1544.0768,mp_jul
5,1544.3766,mp_jul
3,1544.6763,mp_jul
22,1544.9762,mp_jul
14,1545.2759,mp_jul
3,1545.5758,mp_jul
3,1545.8755,mp_jul
5,1546.1753,mp_jul
11,1546.4751,mp_jul
11,1546.7748,mp_jul
1,1547.0746,mp_jul
6,1547.3745,mp_jul
6,1547.6742,mp_jul
2,1547.974,mp_jul
6,1548.2738,mp_jul
2,1548.5736,mp_jul
6,1548.8734,mp_jul
3,1549.1732,mp_jul
14,1549.4729,mp_jul
2,1549.7728,mp_jul
6,1550.0726,mp_jul
10,1550.3723,mp_jul
11,1550.6722,mp_jul
2,1550.9719,mp_jul
2,1551.2717,mp_jul
6,1551.5715,mp_jul
10,1551.8713,mp_jul
10,1552.1711,mp_jul
16,1552.4709,mp_jul
20,1552.7706,mp_jul
14,1553.0704,mp_jul
14,1553.3702,mp_jul
14,1553.67,mp_jul
14,1553.9698,mp_jul
1,1554.2695,mp_jul
20,1554.5693,mp_jul
2,1554.8692,mp_jul
6,1555.1689,mp_jul
6,1555.4687,mp_jul
6,1555.7685,mp_jul
6,1556.0683,mp_jul
6,1556.3681,mp_jul
2,1556.6679,mp_jul
6,1556.9677,mp_jul
6,1557.2675,mp_jul
6,1557.5672,mp_jul
6,1557.867,mp_jul
6,1558.1668,mp_jul
6,1558.4666,mp_jul
6,1558.7664,mp_jul
1,1559.0661,mp_jul
1,1559.366,mp_jul
1,1559.6657,mp_jul
14,1559.9655,mp_jul
1,1560.2653,mp_jul
5,1560.5651,mp_jul
2,1560.8649,mp_jul
2,1561.1646,mp_jul
10,1561.4644,mp_jul
10,1561.7642,mp_jul
6,1562.064,mp_jul
10,1562.3638,mp_jul
2,1562.6636,mp_jul
6,1562.9634,mp_jul
6,1563.2632,mp_jul
12,1563.563,mp_jul
6,1563.8628,mp_jul
12,1564.1625,mp_jul
10,1564.4623,mp_jul
6,1564.7621,mp_jul
4,1565.0619,mp_jul
7,1565.3617,mp_jul
7,1565.6614,mp_jul
7,1565.9613,mp_jul
1,1566.2611,mp_jul
5,1566.5608,mp_jul
1,1566.8606,mp_jul
3,1567.1604,mp_jul
3,1567.4602,mp_jul
16,1567.76,mp_jul
3,1568.0597,mp_jul
10,1568.3595,mp_jul
11,1568.6593,mp_jul
1,1568.9591,mp_jul
8,1569.2589,mp_jul
13,1569.5587,mp_jul
11,1569.8584,mp_jul
5,1570.1583,mp_jul
11,1570.458,mp_jul
4,1570.7578,mp_jul
1,1571.0576,mp_jul
12,1571.3574,mp_jul
2,1571.6572,mp_jul
11,1571.957,mp_jul
6,1572.2568,mp_jul
10,1572.5565,mp_jul
6,1572.8563,mp_jul
6,1573.1561,mp_jul
4,1573.4559,mp_jul
6,1573.7557,mp_jul
6,1574.0555,mp_jul
6,1574.3553,mp_jul
6,1574.6551,mp_jul
10,1574.9548,mp_jul
6,1575.2546,mp_jul
12,1575.5544,mp_jul
6,1575.8542,mp_jul
6,1576.154,mp_jul
2,1576.4538,mp_jul
6,1576.7536,mp_jul
6,1577.0534,mp_jul
10,1577.3532,mp_jul
20,1577.6529,mp_jul
19,1577.9527,mp_jul
20,1578.2525,mp_jul
10,1578.5524,mp_jul
5,1578.8521,mp_jul
20,1579.1519,mp_jul
20,1579.4517,mp_jul
6,1579.7515,mp_jul
6,1580.0513,mp_jul
6,1580.3511,mp_jul
20,1580.6508,mp_jul
3,1580.9507,mp_jul
3,1581.2504,mp_jul
3,1581.5502,mp_jul
25,1581.85,mp_jul
3,1582.1497,mp_jul
10,1582.4496,mp_jul
6,1582.7494,mp_jul
6,1583.0491,mp_jul
10,1583.3489,mp_jul
10,1583.6487,mp_jul
20,1583.9484,mp_jul
14,1584.2483,mp_jul
14,1584.548,mp_jul
14,1584.8478,mp_jul
14,1585.1477,mp_jul
14,1585.4474,mp_jul
14,1585.7472,mp_jul
14,1586.047,mp_jul
3,1586.3468,mp_jul
11,1586.6466,mp_jul
11,1586.9464,mp_jul
1,1587.2462,mp_jul
12,1587.546,mp_jul
1,1587.8458,mp_jul
2,1588.1455,mp_jul
5,1588.4475,mp_jul
3,1588.7451,mp_jul
5,1589.0449,mp_jul
5,1589.3446,mp_jul
3,1589.6445,mp_jul
14,1589.9443,mp_jul
5,1590.244,mp_jul
10,1590.5438,mp_jul
11,1590.8436,mp_jul
3,1591.1434,mp_jul
5,1591.4432,mp_jul
11,1591.7429,mp_jul
11,1592.0428,mp_jul
14,1592.3426,mp_jul
11,1592.6424,mp_jul
5,1592.9421,mp_jul
5,1593.242,mp_jul
20,1593.5417,mp_jul
20,1593.8415,mp_jul
20,1594.1413,mp_jul
20,1594.4411,mp_jul
20,1594.7409,mp_jul
20,1595.0407,mp_jul
6,1595.3405,mp_jul
10,1595.6402,mp_jul
10,1595.94,mp_jul
6,1596.2398,mp_jul
6,1596.5396,mp_jul
10,1596.8394,mp_jul
6,1597.1392,mp_jul
6,1597.439,mp_jul
6,1597.7388,mp_jul
6,1598.0385,mp_jul
6,1598.3383,mp_jul
6,1598.6381,mp_jul
20,1598.9379,mp_jul
5,1599.2377,mp_jul
2,1599.5374,mp_jul
20,1599.8373,mp_jul
3,1600.1371,mp_jul
3,1600.4368,mp_jul
20,1600.7366,mp_jul
5,1601.0364,mp_jul
5,1601.3362,mp_jul
20,1601.636,mp_jul
11,1601.9358,mp_jul
2,1602.2356,mp_jul
15,1602.5354,mp_jul
12,1602.8351,mp_jul
4,1603.1349,mp_jul
4,1603.4347,mp_jul
10,1603.7345,mp_jul
10,1604.0343,mp_jul
6,1604.3341,mp_jul
3,1604.6339,mp_jul
20,1604.9337,mp_jul
20,1605.2334,mp_jul
20,1605.5332,mp_jul
5,1605.8331,mp_jul
2,1606.1328,mp_jul
18,1606.4326,mp_jul
22,1606.7324,mp_jul
18,1607.0321,mp_jul
18,1607.3319,mp_jul
15,1607.6317,mp_jul
15,1607.9315,mp_jul
2,1608.2314,mp_jul
4,1608.8309,mp_jul
4,1609.1307,mp_jul
15,1609.4305,mp_jul
15,1609.7303,mp_jul
15,1610.03,mp_jul
15,1610.3298,mp_jul
15,1610.6296,mp_jul
15,1610.9294,mp_jul
2,1611.2293,mp_jul
2,1611.529,mp_jul
15,1611.8289,mp_jul
12,1612.1286,mp_jul
17,1612.4284,mp_jul
5,1612.7282,mp_jul
1,1613.028,mp_jul
3,1613.3278,mp_jul
22,1613.6276,mp_jul
24,1613.9273,mp_jul
20,1614.2271,mp_jul
24,1614.5269,mp_jul
24,1614.8267,mp_jul
20,1615.1265,mp_jul
24,1615.4263,mp_jul
24,1615.726,mp_jul
20,1616.0259,mp_jul
10,1616.3256,mp_jul
2,1616.6254,mp_jul
2,1616.9252,mp_jul
10,1617.2249,mp_jul
10,1617.5247,mp_jul
16,1617.8245,mp_jul
5,1618.1244,mp_jul
2,1618.4242,mp_jul
5,1618.724,mp_jul
5,1619.0237,mp_jul
11,1619.3235,mp_jul
2,1619.6233,mp_jul
4,1619.9231,mp_jul
2,1620.2229,mp_jul
6,1620.5227,mp_jul
6,1620.8225,mp_jul
6,1621.1222,mp_jul
6,1621.4221,mp_jul
6,1621.7219,mp_jul
10,1622.0216,mp_jul
6,1622.3215,mp_jul
6,1622.6212,mp_jul
10,1622.921,mp_jul
6,1623.2208,mp_jul
6,1623.5206,mp_jul
6,1623.8204,mp_jul
6,1624.1202,mp_jul
2,1624.4199,mp_jul
10,1624.7197,mp_jul
10,1625.0195,mp_jul
4,1625.3193,mp_jul
11,1625.6191,mp_jul
4,1625.9189,mp_jul
4,1626.2187,mp_jul
4,1626.5185,mp_jul
4,1626.8182,mp_jul
4,1627.118,mp_jul
4,1627.4178,mp_jul
4,1627.7176,mp_jul
12,1628.0174,mp_jul
4,1628.3172,mp_jul
4,1628.617,mp_jul
4,1628.9168,mp_jul
4,1629.2166,mp_jul
6,1629.5163,mp_jul
6,1629.8161,mp_jul
12,1630.1159,mp_jul
2,1630.4157,mp_jul
4,1630.7155,mp_jul
2,1631.0153,mp_jul
3,1631.315,mp_jul
1,1631.6149,mp_jul
11,1631.9146,mp_jul
4,1632.2145,mp_jul
2,1632.5142,mp_jul
4,1632.814,mp_jul
6,1633.1137,mp_jul
2,1633.4136,mp_jul
4,1633.7134,mp_jul
10,1634.0132,mp_jul
6,1634.3129,mp_jul
6,1634.6127,mp_jul
6,1634.9125,mp_jul
6,1635.2123,mp_jul
6,1635.5121,mp_jul
6,1635.8118,mp_jul
6,1636.1116,mp_jul
2,1636.4115,mp_jul
3,1636.7112,mp_jul
2,1637.011,mp_jul
2,1637.3108,mp_jul
12,1637.6106,mp_jul
7,1637.9104,mp_jul
6,1638.2102,mp_jul
6,1638.51,mp_jul
10,1638.8097,mp_jul
3,1639.1095,mp_jul
3,1639.4092,mp_jul
11,1639.709,mp_jul
11,1640.0089,mp_jul
11,1640.3086,mp_jul
2,1640.6084,mp_jul
11,1640.9082,mp_jul
11,1641.208,mp_jul
2,1641.5078,mp_jul
2,1641.8076,mp_jul
4,1642.1074,mp_jul
12,1642.4072,mp_jul
4,1642.7069,mp_jul
11,1643.0067,mp_jul
11,1643.3065,mp_jul
11,1643.6063,mp_jul
10,1643.906,mp_jul
6,1644.2059,mp_jul
1,1644.5057,mp_jul
10,1644.8054,mp_jul
6,1645.1052,mp_jul
10,1645.405,mp_jul
3,1645.7048,mp_jul
6,1646.0046,mp_jul
10,1646.3045,mp_jul
6,1646.6042,mp_jul
8,1646.904,mp_jul
8,1647.2037,mp_jul
7,1647.5036,mp_jul
6,1647.8033,mp_jul
6,1648.1031,mp_jul
6,1648.403,mp_jul
4,1648.7027,mp_jul
2,1649.0026,mp_jul
11,1649.3023,mp_jul
6,1649.6021,mp_jul
6,1649.9019,mp_jul
10,1650.2017,mp_jul
6,1650.5015,mp_jul
6,1650.8013,mp_jul
3,1651.1011,mp_jul
19,1651.4008,mp_jul
20,1651.7006,mp_jul
10,1652.0004,mp_jul
6,1652.3003,mp_jul
2,1652.6,mp_jul
10,1652.8997,mp_jul
5,1653.1996,mp_jul
11,1653.4994,mp_jul
2,1653.8035,mp_jul
1,1654.0989,mp_jul
1,1654.3988,mp_jul
11,1654.6986,mp_jul
10,1654.9983,mp_jul
6,1655.2982,mp_jul
3,1655.5979,mp_jul
5,1655.8977,mp_jul
1,1656.1975,mp_jul
6,1656.4972,mp_jul
3,1656.7971,mp_jul
18,1657.0968,mp_jul
18,1657.3965,mp_jul
23,1657.6964,mp_jul
22,1657.9962,mp_jul
2,1658.296,mp_jul
1,1658.5958,mp_jul
11,1658.8956,mp_jul
5,1659.1953,mp_jul
11,1659.4951,mp_jul
3,1659.7949,mp_jul
25,1660.0947,mp_jul
1,1660.3945,mp_jul
5,1660.6943,mp_jul
1,1660.994,mp_jul
20,1661.2939,mp_jul
17,1661.5937,mp_jul
17,1661.8934,mp_jul
20,1662.1933,mp_jul
2,1662.493,mp_jul
12,1662.7928,mp_jul
13,1663.0927,mp_jul
12,1663.3924,mp_jul
6,1663.6921,mp_jul
10,1663.9919,mp_jul
11,1664.2917,mp_jul
6,1664.5915,mp_jul
6,1664.8913,mp_jul
6,1665.1911,mp_jul
6,1665.4908,mp_jul
6,1665.7907,mp_jul
12,1666.0904,mp_jul
12,1666.3903,mp_jul
10,1666.69,mp_jul
3,1666.9898,mp_jul
5,1667.2896,mp_jul
16,1667.5894,mp_jul
14,1667.8892,mp_jul
5,1668.1889,mp_jul
16,1668.4888,mp_jul
11,1668.7885,mp_jul
5,1669.0884,mp_jul
11,1669.3881,mp_jul
11,1669.6879,mp_jul
1,1669.9877,mp_jul
1,1670.2876,mp_jul
8,1670.5873,mp_jul
17,1670.8871,mp_jul
3,1671.1868,mp_jul
3,1671.4866,mp_jul
2,1671.7864,mp_jul
2,1672.0862,mp_jul
11,1672.386,mp_jul
1,1672.6858,mp_jul
2,1672.9855,mp_jul
11,1673.2854,mp_jul
4,1673.5852,mp_jul
11,1673.885,mp_jul
4,1674.1848,mp_jul
4,1674.4845,mp_jul
2,1674.7844,mp_jul
4,1675.0841,mp_jul
12,1675.3839,mp_jul
12,1675.6837,mp_jul
12,1675.9835,mp_jul
12,1676.2833,mp_jul
12,1676.5831,mp_jul
4,1676.8828,mp_jul
6,1677.1827,mp_jul
6,1677.4824,mp_jul
6,1677.7822,mp_jul
10,1678.082,mp_jul
6,1678.3817,mp_jul
10,1678.6815,mp_jul
10,1678.9813,mp_jul
2,1679.2811,mp_jul
6,1679.5809,mp_jul
6,1679.8806,mp_jul
6,1680.1805,mp_jul
6,1680.4803,mp_jul
6,1680.78,mp_jul
10,1681.0798,mp_jul
6,1681.3796,mp_jul
6,1681.6794,mp_jul
10,1681.9792,mp_jul
1,1682.279,mp_jul
12,1682.5788,mp_jul
10,1682.8786,mp_jul
12,1683.1783,mp_jul
2,1683.4781,mp_jul
2,1683.7779,mp_jul
2,1684.0777,mp_jul
11,1684.3775,mp_jul
11,1684.6773,mp_jul
4,1684.9771,mp_jul
1,1685.2769,mp_jul
1,1685.5766,mp_jul
4,1685.8765,mp_jul
4,1686.1763,mp_jul
12,1686.4761,mp_jul
4,1686.7758,mp_jul
2,1687.0756,mp_jul
2,1687.3754,mp_jul
15,1687.6752,mp_jul
15,1687.975,mp_jul
15,1688.2748,mp_jul
15,1688.5745,mp_jul
4,1688.8744,mp_jul
10,1689.1741,mp_jul
6,1689.4739,mp_jul
3,1689.7737,mp_jul
6,1690.0734,mp_jul
1,1690.3733,mp_jul
5,1690.673,mp_jul
16,1690.9728,mp_jul
14,1691.2726,mp_jul
5,1691.5724,mp_jul
14,1691.8815,mp_jul
14,1692.172,mp_jul
16,1692.4718,mp_jul
7,1692.7715,mp_jul
11,1693.0713,mp_jul
10,1693.3712,mp_jul
10,1693.6709,mp_jul
6,1693.9707,mp_jul
17,1694.2705,mp_jul
2,1694.5703,mp_jul
6,1694.8701,mp_jul
6,1695.1699,mp_jul
6,1695.4696,mp_jul
6,1695.7694,mp_jul
12,1696.0692,mp_jul
4,1696.3733,mp_jul
2,1696.6732,mp_jul
15,1696.9686,mp_jul
15,1697.2684,mp_jul
15,1697.5682,mp_jul
15,1697.868,mp_jul
15,1698.1677,mp_jul
11,1698.4676,mp_jul
11,1698.7673,mp_jul
14,1699.0671,mp_jul
14,1699.3669,mp_jul
7,1699.6667,mp_jul
7,1699.9665,mp_jul
5,1700.2662,mp_jul
11,1700.566,mp_jul
4,1700.8658,mp_jul
10,1701.1656,mp_jul
10,1701.4654,mp_jul
1,1701.7652,mp_jul
3,1702.0651,mp_jul
16,1702.3649,mp_jul
14,1702.6646,mp_jul
5,1702.9644,mp_jul
14,1703.2642,mp_jul
14,1703.564,mp_jul
3,1703.8637,mp_jul
11,1704.1635,mp_jul
2,1704.4634,mp_jul
2,1704.7631,mp_jul
12,1705.0629,mp_jul
17,1705.3627,mp_jul
17,1705.6625,mp_jul
8,1705.9622,mp_jul
12,1706.262,mp_jul
1,1706.5618,mp_jul
12,1706.8616,mp_jul
12,1707.1614,mp_jul
4,1707.4612,mp_jul
4,1707.761,mp_jul
4,1708.0608,mp_jul
4,1708.3605,mp_jul
12,1708.6604,mp_jul
4,1708.9601,mp_jul
4,1709.2599,mp_jul
12,1709.5597,mp_jul
1,1709.8595,mp_jul
2,1710.1593,mp_jul
1,1710.4591,mp_jul
8,1710.7589,mp_jul
8,1711.0587,mp_jul
1,1711.3585,mp_jul
1,1711.6583,mp_jul
11,1711.958,mp_jul
4,1712.2578,mp_jul
2,1712.5576,mp_jul
2,1712.8574,mp_jul
2,1713.1572,mp_jul
1,1713.457,mp_jul
6,1713.7567,mp_jul
6,1714.0565,mp_jul
6,1714.3563,mp_jul
6,1714.6561,mp_jul
6,1714.956,mp_jul
7,1715.2557,mp_jul
8,1715.5556,mp_jul
12,1715.8553,mp_jul
2,1716.1551,mp_jul
4,1716.4549,mp_jul
4,1716.7546,mp_jul
10,1717.0544,mp_jul
6,1717.3542,mp_jul
12,1717.654,mp_jul
6,1717.9538,mp_jul
2,1718.2535,mp_jul
10,1718.5533,mp_jul
10,1718.8532,mp_jul
10,1719.1529,mp_jul
10,1719.4527,mp_jul
6,1719.7525,mp_jul
8,1720.0523,mp_jul
17,1720.3521,mp_jul
6,1720.6519,mp_jul
20,1720.9517,mp_jul
20,1721.2515,mp_jul
20,1721.5512,mp_jul
20,1721.8511,mp_jul
14,1722.1508,mp_jul
25,1722.4507,mp_jul
16,1722.7504,mp_jul
14,1723.0502,mp_jul
5,1723.35,mp_jul
3,1723.6498,mp_jul
3,1723.9495,mp_jul
5,1724.2493,mp_jul
3,1724.5491,mp_jul
14,1724.849,mp_jul
11,1725.1487,mp_jul
1,1725.4485,mp_jul
13,1725.7483,mp_jul
8,1726.0481,mp_jul
8,1726.3479,mp_jul
2,1726.6477,mp_jul
11,1726.9475,mp_jul
10,1727.2472,mp_jul
6,1727.5479,mp_jul
6,1727.8468,mp_jul
6,1728.1466,mp_jul
6,1728.4464,mp_jul
10,1728.7462,mp_jul
10,1729.046,mp_jul
10,1729.3458,mp_jul
12,1729.6456,mp_jul
8,1729.9454,mp_jul
13,1730.2452,mp_jul
13,1730.5449,mp_jul
13,1730.8448,mp_jul
8,1731.1445,mp_jul
8,1731.4443,mp_jul
6,1731.7441,mp_jul
10,1732.0439,mp_jul
14,1732.3437,mp_jul
14,1732.6435,mp_jul
14,1732.9433,mp_jul
16,1733.243,mp_jul
22,1733.5428,mp_jul
2,1733.8427,mp_jul
2,1734.1425,mp_jul
2,1734.4422,mp_jul
4,1734.742,mp_jul
2,1735.0418,mp_jul
4,1735.3415,mp_jul
4,1735.6414,mp_jul
4,1735.9412,mp_jul
4,1736.241,mp_jul
10,1736.5408,mp_jul
6,1736.8405,mp_jul
7,1737.1404,mp_jul
17,1737.4402,mp_jul
3,1737.7399,mp_jul
7,1738.0397,mp_jul
3,1738.3395,mp_jul
16,1738.6393,mp_jul
11,1738.9391,mp_jul
2,1739.2388,mp_jul
2,1739.5387,mp_jul
2,1739.8384,mp_jul
4,1740.1382,mp_jul
6,1740.438,mp_jul
12,1740.7378,mp_jul
12,1741.0376,mp_jul
6,1741.3374,mp_jul
10,1741.6372,mp_jul
12,1741.937,mp_jul
12,1742.2368,mp_jul
17,1742.5366,mp_jul
10,1742.8364,mp_jul
11,1743.1361,mp_jul
11,1743.436,mp_jul
11,1743.7358,mp_jul
3,1744.0355,mp_jul
1,1744.3354,mp_jul
25,1744.6351,mp_jul
3,1744.9349,mp_jul
3,1745.2347,mp_jul
11,1745.5345,mp_jul
11,1745.8343,mp_jul
1,1746.1341,mp_jul
7,1746.4339,mp_jul
8,1746.7336,mp_jul
13,1747.0334,mp_jul
17,1747.3332,mp_jul
1,1747.6331,mp_jul
5,1747.9328,mp_jul
2,1748.2326,mp_jul
11,1748.5324,mp_jul
2,1748.8322,mp_jul
14,1749.1319,mp_jul
16,1749.4317,mp_jul
20,1749.7316,mp_jul
14,1750.0313,mp_jul
14,1750.3311,mp_jul
14,1750.6309,mp_jul
14,1750.9307,mp_jul
14,1751.2306,mp_jul
14,1751.5303,mp_jul
14,1751.8301,mp_jul
14,1752.1298,mp_jul
14,1752.4296,mp_jul
14,1752.7294,mp_jul
14,1753.0293,mp_jul
14,1753.3291,mp_jul
25,1753.6289,mp_jul
14,1753.9286,mp_jul
14,1754.2284,mp_jul
12,1754.5282,mp_jul
12,1754.828,mp_jul
2,1755.1278,mp_jul
5,1755.4276,mp_jul
7,1755.7274,mp_jul
17,1756.0271,mp_jul
17,1756.3269,mp_jul
1,1756.6268,mp_jul
1,1756.9266,mp_jul
4,1757.2263,mp_jul
2,1757.5261,mp_jul
12,1757.8258,mp_jul
4,1758.1257,mp_jul
3,1758.4254,mp_jul
16,1758.7253,mp_jul
14,1759.0251,mp_jul
16,1759.3249,mp_jul
20,1759.6247,mp_jul
7,1759.9244,mp_jul
6,1760.2242,mp_jul
12,1760.524,mp_jul
7,1760.8238,mp_jul
8,1761.1236,mp_jul
8,1761.4234,mp_jul
7,1761.7231,mp_jul
3,1762.023,mp_jul
1,1762.3228,mp_jul
16,1762.6226,mp_jul
11,1762.9224,mp_jul
10,1763.2222,mp_jul
11,1763.5219,mp_jul
4,1763.8217,mp_jul
4,1764.1215,mp_jul
12,1764.4213,mp_jul
4,1764.7211,mp_jul
4,1765.0209,mp_jul
4,1765.3207,mp_jul
12,1765.6204,mp_jul
12,1765.9203,mp_jul
12,1766.22,mp_jul
7,1766.5198,mp_jul
12,1766.8196,mp_jul
12,1767.1195,mp_jul
12,1767.4192,mp_jul
2,1767.719,mp_jul
15,1768.0188,mp_jul
15,1768.3186,mp_jul
5,1768.6184,mp_jul
11,1768.9181,mp_jul
15,1769.218,mp_jul
4,1769.5177,mp_jul
4,1769.8175,mp_jul
4,1770.1173,mp_jul
2,1770.4171,mp_jul
4,1770.7169,mp_jul
15,1771.0168,mp_jul
15,1771.3165,mp_jul
15,1771.6163,mp_jul
15,1771.9161,mp_jul
4,1772.2158,mp_jul
4,1772.5156,mp_jul
12,1772.8176,mp_jul
1,1773.415,mp_jul
11,1773.7148,mp_jul
12,1774.0145,mp_jul
4,1774.3144,mp_jul
4,1774.6141,mp_jul
12,1774.914,mp_jul
12,1775.2138,mp_jul
12,1775.5135,mp_jul
4,1775.8134,mp_jul
12,1776.1132,mp_jul
12,1776.4129,mp_jul
4,1776.7127,mp_jul
15,1777.0125,mp_jul
15,1777.3123,mp_jul
2,1777.6122,mp_jul
15,1777.9119,mp_jul
5,1778.2117,mp_jul
15,1778.5115,mp_jul
15,1778.8113,mp_jul
11,1779.1111,mp_jul
15,1779.4109,mp_jul
15,1779.7106,mp_jul
15,1780.0105,mp_jul
12,1780.3102,mp_jul
15,1780.61,mp_jul
14,1780.9098,mp_jul
14,1781.2096,mp_jul
3,1781.5094,mp_jul
11,1781.8092,mp_jul
15,1782.109,mp_jul
4,1782.4088,mp_jul
15,1782.7086,mp_jul
2,1783.0084,mp_jul
5,1783.3081,mp_jul
19,1783.6079,mp_jul
24,1783.9077,mp_jul
24,1784.2076,mp_jul
24,1784.5073,mp_jul
24,1784.8071,mp_jul
24,1785.1069,mp_jul
24,1785.4067,mp_jul
24,1785.7065,mp_jul
24,1786.0062,mp_jul
24,1786.3061,mp_jul
24,1786.6059,mp_jul
24,1786.9057,mp_jul
24,1787.2054,mp_jul
9,1787.5052,mp_jul
14,1787.805,mp_jul
2,1788.1048,mp_jul
4,1788.4045,mp_jul
11,1788.7044,mp_jul
12,1789.0042,mp_jul
12,1789.304,mp_jul
12,1789.6037,mp_jul
6,1789.9035,mp_jul
6,1790.2033,mp_jul
6,1790.503,mp_jul
12,1790.8029,mp_jul
12,1791.1027,mp_jul
7,1791.4025,mp_jul
4,1791.7023,mp_jul
12,1792.002,mp_jul
12,1792.3019,mp_jul
4,1792.6017,mp_jul
4,1792.9014,mp_jul
4,1793.2012,mp_jul
4,1793.501,mp_jul
4,1793.8008,mp_jul
2,1794.1006,mp_jul
5,1794.4004,mp_jul
5,1794.7002,mp_jul
11,1795.0,mp_jul
11,1795.2997,mp_jul
6,1795.5995,mp_jul
6,1795.8993,mp_jul
6,1796.1991,mp_jul
6,1796.4989,mp_jul
6,1796.7987,mp_jul
12,1797.0985,mp_jul
4,1797.3983,mp_jul
12,1797.698,mp_jul
7,1797.9979,mp_jul
4,1798.2977,mp_jul
12,1798.5974,mp_jul
2,1798.8972,mp_jul
2,1799.197,mp_jul
5,1799.4968,mp_jul
11,1799.7966,mp_jul
10,1800.0964,mp_jul
6,1800.3962,mp_jul
12,1800.6959,mp_jul
12,1800.9957,mp_jul
17,1801.2956,mp_jul
7,1801.5954,mp_jul
6,1801.8951,mp_jul
6,1802.1949,mp_jul
10,1802.4947,mp_jul
6,1802.7945,mp_jul
7,1803.0942,mp_jul
12,1803.3941,mp_jul
6,1803.6939,mp_jul
6,1803.9936,mp_jul
6,1804.2935,mp_jul
2,1804.5932,mp_jul
15,1804.893,mp_jul
15,1805.1928,mp_jul
4,1805.4926,mp_jul
12,1805.7924,mp_jul
2,1806.0922,mp_jul
15,1806.3921,mp_jul
15,1806.6918,mp_jul
15,1806.9916,mp_jul
12,1807.2913,mp_jul
4,1807.5912,mp_jul
4,1807.8909,mp_jul
6,1808.1907,mp_jul
6,1808.4905,mp_jul
6,1808.7903,mp_jul
10,1809.0901,mp_jul
20,1809.3899,mp_jul
7,1809.6897,mp_jul
7,1809.9895,mp_jul
20,1810.2892,mp_jul
2,1810.5891,mp_jul
4,1810.8888,mp_jul
10,1811.1895,mp_jul
6,1811.4884,mp_jul
6,1811.7882,mp_jul
6,1812.088,mp_jul
6,1812.3878,mp_jul
6,1812.6876,mp_jul
2,1812.9874,mp_jul
11,1813.2872,mp_jul
2,1813.587,mp_jul
2,1813.8868,mp_jul
3,1814.1866,mp_jul
11,1814.4863,mp_jul
1,1814.7861,mp_jul
1,1815.0859,mp_jul
4,1815.3857,mp_jul
11,1815.6855,mp_jul
11,1815.9853,mp_jul
4,1816.2851,mp_jul
4,1816.5849,mp_jul
4,1816.8847,mp_jul
4,1817.1845,mp_jul
17,1817.4843,mp_jul
4,1817.7841,mp_jul
12,1818.0838,mp_jul
2,1818.3836,mp_jul
4,1818.6835,mp_jul
4,1818.9832,mp_jul
11,1819.283,mp_jul
3,1819.5828,mp_jul
3,1819.8826,mp_jul
1,1820.1824,mp_jul
3,1820.4821,mp_jul
1,1820.782,mp_jul
7,1821.0818,mp_jul
2,1821.3816,mp_jul
6,1821.6813,mp_jul
12,1821.9811,mp_jul
10,1822.2809,mp_jul
2,1822.5807,mp_jul
6,1822.8805,mp_jul
6,1823.1803,mp_jul
6,1823.4801,mp_jul
6,1823.7799,mp_jul
2,1824.0797,mp_jul
5,1824.3795,mp_jul
5,1824.6793,mp_jul
5,1824.9791,mp_jul
11,1825.2789,mp_jul
1,1825.5786,mp_jul
1,1825.8784,mp_jul
1,1826.1782,mp_jul
15,1826.478,mp_jul
15,1827.0776,mp_jul
15,1827.3774,mp_jul
12,1827.6772,mp_jul
17,1827.9769,mp_jul
15,1828.2767,mp_jul
15,1828.5766,mp_jul
15,1828.8764,mp_jul
15,1829.1761,mp_jul
1,1829.4759,mp_jul
11,1829.7757,mp_jul
4,1830.0755,mp_jul
4,1830.3753,mp_jul
6,1830.6751,mp_jul
6,1830.9749,mp_jul
6,1831.2746,mp_jul
2,1831.5745,mp_jul
15,1831.8743,mp_jul
15,1832.1741,mp_jul
22,1832.4738,mp_jul
22,1832.7736,mp_jul
14,1833.0733,mp_jul
18,1833.3732,mp_jul
11,1833.673,mp_jul
10,1833.9727,mp_jul
10,1834.2726,mp_jul
20,1834.5724,mp_jul
20,1834.8722,mp_jul
10,1835.172,mp_jul
11,1835.4717,mp_jul
12,1835.7715,mp_jul
1,1836.0713,mp_jul
3,1836.371,mp_jul
1,1836.6709,mp_jul
7,1836.9706,mp_jul
1,1837.2704,mp_jul
2,1837.5703,mp_jul
14,1837.87,mp_jul
14,1838.1699,mp_jul
14,1838.4697,mp_jul
14,1838.7694,mp_jul
16,1839.0692,mp_jul
1,1839.369,mp_jul
3,1839.6688,mp_jul
1,1839.9685,mp_jul
3,1840.2684,mp_jul
1,1840.5682,mp_jul
12,1840.8679,mp_jul
12,1841.1677,mp_jul
2,1841.4675,mp_jul
2,1841.7673,mp_jul
4,1842.0671,mp_jul
4,1842.3669,mp_jul
12,1842.6667,mp_jul
12,1842.9665,mp_jul
4,1843.2663,mp_jul
12,1843.566,mp_jul
4,1843.8658,mp_jul
4,1844.1657,mp_jul
4,1844.4654,mp_jul
2,1844.7652,mp_jul
12,1845.065,mp_jul
4,1845.3648,mp_jul
4,1845.6646,mp_jul
12,1845.9644,mp_jul
1,1846.2642,mp_jul
1,1846.5639,mp_jul
11,1846.8638,mp_jul
11,1847.1636,mp_jul
11,1847.4634,mp_jul
1,1847.7632,mp_jul
18,1848.063,mp_jul
3,1848.3628,mp_jul
11,1848.6626,mp_jul
2,1848.9624,mp_jul
6,1849.2622,mp_jul
6,1849.562,mp_jul
12,1849.8618,mp_jul
10,1850.1615,mp_jul
10,1850.4613,mp_jul
6,1850.7611,mp_jul
6,1851.0609,mp_jul
6,1851.3606,mp_jul
10,1851.6604,mp_jul
2,1851.9603,mp_jul
2,1852.2601,mp_jul
2,1852.5599,mp_jul
5,1852.8596,mp_jul
11,1853.1594,mp_jul
11,1853.4592,mp_jul
11,1853.759,mp_jul
11,1854.0588,mp_jul
2,1854.3586,mp_jul
15,1854.6584,mp_jul
4,1854.9582,mp_jul
4,1855.258,mp_jul
2,1855.5578,mp_jul
2,1855.8575,mp_jul
1,1856.1574,mp_jul
4,1856.4572,mp_jul
6,1856.757,mp_jul
6,1857.0568,mp_jul
10,1857.3565,mp_jul
6,1857.6564,mp_jul
10,1857.9561,mp_jul
6,1858.2559,mp_jul
6,1858.5557,mp_jul
10,1858.8555,mp_jul
20,1859.1552,mp_jul
3,1859.455,mp_jul
1,1859.7548,mp_jul
2,1860.0546,mp_jul
6,1860.3544,mp_jul
6,1860.6542,mp_jul
7,1860.954,mp_jul
6,1861.2538,mp_jul
10,1861.5536,mp_jul
6,1861.8533,mp_jul
11,1862.1532,mp_jul
10,1862.4529,mp_jul
11,1862.7526,mp_jul
2,1863.0525,mp_jul
2,1863.3523,mp_jul
1,1863.652,mp_jul
11,1863.9519,mp_jul
3,1864.2516,mp_jul
1,1864.5514,mp_jul
17,1864.8512,mp_jul
7,1865.151,mp_jul
5,1865.4508,mp_jul
5,1865.7506,mp_jul
2,1866.0504,mp_jul
1,1866.3501,mp_jul
3,1866.65,mp_jul
14,1866.9497,mp_jul
14,1867.2495,mp_jul
14,1867.5493,mp_jul
14,1867.8491,mp_jul
14,1868.1533,mp_jul
14,1868.4487,mp_jul
14,1868.7485,mp_jul
14,1869.0483,mp_jul
14,1869.3481,mp_jul
14,1869.6479,mp_jul
14,1869.9476,mp_jul
14,1870.2475,mp_jul
1,1870.5472,mp_jul
2,1870.8471,mp_jul
7,1871.1469,mp_jul
7,1871.4466,mp_jul
11,1871.7464,mp_jul
11,1872.0462,mp_jul
4,1872.346,mp_jul
4,1872.6458,mp_jul
11,1872.9456,mp_jul
4,1873.2454,mp_jul
4,1873.5452,mp_jul
2,1873.845,mp_jul
12,1874.1447,mp_jul
7,1874.4446,mp_jul
17,1874.7444,mp_jul
12,1875.0441,mp_jul
12,1875.344,mp_jul
4,1875.6437,mp_jul
4,1875.9435,mp_jul
3,1876.2433,mp_jul
11,1876.5431,mp_jul
5,1876.8429,mp_jul
5,1877.1426,mp_jul
1,1877.4424,mp_jul
1,1877.7423,mp_jul
14,1878.042,mp_jul
14,1878.3418,mp_jul
14,1878.6416,mp_jul
14,1878.9414,mp_jul
14,1879.2411,mp_jul
14,1879.541,mp_jul
14,1879.8416,mp_jul
14,1880.1405,mp_jul
14,1880.4404,mp_jul
25,1880.7401,mp_jul
3,1881.0399,mp_jul
5,1881.3397,mp_jul
1,1881.6395,mp_jul
14,1881.9393,mp_jul
14,1882.5389,mp_jul
5,1882.8387,mp_jul
5,1883.1384,mp_jul
3,1883.4382,mp_jul
1,1883.7381,mp_jul
3,1884.0378,mp_jul
22,1884.3376,mp_jul
5,1884.6374,mp_jul
14,1884.9372,mp_jul
14,1885.237,mp_jul
14,1885.5368,mp_jul
14,1885.8366,mp_jul
14,1886.1364,mp_jul
1,1886.4362,mp_jul
1,1886.736,mp_jul
1,1887.0358,mp_jul
17,1887.3356,mp_jul
7,1887.6353,mp_jul
1,1887.9351,mp_jul
14,1888.2349,mp_jul
14,1888.5347,mp_jul
25,1888.8345,mp_jul
25,1889.1343,mp_jul
20,1889.4341,mp_jul
10,1889.7339,mp_jul
6,1890.0337,mp_jul
12,1890.3334,mp_jul
6,1890.6333,mp_jul
10,1890.933,mp_jul
3,1891.2328,mp_jul
3,1891.5325,mp_jul
1,1891.8323,mp_jul
20,1892.1321,mp_jul
20,1892.432,mp_jul
12,1892.7318,mp_jul
12,1893.0316,mp_jul
12,1893.3314,mp_jul
1,1893.6312,mp_jul
20,1893.931,mp_jul
20,1894.2307,mp_jul
10,1894.5306,mp_jul
10,1894.8303,mp_jul
12,1895.1301,mp_jul
7,1895.4298,mp_jul
6,1895.7297,mp_jul
6,1896.0295,mp_jul
20,1896.3293,mp_jul
3,1896.629,mp_jul
3,1896.9288,mp_jul
5,1897.2287,mp_jul
5,1897.5285,mp_jul
11,1897.8282,mp_jul
4,1898.1281,mp_jul
11,1898.4278,mp_jul
12,1898.7276,mp_jul
4,1899.0274,mp_jul
4,1899.3272,mp_jul
12,1899.627,mp_jul
4,1899.9268,mp_jul
4,1900.2266,mp_jul
4,1900.5264,mp_jul
4,1900.8261,mp_jul
2,1901.126,mp_jul
15,1901.4257,mp_jul
15,1901.7255,mp_jul
18,1902.0253,mp_jul
1,1902.3251,mp_jul
3,1902.6249,mp_jul
3,1902.9247,mp_jul
5,1903.2244,mp_jul
11,1903.5242,mp_jul
10,1903.8262,mp_jul
10,1904.1239,mp_jul
10,1904.4236,mp_jul
1,1904.7234,mp_jul
1,1905.0233,mp_jul
1,1905.3231,mp_jul
16,1905.6228,mp_jul
3,1905.9226,mp_jul
1,1906.2224,mp_jul
3,1907.1218,mp_jul
5,1907.4216,mp_jul
3,1907.7214,mp_jul
5,1908.0212,mp_jul
1,1908.3209,mp_jul
4,1908.6207,mp_jul
2,1908.9205,mp_jul
4,1909.2203,mp_jul
1,1909.5201,mp_jul
12,1909.8199,mp_jul
12,1910.1197,mp_jul
7,1910.4194,mp_jul
11,1910.7193,mp_jul
1,1911.0191,mp_jul
7,1911.3188,mp_jul
1,1911.6186,mp_jul
12,1911.9184,mp_jul
11,1912.2182,mp_jul
1,1912.518,mp_jul
12,1912.8178,mp_jul
2,1913.1176,mp_jul
2,1913.4174,mp_jul
11,1913.7172,mp_jul
1,1914.017,mp_jul
11,1914.3168,mp_jul
11,1914.6166,mp_jul
15,1914.9164,mp_jul
15,1915.2162,mp_jul
15,1915.516,mp_jul
2,1915.8158,mp_jul
15,1916.1155,mp_jul
18,1916.4153,mp_jul
25,1916.7151,mp_jul
5,1917.0149,mp_jul
1,1917.3147,mp_jul
1,1917.6144,mp_jul
1,1917.9142,mp_jul
14,1918.214,mp_jul
1,1918.5138,mp_jul
1,1918.8136,mp_jul
11,1919.1134,mp_jul
10,1919.4132,mp_jul
3,1919.713,mp_jul
14,1920.0127,mp_jul
16,1920.3125,mp_jul
14,1920.6124,mp_jul
14,1920.9121,mp_jul
3,1921.2119,mp_jul
1,1921.5118,mp_jul
25,1921.8115,mp_jul
3,1922.1113,mp_jul
3,1922.4111,mp_jul
1,1922.7109,mp_jul
1,1923.0107,mp_jul
6,1923.3105,mp_jul
6,1923.6103,mp_jul
4,1923.9101,mp_jul
12,1924.2099,mp_jul
2,1924.5096,mp_jul
4,1924.8094,mp_jul
10,1925.1092,mp_jul
10,1925.409,mp_jul
2,1925.7088,mp_jul
2,1926.0086,mp_jul
2,1926.3085,mp_jul
11,1926.6082,mp_jul
11,1926.908,mp_jul
4,1927.2078,mp_jul
4,1927.5076,mp_jul
10,1927.8073,mp_jul
6,1928.1071,mp_jul
10,1928.4069,mp_jul
6,1928.7067,mp_jul
2,1929.0066,mp_jul
5,1929.3064,mp_jul
3,1929.6061,mp_jul
18,1929.9059,mp_jul
16,1930.2056,mp_jul
16,1930.5054,mp_jul
3,1930.8053,mp_jul
11,1931.1051,mp_jul
11,1931.4049,mp_jul
15,1931.7047,mp_jul
15,1932.0045,mp_jul
4,1932.3042,mp_jul
10,1932.604,mp_jul
10,1932.9038,mp_jul
2,1933.2036,mp_jul
6,1933.5034,mp_jul
6,1933.8032,mp_jul
6,1934.103,mp_jul
6,1934.4027,mp_jul
8,1934.7025,mp_jul
6,1935.0023,mp_jul
6,1935.3021,mp_jul
6,1935.6019,mp_jul
6,1935.9017,mp_jul
17,1936.2015,mp_jul
6,1936.5013,mp_jul
10,1936.8011,mp_jul
4,1937.1008,mp_jul
2,1937.4007,mp_jul
2,1937.7004,mp_jul
10,1938.0002,mp_jul
6,1938.3,mp_jul
6,1938.5998,mp_jul
6,1938.8996,mp_jul
2,1939.1995,mp_jul
15,1939.4992,mp_jul
15,1939.799,mp_jul
4,1940.0988,mp_jul
6,1940.3986,mp_jul
6,1940.6983,mp_jul
6,1940.9981,mp_jul
12,1941.2979,mp_jul
6,1941.5977,mp_jul
17,1941.8975,mp_jul
6,1942.1972,mp_jul
6,1942.4971,mp_jul
2,1942.7969,mp_jul
2,1943.0967,mp_jul
18,1943.3964,mp_jul
11,1943.6962,mp_jul
11,1943.996,mp_jul
11,1944.2957,mp_jul
5,1944.5956,mp_jul
22,1944.8954,mp_jul
9,1945.1951,mp_jul
22,1945.4949,mp_jul
18,1945.7948,mp_jul
22,1946.0945,mp_jul
22,1946.3943,mp_jul
18,1946.6941,mp_jul
18,1946.9939,mp_jul
18,1947.2937,mp_jul
18,1947.5935,mp_jul
22,1947.8933,mp_jul
5,1948.1931,mp_jul
15,1948.4928,mp_jul
18,1948.7927,mp_jul
18,1949.0924,mp_jul
18,1949.3922,mp_jul
18,1949.692,mp_jul
22,1949.9918,mp_jul
18,1950.2916,mp_jul
18,1950.5914,mp_jul
2,1950.8912,mp_jul
18,1951.1909,mp_jul
5,1951.4908,mp_jul
18,1951.7906,mp_jul
18,1952.0903,mp_jul
22,1952.39,mp_jul
22,1952.6899,mp_jul
22,1952.9897,mp_jul
18,1953.2895,mp_jul
18,1953.5892,mp_jul
18,1953.8891,mp_jul
3,1954.1888,mp_jul
5,1954.4886,mp_jul
2,1954.7884,mp_jul
15,1955.0882,mp_jul
1,1955.388,mp_jul
11,1955.6877,mp_jul
1,1955.9876,mp_jul
11,1956.2873,mp_jul
4,1956.5871,mp_jul
4,1956.8869,mp_jul
6,1957.1867,mp_jul
6,1957.4865,mp_jul
3,1957.7864,mp_jul
14,1958.0861,mp_jul
3,1958.3859,mp_jul
3,1958.6857,mp_jul
11,1958.9854,mp_jul
6,1959.2852,mp_jul
10,1959.585,mp_jul
6,1959.8848,mp_jul
10,1960.1846,mp_jul
2,1960.4844,mp_jul
2,1960.7842,mp_jul
10,1961.084,mp_jul
20,1961.3838,mp_jul
25,1961.6836,mp_jul
3,1961.9834,mp_jul
11,1962.2831,mp_jul
1,1962.5829,mp_jul
10,1962.8871,mp_jul
10,1963.1825,mp_jul
6,1963.4822,mp_jul
1,1963.782,mp_jul
8,1964.0818,mp_jul
7,1964.3817,mp_jul
20,1964.6815,mp_jul
20,1964.9813,mp_jul
6,1965.281,mp_jul
1,1965.5808,mp_jul
3,1965.8806,mp_jul
5,1966.1804,mp_jul
3,1966.4802,mp_jul
5,1966.78,mp_jul
14,1967.0798,mp_jul
16,1967.3796,mp_jul
16,1967.6794,mp_jul
16,1967.9791,mp_jul
3,1968.2789,mp_jul
16,1968.5787,mp_jul
16,1968.8786,mp_jul
3,1969.1783,mp_jul
2,1969.4781,mp_jul
11,1969.7779,mp_jul
5,1970.0776,mp_jul
11,1970.3774,mp_jul
5,1970.6772,mp_jul
11,1970.977,mp_jul
11,1971.2767,mp_jul
15,1971.5766,mp_jul
15,1971.8764,mp_jul
15,1972.1761,mp_jul
15,1972.476,mp_jul
2,1972.7758,mp_jul
5,1973.0756,mp_jul
15,1973.3753,mp_jul
11,1973.6752,mp_jul
4,1973.9749,mp_jul
11,1974.2747,mp_jul
3,1974.5745,mp_jul
5,1974.8742,mp_jul
5,1975.174,mp_jul
1,1975.4739,mp_jul
11,1975.7737,mp_jul
12,1976.0734,mp_jul
12,1976.3732,mp_jul
12,1976.6731,mp_jul
8,1976.9728,mp_jul
7,1977.2726,mp_jul
1,1977.5724,mp_jul
11,1977.8722,mp_jul
11,1978.172,mp_jul
12,1978.4718,mp_jul
10,1978.7716,mp_jul
10,1979.0714,mp_jul
6,1979.3711,mp_jul
6,1979.6709,mp_jul
6,1979.9708,mp_jul
6,1980.2705,mp_jul
6,1980.5703,mp_jul
10,1980.8701,mp_jul
16,1981.1699,mp_jul
20,1981.4697,mp_jul
3,1981.7694,mp_jul
14,1982.0692,mp_jul
25,1982.3691,mp_jul
5,1982.6688,mp_jul
3,1982.9686,mp_jul
5,1983.2684,mp_jul
17,1983.5682,mp_jul
7,1983.868,mp_jul
20,1984.1678,mp_jul
10,1984.4676,mp_jul
6,1984.7673,mp_jul
10,1985.0671,mp_jul
10,1985.3669,mp_jul
16,1985.6667,mp_jul
16,1985.9665,mp_jul
3,1986.2663,mp_jul
18,1986.5661,mp_jul
5,1986.8659,mp_jul
22,1987.1657,mp_jul
14,1987.4655,mp_jul
14,1987.7652,mp_jul
16,1988.0672,mp_jul
5,1988.3648,mp_jul
14,1988.6646,mp_jul
16,1988.9644,mp_jul
16,1989.2642,mp_jul
16,1989.564,mp_jul
14,1989.8638,mp_jul
16,1990.1636,mp_jul
14,1990.4634,mp_jul
16,1990.7632,mp_jul
16,1991.063,mp_jul
14,1991.3627,mp_jul
16,1991.6625,mp_jul
16,1991.9623,mp_jul
16,1992.2621,mp_jul
16,1992.5619,mp_jul
18,1992.8617,mp_jul
9,1993.1614,mp_jul
9,1993.4612,mp_jul
9,1993.7611,mp_jul
23,1994.0608,mp_jul
9,1994.3606,mp_jul
9,1994.6604,mp_jul
9,1994.9602,mp_jul
9,1995.2599,mp_jul
16,1995.5597,mp_jul
16,1995.8595,mp_jul
16,1996.1637,mp_jul
5,1996.4591,mp_jul
3,1996.7589,mp_jul
20,1997.0587,mp_jul
20,1997.3585,mp_jul
3,1997.6583,mp_jul
5,1997.9581,mp_jul
10,1998.2579,mp_jul
4,1998.5577,mp_jul
12,1998.8584,mp_jul
12,1999.1572,mp_jul
22,2000.0567,mp_jul
19,2000.3564,mp_jul
19,2000.6562,mp_jul
19,2000.956,mp_jul
19,2001.2557,mp_jul
19,2001.5556,mp_jul
19,2001.8554,mp_jul
9,2002.1552,mp_jul
25,2002.4549,mp_jul
14,2002.7547,mp_jul
14,2003.0545,mp_jul
9,2003.3543,mp_jul
22,2003.6541,mp_jul
18,2003.9539,mp_jul
18,2004.2537,mp_jul
8,2004.5535,mp_jul
18,2004.8533,mp_jul
25,2005.153,mp_jul
18,2005.4528,mp_jul
18,2005.7526,mp_jul
22,2006.0524,mp_jul
1,2006.3523,mp_jul
2,2006.6521,mp_jul
16,2006.9518,mp_jul
16,2007.2516,mp_jul
16,2007.5513,mp_jul
16,2007.8512,mp_jul
14,2008.1509,mp_jul
3,2008.4508,mp_jul
1,2008.7506,mp_jul
5,2009.0503,mp_jul
3,2009.35,mp_jul
11,2009.6499,mp_jul
1,2009.9497,mp_jul
11,2010.2495,mp_jul
11,2010.5493,mp_jul
4,2010.8491,mp_jul
4,2011.1488,mp_jul
11,2011.4487,mp_jul
3,2011.7484,mp_jul
1,2012.0482,mp_jul
17,2012.348,mp_jul
17,2012.6478,mp_jul
11,2012.9476,mp_jul
1,2013.2474,mp_jul
8,2013.5472,mp_jul
17,2013.8469,mp_jul
7,2014.1468,mp_jul
11,2014.4466,mp_jul
5,2014.7463,mp_jul
2,2015.0461,mp_jul
3,2015.3459,mp_jul
1,2015.6457,mp_jul
5,2015.9454,mp_jul
3,2016.2453,mp_jul
4,2016.5451,mp_jul
4,2016.8449,mp_jul
2,2017.1447,mp_jul
2,2017.4444,mp_jul
2,2017.7442,mp_jul
16,2018.044,mp_jul
14,2018.3446,mp_jul
3,2018.6436,mp_jul
7,2018.9434,mp_jul
11,2019.2432,mp_jul
4,2019.543,mp_jul
1,2019.8428,mp_jul
1,2020.1425,mp_jul
11,2020.4423,mp_jul
3,2020.7421,mp_jul
18,2021.0419,mp_jul
23,2021.3417,mp_jul
23,2021.6415,mp_jul
23,2021.9412,mp_jul
23,2022.241,mp_jul
23,2022.5409,mp_jul
23,2022.8407,mp_jul
23,2023.1404,mp_jul
23,2023.4402,mp_jul
23,2023.74,mp_jul
22,2024.0397,mp_jul
15,2024.3396,mp_jul
15,2024.6393,mp_jul
4,2024.9391,mp_jul
11,2025.239,mp_jul
2,2025.5388,mp_jul
4,2025.8386,mp_jul
4,2026.1383,mp_jul
4,2026.4381,mp_jul
12,2026.7379,mp_jul
12,2027.0377,mp_jul
5,2027.3375,mp_jul
3,2027.6372,mp_jul
18,2027.937,mp_jul
8,2028.2368,mp_jul
7,2028.5366,mp_jul
15,2028.8364,mp_jul
4,2029.1362,mp_jul
4,2029.436,mp_jul
4,2029.7358,mp_jul
4,2030.0356,mp_jul
4,2030.3354,mp_jul
4,2030.6352,mp_jul
4,2030.9349,mp_jul
4,2031.2347,mp_jul
4,2031.5345,mp_jul
4,2031.8343,mp_jul
12,2032.1341,mp_jul
5,2032.4339,mp_jul
14,2032.7336,mp_jul
3,2033.0335,mp_jul
18,2033.3333,mp_jul
2,2033.633,mp_jul
4,2033.9329,mp_jul
11,2034.2326,mp_jul
4,2034.5324,mp_jul
4,2034.8322,mp_jul
8,2035.132,mp_jul
7,2035.4317,mp_jul
17,2035.7316,mp_jul
7,2036.0314,mp_jul
12,2036.3311,mp_jul
2,2036.631,mp_jul
2,2036.9308,mp_jul
11,2037.2306,mp_jul
5,2037.5304,mp_jul
3,2037.8301,mp_jul
16,2038.1299,mp_jul
5,2038.4297,mp_jul
14,2038.7295,mp_jul
5,2039.0292,mp_jul
1,2039.3291,mp_jul
1,2039.6289,mp_jul
1,2039.9287,mp_jul
3,2040.2284,mp_jul
12,2040.5282,mp_jul
17,2040.8281,mp_jul
7,2041.1279,mp_jul
17,2041.4276,mp_jul
8,2041.7274,mp_jul
1,2042.0272,mp_jul
3,2042.327,mp_jul
1,2042.6268,mp_jul
8,2042.9266,mp_jul
12,2043.2265,mp_jul
3,2043.5261,mp_jul
16,2043.8259,mp_jul
16,2044.1257,mp_jul
3,2044.4255,mp_jul
1,2044.7252,mp_jul
11,2045.0251,mp_jul
11,2045.3293,mp_jul
11,2045.6246,mp_jul
17,2045.9245,mp_jul
8,2046.2242,mp_jul
5,2046.524,mp_jul
1,2046.8238,mp_jul
1,2047.1236,mp_jul
5,2047.4234,mp_jul
2,2047.7232,mp_jul
11,2048.023,mp_jul
11,2048.3228,mp_jul
1,2048.6226,mp_jul
4,2048.9224,mp_jul
11,2049.2222,mp_jul
11,2049.5219,mp_jul
1,2049.8218,mp_jul
14,2050.1215,mp_jul
18,2050.4213,mp_jul
18,2050.7211,mp_jul
5,2051.0209,mp_jul
1,2051.3207,mp_jul
14,2051.6205,mp_jul
14,2051.9203,mp_jul
5,2052.2201,mp_jul
5,2052.5199,mp_jul
1,2052.8197,mp_jul
4,2053.1195,mp_jul
12,2053.4192,mp_jul
7,2053.719,mp_jul
8,2054.0188,mp_jul
13,2054.3186,mp_jul
8,2054.6184,mp_jul
7,2054.9182,mp_jul
2,2055.218,mp_jul
11,2055.5178,mp_jul
1,2055.8176,mp_jul
4,2056.1174,mp_jul
11,2056.4172,mp_jul
11,2056.7169,mp_jul
4,2057.0167,mp_jul
2,2057.3165,mp_jul
18,2057.6163,mp_jul
18,2057.9161,mp_jul
18,2058.2159,mp_jul
18,2058.5157,mp_jul
11,2058.8155,mp_jul
2,2059.1153,mp_jul
2,2059.4151,mp_jul
1,2059.7149,mp_jul
20,2060.0147,mp_jul
20,2060.3145,mp_jul
20,2060.6142,mp_jul
20,2060.914,mp_jul
10,2061.2138,mp_jul
12,2061.5136,mp_jul
11,2061.8133,mp_jul
12,2062.1132,mp_jul
12,2062.4129,mp_jul
11,2062.7128,mp_jul
5,2063.0125,mp_jul
2,2063.3124,mp_jul
5,2063.6121,mp_jul
5,2063.912,mp_jul
3,2064.2117,mp_jul
15,2064.5115,mp_jul
15,2064.8113,mp_jul
11,2065.1111,mp_jul
11,2065.4109,mp_jul
15,2065.7107,mp_jul
18,2066.0105,mp_jul
18,2066.3102,mp_jul
18,2066.61,mp_jul
15,2066.9098,mp_jul
5,2067.2097,mp_jul
18,2067.5094,mp_jul
25,2067.8092,mp_jul
14,2068.109,mp_jul
5,2068.4088,mp_jul
1,2068.7086,mp_jul
3,2069.0084,mp_jul
18,2069.3082,mp_jul
5,2069.608,mp_jul
18,2069.9078,mp_jul
18,2070.2076,mp_jul
8,2070.5074,mp_jul
26,2070.8071,mp_jul
8,2071.1069,mp_jul
22,2071.4068,mp_jul
18,2071.7066,mp_jul
15,2072.0064,mp_jul
11,2072.3061,mp_jul
15,2072.6059,mp_jul
3,2072.9057,mp_jul
18,2073.2055,mp_jul
5,2073.5053,mp_jul
13,2073.8051,mp_jul
7,2074.1049,mp_jul
15,2074.4046,mp_jul
15,2074.7044,mp_jul
5,2075.0042,mp_jul
22,2075.304,mp_jul
5,2075.6039,mp_jul
18,2075.9036,mp_jul
18,2076.2034,mp_jul
5,2076.5032,mp_jul
5,2076.803,mp_jul
5,2077.1028,mp_jul
3,2077.4026,mp_jul
3,2077.7024,mp_jul
5,2078.0021,mp_jul
2,2078.302,mp_jul
2,2078.6018,mp_jul
5,2078.9015,mp_jul
2,2079.2034,mp_jul
10,2079.5011,mp_jul
3,2079.8009,mp_jul
1,2080.1007,mp_jul
11,2080.4005,mp_jul
11,2080.7003,mp_jul
1,2081.0001,mp_jul
11,2081.2999,mp_jul
4,2081.5996,mp_jul
12,2081.8995,mp_jul
17,2082.1992,mp_jul
8,2082.499,mp_jul
7,2082.7989,mp_jul
12,2083.0986,mp_jul
12,2083.3984,mp_jul
5,2083.6982,mp_jul
2,2083.998,mp_jul
3,2084.2978,mp_jul
5,2084.5975,mp_jul
11,2084.8973,mp_jul
3,2085.1971,mp_jul
16,2085.4969,mp_jul
5,2085.7967,mp_jul
14,2086.0964,mp_jul
14,2086.3962,mp_jul
1,2086.696,mp_jul
5,2086.9959,mp_jul
5,2087.2956,mp_jul
5,2087.5955,mp_jul
2,2087.8952,mp_jul
2,2088.195,mp_jul
2,2088.4948,mp_jul
15,2088.7946,mp_jul
15,2089.0943,mp_jul
15,2089.3942,mp_jul
15,2089.694,mp_jul
1,2089.9938,mp_jul
18,2090.2936,mp_jul
18,2090.5934,mp_jul
1,2090.8975,mp_jul
1,2091.1929,mp_jul
7,2091.4927,mp_jul
1,2091.7925,mp_jul
12,2092.0924,mp_jul
7,2092.3921,mp_jul
8,2092.6919,mp_jul
8,2092.9917,mp_jul
11,2093.2915,mp_jul
11,2093.5913,mp_jul
12,2093.891,mp_jul
10,2094.1909,mp_jul
14,2094.4907,mp_jul
14,2094.7904,mp_jul
1,2095.0902,mp_jul
7,2095.3901,mp_jul
5,2095.6898,mp_jul
5,2095.9896,mp_jul
1,2096.2894,mp_jul
5,2096.5892,mp_jul
7,2096.889,mp_jul
3,2097.1888,mp_jul
11,2097.4885,mp_jul
12,2098.388,mp_jul
17,2098.6877,mp_jul
17,2098.9875,mp_jul
3,2099.2873,mp_jul
1,2099.5871,mp_jul
5,2099.8869,mp_jul
16,2100.1866,mp_jul
25,2100.4865,mp_jul
3,2100.7863,mp_jul
18,2101.086,mp_jul
18,2101.3858,mp_jul
11,2101.6856,mp_jul
15,2101.9855,mp_jul
15,2102.2852,mp_jul
15,2102.585,mp_jul
2,2102.8848,mp_jul
6,2103.1846,mp_jul
6,2103.4844,mp_jul
6,2103.7842,mp_jul
2,2104.084,mp_jul
6,2104.4088,mp_jul
12,2104.6836,mp_jul
6,2104.9834,mp_jul
6,2105.2832,mp_jul
6,2105.5829,mp_jul
6,2105.8828,mp_jul
6,2106.1825,mp_jul
2,2106.4823,mp_jul
14,2106.782,mp_jul
14,2107.0819,mp_jul
14,2107.3817,mp_jul
1,2107.6815,mp_jul
3,2107.9813,mp_jul
18,2108.2811,mp_jul
18,2108.5809,mp_jul
18,2108.8807,mp_jul
18,2109.1804,mp_jul
18,2109.4802,mp_jul
22,2109.78,mp_jul
22,2110.0798,mp_jul
18,2110.3796,mp_jul
11,2110.6793,mp_jul
11,2110.9791,mp_jul
6,2111.2789,mp_jul
6,2111.5788,mp_jul
6,2111.8786,mp_jul
6,2112.1783,mp_jul
6,2112.4781,mp_jul
6,2112.7779,mp_jul
10,2113.0777,mp_jul
10,2113.3775,mp_jul
6,2113.6772,mp_jul
6,2113.9771,mp_jul
6,2114.2768,mp_jul
2,2114.5766,mp_jul
2,2114.8765,mp_jul
11,2115.1762,mp_jul
11,2115.476,mp_jul
1,2115.7758,mp_jul
11,2116.0756,mp_jul
1,2116.3754,mp_jul
5,2116.6752,mp_jul
5,2116.975,mp_jul
11,2117.2747,mp_jul
11,2117.5746,mp_jul
11,2117.8744,mp_jul
4,2118.1742,mp_jul
4,2118.4739,mp_jul
12,2118.7737,mp_jul
12,2119.0735,mp_jul
17,2119.6731,mp_jul
8,2119.9729,mp_jul
13,2120.2727,mp_jul
8,2120.5725,mp_jul
12,2120.8722,mp_jul
10,2121.1721,mp_jul
10,2121.4718,mp_jul
6,2121.7716,mp_jul
6,2122.0714,mp_jul
17,2122.3712,mp_jul
13,2122.671,mp_jul
13,2122.9725,mp_jul
13,2123.2706,mp_jul
17,2123.5703,mp_jul
20,2123.8701,mp_jul
2,2124.1699,mp_jul
6,2124.4698,mp_jul
6,2124.7695,mp_jul
6,2125.0693,mp_jul
6,2125.3691,mp_jul
6,2125.6689,mp_jul
6,2125.9687,mp_jul
6,2126.2685,mp_jul
2,2126.5683,mp_jul
6,2126.8681,mp_jul
6,2127.1678,mp_jul
1,2127.457,mp_jul
4,2127.7568,mp_jul
11,2128.0565,mp_jul
14,2128.3564,mp_jul
14,2128.6562,mp_jul
1,2128.9559,mp_jul
2,2129.2557,mp_jul
15,2129.5555,mp_jul
15,2129.8553,mp_jul
15,2130.1551,mp_jul
2,2130.4549,mp_jul
11,2130.7547,mp_jul
15,2131.0545,mp_jul
15,2131.3543,mp_jul
15,2131.6541,mp_jul
4,2131.9539,mp_jul
4,2132.2536,mp_jul
4,2132.5534,mp_jul
6,2132.8532,mp_jul
10,2133.153,mp_jul
6,2133.4528,mp_jul
6,2133.7526,mp_jul
10,2134.0524,mp_jul
6,2134.3522,mp_jul
20,2134.652,mp_jul
1,2134.9517,mp_jul
20,2135.2515,mp_jul
14,2135.5514,mp_jul
14,2135.8511,mp_jul
5,2136.1509,mp_jul
14,2136.4507,mp_jul
14,2136.7505,mp_jul
2,2137.0503,mp_jul
1,2137.35,mp_jul
7,2137.6499,mp_jul
3,2137.9496,mp_jul
11,2138.2494,mp_jul
7,2138.5492,mp_jul
8,2138.849,mp_jul
13,2139.1488,mp_jul
17,2139.4486,mp_jul
2,2139.7484,mp_jul
2,2140.0482,mp_jul
5,2140.348,mp_jul
11,2140.6478,mp_jul
5,2140.9476,mp_jul
11,2141.2473,mp_jul
2,2141.5471,mp_jul
15,2141.8469,mp_jul
15,2142.1467,mp_jul
11,2142.4465,mp_jul
11,2142.7463,mp_jul
15,2143.0461,mp_jul
1,2143.3459,mp_jul
14,2143.6456,mp_jul
14,2143.9454,mp_jul
5,2144.2452,mp_jul
10,2144.5451,mp_jul
6,2144.8448,mp_jul
6,2145.1446,mp_jul
10,2145.4444,mp_jul
10,2145.7442,mp_jul
6,2146.044,mp_jul
6,2146.3438,mp_jul
2,2146.6436,mp_jul
6,2146.9434,mp_jul
6,2147.2431,mp_jul
6,2147.5429,mp_jul
6,2147.8428,mp_jul
3,2148.1425,mp_jul
16,2148.4423,mp_jul
5,2148.7421,mp_jul
20,2149.0419,mp_jul
20,2149.3417,mp_jul
3,2149.6415,mp_jul
3,2149.9412,mp_jul
3,2150.2411,mp_jul
5,2150.5409,mp_jul
2,2150.8406,mp_jul
6,2151.1404,mp_jul
10,2151.4402,mp_jul
2,2151.74,mp_jul
2,2152.0398,mp_jul
1,2152.3396,mp_jul
14,2152.6394,mp_jul
5,2152.9392,mp_jul
5,2153.2389,mp_jul
5,2153.5388,mp_jul
11,2153.8386,mp_jul
2,2154.1384,mp_jul
2,2154.4381,mp_jul
15,2154.7379,mp_jul
15,2155.0378,mp_jul
15,2155.3375,mp_jul
15,2155.6372,mp_jul
15,2155.9371,mp_jul
15,2156.2369,mp_jul
15,2156.5366,mp_jul
15,2156.8364,mp_jul
15,2157.1362,mp_jul
15,2157.436,mp_jul
15,2157.7358,mp_jul
15,2158.0356,mp_jul
15,2158.3354,mp_jul
2,2158.6352,mp_jul
2,2158.935,mp_jul
12,2159.2348,mp_jul
11,2159.5346,mp_jul
4,2159.8343,mp_jul
12,2160.1341,mp_jul
12,2160.4339,mp_jul
2,2160.7338,mp_jul
15,2161.0335,mp_jul
15,2161.3333,mp_jul
15,2161.6331,mp_jul
15,2161.9329,mp_jul
15,2162.2327,mp_jul
15,2162.5324,mp_jul
15,2162.8322,mp_jul
4,2163.1321,mp_jul
15,2163.4318,mp_jul
15,2163.7316,mp_jul
15,2164.0314,mp_jul
15,2164.3312,mp_jul
15,2164.631,mp_jul
15,2164.9307,mp_jul
15,2165.2305,mp_jul
15,2165.5304,mp_jul
15,2165.8302,mp_jul
15,2166.13,mp_jul
15,2166.4297,mp_jul
15,2166.7296,mp_jul
15,2167.0293,mp_jul
15,2167.3291,mp_jul
15,2167.6289,mp_jul
2,2167.9287,mp_jul
1,2168.2284,mp_jul
4,2168.5283,mp_jul
1,2168.8281,mp_jul
11,2169.1278,mp_jul
7,2169.4276,mp_jul
7,2169.7274,mp_jul
7,2170.0272,mp_jul
4,2170.6268,mp_jul
12,2170.9266,mp_jul
17,2171.2264,mp_jul
4,2171.5368,mp_jul
5,2171.826,mp_jul
6,2172.1257,mp_jul
2,2172.4255,mp_jul
6,2172.7253,mp_jul
6,2173.0252,mp_jul
12,2173.3249,mp_jul
12,2173.6247,mp_jul
12,2173.9245,mp_jul
12,2174.2243,mp_jul
10,2174.524,mp_jul
20,2174.8239,mp_jul
3,2175.1236,mp_jul
11,2175.4234,mp_jul
4,2175.7232,mp_jul
11,2176.023,mp_jul
2,2176.3228,mp_jul
1,2176.6226,mp_jul
7,2176.9224,mp_jul
2,2177.2222,mp_jul
2,2177.522,mp_jul
11,2177.8218,mp_jul
11,2178.1216,mp_jul
11,2178.4213,mp_jul
11,2178.7212,mp_jul
1,2179.0209,mp_jul
11,2179.3207,mp_jul
15,2179.6205,mp_jul
15,2179.9203,mp_jul
15,2180.2201,mp_jul
2,2180.5199,mp_jul
11,2180.8197,mp_jul
11,2181.1195,mp_jul
4,2181.4192,mp_jul
7,2181.719,mp_jul
12,2182.0188,mp_jul
7,2182.3186,mp_jul
12,2182.6184,mp_jul
12,2182.9182,mp_jul
11,2183.218,mp_jul
5,2183.5178,mp_jul
14,2183.8176,mp_jul
18,2184.1174,mp_jul
18,2184.4171,mp_jul
11,2184.7169,mp_jul
11,2185.0167,mp_jul
4,2185.3165,mp_jul
10,2185.6164,mp_jul
6,2185.9161,mp_jul
6,2186.2159,mp_jul
6,2186.5157,mp_jul
12,2186.8155,mp_jul
6,2187.1152,mp_jul
1,2187.4151,mp_jul
1,2187.7148,mp_jul
14,2188.0146,mp_jul
16,2188.3144,mp_jul
18,2188.6142,mp_jul
7,2188.914,mp_jul
7,2189.2138,mp_jul
7,2189.5136,mp_jul
8,2189.8134,mp_jul
17,2190.1132,mp_jul
15,2190.413,mp_jul
17,2190.7128,mp_jul
2,2191.0126,mp_jul
11,2191.3124,mp_jul
16,2191.6121,mp_jul
14,2191.9119,mp_jul
14,2192.2117,mp_jul
3,2192.5115,mp_jul
1,2192.8113,mp_jul
1,2193.1111,mp_jul
1,2193.4109,mp_jul
16,2193.7107,mp_jul
16,2194.0105,mp_jul
16,2194.3102,mp_jul
14,2194.61,mp_jul
1,2194.9098,mp_jul
11,2195.2097,mp_jul
1,2195.5094,mp_jul
2,2195.8092,mp_jul
12,2196.109,mp_jul
1,2196.4088,mp_jul
4,2196.7086,mp_jul
4,2197.0084,mp_jul
2,2197.3082,mp_jul
15,2197.608,mp_jul
22,2197.9078,mp_jul
18,2198.2075,mp_jul
11,2198.5073,mp_jul
15,2198.8071,mp_jul
15,2199.1069,mp_jul
2,2199.4068,mp_jul
2,2199.7065,mp_jul
11,2200.0063,mp_jul
11,2200.3061,mp_jul
4,2200.6059,mp_jul
11,2200.9057,mp_jul
4,2201.2054,mp_jul
4,2201.5052,mp_jul
4,2201.8051,mp_jul
2,2202.1048,mp_jul
4,2202.4046,mp_jul
11,2202.7044,mp_jul
11,2203.0042,mp_jul
12,2203.304,mp_jul
11,2203.6038,mp_jul
4,2203.9036,mp_jul
12,2204.2034,mp_jul
12,2204.5032,mp_jul
12,2204.803,mp_jul
4,2205.1028,mp_jul
4,2205.4026,mp_jul
12,2205.7023,mp_jul
4,2206.0021,mp_jul
6,2206.3019,mp_jul
6,2206.6017,mp_jul
12,2206.9015,mp_jul
6,2207.2013,mp_jul
6,2207.501,mp_jul
6,2207.8009,mp_jul
4,2208.1006,mp_jul
4,2208.4005,mp_jul
4,2208.7002,mp_jul
2,2209.0,mp_jul
2,2209.2998,mp_jul
5,2209.5996,mp_jul
1,2209.8994,mp_jul
15,2210.1992,mp_jul
15,2210.499,mp_jul
11,2210.7988,mp_jul
7,2211.0986,mp_jul
8,2211.3983,mp_jul
17,2211.6981,mp_jul
17,2211.998,mp_jul
17,2212.2977,mp_jul
2,2212.5975,mp_jul
15,2212.8973,mp_jul
15,2213.1971,mp_jul
4,2213.4969,mp_jul
15,2213.7967,mp_jul
15,2214.0965,mp_jul
15,2214.3962,mp_jul
15,2214.6961,mp_jul
17,2214.9959,mp_jul
15,2215.2956,mp_jul
15,2215.5954,mp_jul
15,2215.8952,mp_jul
18,2216.195,mp_jul
17,2216.4948,mp_jul
8,2216.7946,mp_jul
18,2217.0944,mp_jul
11,2217.3941,mp_jul
3,2217.694,mp_jul
22,2217.9938,mp_jul
16,2218.2935,mp_jul
14,2218.5933,mp_jul
2,2218.8931,mp_jul
2,2219.1929,mp_jul
4,2219.4927,mp_jul
15,2219.7925,mp_jul
15,2220.0923,mp_jul
12,2220.3921,mp_jul
15,2220.6919,mp_jul
15,2220.9917,mp_jul
5,2221.2915,mp_jul
1,2221.5913,mp_jul
14,2221.891,mp_jul
18,2222.1908,mp_jul
18,2222.4907,mp_jul
22,2222.7904,mp_jul
22,2223.0902,mp_jul
1,2223.39,mp_jul
1,2223.6898,mp_jul
5,2223.9896,mp_jul
14,2224.2893,mp_jul
5,2224.5892,mp_jul
11,2224.8889,mp_jul
2,2225.1888,mp_jul
2,2225.4885,mp_jul
15,2225.7883,mp_jul
4,2226.0881,mp_jul
4,2226.3879,mp_jul
4,2226.6877,mp_jul
4,2226.9875,mp_jul
4,2227.2873,mp_jul
4,2227.5871,mp_jul
11,2227.8868,mp_jul
1,2228.1866,mp_jul
1,2228.4864,mp_jul
4,2228.7862,mp_jul
4,2229.086,mp_jul
4,2229.3858,mp_jul
6,2229.6856,mp_jul
12,2229.9854,mp_jul
6,2230.2852,mp_jul
6,2230.585,mp_jul
6,2230.8847,mp_jul
4,2231.1845,mp_jul
12,2231.4844,mp_jul
12,2231.7841,mp_jul
12,2232.084,mp_jul
12,2232.3837,mp_jul
4,2232.6836,mp_jul
12,2232.9833,mp_jul
4,2233.2831,mp_jul
1,2233.5828,mp_jul
1,2233.8826,mp_jul
12,2234.1825,mp_jul
12,2234.4823,mp_jul
4,2234.782,mp_jul
6,2235.0819,mp_jul
6,2235.3816,mp_jul
2,2235.6814,mp_jul
4,2235.9812,mp_jul
6,2236.281,mp_jul
6,2236.5807,mp_jul
4,2236.8805,mp_jul
12,2237.1804,mp_jul
4,2237.4802,mp_jul
15,2237.78,mp_jul
15,2238.0798,mp_jul
15,2238.3795,mp_jul
12,2238.6793,mp_jul
12,2238.9791,mp_jul
12,2239.2789,mp_jul
4,2239.5787,mp_jul
6,2239.8785,mp_jul
6,2240.1783,mp_jul
6,2240.4781,mp_jul
1,2240.7779,mp_jul
12,2241.0776,mp_jul
12,2241.3775,mp_jul
12,2241.6772,mp_jul
7,2241.977,mp_jul
12,2242.2768,mp_jul
6,2242.5766,mp_jul
6,2242.8764,mp_jul
6,2243.1762,mp_jul
6,2243.476,mp_jul
6,2243.7758,mp_jul
12,2244.0756,mp_jul
12,2244.3754,mp_jul
6,2244.6751,mp_jul
12,2244.9749,mp_jul
12,2245.2748,mp_jul
2,2245.5746,mp_jul
4,2245.8743,mp_jul
4,2246.1741,mp_jul
4,2246.4739,mp_jul
6,2246.7737,mp_jul
6,2247.0735,mp_jul
6,2247.3733,mp_jul
10,2247.6731,mp_jul
6,2247.9729,mp_jul
4,2248.2727,mp_jul
15,2248.5724,mp_jul
15,2248.8722,mp_jul
15,2249.172,mp_jul
15,2249.4718,mp_jul
2,2249.7716,mp_jul
18,2250.0714,mp_jul
5,2250.3712,mp_jul
11,2250.671,mp_jul
11,2250.9708,mp_jul
4,2251.2706,mp_jul
4,2251.5704,mp_jul
12,2251.8701,mp_jul
4,2252.1749,mp_jul
12,2252.4697,mp_jul
7,2252.7696,mp_jul
12,2253.0693,mp_jul
12,2253.6689,mp_jul
12,2253.9687,mp_jul
12,2254.2685,mp_jul
12,2254.5683,mp_jul
12,2254.8681,mp_jul
6,2255.1679,mp_jul
10,2255.4677,mp_jul
10,2255.7675,mp_jul
10,2256.0673,mp_jul
6,2256.367,mp_jul
6,2256.6668,mp_jul
2,2256.9666,mp_jul
15,2257.2664,mp_jul
4,2257.5662,mp_jul
4,2257.866,mp_jul
6,2258.1658,mp_jul
2,2258.4656,mp_jul
12,2258.7653,mp_jul
12,2259.0651,mp_jul
3,2259.365,mp_jul
14,2259.6647,mp_jul
3,2259.9645,mp_jul
5,2260.2643,mp_jul
14,2260.5641,mp_jul
14,2260.8639,mp_jul
14,2261.1637,mp_jul
1,2261.4635,mp_jul
12,2261.7633,mp_jul
7,2262.0632,mp_jul
17,2262.3628,mp_jul
1,2262.6626,mp_jul
11,2262.9625,mp_jul
3,2263.2623,mp_jul
20,2263.562,mp_jul
6,2263.8619,mp_jul
7,2264.1616,mp_jul
6,2264.4615,mp_jul
6,2264.7612,mp_jul
10,2265.061,mp_jul
10,2265.3608,mp_jul
6,2265.6606,mp_jul
6,2265.9604,mp_jul
6,2266.2602,mp_jul
6,2266.56,mp_jul
6,2266.8598,mp_jul
6,2267.1596,mp_jul
17,2267.4594,mp_jul
8,2267.7592,mp_jul
12,2268.0589,mp_jul
7,2268.3587,mp_jul
12,2268.6586,mp_jul
12,2268.9583,mp_jul
7,2269.2581,mp_jul
12,2269.558,mp_jul
6,2269.8577,mp_jul
6,2270.1575,mp_jul
6,2270.4573,mp_jul
3,2270.7571,mp_jul
1,2271.0569,mp_jul
12,2271.3567,mp_jul
6,2271.6564,mp_jul
10,2271.9563,mp_jul
10,2272.2561,mp_jul
6,2272.5558,mp_jul
12,2272.8556,mp_jul
1,2273.1555,mp_jul
5,2273.4552,mp_jul
3,2273.755,mp_jul
12,2274.0548,mp_jul
4,2274.3546,mp_jul
4,2274.6544,mp_jul
4,2274.9542,mp_jul
12,2275.254,mp_jul
7,2275.5538,mp_jul
1,2275.8536,mp_jul
3,2276.1533,mp_jul
7,2276.4532,mp_jul
12,2276.7529,mp_jul
3,2277.0527,mp_jul
1,2277.3525,mp_jul
4,2277.6523,mp_jul
1,2277.9521,mp_jul
12,2278.2519,mp_jul
1,2278.5517,mp_jul
7,2278.8515,mp_jul
1,2279.1513,mp_jul
17,2279.4511,mp_jul
17,2279.7508,mp_jul
7,2280.0507,mp_jul
12,2280.3505,mp_jul
7,2280.6502,mp_jul
11,2280.95,mp_jul
1,2281.2498,mp_jul
7,2281.5496,mp_jul
12,2281.8494,mp_jul
5,2282.1493,mp_jul
12,2282.4491,mp_jul
1,2282.7488,mp_jul
1,2283.0486,mp_jul
5,2283.3484,mp_jul
16,2283.6482,mp_jul
16,2283.948,mp_jul
20,2284.2478,mp_jul
1,2284.5476,mp_jul
17,2284.8474,mp_jul
12,2285.1472,mp_jul
12,2285.447,mp_jul
2,2285.7468,mp_jul
2,2286.0465,mp_jul
2,2286.3463,mp_jul
6,2286.6462,mp_jul
12,2286.946,mp_jul
4,2287.2457,mp_jul
4,2287.5456,mp_jul
4,2287.8453,mp_jul
6,2288.1451,mp_jul
6,2288.4449,mp_jul
4,2288.7447,mp_jul
5,2289.0445,mp_jul
14,2289.3443,mp_jul
16,2289.6441,mp_jul
1,2289.9439,mp_jul
12,2290.2437,mp_jul
4,2290.5435,mp_jul
1,2290.8433,mp_jul
1,2291.143,mp_jul
7,2291.4428,mp_jul
8,2291.7427,mp_jul
7,2292.0425,mp_jul
2,2292.3422,mp_jul
7,2292.642,mp_jul
7,2292.9418,mp_jul
8,2293.2416,mp_jul
17,2293.5415,mp_jul
12,2293.8412,mp_jul
4,2294.141,mp_jul
4,2294.4408,mp_jul
4,2294.7406,mp_jul
11,2295.0404,mp_jul
4,2295.3402,mp_jul
12,2295.64,mp_jul
12,2295.9398,mp_jul
4,2296.2396,mp_jul
3,2296.5394,mp_jul
1,2296.8392,mp_jul
3,2297.139,mp_jul
16,2297.4387,mp_jul
16,2297.7385,mp_jul
16,2298.0383,mp_jul
14,2298.3381,mp_jul
5,2298.638,mp_jul
20,2298.9378,mp_jul
20,2299.2375,mp_jul
20,2299.5373,mp_jul
16,2299.8371,mp_jul
3,2300.1369,mp_jul
3,2300.4367,mp_jul
1,2300.7364,mp_jul
7,2301.0363,mp_jul
8,2301.3361,mp_jul
7,2301.6358,mp_jul
4,2301.9357,mp_jul
17,2302.2355,mp_jul
12,2302.5353,mp_jul
7,2302.8351,mp_jul
17,2303.1349,mp_jul
8,2303.4347,mp_jul
12,2303.7345,mp_jul
12,2304.0343,mp_jul
5,2304.334,mp_jul
5,2304.6338,mp_jul
14,2304.9336,mp_jul
1,2305.2334,mp_jul
2,2305.5332,mp_jul
12,2305.833,mp_jul
17,2306.1328,mp_jul
17,2306.4326,mp_jul
12,2306.7324,mp_jul
4,2307.0322,mp_jul
2,2307.332,mp_jul
4,2307.6318,mp_jul
4,2307.9315,mp_jul
10,2308.2313,mp_jul
3,2308.5311,mp_jul
3,2308.831,mp_jul
16,2309.1307,mp_jul
16,2309.4305,mp_jul
3,2309.7303,mp_jul
3,2310.0301,mp_jul
11,2310.3299,mp_jul
10,2310.6297,mp_jul
10,2310.9295,mp_jul
1,2311.2293,mp_jul
7,2311.5291,mp_jul
1,2311.8289,mp_jul
7,2312.1287,mp_jul
1,2312.4285,mp_jul
2,2312.7283,mp_jul
4,2313.0281,mp_jul
1,2313.3279,mp_jul
1,2313.6277,mp_jul
7,2313.9275,mp_jul
8,2314.2273,mp_jul
13,2314.527,mp_jul
17,2314.8268,mp_jul
1,2315.1266,mp_jul
1,2315.4264,mp_jul
7,2315.7262,mp_jul
12,2316.026,mp_jul
7,2316.3258,mp_jul
7,2316.6256,mp_jul
2,2316.9254,mp_jul
12,2317.2252,mp_jul
7,2317.5249,mp_jul
7,2317.8248,mp_jul
8,2318.1246,mp_jul
17,2318.4243,mp_jul
7,2318.7242,mp_jul
2,2319.0239,mp_jul
11,2319.3238,mp_jul
3,2319.6235,mp_jul
1,2319.9234,mp_jul
11,2320.2231,mp_jul
1,2320.5229,mp_jul
1,2320.8227,mp_jul
11,2321.1225,mp_jul
11,2321.4223,mp_jul
11,2321.7221,mp_jul
3,2322.0219,mp_jul
1,2322.3217,mp_jul
7,2322.6215,mp_jul
1,2322.9212,mp_jul
17,2323.221,mp_jul
11,2323.5208,mp_jul
3,2323.8206,mp_jul
5,2324.1204,mp_jul
5,2324.4202,mp_jul
11,2324.72,mp_jul
3,2325.0198,mp_jul
2,2325.3196,mp_jul
4,2325.6194,mp_jul
6,2325.9192,mp_jul
6,2326.219,mp_jul
12,2326.5188,mp_jul
12,2326.8186,mp_jul
1,2327.1184,mp_jul
12,2327.4182,mp_jul
1,2327.718,mp_jul
12,2328.0178,mp_jul
4,2328.3176,mp_jul
2,2328.6174,mp_jul
3,2328.9171,mp_jul
1,2329.217,mp_jul
5,2329.5167,mp_jul
5,2329.8166,mp_jul
11,2330.1163,mp_jul
5,2330.4161,mp_jul
5,2330.7159,mp_jul
3,2331.0157,mp_jul
16,2331.3155,mp_jul
14,2331.6154,mp_jul
11,2331.9151,mp_jul
3,2332.2149,mp_jul
4,2332.5147,mp_jul
11,2332.8145,mp_jul
11,2333.1143,mp_jul
7,2333.4141,mp_jul
7,2333.7138,mp_jul
12,2334.0137,mp_jul
11,2334.3134,mp_jul
6,2334.6132,mp_jul
6,2334.9131,mp_jul
12,2335.2129,mp_jul
17,2335.5126,mp_jul
6,2335.8125,mp_jul
2,2336.1122,mp_jul
2,2336.412,mp_jul
4,2336.7118,mp_jul
4,2337.0116,mp_jul
4,2337.3114,mp_jul
3,2337.6112,mp_jul
3,2337.911,mp_jul
25,2338.2108,mp_jul
18,2338.5105,mp_jul
18,2338.8103,mp_jul
1,2339.1101,mp_jul
17,2339.41,mp_jul
7,2339.7097,mp_jul
7,2340.0095,mp_jul
8,2340.3093,mp_jul
8,2340.6141,mp_jul
12,2340.9089,mp_jul
7,2341.2087,mp_jul
8,2341.5085,mp_jul
2,2341.8083,mp_jul
12,2342.1081,mp_jul
4,2342.4078,mp_jul
6,2342.7076,mp_jul
6,2343.0075,mp_jul
2,2343.3072,mp_jul
2,2343.607,mp_jul
5,2343.9069,mp_jul
16,2344.2066,mp_jul
5,2344.5064,mp_jul
1,2344.8062,mp_jul
12,2345.106,mp_jul
1,2345.4058,mp_jul
3,2345.7056,mp_jul
14,2346.0054,mp_jul
16,2346.3052,mp_jul
16,2346.605,mp_jul
1,2346.9047,mp_jul
11,2347.2045,mp_jul
1,2347.5044,mp_jul
7,2347.8041,mp_jul
11,2348.1039,mp_jul
4,2348.4037,mp_jul
1,2348.7035,mp_jul
7,2349.0033,mp_jul
1,2349.303,mp_jul
16,2349.6029,mp_jul
16,2349.9027,mp_jul
14,2350.2025,mp_jul
14,2350.5023,mp_jul
1,2350.802,mp_jul
3,2351.1018,mp_jul
1,2351.4017,mp_jul
3,2351.7014,mp_jul
5,2352.0013,mp_jul
5,2352.3011,mp_jul
5,2352.6008,mp_jul
3,2352.9006,mp_jul
5,2353.2004,mp_jul
14,2353.5003,mp_jul
14,2353.8,mp_jul
16,2354.0998,mp_jul
14,2354.3996,mp_jul
14,2354.6993,mp_jul
14,2354.9992,mp_jul
14,2355.299,mp_jul
14,2355.5988,mp_jul
18,2355.8985,mp_jul
18,2356.1983,mp_jul
22,2356.4981,mp_jul
18,2356.7979,mp_jul
5,2357.0977,mp_jul
2,2357.3975,mp_jul
5,2357.6973,mp_jul
3,2357.9971,mp_jul
5,2358.2969,mp_jul
25,2358.5967,mp_jul
20,2358.8964,mp_jul
3,2359.1962,mp_jul
1,2359.496,mp_jul
11,2359.7958,mp_jul
4,2360.0956,mp_jul
1,2360.3954,mp_jul
7,2360.6952,mp_jul
17,2360.995,mp_jul
12,2361.2948,mp_jul
8,2361.5946,mp_jul
17,2361.8943,mp_jul
5,2362.1942,mp_jul
2,2362.494,mp_jul
3,2362.7938,mp_jul
5,2363.0935,mp_jul
1,2363.3933,mp_jul
4,2363.6932,mp_jul
1,2363.9929,mp_jul
1,2364.2928,mp_jul
1,2364.5925,mp_jul
1,2364.8924,mp_jul
5,2365.1921,mp_jul
3,2365.4919,mp_jul
5,2365.7917,mp_jul
16,2366.0915,mp_jul
5,2366.3912,mp_jul
2,2366.6911,mp_jul
4,2366.9908,mp_jul
11,2367.2906,mp_jul
11,2367.5905,mp_jul
7,2367.8902,mp_jul
11,2368.19,mp_jul
7,2368.4898,mp_jul
5,2368.7896,mp_jul
14,2369.0894,mp_jul
14,2369.3892,mp_jul
14,2369.689,mp_jul
14,2369.9888,mp_jul
1,2370.2886,mp_jul
11,2370.5884,mp_jul
11,2370.8881,mp_jul
2,2371.1879,mp_jul
2,2371.4877,mp_jul
2,2371.7875,mp_jul
12,2372.0873,mp_jul
16,2372.3871,mp_jul
14,2372.6869,mp_jul
20,2372.9867,mp_jul
6,2373.2865,mp_jul
7,2373.5863,mp_jul
7,2373.8861,mp_jul
11,2374.1859,mp_jul
16,2374.4856,mp_jul
5,2374.7854,mp_jul
11,2375.0852,mp_jul
1,2375.385,mp_jul
11,2375.6849,mp_jul
2,2375.9846,mp_jul
11,2376.2844,mp_jul
11,2376.5842,mp_jul
11,2376.8839,mp_jul
3,2377.1838,mp_jul
18,2377.4836,mp_jul
18,2377.7834,mp_jul
3,2378.0832,mp_jul
2,2378.3829,mp_jul
12,2378.6828,mp_jul
12,2378.9826,mp_jul
12,2379.2824,mp_jul
2,2379.5821,mp_jul
4,2379.8819,mp_jul
12,2380.1817,mp_jul
1,2380.4815,mp_jul
5,2380.7813,mp_jul
3,2381.0811,mp_jul
3,2381.3808,mp_jul
3,2381.6806,mp_jul
1,2381.9804,mp_jul
1,2382.2802,mp_jul
6,2382.58,mp_jul
2,2382.8798,mp_jul
2,2383.1796,mp_jul
5,2383.4794,mp_jul
5,2383.7792,mp_jul
2,2384.079,mp_jul
11,2384.3788,mp_jul
5,2384.6786,mp_jul
5,2384.9784,mp_jul
3,2385.2781,mp_jul
2,2385.578,mp_jul
12,2385.8777,mp_jul
4,2386.1775,mp_jul
4,2386.4773,mp_jul
2,2387.3767,mp_jul
12,2387.6764,mp_jul
4,2387.9763,mp_jul
4,2388.276,mp_jul
12,2388.5758,mp_jul
1,2388.8756,mp_jul
5,2389.1755,mp_jul
16,2389.4753,mp_jul
16,2389.775,mp_jul
14,2390.0748,mp_jul
14,2390.3746,mp_jul
25,2390.6743,mp_jul
3,2390.9741,mp_jul
11,2391.274,mp_jul
11,2391.5738,mp_jul
12,2391.8736,mp_jul
12,2392.1734,mp_jul
12,2392.4731,mp_jul
17,2392.773,mp_jul
7,2393.0727,mp_jul
8,2393.3725,mp_jul
7,2393.6723,mp_jul
12,2393.9721,mp_jul
4,2394.2719,mp_jul
11,2394.5717,mp_jul
5,2394.8715,mp_jul
14,2395.1713,mp_jul
1,2395.4711,mp_jul
12,2395.7709,mp_jul
12,2396.0707,mp_jul
12,2396.3705,mp_jul
1,2396.6703,mp_jul
1,2396.97,mp_jul
12,2397.2699,mp_jul
1,2397.5696,mp_jul
3,2397.8694,mp_jul
1,2398.1692,mp_jul
6,2398.469,mp_jul
12,2398.7688,mp_jul
6,2399.0686,mp_jul
11,2399.3684,mp_jul
16,2399.6682,mp_jul
1,2399.9679,mp_jul
1,2400.2678,mp_jul
1,2400.5675,mp_jul
1,2400.8673,mp_jul
12,2401.1671,mp_jul
12,2401.4669,mp_jul
5,2401.7667,mp_jul
16,2402.0665,mp_jul
11,2402.3663,mp_jul
4,2402.6661,mp_jul
12,2402.9659,mp_jul
12,2403.2657,mp_jul
12,2403.5655,mp_jul
12,2403.8652,mp_jul
2,2404.1651,mp_jul
4,2404.4649,mp_jul
5,2404.7647,mp_jul
14,2405.0644,mp_jul
3,2405.3642,mp_jul
11,2405.664,mp_jul
1,2405.9638,mp_jul
4,2407.163,mp_jul
2,2408.3622,mp_jul
14,2408.662,mp_jul
11,2408.9618,mp_jul
10,2409.2615,mp_jul
1,2409.5613,mp_jul
1,2409.8611,mp_jul
2,2410.1609,mp_jul
14,2410.4607,mp_jul
16,2410.7605,mp_jul
3,2411.0603,mp_jul
3,2411.36,mp_jul
1,2411.6599,mp_jul
1,2411.9597,mp_jul
3,2412.2595,mp_jul
20,2412.5592,mp_jul
20,2412.859,mp_jul
20,2413.1588,mp_jul
3,2413.4586,mp_jul
11,2413.7584,mp_jul
11,2414.0582,mp_jul
12,2414.358,mp_jul
7,2414.6579,mp_jul
12,2414.9576,mp_jul
1,2415.2574,mp_jul
3,2415.5572,mp_jul
4,2415.857,mp_jul
11,2416.1568,mp_jul
1,2416.4566,mp_jul
5,2416.7563,mp_jul
7,2417.0562,mp_jul
7,2417.3559,mp_jul
12,2417.6558,mp_jul
12,2417.9555,mp_jul
12,2418.2553,mp_jul
12,2418.5551,mp_jul
2,2418.8549,mp_jul
14,2419.1547,mp_jul
19,2419.4545,mp_jul
19,2419.7543,mp_jul
20,2420.054,mp_jul
10,2420.3539,mp_jul
6,2420.6537,mp_jul
11,2420.9534,mp_jul
3,2421.2532,mp_jul
7,2421.553,mp_jul
17,2421.8529,mp_jul
8,2422.1526,mp_jul
17,2422.4524,mp_jul
12,2422.7522,mp_jul
11,2423.052,mp_jul
3,2423.3518,mp_jul
16,2423.6516,mp_jul
5,2423.9514,mp_jul
11,2424.2512,mp_jul
11,2424.551,mp_jul
2,2424.8508,mp_jul
17,2425.1506,mp_jul
8,2425.4504,mp_jul
13,2425.7501,mp_jul
13,2426.0499,mp_jul
7,2426.3497,mp_jul
11,2426.6495,mp_jul
2,2426.9493,mp_jul
2,2427.2492,mp_jul
1,2427.5489,mp_jul
1,2427.8487,mp_jul
4,2428.1485,mp_jul
2,2428.4483,mp_jul
12,2428.7481,mp_jul
12,2429.0478,mp_jul
3,2429.3476,mp_jul
3,2429.6474,mp_jul
5,2429.9472,mp_jul
11,2430.247,mp_jul
2,2430.5468,mp_jul
11,2430.8466,mp_jul
4,2431.1464,mp_jul
12,2431.4461,mp_jul
12,2431.746,mp_jul
1,2432.0458,mp_jul
12,2432.3456,mp_jul
11,2432.6453,mp_jul
4,2432.9452,mp_jul
12,2433.245,mp_jul
5,2433.5448,mp_jul
1,2433.8445,mp_jul
5,2434.1443,mp_jul
1,2434.4441,mp_jul
1,2434.7439,mp_jul
4,2435.0437,mp_jul
1,2435.3435,mp_jul
12,2435.6433,mp_jul
1,2435.9431,mp_jul
3,2436.2429,mp_jul
18,2436.5427,mp_jul
14,2436.8425,mp_jul
1,2437.1422,mp_jul
11,2437.442,mp_jul
10,2437.7419,mp_jul
6,2438.0416,mp_jul
2,2438.3414,mp_jul
5,2438.6412,mp_jul
5,2438.941,mp_jul
2,2439.2408,mp_jul
11,2439.5406,mp_jul
2,2439.8404,mp_jul
1,2440.1402,mp_jul
1,2440.44,mp_jul
1,2440.7398,mp_jul
7,2441.0396,mp_jul
7,2441.3394,mp_jul
5,2441.6391,mp_jul
16,2441.9389,mp_jul
16,2442.2387,mp_jul
16,2442.5385,mp_jul
20,2442.8383,mp_jul
24,2443.1381,mp_jul
24,2443.4379,mp_jul
3,2443.7377,mp_jul
12,2444.0375,mp_jul
7,2444.3373,mp_jul
5,2444.6371,mp_jul
11,2444.9369,mp_jul
4,2445.2366,mp_jul
2,2445.5364,mp_jul
11,2445.8362,mp_jul
1,2446.136,mp_jul
4,2446.4358,mp_jul
2,2446.7356,mp_jul
1,2447.0354,mp_jul
4,2447.3352,mp_jul
4,2447.635,mp_jul
11,2447.9348,mp_jul
12,2448.2346,mp_jul
12,2448.5343,mp_jul
15,2448.8341,mp_jul
11,2449.1339,mp_jul
5,2449.4337,mp_jul
2,2449.7335,mp_jul
4,2450.0333,mp_jul
1,2450.3331,mp_jul
11,2450.6329,mp_jul
11,2450.9326,mp_jul
1,2451.2325,mp_jul
3,2451.5323,mp_jul
3,2451.8321,mp_jul
11,2452.1318,mp_jul
11,2452.4316,mp_jul
2,2452.7314,mp_jul
11,2453.0312,mp_jul
11,2453.3311,mp_jul
11,2453.6308,mp_jul
11,2453.9306,mp_jul
15,2454.2304,mp_jul
5,2454.5302,mp_jul
15,2454.83,mp_jul
1,2455.1298,mp_jul
1,2455.4296,mp_jul
17,2455.7293,mp_jul
13,2456.0292,mp_jul
13,2456.3289,mp_jul
12,2456.6287,mp_jul
2,2456.9285,mp_jul
11,2457.2283,mp_jul
1,2457.5281,mp_jul
15,2457.8279,mp_jul
15,2458.1277,mp_jul
5,2458.4275,mp_jul
5,2458.7273,mp_jul
11,2459.027,mp_jul
11,2459.3268,mp_jul
15,2459.6267,mp_jul
11,2459.9264,mp_jul
15,2460.2262,mp_jul
11,2460.526,mp_jul
15,2460.8258,mp_jul
15,2461.1256,mp_jul
15,2461.4254,mp_jul
15,2461.7252,mp_jul
15,2462.025,mp_jul
15,2462.3248,mp_jul
15,2462.6246,mp_jul
4,2462.9243,mp_jul
15,2463.2241,mp_jul
4,2463.524,mp_jul
4,2463.8237,mp_jul
2,2464.1235,mp_jul
15,2464.4233,mp_jul
15,2464.7231,mp_jul
15,2465.0229,mp_jul
15,2465.3227,mp_jul
2,2465.6225,mp_jul
22,2465.9222,mp_jul
22,2466.222,mp_jul
14,2466.5218,mp_jul
3,2466.8216,mp_jul
5,2467.1214,mp_jul
5,2467.4212,mp_jul
16,2467.721,mp_jul
14,2468.0208,mp_jul
2,2468.3206,mp_jul
11,2468.6203,mp_jul
7,2468.9202,mp_jul
12,2469.2199,mp_jul
4,2469.5197,mp_jul
16,2469.8195,mp_jul
18,2470.1193,mp_jul
3,2470.4191,mp_jul
1,2470.7189,mp_jul
11,2471.0187,mp_jul
10,2471.3185,mp_jul
6,2471.6183,mp_jul
6,2471.918,mp_jul
6,2472.2178,mp_jul
6,2472.5176,mp_jul
10,2472.8174,mp_jul
20,2473.1172,mp_jul
1,2473.417,mp_jul
2,2473.7168,mp_jul
4,2474.0166,mp_jul
12,2474.3164,mp_jul
4,2474.6162,mp_jul
4,2474.9159,mp_jul
4,2475.5155,mp_jul
10,2475.8153,mp_jul
10,2476.1151,mp_jul
6,2476.4149,mp_jul
20,2476.7147,mp_jul
1,2477.0145,mp_jul
2,2477.3143,mp_jul
6,2477.6141,mp_jul
6,2477.9139,mp_jul
6,2478.2136,mp_jul
6,2478.5134,mp_jul
2,2478.8132,mp_jul
2,2479.113,mp_jul
10,2479.4128,mp_jul
10,2479.7126,mp_jul
6,2480.0124,mp_jul
6,2480.3122,mp_jul
5,2480.6119,mp_jul
5,2480.9117,mp_jul
1,2481.2116,mp_jul
2,2481.5113,mp_jul
1,2481.8111,mp_jul
1,2482.1109,mp_jul
12,2482.4107,mp_jul
2,2482.7105,mp_jul
4,2483.0102,mp_jul
11,2483.31,mp_jul
4,2483.6098,mp_jul
12,2483.9096,mp_jul
13,2484.2094,mp_jul
13,2484.5092,mp_jul
8,2484.809,mp_jul
4,2485.1088,mp_jul
5,2485.4086,mp_jul
11,2485.7084,mp_jul
11,2486.0081,mp_jul
1,2486.308,mp_jul
1,2486.6077,mp_jul
8,2486.9076,mp_jul
7,2487.2073,mp_jul
8,2487.5071,mp_jul
17,2487.8068,mp_jul
3,2488.1067,mp_jul
14,2488.4065,mp_jul
3,2488.7063,mp_jul
11,2489.006,mp_jul
2,2489.3059,mp_jul
4,2489.6057,mp_jul
4,2489.9054,mp_jul
4,2490.2052,mp_jul
6,2490.505,mp_jul
2,2490.8048,mp_jul
4,2491.1046,mp_jul
4,2491.4044,mp_jul
4,2491.7042,mp_jul
2,2492.004,mp_jul
5,2492.3037,mp_jul
1,2492.6036,mp_jul
15,2492.9033,mp_jul
11,2493.2031,mp_jul
18,2493.5029,mp_jul
18,2493.8027,mp_jul
18,2494.1025,mp_jul
5,2494.4023,mp_jul
14,2494.702,mp_jul
14,2495.0018,mp_jul
3,2495.3016,mp_jul
1,2495.6015,mp_jul
15,2495.9012,mp_jul
5,2496.2011,mp_jul
15,2496.5008,mp_jul
15,2496.8006,mp_jul
18,2497.1004,mp_jul
18,2497.4002,mp_jul
1,2497.7,mp_jul
15,2497.9998,mp_jul
1,2498.2996,mp_jul
3,2498.5993,mp_jul
15,2498.8992,mp_jul
11,2499.1989,mp_jul
18,2499.4987,mp_jul
18,2499.7985,mp_jul
22,2500.0983,mp_jul
14,2500.3981,mp_jul
14,2500.6978,mp_jul
14,2500.9976,mp_jul
18,2501.2974,mp_jul
3,2501.5972,mp_jul
5,2501.897,mp_jul
18,2502.1968,mp_jul
22,2502.4966,mp_jul
18,2502.7964,mp_jul
18,2503.0962,mp_jul
22,2503.3959,mp_jul
3,2503.6957,mp_jul
5,2503.9956,mp_jul
15,2504.2953,mp_jul
18,2504.5951,mp_jul
15,2504.8949,mp_jul
15,2505.1947,mp_jul
12,2505.4945,mp_jul
2,2505.7943,mp_jul
22,2506.0941,mp_jul
18,2506.3939,mp_jul
18,2506.6937,mp_jul
18,2506.9934,mp_jul
18,2507.2932,mp_jul
18,2507.593,mp_jul
18,2507.8928,mp_jul
11,2508.1926,mp_jul
6,2508.4924,mp_jul
10,2508.7922,mp_jul
20,2509.092,mp_jul
20,2509.3917,mp_jul
20,2509.6916,mp_jul
20,2509.9914,mp_jul
20,2510.2912,mp_jul
20,2510.5909,mp_jul
20,2510.8908,mp_jul
6,2511.1905,mp_jul
1,2511.4903,mp_jul
20,2511.7901,mp_jul
20,2512.0899,mp_jul
20,2512.3897,mp_jul
4,2512.6895,mp_jul
4,2512.9892,mp_jul
15,2513.289,mp_jul
15,2513.5888,mp_jul
15,2513.8886,mp_jul
15,2514.1884,mp_jul
7,2514.4883,mp_jul
8,2514.788,mp_jul
13,2515.0877,mp_jul
13,2515.3876,mp_jul
13,2515.6873,mp_jul
8,2515.9872,mp_jul
15,2516.2869,mp_jul
15,2516.5867,mp_jul
10,2516.8865,mp_jul
20,2517.1863,mp_jul
20,2517.4861,mp_jul
20,2517.7859,mp_jul
20,2518.0857,mp_jul
2,2518.3855,mp_jul
6,2518.6853,mp_jul
10,2518.985,mp_jul
7,2519.2849,mp_jul
10,2519.5846,mp_jul
3,2519.8844,mp_jul
11,2520.1842,mp_jul
1,2520.484,mp_jul
20,2520.7838,mp_jul
20,2521.0836,mp_jul
14,2521.3834,mp_jul
16,2521.6831,mp_jul
3,2521.9829,mp_jul
3,2522.2828,mp_jul
18,2522.5825,mp_jul
16,2522.8823,mp_jul
14,2523.1821,mp_jul
16,2523.4819,mp_jul
5,2523.7817,mp_jul
5,2524.0815,mp_jul
20,2524.3812,mp_jul
10,2524.681,mp_jul
1,2524.9808,mp_jul
5,2525.2806,mp_jul
3,2525.5804,mp_jul
5,2525.8802,mp_jul
20,2526.18,mp_jul
8,2526.4798,mp_jul
20,2526.7796,mp_jul
20,2527.0794,mp_jul
2,2527.3792,mp_jul
2,2527.6789,mp_jul
15,2527.9787,mp_jul
15,2528.2785,mp_jul
15,2528.5783,mp_jul
4,2528.8781,mp_jul
3,2529.178,mp_jul
14,2529.4777,mp_jul
7,2529.7775,mp_jul
5,2530.0773,mp_jul
5,2530.377,mp_jul
3,2530.6768,mp_jul
5,2530.9766,mp_jul
5,2531.2764,mp_jul
3,2531.5762,mp_jul
11,2531.876,mp_jul
5,2532.1758,mp_jul
3,2532.4756,mp_jul
22,2532.7753,mp_jul
22,2533.0751,mp_jul
15,2533.3749,mp_jul
15,2533.6747,mp_jul
15,2533.9745,mp_jul
2,2534.2743,mp_jul
2,2534.5741,mp_jul
15,2534.8739,mp_jul
12,2535.1737,mp_jul
15,2535.4734,mp_jul
5,2535.7733,mp_jul
18,2536.073,mp_jul
5,2536.3728,mp_jul
14,2536.6726,mp_jul
3,2536.9724,mp_jul
3,2537.2722,mp_jul
11,2537.572,mp_jul
3,2537.8718,mp_jul
5,2538.1716,mp_jul
18,2538.4713,mp_jul
18,2538.7711,mp_jul
18,2539.0709,mp_jul
18,2539.3708,mp_jul
5,2539.6705,mp_jul
1,2539.9703,mp_jul
1,2540.2701,mp_jul
17,2540.5699,mp_jul
13,2540.8697,mp_jul
5,2541.1694,mp_jul
2,2541.4692,mp_jul
2,2541.769,mp_jul
4,2542.0688,mp_jul
1,2542.3686,mp_jul
1,2542.6684,mp_jul
11,2542.9682,mp_jul
15,2543.268,mp_jul
12,2543.5677,mp_jul
8,2543.8676,mp_jul
13,2544.1673,mp_jul
17,2544.4671,mp_jul
5,2544.7669,mp_jul
11,2545.0667,mp_jul
11,2545.3665,mp_jul
4,2545.6663,mp_jul
5,2545.9661,mp_jul
12,2546.2659,mp_jul
12,2546.5657,mp_jul
11,2546.8655,mp_jul
11,2547.1652,mp_jul
1,2547.4651,mp_jul
11,2547.7648,mp_jul
12,2548.0646,mp_jul
7,2548.3644,mp_jul
12,2548.6642,mp_jul
7,2548.964,mp_jul
1,2549.2638,mp_jul
3,2549.5635,mp_jul
1,2549.8634,mp_jul
1,2550.1631,mp_jul
3,2550.4629,mp_jul
11,2550.7627,mp_jul
11,2551.0625,mp_jul
11,2551.3623,mp_jul
5,2551.6621,mp_jul
5,2551.9619,mp_jul
1,2552.2616,mp_jul
1,2552.5614,mp_jul
2,2552.8613,mp_jul
12,2553.161,mp_jul
2,2553.4609,mp_jul
2,2553.7606,mp_jul
15,2554.0604,mp_jul
4,2554.3602,mp_jul
4,2554.66,mp_jul
4,2554.9597,mp_jul
3,2555.2596,mp_jul
3,2555.5593,mp_jul
5,2555.8591,mp_jul
7,2556.1589,mp_jul
18,2556.4587,mp_jul
18,2556.7585,mp_jul
18,2557.0583,mp_jul
1,2557.3581,mp_jul
18,2557.6579,mp_jul
1,2557.9577,mp_jul
4,2558.2575,mp_jul
6,2558.5572,mp_jul
2,2558.857,mp_jul
10,2559.1567,mp_jul
6,2559.4566,mp_jul
10,2559.7564,mp_jul
2,2560.0562,mp_jul
2,2560.356,mp_jul
5,2560.6557,mp_jul
11,2560.9556,mp_jul
11,2561.2553,mp_jul
11,2561.5551,mp_jul
11,2561.8549,mp_jul
11,2562.1547,mp_jul
11,2562.4545,mp_jul
15,2562.7543,mp_jul
15,2563.054,mp_jul
1,2563.3538,mp_jul
7,2563.6536,mp_jul
2,2563.9534,mp_jul
15,2564.2532,mp_jul
2,2564.553,mp_jul
15,2564.8528,mp_jul
15,2565.1525,mp_jul
11,2565.4524,mp_jul
1,2565.7522,mp_jul
2,2566.052,mp_jul
4,2566.3517,mp_jul
15,2566.6515,mp_jul
2,2566.9513,mp_jul
2,2567.2511,mp_jul
15,2567.5509,mp_jul
18,2567.8507,mp_jul
1,2568.1505,mp_jul
11,2568.4503,mp_jul
1,2568.75,mp_jul
1,2569.0498,mp_jul
15,2569.3497,mp_jul
15,2569.6494,mp_jul
5,2569.9492,mp_jul
15,2570.249,mp_jul
15,2570.5488,mp_jul
2,2570.8486,mp_jul
15,2571.1484,mp_jul
2,2571.4482,mp_jul
12,2571.748,mp_jul
7,2572.0478,mp_jul
1,2572.3475,mp_jul
2,2572.9471,mp_jul
14,2573.2469,mp_jul
5,2573.5467,mp_jul
16,2573.8465,mp_jul
14,2574.1462,mp_jul
14,2574.446,mp_jul
14,2574.7458,mp_jul
3,2575.0456,mp_jul
1,2575.3454,mp_jul
3,2575.6452,mp_jul
3,2575.945,mp_jul
11,2576.2447,mp_jul
11,2576.5446,mp_jul
12,2576.8444,mp_jul
4,2577.1442,mp_jul
12,2577.4439,mp_jul
12,2577.7437,mp_jul
2,2578.0435,mp_jul
12,2578.3433,mp_jul
12,2578.643,mp_jul
1,2578.9429,mp_jul
2,2579.5425,mp_jul
11,2579.8422,mp_jul
5,2580.142,mp_jul
14,2580.4418,mp_jul
1,2580.7416,mp_jul
2,2581.0414,mp_jul
4,2581.3412,mp_jul
4,2581.641,mp_jul
4,2581.9408,mp_jul
4,2582.2405,mp_jul
12,2582.5403,mp_jul
1,2582.8401,mp_jul
20,2583.1399,mp_jul
14,2583.4397,mp_jul
1,2583.7395,mp_jul
11,2584.0393,mp_jul
11,2584.339,mp_jul
11,2584.6389,mp_jul
7,2584.9387,mp_jul
8,2585.2384,mp_jul
8,2585.5382,mp_jul
17,2585.838,mp_jul
8,2586.1378,mp_jul
11,2586.4376,mp_jul
11,2586.7374,mp_jul
4,2587.0372,mp_jul
12,2587.337,mp_jul
11,2587.6367,mp_jul
16,2587.9365,mp_jul
18,2588.2363,mp_jul
11,2588.5361,mp_jul
11,2588.8359,mp_jul
2,2589.1357,mp_jul
4,2589.4355,mp_jul
12,2589.7352,mp_jul
4,2590.0351,mp_jul
2,2590.3348,mp_jul
4,2590.6346,mp_jul
4,2590.9344,mp_jul
1,2591.2342,mp_jul
10,2591.534,mp_jul
10,2591.8338,mp_jul
3,2592.1336,mp_jul
20,2592.4334,mp_jul
24,2592.7332,mp_jul
14,2593.033,mp_jul
20,2593.3327,mp_jul
20,2593.6325,mp_jul
3,2593.9323,mp_jul
5,2594.2321,mp_jul
5,2594.5319,mp_jul
10,2594.8317,mp_jul
6,2595.1315,mp_jul
6,2595.4313,mp_jul
6,2595.7311,mp_jul
6,2596.0308,mp_jul
7,2596.3307,mp_jul
13,2596.6304,mp_jul
6,2596.9302,mp_jul
1,2597.23,mp_jul
6,2597.5298,mp_jul
3,2597.8296,mp_jul
16,2598.1293,mp_jul
16,2598.4291,mp_jul
18,2598.7289,mp_jul
18,2599.0287,mp_jul
5,2599.3285,mp_jul
15,2599.6283,mp_jul
15,2599.9281,mp_jul
7,2600.2278,mp_jul
2,2600.5276,mp_jul
1,2600.8274,mp_jul
23,2601.427,mp_jul
22,2601.7268,mp_jul
22,2602.0266,mp_jul
15,2602.3264,mp_jul
2,2602.6262,mp_jul
4,2602.926,mp_jul
4,2603.2258,mp_jul
1,2603.5255,mp_jul
3,2603.8254,mp_jul
22,2604.1252,mp_jul
18,2604.4249,mp_jul
18,2604.7247,mp_jul
22,2605.0245,mp_jul
14,2605.3244,mp_jul
14,2605.6241,mp_jul
3,2605.9238,mp_jul
1,2606.2236,mp_jul
1,2606.5235,mp_jul
4,2606.8233,mp_jul
3,2607.123,mp_jul
16,2607.4228,mp_jul
14,2607.7226,mp_jul
14,2608.0223,mp_jul
14,2608.3222,mp_jul
14,2608.622,mp_jul
5,2608.9217,mp_jul
3,2609.2216,mp_jul
2,2609.5213,mp_jul
10,2609.8211,mp_jul
3,2610.1209,mp_jul
14,2611.0203,mp_jul
1,2611.3201,mp_jul
25,2611.6199,mp_jul
5,2611.9197,mp_jul
3,2612.2195,mp_jul
11,2612.5193,mp_jul
5,2612.819,mp_jul
16,2613.1188,mp_jul
22,2613.4186,mp_jul
25,2613.7184,mp_jul
16,2614.0181,mp_jul
18,2614.318,mp_jul
18,2614.6177,mp_jul
22,2614.9175,mp_jul
5,2615.2173,mp_jul
11,2615.5171,mp_jul
5,2615.8169,mp_jul
5,2616.1166,mp_jul
16,2616.4165,mp_jul
3,2616.7163,mp_jul
5,2617.016,mp_jul
5,2617.3158,mp_jul
1,2617.6156,mp_jul
1,2617.9155,mp_jul
3,2618.2152,mp_jul
22,2618.515,mp_jul
18,2618.8148,mp_jul
18,2619.1146,mp_jul
1,2619.4143,mp_jul
1,2619.7141,mp_jul
12,2620.0139,mp_jul
7,2620.3137,mp_jul
2,2620.6135,mp_jul
5,2620.9133,mp_jul
3,2621.2131,mp_jul
7,2621.5129,mp_jul
18,2621.8127,mp_jul
5,2622.1124,mp_jul
7,2622.4122,mp_jul
8,2622.712,mp_jul
7,2623.0119,mp_jul
2,2623.3116,mp_jul
11,2623.6114,mp_jul
11,2623.9112,mp_jul
6,2624.211,mp_jul
3,2624.5108,mp_jul
3,2624.8106,mp_jul
3,2625.1103,mp_jul
5,2625.4102,mp_jul
1,2625.7099,mp_jul
3,2626.0098,mp_jul
1,2626.3095,mp_jul
5,2626.6093,mp_jul
14,2626.9091,mp_jul
25,2627.2089,mp_jul
14,2627.5087,mp_jul
3,2627.8085,mp_jul
3,2628.1082,mp_jul
1,2628.4081,mp_jul
3,2628.7078,mp_jul
14,2629.0076,mp_jul
25,2629.3074,mp_jul
14,2629.6072,mp_jul
18,2629.9069,mp_jul
18,2630.2068,mp_jul
18,2630.5065,mp_jul
13,2630.8063,mp_jul
26,2631.1061,mp_jul
26,2631.4059,mp_jul
26,2631.7057,mp_jul
25,2632.0055,mp_jul
14,2632.3053,mp_jul
25,2632.6051,mp_jul
26,2632.9048,mp_jul
21,2633.2046,mp_jul
26,2633.5044,mp_jul
26,2633.8042,mp_jul
26,2634.104,mp_jul
14,2634.4038,mp_jul
14,2634.7036,mp_jul
5,2635.0034,mp_jul
1,2635.3032,mp_jul
2,2635.6029,mp_jul
13,2635.9028,mp_jul
13,2636.2026,mp_jul
8,2636.5023,mp_jul
7,2636.8021,mp_jul
12,2637.1019,mp_jul
8,2637.4017,mp_jul
13,2637.7014,mp_jul
8,2638.0013,mp_jul
13,2638.3011,mp_jul
13,2638.6009,mp_jul
17,2638.9006,mp_jul
7,2639.2005,mp_jul
12,2639.5003,mp_jul
8,2639.8,mp_jul
8,2640.0998,mp_jul
13,2640.3996,mp_jul
13,2640.6994,mp_jul
8,2640.9992,mp_jul
2,2641.2989,mp_jul
6,2641.5988,mp_jul
1,2641.8986,mp_jul
20,2642.1983,mp_jul
24,2642.4981,mp_jul
20,2642.7979,mp_jul
6,2643.0977,mp_jul
10,2643.3975,mp_jul
1,2643.6972,mp_jul
6,2643.997,mp_jul
10,2644.2968,mp_jul
2,2644.5967,mp_jul
1,2644.8964,mp_jul
20,2645.1962,mp_jul
17,2645.496,mp_jul
25,2645.7958,mp_jul
3,2646.0956,mp_jul
5,2646.3954,mp_jul
6,2646.6952,mp_jul
10,2646.995,mp_jul
20,2647.2948,mp_jul
20,2647.5945,mp_jul
25,2647.8943,mp_jul
25,2648.1941,mp_jul
26,2648.4939,mp_jul
26,2648.7937,mp_jul
26,2649.0935,mp_jul
21,2649.3933,mp_jul
25,2649.6931,mp_jul
14,2649.9928,mp_jul
20,2650.2927,mp_jul
1,2650.5924,mp_jul
2,2650.8923,mp_jul
6,2651.192,mp_jul
6,2651.4918,mp_jul
7,2651.7916,mp_jul
2,2652.0914,mp_jul
6,2652.3912,mp_jul
6,2652.691,mp_jul
7,2652.9908,mp_jul
17,2653.2905,mp_jul
8,2653.5903,mp_jul
17,2653.8901,mp_jul
20,2654.1899,mp_jul
2,2654.4897,mp_jul
2,2654.7895,mp_jul
10,2655.0892,mp_jul
6,2655.3891,mp_jul
6,2655.6889,mp_jul
6,2655.9886,mp_jul
20,2656.2884,mp_jul
20,2656.5882,mp_jul
16,2656.888,mp_jul
5,2657.1878,mp_jul
20,2657.4876,mp_jul
5,2657.7874,mp_jul
10,2658.0871,mp_jul
5,2658.387,mp_jul
20,2658.6868,mp_jul
20,2658.9865,mp_jul
3,2659.2863,mp_jul
5,2659.5861,mp_jul
3,2659.8859,mp_jul
5,2660.1857,mp_jul
5,2660.4855,mp_jul
18,2660.7852,mp_jul
3,2661.085,mp_jul
1,2661.3848,mp_jul
5,2661.6846,mp_jul
11,2661.9844,mp_jul
1,2662.2842,mp_jul
15,2662.584,mp_jul
7,2662.8838,mp_jul
17,2663.1836,mp_jul
7,2663.4834,mp_jul
2,2663.7832,mp_jul
11,2664.0829,mp_jul
15,2664.3827,mp_jul
15,2664.6825,mp_jul
15,2664.9823,mp_jul
15,2665.2821,mp_jul
15,2665.5819,mp_jul
15,2665.8817,mp_jul
2,2666.1814,mp_jul
11,2666.4813,mp_jul
11,2666.781,mp_jul
11,2667.0808,mp_jul
18,2667.3806,mp_jul
5,2667.6804,mp_jul
1,2667.9802,mp_jul
2,2668.28,mp_jul
5,2668.5798,mp_jul
1,2668.8796,mp_jul
1,2669.1794,mp_jul
11,2669.4791,mp_jul
2,2669.7789,mp_jul
1,2670.0787,mp_jul
11,2670.3785,mp_jul
4,2670.6783,mp_jul
4,2670.9781,mp_jul
4,2671.2779,mp_jul
15,2671.5777,mp_jul
4,2671.8774,mp_jul
4,2672.1772,mp_jul
17,2672.477,mp_jul
17,2672.7768,mp_jul
4,2673.0766,mp_jul
6,2673.3764,mp_jul
6,2673.6762,mp_jul
12,2673.976,mp_jul
17,2674.2757,mp_jul
6,2674.5756,mp_jul
6,2674.8754,mp_jul
2,2675.1752,mp_jul
2,2675.4749,mp_jul
5,2675.7748,mp_jul
3,2676.0745,mp_jul
1,2676.3743,mp_jul
2,2676.6741,mp_jul
15,2676.9739,mp_jul
15,2677.2737,mp_jul
15,2677.5734,mp_jul
15,2677.8732,mp_jul
15,2678.1731,mp_jul
15,2678.4728,mp_jul
15,2678.7726,mp_jul
15,2679.0724,mp_jul
15,2679.3722,mp_jul
17,2679.672,mp_jul
17,2679.9718,mp_jul
12,2680.2716,mp_jul
2,2680.5713,mp_jul
14,2680.8712,mp_jul
1,2681.1709,mp_jul
1,2681.4707,mp_jul
12,2681.7705,mp_jul
12,2682.0703,mp_jul
1,2682.3701,mp_jul
12,2682.6699,mp_jul
12,2682.9697,mp_jul
1,2683.2694,mp_jul
2,2683.5692,mp_jul
15,2683.869,mp_jul
15,2684.1688,mp_jul
4,2684.4686,mp_jul
11,2684.7684,mp_jul
12,2685.0682,mp_jul
17,2685.368,mp_jul
8,2685.6677,mp_jul
7,2685.9676,mp_jul
5,2686.2674,mp_jul
14,2686.5671,mp_jul
14,2686.8669,mp_jul
3,2687.1667,mp_jul
2,2687.4665,mp_jul
1,2687.7663,mp_jul
11,2688.0661,mp_jul
2,2688.3659,mp_jul
7,2688.6656,mp_jul
8,2688.9655,mp_jul
7,2689.2652,mp_jul
1,2689.5651,mp_jul
4,2689.8648,mp_jul
12,2690.1646,mp_jul
17,2690.4644,mp_jul
13,2690.7642,mp_jul
17,2691.064,mp_jul
7,2691.3637,mp_jul
1,2691.6636,mp_jul
15,2691.9634,mp_jul
15,2692.2631,mp_jul
15,2692.5629,mp_jul
15,2692.8627,mp_jul
15,2693.1625,mp_jul
4,2693.4623,mp_jul
15,2693.7621,mp_jul
15,2694.0619,mp_jul
15,2694.3617,mp_jul
15,2694.6614,mp_jul
15,2694.9613,mp_jul
4,2695.261,mp_jul
12,2695.5609,mp_jul
1,2695.8606,mp_jul
1,2696.1604,mp_jul
3,2696.4602,mp_jul
14,2696.76,mp_jul
5,2697.0598,mp_jul
11,2697.3596,mp_jul
11,2697.6594,mp_jul
4,2697.9591,mp_jul
11,2698.2589,mp_jul
4,2698.5587,mp_jul
4,2698.8585,mp_jul
12,2699.1583,mp_jul
12,2699.4581,mp_jul
7,2699.7579,mp_jul
12,2700.0577,mp_jul
8,2700.3575,mp_jul
7,2700.6573,mp_jul
4,2700.957,mp_jul
11,2701.2568,mp_jul
14,2701.5566,mp_jul
16,2701.8564,mp_jul
14,2702.1562,mp_jul
3,2702.456,mp_jul
2,2702.7558,mp_jul
2,2703.0556,mp_jul
11,2703.3554,mp_jul
12,2703.6551,mp_jul
1,2703.9549,mp_jul
5,2704.2548,mp_jul
14,2704.5546,mp_jul
5,2704.8543,mp_jul
7,2705.1541,mp_jul
2,2705.4539,mp_jul
1,2705.7537,mp_jul
1,2706.0534,mp_jul
4,2706.3532,mp_jul
4,2706.653,mp_jul
11,2706.9529,mp_jul
12,2707.2526,mp_jul
12,2707.5524,mp_jul
7,2707.8522,mp_jul
15,2708.152,mp_jul
15,2708.4518,mp_jul
15,2708.7516,mp_jul
4,2709.0513,mp_jul
4,2709.3512,mp_jul
7,2709.6509,mp_jul
15,2709.9508,mp_jul
15,2710.2505,mp_jul
15,2710.5503,mp_jul
11,2710.8501,mp_jul
3,2711.1499,mp_jul
16,2711.4497,mp_jul
20,2711.7495,mp_jul
7,2712.0493,mp_jul
1,2712.3491,mp_jul
20,2712.6488,mp_jul
20,2712.9487,mp_jul
12,2713.2484,mp_jul
1,2713.5482,mp_jul
1,2713.848,mp_jul
11,2714.1478,mp_jul
1,2714.4476,mp_jul
7,2714.7473,mp_jul
17,2715.0471,mp_jul
7,2715.3469,mp_jul
7,2715.6467,mp_jul
3,2715.9465,mp_jul
3,2716.2464,mp_jul
3,2716.5461,mp_jul
11,2716.8459,mp_jul
3,2717.1457,mp_jul
11,2717.4454,mp_jul
11,2717.7452,mp_jul
3,2718.045,mp_jul
5,2718.3448,mp_jul
14,2718.6446,mp_jul
5,2718.9444,mp_jul
14,2719.2442,mp_jul
5,2719.544,mp_jul
14,2719.8438,mp_jul
14,2720.1436,mp_jul
14,2720.4434,mp_jul
14,2720.7431,mp_jul
11,2721.0429,mp_jul
15,2721.3427,mp_jul
15,2721.6425,mp_jul
15,2721.9423,mp_jul
15,2722.2421,mp_jul
15,2722.5419,mp_jul
15,2722.8417,mp_jul
17,2723.1414,mp_jul
17,2723.4412,mp_jul
7,2723.7411,mp_jul
12,2724.0408,mp_jul
4,2724.3406,mp_jul
11,2724.6404,mp_jul
4,2724.9402,mp_jul
4,2725.24,mp_jul
4,2725.5398,mp_jul
12,2725.8396,mp_jul
12,2726.1394,mp_jul
4,2726.4391,mp_jul
4,2726.7389,mp_jul
4,2727.0387,mp_jul
4,2727.3385,mp_jul
4,2727.6383,mp_jul
12,2727.9381,mp_jul
2,2728.2379,mp_jul
15,2728.5376,mp_jul
4,2728.8374,mp_jul
12,2729.1372,mp_jul
12,2729.437,mp_jul
12,2729.7367,mp_jul
12,2730.0365,mp_jul
5,2730.3364,mp_jul
11,2730.6361,mp_jul
12,2730.9359,mp_jul
1,2731.2357,mp_jul
7,2731.5355,mp_jul
5,2731.8353,mp_jul
14,2732.1351,mp_jul
7,2732.4349,mp_jul
3,2732.7397,mp_jul
11,2733.0344,mp_jul
7,2733.3343,mp_jul
17,2733.634,mp_jul
13,2733.9339,mp_jul
7,2734.2336,mp_jul
4,2734.5334,mp_jul
12,2734.8332,mp_jul
2,2735.133,mp_jul
5,2735.4328,mp_jul
7,2735.7325,mp_jul
7,2736.0324,mp_jul
2,2736.3322,mp_jul
3,2736.6319,mp_jul
11,2736.9317,mp_jul
12,2737.2315,mp_jul
5,2737.5313,mp_jul
3,2737.8311,mp_jul
5,2738.1308,mp_jul
11,2738.4307,mp_jul
5,2738.7305,mp_jul
7,2739.0303,mp_jul
7,2739.33,mp_jul
5,2739.6298,mp_jul
1,2739.9296,mp_jul
1,2740.2294,mp_jul
4,2740.5292,mp_jul
4,2740.829,mp_jul
11,2741.1287,mp_jul
12,2741.4285,mp_jul
12,2741.7284,mp_jul
12,2742.0281,mp_jul
12,2742.3279,mp_jul
12,2742.6277,mp_jul
12,2742.9275,mp_jul
17,2743.2273,mp_jul
4,2743.527,mp_jul
12,2743.8268,mp_jul
1,2744.1266,mp_jul
7,2744.4264,mp_jul
1,2744.7262,mp_jul
1,2745.026,mp_jul
4,2745.3258,mp_jul
7,2745.6256,mp_jul
17,2745.9254,mp_jul
7,2746.2252,mp_jul
17,2746.525,mp_jul
12,2746.8247,mp_jul
12,2747.1245,mp_jul
2,2747.4243,mp_jul
1,2747.7241,mp_jul
11,2748.0239,mp_jul
7,2748.3237,mp_jul
12,2748.6235,mp_jul
12,2748.9233,mp_jul
2,2749.2231,mp_jul
14,2749.5228,mp_jul
3,2749.8227,mp_jul
1,2750.1225,mp_jul
12,2750.4222,mp_jul
4,2750.722,mp_jul
4,2751.0218,mp_jul
2,2751.3216,mp_jul
4,2751.6214,mp_jul
12,2751.9212,mp_jul
4,2752.2209,mp_jul
4,2752.5207,mp_jul
4,2752.8205,mp_jul
4,2753.1203,mp_jul
12,2753.4201,mp_jul
4,2753.7199,mp_jul
1,2754.0197,mp_jul
1,2754.3194,mp_jul
1,2754.6193,mp_jul
1,2754.919,mp_jul
12,2755.2188,mp_jul
12,2755.5186,mp_jul
17,2755.8184,mp_jul
12,2756.1182,mp_jul
4,2756.418,mp_jul
4,2756.7178,mp_jul
4,2757.0176,mp_jul
12,2757.3174,mp_jul
4,2757.6172,mp_jul
12,2757.9169,mp_jul
7,2758.2167,mp_jul
4,2758.5165,mp_jul
2,2758.8163,mp_jul
4,2759.1161,mp_jul
4,2759.4159,mp_jul
4,2759.7157,mp_jul
11,2760.0155,mp_jul
1,2760.3153,mp_jul
2,2760.6151,mp_jul
4,2760.9148,mp_jul
4,2761.2147,mp_jul
2,2761.5144,mp_jul
4,2761.8142,mp_jul
15,2762.114,mp_jul
15,2762.4138,mp_jul
15,2762.7136,mp_jul
15,2763.0133,mp_jul
15,2763.3132,mp_jul
15,2763.6129,mp_jul
15,2763.9127,mp_jul
15,2764.2125,mp_jul
15,2764.5123,mp_jul
15,2764.8121,mp_jul
4,2765.1118,mp_jul
4,2765.4117,mp_jul
5,2765.7115,mp_jul
11,2766.0112,mp_jul
1,2766.311,mp_jul
1,2766.6109,mp_jul
14,2766.9106,mp_jul
5,2767.2104,mp_jul
11,2767.5102,mp_jul
17,2767.81,mp_jul
8,2768.1098,mp_jul
12,2768.4096,mp_jul
4,2768.7093,mp_jul
12,2769.0091,mp_jul
4,2769.3089,mp_jul
4,2769.6088,mp_jul
2,2769.9085,mp_jul
12,2770.2083,mp_jul
12,2770.5081,mp_jul
12,2770.8079,mp_jul
7,2771.1077,mp_jul
7,2771.4074,mp_jul
7,2771.7072,mp_jul
15,2772.007,mp_jul
12,2772.3068,mp_jul
5,2772.6066,mp_jul
1,2772.9064,mp_jul
4,2773.2062,mp_jul
4,2773.506,mp_jul
4,2773.8058,mp_jul
4,2774.1056,mp_jul
12,2774.4053,mp_jul
1,2774.7052,mp_jul
7,2775.0049,mp_jul
7,2775.3047,mp_jul
12,2775.6045,mp_jul
1,2775.9043,mp_jul
12,2776.2041,mp_jul
7,2776.5038,mp_jul
4,2776.8036,mp_jul
2,2777.1035,mp_jul
1,2777.4033,mp_jul
11,2777.703,mp_jul
4,2778.0028,mp_jul
12,2778.3027,mp_jul
7,2778.6024,mp_jul
2,2778.9022,mp_jul
1,2779.202,mp_jul
1,2779.5018,mp_jul
1,2779.8016,mp_jul
1,2780.1013,mp_jul
11,2780.4012,mp_jul
12,2780.7009,mp_jul
7,2781.0008,mp_jul
7,2781.3005,mp_jul
12,2781.6003,mp_jul
12,2781.9001,mp_jul
12,2782.1998,mp_jul
12,2782.4997,mp_jul
1,2782.7994,mp_jul
12,2783.0993,mp_jul
12,2783.3991,mp_jul
12,2783.6988,mp_jul
17,2783.9987,mp_jul
11,2784.2984,mp_jul
12,2784.5982,mp_jul
5,2784.898,mp_jul
1,2785.1977,mp_jul
11,2785.4976,mp_jul
5,2785.7973,mp_jul
1,2786.0972,mp_jul
1,2786.397,mp_jul
17,2786.6967,mp_jul
1,2786.9965,mp_jul
4,2787.2963,mp_jul
12,2787.5961,mp_jul
11,2787.8959,mp_jul
11,2788.1956,mp_jul
5,2788.4954,mp_jul
11,2788.7952,mp_jul
4,2789.095,mp_jul
4,2789.3948,mp_jul
4,2789.6946,mp_jul
12,2789.9944,mp_jul
11,2790.2942,mp_jul
16,2790.594,mp_jul
16,2790.8938,mp_jul
16,2791.1936,mp_jul
18,2791.4933,mp_jul
1,2791.7931,mp_jul
11,2792.0929,mp_jul
11,2792.3927,mp_jul
11,2792.6925,mp_jul
11,2792.9923,mp_jul
1,2793.2921,mp_jul
11,2793.5919,mp_jul
11,2793.8916,mp_jul
11,2794.1914,mp_jul
5,2794.4913,mp_jul
11,2794.791,mp_jul
5,2795.0908,mp_jul
1,2795.3906,mp_jul
1,2795.6904,mp_jul
1,2795.9902,mp_jul
3,2796.29,mp_jul
3,2796.5898,mp_jul
11,2796.8896,mp_jul
2,2797.1893,mp_jul
15,2797.4891,mp_jul
15,2797.7889,mp_jul
2,2798.0887,mp_jul
14,2798.3884,mp_jul
1,2798.6883,mp_jul
3,2798.988,mp_jul
15,2799.2878,mp_jul
11,2799.5876,mp_jul
18,2799.8874,mp_jul
7,2800.1871,mp_jul
5,2800.487,mp_jul
5,2800.7868,mp_jul
5,2801.0866,mp_jul
5,2801.3864,mp_jul
11,2801.6861,mp_jul
1,2801.9859,mp_jul
1,2802.2857,mp_jul
15,2802.5855,mp_jul
1,2802.8852,mp_jul
5,2803.1851,mp_jul
5,2803.4849,mp_jul
1,2803.7846,mp_jul
16,2804.0844,mp_jul
14,2804.3842,mp_jul
14,2804.684,mp_jul
5,2804.9838,mp_jul
5,2805.2836,mp_jul
18,2805.5834,mp_jul
18,2805.8831,mp_jul
5,2806.1829,mp_jul
18,2806.4828,mp_jul
15,2806.7825,mp_jul
15,2807.0823,mp_jul
4,2807.3821,mp_jul
6,2807.6819,mp_jul
10,2807.9817,mp_jul
20,2808.2815,mp_jul
20,2808.5812,mp_jul
20,2808.881,mp_jul
20,2809.1809,mp_jul
2,2809.4806,mp_jul
6,2809.7804,mp_jul
6,2810.0802,mp_jul
10,2810.38,mp_jul
10,2810.6798,mp_jul
7,2810.9796,mp_jul
2,2811.2794,mp_jul
2,2811.5791,mp_jul
5,2811.8789,mp_jul
18,2812.1787,mp_jul
18,2812.4785,mp_jul
22,2812.7783,mp_jul
18,2813.078,mp_jul
18,2813.3779,mp_jul
18,2813.6776,mp_jul
3,2813.9774,mp_jul
7,2814.2772,mp_jul
1,2814.577,mp_jul
11,2814.8768,mp_jul
11,2815.1765,mp_jul
3,2815.4763,mp_jul
18,2815.7762,mp_jul
2,2816.076,mp_jul
1,2816.3757,mp_jul
4,2816.6755,mp_jul
2,2816.9753,mp_jul
2,2817.2751,mp_jul
15,2817.5749,mp_jul
2,2817.8746,mp_jul
5,2818.1745,mp_jul
14,2818.4742,mp_jul
14,2818.774,mp_jul
14,2819.0738,mp_jul
8,2819.3736,mp_jul
25,2819.6734,mp_jul
14,2819.9732,mp_jul
1,2820.2729,mp_jul
7,2820.5727,mp_jul
17,2820.8725,mp_jul
8,2821.1724,mp_jul
12,2821.4721,mp_jul
8,2821.7719,mp_jul
17,2822.0716,mp_jul
7,2822.3715,mp_jul
8,2822.6713,mp_jul
2,2822.971,mp_jul
2,2823.2708,mp_jul
3,2823.5706,mp_jul
3,2823.8704,mp_jul
7,2824.1702,mp_jul
7,2824.47,mp_jul
1,2824.7698,mp_jul
11,2825.0696,mp_jul
7,2825.3693,mp_jul
7,2825.6691,mp_jul
1,2825.9689,mp_jul
5,2826.2687,mp_jul
16,2826.5685,mp_jul
20,2826.8683,mp_jul
24,2827.168,mp_jul
16,2827.4678,mp_jul
3,2827.7676,mp_jul
1,2828.0675,mp_jul
7,2828.3672,mp_jul
8,2828.667,mp_jul
13,2828.9668,mp_jul
7,2829.2665,mp_jul
7,2829.5663,mp_jul
13,2829.8662,mp_jul
7,2830.1659,mp_jul
1,2830.4657,mp_jul
3,2830.7655,mp_jul
12,2831.0653,mp_jul
7,2831.3651,mp_jul
12,2831.6649,mp_jul
7,2831.9646,mp_jul
12,2832.2644,mp_jul
5,2832.5643,mp_jul
5,2832.8641,mp_jul
20,2833.1638,mp_jul
3,2833.4636,mp_jul
7,2833.7634,mp_jul
7,2834.0632,mp_jul
3,2834.363,mp_jul
1,2834.6628,mp_jul
5,2834.9626,mp_jul
11,2835.2624,mp_jul
11,2835.5621,mp_jul
4,2835.8619,mp_jul
2,2836.1617,mp_jul
5,2836.4615,mp_jul
5,2836.7613,mp_jul
3,2837.061,mp_jul
3,2837.3609,mp_jul
5,2837.6607,mp_jul
11,2837.9604,mp_jul
3,2838.2602,mp_jul
5,2838.56,mp_jul
5,2838.8598,mp_jul
5,2839.1596,mp_jul
5,2839.4594,mp_jul
11,2839.7592,mp_jul
2,2840.059,mp_jul
2,2840.3588,mp_jul
5,2840.6586,mp_jul
5,2840.9583,mp_jul
3,2841.2581,mp_jul
3,2841.5579,mp_jul
16,2841.8577,mp_jul
5,2842.1575,mp_jul
3,2842.4573,mp_jul
14,2842.757,mp_jul
5,2843.0568,mp_jul
3,2843.3567,mp_jul
14,2843.6564,mp_jul
20,2843.9562,mp_jul
5,2844.256,mp_jul
14,2844.5558,mp_jul
14,2844.8556,mp_jul
20,2845.1553,mp_jul
20,2845.4551,mp_jul
20,2845.7549,mp_jul
3,2846.0547,mp_jul
11,2846.3545,mp_jul
5,2846.6543,mp_jul
5,2846.9541,mp_jul
5,2847.2539,mp_jul
3,2847.5536,mp_jul
14,2847.8534,mp_jul
14,2848.1532,mp_jul
20,2848.453,mp_jul
6,2848.7528,mp_jul
10,2849.0526,mp_jul
10,2849.3524,mp_jul
6,2849.6521,mp_jul
10,2849.952,mp_jul
4,2850.2518,mp_jul
12,2850.5516,mp_jul
12,2850.8513,mp_jul
12,2851.1511,mp_jul
4,2851.4509,mp_jul
10,2851.7506,mp_jul
4,2852.0505,mp_jul
11,2852.3502,mp_jul
18,2852.65,mp_jul
1,2852.9498,mp_jul
15,2853.2496,mp_jul
2,2853.5494,mp_jul
15,2853.8492,mp_jul
2,2854.149,mp_jul
2,2854.4488,mp_jul
4,2854.7486,mp_jul
7,2855.0484,mp_jul
12,2855.3481,mp_jul
3,2855.6479,mp_jul
25,2855.9477,mp_jul
8,2856.2475,mp_jul
17,2856.5473,mp_jul
18,2856.8471,mp_jul
3,2857.1468,mp_jul
1,2857.4466,mp_jul
5,2857.7464,mp_jul
14,2858.0462,mp_jul
8,2858.346,mp_jul
13,2858.6458,mp_jul
26,2858.9456,mp_jul
26,2859.2454,mp_jul
25,2859.5451,mp_jul
20,2859.8449,mp_jul
20,2860.1447,mp_jul
20,2860.4445,mp_jul
11,2860.7443,mp_jul
11,2861.0441,mp_jul
11,2861.3438,mp_jul
11,2861.6436,mp_jul
2,2861.9434,mp_jul
4,2862.2432,mp_jul
2,2862.543,mp_jul
11,2862.8428,mp_jul
4,2863.1426,mp_jul
2,2863.4424,mp_jul
4,2863.7422,mp_jul
12,2864.042,mp_jul
4,2864.3417,mp_jul
4,2864.6415,mp_jul
2,2864.9413,mp_jul
2,2865.2411,mp_jul
4,2865.5409,mp_jul
7,2865.8407,mp_jul
12,2866.1405,mp_jul
2,2866.4402,mp_jul
11,2866.74,mp_jul
14,2867.0398,mp_jul
14,2867.3396,mp_jul
25,2867.6394,mp_jul
7,2867.9392,mp_jul
7,2868.239,mp_jul
2,2868.5388,mp_jul
2,2868.8386,mp_jul
12,2869.1384,mp_jul
8,2869.4382,mp_jul
8,2869.738,mp_jul
17,2870.0377,mp_jul
7,2870.3375,mp_jul
10,2870.6373,mp_jul
10,2870.9371,mp_jul
6,2871.2369,mp_jul
6,2871.5367,mp_jul
2,2871.8364,mp_jul
4,2872.1362,mp_jul
4,2872.436,mp_jul
4,2872.7358,mp_jul
12,2873.0356,mp_jul
3,2873.3354,mp_jul
5,2873.6352,mp_jul
1,2873.9349,mp_jul
7,2874.2347,mp_jul
13,2874.5346,mp_jul
7,2874.8343,mp_jul
3,2875.1341,mp_jul
16,2875.4339,mp_jul
5,2875.7337,mp_jul
5,2876.0335,mp_jul
11,2876.3333,mp_jul
11,2876.633,mp_jul
7,2876.9329,mp_jul
17,2877.2326,mp_jul
7,2877.5324,mp_jul
2,2877.8322,mp_jul
2,2878.132,mp_jul
4,2878.4317,mp_jul
11,2878.7316,mp_jul
1,2879.0314,mp_jul
11,2879.3311,mp_jul
1,2879.6309,mp_jul
2,2879.9308,mp_jul
12,2880.2305,mp_jul
17,2880.5303,mp_jul
13,2880.8301,mp_jul
8,2881.1299,mp_jul
12,2881.4297,mp_jul
2,2881.7295,mp_jul
4,2882.0292,mp_jul
11,2882.3291,mp_jul
5,2882.6288,mp_jul
1,2882.9286,mp_jul
1,2883.2284,mp_jul
12,2883.5282,mp_jul
17,2883.828,mp_jul
17,2884.1277,mp_jul
13,2884.4276,mp_jul
1,2884.7274,mp_jul
17,2885.0271,mp_jul
8,2885.3269,mp_jul
5,2885.6267,mp_jul
11,2885.9265,mp_jul
11,2886.2263,mp_jul
11,2886.5261,mp_jul
1,2886.8259,mp_jul
11,2887.1257,mp_jul
11,2887.4255,mp_jul
11,2887.7252,mp_jul
11,2888.025,mp_jul
8,2888.3248,mp_jul
17,2888.6246,mp_jul
17,2888.9244,mp_jul
13,2889.2242,mp_jul
13,2889.524,mp_jul
8,2889.8237,mp_jul
17,2890.1236,mp_jul
13,2890.4234,mp_jul
13,2890.7232,mp_jul
13,2891.0229,mp_jul
12,2891.3227,mp_jul
17,2891.6225,mp_jul
2,2891.9223,mp_jul
3,2892.222,mp_jul
15,2892.5219,mp_jul
15,2892.8217,mp_jul
5,2893.1214,mp_jul
18,2893.4212,mp_jul
3,2893.721,mp_jul
5,2894.0208,mp_jul
5,2894.3206,mp_jul
14,2894.6204,mp_jul
3,2894.9202,mp_jul
3,2895.22,mp_jul
1,2895.5197,mp_jul
3,2895.8195,mp_jul
1,2896.1193,mp_jul
22,2896.4191,mp_jul
3,2896.7189,mp_jul
3,2897.0187,mp_jul
11,2897.3185,mp_jul
1,2897.6183,mp_jul
3,2897.918,mp_jul
5,2898.2179,mp_jul
3,2898.5177,mp_jul
17,2898.8174,mp_jul
8,2899.1172,mp_jul
5,2899.417,mp_jul
3,2899.7168,mp_jul
11,2900.0166,mp_jul
11,2900.3163,mp_jul
2,2900.6162,mp_jul
2,2900.9159,mp_jul
5,2901.2157,mp_jul
11,2901.5155,mp_jul
5,2901.8153,mp_jul
5,2902.1151,mp_jul
5,2902.4149,mp_jul
3,2902.7147,mp_jul
1,2903.0145,mp_jul
14,2903.3143,mp_jul
18,2903.6141,mp_jul
18,2903.9138,mp_jul
22,2904.2136,mp_jul
22,2904.5134,mp_jul
3,2904.8132,mp_jul
1,2905.113,mp_jul
1,2905.4128,mp_jul
2,2905.7125,mp_jul
2,2906.0124,mp_jul
3,2906.3121,mp_jul
3,2906.612,mp_jul
5,2906.9117,mp_jul
3,2907.2115,mp_jul
5,2907.5113,mp_jul
15,2907.8111,mp_jul
18,2908.1108,mp_jul
22,2908.4106,mp_jul
22,2908.7104,mp_jul
18,2909.0102,mp_jul
2,2909.31,mp_jul
2,2909.6098,mp_jul
4,2909.9096,mp_jul
4,2910.2094,mp_jul
1,2910.5092,mp_jul
11,2910.809,mp_jul
3,2911.1087,mp_jul
3,2911.4085,mp_jul
14,2911.7083,mp_jul
17,2912.0081,mp_jul
3,2912.3079,mp_jul
11,2912.6077,mp_jul
11,2912.9075,mp_jul
5,2913.2073,mp_jul
5,2913.507,mp_jul
3,2913.8068,mp_jul
1,2914.1066,mp_jul
5,2914.4064,mp_jul
2,2914.7062,mp_jul
2,2915.006,mp_jul
2,2915.3058,mp_jul
15,2915.6055,mp_jul
15,2915.9053,mp_jul
15,2916.2052,mp_jul
4,2916.5049,mp_jul
2,2916.8047,mp_jul
4,2917.1045,mp_jul
12,2917.4043,mp_jul
12,2917.704,mp_jul
2,2918.0038,mp_jul
1,2918.3036,mp_jul
11,2918.6034,mp_jul
3,2918.9032,mp_jul
5,2919.2029,mp_jul
1,2919.5028,mp_jul
2,2919.8026,mp_jul
10,2920.1024,mp_jul
10,2920.4022,mp_jul
6,2920.702,mp_jul
2,2921.0017,mp_jul
6,2921.3015,mp_jul
10,2921.6012,mp_jul
10,2921.9011,mp_jul
6,2922.2009,mp_jul
6,2922.5006,mp_jul
6,2922.8004,mp_jul
6,2923.1002,mp_jul
6,2923.4,mp_jul
20,2923.6998,mp_jul
16,2923.9996,mp_jul
20,2924.2994,mp_jul
5,2924.5992,mp_jul
3,2924.899,mp_jul
18,2925.1987,mp_jul
18,2925.4985,mp_jul
25,2925.7982,mp_jul
22,2926.0981,mp_jul
18,2926.3979,mp_jul
18,2926.6976,mp_jul
1,2926.9974,mp_jul
7,2927.2972,mp_jul
26,2927.597,mp_jul
8,2927.8968,mp_jul
26,2928.1966,mp_jul
26,2928.4963,mp_jul
21,2928.7961,mp_jul
21,2929.096,mp_jul
21,2929.3957,mp_jul
26,2929.6955,mp_jul
25,2929.9953,mp_jul
25,2930.2951,mp_jul
25,2930.5948,mp_jul
12,2930.8947,mp_jul
7,2931.1944,mp_jul
1,2931.4942,mp_jul
2,2931.794,mp_jul
20,2932.0938,mp_jul
24,2932.3936,mp_jul
24,2932.6934,mp_jul
24,2932.9932,mp_jul
20,2933.293,mp_jul
24,2933.5927,mp_jul
24,2933.8925,mp_jul
20,2934.1924,mp_jul
17,2934.4921,mp_jul
17,2934.7919,mp_jul
20,2935.0917,mp_jul
20,2935.3915,mp_jul
16,2935.6913,mp_jul
5,2935.991,mp_jul
6,2936.2909,mp_jul
12,2936.5906,mp_jul
12,2936.8904,mp_jul
4,2937.1901,mp_jul
12,2937.49,mp_jul
4,2937.7897,mp_jul
2,2938.0895,mp_jul
4,2938.3893,mp_jul
4,2938.6891,mp_jul
2,2938.9889,mp_jul
2,2939.2886,mp_jul
4,2939.5885,mp_jul
4,2939.8883,mp_jul
4,2940.188,mp_jul
1,2940.4878,mp_jul
12,2940.7876,mp_jul
11,2941.0874,mp_jul
11,2941.3872,mp_jul
5,2941.6869,mp_jul
2,2941.9868,mp_jul
2,2942.2866,mp_jul
6,2942.5863,mp_jul
3,2942.8861,mp_jul
3,2943.1859,mp_jul
18,2943.4857,mp_jul
18,2943.7855,mp_jul
18,2944.0852,mp_jul
23,2944.385,mp_jul
23,2944.6848,mp_jul
23,2944.9846,mp_jul
9,2945.2844,mp_jul
2,2945.5842,mp_jul
4,2945.8839,mp_jul
6,2946.1837,mp_jul
6,2946.4836,mp_jul
6,2946.7833,mp_jul
6,2947.0831,mp_jul
6,2947.3829,mp_jul
6,2947.6827,mp_jul
19,2947.9825,mp_jul
9,2948.2822,mp_jul
14,2948.582,mp_jul
14,2948.8818,mp_jul
14,2949.1816,mp_jul
9,2949.4813,mp_jul
11,2949.7812,mp_jul
10,2950.081,mp_jul
6,2950.3808,mp_jul
6,2950.6805,mp_jul
6,2950.9803,mp_jul
6,2951.2801,mp_jul
6,2951.5799,mp_jul
6,2951.8797,mp_jul
4,2952.1795,mp_jul
3,2952.4792,mp_jul
5,2952.7791,mp_jul
11,2953.0788,mp_jul
5,2953.3787,mp_jul
9,2953.6784,mp_jul
16,2953.9781,mp_jul
5,2954.278,mp_jul
5,2954.5778,mp_jul
2,2954.8775,mp_jul
5,2955.1773,mp_jul
20,2955.4771,mp_jul
20,2955.7769,mp_jul
3,2956.0767,mp_jul
1,2956.3764,mp_jul
5,2956.6763,mp_jul
1,2956.9761,mp_jul
2,2957.2758,mp_jul
19,2957.5756,mp_jul
24,2957.8754,mp_jul
19,2958.1752,mp_jul
3,2958.4749,mp_jul
9,2958.7747,mp_jul
9,2959.0745,mp_jul
9,2959.3743,mp_jul
9,2959.6741,mp_jul
9,2959.9739,mp_jul
9,2960.2736,mp_jul
5,2960.5735,mp_jul
11,2960.8732,mp_jul
1,2961.173,mp_jul
5,2961.4728,mp_jul
4,2961.7726,mp_jul
1,2962.0724,mp_jul
2,2962.3722,mp_jul
1,2962.672,mp_jul
4,2962.9717,mp_jul
4,2963.2715,mp_jul
12,2963.5713,mp_jul
2,2963.8711,mp_jul
4,2964.1709,mp_jul
12,2964.4707,mp_jul
2,2964.7705,mp_jul
11,2965.0703,mp_jul
3,2965.37,mp_jul
22,2965.6698,mp_jul
3,2965.9696,mp_jul
18,2966.2694,mp_jul
11,2966.5692,mp_jul
11,2966.8689,mp_jul
11,2967.1687,mp_jul
4,2967.4685,mp_jul
12,2967.7683,mp_jul
12,2968.0681,mp_jul
12,2968.3679,mp_jul
12,2968.6677,mp_jul
4,2968.9675,mp_jul
3,2969.2672,mp_jul
9,2969.567,mp_jul
9,2969.8668,mp_jul
9,2970.1666,mp_jul
9,2970.4664,mp_jul
9,2970.7662,mp_jul
9,2971.0659,mp_jul
9,2971.3657,mp_jul
9,2971.6655,mp_jul
9,2971.9653,mp_jul
16,2972.265,mp_jul
3,2972.5649,mp_jul
6,2972.8647,mp_jul
6,2973.1645,mp_jul
7,2973.4642,mp_jul
10,2973.764,mp_jul
6,2974.0638,mp_jul
20,2974.3636,mp_jul
20,2974.6634,mp_jul
20,2974.9632,mp_jul
19,2975.2629,mp_jul
16,2975.5628,mp_jul
3,2975.8625,mp_jul
3,2976.1623,mp_jul
11,2976.462,mp_jul
4,2976.7619,mp_jul
4,2977.0617,mp_jul
4,2977.3614,mp_jul
4,2977.6612,mp_jul
11,2977.961,mp_jul
1,2978.2608,mp_jul
11,2978.5606,mp_jul
1,2978.8604,mp_jul
12,2979.1601,mp_jul
8,2979.4599,mp_jul
7,2979.7597,mp_jul
12,2980.0595,mp_jul
7,2980.3593,mp_jul
4,2980.659,mp_jul
5,2980.9588,mp_jul
2,2981.2587,mp_jul
11,2981.5585,mp_jul
16,2981.8582,mp_jul
14,2982.158,mp_jul
5,2982.4578,mp_jul
11,2982.7576,mp_jul
5,2983.0573,mp_jul
2,2983.3572,mp_jul
2,2983.6569,mp_jul
6,2983.9567,mp_jul
10,2984.2565,mp_jul
12,2984.5563,mp_jul
12,2984.8561,mp_jul
7,2985.1558,mp_jul
6,2985.4556,mp_jul
10,2985.7554,mp_jul
10,2986.0552,mp_jul
10,2986.355,mp_jul
1,2986.6548,mp_jul
4,2986.9546,mp_jul
2,2987.2544,mp_jul
10,2987.5541,mp_jul
10,2987.854,mp_jul
6,2988.1538,mp_jul
12,2988.4535,mp_jul
2,2988.7532,mp_jul
4,2989.0531,mp_jul
2,2989.3529,mp_jul
4,2989.6526,mp_jul
12,2989.9524,mp_jul
2,2990.2522,mp_jul
12,2990.552,mp_jul
7,2990.8517,mp_jul
4,2991.1516,mp_jul
4,2991.4514,mp_jul
2,2991.7512,mp_jul
4,2992.0509,mp_jul
4,2992.3507,mp_jul
4,2992.6505,mp_jul
12,2992.9503,mp_jul
12,2993.2501,mp_jul
5,2993.5499,mp_jul
4,2993.8497,mp_jul
1,2994.1495,mp_jul
4,2994.4492,mp_jul
1,2994.749,mp_jul
7,2995.0488,mp_jul
1,2995.3486,mp_jul
7,2995.6484,mp_jul
11,2995.9482,mp_jul
2,2996.248,mp_jul
2,2996.5477,mp_jul
4,2996.8475,mp_jul
2,2997.1473,mp_jul
4,2997.4471,mp_jul
1,2997.7469,mp_jul
12,2998.0467,mp_jul
11,2998.3464,mp_jul
4,2998.6462,mp_jul
4,2998.946,mp_jul
4,2999.2458,mp_jul
4,2999.5456,mp_jul
11,2999.8454,mp_jul
4,3000.1452,mp_jul
4,3000.445,mp_jul
4,3000.7447,mp_jul
4,3001.0445,mp_jul
4,3001.3443,mp_jul
12,3001.6441,mp_jul
4,3001.9439,mp_jul
12,3002.2437,mp_jul
17,3002.5435,mp_jul
12,3002.8433,mp_jul
5,3003.1431,mp_jul
14,3003.4428,mp_jul
3,3003.7427,mp_jul
16,3004.0424,mp_jul
2,3004.3422,mp_jul
11,3004.642,mp_jul
5,3004.9418,mp_jul
11,3005.2415,mp_jul
1,3005.5413,mp_jul
11,3005.8411,mp_jul
4,3006.1409,mp_jul
2,3006.4407,mp_jul
18,3006.7404,mp_jul
18,3007.0403,mp_jul
18,3007.34,mp_jul
5,3007.6399,mp_jul
11,3007.9396,mp_jul
11,3008.2394,mp_jul
9,3008.5392,mp_jul
9,3008.839,mp_jul
9,3009.1388,mp_jul
9,3009.4386,mp_jul
9,3009.7383,mp_jul
9,3010.0382,mp_jul
9,3010.338,mp_jul
9,3010.6377,mp_jul
9,3010.9375,mp_jul
9,3011.2373,mp_jul
9,3011.5371,mp_jul
22,3011.8369,mp_jul
15,3012.1366,mp_jul
4,3012.4364,mp_jul
12,3012.7363,mp_jul
4,3013.036,mp_jul
6,3013.3358,mp_jul
6,3013.6356,mp_jul
6,3013.9354,mp_jul
6,3014.2352,mp_jul
6,3014.535,mp_jul
6,3014.8348,mp_jul
6,3015.1346,mp_jul
6,3015.4343,mp_jul
6,3015.7341,mp_jul
2,3016.0339,mp_jul
20,3016.3337,mp_jul
5,3016.6334,mp_jul
10,3016.9333,mp_jul
10,3017.233,mp_jul
1,3017.5328,mp_jul
11,3017.8326,mp_jul
20,3018.1324,mp_jul
3,3018.4322,mp_jul
5,3018.732,mp_jul
11,3019.0317,mp_jul
4,3019.3316,mp_jul
11,3019.6313,mp_jul
4,3019.9311,mp_jul
4,3020.2309,mp_jul
2,3020.5307,mp_jul
2,3020.8305,mp_jul
15,3021.1302,mp_jul
15,3021.43,mp_jul
15,3021.7298,mp_jul
15,3022.0296,mp_jul
15,3022.3294,mp_jul
4,3022.6292,mp_jul
5,3022.929,mp_jul
1,3023.2287,mp_jul
12,3023.5285,mp_jul
12,3023.8284,mp_jul
5,3024.1281,mp_jul
11,3024.4279,mp_jul
2,3024.7277,mp_jul
12,3025.0275,mp_jul
11,3025.3273,mp_jul
11,3025.627,mp_jul
5,3025.9268,mp_jul
2,3026.2267,mp_jul
11,3026.5264,mp_jul
18,3026.8262,mp_jul
9,3027.126,mp_jul
9,3027.4257,mp_jul
9,3027.7255,mp_jul
9,3028.0253,mp_jul
9,3028.3251,mp_jul
9,3028.6249,mp_jul
9,3028.9247,mp_jul
22,3029.2245,mp_jul
3,3029.5243,mp_jul
14,3029.8241,mp_jul
5,3030.1238,mp_jul
16,3030.4236,mp_jul
5,3030.7235,mp_jul
20,3031.0232,mp_jul
20,3031.323,mp_jul
20,3031.6227,mp_jul
20,3031.9226,mp_jul
3,3032.2223,mp_jul
1,3032.5221,mp_jul
5,3032.8219,mp_jul
20,3033.1217,mp_jul
20,3033.4214,mp_jul
20,3033.7212,mp_jul
20,3034.0211,mp_jul
20,3034.3208,mp_jul
20,3034.6206,mp_jul
20,3034.9204,mp_jul
19,3035.2202,mp_jul
20,3035.52,mp_jul
20,3035.8198,mp_jul
10,3036.1196,mp_jul
5,3036.4193,mp_jul
6,3036.7191,mp_jul
6,3037.0189,mp_jul
11,3037.3187,mp_jul
9,3037.6185,mp_jul
9,3037.9182,mp_jul
9,3038.218,mp_jul
9,3038.5178,mp_jul
9,3038.8176,mp_jul
9,3039.1174,mp_jul
19,3039.4172,mp_jul
3,3039.717,mp_jul
16,3040.0167,mp_jul
5,3040.3165,mp_jul
2,3040.6163,mp_jul
2,3040.9161,mp_jul
2,3041.2159,mp_jul
4,3041.5156,mp_jul
7,3041.8155,mp_jul
7,3042.1152,mp_jul
12,3042.415,mp_jul
2,3042.7148,mp_jul
4,3043.0146,mp_jul
4,3043.3144,mp_jul
15,3043.6141,mp_jul
15,3043.914,mp_jul
15,3044.2137,mp_jul
15,3044.5135,mp_jul
15,3044.8133,mp_jul
15,3045.1132,mp_jul
15,3045.4129,mp_jul
15,3045.7126,mp_jul
1,3046.0124,mp_jul
18,3046.3123,mp_jul
18,3046.612,mp_jul
16,3046.9118,mp_jul
5,3047.2116,mp_jul
11,3047.5114,mp_jul
12,3047.8112,mp_jul
4,3048.111,mp_jul
12,3048.4108,mp_jul
4,3048.7105,mp_jul
4,3049.0103,mp_jul
11,3049.3101,mp_jul
16,3049.6099,mp_jul
3,3049.9097,mp_jul
4,3050.2094,mp_jul
1,3050.5092,mp_jul
1,3050.809,mp_jul
1,3051.1088,mp_jul
5,3051.4086,mp_jul
5,3051.7084,mp_jul
3,3052.0082,mp_jul
1,3052.308,mp_jul
4,3052.6077,mp_jul
12,3052.9075,mp_jul
12,3053.2073,mp_jul
11,3053.5071,mp_jul
4,3053.8069,mp_jul
11,3054.1067,mp_jul
1,3054.4065,mp_jul
2,3054.7062,mp_jul
2,3055.006,mp_jul
15,3055.3058,mp_jul
15,3055.6056,mp_jul
5,3055.9054,mp_jul
11,3056.2051,mp_jul
5,3056.5049,mp_jul
3,3056.8047,mp_jul
17,3057.1045,mp_jul
7,3057.4043,mp_jul
1,3057.7041,mp_jul
4,3058.0039,mp_jul
11,3058.3037,mp_jul
2,3058.6034,mp_jul
4,3058.9033,mp_jul
4,3059.203,mp_jul
12,3059.5028,mp_jul
4,3059.8026,mp_jul
12,3060.1024,mp_jul
15,3060.4022,mp_jul
15,3060.702,mp_jul
15,3061.0018,mp_jul
15,3061.3015,mp_jul
15,3061.6014,mp_jul
15,3061.9011,mp_jul
15,3062.2009,mp_jul
15,3062.5007,mp_jul
15,3062.8005,mp_jul
1,3063.1003,mp_jul
11,3063.4001,mp_jul
5,3063.6999,mp_jul
16,3063.9996,mp_jul
1,3064.2995,mp_jul
17,3064.5992,mp_jul
17,3064.899,mp_jul
12,3065.1988,mp_jul
3,3065.4986,mp_jul
5,3065.7984,mp_jul
2,3066.0982,mp_jul
3,3066.398,mp_jul
3,3066.6977,mp_jul
3,3066.9975,mp_jul
2,3067.2973,mp_jul
4,3067.5971,mp_jul
2,3067.8969,mp_jul
11,3068.1966,mp_jul
2,3068.4965,mp_jul
1,3068.7963,mp_jul
5,3069.096,mp_jul
11,3069.3958,mp_jul
1,3069.6956,mp_jul
5,3069.9954,mp_jul
3,3070.2952,mp_jul
14,3070.595,mp_jul
25,3070.8947,mp_jul
5,3071.1946,mp_jul
3,3071.4943,mp_jul
1,3071.7941,mp_jul
11,3072.0939,mp_jul
7,3072.3937,mp_jul
17,3072.6935,mp_jul
11,3072.9932,mp_jul
7,3073.293,mp_jul
8,3073.5929,mp_jul
13,3073.8926,mp_jul
17,3074.1924,mp_jul
12,3074.4921,mp_jul
11,3074.792,mp_jul
2,3075.0918,mp_jul
12,3075.3916,mp_jul
4,3075.6913,mp_jul
4,3075.9911,mp_jul
4,3076.2909,mp_jul
11,3076.5907,mp_jul
2,3076.8905,mp_jul
1,3077.1902,mp_jul
12,3077.4901,mp_jul
5,3077.7899,mp_jul
2,3078.0896,mp_jul
11,3078.3894,mp_jul
4,3078.6892,mp_jul
4,3078.989,mp_jul
11,3079.2888,mp_jul
5,3079.5886,mp_jul
1,3079.8883,mp_jul
7,3080.1882,mp_jul
3,3080.4879,mp_jul
7,3080.7877,mp_jul
1,3081.0875,mp_jul
7,3081.3873,mp_jul
11,3081.6871,mp_jul
11,3081.9868,mp_jul
2,3082.2867,mp_jul
3,3082.5864,mp_jul
18,3082.8862,mp_jul
16,3083.186,mp_jul
3,3083.4858,mp_jul
2,3083.7856,mp_jul
18,3084.0854,mp_jul
5,3084.3852,mp_jul
2,3084.685,mp_jul
3,3084.9847,mp_jul
7,3085.2845,mp_jul
5,3085.5843,mp_jul
2,3085.8841,mp_jul
11,3086.1839,mp_jul
4,3086.4837,mp_jul
15,3086.7834,mp_jul
15,3087.0832,mp_jul
15,3087.383,mp_jul
15,3087.6828,mp_jul
15,3087.9826,mp_jul
15,3088.2824,mp_jul
2,3088.5821,mp_jul
22,3088.882,mp_jul
14,3089.1818,mp_jul
5,3089.4815,mp_jul
14,3089.7813,mp_jul
20,3090.0811,mp_jul
20,3090.3809,mp_jul
7,3090.6807,mp_jul
11,3090.9804,mp_jul
11,3091.2803,mp_jul
11,3091.58,mp_jul
11,3091.8798,mp_jul
5,3092.1796,mp_jul
3,3092.4794,mp_jul
5,3092.7791,mp_jul
11,3093.079,mp_jul
5,3093.3788,mp_jul
11,3093.6785,mp_jul
11,3093.9783,mp_jul
1,3094.278,mp_jul
3,3094.5779,mp_jul
3,3094.8776,mp_jul
3,3095.1774,mp_jul
3,3095.4772,mp_jul
11,3095.777,mp_jul
4,3096.0768,mp_jul
11,3096.3766,mp_jul
1,3096.6764,mp_jul
1,3096.9762,mp_jul
7,3097.276,mp_jul
1,3097.5757,mp_jul
1,3097.8756,mp_jul
2,3098.1753,mp_jul
12,3098.4751,mp_jul
6,3098.7749,mp_jul
6,3099.0747,mp_jul
6,3099.3745,mp_jul
6,3099.6742,mp_jul
2,3099.974,mp_jul
4,3100.2739,mp_jul
12,3100.5736,mp_jul
12,3100.8734,mp_jul
10,3101.1732,mp_jul
10,3101.4729,mp_jul
6,3101.7728,mp_jul
10,3102.0725,mp_jul
10,3102.3724,mp_jul
6,3102.6721,mp_jul
6,3102.9718,mp_jul
6,3103.2717,mp_jul
2,3103.5715,mp_jul
12,3103.8712,mp_jul
12,3104.171,mp_jul
2,3104.4708,mp_jul
12,3104.7706,mp_jul
6,3105.0704,mp_jul
6,3105.3702,mp_jul
2,3105.67,mp_jul
1,3105.9697,mp_jul
12,3106.2695,mp_jul
1,3106.5694,mp_jul
16,3106.8691,mp_jul
7,3107.1689,mp_jul
8,3107.4687,mp_jul
1,3107.7685,mp_jul
12,3108.0683,mp_jul
1,3108.3681,mp_jul
5,3108.6678,mp_jul
3,3108.9676,mp_jul
5,3109.2674,mp_jul
7,3109.5672,mp_jul
1,3109.867,mp_jul
11,3110.1668,mp_jul
2,3110.4666,mp_jul
12,3110.7663,mp_jul
17,3111.0661,mp_jul
7,3111.366,mp_jul
6,3111.6657,mp_jul
1,3111.9655,mp_jul
12,3112.2652,mp_jul
6,3112.5651,mp_jul
6,3112.8648,mp_jul
6,3113.1646,mp_jul
4,3113.4644,mp_jul
2,3113.7642,mp_jul
4,3114.064,mp_jul
4,3114.3638,mp_jul
2,3114.6636,mp_jul
15,3114.9634,mp_jul
12,3115.2632,mp_jul
12,3115.5629,mp_jul
12,3115.8627,mp_jul
4,3116.1625,mp_jul
20,3116.4623,mp_jul
3,3116.7621,mp_jul
14,3117.0619,mp_jul
17,3117.3617,mp_jul
25,3117.6614,mp_jul
14,3117.9612,mp_jul
5,3118.261,mp_jul
2,3118.5608,mp_jul
6,3118.8606,mp_jul
12,3119.1604,mp_jul
3,3119.4601,mp_jul
3,3119.76,mp_jul
14,3120.0598,mp_jul
14,3120.3596,mp_jul
14,3120.9591,mp_jul
5,3121.2589,mp_jul
20,3121.5587,mp_jul
20,3121.8585,mp_jul
5,3122.1583,mp_jul
11,3122.458,mp_jul
5,3122.7578,mp_jul
16,3123.0576,mp_jul
14,3123.3574,mp_jul
5,3123.6572,mp_jul
5,3123.957,mp_jul
3,3124.2568,mp_jul
3,3124.5565,mp_jul
5,3124.8563,mp_jul
5,3125.1561,mp_jul
16,3125.4559,mp_jul
5,3125.7557,mp_jul
11,3126.0555,mp_jul
1,3126.3553,mp_jul
1,3126.6551,mp_jul
1,3126.9548,mp_jul
5,3127.2546,mp_jul
1,3127.5544,mp_jul
11,3127.8542,mp_jul
11,3128.154,mp_jul
11,3128.4538,mp_jul
11,3128.7536,mp_jul
5,3129.0534,mp_jul
11,3129.3532,mp_jul
1,3129.6529,mp_jul
2,3129.9527,mp_jul
2,3130.2524,mp_jul
15,3130.5523,mp_jul
15,3130.8521,mp_jul
4,3131.1518,mp_jul
12,3131.4516,mp_jul
12,3131.7514,mp_jul
12,3132.0513,mp_jul
4,3132.3509,mp_jul
4,3132.6508,mp_jul
4,3132.9505,mp_jul
2,3133.2504,mp_jul
15,3133.5501,mp_jul
15,3133.8499,mp_jul
11,3134.1497,mp_jul
16,3134.4495,mp_jul
5,3134.7493,mp_jul
2,3135.0491,mp_jul
4,3135.3489,mp_jul
15,3135.6486,mp_jul
15,3135.9484,mp_jul
15,3136.2482,mp_jul
4,3136.548,mp_jul
11,3136.8478,mp_jul
11,3137.1476,mp_jul
4,3137.4474,mp_jul
12,3137.7472,mp_jul
12,3138.0469,mp_jul
4,3138.3467,mp_jul
4,3138.6466,mp_jul
15,3138.9463,mp_jul
15,3139.2461,mp_jul
2,3139.5459,mp_jul
1,3139.8456,mp_jul
15,3140.1455,mp_jul
11,3140.4452,mp_jul
15,3140.745,mp_jul
7,3141.0448,mp_jul
12,3141.3446,mp_jul
4,3141.6443,mp_jul
4,3141.9442,mp_jul
12,3142.244,mp_jul
2,3142.5437,mp_jul
12,3142.8436,mp_jul
4,3143.1433,mp_jul
4,3143.4431,mp_jul
6,3143.7429,mp_jul
6,3144.0427,mp_jul
6,3144.3425,mp_jul
6,3144.6423,mp_jul
6,3144.942,mp_jul
6,3145.2418,mp_jul
6,3145.5416,mp_jul
10,3145.8414,mp_jul
10,3146.1412,mp_jul
6,3146.441,mp_jul
7,3146.7408,mp_jul
10,3147.0406,mp_jul
12,3147.3404,mp_jul
7,3147.6401,mp_jul
2,3147.9399,mp_jul
6,3148.2397,mp_jul
12,3148.5395,mp_jul
2,3148.8393,mp_jul
2,3149.139,mp_jul
16,3149.4388,mp_jul
3,3149.7386,mp_jul
1,3150.0384,mp_jul
11,3150.3382,mp_jul
1,3150.638,mp_jul
5,3150.9377,mp_jul
1,3151.2375,mp_jul
11,3151.5374,mp_jul
1,3151.8372,mp_jul
1,3152.1369,mp_jul
17,3152.4367,mp_jul
13,3152.7365,mp_jul
7,3153.0363,mp_jul
18,3153.336,mp_jul
18,3153.6358,mp_jul
18,3153.9356,mp_jul
18,3154.2354,mp_jul
18,3154.5352,mp_jul
5,3154.835,mp_jul
11,3155.1348,mp_jul
2,3155.4346,mp_jul
6,3155.7343,mp_jul
6,3156.0341,mp_jul
2,3156.3339,mp_jul
4,3156.6337,mp_jul
4,3156.9335,mp_jul
11,3157.2333,mp_jul
16,3157.533,mp_jul
5,3157.8328,mp_jul
14,3158.1326,mp_jul
1,3158.4324,mp_jul
11,3158.7322,mp_jul
10,3159.032,mp_jul
6,3159.3318,mp_jul
6,3159.6316,mp_jul
2,3159.9313,mp_jul
20,3160.2312,mp_jul
25,3160.5309,mp_jul
17,3160.8307,mp_jul
7,3161.1305,mp_jul
3,3161.4303,mp_jul
11,3161.7301,mp_jul
4,3162.0299,mp_jul
6,3162.3296,mp_jul
6,3162.6294,mp_jul
11,3162.9292,mp_jul
11,3163.229,mp_jul
11,3163.5288,mp_jul
2,3163.8286,mp_jul
4,3164.1284,mp_jul
12,3164.4282,mp_jul
1,3164.7279,mp_jul
1,3165.0277,mp_jul
3,3165.3275,mp_jul
16,3165.6273,mp_jul
5,3165.9271,mp_jul
5,3166.2268,mp_jul
5,3166.5266,mp_jul
16,3166.8264,mp_jul
16,3167.1262,mp_jul
3,3167.426,mp_jul
1,3167.7257,mp_jul
4,3168.0255,mp_jul
4,3168.3254,mp_jul
11,3168.6252,mp_jul
1,3168.9249,mp_jul
12,3169.2247,mp_jul
12,3169.5245,mp_jul
4,3169.8243,mp_jul
4,3170.1241,mp_jul
12,3170.4239,mp_jul
12,3170.7237,mp_jul
12,3171.0235,mp_jul
12,3171.3232,mp_jul
12,3171.623,mp_jul
2,3171.9228,mp_jul
4,3172.2226,mp_jul
12,3172.5223,mp_jul
12,3172.8221,mp_jul
4,3173.122,mp_jul
11,3173.4217,mp_jul
1,3173.7215,mp_jul
1,3174.0213,mp_jul
1,3174.3211,mp_jul
1,3174.6209,mp_jul
4,3174.9207,mp_jul
2,3175.2205,mp_jul
11,3175.5202,mp_jul
12,3175.82,mp_jul
12,3176.1198,mp_jul
12,3176.4196,mp_jul
7,3176.7194,mp_jul
4,3177.0191,mp_jul
12,3177.319,mp_jul
12,3177.6188,mp_jul
1,3177.9185,mp_jul
3,3178.2184,mp_jul
5,3178.5181,mp_jul
3,3178.8179,mp_jul
1,3179.1177,mp_jul
4,3179.4174,mp_jul
4,3179.7172,mp_jul
1,3180.0171,mp_jul
1,3180.3168,mp_jul
12,3180.6166,mp_jul
12,3180.9164,mp_jul
7,3181.2162,mp_jul
4,3181.516,mp_jul
4,3181.8158,mp_jul
4,3182.1156,mp_jul
4,3182.4154,mp_jul
4,3182.7151,mp_jul
4,3183.0149,mp_jul
4,3183.3147,mp_jul
4,3183.6145,mp_jul
2,3183.9143,mp_jul
12,3184.2141,mp_jul
2,3184.5139,mp_jul
12,3184.8136,mp_jul
4,3185.1134,mp_jul
7,3185.4132,mp_jul
12,3185.713,mp_jul
12,3186.0128,mp_jul
15,3186.3126,mp_jul
15,3186.6124,mp_jul
2,3186.9122,mp_jul
15,3187.212,mp_jul
15,3187.5117,mp_jul
15,3187.8115,mp_jul
2,3188.1113,mp_jul
5,3188.4111,mp_jul
1,3188.7109,mp_jul
2,3189.0107,mp_jul
12,3189.3104,mp_jul
1,3189.6102,mp_jul
12,3189.91,mp_jul
12,3190.2098,mp_jul
4,3190.5096,mp_jul
4,3190.8094,mp_jul
12,3191.1092,mp_jul
7,3191.409,mp_jul
11,3191.7087,mp_jul
17,3192.0086,mp_jul
17,3192.3083,mp_jul
12,3192.6081,mp_jul
12,3192.9079,mp_jul
1,3193.2077,mp_jul
12,3193.5075,mp_jul
15,3193.8073,mp_jul
15,3194.1071,mp_jul
12,3194.4068,mp_jul
4,3194.7066,mp_jul
4,3195.0064,mp_jul
4,3195.3062,mp_jul
12,3195.606,mp_jul
4,3195.9058,mp_jul
7,3196.2056,mp_jul
17,3196.5054,mp_jul
4,3196.8052,mp_jul
12,3197.1049,mp_jul
7,3197.4047,mp_jul
17,3197.7045,mp_jul
12,3198.0043,mp_jul
12,3198.3041,mp_jul
12,3198.6039,mp_jul
12,3198.9036,mp_jul
12,3199.2035,mp_jul
12,3199.5033,mp_jul
12,3199.803,mp_jul
4,3200.1028,mp_jul
12,3200.4027,mp_jul
4,3200.7024,mp_jul
12,3201.0022,mp_jul
12,3201.302,mp_jul
12,3201.6018,mp_jul
15,3201.9015,mp_jul
15,3202.2013,mp_jul
15,3202.5011,mp_jul
11,3202.8009,mp_jul
11,3203.1007,mp_jul
2,3203.4005,mp_jul
1,3203.7003,mp_jul
4,3204.0,mp_jul
12,3204.2999,mp_jul
12,3204.5996,mp_jul
17,3204.8995,mp_jul
8,3205.1992,mp_jul
7,3205.499,mp_jul
12,3205.7988,mp_jul
4,3206.0986,mp_jul
12,3206.3984,mp_jul
12,3206.6981,mp_jul
12,3206.9979,mp_jul
12,3207.2978,mp_jul
1,3207.5975,mp_jul
12,3207.8973,mp_jul
12,3208.1971,mp_jul
4,3208.4969,mp_jul
7,3208.7966,mp_jul
12,3209.0964,mp_jul
4,3209.3962,mp_jul
4,3209.696,mp_jul
2,3209.9959,mp_jul
4,3210.2956,mp_jul
1,3210.5954,mp_jul
5,3210.8952,mp_jul
14,3211.195,mp_jul
3,3211.4948,mp_jul
11,3211.7946,mp_jul
11,3212.0943,mp_jul
1,3212.3941,mp_jul
7,3212.6939,mp_jul
11,3212.9937,mp_jul
12,3213.2935,mp_jul
17,3213.5933,mp_jul
11,3213.8931,mp_jul
17,3214.1929,mp_jul
8,3214.4927,mp_jul
8,3214.7924,mp_jul
13,3215.0922,mp_jul
7,3215.392,mp_jul
4,3215.6919,mp_jul
17,3215.9916,mp_jul
8,3216.2914,mp_jul
13,3216.5912,mp_jul
17,3216.891,mp_jul
12,3217.1908,mp_jul
12,3217.4906,mp_jul
15,3217.7903,mp_jul
15,3218.0901,mp_jul
15,3218.3899,mp_jul
11,3218.6897,mp_jul
1,3218.9895,mp_jul
14,3219.2893,mp_jul
14,3219.589,mp_jul
1,3219.8889,mp_jul
2,3220.1886,mp_jul
11,3220.4885,mp_jul
8,3220.7882,mp_jul
17,3221.088,mp_jul
5,3221.3878,mp_jul
3,3221.6876,mp_jul
3,3221.9874,mp_jul
5,3222.2871,mp_jul
16,3222.587,mp_jul
3,3222.8867,mp_jul
1,3223.1865,mp_jul
11,3223.4863,mp_jul
11,3223.7861,mp_jul
5,3224.0859,mp_jul
16,3224.3857,mp_jul
5,3224.6855,mp_jul
3,3224.9853,mp_jul
3,3225.285,mp_jul
5,3225.5848,mp_jul
16,3225.8846,mp_jul
3,3226.1844,mp_jul
1,3226.4842,mp_jul
11,3226.784,mp_jul
5,3227.0838,mp_jul
5,3227.3836,mp_jul
5,3227.6833,mp_jul
5,3227.9831,mp_jul
14,3228.2829,mp_jul
3,3228.5827,mp_jul
5,3228.8825,mp_jul
5,3229.1823,mp_jul
5,3229.4821,mp_jul
5,3229.7818,mp_jul
17,3230.0816,mp_jul
13,3230.3814,mp_jul
13,3230.6812,mp_jul
8,3230.981,mp_jul
5,3231.2808,mp_jul
5,3231.5806,mp_jul
6,3231.8804,mp_jul
4,3232.1801,mp_jul
4,3232.4799,mp_jul
4,3232.7797,mp_jul
5,3233.0795,mp_jul
1,3233.3793,mp_jul
1,3233.6791,mp_jul
4,3233.9788,mp_jul
4,3234.2787,mp_jul
12,3234.5785,mp_jul
4,3234.8782,mp_jul
4,3235.178,mp_jul
12,3235.4778,mp_jul
12,3235.7776,mp_jul
12,3236.0774,mp_jul
12,3236.3772,mp_jul
11,3236.677,mp_jul
3,3236.9767,mp_jul
16,3237.2764,mp_jul
14,3237.5763,mp_jul
14,3237.8761,mp_jul
14,3238.1758,mp_jul
5,3238.4756,mp_jul
2,3238.7755,mp_jul
2,3239.0752,mp_jul
11,3239.375,mp_jul
11,3239.6748,mp_jul
7,3239.9746,mp_jul
17,3240.2744,mp_jul
17,3240.5741,mp_jul
11,3240.874,mp_jul
5,3241.1738,mp_jul
3,3241.4736,mp_jul
5,3241.7733,mp_jul
1,3242.0731,mp_jul
11,3242.3729,mp_jul
11,3242.6727,mp_jul
11,3242.9725,mp_jul
11,3243.2723,mp_jul
12,3243.572,mp_jul
4,3243.8718,mp_jul
2,3244.1716,mp_jul
15,3244.4715,mp_jul
15,3244.7712,mp_jul
1,3245.071,mp_jul
15,3245.3708,mp_jul
4,3245.6705,mp_jul
12,3245.9704,mp_jul
4,3246.2701,mp_jul
17,3246.57,mp_jul
4,3246.8697,mp_jul
4,3247.1695,mp_jul
12,3247.4693,mp_jul
2,3247.7691,mp_jul
15,3248.0689,mp_jul
18,3248.3686,mp_jul
1,3248.6684,mp_jul
4,3248.9682,mp_jul
12,3249.268,mp_jul
13,3249.5678,mp_jul
7,3249.8676,mp_jul
2,3250.1673,mp_jul
4,3250.4672,mp_jul
6,3250.7669,mp_jul
10,3251.0667,mp_jul
6,3251.3665,mp_jul
6,3251.6663,mp_jul
2,3251.9661,mp_jul
5,3252.2659,mp_jul
2,3252.5656,mp_jul
11,3252.8655,mp_jul
1,3253.1652,mp_jul
2,3253.465,mp_jul
1,3253.7648,mp_jul
1,3254.0646,mp_jul
4,3254.3644,mp_jul
12,3254.6642,mp_jul
2,3254.964,mp_jul
2,3255.2637,mp_jul
4,3255.5635,mp_jul
6,3255.8634,mp_jul
6,3256.1631,mp_jul
3,3256.4629,mp_jul
3,3256.7628,mp_jul
7,3257.0625,mp_jul
13,3257.3622,mp_jul
8,3257.6621,mp_jul
2,3257.9619,mp_jul
2,3258.2616,mp_jul
11,3258.5614,mp_jul
11,3258.8612,mp_jul
4,3259.161,mp_jul
15,3259.4607,mp_jul
15,3259.7605,mp_jul
15,3260.0604,mp_jul
15,3260.3601,mp_jul
15,3260.6599,mp_jul
15,3260.9597,mp_jul
15,3261.2595,mp_jul
17,3261.5593,mp_jul
13,3261.859,mp_jul
8,3262.1588,mp_jul
4,3262.4587,mp_jul
3,3262.7584,mp_jul
11,3263.0582,mp_jul
15,3263.358,mp_jul
15,3263.6578,mp_jul
15,3263.9576,mp_jul
15,3264.2573,mp_jul
15,3264.5572,mp_jul
15,3264.8569,mp_jul
15,3265.1567,mp_jul
4,3265.4565,mp_jul
12,3265.7563,mp_jul
6,3266.0561,mp_jul
10,3266.3559,mp_jul
6,3266.6557,mp_jul
6,3266.9555,mp_jul
2,3267.2553,mp_jul
15,3267.555,mp_jul
15,3267.8548,mp_jul
15,3268.1546,mp_jul
15,3268.4544,mp_jul
15,3268.7542,mp_jul
4,3269.0539,mp_jul
10,3269.3538,mp_jul
6,3269.6536,mp_jul
10,3269.9533,mp_jul
6,3270.2532,mp_jul
2,3270.5529,mp_jul
2,3270.8527,mp_jul
4,3271.1524,mp_jul
11,3271.4522,mp_jul
15,3271.752,mp_jul
15,3272.0518,mp_jul
15,3272.3516,mp_jul
22,3272.6514,mp_jul
3,3272.9512,mp_jul
15,3273.2509,mp_jul
15,3273.5508,mp_jul
15,3273.8506,mp_jul
15,3274.1503,mp_jul
17,3274.4501,mp_jul
12,3274.7499,mp_jul
17,3275.0497,mp_jul
17,3275.3495,mp_jul
12,3275.6492,mp_jul
11,3275.949,mp_jul
14,3276.2488,mp_jul
14,3276.5486,mp_jul
16,3276.8484,mp_jul
3,3277.1482,mp_jul
1,3277.448,mp_jul
5,3277.7478,mp_jul
16,3278.0476,mp_jul
16,3278.3473,mp_jul
5,3278.6472,mp_jul
1,3278.9469,mp_jul
17,3279.2468,mp_jul
13,3279.5465,mp_jul
7,3279.8463,mp_jul
2,3280.1462,mp_jul
2,3280.4459,mp_jul
4,3280.7456,mp_jul
15,3281.0454,mp_jul
15,3281.3452,mp_jul
15,3281.645,mp_jul
11,3281.9448,mp_jul
4,3282.2446,mp_jul
3,3282.5444,mp_jul
3,3282.8442,mp_jul
5,3283.1439,mp_jul
1,3283.4437,mp_jul
1,3283.7435,mp_jul
11,3284.0433,mp_jul
7,3284.3431,mp_jul
3,3284.6429,mp_jul
5,3284.9427,mp_jul
2,3285.2425,mp_jul
11,3285.5422,mp_jul
11,3285.8421,mp_jul
1,3286.1418,mp_jul
1,3286.4416,mp_jul
4,3286.7414,mp_jul
11,3287.0412,mp_jul
11,3287.341,mp_jul
11,3287.6408,mp_jul
11,3287.9405,mp_jul
1,3288.2404,mp_jul
4,3288.5401,mp_jul
12,3288.8399,mp_jul
4,3289.1397,mp_jul
10,3289.4395,mp_jul
7,3289.7393,mp_jul
13,3290.039,mp_jul
7,3290.3389,mp_jul
5,3290.6386,mp_jul
11,3290.9384,mp_jul
4,3291.2382,mp_jul
7,3291.538,mp_jul
7,3291.8378,mp_jul
17,3292.1375,mp_jul
1,3292.4373,mp_jul
3,3292.7371,mp_jul
16,3293.0369,mp_jul
16,3293.3367,mp_jul
5,3293.6365,mp_jul
5,3293.9364,mp_jul
3,3294.236,mp_jul
1,3294.5359,mp_jul
5,3294.8356,mp_jul
5,3295.1354,mp_jul
5,3295.4352,mp_jul
1,3295.735,mp_jul
11,3296.0356,mp_jul
2,3296.3346,mp_jul
11,3296.6343,mp_jul
3,3296.9341,mp_jul
1,3297.2339,mp_jul
5,3297.5338,mp_jul
20,3297.8335,mp_jul
20,3298.1333,mp_jul
14,3298.4331,mp_jul
3,3298.7328,mp_jul
3,3299.0326,mp_jul
3,3299.3324,mp_jul
3,3299.6322,mp_jul
10,3299.932,mp_jul
10,3300.2318,mp_jul
1,3300.5316,mp_jul
12,3300.8314,mp_jul
11,3301.1311,mp_jul
11,3301.4309,mp_jul
11,3301.7308,mp_jul
2,3302.0305,mp_jul
11,3302.3303,mp_jul
11,3302.6301,mp_jul
11,3302.9299,mp_jul
4,3303.2296,mp_jul
7,3303.5295,mp_jul
11,3303.8292,mp_jul
8,3304.129,mp_jul
17,3304.4288,mp_jul
3,3304.7286,mp_jul
11,3305.0284,mp_jul
5,3305.3282,mp_jul
5,3305.6279,mp_jul
14,3305.9277,mp_jul
14,3306.2275,mp_jul
14,3306.5273,mp_jul
14,3306.8271,mp_jul
3,3307.1269,mp_jul
3,3307.4267,mp_jul
14,3307.7265,mp_jul
5,3308.0262,mp_jul
3,3308.326,mp_jul
1,3308.6258,mp_jul
10,3308.9256,mp_jul
3,3309.2254,mp_jul
3,3309.5252,mp_jul
5,3309.8249,mp_jul
14,3310.1247,mp_jul
14,3310.4245,mp_jul
14,3310.7243,mp_jul
16,3311.024,mp_jul
14,3311.3239,mp_jul
14,3311.6236,mp_jul
5,3311.9234,mp_jul
16,3312.2232,mp_jul
11,3312.523,mp_jul
4,3312.8228,mp_jul
4,3313.1226,mp_jul
4,3313.4224,mp_jul
4,3313.7221,mp_jul
4,3314.022,mp_jul
12,3314.3218,mp_jul
4,3314.6215,mp_jul
4,3314.9213,mp_jul
2,3315.2211,mp_jul
2,3315.5209,mp_jul
4,3315.8206,mp_jul
4,3316.1204,mp_jul
4,3316.4202,mp_jul
2,3316.72,mp_jul
1,3317.0198,mp_jul
12,3317.3195,mp_jul
5,3317.6194,mp_jul
14,3317.9191,mp_jul
18,3318.2189,mp_jul
2,3318.5187,mp_jul
15,3318.8185,mp_jul
12,3319.1183,mp_jul
15,3319.418,mp_jul
15,3319.7178,mp_jul
15,3320.0176,mp_jul
15,3320.3174,mp_jul
15,3320.6172,mp_jul
15,3320.917,mp_jul
15,3321.2168,mp_jul
15,3321.5165,mp_jul
15,3321.8164,mp_jul
15,3322.1161,mp_jul
15,3322.4159,mp_jul
15,3322.7157,mp_jul
2,3323.0155,mp_jul
16,3323.3153,mp_jul
18,3323.615,mp_jul
18,3323.9148,mp_jul
22,3324.2146,mp_jul
5,3324.5144,mp_jul
11,3324.8142,mp_jul
18,3325.114,mp_jul
18,3325.4137,mp_jul
14,3325.7135,mp_jul
16,3326.0133,mp_jul
16,3326.3132,mp_jul
10,3326.6129,mp_jul
10,3326.9127,mp_jul
6,3327.2125,mp_jul
10,3327.5123,mp_jul
6,3327.8121,mp_jul
10,3328.1118,mp_jul
6,3328.4116,mp_jul
20,3328.7115,mp_jul
6,3329.0112,mp_jul
10,3329.311,mp_jul
1,3329.6108,mp_jul
11,3329.9106,mp_jul
11,3330.2103,mp_jul
4,3330.5101,mp_jul
12,3330.8099,mp_jul
12,3331.1097,mp_jul
12,3331.4095,mp_jul
12,3331.7093,mp_jul
12,3332.009,mp_jul
12,3332.3088,mp_jul
2,3332.6086,mp_jul
4,3332.9084,mp_jul
4,3333.2083,mp_jul
4,3333.508,mp_jul
1,3333.8078,mp_jul
3,3334.1075,mp_jul
1,3334.4074,mp_jul
7,3334.7071,mp_jul
7,3335.0069,mp_jul
12,3335.3067,mp_jul
1,3335.6065,mp_jul
1,3335.9063,mp_jul
18,3336.206,mp_jul
22,3336.5059,mp_jul
22,3336.8056,mp_jul
3,3337.1054,mp_jul
5,3337.4052,mp_jul
2,3337.705,mp_jul
11,3338.0048,mp_jul
15,3338.3046,mp_jul
15,3338.6044,mp_jul
15,3338.9042,mp_jul
4,3339.2039,mp_jul
4,3339.5037,mp_jul
11,3339.8035,mp_jul
20,3340.1033,mp_jul
20,3340.4031,mp_jul
10,3340.7028,mp_jul
10,3341.0027,mp_jul
20,3341.3025,mp_jul
2,3341.6022,mp_jul
6,3341.902,mp_jul
10,3342.2018,mp_jul
5,3342.5016,mp_jul
11,3342.8014,mp_jul
11,3343.1012,mp_jul
2,3343.4009,mp_jul
15,3343.7007,mp_jul
15,3344.0005,mp_jul
5,3344.3003,mp_jul
2,3344.6001,mp_jul
1,3344.8999,mp_jul
15,3345.1997,mp_jul
22,3345.4995,mp_jul
3,3345.7993,mp_jul
3,3346.099,mp_jul
15,3346.3988,mp_jul
15,3346.6986,mp_jul
5,3346.9984,mp_jul
18,3347.2982,mp_jul
18,3347.598,mp_jul
18,3347.8978,mp_jul
5,3348.1976,mp_jul
15,3348.4973,mp_jul
15,3348.7971,mp_jul
15,3349.0969,mp_jul
15,3349.3966,mp_jul
15,3349.6965,mp_jul
15,3349.9963,mp_jul
15,3350.296,mp_jul
2,3350.5958,mp_jul
18,3350.8956,mp_jul
18,3351.1954,mp_jul
18,3351.4952,mp_jul
18,3351.795,mp_jul
3,3352.0948,mp_jul
15,3352.3946,mp_jul
2,3352.6944,mp_jul
18,3352.9941,mp_jul
22,3353.2939,mp_jul
18,3353.5937,mp_jul
3,3353.8935,mp_jul
1,3354.1933,mp_jul
4,3354.4931,mp_jul
12,3354.7929,mp_jul
2,3355.0926,mp_jul
1,3355.3924,mp_jul
5,3355.6922,mp_jul
25,3355.992,mp_jul
13,3356.2918,mp_jul
26,3356.5916,mp_jul
13,3356.8914,mp_jul
8,3357.1912,mp_jul
20,3357.4909,mp_jul
3,3357.7907,mp_jul
4,3358.0905,mp_jul
12,3358.3903,mp_jul
1,3358.6901,mp_jul
3,3358.9899,mp_jul
22,3359.2897,mp_jul
18,3359.5894,mp_jul
15,3359.8892,mp_jul
7,3360.1891,mp_jul
7,3360.4888,mp_jul
15,3360.7886,mp_jul
2,3361.0884,mp_jul
5,3361.3882,mp_jul
2,3361.6879,mp_jul
4,3361.9877,mp_jul
11,3362.2876,mp_jul
4,3362.5873,mp_jul
12,3362.8871,mp_jul
12,3363.1869,mp_jul
12,3363.4867,mp_jul
12,3363.7865,mp_jul
12,3364.0862,mp_jul
12,3364.3861,mp_jul
12,3364.6858,mp_jul
1,3364.9856,mp_jul
1,3365.2854,mp_jul
7,3365.5852,mp_jul
7,3365.885,mp_jul
5,3366.1848,mp_jul
8,3366.4845,mp_jul
13,3366.7844,mp_jul
13,3367.0841,mp_jul
7,3367.384,mp_jul
3,3367.6837,mp_jul
3,3367.9835,mp_jul
7,3368.2833,mp_jul
11,3368.5831,mp_jul
11,3368.8829,mp_jul
1,3369.1826,mp_jul
1,3369.4825,mp_jul
17,3369.7822,mp_jul
7,3370.082,mp_jul
2,3370.3818,mp_jul
2,3370.6816,mp_jul
11,3370.9814,mp_jul
11,3371.2812,mp_jul
7,3371.581,mp_jul
13,3371.8808,mp_jul
17,3372.1805,mp_jul
3,3372.4803,mp_jul
14,3372.7801,mp_jul
25,3373.0799,mp_jul
5,3373.3797,mp_jul
11,3373.6795,mp_jul
2,3373.9793,mp_jul
5,3374.2791,mp_jul
11,3374.5789,mp_jul
12,3374.8787,mp_jul
12,3375.1785,mp_jul
12,3375.4782,mp_jul
5,3375.778,mp_jul
3,3376.0778,mp_jul
25,3376.3776,mp_jul
13,3376.6774,mp_jul
7,3376.9772,mp_jul
14,3377.277,mp_jul
3,3377.5767,mp_jul
2,3377.8765,mp_jul
4,3378.1764,mp_jul
1,3378.4761,mp_jul
12,3378.7759,mp_jul
17,3379.0757,mp_jul
7,3379.3755,mp_jul
3,3379.6753,mp_jul
5,3379.9751,mp_jul
1,3380.2749,mp_jul
1,3380.5746,mp_jul
5,3380.8745,mp_jul
3,3381.1742,mp_jul
14,3381.4739,mp_jul
16,3381.7796,mp_jul
22,3382.0736,mp_jul
1,3382.6731,mp_jul
11,3382.973,mp_jul
11,3383.2727,mp_jul
1,3383.5725,mp_jul
17,3383.8723,mp_jul
8,3384.1721,mp_jul
8,3384.4719,mp_jul
11,3384.7717,mp_jul
11,3385.0715,mp_jul
5,3385.3713,mp_jul
20,3385.6711,mp_jul
3,3385.9708,mp_jul
7,3386.2706,mp_jul
11,3386.5704,mp_jul
3,3386.8702,mp_jul
7,3387.17,mp_jul
11,3387.4698,mp_jul
4,3387.7696,mp_jul
12,3388.0694,mp_jul
5,3388.3692,mp_jul
16,3388.6689,mp_jul
3,3388.9687,mp_jul
3,3389.2685,mp_jul
18,3389.5683,mp_jul
22,3389.8681,mp_jul
22,3390.1679,mp_jul
3,3390.4676,mp_jul
11,3390.7675,mp_jul
11,3391.0672,mp_jul
1,3391.367,mp_jul
7,3391.6668,mp_jul
5,3391.9666,mp_jul
16,3392.2664,mp_jul
18,3392.5662,mp_jul
22,3392.866,mp_jul
22,3393.1657,mp_jul
16,3393.4656,mp_jul
14,3393.7653,mp_jul
14,3394.0652,mp_jul
14,3394.3649,mp_jul
1,3394.6647,mp_jul
1,3394.9645,mp_jul
11,3395.2643,mp_jul
1,3395.564,mp_jul
7,3395.8638,mp_jul
17,3396.1636,mp_jul
2,3396.4635,mp_jul
1,3396.7632,mp_jul
3,3397.063,mp_jul
1,3397.3628,mp_jul
17,3397.6626,mp_jul
17,3397.9624,mp_jul
1,3398.2622,mp_jul
1,3398.562,mp_jul
5,3398.8617,mp_jul
3,3399.1615,mp_jul
3,3399.4613,mp_jul
17,3399.7611,mp_jul
8,3400.0609,mp_jul
8,3400.3606,mp_jul
18,3400.6604,mp_jul
3,3400.9602,mp_jul
15,3401.26,mp_jul
11,3401.5598,mp_jul
1,3401.8596,mp_jul
2,3402.1594,mp_jul
5,3402.4592,mp_jul
1,3402.7589,mp_jul
7,3403.0587,mp_jul
12,3403.3585,mp_jul
17,3403.6583,mp_jul
13,3403.9581,mp_jul
8,3404.2579,mp_jul
17,3404.5577,mp_jul
8,3404.8575,mp_jul
4,3405.1572,mp_jul
11,3405.4571,mp_jul
4,3405.7568,mp_jul
11,3406.0566,mp_jul
1,3406.3564,mp_jul
7,3406.6562,mp_jul
7,3406.956,mp_jul
7,3407.2558,mp_jul
2,3407.5556,mp_jul
12,3407.8553,mp_jul
4,3408.1552,mp_jul
11,3408.455,mp_jul
12,3408.7548,mp_jul
17,3409.0545,mp_jul
1,3409.3543,mp_jul
17,3409.6541,mp_jul
8,3409.9539,mp_jul
7,3410.2537,mp_jul
17,3410.5535,mp_jul
17,3410.8532,mp_jul
7,3411.153,mp_jul
17,3411.4528,mp_jul
12,3411.7526,mp_jul
17,3412.0524,mp_jul
7,3412.3522,mp_jul
17,3412.652,mp_jul
11,3412.9518,mp_jul
11,3413.2516,mp_jul
12,3413.5513,mp_jul
7,3413.8511,mp_jul
7,3414.1509,mp_jul
8,3414.4507,mp_jul
13,3414.7505,mp_jul
1,3415.0503,mp_jul
10,3415.35,mp_jul
11,3415.6498,mp_jul
11,3415.9496,mp_jul
11,3416.2495,mp_jul
1,3416.5492,mp_jul
17,3416.849,mp_jul
13,3417.1488,mp_jul
13,3417.4486,mp_jul
13,3417.7484,mp_jul
17,3418.0482,mp_jul
7,3418.3479,mp_jul
1,3418.6478,mp_jul
12,3418.9475,mp_jul
2,3419.2473,mp_jul
4,3419.5471,mp_jul
15,3419.8469,mp_jul
15,3420.1467,mp_jul
7,3420.4465,mp_jul
1,3420.7463,mp_jul
25,3421.046,mp_jul
7,3421.3458,mp_jul
13,3421.6456,mp_jul
7,3421.9454,mp_jul
5,3422.2452,mp_jul
7,3422.545,mp_jul
5,3422.8448,mp_jul
5,3423.1446,mp_jul
5,3423.7442,mp_jul
17,3424.0439,mp_jul
13,3424.3437,mp_jul
17,3424.6435,mp_jul
13,3424.9433,mp_jul
7,3425.243,mp_jul
17,3425.5428,mp_jul
8,3425.8426,mp_jul
13,3426.1425,mp_jul
8,3426.4422,mp_jul
7,3426.742,mp_jul
1,3427.0418,mp_jul
14,3427.3416,mp_jul
14,3427.6414,mp_jul
1,3427.9412,mp_jul
11,3428.241,mp_jul
11,3428.5407,mp_jul
11,3428.8406,mp_jul
5,3429.1403,mp_jul
1,3429.4401,mp_jul
5,3429.7399,mp_jul
7,3430.0397,mp_jul
17,3430.3395,mp_jul
13,3430.6393,mp_jul
13,3430.9391,mp_jul
8,3431.2389,mp_jul
7,3431.5386,mp_jul
8,3431.8384,mp_jul
8,3432.1382,mp_jul
12,3432.438,mp_jul
8,3432.7379,mp_jul
13,3433.0376,mp_jul
17,3433.3374,mp_jul
3,3433.6372,mp_jul
1,3433.937,mp_jul
11,3434.2367,mp_jul
11,3434.5365,mp_jul
11,3434.8363,mp_jul
11,3435.1361,mp_jul
5,3435.4359,mp_jul
16,3435.7357,mp_jul
14,3436.0355,mp_jul
5,3436.3352,mp_jul
11,3436.635,mp_jul
3,3436.9348,mp_jul
3,3437.2346,mp_jul
1,3437.5344,mp_jul
1,3437.8342,mp_jul
1,3438.134,mp_jul
12,3438.4338,mp_jul
22,3438.7336,mp_jul
9,3439.0333,mp_jul
14,3439.3331,mp_jul
14,3439.6329,mp_jul
1,3439.9327,mp_jul
10,3440.2325,mp_jul
6,3440.5323,mp_jul
6,3440.8321,mp_jul
20,3441.1319,mp_jul
12,3441.4316,mp_jul
17,3441.7315,mp_jul
7,3442.0312,mp_jul
17,3442.331,mp_jul
6,3442.6308,mp_jul
20,3442.9306,mp_jul
20,3443.2304,mp_jul
20,3443.5302,mp_jul
6,3443.83,mp_jul
17,3444.1297,mp_jul
13,3444.4295,mp_jul
8,3444.7293,mp_jul
6,3445.0291,mp_jul
6,3445.3289,mp_jul
10,3445.6286,mp_jul
3,3445.9284,mp_jul
6,3446.2282,mp_jul
6,3446.528,mp_jul
6,3446.8278,mp_jul
6,3447.1276,mp_jul
6,3447.4274,mp_jul
2,3447.7271,mp_jul
12,3448.0269,mp_jul
10,3448.3268,mp_jul
3,3448.6266,mp_jul
20,3448.9263,mp_jul
20,3449.2261,mp_jul
11,3449.5259,mp_jul
11,3449.8257,mp_jul
1,3450.1255,mp_jul
5,3450.4253,mp_jul
5,3450.725,mp_jul
5,3451.0248,mp_jul
6,3451.3246,mp_jul
10,3451.6244,mp_jul
12,3451.9242,mp_jul
13,3452.224,mp_jul
13,3452.5238,mp_jul
2,3452.8236,mp_jul
6,3453.1234,mp_jul
7,3453.4231,mp_jul
6,3453.7229,mp_jul
10,3454.0227,mp_jul
7,3454.3225,mp_jul
12,3454.6223,mp_jul
2,3454.9221,mp_jul
6,3455.2219,mp_jul
10,3455.5216,mp_jul
10,3455.8214,mp_jul
3,3456.1212,mp_jul
6,3456.421,mp_jul
6,3456.7208,mp_jul
11,3457.0206,mp_jul
11,3457.3204,mp_jul
11,3457.6202,mp_jul
3,3457.9199,mp_jul
14,3458.2197,mp_jul
3,3458.5195,mp_jul
3,3458.8192,mp_jul
1,3459.1191,mp_jul
11,3459.4189,mp_jul
11,3459.7187,mp_jul
12,3460.0184,mp_jul
11,3460.3182,mp_jul
11,3460.618,mp_jul
2,3460.9179,mp_jul
11,3461.2176,mp_jul
1,3461.5173,mp_jul
3,3461.8172,mp_jul
3,3462.117,mp_jul
5,3462.4167,mp_jul
3,3462.7165,mp_jul
5,3463.0164,mp_jul
2,3463.3161,mp_jul
2,3463.6159,mp_jul
12,3463.9156,mp_jul
12,3464.2154,mp_jul
17,3464.5152,mp_jul
17,3464.815,mp_jul
13,3465.1148,mp_jul
12,3465.4146,mp_jul
10,3465.7144,mp_jul
10,3466.0142,mp_jul
6,3466.314,mp_jul
6,3466.6138,mp_jul
5,3466.9135,mp_jul
14,3467.2133,mp_jul
25,3467.5131,mp_jul
26,3467.8129,mp_jul
26,3468.1127,mp_jul
25,3468.4125,mp_jul
14,3468.7122,mp_jul
3,3469.012,mp_jul
4,3469.3119,mp_jul
7,3469.6116,mp_jul
8,3469.9114,mp_jul
13,3470.2112,mp_jul
13,3470.511,mp_jul
8,3470.8108,mp_jul
7,3471.1105,mp_jul
2,3471.4104,mp_jul
6,3471.7101,mp_jul
6,3472.0099,mp_jul
6,3472.3097,mp_jul
6,3472.6095,mp_jul
16,3472.9092,mp_jul
16,3473.2091,mp_jul
3,3473.5089,mp_jul
11,3473.8086,mp_jul
15,3474.1084,mp_jul
12,3474.708,mp_jul
15,3476.2019,mp_jul
18,3477.401,mp_jul
18,3477.7008,mp_jul
18,3478.0007,mp_jul
5,3478.3004,mp_jul
5,3478.6003,mp_jul
5,3478.9,mp_jul
1,3479.1998,mp_jul
13,3479.4996,mp_jul
13,3479.7994,mp_jul
21,3480.0992,mp_jul
13,3480.399,mp_jul
8,3480.6987,mp_jul
20,3480.9985,mp_jul
11,3481.2983,mp_jul
20,3481.5981,mp_jul
17,3481.8979,mp_jul
13,3482.1977,mp_jul
13,3482.4975,mp_jul
13,3482.7972,mp_jul
17,3483.0971,mp_jul
2,3483.3968,mp_jul
2,3483.6966,mp_jul
4,3483.9964,mp_jul
12,3484.2962,mp_jul
12,3484.596,mp_jul
4,3484.8957,mp_jul
3,3485.1956,mp_jul
11,3485.4953,mp_jul
5,3485.7951,mp_jul
11,3486.0949,mp_jul
11,3486.3948,mp_jul
11,3486.6945,mp_jul
11,3486.9943,mp_jul
2,3487.2941,mp_jul
1,3487.5939,mp_jul
5,3487.8936,mp_jul
12,3488.1934,mp_jul
1,3488.4932,mp_jul
12,3488.793,mp_jul
1,3489.0928,mp_jul
11,3489.3926,mp_jul
11,3489.6924,mp_jul
11,3489.9921,mp_jul
1,3490.2919,mp_jul
2,3490.5917,mp_jul
4,3490.8915,mp_jul
11,3491.1913,mp_jul
11,3491.4911,mp_jul
4,3491.7909,mp_jul
11,3492.0906,mp_jul
5,3492.3905,mp_jul
3,3492.6903,mp_jul
1,3492.99,mp_jul
5,3493.2898,mp_jul
1,3493.5896,mp_jul
1,3493.8893,mp_jul
7,3494.1892,mp_jul
7,3494.489,mp_jul
5,3494.7888,mp_jul
1,3495.0885,mp_jul
2,3495.3884,mp_jul
2,3495.6882,mp_jul
12,3495.9879,mp_jul
13,3496.2877,mp_jul
13,3496.5874,mp_jul
12,3496.8872,mp_jul
4,3497.187,mp_jul
5,3497.4868,mp_jul
5,3497.7866,mp_jul
5,3498.0864,mp_jul
5,3498.3862,mp_jul
11,3498.686,mp_jul
2,3498.9858,mp_jul
11,3499.2855,mp_jul
7,3499.5853,mp_jul
8,3499.8851,mp_jul
11,3500.1849,mp_jul
1,3500.4847,mp_jul
11,3500.7845,mp_jul
1,3501.0843,mp_jul
7,3501.384,mp_jul
17,3501.6839,mp_jul
3,3501.9836,mp_jul
18,3502.2834,mp_jul
18,3502.5832,mp_jul
18,3502.883,mp_jul
17,3503.1828,mp_jul
8,3503.4826,mp_jul
18,3503.7823,mp_jul
7,3504.0821,mp_jul
1,3504.382,mp_jul
17,3504.6818,mp_jul
13,3504.9815,mp_jul
13,3505.2813,mp_jul
8,3505.5811,mp_jul
3,3505.8808,mp_jul
7,3506.1806,mp_jul
1,3506.4804,mp_jul
11,3506.7803,mp_jul
2,3507.08,mp_jul
6,3507.3798,mp_jul
6,3507.6796,mp_jul
10,3507.9794,mp_jul
10,3508.2792,mp_jul
6,3508.579,mp_jul
10,3508.8787,mp_jul
10,3509.1786,mp_jul
10,3509.4783,mp_jul
4,3509.778,mp_jul
4,3510.0779,mp_jul
2,3510.3777,mp_jul
1,3510.6774,mp_jul
2,3510.9773,mp_jul
1,3511.2771,mp_jul
11,3511.5769,mp_jul
2,3511.8767,mp_jul
2,3512.1764,mp_jul
12,3512.4762,mp_jul
8,3512.776,mp_jul
8,3513.0758,mp_jul
13,3513.3756,mp_jul
13,3513.6753,mp_jul
8,3513.9751,mp_jul
12,3514.2749,mp_jul
12,3514.5747,mp_jul
17,3514.8745,mp_jul
10,3515.1743,mp_jul
11,3515.4741,mp_jul
4,3515.7739,mp_jul
2,3516.0736,mp_jul
4,3516.3734,mp_jul
12,3516.6732,mp_jul
13,3516.9731,mp_jul
12,3517.2728,mp_jul
4,3517.5726,mp_jul
4,3517.8724,mp_jul
4,3518.1721,mp_jul
17,3518.472,mp_jul
12,3518.7718,mp_jul
12,3519.0765,mp_jul
15,3519.3713,mp_jul
12,3519.6711,mp_jul
12,3519.9709,mp_jul
13,3520.2707,mp_jul
13,3520.5705,mp_jul
17,3520.8703,mp_jul
1,3521.17,mp_jul
1,3521.4698,mp_jul
7,3521.7696,mp_jul
12,3522.0694,mp_jul
2,3522.3692,mp_jul
2,3522.669,mp_jul
1,3522.9688,mp_jul
5,3523.2685,mp_jul
20,3523.5684,mp_jul
20,3523.8681,mp_jul
20,3524.168,mp_jul
14,3524.4677,mp_jul
20,3524.7675,mp_jul
20,3525.0673,mp_jul
20,3525.3671,mp_jul
10,3525.6669,mp_jul
5,3525.9667,mp_jul
5,3526.2664,mp_jul
14,3526.5663,mp_jul
3,3526.866,mp_jul
17,3527.1659,mp_jul
12,3527.4656,mp_jul
8,3527.7654,mp_jul
13,3528.0652,mp_jul
13,3528.365,mp_jul
8,3528.6648,mp_jul
1,3528.9646,mp_jul
2,3529.2644,mp_jul
10,3529.5641,mp_jul
10,3529.8639,mp_jul
6,3530.1637,mp_jul
6,3530.4635,mp_jul
6,3530.7633,mp_jul
6,3531.0631,mp_jul
10,3531.3629,mp_jul
10,3531.6627,mp_jul
6,3531.9625,mp_jul
6,3532.2623,mp_jul
6,3532.562,mp_jul
5,3532.8618,mp_jul
6,3533.1616,mp_jul
6,3533.4614,mp_jul
6,3533.7612,mp_jul
6,3534.061,mp_jul
6,3534.3607,mp_jul
6,3534.6606,mp_jul
6,3534.9603,mp_jul
6,3535.2601,mp_jul
12,3535.5599,mp_jul
7,3535.8597,mp_jul
13,3536.1595,mp_jul
13,3536.4593,mp_jul
8,3536.759,mp_jul
17,3537.0589,mp_jul
6,3537.3587,mp_jul
6,3537.6585,mp_jul
10,3537.9582,mp_jul
10,3538.258,mp_jul
11,3538.5578,mp_jul
4,3538.8576,mp_jul
4,3539.1574,mp_jul
12,3539.4571,mp_jul
7,3539.7569,mp_jul
17,3540.0567,mp_jul
12,3540.3565,mp_jul
2,3540.6563,mp_jul
11,3540.9561,mp_jul
12,3541.2559,mp_jul
7,3541.5556,mp_jul
12,3541.8555,mp_jul
7,3542.1552,mp_jul
2,3542.455,mp_jul
4,3542.7548,mp_jul
12,3543.0546,mp_jul
12,3543.3544,mp_jul
4,3543.6542,mp_jul
4,3543.954,mp_jul
12,3544.2538,mp_jul
8,3544.5535,mp_jul
8,3544.8534,mp_jul
2,3545.1531,mp_jul
1,3545.4529,mp_jul
1,3545.7527,mp_jul
12,3546.0525,mp_jul
12,3546.3523,mp_jul
10,3546.6521,mp_jul
4,3546.9519,mp_jul
12,3547.2517,mp_jul
12,3547.5515,mp_jul
1,3547.8512,mp_jul
1,3548.151,mp_jul
1,3548.4508,mp_jul
11,3548.7506,mp_jul
12,3549.0503,mp_jul
4,3549.3502,mp_jul
12,3549.65,mp_jul
7,3549.9498,mp_jul
13,3550.2495,mp_jul
13,3550.5494,mp_jul
2,3550.8492,mp_jul
12,3551.1489,mp_jul
12,3551.4487,mp_jul
4,3551.7485,mp_jul
12,3552.0483,mp_jul
13,3552.3481,mp_jul
4,3552.6479,mp_jul
1,3552.9477,mp_jul
12,3553.2475,mp_jul
12,3553.5473,mp_jul
12,3553.8471,mp_jul
12,3554.1468,mp_jul
8,3554.4466,mp_jul
4,3554.7464,mp_jul
12,3555.0462,mp_jul
3,3555.346,mp_jul
11,3555.6458,mp_jul
4,3555.9456,mp_jul
12,3556.2454,mp_jul
12,3556.5452,mp_jul
8,3556.845,mp_jul
17,3557.1447,mp_jul
4,3557.4445,mp_jul
11,3557.7443,mp_jul
11,3558.0441,mp_jul
5,3558.3439,mp_jul
3,3558.6436,mp_jul
1,3558.9435,mp_jul
2,3559.2433,mp_jul
17,3559.543,mp_jul
7,3559.8428,mp_jul
8,3560.1426,mp_jul
7,3560.4424,mp_jul
5,3560.7422,mp_jul
7,3561.042,mp_jul
8,3561.3418,mp_jul
17,3561.6415,mp_jul
13,3561.9414,mp_jul
17,3562.2412,mp_jul
5,3562.5409,mp_jul
4,3562.8407,mp_jul
4,3563.1405,mp_jul
12,3563.4403,mp_jul
12,3563.7401,mp_jul
8,3564.0399,mp_jul
12,3564.3397,mp_jul
12,3564.6395,mp_jul
12,3564.9393,mp_jul
1,3565.2391,mp_jul
12,3565.5389,mp_jul
11,3565.8386,mp_jul
8,3566.1384,mp_jul
8,3566.4382,mp_jul
13,3566.738,mp_jul
8,3567.0378,mp_jul
7,3567.3376,mp_jul
12,3567.6374,mp_jul
4,3567.9372,mp_jul
11,3568.237,mp_jul
3,3568.5368,mp_jul
7,3568.8365,mp_jul
21,3569.1363,mp_jul
21,3569.4361,mp_jul
8,3569.736,mp_jul
25,3570.0357,mp_jul
8,3570.3355,mp_jul
8,3570.6352,mp_jul
13,3570.9351,mp_jul
13,3571.2348,mp_jul
13,3571.5346,mp_jul
17,3571.8345,mp_jul
7,3572.1342,mp_jul
17,3572.434,mp_jul
13,3572.7338,mp_jul
13,3573.0336,mp_jul
8,3573.3334,mp_jul
2,3573.6331,mp_jul
8,3573.933,mp_jul
13,3574.2327,mp_jul
8,3574.5326,mp_jul
13,3574.8323,mp_jul
8,3575.1321,mp_jul
13,3575.4319,mp_jul
13,3575.7316,mp_jul
3,3576.0315,mp_jul
1,3576.3313,mp_jul
1,3576.6311,mp_jul
20,3576.9308,mp_jul
20,3577.2307,mp_jul
20,3577.5304,mp_jul
11,3577.8302,mp_jul
1,3578.13,mp_jul
7,3578.4298,mp_jul
7,3578.7296,mp_jul
2,3579.0294,mp_jul
11,3579.3292,mp_jul
11,3579.629,mp_jul
5,3579.9288,mp_jul
1,3580.2285,mp_jul
11,3580.5283,mp_jul
1,3580.8281,mp_jul
1,3581.1279,mp_jul
11,3581.4277,mp_jul
5,3581.7275,mp_jul
1,3582.0273,mp_jul
1,3582.327,mp_jul
7,3582.6268,mp_jul
12,3582.9267,mp_jul
1,3583.2264,mp_jul
11,3583.5262,mp_jul
11,3583.826,mp_jul
11,3584.1258,mp_jul
4,3584.4256,mp_jul
4,3584.7253,mp_jul
12,3585.0251,mp_jul
7,3585.3249,mp_jul
7,3585.6247,mp_jul
12,3585.9245,mp_jul
5,3586.2243,mp_jul
14,3586.5241,mp_jul
1,3586.8239,mp_jul
7,3587.1236,mp_jul
1,3587.4234,mp_jul
5,3587.7233,mp_jul
16,3588.0231,mp_jul
11,3588.3228,mp_jul
11,3588.6227,mp_jul
12,3588.9224,mp_jul
12,3589.2222,mp_jul
2,3589.522,mp_jul
2,3589.8218,mp_jul
2,3590.1215,mp_jul
2,3590.4214,mp_jul
2,3590.7211,mp_jul
11,3591.0209,mp_jul
4,3591.3207,mp_jul
4,3591.6205,mp_jul
4,3591.9202,mp_jul
12,3592.2201,mp_jul
17,3592.5198,mp_jul
8,3592.8196,mp_jul
8,3593.1194,mp_jul
4,3593.4192,mp_jul
11,3593.719,mp_jul
20,3594.0188,mp_jul
3,3594.3186,mp_jul
3,3594.6184,mp_jul
11,3594.9182,mp_jul
11,3595.218,mp_jul
18,3595.5177,mp_jul
1,3595.8175,mp_jul
11,3596.1173,mp_jul
17,3596.4172,mp_jul
1,3596.7169,mp_jul
3,3597.0167,mp_jul
5,3597.3164,mp_jul
3,3597.6163,mp_jul
11,3597.916,mp_jul
2,3598.2158,mp_jul
5,3598.5156,mp_jul
3,3598.8154,mp_jul
16,3599.1152,mp_jul
3,3599.415,mp_jul
3,3599.7148,mp_jul
5,3600.0146,mp_jul
3,3600.3143,mp_jul
3,3600.6141,mp_jul
5,3600.9139,mp_jul
10,3601.2137,mp_jul
3,3601.5135,mp_jul
1,3601.8134,mp_jul
3,3602.1131,mp_jul
14,3602.4129,mp_jul
25,3602.7127,mp_jul
25,3603.0124,mp_jul
17,3603.3123,mp_jul
25,3603.612,mp_jul
14,3603.9118,mp_jul
20,3604.2116,mp_jul
2,3604.5114,mp_jul
2,3604.8112,mp_jul
4,3605.111,mp_jul
2,3605.4108,mp_jul
4,3605.7106,mp_jul
20,3606.0103,mp_jul
20,3606.3101,mp_jul
20,3606.6099,mp_jul
20,3606.9097,mp_jul
20,3607.2095,mp_jul
20,3607.5092,mp_jul
25,3607.8091,mp_jul
25,3608.1088,mp_jul
25,3608.4086,mp_jul
20,3608.7084,mp_jul
17,3609.0082,mp_jul
7,3609.308,mp_jul
2,3609.6078,mp_jul
12,3609.9076,mp_jul
17,3610.2074,mp_jul
13,3610.5072,mp_jul
12,3610.807,mp_jul
8,3611.1068,mp_jul
8,3611.4065,mp_jul
2,3611.7063,mp_jul
2,3612.006,mp_jul
2,3612.3059,mp_jul
14,3612.6057,mp_jul
14,3612.9055,mp_jul
14,3613.2052,mp_jul
18,3613.505,mp_jul
18,3613.8048,mp_jul
22,3614.1046,mp_jul
1,3614.4044,mp_jul
1,3614.7042,mp_jul
18,3615.0039,mp_jul
22,3615.3038,mp_jul
18,3615.6035,mp_jul
18,3615.9034,mp_jul
11,3616.2031,mp_jul
11,3616.5029,mp_jul
15,3616.8027,mp_jul
22,3617.1025,mp_jul
18,3617.4023,mp_jul
22,3617.7021,mp_jul
2,3618.0019,mp_jul
15,3618.3016,mp_jul
15,3618.6014,mp_jul
4,3618.9012,mp_jul
15,3619.201,mp_jul
18,3619.5008,mp_jul
13,3619.8005,mp_jul
18,3620.1004,mp_jul
11,3620.4002,mp_jul
5,3620.6999,mp_jul
11,3620.9997,mp_jul
18,3621.2996,mp_jul
18,3621.5993,mp_jul
18,3621.8991,mp_jul
5,3622.1989,mp_jul
18,3622.4987,mp_jul
18,3622.7985,mp_jul
22,3623.0982,mp_jul
7,3623.3981,mp_jul
17,3623.6979,mp_jul
17,3623.9976,mp_jul
3,3624.2974,mp_jul
3,3624.5972,mp_jul
15,3624.897,mp_jul
15,3625.1968,mp_jul
12,3625.4965,mp_jul
4,3625.7964,mp_jul
15,3626.0961,mp_jul
2,3626.3959,mp_jul
2,3626.6957,mp_jul
15,3626.9955,mp_jul
7,3627.2953,mp_jul
15,3627.5951,mp_jul
8,3627.8949,mp_jul
8,3628.1947,mp_jul
15,3628.4945,mp_jul
15,3628.7942,mp_jul
18,3629.094,mp_jul
5,3629.3938,mp_jul
15,3629.6936,mp_jul
2,3629.9934,mp_jul
10,3630.2932,mp_jul
15,3630.593,mp_jul
11,3630.8927,mp_jul
11,3631.1925,mp_jul
1,3631.4923,mp_jul
1,3631.7921,mp_jul
1,3632.0919,mp_jul
1,3632.3916,mp_jul
11,3632.6915,mp_jul
1,3632.9913,mp_jul
2,3633.2911,mp_jul
7,3633.5908,mp_jul
13,3633.8906,mp_jul
7,3634.1904,mp_jul
12,3634.4902,mp_jul
3,3634.79,mp_jul
1,3635.0898,mp_jul
6,3635.3896,mp_jul
7,3635.6894,mp_jul
6,3635.9892,mp_jul
6,3636.2889,mp_jul
12,3636.5887,mp_jul
2,3636.8885,mp_jul
5,3637.1884,mp_jul
11,3637.4881,mp_jul
5,3637.7879,mp_jul
11,3638.0876,mp_jul
4,3638.3875,mp_jul
15,3638.6872,mp_jul
15,3638.987,mp_jul
7,3639.2868,mp_jul
2,3639.5866,mp_jul
5,3639.8864,mp_jul
3,3640.1862,mp_jul
5,3640.486,mp_jul
11,3640.7858,mp_jul
11,3641.0856,mp_jul
15,3641.3853,mp_jul
15,3641.6851,mp_jul
7,3641.9849,mp_jul
8,3642.2847,mp_jul
8,3642.5845,mp_jul
7,3642.8843,mp_jul
11,3643.1841,mp_jul
2,3643.4839,mp_jul
15,3643.7836,mp_jul
15,3644.0835,mp_jul
15,3644.3832,mp_jul
3,3644.6831,mp_jul
22,3644.9828,mp_jul
25,3645.2826,mp_jul
5,3645.5824,mp_jul
5,3645.8822,mp_jul
1,3646.182,mp_jul
1,3646.4817,mp_jul
14,3646.7815,mp_jul
25,3647.0813,mp_jul
14,3647.3812,mp_jul
1,3647.6809,mp_jul
11,3647.9807,mp_jul
5,3648.2805,mp_jul
16,3648.5802,mp_jul
25,3648.8801,mp_jul
1,3649.1799,mp_jul
13,3649.4796,mp_jul
17,3649.7794,mp_jul
8,3650.0792,mp_jul
13,3650.379,mp_jul
8,3650.6788,mp_jul
14,3650.9786,mp_jul
5,3651.2784,mp_jul
11,3651.5781,mp_jul
3,3651.8779,mp_jul
3,3652.1777,mp_jul
5,3652.4775,mp_jul
1,3652.7773,mp_jul
5,3653.0772,mp_jul
5,3653.3769,mp_jul
5,3653.6767,mp_jul
5,3653.9764,mp_jul
1,3654.2763,mp_jul
1,3654.576,mp_jul
4,3654.8757,mp_jul
4,3655.1756,mp_jul
2,3655.4754,mp_jul
18,3655.7752,mp_jul
18,3656.075,mp_jul
18,3656.3748,mp_jul
18,3656.6745,mp_jul
1,3657.2741,mp_jul
18,3657.5739,mp_jul
22,3657.8737,mp_jul
8,3658.1735,mp_jul
5,3658.4733,mp_jul
3,3658.7731,mp_jul
1,3659.0729,mp_jul
1,3659.3726,mp_jul
3,3659.6724,mp_jul
2,3659.9722,mp_jul
1,3660.272,mp_jul
2,3660.5718,mp_jul
4,3660.8716,mp_jul
15,3661.1714,mp_jul
2,3661.4712,mp_jul
15,3661.7709,mp_jul
15,3662.0708,mp_jul
17,3662.3705,mp_jul
15,3662.6703,mp_jul
11,3662.9701,mp_jul
18,3663.2699,mp_jul
18,3663.5697,mp_jul
8,3663.8695,mp_jul
25,3664.1692,mp_jul
5,3664.469,mp_jul
5,3664.7689,mp_jul
5,3665.0686,mp_jul
2,3665.3684,mp_jul
4,3665.6682,mp_jul
5,3665.968,mp_jul
5,3666.2677,mp_jul
5,3666.5676,mp_jul
7,3666.8673,mp_jul
1,3667.1671,mp_jul
3,3667.4669,mp_jul
1,3667.7667,mp_jul
1,3668.0665,mp_jul
4,3668.3663,mp_jul
1,3668.666,mp_jul
1,3668.9658,mp_jul
2,3669.2657,mp_jul
1,3669.5654,mp_jul
4,3670.7645,mp_jul
10,3671.0644,mp_jul
6,3671.3642,mp_jul
6,3671.664,mp_jul
10,3671.9638,mp_jul
12,3672.2636,mp_jul
10,3672.5633,mp_jul
6,3672.8631,mp_jul
6,3673.1629,mp_jul
4,3673.4627,mp_jul
12,3673.7625,mp_jul
2,3674.0622,mp_jul
12,3674.362,mp_jul
10,3674.6618,mp_jul
10,3674.9616,mp_jul
6,3675.2614,mp_jul
17,3675.5612,mp_jul
6,3675.861,mp_jul
6,3676.1608,mp_jul
2,3676.4605,mp_jul
3,3676.7603,mp_jul
1,3677.0601,mp_jul
1,3677.3599,mp_jul
8,3677.6596,mp_jul
13,3677.9595,mp_jul
13,3678.2592,mp_jul
2,3678.559,mp_jul
5,3678.8588,mp_jul
15,3679.1586,mp_jul
15,3679.4584,mp_jul
15,3679.7582,mp_jul
4,3680.058,mp_jul
1,3680.3578,mp_jul
5,3680.6576,mp_jul
5,3680.9574,mp_jul
1,3681.2572,mp_jul
3,3681.5569,mp_jul
3,3681.8567,mp_jul
18,3682.1565,mp_jul
18,3682.4563,mp_jul
11,3682.756,mp_jul
5,3683.0558,mp_jul
6,3683.3557,mp_jul
10,3683.6554,mp_jul
20,3683.9553,mp_jul
20,3684.255,mp_jul
20,3684.5548,mp_jul
20,3684.8546,mp_jul
20,3685.1544,mp_jul
20,3685.4541,mp_jul
20,3685.7539,mp_jul
20,3686.0537,mp_jul
2,3686.3535,mp_jul
12,3686.6533,mp_jul
2,3686.9531,mp_jul
4,3687.2528,mp_jul
4,3687.5526,mp_jul
10,3688.1523,mp_jul
20,3688.452,mp_jul
20,3688.7518,mp_jul
3,3689.0516,mp_jul
11,3689.3514,mp_jul
12,3689.6512,mp_jul
1,3689.9509,mp_jul
5,3690.2508,mp_jul
5,3690.5506,mp_jul
3,3690.8503,mp_jul
11,3691.1501,mp_jul
1,3691.4499,mp_jul
5,3691.7497,mp_jul
1,3692.0495,mp_jul
1,3692.3492,mp_jul
17,3692.649,mp_jul
7,3692.9488,mp_jul
16,3693.2486,mp_jul
16,3693.5484,mp_jul
5,3693.8482,mp_jul
11,3694.148,mp_jul
11,3694.4477,mp_jul
1,3694.7475,mp_jul
5,3695.0473,mp_jul
5,3695.3471,mp_jul
16,3695.6468,mp_jul
5,3695.9467,mp_jul
1,3696.2464,mp_jul
5,3696.5463,mp_jul
5,3696.846,mp_jul
5,3697.1459,mp_jul
16,3697.4456,mp_jul
14,3697.7454,mp_jul
14,3698.0452,mp_jul
3,3698.345,mp_jul
11,3698.6448,mp_jul
2,3698.9446,mp_jul
3,3699.2444,mp_jul
1,3699.5441,mp_jul
1,3699.8439,mp_jul
7,3700.1437,mp_jul
17,3700.4435,mp_jul
7,3700.7433,mp_jul
18,3701.043,mp_jul
2,3701.3428,mp_jul
11,3701.6426,mp_jul
4,3701.9424,mp_jul
4,3702.2422,mp_jul
10,3702.542,mp_jul
1,3702.8418,mp_jul
3,3703.1415,mp_jul
3,3703.4413,mp_jul
1,3703.7411,mp_jul
11,3704.0409,mp_jul
12,3704.3407,mp_jul
4,3704.6405,mp_jul
5,3704.9403,mp_jul
14,3705.2401,mp_jul
5,3705.5399,mp_jul
1,3705.8396,mp_jul
2,3706.1394,mp_jul
11,3706.4392,mp_jul
5,3706.739,mp_jul
1,3707.0388,mp_jul
11,3707.3386,mp_jul
14,3707.6384,mp_jul
3,3707.9381,mp_jul
8,3708.238,mp_jul
18,3708.5377,mp_jul
25,3708.8375,mp_jul
22,3709.1373,mp_jul
14,3709.4371,mp_jul
5,3709.7369,mp_jul
11,3710.0367,mp_jul
5,3710.3364,mp_jul
5,3710.6362,mp_jul
3,3710.936,mp_jul
1,3711.2358,mp_jul
1,3711.5356,mp_jul
3,3711.8354,mp_jul
3,3712.1351,mp_jul
17,3712.4349,mp_jul
17,3712.7347,mp_jul
17,3713.0345,mp_jul
5,3713.3343,mp_jul
3,3713.6341,mp_jul
1,3713.9339,mp_jul
2,3714.2337,mp_jul
1,3714.5335,mp_jul
1,3714.8332,mp_jul
1,3715.133,mp_jul
11,3715.4328,mp_jul
5,3715.7326,mp_jul
11,3716.0323,mp_jul
1,3716.3322,mp_jul
14,3716.632,mp_jul
20,3716.9317,mp_jul
20,3717.2315,mp_jul
20,3717.5313,mp_jul
3,3717.8311,mp_jul
1,3718.1309,mp_jul
5,3718.4307,mp_jul
1,3718.7304,mp_jul
5,3719.0302,mp_jul
16,3719.33,mp_jul
20,3719.6299,mp_jul
14,3719.9296,mp_jul
14,3720.2294,mp_jul
3,3720.5292,mp_jul
12,3720.8418,mp_jul
11,3721.1288,mp_jul
11,3721.4285,mp_jul
4,3721.7283,mp_jul
4,3722.0281,mp_jul
4,3722.3279,mp_jul
12,3722.6277,mp_jul
12,3722.9275,mp_jul
12,3723.2272,mp_jul
12,3723.5271,mp_jul
4,3723.8268,mp_jul
12,3724.1267,mp_jul
7,3724.4264,mp_jul
12,3724.7262,mp_jul
1,3725.026,mp_jul
1,3725.3258,mp_jul
1,3725.6256,mp_jul
5,3725.9254,mp_jul
14,3726.2252,mp_jul
14,3726.5249,mp_jul
3,3726.8247,mp_jul
11,3727.1245,mp_jul
11,3727.4243,mp_jul
1,3727.7241,mp_jul
12,3728.0238,mp_jul
2,3728.3236,mp_jul
11,3728.6235,mp_jul
15,3728.9233,mp_jul
15,3729.223,mp_jul
1,3729.5228,mp_jul
4,3729.8226,mp_jul
11,3730.1224,mp_jul
4,3730.4221,mp_jul
12,3730.7219,mp_jul
12,3731.0217,mp_jul
12,3731.3215,mp_jul
17,3731.6213,mp_jul
2,3731.9211,mp_jul
2,3732.2209,mp_jul
4,3732.5207,mp_jul
4,3732.8204,mp_jul
2,3733.1203,mp_jul
15,3733.42,mp_jul
15,3733.7198,mp_jul
15,3734.0196,mp_jul
18,3734.3194,mp_jul
18,3734.6192,mp_jul
1,3734.919,mp_jul
15,3735.2188,mp_jul
1,3735.5185,mp_jul
8,3735.8184,mp_jul
13,3736.1181,mp_jul
13,3736.4179,mp_jul
17,3736.7177,mp_jul
7,3737.0175,mp_jul
11,3737.3173,mp_jul
3,3737.6171,mp_jul
11,3737.9169,mp_jul
7,3738.2166,mp_jul
1,3738.5164,mp_jul
5,3738.8162,mp_jul
14,3739.116,mp_jul
1,3739.4158,mp_jul
7,3739.7156,mp_jul
8,3740.0154,mp_jul
7,3740.3151,mp_jul
12,3740.6149,mp_jul
4,3740.9147,mp_jul
11,3741.2145,mp_jul
5,3741.5143,mp_jul
18,3741.8141,mp_jul
18,3742.1139,mp_jul
14,3742.4137,mp_jul
22,3742.7134,mp_jul
22,3743.0133,mp_jul
14,3743.313,mp_jul
16,3743.6128,mp_jul
3,3743.9126,mp_jul
11,3744.2124,mp_jul
2,3744.5122,mp_jul
15,3744.812,mp_jul
15,3745.1117,mp_jul
15,3745.4115,mp_jul
15,3745.7113,mp_jul
15,3746.0111,mp_jul
15,3746.3109,mp_jul
15,3746.6107,mp_jul
15,3746.9105,mp_jul
15,3747.2102,mp_jul
7,3747.51,mp_jul
15,3747.8098,mp_jul
15,3748.1097,mp_jul
2,3748.4094,mp_jul
15,3748.7092,mp_jul
15,3749.009,mp_jul
15,3749.3087,mp_jul
4,3749.6085,mp_jul
1,3749.9084,mp_jul
1,3750.5079,mp_jul
1,3750.8077,mp_jul
1,3751.1075,mp_jul
4,3751.4073,mp_jul
4,3751.7071,mp_jul
12,3752.0068,mp_jul
7,3752.3066,mp_jul
13,3752.6065,mp_jul
13,3752.9062,mp_jul
17,3753.206,mp_jul
4,3753.5058,mp_jul
3,3753.8055,mp_jul
5,3754.1053,mp_jul
11,3754.4052,mp_jul
4,3754.7049,mp_jul
12,3755.0047,mp_jul
12,3755.3045,mp_jul
17,3755.6043,mp_jul
12,3755.9041,mp_jul
1,3756.2038,mp_jul
3,3756.5036,mp_jul
7,3756.8034,mp_jul
7,3757.1032,mp_jul
7,3757.403,mp_jul
7,3757.7028,mp_jul
7,3758.0026,mp_jul
11,3758.3023,mp_jul
7,3758.6022,mp_jul
17,3758.902,mp_jul
13,3759.2018,mp_jul
17,3759.5015,mp_jul
7,3759.8013,mp_jul
3,3760.1011,mp_jul
1,3760.4009,mp_jul
1,3760.7007,mp_jul
5,3761.0005,mp_jul
7,3761.3003,mp_jul
17,3761.6001,mp_jul
7,3761.8998,mp_jul
11,3762.1996,mp_jul
11,3762.4994,mp_jul
5,3762.7992,mp_jul
5,3763.099,mp_jul
2,3763.3988,mp_jul
17,3763.6986,mp_jul
17,3763.9984,mp_jul
17,3764.2982,mp_jul
3,3764.598,mp_jul
5,3764.8977,mp_jul
3,3765.1975,mp_jul
16,3765.4972,mp_jul
5,3765.7971,mp_jul
5,3766.0969,mp_jul
11,3766.3967,mp_jul
5,3766.6964,mp_jul
16,3766.9962,mp_jul
5,3767.296,mp_jul
1,3767.5959,mp_jul
2,3767.8956,mp_jul
3,3768.1954,mp_jul
3,3768.4951,mp_jul
5,3768.795,mp_jul
3,3769.0948,mp_jul
14,3769.3945,mp_jul
14,3769.6943,mp_jul
14,3769.9941,mp_jul
1,3770.2939,mp_jul
7,3770.5936,mp_jul
5,3770.8935,mp_jul
7,3771.1933,mp_jul
3,3771.493,mp_jul
5,3771.7928,mp_jul
7,3772.0926,mp_jul
17,3772.3924,mp_jul
3,3772.6922,mp_jul
3,3772.992,mp_jul
11,3773.2917,mp_jul
11,3773.5916,mp_jul
6,3773.8913,mp_jul
2,3774.1912,mp_jul
6,3774.4909,mp_jul
6,3774.7907,mp_jul
6,3775.0905,mp_jul
10,3775.3903,mp_jul
4,3775.69,mp_jul
4,3775.9899,mp_jul
10,3776.2896,mp_jul
6,3776.5894,mp_jul
6,3776.8892,mp_jul
10,3777.189,mp_jul
20,3777.4888,mp_jul
3,3777.7886,mp_jul
4,3778.0884,mp_jul
4,3778.3881,mp_jul
12,3778.6879,mp_jul
4,3778.9877,mp_jul
6,3779.2875,mp_jul
6,3779.5873,mp_jul
2,3779.8871,mp_jul
1,3780.1868,mp_jul
1,3780.4867,mp_jul
7,3780.7864,mp_jul
8,3781.0862,mp_jul
1,3781.386,mp_jul
1,3781.6858,mp_jul
2,3781.9856,mp_jul
6,3782.2853,mp_jul
17,3782.5852,mp_jul
13,3782.885,mp_jul
13,3783.1847,mp_jul
13,3783.4845,mp_jul
13,3783.7843,mp_jul
13,3784.0841,mp_jul
12,3784.3838,mp_jul
6,3784.6837,mp_jul
6,3784.9835,mp_jul
10,3785.2832,mp_jul
6,3785.583,mp_jul
12,3785.8828,mp_jul
6,3786.1826,mp_jul
10,3786.4824,mp_jul
20,3786.7822,mp_jul
10,3787.0819,mp_jul
7,3787.3818,mp_jul
7,3787.6814,mp_jul
2,3787.9813,mp_jul
2,3788.2811,mp_jul
12,3788.5809,mp_jul
13,3788.8807,mp_jul
13,3789.1804,mp_jul
12,3789.4803,mp_jul
15,3789.7801,mp_jul
2,3790.0799,mp_jul
15,3790.3796,mp_jul
15,3790.6794,mp_jul
15,3790.9792,mp_jul
15,3791.279,mp_jul
15,3791.5788,mp_jul
15,3791.8785,mp_jul
4,3792.1783,mp_jul
3,3792.4781,mp_jul
1,3792.778,mp_jul
20,3793.0777,mp_jul
14,3793.3774,mp_jul
25,3793.6772,mp_jul
3,3793.9771,mp_jul
7,3794.2768,mp_jul
3,3794.5766,mp_jul
1,3794.8764,mp_jul
12,3795.1762,mp_jul
4,3796.0756,mp_jul
2,3796.3754,mp_jul
3,3796.6751,mp_jul
11,3796.9749,mp_jul
1,3797.2748,mp_jul
1,3797.5745,mp_jul
3,3797.8743,mp_jul
9,3798.174,mp_jul
9,3798.4739,mp_jul
9,3798.7737,mp_jul
9,3799.0734,mp_jul
9,3799.3732,mp_jul
18,3799.673,mp_jul
18,3799.9728,mp_jul
14,3800.2726,mp_jul
14,3800.5724,mp_jul
14,3800.8722,mp_jul
14,3801.1719,mp_jul
16,3801.4717,mp_jul
14,3801.7716,mp_jul
16,3802.0714,mp_jul
5,3802.3711,mp_jul
16,3802.6708,mp_jul
16,3802.9706,mp_jul
16,3803.2705,mp_jul
3,3803.5702,mp_jul
18,3803.87,mp_jul
16,3804.1698,mp_jul
9,3804.4696,mp_jul
9,3804.7694,mp_jul
9,3805.0692,mp_jul
9,3805.369,mp_jul
9,3805.6688,mp_jul
9,3805.9685,mp_jul
9,3806.2683,mp_jul
9,3806.5681,mp_jul
22,3806.8679,mp_jul
18,3807.1677,mp_jul
25,3807.4675,mp_jul
13,3807.7673,mp_jul
21,3808.0671,mp_jul
21,3808.3669,mp_jul
21,3808.6666,mp_jul
26,3808.9665,mp_jul
25,3809.2662,mp_jul
22,3809.566,mp_jul
14,3809.8658,mp_jul
16,3810.1656,mp_jul
16,3810.4653,mp_jul
19,3810.7652,mp_jul
16,3811.0649,mp_jul
19,3811.3647,mp_jul
24,3811.6645,mp_jul
19,3811.9643,mp_jul
19,3812.2641,mp_jul
19,3812.5638,mp_jul
19,3812.8636,mp_jul
19,3813.1635,mp_jul
19,3813.4632,mp_jul
19,3813.763,mp_jul
20,3814.0628,mp_jul
6,3814.3626,mp_jul
6,3814.6624,mp_jul
12,3814.9622,mp_jul
7,3815.262,mp_jul
5,3815.5617,mp_jul
16,3815.8615,mp_jul
3,3816.1613,mp_jul
3,3816.4611,mp_jul
15,3816.7609,mp_jul
8,3817.0607,mp_jul
8,3817.3605,mp_jul
7,3817.6602,mp_jul
8,3817.96,mp_jul
7,3818.2598,mp_jul
12,3818.5596,mp_jul
17,3818.8594,mp_jul
12,3819.1592,mp_jul
15,3819.4589,mp_jul
15,3819.7588,mp_jul
5,3820.0586,mp_jul
16,3820.3583,mp_jul
16,3820.6582,mp_jul
19,3820.9579,mp_jul
25,3821.2577,mp_jul
25,3821.5575,mp_jul
25,3821.8573,mp_jul
25,3822.1571,mp_jul
20,3822.4569,mp_jul
3,3822.7566,mp_jul
11,3823.0564,mp_jul
15,3823.3562,mp_jul
1,3823.656,mp_jul
1,3823.9558,mp_jul
16,3824.2556,mp_jul
16,3824.5553,mp_jul
16,3824.8551,mp_jul
18,3825.1549,mp_jul
8,3825.4547,mp_jul
18,3825.7545,mp_jul
18,3826.0543,mp_jul
15,3826.3541,mp_jul
15,3826.6539,mp_jul
7,3826.9536,mp_jul
8,3827.2534,mp_jul
17,3827.5532,mp_jul
1,3827.853,mp_jul
15,3828.1528,mp_jul
5,3828.4526,mp_jul
16,3828.7523,mp_jul
16,3829.0521,mp_jul
14,3829.352,mp_jul
11,3829.6517,mp_jul
5,3829.9516,mp_jul
4,3830.2513,mp_jul
2,3830.5511,mp_jul
11,3830.8509,mp_jul
1,3831.1507,mp_jul
11,3831.4504,mp_jul
7,3831.7502,mp_jul
17,3832.05,mp_jul
6,3832.3498,mp_jul
6,3832.6496,mp_jul
10,3832.9494,mp_jul
6,3833.2492,mp_jul
7,3833.549,mp_jul
17,3833.8488,mp_jul
2,3834.1486,mp_jul
5,3834.4483,mp_jul
16,3834.7481,mp_jul
16,3835.0479,mp_jul
14,3835.3477,mp_jul
14,3835.6475,mp_jul
3,3835.9473,mp_jul
12,3836.247,mp_jul
4,3836.5469,mp_jul
6,3836.8466,mp_jul
10,3837.1464,mp_jul
10,3837.4462,mp_jul
11,3837.746,mp_jul
6,3838.0458,mp_jul
6,3838.3456,mp_jul
5,3838.6454,mp_jul
1,3838.9452,mp_jul
5,3839.245,mp_jul
5,3839.5447,mp_jul
1,3839.8445,mp_jul
20,3840.1443,mp_jul
20,3840.4441,mp_jul
20,3840.7439,mp_jul
17,3841.0437,mp_jul
17,3841.3435,mp_jul
10,3841.6432,mp_jul
6,3841.943,mp_jul
17,3842.2428,mp_jul
12,3842.5426,mp_jul
2,3842.8424,mp_jul
2,3843.1422,mp_jul
15,3843.442,mp_jul
15,3843.7417,mp_jul
15,3844.0415,mp_jul
15,3844.3413,mp_jul
15,3844.6411,mp_jul
4,3844.9409,mp_jul
6,3845.2407,mp_jul
10,3845.5405,mp_jul
10,3845.8403,mp_jul
6,3846.1401,mp_jul
10,3846.4399,mp_jul
10,3846.7396,mp_jul
6,3847.0394,mp_jul
6,3847.3392,mp_jul
6,3847.639,mp_jul
6,3847.9388,mp_jul
12,3848.2386,mp_jul
6,3848.5383,mp_jul
6,3848.8381,mp_jul
6,3849.1379,mp_jul
10,3849.4377,mp_jul
10,3849.7375,mp_jul
20,3850.0373,mp_jul
2,3850.3371,mp_jul
11,3850.6369,mp_jul
1,3850.9366,mp_jul
1,3851.2364,mp_jul
7,3851.5362,mp_jul
7,3851.8361,mp_jul
17,3852.1358,mp_jul
8,3852.4356,mp_jul
13,3852.7354,mp_jul
13,3853.0352,mp_jul
17,3853.3349,mp_jul
11,3853.6347,mp_jul
3,3853.9345,mp_jul
14,3854.2343,mp_jul
16,3854.534,mp_jul
16,3854.8338,mp_jul
5,3855.1337,mp_jul
5,3855.4335,mp_jul
14,3855.7332,mp_jul
16,3856.0331,mp_jul
14,3856.3328,mp_jul
14,3856.6325,mp_jul
16,3856.9324,mp_jul
5,3857.2322,mp_jul
1,3857.5319,mp_jul
1,3857.8317,mp_jul
3,3858.1315,mp_jul
14,3858.4313,mp_jul
25,3858.7311,mp_jul
25,3859.0308,mp_jul
16,3859.3306,mp_jul
22,3859.6304,mp_jul
16,3859.9302,mp_jul
14,3860.23,mp_jul
14,3860.5298,mp_jul
5,3860.8296,mp_jul
1,3861.1294,mp_jul
11,3861.4292,mp_jul
3,3861.729,mp_jul
5,3862.0288,mp_jul
5,3862.3286,mp_jul
7,3862.6283,mp_jul
7,3862.9282,mp_jul
12,3863.2279,mp_jul
4,3863.5277,mp_jul
4,3863.8274,mp_jul
12,3864.1273,mp_jul
7,3864.427,mp_jul
12,3864.7268,mp_jul
12,3865.0266,mp_jul
7,3865.3264,mp_jul
12,3865.6262,mp_jul
1,3865.926,mp_jul
14,3866.8253,mp_jul
3,3867.1252,mp_jul
8,3867.4249,mp_jul
7,3867.7247,mp_jul
7,3868.0245,mp_jul
2,3868.3243,mp_jul
4,3868.6241,mp_jul
4,3868.9238,mp_jul
12,3869.2237,mp_jul
4,3869.5234,mp_jul
4,3869.8232,mp_jul
4,3870.123,mp_jul
2,3870.4228,mp_jul
2,3870.7226,mp_jul
12,3871.0224,mp_jul
17,3871.3221,mp_jul
15,3871.622,mp_jul
17,3871.9217,mp_jul
17,3872.2215,mp_jul
4,3872.5213,mp_jul
4,3872.8211,mp_jul
12,3873.1209,mp_jul
12,3873.4207,mp_jul
12,3873.7205,mp_jul
17,3874.0203,mp_jul
7,3874.3201,mp_jul
12,3874.6198,mp_jul
6,3874.9196,mp_jul
10,3875.2194,mp_jul
10,3875.5192,mp_jul
6,3875.8189,mp_jul
12,3876.1188,mp_jul
12,3876.4186,mp_jul
12,3876.7184,mp_jul
12,3877.0181,mp_jul
4,3877.318,mp_jul
4,3877.6177,mp_jul
4,3877.9175,mp_jul
4,3878.2173,mp_jul
11,3878.5171,mp_jul
6,3878.8169,mp_jul
20,3879.1167,mp_jul
6,3879.4164,mp_jul
7,3879.7163,mp_jul
12,3880.016,mp_jul
1,3880.3158,mp_jul
7,3880.6156,mp_jul
7,3880.9154,mp_jul
1,3881.2152,mp_jul
4,3881.515,mp_jul
4,3881.8147,mp_jul
12,3882.1146,mp_jul
2,3882.4143,mp_jul
12,3882.7141,mp_jul
12,3883.0139,mp_jul
4,3883.3137,mp_jul
3,3883.6135,mp_jul
16,3883.9132,mp_jul
5,3884.213,mp_jul
11,3884.5128,mp_jul
2,3884.8126,mp_jul
3,3885.1124,mp_jul
14,3885.4122,mp_jul
14,3885.712,mp_jul
22,3886.0117,mp_jul
18,3886.3115,mp_jul
3,3886.6113,mp_jul
3,3886.9111,mp_jul
15,3887.2109,mp_jul
11,3887.5108,mp_jul
4,3887.8105,mp_jul
11,3888.1103,mp_jul
18,3888.4101,mp_jul
25,3888.7099,mp_jul
14,3889.0096,mp_jul
16,3889.3094,mp_jul
14,3889.6093,mp_jul
5,3889.909,mp_jul
11,3890.2088,mp_jul
3,3890.5086,mp_jul
5,3890.8084,mp_jul
11,3891.1082,mp_jul
14,3891.4079,mp_jul
5,3891.7077,mp_jul
1,3892.0075,mp_jul
3,3892.3073,mp_jul
14,3892.607,mp_jul
3,3892.9069,mp_jul
17,3893.2066,mp_jul
8,3893.5065,mp_jul
13,3893.8062,mp_jul
7,3894.106,mp_jul
2,3894.4058,mp_jul
1,3894.7056,mp_jul
11,3895.0054,mp_jul
12,3895.3052,mp_jul
3,3895.605,mp_jul
11,3895.9048,mp_jul
4,3896.2046,mp_jul
11,3896.5044,mp_jul
2,3896.8041,mp_jul
1,3897.1039,mp_jul
5,3897.4037,mp_jul
5,3897.7035,mp_jul
1,3898.0032,mp_jul
11,3898.3031,mp_jul
1,3898.6028,mp_jul
1,3898.9026,mp_jul
4,3899.2024,mp_jul
4,3899.5022,mp_jul
1,3899.802,mp_jul
3,3900.1018,mp_jul
14,3900.4015,mp_jul
14,3900.7014,mp_jul
5,3901.0012,mp_jul
1,3901.3009,mp_jul
2,3901.6007,mp_jul
1,3901.9005,mp_jul
1,3902.2003,mp_jul
1,3902.5001,mp_jul
15,3902.7998,mp_jul
15,3903.0996,mp_jul
12,3903.3994,mp_jul
17,3903.6992,mp_jul
1,3903.999,mp_jul
2,3904.2988,mp_jul
12,3904.5986,mp_jul
12,3904.8983,mp_jul
5,3905.1981,mp_jul
11,3905.498,mp_jul
11,3905.7977,mp_jul
11,3906.0975,mp_jul
11,3906.3973,mp_jul
1,3906.6971,mp_jul
11,3906.9969,mp_jul
11,3907.2967,mp_jul
17,3907.5965,mp_jul
1,3907.8962,mp_jul
6,3908.1961,mp_jul
6,3908.4958,mp_jul
10,3908.7956,mp_jul
20,3909.0954,mp_jul
1,3909.3952,mp_jul
2,3909.695,mp_jul
2,3909.9948,mp_jul
15,3910.2945,mp_jul
2,3910.5943,mp_jul
15,3910.8941,mp_jul
15,3911.1939,mp_jul
5,3911.4937,mp_jul
5,3911.7935,mp_jul
3,3912.0932,mp_jul
1,3912.393,mp_jul
7,3912.6928,mp_jul
8,3912.9926,mp_jul
13,3913.2924,mp_jul
21,3913.5922,mp_jul
13,3913.892,mp_jul
18,3914.1917,mp_jul
5,3914.4916,mp_jul
2,3914.7913,mp_jul
15,3915.0911,mp_jul
15,3915.3909,mp_jul
15,3915.6907,mp_jul
15,3915.9905,mp_jul
15,3916.2903,mp_jul
1,3916.5901,mp_jul
1,3916.8899,mp_jul
15,3917.1897,mp_jul
15,3917.4894,mp_jul
15,3917.7892,mp_jul
15,3918.089,mp_jul
15,3918.3888,mp_jul
11,3918.6886,mp_jul
18,3918.9884,mp_jul
18,3919.2882,mp_jul
5,3919.5879,mp_jul
5,3919.8877,mp_jul
11,3920.1876,mp_jul
2,3920.4873,mp_jul
4,3920.7871,mp_jul
4,3921.0868,mp_jul
11,3921.3867,mp_jul
1,3921.6864,mp_jul
1,3921.9862,mp_jul
11,3922.286,mp_jul
5,3922.5858,mp_jul
5,3922.8856,mp_jul
1,3923.1854,mp_jul
3,3923.4852,mp_jul
14,3923.785,mp_jul
5,3924.0848,mp_jul
1,3924.3845,mp_jul
1,3924.6843,mp_jul
3,3924.9841,mp_jul
17,3925.2839,mp_jul
25,3925.5837,mp_jul
25,3925.8835,mp_jul
16,3926.1832,mp_jul
20,3926.483,mp_jul
3,3926.7828,mp_jul
14,3927.0827,mp_jul
11,3927.3824,mp_jul
5,3927.6822,mp_jul
3,3927.982,mp_jul
2,3928.2818,mp_jul
16,3928.5815,mp_jul
16,3928.8813,mp_jul
20,3929.1811,mp_jul
16,3929.4809,mp_jul
3,3929.7806,mp_jul
3,3930.0804,mp_jul
1,3930.3802,mp_jul
11,3930.6801,mp_jul
1,3930.9798,mp_jul
11,3931.2796,mp_jul
1,3931.5794,mp_jul
7,3931.8792,mp_jul
13,3932.1789,mp_jul
13,3932.4788,mp_jul
7,3932.7785,mp_jul
5,3933.0783,mp_jul
5,3933.3781,mp_jul
3,3933.678,mp_jul
3,3933.9777,mp_jul
5,3934.2775,mp_jul
5,3934.5772,mp_jul
3,3934.8771,mp_jul
17,3935.1769,mp_jul
14,3935.4766,mp_jul
3,3935.7764,mp_jul
11,3936.0762,mp_jul
12,3936.376,mp_jul
12,3936.6758,mp_jul
12,3936.9756,mp_jul
4,3937.2754,mp_jul
2,3937.5751,mp_jul
11,3937.8749,mp_jul
3,3938.1747,mp_jul
6,3938.4745,mp_jul
20,3938.7743,mp_jul
6,3939.0741,mp_jul
6,3939.3738,mp_jul
10,3939.6737,mp_jul
6,3939.9734,mp_jul
10,3940.2732,mp_jul
10,3940.573,mp_jul
20,3940.8728,mp_jul
10,3941.1726,mp_jul
6,3941.4724,mp_jul
6,3941.7722,mp_jul
6,3942.072,mp_jul
6,3942.3717,mp_jul
2,3942.6715,mp_jul
2,3942.9713,mp_jul
15,3943.2711,mp_jul
15,3943.5709,mp_jul
2,3943.8707,mp_jul
5,3944.1704,mp_jul
1,3944.4702,mp_jul
5,3944.77,mp_jul
3,3945.0698,mp_jul
1,3945.3696,mp_jul
5,3945.6694,mp_jul
18,3945.9692,mp_jul
11,3946.2689,mp_jul
11,3946.5687,mp_jul
5,3946.8685,mp_jul
3,3947.1683,mp_jul
3,3947.4681,mp_jul
5,3947.7678,mp_jul
5,3948.0676,mp_jul
11,3948.3674,mp_jul
6,3948.6672,mp_jul
6,3948.967,mp_jul
10,3949.2668,mp_jul
6,3949.5666,mp_jul
6,3949.8664,mp_jul
6,3950.1661,mp_jul
6,3950.466,mp_jul
6,3950.7657,mp_jul
10,3951.0655,mp_jul
10,3951.3653,mp_jul
6,3951.6651,mp_jul
2,3951.9649,mp_jul
18,3952.2646,mp_jul
5,3952.5644,mp_jul
5,3952.8642,mp_jul
5,3953.164,mp_jul
5,3953.4638,mp_jul
3,3953.7636,mp_jul
11,3954.0633,mp_jul
4,3954.3631,mp_jul
4,3954.6629,mp_jul
4,3954.9627,mp_jul
15,3955.2625,mp_jul
15,3955.5622,mp_jul
15,3955.862,mp_jul
15,3956.1619,mp_jul
15,3956.4616,mp_jul
2,3956.7614,mp_jul
2,3957.0612,mp_jul
5,3957.361,mp_jul
15,3957.6608,mp_jul
12,3957.9605,mp_jul
1,3958.2603,mp_jul
15,3958.561,mp_jul
15,3958.8599,mp_jul
15,3959.1596,mp_jul
4,3959.4595,mp_jul
5,3959.7593,mp_jul
3,3960.059,mp_jul
7,3960.3588,mp_jul
1,3960.6586,mp_jul
3,3960.9584,mp_jul
4,3961.2581,mp_jul
4,3961.558,mp_jul
4,3961.8578,mp_jul
4,3962.1576,mp_jul
6,3962.4573,mp_jul
6,3962.7571,mp_jul
2,3963.0569,mp_jul
5,3963.3567,mp_jul
11,3963.6565,mp_jul
11,3963.9563,mp_jul
3,3964.256,mp_jul
3,3964.5558,mp_jul
1,3964.8556,mp_jul
5,3965.1554,mp_jul
5,3965.4552,mp_jul
3,3965.755,mp_jul
11,3966.0547,mp_jul
11,3966.3546,mp_jul
11,3966.6543,mp_jul
11,3966.9541,mp_jul
15,3967.2539,mp_jul
11,3967.5537,mp_jul
18,3967.8535,mp_jul
9,3968.1532,mp_jul
9,3968.453,mp_jul
23,3968.7528,mp_jul
9,3969.0526,mp_jul
9,3969.3524,mp_jul
9,3969.6522,mp_jul
9,3969.9519,mp_jul
9,3970.2517,mp_jul
9,3970.5515,mp_jul
9,3970.8513,mp_jul
9,3971.1511,mp_jul
9,3971.4509,mp_jul
9,3971.7507,mp_jul
9,3972.0505,mp_jul
9,3972.3502,mp_jul
9,3972.65,mp_jul
9,3972.9498,mp_jul
9,3973.2496,mp_jul
9,3973.5494,mp_jul
9,3973.8491,mp_jul
9,3974.1489,mp_jul
9,3974.4487,mp_jul
9,3974.7485,mp_jul
9,3975.0483,mp_jul
9,3975.3481,mp_jul
9,3975.6479,mp_jul
9,3975.9476,mp_jul
9,3976.2474,mp_jul
9,3976.5472,mp_jul
9,3976.847,mp_jul
9,3977.1468,mp_jul
9,3977.4466,mp_jul
9,3977.7463,mp_jul
14,3978.0461,mp_jul
11,3978.3459,mp_jul
15,3978.6457,mp_jul
15,3978.9455,mp_jul
15,3979.2453,mp_jul
15,3979.545,mp_jul
15,3979.8448,mp_jul
15,3980.1446,mp_jul
15,3980.4444,mp_jul
15,3980.7442,mp_jul
15,3981.044,mp_jul
15,3981.3438,mp_jul
15,3981.6436,mp_jul
18,3981.9433,mp_jul
1,3982.2431,mp_jul
18,3982.5429,mp_jul
3,3982.8427,mp_jul
11,3983.1425,mp_jul
12,3983.4422,mp_jul
6,3983.7421,mp_jul
6,3984.0418,mp_jul
10,3984.3416,mp_jul
6,3984.6413,mp_jul
6,3984.9412,mp_jul
10,3985.2409,mp_jul
6,3985.5407,mp_jul
6,3985.8405,mp_jul
10,3986.1404,mp_jul
6,3986.4401,mp_jul
6,3986.7399,mp_jul
2,3987.0397,mp_jul
15,3987.3395,mp_jul
2,3987.6393,mp_jul
15,3987.939,mp_jul
2,3988.2388,mp_jul
7,3988.5386,mp_jul
1,3988.8384,mp_jul
22,3989.1381,mp_jul
3,3989.438,mp_jul
5,3989.7378,mp_jul
3,3990.0375,mp_jul
3,3990.3373,mp_jul
1,3990.6371,mp_jul
1,3990.9369,mp_jul
15,3991.2366,mp_jul
18,3991.5364,mp_jul
7,3991.8362,mp_jul
8,3992.136,mp_jul
7,3992.4358,mp_jul
15,3992.7356,mp_jul
11,3993.0354,mp_jul
15,3993.3352,mp_jul
17,3993.6349,mp_jul
17,3993.9347,mp_jul
1,3994.2345,mp_jul
15,3994.5343,mp_jul
15,3994.8341,mp_jul
15,3995.1339,mp_jul
15,3995.4336,mp_jul
1,3995.7334,mp_jul
1,3996.0332,mp_jul
8,3996.333,mp_jul
13,3996.6328,mp_jul
13,3996.9326,mp_jul
4,3997.2323,mp_jul
1,3997.5322,mp_jul
5,3997.8319,mp_jul
16,3998.1317,mp_jul
14,3998.4314,mp_jul
14,3998.7313,mp_jul
16,3999.031,mp_jul
14,3999.3308,mp_jul
5,3999.6307,mp_jul
2,3999.9304,mp_jul
11,4000.2302,mp_jul
16,4000.53,mp_jul
2,4000.8298,mp_jul
2,4001.1295,mp_jul
1,4001.4293,mp_jul
3,4001.7291,mp_jul
14,4002.0289,mp_jul
16,4002.3296,mp_jul
5,4002.6334,mp_jul
5,4002.9282,mp_jul
6,4003.228,mp_jul
6,4003.5278,mp_jul
12,4003.8276,mp_jul
7,4004.1274,mp_jul
6,4004.4272,mp_jul
6,4004.727,mp_jul
6,4005.0268,mp_jul
2,4005.3265,mp_jul
4,4005.6264,mp_jul
2,4005.9261,mp_jul
15,4006.2259,mp_jul
15,4006.5257,mp_jul
4,4006.8254,mp_jul
4,4007.1253,mp_jul
2,4007.4251,mp_jul
2,4007.7248,mp_jul
5,4008.0246,mp_jul
18,4008.3244,mp_jul
5,4008.6242,mp_jul
22,4008.924,mp_jul
18,4009.2237,mp_jul
3,4009.5235,mp_jul
5,4009.8233,mp_jul
5,4010.1231,mp_jul
1,4010.4229,mp_jul
5,4010.7227,mp_jul
1,4011.0225,mp_jul
3,4011.3222,mp_jul
1,4011.622,mp_jul
15,4011.9218,mp_jul
2,4012.2216,mp_jul
15,4012.5214,mp_jul
15,4012.8212,mp_jul
15,4013.121,mp_jul
2,4013.4208,mp_jul
14,4013.7206,mp_jul
14,4014.0203,mp_jul
14,4014.3201,mp_jul
20,4014.6199,mp_jul
20,4014.9197,mp_jul
20,4015.2195,mp_jul
20,4015.5193,mp_jul
20,4015.819,mp_jul
20,4016.1188,mp_jul
3,4016.4186,mp_jul
1,4016.7184,mp_jul
1,4017.0182,mp_jul
1,4017.318,mp_jul
4,4017.6178,mp_jul
11,4017.9176,mp_jul
2,4018.2173,mp_jul
7,4018.5171,mp_jul
13,4018.8169,mp_jul
17,4019.1167,mp_jul
1,4019.4165,mp_jul
5,4019.7163,mp_jul
11,4020.0161,mp_jul
13,4020.3158,mp_jul
13,4020.6156,mp_jul
17,4020.9154,mp_jul
3,4021.2152,mp_jul
1,4021.515,mp_jul
5,4021.8148,mp_jul
1,4022.1146,mp_jul
13,4022.4143,mp_jul
13,4022.7141,mp_jul
7,4023.0139,mp_jul
1,4023.3137,mp_jul
2,4023.6135,mp_jul
11,4023.9133,mp_jul
2,4024.213,mp_jul
15,4024.5128,mp_jul
15,4024.8126,mp_jul
15,4025.1124,mp_jul
15,4025.4122,mp_jul
15,4025.712,mp_jul
15,4026.0118,mp_jul
15,4026.3116,mp_jul
15,4026.6114,mp_jul
15,4026.9111,mp_jul
12,4027.2109,mp_jul
7,4027.5107,mp_jul
7,4027.8105,mp_jul
4,4028.1103,mp_jul
2,4028.41,mp_jul
12,4028.7099,mp_jul
15,4029.0097,mp_jul
15,4029.3094,mp_jul
12,4029.6092,mp_jul
7,4029.909,mp_jul
12,4030.2088,mp_jul
12,4030.5086,mp_jul
1,4030.8084,mp_jul
1,4031.1082,mp_jul
15,4031.4079,mp_jul
7,4031.7077,mp_jul
13,4032.0075,mp_jul
8,4032.3073,mp_jul
12,4032.6071,mp_jul
17,4032.9069,mp_jul
13,4033.2067,mp_jul
13,4033.5064,mp_jul
13,4033.8062,mp_jul
8,4034.106,mp_jul
15,4034.4058,mp_jul
5,4034.7056,mp_jul
17,4035.0054,mp_jul
17,4035.3051,mp_jul
7,4035.6049,mp_jul
2,4035.9047,mp_jul
2,4036.2045,mp_jul
11,4036.5043,mp_jul
11,4036.8041,mp_jul
4,4037.1039,mp_jul
7,4037.4037,mp_jul
17,4037.7035,mp_jul
7,4038.0032,mp_jul
2,4038.303,mp_jul
1,4038.6028,mp_jul
7,4038.9026,mp_jul
17,4039.2024,mp_jul
8,4039.5022,mp_jul
8,4039.8019,mp_jul
10,4040.1017,mp_jul
5,4040.4016,mp_jul
4,4040.7013,mp_jul
13,4041.0011,mp_jul
13,4041.3009,mp_jul
8,4041.6007,mp_jul
4,4041.9005,mp_jul
11,4042.2002,mp_jul
4,4042.5001,mp_jul
12,4042.7998,mp_jul
2,4043.0996,mp_jul
2,4043.3994,mp_jul
2,4043.6992,mp_jul
5,4043.9989,mp_jul
2,4044.2988,mp_jul
13,4044.5986,mp_jul
5,4044.8984,mp_jul
1,4045.1981,mp_jul
1,4045.498,mp_jul
12,4045.7977,mp_jul
8,4046.0975,mp_jul
11,4046.3973,mp_jul
11,4046.6971,mp_jul
12,4046.9968,mp_jul
2,4047.2967,mp_jul
12,4047.5964,mp_jul
1,4047.8962,mp_jul
7,4048.196,mp_jul
12,4048.4958,mp_jul
2,4048.7956,mp_jul
5,4049.0954,mp_jul
1,4049.3952,mp_jul
4,4049.6949,mp_jul
4,4049.9948,mp_jul
4,4050.2945,mp_jul
4,4050.5943,mp_jul
4,4050.8941,mp_jul
12,4051.1939,mp_jul
12,4051.4937,mp_jul
4,4051.7935,mp_jul
2,4052.0932,mp_jul
4,4052.3931,mp_jul
4,4052.6928,mp_jul
4,4052.9926,mp_jul
11,4053.2924,mp_jul
14,4053.5922,mp_jul
14,4053.892,mp_jul
11,4054.1917,mp_jul
1,4054.4916,mp_jul
12,4054.7913,mp_jul
1,4055.0911,mp_jul
17,4055.3909,mp_jul
1,4055.6907,mp_jul
2,4055.9905,mp_jul
5,4056.2903,mp_jul
5,4056.5968,mp_jul
16,4056.8898,mp_jul
11,4057.1896,mp_jul
5,4057.4894,mp_jul
2,4057.7892,mp_jul
7,4058.094,mp_jul
1,4058.3888,mp_jul
1,4058.6885,mp_jul
7,4058.9884,mp_jul
1,4059.2881,mp_jul
2,4059.588,mp_jul
12,4059.8877,mp_jul
12,4060.1875,mp_jul
2,4060.4872,mp_jul
4,4060.787,mp_jul
15,4061.0868,mp_jul
15,4061.3866,mp_jul
7,4061.6864,mp_jul
10,4061.9862,mp_jul
3,4062.286,mp_jul
11,4062.5858,mp_jul
1,4062.8856,mp_jul
11,4063.1853,mp_jul
11,4063.4852,mp_jul
5,4063.7849,mp_jul
16,4064.0847,mp_jul
5,4064.3845,mp_jul
1,4064.6843,mp_jul
1,4064.984,mp_jul
3,4065.2838,mp_jul
14,4065.5836,mp_jul
16,4065.8835,mp_jul
14,4066.1832,mp_jul
1,4066.483,mp_jul
11,4066.7828,mp_jul
2,4067.0826,mp_jul
1,4067.3823,mp_jul
17,4067.6821,mp_jul
5,4067.982,mp_jul
3,4068.2817,mp_jul
3,4068.5814,mp_jul
5,4068.8813,mp_jul
14,4069.1811,mp_jul
14,4069.4808,mp_jul
14,4069.7806,mp_jul
14,4070.0804,mp_jul
14,4070.3802,mp_jul
14,4070.68,mp_jul
1,4070.9798,mp_jul
12,4071.2796,mp_jul
12,4071.5793,mp_jul
16,4071.8791,mp_jul
14,4072.179,mp_jul
14,4072.4788,mp_jul
14,4072.7785,mp_jul
1,4073.0783,mp_jul
1,4073.3781,mp_jul
1,4073.6779,mp_jul
14,4073.9776,mp_jul
18,4074.2774,mp_jul
23,4074.5772,mp_jul
22,4074.877,mp_jul
15,4075.1768,mp_jul
15,4075.4766,mp_jul
15,4075.7764,mp_jul
15,4076.0761,mp_jul
15,4076.3759,mp_jul
15,4076.6757,mp_jul
12,4076.9755,mp_jul
4,4077.2753,mp_jul
4,4077.5751,mp_jul
4,4077.8749,mp_jul
5,4078.1747,mp_jul
14,4078.4744,mp_jul
14,4078.7742,mp_jul
2,4079.074,mp_jul
5,4079.3739,mp_jul
4,4079.6736,mp_jul
4,4079.9734,mp_jul
4,4080.2732,mp_jul
12,4080.573,mp_jul
12,4080.8727,mp_jul
12,4081.1725,mp_jul
4,4081.4723,mp_jul
4,4081.7721,mp_jul
4,4082.0719,mp_jul
12,4082.3717,mp_jul
2,4082.6715,mp_jul
4,4082.9712,mp_jul
12,4083.271,mp_jul
15,4083.5708,mp_jul
15,4083.8706,mp_jul
15,4084.1704,mp_jul
15,4084.4701,mp_jul
4,4084.7699,mp_jul
5,4085.0698,mp_jul
1,4085.3695,mp_jul
16,4085.6693,mp_jul
14,4085.9691,mp_jul
14,4086.2688,mp_jul
5,4086.5687,mp_jul
7,4086.8684,mp_jul
13,4087.1683,mp_jul
20,4087.4681,mp_jul
20,4087.7678,mp_jul
1,4088.0676,mp_jul
2,4088.3674,mp_jul
11,4088.6672,mp_jul
4,4088.967,mp_jul
12,4089.2668,mp_jul
12,4089.5666,mp_jul
4,4089.8663,mp_jul
12,4090.1661,mp_jul
12,4090.4659,mp_jul
12,4090.7657,mp_jul
12,4091.0655,mp_jul
12,4091.3652,mp_jul
1,4091.6651,mp_jul
1,4091.9648,mp_jul
1,4092.2646,mp_jul
4,4092.5644,mp_jul
12,4092.8642,mp_jul
4,4093.164,mp_jul
3,4093.4637,mp_jul
20,4093.7635,mp_jul
1,4094.0634,mp_jul
13,4094.3631,mp_jul
7,4094.6629,mp_jul
8,4094.9628,mp_jul
8,4095.2625,mp_jul
8,4095.5623,mp_jul
14,4095.862,mp_jul
3,4096.1618,mp_jul
7,4096.4616,mp_jul
12,4096.7614,mp_jul
4,4097.0612,mp_jul
11,4097.361,mp_jul
1,4097.9606,mp_jul
4,4098.2604,mp_jul
4,4098.5602,mp_jul
10,4098.8599,mp_jul
6,4099.1597,mp_jul
7,4099.4595,mp_jul
12,4099.7593,mp_jul
6,4100.0591,mp_jul
12,4100.3589,mp_jul
4,4100.6587,mp_jul
4,4100.9584,mp_jul
4,4101.2582,mp_jul
12,4101.558,mp_jul
2,4101.8578,mp_jul
15,4102.1576,mp_jul
15,4102.4574,mp_jul
1,4102.7572,mp_jul
1,4103.0569,mp_jul
1,4103.3568,mp_jul
14,4103.6565,mp_jul
16,4103.9563,mp_jul
14,4104.2561,mp_jul
3,4104.5559,mp_jul
5,4104.8556,mp_jul
2,4105.1555,mp_jul
1,4105.4553,mp_jul
17,4105.7551,mp_jul
12,4106.0549,mp_jul
14,4106.3546,mp_jul
25,4106.6544,mp_jul
8,4106.9541,mp_jul
26,4107.2539,mp_jul
26,4107.5538,mp_jul
21,4107.8536,mp_jul
26,4108.1533,mp_jul
25,4108.4532,mp_jul
25,4109.3525,mp_jul
25,4109.6522,mp_jul
14,4109.9521,mp_jul
11,4110.2518,mp_jul
4,4110.5516,mp_jul
4,4110.8514,mp_jul
2,4111.1512,mp_jul
4,4111.451,mp_jul
12,4111.7508,mp_jul
4,4112.0506,mp_jul
12,4112.3504,mp_jul
7,4112.6501,mp_jul
12,4112.95,mp_jul
12,4113.2497,mp_jul
12,4113.5495,mp_jul
4,4113.8493,mp_jul
3,4114.1491,mp_jul
14,4114.4489,mp_jul
16,4114.7487,mp_jul
16,4115.0484,mp_jul
25,4115.3482,mp_jul
5,4115.648,mp_jul
16,4115.9478,mp_jul
25,4116.2476,mp_jul
17,4116.5474,mp_jul
17,4116.8472,mp_jul
7,4117.147,mp_jul
7,4117.4468,mp_jul
8,4117.7465,mp_jul
17,4118.0463,mp_jul
1,4118.3461,mp_jul
2,4118.6459,mp_jul
2,4118.9457,mp_jul
12,4119.2454,mp_jul
3,4119.5452,mp_jul
1,4119.8451,mp_jul
12,4120.1448,mp_jul
17,4120.4446,mp_jul
8,4120.7444,mp_jul
2,4121.0442,mp_jul
17,4121.344,mp_jul
17,4121.6437,mp_jul
8,4121.9435,mp_jul
13,4122.2434,mp_jul
8,4122.5432,mp_jul
17,4122.8429,mp_jul
12,4123.1428,mp_jul
2,4123.4425,mp_jul
1,4123.7423,mp_jul
1,4124.042,mp_jul
3,4124.3419,mp_jul
3,4124.6417,mp_jul
11,4124.9414,mp_jul
10,4125.2412,mp_jul
4,4125.541,mp_jul
4,4125.8408,mp_jul
12,4126.1406,mp_jul
12,4126.4404,mp_jul
4,4126.7402,mp_jul
4,4127.04,mp_jul
2,4127.3398,mp_jul
12,4127.6396,mp_jul
12,4127.9393,mp_jul
7,4128.2391,mp_jul
8,4128.5389,mp_jul
7,4128.8387,mp_jul
5,4129.1385,mp_jul
17,4129.4382,mp_jul
7,4129.7381,mp_jul
3,4130.0378,mp_jul
3,4130.3376,mp_jul
15,4130.6374,mp_jul
12,4130.9372,mp_jul
12,4131.237,mp_jul
5,4131.5367,mp_jul
3,4131.8366,mp_jul
11,4132.1363,mp_jul
1,4132.4362,mp_jul
2,4132.7359,mp_jul
5,4133.0357,mp_jul
11,4133.3355,mp_jul
5,4133.6353,mp_jul
14,4133.9351,mp_jul
3,4134.2349,mp_jul
1,4134.5347,mp_jul
5,4134.8344,mp_jul
3,4135.1342,mp_jul
5,4135.434,mp_jul
5,4135.7338,mp_jul
2,4136.0345,mp_jul
1,4136.3334,mp_jul
7,4136.6332,mp_jul
8,4136.933,mp_jul
8,4137.2328,mp_jul
12,4137.5325,mp_jul
6,4137.8323,mp_jul
6,4138.1321,mp_jul
6,4138.4319,mp_jul
6,4138.7316,mp_jul
6,4139.0315,mp_jul
6,4139.3312,mp_jul
10,4139.6311,mp_jul
10,4139.9308,mp_jul
20,4140.2306,mp_jul
20,4140.5305,mp_jul
6,4140.8302,mp_jul
1,4141.13,mp_jul
2,4141.4298,mp_jul
2,4141.7296,mp_jul
11,4142.0294,mp_jul
2,4142.3292,mp_jul
5,4142.629,mp_jul
14,4142.9287,mp_jul
25,4143.2285,mp_jul
3,4143.5283,mp_jul
6,4143.8281,mp_jul
10,4144.1279,mp_jul
6,4144.4277,mp_jul
6,4144.7274,mp_jul
2,4145.0272,mp_jul
12,4145.327,mp_jul
12,4145.6268,mp_jul
4,4145.9266,mp_jul
10,4146.2264,mp_jul
6,4146.5262,mp_jul
6,4146.826,mp_jul
6,4147.1258,mp_jul
6,4147.4255,mp_jul
2,4147.7253,mp_jul
2,4148.0251,mp_jul
4,4148.3249,mp_jul
3,4148.6247,mp_jul
5,4148.9244,mp_jul
16,4149.2243,mp_jul
16,4149.524,mp_jul
3,4149.8238,mp_jul
5,4150.1286,mp_jul
11,4150.4234,mp_jul
1,4150.7232,mp_jul
1,4151.023,mp_jul
3,4151.3228,mp_jul
18,4151.6226,mp_jul
18,4151.9223,mp_jul
22,4152.2221,mp_jul
18,4152.5219,mp_jul
22,4152.8217,mp_jul
1,4153.1215,mp_jul
1,4153.4212,mp_jul
4,4153.7211,mp_jul
6,4154.0209,mp_jul
6,4154.3207,mp_jul
10,4154.6204,mp_jul
10,4154.9202,mp_jul
17,4155.22,mp_jul
7,4155.5198,mp_jul
12,4155.8196,mp_jul
6,4156.1195,mp_jul
6,4156.4192,mp_jul
2,4156.7189,mp_jul
4,4157.0187,mp_jul
2,4157.3185,mp_jul
4,4157.6183,mp_jul
4,4157.918,mp_jul
4,4158.2179,mp_jul
4,4158.5177,mp_jul
10,4158.8174,mp_jul
10,4159.1172,mp_jul
6,4159.417,mp_jul
6,4159.7168,mp_jul
6,4160.0166,mp_jul
6,4160.3164,mp_jul
5,4160.6162,mp_jul
3,4160.9159,mp_jul
18,4161.2157,mp_jul
3,4161.5155,mp_jul
22,4161.8153,mp_jul
18,4162.1151,mp_jul
18,4162.4148,mp_jul
18,4162.7147,mp_jul
5,4163.0145,mp_jul
1,4163.3142,mp_jul
5,4163.614,mp_jul
5,4163.9139,mp_jul
18,4164.2136,mp_jul
5,4164.5134,mp_jul
11,4164.8132,mp_jul
1,4165.113,mp_jul
1,4165.4128,mp_jul
5,4165.7125,mp_jul
1,4166.0123,mp_jul
1,4166.3121,mp_jul
14,4166.6119,mp_jul
5,4166.9117,mp_jul
5,4167.2115,mp_jul
14,4167.5113,mp_jul
3,4167.8111,mp_jul
3,4168.1108,mp_jul
1,4168.4106,mp_jul
3,4168.7104,mp_jul
5,4169.0102,mp_jul
7,4169.31,mp_jul
1,4169.6098,mp_jul
15,4170.2093,mp_jul
15,4170.5091,mp_jul
3,4170.8089,mp_jul
18,4171.1087,mp_jul
18,4171.4084,mp_jul
22,4171.7083,mp_jul
14,4172.0081,mp_jul
16,4172.3078,mp_jul
14,4172.6077,mp_jul
25,4172.9074,mp_jul
3,4173.2072,mp_jul
14,4173.507,mp_jul
14,4173.8068,mp_jul
20,4174.1066,mp_jul
8,4174.4063,mp_jul
13,4174.7061,mp_jul
8,4175.006,mp_jul
25,4175.3057,mp_jul
25,4175.6055,mp_jul
25,4175.9053,mp_jul
25,4176.2051,mp_jul
20,4176.5049,mp_jul
8,4176.8046,mp_jul
25,4177.1045,mp_jul
14,4177.4043,mp_jul
16,4177.704,mp_jul
14,4178.0038,mp_jul
16,4178.3036,mp_jul
18,4178.6034,mp_jul
18,4178.9031,mp_jul
18,4179.2079,mp_jul
18,4179.5027,mp_jul
1,4179.8025,mp_jul
5,4180.1023,mp_jul
16,4180.4021,mp_jul
14,4180.7019,mp_jul
14,4181.0017,mp_jul
1,4181.3014,mp_jul
2,4181.6012,mp_jul
2,4181.9011,mp_jul
15,4182.2008,mp_jul
15,4182.5006,mp_jul
15,4182.8004,mp_jul
15,4183.1002,mp_jul
1,4183.3999,mp_jul
16,4183.6997,mp_jul
25,4183.9995,mp_jul
14,4184.2993,mp_jul
22,4184.5991,mp_jul
18,4185.1987,mp_jul
1,4185.4985,mp_jul
11,4185.7982,mp_jul
4,4186.098,mp_jul
15,4186.3978,mp_jul
12,4186.6976,mp_jul
7,4186.9974,mp_jul
17,4187.2972,mp_jul
2,4187.597,mp_jul
15,4187.8968,mp_jul
18,4188.1966,mp_jul
15,4188.4964,mp_jul
18,4188.7961,mp_jul
18,4189.0959,mp_jul
18,4189.3957,mp_jul
5,4189.6955,mp_jul
18,4189.9953,mp_jul
18,4190.295,mp_jul
18,4190.5948,mp_jul
16,4190.8947,mp_jul
16,4191.1945,mp_jul
18,4191.4942,mp_jul
18,4191.794,mp_jul
22,4192.0938,mp_jul
25,4192.3936,mp_jul
25,4192.6933,mp_jul
15,4192.9932,mp_jul
1,4193.293,mp_jul
18,4193.5927,mp_jul
5,4193.8925,mp_jul
20,4194.1923,mp_jul
25,4194.4921,mp_jul
17,4194.7919,mp_jul
18,4195.0917,mp_jul
1,4195.3915,mp_jul
5,4195.6913,mp_jul
5,4195.9911,mp_jul
5,4196.2908,mp_jul
1,4196.5906,mp_jul
1,4196.8904,mp_jul
1,4197.1902,mp_jul
5,4197.49,mp_jul
1,4197.7898,mp_jul
7,4198.0896,mp_jul
5,4198.3894,mp_jul
3,4198.6891,mp_jul
1,4198.9889,mp_jul
18,4199.2887,mp_jul
3,4199.5885,mp_jul
5,4199.8883,mp_jul
5,4200.1881,mp_jul
3,4200.4879,mp_jul
5,4200.7876,mp_jul
3,4201.0874,mp_jul
18,4201.3872,mp_jul
3,4201.687,mp_jul
2,4201.9868,mp_jul
15,4202.2866,mp_jul
7,4202.5864,mp_jul
1,4202.8862,mp_jul
22,4203.186,mp_jul
22,4203.4857,mp_jul
25,4203.7855,mp_jul
18,4204.0852,mp_jul
18,4204.3851,mp_jul
18,4204.6849,mp_jul
13,4204.9847,mp_jul
26,4205.2845,mp_jul
13,4205.5843,mp_jul
8,4205.884,mp_jul
25,4206.1838,mp_jul
18,4206.4836,mp_jul
26,4206.7834,mp_jul
25,4207.0832,mp_jul
18,4207.3829,mp_jul
22,4207.6828,mp_jul
22,4207.9826,mp_jul
2,4208.2823,mp_jul
7,4208.5821,mp_jul
7,4208.8819,mp_jul
12,4209.1817,mp_jul
3,4209.4815,mp_jul
18,4209.7812,mp_jul
18,4210.0811,mp_jul
18,4210.3809,mp_jul
18,4210.6806,mp_jul
5,4210.9804,mp_jul
22,4211.2802,mp_jul
22,4211.58,mp_jul
22,4211.8798,mp_jul
18,4212.1796,mp_jul
1,4212.4794,mp_jul
2,4212.7792,mp_jul
2,4213.0789,mp_jul
15,4213.3788,mp_jul
15,4213.6785,mp_jul
15,4213.9783,mp_jul
12,4214.278,mp_jul
15,4214.5779,mp_jul
3,4214.8777,mp_jul
17,4215.1775,mp_jul
18,4215.4772,mp_jul
17,4215.777,mp_jul
21,4216.0768,mp_jul
13,4216.3766,mp_jul
13,4216.6764,mp_jul
25,4216.9762,mp_jul
18,4217.276,mp_jul
2,4217.5758,mp_jul
15,4217.8756,mp_jul
15,4218.1753,mp_jul
15,4218.4751,mp_jul
1,4218.7749,mp_jul
2,4219.0747,mp_jul
11,4219.3745,mp_jul
2,4219.6743,mp_jul
1,4219.974,mp_jul
1,4220.2738,mp_jul
14,4220.5736,mp_jul
5,4220.8735,mp_jul
3,4221.1732,mp_jul
11,4221.473,mp_jul
11,4221.7728,mp_jul
1,4222.0725,mp_jul
3,4222.3724,mp_jul
1,4222.6721,mp_jul
11,4222.9719,mp_jul
1,4223.2717,mp_jul
3,4223.5715,mp_jul
7,4223.8712,mp_jul
7,4224.1711,mp_jul
17,4224.4709,mp_jul
7,4224.7707,mp_jul
12,4225.0704,mp_jul
6,4225.3702,mp_jul
12,4225.67,mp_jul
10,4225.9698,mp_jul
12,4226.2696,mp_jul
2,4226.5694,mp_jul
5,4226.8692,mp_jul
16,4227.169,mp_jul
3,4227.4687,mp_jul
5,4227.7685,mp_jul
1,4228.0683,mp_jul
18,4228.3681,mp_jul
18,4228.6678,mp_jul
5,4228.9677,mp_jul
1,4229.2675,mp_jul
20,4229.5673,mp_jul
20,4229.867,mp_jul
20,4230.1668,mp_jul
16,4230.4666,mp_jul
20,4230.7664,mp_jul
20,4231.0662,mp_jul
20,4231.366,mp_jul
20,4231.6658,mp_jul
20,4231.9655,mp_jul
20,4232.2653,mp_jul
3,4232.5651,mp_jul
16,4232.8649,mp_jul
25,4233.1647,mp_jul
25,4233.4645,mp_jul
8,4234.0641,mp_jul
25,4234.3638,mp_jul
14,4234.6636,mp_jul
5,4234.9634,mp_jul
1,4235.2632,mp_jul
3,4235.563,mp_jul
1,4235.8628,mp_jul
1,4236.1626,mp_jul
2,4236.4624,mp_jul
20,4236.7621,mp_jul
20,4237.062,mp_jul
20,4237.3617,mp_jul
20,4237.6615,mp_jul
20,4237.9613,mp_jul
20,4238.2611,mp_jul
3,4238.5609,mp_jul
3,4238.8606,mp_jul
18,4239.1604,mp_jul
18,4239.4602,mp_jul
1,4239.76,mp_jul
18,4240.0598,mp_jul
11,4240.3596,mp_jul
10,4240.6594,mp_jul
4,4240.9591,mp_jul
11,4241.2589,mp_jul
1,4241.5588,mp_jul
17,4241.8586,mp_jul
13,4242.1583,mp_jul
13,4242.4581,mp_jul
13,4242.758,mp_jul
17,4243.0577,mp_jul
1,4243.3574,mp_jul
2,4243.6573,mp_jul
10,4243.9571,mp_jul
11,4244.2569,mp_jul
14,4244.5566,mp_jul
14,4244.8564,mp_jul
14,4245.1562,mp_jul
14,4245.456,mp_jul
14,4245.7557,mp_jul
18,4246.0556,mp_jul
2,4246.3554,mp_jul
15,4246.6551,mp_jul
12,4246.955,mp_jul
7,4247.2548,mp_jul
7,4247.5545,mp_jul
8,4247.8543,mp_jul
1,4248.154,mp_jul
11,4248.4539,mp_jul
5,4248.7537,mp_jul
11,4249.0535,mp_jul
1,4249.3532,mp_jul
1,4249.653,mp_jul
8,4249.9528,mp_jul
8,4250.2526,mp_jul
13,4250.5524,mp_jul
13,4250.8522,mp_jul
8,4251.152,mp_jul
3,4251.4517,mp_jul
7,4251.7516,mp_jul
1,4252.0513,mp_jul
11,4252.3511,mp_jul
1,4252.6509,mp_jul
4,4252.9507,mp_jul
15,4253.2505,mp_jul
15,4253.5503,mp_jul
4,4253.85,mp_jul
2,4254.1498,mp_jul
5,4254.4496,mp_jul
11,4254.7494,mp_jul
1,4255.0492,mp_jul
1,4255.349,mp_jul
1,4255.6488,mp_jul
11,4255.9486,mp_jul
12,4256.2484,mp_jul
12,4256.5481,mp_jul
2,4256.8479,mp_jul
5,4257.1478,mp_jul
2,4257.4475,mp_jul
2,4257.7473,mp_jul
3,4258.0471,mp_jul
1,4258.3469,mp_jul
11,4258.6467,mp_jul
5,4258.9465,mp_jul
1,4259.2462,mp_jul
1,4259.546,mp_jul
5,4259.8458,mp_jul
1,4260.1456,mp_jul
1,4260.4454,mp_jul
3,4260.7452,mp_jul
18,4261.0449,mp_jul
4,4261.3447,mp_jul
4,4261.6445,mp_jul
6,4261.9443,mp_jul
2,4262.2441,mp_jul
2,4262.5439,mp_jul
5,4262.8436,mp_jul
3,4263.1435,mp_jul
18,4263.4433,mp_jul
11,4263.7431,mp_jul
15,4264.0429,mp_jul
15,4264.3427,mp_jul
5,4264.6424,mp_jul
22,4264.9422,mp_jul
18,4265.242,mp_jul
5,4265.5418,mp_jul
5,4265.8416,mp_jul
25,4266.1413,mp_jul
25,4266.4412,mp_jul
20,4266.7409,mp_jul
11,4267.0407,mp_jul
10,4267.3405,mp_jul
6,4267.6403,mp_jul
10,4267.9401,mp_jul
10,4268.2399,mp_jul
10,4268.5396,mp_jul
10,4268.8394,mp_jul
6,4269.1393,mp_jul
6,4269.439,mp_jul
6,4269.7388,mp_jul
6,4270.0386,mp_jul
17,4270.3384,mp_jul
7,4270.6381,mp_jul
6,4270.938,mp_jul
20,4271.2378,mp_jul
8,4271.5375,mp_jul
8,4271.8373,mp_jul
20,4272.1371,mp_jul
11,4272.4369,mp_jul
1,4272.7366,mp_jul
11,4273.0365,mp_jul
14,4273.3363,mp_jul
5,4273.6361,mp_jul
1,4273.9358,mp_jul
3,4274.2356,mp_jul
16,4274.5354,mp_jul
14,4274.8352,mp_jul
3,4275.135,mp_jul
11,4275.4348,mp_jul
3,4275.7346,mp_jul
14,4276.0343,mp_jul
3,4276.3341,mp_jul
5,4276.634,mp_jul
14,4276.9337,mp_jul
14,4277.2334,mp_jul
5,4277.5333,mp_jul
11,4277.8331,mp_jul
11,4278.1328,mp_jul
3,4278.4326,mp_jul
14,4278.7324,mp_jul
5,4279.0322,mp_jul
11,4279.332,mp_jul
14,4279.6318,mp_jul
5,4279.9316,mp_jul
16,4280.2313,mp_jul
5,4280.5312,mp_jul
16,4280.831,mp_jul
5,4281.1308,mp_jul
5,4281.4306,mp_jul
1,4281.7303,mp_jul
1,4282.0301,mp_jul
5,4282.3299,mp_jul
6,4282.6297,mp_jul
6,4282.9295,mp_jul
6,4283.2293,mp_jul
6,4283.5291,mp_jul
2,4283.8288,mp_jul
4,4284.1286,mp_jul
1,4284.4284,mp_jul
14,4284.7282,mp_jul
3,4285.028,mp_jul
10,4285.6276,mp_jul
12,4285.9274,mp_jul
6,4286.2271,mp_jul
12,4286.5269,mp_jul
2,4286.8267,mp_jul
2,4287.1265,mp_jul
12,4287.4262,mp_jul
4,4287.7261,mp_jul
14,4288.0259,mp_jul
3,4288.3256,mp_jul
20,4288.6255,mp_jul
20,4288.9252,mp_jul
20,4289.225,mp_jul
10,4289.5248,mp_jul
6,4289.8246,mp_jul
6,4290.1244,mp_jul
6,4290.4242,mp_jul
6,4290.7239,mp_jul
6,4291.0237,mp_jul
2,4291.3235,mp_jul
2,4291.6233,mp_jul
15,4291.9231,mp_jul
2,4292.2229,mp_jul
22,4292.5226,mp_jul
18,4292.8224,mp_jul
18,4293.1222,mp_jul
18,4293.422,mp_jul
22,4293.7218,mp_jul
22,4294.0216,mp_jul
18,4294.3214,mp_jul
18,4294.6212,mp_jul
18,4295.2207,mp_jul
18,4295.5205,mp_jul
1,4295.8203,mp_jul
15,4296.1201,mp_jul
15,4296.4199,mp_jul
15,4296.7197,mp_jul
15,4297.0195,mp_jul
2,4297.3192,mp_jul
22,4297.619,mp_jul
5,4297.9188,mp_jul
3,4298.2186,mp_jul
8,4298.5184,mp_jul
21,4298.8182,mp_jul
13,4299.1188,mp_jul
17,4299.4177,mp_jul
14,4299.7175,mp_jul
14,4300.0173,mp_jul
14,4300.3171,mp_jul
26,4300.6169,mp_jul
26,4300.9167,mp_jul
24,4301.2165,mp_jul
24,4301.5163,mp_jul
26,4301.816,mp_jul
24,4302.1158,mp_jul
24,4302.4156,mp_jul
21,4302.7153,mp_jul
26,4303.0151,mp_jul
21,4303.315,mp_jul
26,4303.6147,mp_jul
21,4303.9145,mp_jul
24,4304.2143,mp_jul
24,4304.5141,mp_jul
24,4304.814,mp_jul
24,4305.1137,mp_jul
24,4305.4135,mp_jul
19,4305.7133,mp_jul
3,4306.0131,mp_jul
3,4306.3128,mp_jul
5,4306.6126,mp_jul
18,4306.9132,mp_jul
18,4307.2122,mp_jul
16,4307.512,mp_jul
18,4307.8118,mp_jul
22,4308.1116,mp_jul
18,4308.4114,mp_jul
15,4308.7111,mp_jul
18,4309.0109,mp_jul
18,4309.3107,mp_jul
18,4309.6105,mp_jul
18,4309.9103,mp_jul
2,4310.2101,mp_jul
22,4310.5099,mp_jul
3,4310.8097,mp_jul
1,4311.1094,mp_jul
1,4311.4092,mp_jul
20,4311.709,mp_jul
24,4312.0088,mp_jul
20,4312.3086,mp_jul
20,4312.6084,mp_jul
20,4312.9082,mp_jul
3,4313.2079,mp_jul
19,4313.5077,mp_jul
16,4313.8075,mp_jul
14,4314.1073,mp_jul
14,4314.4071,mp_jul
16,4314.7068,mp_jul
25,4315.0067,mp_jul
1,4315.3064,mp_jul
7,4315.6063,mp_jul
2,4315.906,mp_jul
15,4316.2058,mp_jul
15,4316.5056,mp_jul
15,4316.8053,mp_jul
7,4317.1052,mp_jul
8,4317.405,mp_jul
17,4317.7047,mp_jul
15,4318.0045,mp_jul
15,4318.3043,mp_jul
15,4318.6041,mp_jul
2,4318.9039,mp_jul
1,4319.2036,mp_jul
3,4319.5034,mp_jul
19,4319.8032,mp_jul
16,4320.103,mp_jul
20,4320.4028,mp_jul
20,4320.7026,mp_jul
20,4321.0024,mp_jul
20,4321.3022,mp_jul
3,4321.602,mp_jul
14,4321.9017,mp_jul
1,4322.5013,mp_jul
1,4322.8011,mp_jul
14,4323.1009,mp_jul
3,4323.4007,mp_jul
3,4323.7005,mp_jul
5,4324.0003,mp_jul
2,4324.3001,mp_jul
1,4324.5999,mp_jul
3,4324.8996,mp_jul
5,4325.1995,mp_jul
3,4325.4992,mp_jul
5,4325.799,mp_jul
3,4326.0988,mp_jul
3,4326.3986,mp_jul
14,4326.6983,mp_jul
14,4326.9981,mp_jul
14,4327.2979,mp_jul
20,4327.5977,mp_jul
20,4327.8975,mp_jul
7,4328.1972,mp_jul
20,4328.4971,mp_jul
7,4328.7969,mp_jul
7,4329.0967,mp_jul
3,4329.3964,mp_jul
14,4329.6962,mp_jul
16,4329.996,mp_jul
5,4330.2958,mp_jul
3,4330.5956,mp_jul
5,4330.8954,mp_jul
20,4331.1951,mp_jul
20,4331.4949,mp_jul
20,4331.7948,mp_jul
3,4332.0945,mp_jul
3,4332.3943,mp_jul
5,4332.6941,mp_jul
5,4332.9939,mp_jul
5,4333.2937,mp_jul
3,4333.5934,mp_jul
14,4333.8932,mp_jul
5,4334.1931,mp_jul
20,4334.4929,mp_jul
3,4334.7926,mp_jul
1,4335.0924,mp_jul
5,4335.3922,mp_jul
1,4335.692,mp_jul
3,4335.9917,mp_jul
3,4336.2916,mp_jul
5,4336.5913,mp_jul
14,4336.8911,mp_jul
25,4337.1909,mp_jul
25,4337.4907,mp_jul
20,4337.7905,mp_jul
20,4338.0903,mp_jul
3,4338.3901,mp_jul
3,4338.6899,mp_jul
14,4338.9896,mp_jul
14,4339.2894,mp_jul
16,4339.5892,mp_jul
5,4339.889,mp_jul
3,4340.1887,mp_jul
20,4340.4885,mp_jul
16,4340.7884,mp_jul
20,4341.0882,mp_jul
20,4341.3879,mp_jul
20,4341.6877,mp_jul
6,4341.9875,mp_jul
20,4342.2873,mp_jul
3,4342.5871,mp_jul
3,4342.8868,mp_jul
5,4343.1867,mp_jul
2,4343.4865,mp_jul
2,4343.7862,mp_jul
6,4344.086,mp_jul
6,4344.3858,mp_jul
2,4344.6856,mp_jul
15,4344.9854,mp_jul
15,4345.2851,mp_jul
15,4345.5849,mp_jul
15,4345.8847,mp_jul
15,4346.1845,mp_jul
10,4346.4843,mp_jul
16,4346.7841,mp_jul
20,4347.084,mp_jul
16,4347.3837,mp_jul
25,4347.6835,mp_jul
25,4347.9832,mp_jul
3,4348.283,mp_jul
18,4348.5828,mp_jul
16,4348.8826,mp_jul
5,4349.1824,mp_jul
16,4349.4821,mp_jul
3,4349.7819,mp_jul
5,4350.0817,mp_jul
5,4350.3816,mp_jul
3,4350.6813,mp_jul
5,4350.9812,mp_jul
5,4351.2809,mp_jul
11,4351.5807,mp_jul
1,4351.8804,mp_jul
3,4352.1803,mp_jul
11,4352.48,mp_jul
5,4352.7798,mp_jul
3,4353.0796,mp_jul
14,4353.3794,mp_jul
14,4353.6792,mp_jul
5,4353.979,mp_jul
3,4354.2788,mp_jul
5,4354.5786,mp_jul
5,4354.8784,mp_jul
14,4355.1781,mp_jul
14,4355.4779,mp_jul
14,4355.7777,mp_jul
20,4356.0775,mp_jul
20,4356.3773,mp_jul
2,4356.6771,mp_jul
6,4356.9769,mp_jul
12,4357.2766,mp_jul
4,4357.5764,mp_jul
3,4357.8762,mp_jul
1,4358.176,mp_jul
3,4358.4758,mp_jul
5,4358.7756,mp_jul
1,4359.0754,mp_jul
5,4359.3752,mp_jul
14,4359.675,mp_jul
14,4359.9747,mp_jul
13,4360.2745,mp_jul
21,4360.5742,mp_jul
8,4360.874,mp_jul
14,4361.1739,mp_jul
25,4361.4736,mp_jul
14,4361.7734,mp_jul
25,4362.0732,mp_jul
25,4362.373,mp_jul
8,4362.6728,mp_jul
25,4362.9725,mp_jul
18,4363.2723,mp_jul
18,4363.5722,mp_jul
22,4363.8719,mp_jul
14,4364.1717,mp_jul
14,4364.4715,mp_jul
14,4364.7713,mp_jul
16,4365.0711,mp_jul
18,4365.3708,mp_jul
26,4365.6707,mp_jul
26,4365.9704,mp_jul
21,4366.2702,mp_jul
26,4366.57,mp_jul
8,4366.8698,mp_jul
22,4367.1696,mp_jul
14,4367.4693,mp_jul
16,4367.7691,mp_jul
5,4368.0689,mp_jul
25,4368.3687,mp_jul
21,4368.6685,mp_jul
8,4368.9683,mp_jul
14,4369.2681,mp_jul
14,4369.5679,mp_jul
2,4369.8677,mp_jul
6,4370.1674,mp_jul
6,4370.4672,mp_jul
17,4370.767,mp_jul
8,4371.0669,mp_jul
8,4371.3666,mp_jul
8,4371.6664,mp_jul
13,4371.9662,mp_jul
13,4372.2659,mp_jul
13,4372.5658,mp_jul
17,4372.8655,mp_jul
8,4373.1653,mp_jul
6,4373.4651,mp_jul
8,4373.7649,mp_jul
13,4374.0647,mp_jul
13,4374.3645,mp_jul
13,4374.6643,mp_jul
13,4374.964,mp_jul
12,4375.2638,mp_jul
4,4375.5636,mp_jul
3,4375.8634,mp_jul
3,4376.1632,mp_jul
17,4376.463,mp_jul
8,4376.7627,mp_jul
13,4377.0626,mp_jul
13,4377.3623,mp_jul
21,4377.6621,mp_jul
26,4377.9619,mp_jul
8,4378.2617,mp_jul
21,4378.5615,mp_jul
8,4378.8613,mp_jul
14,4379.1611,mp_jul
20,4379.4609,mp_jul
24,4379.7606,mp_jul
24,4380.0604,mp_jul
24,4380.3602,mp_jul
24,4380.66,mp_jul
10,4380.9598,mp_jul
11,4381.2596,mp_jul
3,4381.5593,mp_jul
5,4381.8591,mp_jul
17,4382.1589,mp_jul
17,4382.4588,mp_jul
25,4382.7585,mp_jul
14,4383.0582,mp_jul
2,4383.3581,mp_jul
4,4383.6579,mp_jul
2,4383.9577,mp_jul
1,4384.2575,mp_jul
4,4384.5572,mp_jul
6,4384.8571,mp_jul
6,4385.1568,mp_jul
6,4385.4566,mp_jul
6,4385.7564,mp_jul
6,4386.0562,mp_jul
6,4386.356,mp_jul
6,4386.6558,mp_jul
10,4386.9555,mp_jul
1,4387.2553,mp_jul
1,4387.5551,mp_jul
3,4387.8549,mp_jul
16,4388.1547,mp_jul
14,4388.4545,mp_jul
14,4388.7543,mp_jul
2,4389.054,mp_jul
3,4389.3539,mp_jul
1,4389.6537,mp_jul
5,4389.9534,mp_jul
5,4390.2532,mp_jul
11,4390.553,mp_jul
1,4390.8528,mp_jul
11,4391.1526,mp_jul
11,4391.4523,mp_jul
5,4391.7521,mp_jul
3,4392.0519,mp_jul
1,4392.3517,mp_jul
14,4392.6515,mp_jul
14,4392.9512,mp_jul
14,4393.2511,mp_jul
1,4393.5509,mp_jul
3,4393.8506,mp_jul
14,4394.1504,mp_jul
20,4394.4502,mp_jul
1,4394.75,mp_jul
20,4395.0498,mp_jul
20,4395.3496,mp_jul
3,4395.6494,mp_jul
5,4395.9492,mp_jul
11,4396.249,mp_jul
5,4396.5487,mp_jul
1,4396.8485,mp_jul
1,4397.1483,mp_jul
11,4397.4481,mp_jul
3,4397.7479,mp_jul
14,4398.0476,mp_jul
5,4398.3475,mp_jul
11,4398.6473,mp_jul
5,4398.947,mp_jul
5,4399.2468,mp_jul
20,4399.5466,mp_jul
20,4399.8464,mp_jul
20,4400.1462,mp_jul
20,4400.446,mp_jul
20,4400.7458,mp_jul
2,4401.0455,mp_jul
6,4401.3453,mp_jul
2,4401.6451,mp_jul
4,4401.9449,mp_jul
15,4402.2446,mp_jul
15,4402.5444,mp_jul
15,4402.8442,mp_jul
2,4403.144,mp_jul
22,4403.4438,mp_jul
22,4403.7436,mp_jul
18,4404.0434,mp_jul
18,4404.3432,mp_jul
15,4404.643,mp_jul
11,4404.9427,mp_jul
11,4405.2425,mp_jul
11,4405.5423,mp_jul
11,4405.8421,mp_jul
4,4406.1419,mp_jul
15,4406.4417,mp_jul
15,4406.7414,mp_jul
4,4407.0412,mp_jul
12,4407.3411,mp_jul
4,4407.6408,mp_jul
15,4407.9406,mp_jul
2,4408.2404,mp_jul
2,4408.5402,mp_jul
15,4408.84,mp_jul
15,4409.1397,mp_jul
15,4409.4395,mp_jul
15,4409.7393,mp_jul
15,4410.0391,mp_jul
15,4410.3389,mp_jul
15,4410.6387,mp_jul
18,4410.9384,mp_jul
18,4411.2382,mp_jul
22,4411.5381,mp_jul
15,4411.8378,mp_jul
15,4412.1376,mp_jul
15,4412.4374,mp_jul
15,4412.7372,mp_jul
15,4413.0369,mp_jul
15,4413.3367,mp_jul
2,4413.6366,mp_jul
5,4413.9363,mp_jul
18,4414.2361,mp_jul
22,4414.5359,mp_jul
5,4414.8356,mp_jul
3,4415.1355,mp_jul
5,4415.4352,mp_jul
5,4415.7351,mp_jul
1,4416.0348,mp_jul
6,4416.3346,mp_jul
2,4416.6344,mp_jul
20,4416.9342,mp_jul
20,4417.234,mp_jul
14,4417.5338,mp_jul
16,4417.8335,mp_jul
22,4418.1333,mp_jul
10,4418.4331,mp_jul
10,4418.7329,mp_jul
5,4419.0327,mp_jul
11,4419.3325,mp_jul
11,4419.6323,mp_jul
5,4419.932,mp_jul
1,4420.2318,mp_jul
2,4420.5316,mp_jul
6,4420.8314,mp_jul
6,4421.1312,mp_jul
12,4421.4309,mp_jul
20,4421.7308,mp_jul
20,4422.0306,mp_jul
20,4422.3304,mp_jul
24,4422.6301,mp_jul
24,4422.9298,mp_jul
16,4423.2296,mp_jul
14,4423.5294,mp_jul
5,4423.8292,mp_jul
5,4424.1291,mp_jul
4,4424.4288,mp_jul
5,4424.7286,mp_jul
3,4425.3281,mp_jul
18,4425.6279,mp_jul
3,4425.9277,mp_jul
18,4426.2275,mp_jul
22,4426.5273,mp_jul
22,4426.827,mp_jul
5,4427.1269,mp_jul
5,4427.4266,mp_jul
16,4427.7264,mp_jul
5,4428.0262,mp_jul
1,4428.326,mp_jul
11,4428.6258,mp_jul
2,4428.9256,mp_jul
11,4429.2253,mp_jul
2,4429.5252,mp_jul
5,4429.8249,mp_jul
5,4430.1248,mp_jul
3,4430.4244,mp_jul
18,4430.7243,mp_jul
18,4431.024,mp_jul
15,4431.3239,mp_jul
15,4431.6236,mp_jul
12,4431.9234,mp_jul
11,4432.2232,mp_jul
1,4432.523,mp_jul
12,4432.8228,mp_jul
2,4433.1226,mp_jul
14,4433.4223,mp_jul
14,4433.7222,mp_jul
16,4434.022,mp_jul
14,4434.3216,mp_jul
3,4434.6215,mp_jul
5,4434.9213,mp_jul
11,4435.2211,mp_jul
5,4435.5209,mp_jul
25,4435.8206,mp_jul
14,4436.1204,mp_jul
3,4436.4202,mp_jul
2,4436.72,mp_jul
2,4437.0198,mp_jul
4,4437.3196,mp_jul
4,4437.6194,mp_jul
1,4437.9191,mp_jul
4,4438.2189,mp_jul
12,4438.5188,mp_jul
1,4438.8185,mp_jul
11,4439.1182,mp_jul
1,4439.4181,mp_jul
15,4439.7179,mp_jul
14,4440.0177,mp_jul
14,4440.6172,mp_jul
18,4440.917,mp_jul
3,4441.5166,mp_jul
18,4441.8164,mp_jul
5,4442.1161,mp_jul
15,4442.416,mp_jul
7,4442.7157,mp_jul
12,4443.0155,mp_jul
2,4443.3153,mp_jul
12,4443.6151,mp_jul
5,4443.9149,mp_jul
5,4444.2147,mp_jul
1,4444.5145,mp_jul
5,4444.8142,mp_jul
16,4445.114,mp_jul
3,4445.4138,mp_jul
3,4445.7136,mp_jul
1,4446.0133,mp_jul
20,4446.3132,mp_jul
20,4446.613,mp_jul
8,4446.9127,mp_jul
7,4447.2125,mp_jul
20,4447.5123,mp_jul
5,4447.8121,mp_jul
2,4448.1118,mp_jul
11,4448.4116,mp_jul
2,4448.7115,mp_jul
15,4449.0112,mp_jul
15,4449.311,mp_jul
7,4449.6108,mp_jul
4,4449.9106,mp_jul
3,4450.2104,mp_jul
5,4450.5102,mp_jul
2,4450.81,mp_jul
1,4451.1097,mp_jul
2,4451.4095,mp_jul
6,4451.7093,mp_jul
2,4452.0092,mp_jul
6,4452.3089,mp_jul
6,4452.6086,mp_jul
6,4452.9084,mp_jul
17,4453.2083,mp_jul
12,4453.5081,mp_jul
20,4453.8078,mp_jul
2,4454.1076,mp_jul
2,4454.4074,mp_jul
15,4454.7071,mp_jul
17,4455.0069,mp_jul
13,4455.3068,mp_jul
13,4455.6066,mp_jul
2,4455.9063,mp_jul
15,4456.2061,mp_jul
15,4456.5059,mp_jul
15,4456.8057,mp_jul
17,4457.1055,mp_jul
13,4457.4052,mp_jul
8,4457.7051,mp_jul
17,4458.0049,mp_jul
2,4458.3046,mp_jul
17,4458.6044,mp_jul
13,4458.9042,mp_jul
13,4459.204,mp_jul
8,4459.5038,mp_jul
13,4459.8036,mp_jul
8,4460.1034,mp_jul
15,4460.4031,mp_jul
11,4460.7029,mp_jul
3,4461.0027,mp_jul
14,4461.3024,mp_jul
11,4461.6023,mp_jul
15,4461.9021,mp_jul
12,4462.2019,mp_jul
7,4462.5016,mp_jul
15,4462.8014,mp_jul
15,4463.1012,mp_jul
15,4463.401,mp_jul
15,4463.7008,mp_jul
3,4464.0005,mp_jul
3,4464.3003,mp_jul
11,4464.6002,mp_jul
2,4464.8999,mp_jul
20,4465.1997,mp_jul
20,4465.4995,mp_jul
25,4465.7993,mp_jul
20,4466.0991,mp_jul
3,4466.3989,mp_jul
20,4466.6987,mp_jul
20,4466.9985,mp_jul
20,4467.2982,mp_jul
20,4467.598,mp_jul
20,4467.8979,mp_jul
5,4468.1977,mp_jul
15,4468.4974,mp_jul
15,4468.7972,mp_jul
15,4469.097,mp_jul
15,4469.3967,mp_jul
15,4469.6965,mp_jul
15,4469.9963,mp_jul
15,4470.2961,mp_jul
15,4470.5959,mp_jul
15,4470.8957,mp_jul
15,4471.1954,mp_jul
2,4471.4952,mp_jul
15,4471.795,mp_jul
15,4472.0948,mp_jul
15,4472.3946,mp_jul
15,4472.6944,mp_jul
15,4472.9942,mp_jul
15,4473.2939,mp_jul
11,4473.5937,mp_jul
4,4473.8935,mp_jul
20,4474.1933,mp_jul
20,4474.4931,mp_jul
20,4474.7929,mp_jul
20,4475.0927,mp_jul
3,4475.3925,mp_jul
11,4475.6922,mp_jul
11,4475.992,mp_jul
5,4476.2919,mp_jul
3,4476.5916,mp_jul
5,4476.8914,mp_jul
5,4477.1912,mp_jul
3,4477.491,mp_jul
8,4477.7907,mp_jul
8,4478.0905,mp_jul
25,4478.3903,mp_jul
3,4478.6901,mp_jul
11,4478.9899,mp_jul
1,4479.2897,mp_jul
11,4479.5895,mp_jul
4,4479.8893,mp_jul
11,4480.189,mp_jul
1,4480.4889,mp_jul
4,4480.7886,mp_jul
12,4481.0884,mp_jul
3,4481.3882,mp_jul
3,4481.688,mp_jul
14,4481.9878,mp_jul
5,4482.2876,mp_jul
3,4482.5874,mp_jul
2,4482.8871,mp_jul
1,4483.1869,mp_jul
14,4483.4867,mp_jul
5,4483.7865,mp_jul
1,4484.0863,mp_jul
11,4484.3861,mp_jul
5,4484.6859,mp_jul
16,4484.9856,mp_jul
18,4485.2854,mp_jul
22,4485.5852,mp_jul
22,4485.885,mp_jul
18,4486.1848,mp_jul
18,4486.4845,mp_jul
14,4486.7843,mp_jul
1,4487.0842,mp_jul
4,4487.3839,mp_jul
2,4487.6837,mp_jul
7,4487.9835,mp_jul
8,4488.2833,mp_jul
7,4488.583,mp_jul
5,4488.8829,mp_jul
16,4489.1827,mp_jul
18,4489.4824,mp_jul
18,4489.7822,mp_jul
22,4490.082,mp_jul
14,4490.3818,mp_jul
1,4490.6816,mp_jul
4,4490.9813,mp_jul
1,4491.2812,mp_jul
4,4491.5809,mp_jul
4,4491.8807,mp_jul
12,4492.1805,mp_jul
12,4492.4803,mp_jul
12,4492.7801,mp_jul
12,4493.0799,mp_jul
12,4493.3797,mp_jul
12,4493.6795,mp_jul
7,4493.9792,mp_jul
12,4494.279,mp_jul
12,4494.5788,mp_jul
4,4494.8786,mp_jul
4,4495.1784,mp_jul
4,4495.4781,mp_jul
4,4495.778,mp_jul
12,4496.0778,mp_jul
12,4496.3776,mp_jul
12,4496.6773,mp_jul
12,4496.9771,mp_jul
12,4497.2769,mp_jul
12,4497.5767,mp_jul
12,4497.8765,mp_jul
2,4498.1763,mp_jul
4,4498.476,mp_jul
12,4498.7758,mp_jul
4,4499.0756,mp_jul
1,4499.3754,mp_jul
12,4499.6752,mp_jul
2,4499.975,mp_jul
1,4500.2748,mp_jul
1,4500.5746,mp_jul
14,4500.8744,mp_jul
5,4501.1741,mp_jul
1,4501.4739,mp_jul
11,4501.7737,mp_jul
5,4502.0735,mp_jul
5,4502.3733,mp_jul
16,4502.673,mp_jul
1,4502.9728,mp_jul
11,4503.2727,mp_jul
1,4503.5725,mp_jul
11,4503.8722,mp_jul
11,4504.172,mp_jul
1,4504.4718,mp_jul
3,4504.7716,mp_jul
5,4505.0713,mp_jul
11,4505.3712,mp_jul
5,4505.6709,mp_jul
11,4505.9707,mp_jul
5,4506.2705,mp_jul
3,4506.5703,mp_jul
5,4506.8701,mp_jul
1,4507.1699,mp_jul
11,4507.4697,mp_jul
1,4507.7694,mp_jul
12,4508.0692,mp_jul
5,4508.369,mp_jul
18,4508.6688,mp_jul
15,4508.9686,mp_jul
22,4509.2684,mp_jul
14,4509.5682,mp_jul
25,4509.868,mp_jul
3,4510.1677,mp_jul
2,4510.4676,mp_jul
11,4510.7673,mp_jul
4,4511.0671,mp_jul
11,4511.3669,mp_jul
4,4511.6666,mp_jul
11,4511.9665,mp_jul
11,4512.2663,mp_jul
7,4512.566,mp_jul
8,4512.8658,mp_jul
8,4513.1656,mp_jul
17,4513.4654,mp_jul
12,4513.7652,mp_jul
3,4514.3647,mp_jul
18,4514.6645,mp_jul
22,4514.9643,mp_jul
18,4515.2641,mp_jul
7,4515.5639,mp_jul
18,4515.8637,mp_jul
1,4516.1635,mp_jul
2,4516.4633,mp_jul
1,4517.0628,mp_jul
1,4517.3627,mp_jul
18,4517.6624,mp_jul
2,4517.9622,mp_jul
11,4518.262,mp_jul
4,4518.5618,mp_jul
1,4518.8616,mp_jul
1,4519.1613,mp_jul
1,4519.4611,mp_jul
17,4519.7609,mp_jul
2,4520.0607,mp_jul
17,4520.3605,mp_jul
17,4520.6603,mp_jul
2,4520.9601,mp_jul
1,4521.2598,mp_jul
11,4521.5596,mp_jul
2,4521.8595,mp_jul
2,4522.1593,mp_jul
6,4522.4591,mp_jul
6,4522.7588,mp_jul
6,4523.0586,mp_jul
6,4523.3584,mp_jul
20,4523.6582,mp_jul
20,4523.958,mp_jul
16,4524.2577,mp_jul
5,4524.5575,mp_jul
5,4524.8573,mp_jul
2,4525.1571,mp_jul
5,4525.4569,mp_jul
1,4525.7567,mp_jul
2,4526.0564,mp_jul
11,4526.3563,mp_jul
1,4526.6561,mp_jul
3,4526.9558,mp_jul
9,4527.2556,mp_jul
9,4527.5554,mp_jul
9,4527.8552,mp_jul
9,4528.155,mp_jul
9,4528.4548,mp_jul
9,4528.7545,mp_jul
9,4529.0543,mp_jul
9,4529.3541,mp_jul
9,4529.6539,mp_jul
9,4529.9537,mp_jul
9,4530.2535,mp_jul
9,4530.5532,mp_jul
9,4530.853,mp_jul
9,4531.1528,mp_jul
9,4531.4526,mp_jul
9,4531.7524,mp_jul
9,4532.0522,mp_jul
9,4532.3519,mp_jul
9,4532.6517,mp_jul
9,4532.9515,mp_jul
9,4533.2513,mp_jul
9,4533.5511,mp_jul
9,4533.8509,mp_jul
9,4534.1507,mp_jul
9,4534.4504,mp_jul
9,4534.7502,mp_jul
9,4535.05,mp_jul
9,4535.3498,mp_jul
9,4535.6496,mp_jul
9,4535.9493,mp_jul
9,4536.2492,mp_jul
9,4536.549,mp_jul
9,4536.8487,mp_jul
9,4537.1485,mp_jul
9,4537.4483,mp_jul
9,4537.7481,mp_jul
9,4538.0478,mp_jul
9,4538.3476,mp_jul
22,4538.6474,mp_jul
2,4538.9473,mp_jul
1,4539.247,mp_jul
1,4539.5468,mp_jul
5,4539.8466,mp_jul
1,4540.1464,mp_jul
7,4540.4462,mp_jul
1,4540.7459,mp_jul
8,4541.0457,mp_jul
13,4541.3455,mp_jul
8,4541.6453,mp_jul
17,4541.9451,mp_jul
7,4542.2448,mp_jul
6,4542.5446,mp_jul
17,4542.8444,mp_jul
7,4543.1442,mp_jul
17,4543.444,mp_jul
8,4543.7438,mp_jul
2,4544.0436,mp_jul
2,4544.3434,mp_jul
1,4544.6432,mp_jul
6,4544.9429,mp_jul
10,4545.2428,mp_jul
6,4545.8423,mp_jul
6,4546.1421,mp_jul
16,4546.4418,mp_jul
14,4546.7416,mp_jul
14,4547.0414,mp_jul
14,4547.3412,mp_jul
5,4547.641,mp_jul
8,4547.9408,mp_jul
17,4548.2405,mp_jul
6,4548.5404,mp_jul
12,4548.8401,mp_jul
17,4549.1399,mp_jul
3,4549.4397,mp_jul
14,4549.7396,mp_jul
14,4550.0393,mp_jul
2,4550.339,mp_jul
11,4550.6388,mp_jul
11,4550.9387,mp_jul
2,4551.2384,mp_jul
12,4551.5382,mp_jul
11,4551.838,mp_jul
16,4552.1378,mp_jul
16,4552.4375,mp_jul
16,4552.7373,mp_jul
16,4553.0371,mp_jul
3,4553.3369,mp_jul
3,4553.6367,mp_jul
14,4553.9365,mp_jul
16,4554.2363,mp_jul
16,4554.5361,mp_jul
16,4554.8358,mp_jul
16,4555.1356,mp_jul
5,4555.4404,mp_jul
11,4555.7352,mp_jul
14,4556.035,mp_jul
20,4556.3348,mp_jul
20,4556.6346,mp_jul
2,4556.9344,mp_jul
2,4557.2342,mp_jul
12,4557.534,mp_jul
15,4557.8337,mp_jul
8,4558.1335,mp_jul
17,4558.4333,mp_jul
15,4558.733,mp_jul
15,4559.0328,mp_jul
5,4559.3327,mp_jul
3,4559.6324,mp_jul
14,4559.9323,mp_jul
3,4560.232,mp_jul
5,4560.5318,mp_jul
1,4560.8316,mp_jul
1,4561.1314,mp_jul
3,4561.4311,mp_jul
18,4561.7309,mp_jul
18,4562.0307,mp_jul
18,4562.3304,mp_jul
8,4562.6303,mp_jul
25,4562.93,mp_jul
16,4563.2298,mp_jul
18,4563.5296,mp_jul
18,4563.8294,mp_jul
18,4564.1292,mp_jul
1,4564.429,mp_jul
1,4564.7288,mp_jul
7,4565.0285,mp_jul
15,4565.3283,mp_jul
2,4565.6281,mp_jul
12,4565.9279,mp_jul
1,4566.2277,mp_jul
15,4566.5275,mp_jul
2,4566.8273,mp_jul
15,4567.1271,mp_jul
15,4567.4268,mp_jul
12,4567.7267,mp_jul
15,4568.0264,mp_jul
15,4568.3262,mp_jul
17,4568.626,mp_jul
7,4568.9258,mp_jul
17,4569.2256,mp_jul
13,4569.5254,mp_jul
7,4569.8252,mp_jul
5,4570.1249,mp_jul
15,4570.4247,mp_jul
7,4570.7244,mp_jul
1,4571.0243,mp_jul
12,4571.324,mp_jul
13,4571.6239,mp_jul
8,4571.9236,mp_jul
1,4572.2234,mp_jul
2,4572.5232,mp_jul
11,4572.823,mp_jul
15,4573.1228,mp_jul
4,4573.4226,mp_jul
15,4573.7223,mp_jul
1,4574.0221,mp_jul
15,4574.3219,mp_jul
4,4574.6217,mp_jul
10,4574.9215,mp_jul
6,4575.2213,mp_jul
6,4575.5211,mp_jul
6,4575.8209,mp_jul
6,4576.1206,mp_jul
6,4576.4204,mp_jul
6,4576.7202,mp_jul
6,4577.02,mp_jul
10,4577.3197,mp_jul
10,4577.6196,mp_jul
10,4577.9194,mp_jul
20,4578.2191,mp_jul
14,4578.5189,mp_jul
20,4578.8187,mp_jul
16,4579.1185,mp_jul
5,4579.4183,mp_jul
1,4579.7181,mp_jul
11,4580.0179,mp_jul
17,4580.3177,mp_jul
7,4580.6174,mp_jul
5,4580.9172,mp_jul
3,4581.217,mp_jul
22,4581.5168,mp_jul
18,4581.8166,mp_jul
18,4582.1164,mp_jul
7,4582.4162,mp_jul
5,4582.7159,mp_jul
15,4583.0157,mp_jul
2,4583.3155,mp_jul
2,4583.6153,mp_jul
18,4583.9151,mp_jul
15,4584.2149,mp_jul
11,4584.5147,mp_jul
15,4584.8145,mp_jul
15,4585.1142,mp_jul
7,4585.414,mp_jul
7,4585.7138,mp_jul
15,4586.0136,mp_jul
15,4586.3134,mp_jul
15,4586.6132,mp_jul
4,4586.9129,mp_jul
12,4587.2127,mp_jul
2,4587.5125,mp_jul
15,4587.8123,mp_jul
15,4588.1121,mp_jul
15,4588.4119,mp_jul
15,4588.7117,mp_jul
15,4589.0114,mp_jul
15,4589.3113,mp_jul
15,4589.6111,mp_jul
15,4589.9108,mp_jul
15,4590.2107,mp_jul
13,4590.5104,mp_jul
13,4590.8102,mp_jul
13,4591.11,mp_jul
13,4591.4098,mp_jul
13,4591.7095,mp_jul
17,4592.0093,mp_jul
1,4592.3092,mp_jul
15,4592.6089,mp_jul
15,4592.9087,mp_jul
15,4593.2084,mp_jul
2,4593.5083,mp_jul
2,4593.808,mp_jul
7,4594.1078,mp_jul
2,4594.4076,mp_jul
15,4594.7074,mp_jul
15,4595.0072,mp_jul
15,4595.307,mp_jul
15,4595.6067,mp_jul
15,4595.9066,mp_jul
4,4596.2064,mp_jul
15,4596.5061,mp_jul
2,4596.8059,mp_jul
15,4597.1057,mp_jul
15,4597.4055,mp_jul
18,4597.7052,mp_jul
18,4598.005,mp_jul
17,4598.3048,mp_jul
26,4598.6046,mp_jul
13,4598.9044,mp_jul
25,4599.2042,mp_jul
5,4599.504,mp_jul
2,4599.8038,mp_jul
3,4600.1035,mp_jul
11,4600.4034,mp_jul
11,4600.7031,mp_jul
11,4601.0029,mp_jul
1,4601.3027,mp_jul
2,4601.6025,mp_jul
5,4601.9023,mp_jul
1,4602.202,mp_jul
11,4602.5019,mp_jul
1,4602.8016,mp_jul
1,4603.1014,mp_jul
1,4603.4012,mp_jul
1,4603.701,mp_jul
5,4604.0008,mp_jul
1,4604.3005,mp_jul
5,4604.6004,mp_jul
1,4604.9002,mp_jul
5,4605.1999,mp_jul
1,4605.4998,mp_jul
1,4605.7995,mp_jul
11,4606.0993,mp_jul
11,4606.3991,mp_jul
1,4606.6989,mp_jul
2,4606.9987,mp_jul
6,4607.2984,mp_jul
6,4607.5982,mp_jul
1,4607.8981,mp_jul
17,4608.1978,mp_jul
13,4608.4976,mp_jul
13,4608.7974,mp_jul
17,4609.0972,mp_jul
1,4609.397,mp_jul
2,4609.6968,mp_jul
10,4609.9965,mp_jul
10,4610.2964,mp_jul
10,4610.5961,mp_jul
6,4610.8959,mp_jul
6,4611.1957,mp_jul
10,4611.4955,mp_jul
10,4611.7953,mp_jul
6,4612.0951,mp_jul
6,4612.3948,mp_jul
6,4612.6946,mp_jul
6,4612.9944,mp_jul
6,4613.2942,mp_jul
6,4613.594,mp_jul
2,4613.8938,mp_jul
2,4614.1936,mp_jul
12,4614.4933,mp_jul
12,4614.7932,mp_jul
12,4615.0929,mp_jul
12,4615.3927,mp_jul
12,4615.6925,mp_jul
10,4615.9923,mp_jul
14,4616.2921,mp_jul
14,4616.5918,mp_jul
14,4616.8916,mp_jul
19,4617.1915,mp_jul
16,4617.4912,mp_jul
20,4617.791,mp_jul
16,4618.0908,mp_jul
16,4618.3906,mp_jul
22,4618.6903,mp_jul
22,4618.9901,mp_jul
1,4619.2899,mp_jul
11,4619.5897,mp_jul
3,4619.8895,mp_jul
16,4620.1893,mp_jul
3,4620.4891,mp_jul
5,4620.7889,mp_jul
5,4621.0886,mp_jul
3,4621.3884,mp_jul
5,4621.6882,mp_jul
3,4621.988,mp_jul
5,4622.2878,mp_jul
20,4622.5876,mp_jul
3,4622.8874,mp_jul
20,4623.1872,mp_jul
10,4623.487,mp_jul
20,4623.7868,mp_jul
20,4624.0865,mp_jul
13,4624.3863,mp_jul
8,4624.6861,mp_jul
20,4624.9859,mp_jul
20,4625.2857,mp_jul
20,4625.5855,mp_jul
20,4625.8852,mp_jul
20,4626.185,mp_jul
20,4626.4848,mp_jul
20,4626.7845,mp_jul
20,4627.0844,mp_jul
10,4627.3841,mp_jul
8,4627.684,mp_jul
17,4627.9837,mp_jul
1,4628.2836,mp_jul
5,4628.5833,mp_jul
5,4628.8831,mp_jul
3,4629.1829,mp_jul
3,4629.4827,mp_jul
14,4630.0822,mp_jul
14,4630.382,mp_jul
1,4630.6818,mp_jul
5,4630.9816,mp_jul
25,4631.2814,mp_jul
5,4631.5812,mp_jul
16,4631.8809,mp_jul
3,4632.1808,mp_jul
1,4632.4806,mp_jul
1,4632.7803,mp_jul
11,4633.0801,mp_jul
5,4633.3799,mp_jul
14,4633.6797,mp_jul
3,4633.9795,mp_jul
5,4634.2793,mp_jul
17,4634.579,mp_jul
17,4634.8788,mp_jul
20,4635.1786,mp_jul
2,4635.4784,mp_jul
10,4635.7782,mp_jul
10,4636.078,mp_jul
3,4636.3778,mp_jul
14,4636.6776,mp_jul
16,4636.9773,mp_jul
18,4637.2771,mp_jul
22,4637.5769,mp_jul
18,4637.8767,mp_jul
15,4638.1765,mp_jul
12,4638.4762,mp_jul
8,4638.7761,mp_jul
8,4639.0758,mp_jul
7,4639.3756,mp_jul
2,4639.6754,mp_jul
5,4639.9752,mp_jul
16,4640.275,mp_jul
14,4640.5748,mp_jul
3,4640.8745,mp_jul
18,4641.1743,mp_jul
18,4641.4741,mp_jul
22,4641.7739,mp_jul
1,4642.0737,mp_jul
15,4642.3734,mp_jul
12,4642.6732,mp_jul
15,4642.9731,mp_jul
5,4643.2728,mp_jul
14,4643.5726,mp_jul
14,4643.8724,mp_jul
20,4644.1721,mp_jul
20,4644.472,mp_jul
20,4644.7718,mp_jul
16,4645.0716,mp_jul
25,4645.3714,mp_jul
16,4645.6711,mp_jul
18,4645.9709,mp_jul
18,4646.2707,mp_jul
13,4646.5705,mp_jul
21,4646.8703,mp_jul
21,4647.1701,mp_jul
21,4647.4699,mp_jul
21,4647.7696,mp_jul
21,4648.0694,mp_jul
21,4648.3692,mp_jul
21,4648.6689,mp_jul
21,4648.9688,mp_jul
26,4649.2685,mp_jul
25,4649.5683,mp_jul
22,4649.8681,mp_jul
1,4650.1679,mp_jul
2,4650.4677,mp_jul
12,4650.7675,mp_jul
2,4651.0673,mp_jul
2,4651.3671,mp_jul
10,4651.6668,mp_jul
2,4651.9667,mp_jul
24,4652.2664,mp_jul
24,4652.5662,mp_jul
24,4652.866,mp_jul
24,4653.1658,mp_jul
24,4653.4655,mp_jul
20,4653.7654,mp_jul
20,4654.0651,mp_jul
6,4654.3649,mp_jul
6,4654.6647,mp_jul
6,4654.9645,mp_jul
6,4655.2643,mp_jul
6,4655.5641,mp_jul
6,4655.8639,mp_jul
6,4656.4634,mp_jul
6,4656.7632,mp_jul
6,4657.063,mp_jul
10,4657.3628,mp_jul
20,4657.6625,mp_jul
3,4657.9624,mp_jul
11,4658.2621,mp_jul
11,4658.5619,mp_jul
2,4658.8617,mp_jul
2,4659.1615,mp_jul
4,4659.4613,mp_jul
4,4659.7611,mp_jul
4,4660.0609,mp_jul
12,4660.3606,mp_jul
12,4660.6605,mp_jul
12,4660.9602,mp_jul
4,4661.26,mp_jul
4,4661.5598,mp_jul
12,4661.8596,mp_jul
4,4662.1594,mp_jul
12,4662.4591,mp_jul
1,4662.7589,mp_jul
5,4663.0587,mp_jul
1,4663.3585,mp_jul
16,4663.6583,mp_jul
3,4663.9581,mp_jul
5,4664.2579,mp_jul
14,4664.5577,mp_jul
14,4664.8575,mp_jul
11,4665.1572,mp_jul
1,4665.457,mp_jul
11,4665.7568,mp_jul
16,4666.0565,mp_jul
14,4666.3564,mp_jul
14,4666.6562,mp_jul
14,4666.9559,mp_jul
16,4667.2557,mp_jul
3,4667.5555,mp_jul
11,4667.8553,mp_jul
11,4668.155,mp_jul
4,4668.4548,mp_jul
4,4668.7546,mp_jul
11,4669.0545,mp_jul
3,4669.3542,mp_jul
3,4669.654,mp_jul
3,4669.9538,mp_jul
8,4670.2536,mp_jul
7,4670.5534,mp_jul
1,4670.8531,mp_jul
12,4671.1529,mp_jul
7,4671.4527,mp_jul
2,4671.7525,mp_jul
2,4672.0523,mp_jul
4,4672.3521,mp_jul
4,4672.6518,mp_jul
4,4672.9516,mp_jul
1,4673.2514,mp_jul
1,4673.5513,mp_jul
16,4673.851,mp_jul
5,4674.1508,mp_jul
1,4674.4506,mp_jul
12,4674.7504,mp_jul
2,4675.0502,mp_jul
2,4675.35,mp_jul
11,4675.6498,mp_jul
5,4675.9495,mp_jul
14,4676.2493,mp_jul
3,4676.5491,mp_jul
1,4676.8489,mp_jul
4,4677.1487,mp_jul
11,4677.4484,mp_jul
17,4677.7483,mp_jul
17,4678.048,mp_jul
8,4678.3478,mp_jul
13,4678.6476,mp_jul
7,4678.9474,mp_jul
17,4679.2472,mp_jul
8,4679.547,mp_jul
17,4679.8468,mp_jul
1,4680.1466,mp_jul
5,4680.4463,mp_jul
3,4680.7461,mp_jul
11,4681.0459,mp_jul
14,4681.3457,mp_jul
5,4681.6455,mp_jul
11,4681.9453,mp_jul
16,4682.245,mp_jul
18,4682.5448,mp_jul
18,4682.8446,mp_jul
25,4683.1444,mp_jul
11,4683.4442,mp_jul
4,4683.7439,mp_jul
12,4684.0438,mp_jul
7,4684.3436,mp_jul
10,4684.6434,mp_jul
6,4684.9431,mp_jul
6,4685.2429,mp_jul
8,4685.5427,mp_jul
6,4685.8425,mp_jul
6,4686.1423,mp_jul
5,4686.442,mp_jul
1,4686.7419,mp_jul
1,4687.0416,mp_jul
5,4687.3414,mp_jul
1,4687.6412,mp_jul
7,4687.9411,mp_jul
1,4688.2408,mp_jul
12,4688.5406,mp_jul
7,4688.8404,mp_jul
8,4689.1402,mp_jul
1,4689.4399,mp_jul
5,4689.7397,mp_jul
3,4690.0395,mp_jul
16,4690.3393,mp_jul
14,4690.639,mp_jul
5,4690.9389,mp_jul
16,4691.2387,mp_jul
16,4691.5384,mp_jul
1,4691.8382,mp_jul
1,4692.138,mp_jul
10,4692.4378,mp_jul
4,4692.7376,mp_jul
1,4693.0374,mp_jul
4,4693.3371,mp_jul
4,4693.637,mp_jul
6,4693.9367,mp_jul
4,4694.2365,mp_jul
4,4694.5363,mp_jul
2,4694.8361,mp_jul
2,4695.1359,mp_jul
12,4695.4357,mp_jul
4,4695.7355,mp_jul
4,4696.0353,mp_jul
4,4696.335,mp_jul
12,4696.6348,mp_jul
2,4696.9346,mp_jul
3,4697.2343,mp_jul
1,4697.5341,mp_jul
11,4697.8339,mp_jul
4,4698.1337,mp_jul
2,4698.4335,mp_jul
2,4698.7333,mp_jul
7,4699.0331,mp_jul
8,4699.3329,mp_jul
2,4699.6327,mp_jul
11,4699.9324,mp_jul
4,4700.2323,mp_jul
12,4700.532,mp_jul
7,4700.8318,mp_jul
4,4701.1316,mp_jul
4,4701.4314,mp_jul
2,4701.7312,mp_jul
4,4702.0309,mp_jul
4,4702.3308,mp_jul
2,4702.6305,mp_jul
4,4702.9303,mp_jul
4,4703.23,mp_jul
4,4703.5299,mp_jul
11,4703.8297,mp_jul
6,4704.1295,mp_jul
4,4704.4293,mp_jul
12,4704.7291,mp_jul
12,4705.0288,mp_jul
12,4705.3286,mp_jul
12,4705.6284,mp_jul
2,4705.9282,mp_jul
12,4706.228,mp_jul
12,4706.5277,mp_jul
2,4706.8276,mp_jul
15,4707.1273,mp_jul
17,4707.4271,mp_jul
15,4707.7269,mp_jul
15,4708.0267,mp_jul
15,4708.3265,mp_jul
15,4708.6263,mp_jul
10,4708.9261,mp_jul
10,4709.2259,mp_jul
10,4709.5256,mp_jul
6,4709.8254,mp_jul
6,4710.1252,mp_jul
6,4710.425,mp_jul
12,4710.7248,mp_jul
12,4711.0246,mp_jul
12,4711.3244,mp_jul
12,4711.6241,mp_jul
12,4711.9239,mp_jul
12,4712.2238,mp_jul
12,4712.5235,mp_jul
12,4712.8233,mp_jul
4,4713.1231,mp_jul
12,4713.4229,mp_jul
4,4713.7227,mp_jul
12,4714.0225,mp_jul
4,4714.3222,mp_jul
4,4714.622,mp_jul
2,4714.9218,mp_jul
4,4715.2216,mp_jul
12,4715.5214,mp_jul
4,4715.8212,mp_jul
2,4716.121,mp_jul
12,4716.4207,mp_jul
12,4716.7205,mp_jul
2,4717.0203,mp_jul
4,4717.3202,mp_jul
4,4717.6199,mp_jul
10,4717.9197,mp_jul
6,4718.2195,mp_jul
6,4718.5193,mp_jul
6,4718.819,mp_jul
7,4719.1189,mp_jul
12,4719.4186,mp_jul
6,4719.7184,mp_jul
6,4720.0182,mp_jul
6,4720.318,mp_jul
2,4720.6178,mp_jul
12,4720.9175,mp_jul
4,4721.2173,mp_jul
12,4721.5171,mp_jul
12,4721.8169,mp_jul
12,4722.1167,mp_jul
12,4722.4165,mp_jul
4,4722.7163,mp_jul
1,4723.0161,mp_jul
11,4723.3159,mp_jul
4,4723.6157,mp_jul
10,4723.9155,mp_jul
6,4724.2152,mp_jul
6,4724.515,mp_jul
6,4724.8148,mp_jul
12,4725.1146,mp_jul
6,4725.4144,mp_jul
12,4725.7142,mp_jul
12,4726.0139,mp_jul
12,4726.3138,mp_jul
2,4726.6135,mp_jul
12,4726.9133,mp_jul
12,4727.2131,mp_jul
12,4727.5129,mp_jul
12,4727.8127,mp_jul
4,4728.1124,mp_jul
12,4728.4123,mp_jul
6,4728.712,mp_jul
10,4729.0119,mp_jul
6,4729.3116,mp_jul
12,4729.6115,mp_jul
2,4729.9112,mp_jul
4,4730.2109,mp_jul
1,4730.5108,mp_jul
3,4730.8106,mp_jul
5,4731.1103,mp_jul
1,4731.4101,mp_jul
5,4731.71,mp_jul
2,4732.0097,mp_jul
4,4732.3095,mp_jul
4,4732.6093,mp_jul
12,4732.9091,mp_jul
12,4733.2089,mp_jul
12,4733.5087,mp_jul
2,4733.8085,mp_jul
12,4734.1083,mp_jul
12,4734.408,mp_jul
12,4734.7078,mp_jul
12,4735.0076,mp_jul
7,4735.3074,mp_jul
12,4735.6072,mp_jul
17,4735.9069,mp_jul
7,4736.2068,mp_jul
4,4736.5066,mp_jul
2,4736.8063,mp_jul
4,4737.1061,mp_jul
4,4737.4059,mp_jul
12,4737.7058,mp_jul
4,4738.0055,mp_jul
17,4738.3053,mp_jul
15,4738.6051,mp_jul
15,4738.9049,mp_jul
15,4739.2047,mp_jul
15,4739.5044,mp_jul
15,4739.8043,mp_jul
15,4740.1041,mp_jul
15,4740.4038,mp_jul
15,4740.7036,mp_jul
11,4741.0034,mp_jul
5,4741.3032,mp_jul
14,4741.6029,mp_jul
1,4741.9028,mp_jul
1,4742.2026,mp_jul
8,4742.5023,mp_jul
12,4742.8021,mp_jul
12,4743.102,mp_jul
12,4743.4017,mp_jul
12,4743.7015,mp_jul
12,4744.0013,mp_jul
12,4744.3011,mp_jul
15,4744.6009,mp_jul
4,4744.9006,mp_jul
4,4745.2005,mp_jul
12,4745.5002,mp_jul
2,4745.8,mp_jul
12,4746.0998,mp_jul
4,4746.3996,mp_jul
4,4746.6995,mp_jul
4,4746.9992,mp_jul
12,4747.299,mp_jul
12,4747.5988,mp_jul
12,4747.8986,mp_jul
4,4748.1983,mp_jul
12,4748.4981,mp_jul
15,4748.7979,mp_jul
15,4749.0977,mp_jul
15,4749.3975,mp_jul
15,4749.6973,mp_jul
15,4749.9971,mp_jul
15,4750.2969,mp_jul
15,4750.5967,mp_jul
12,4750.8964,mp_jul
1,4751.1962,mp_jul
3,4751.496,mp_jul
5,4751.7958,mp_jul
1,4752.0956,mp_jul
14,4752.3954,mp_jul
20,4752.6952,mp_jul
3,4752.995,mp_jul
1,4753.2948,mp_jul
3,4753.5945,mp_jul
3,4753.8944,mp_jul
1,4754.1941,mp_jul
12,4754.4939,mp_jul
4,4754.7937,mp_jul
4,4755.0935,mp_jul
12,4755.3933,mp_jul
2,4755.6931,mp_jul
7,4755.9929,mp_jul
13,4756.2927,mp_jul
7,4756.5924,mp_jul
13,4756.8922,mp_jul
17,4757.1921,mp_jul
8,4757.4918,mp_jul
13,4757.7916,mp_jul
17,4758.0914,mp_jul
7,4758.3912,mp_jul
2,4758.691,mp_jul
4,4758.9908,mp_jul
4,4759.2906,mp_jul
4,4759.5903,mp_jul
12,4759.8901,mp_jul
4,4760.1899,mp_jul
4,4760.4897,mp_jul
4,4760.7895,mp_jul
4,4761.0893,mp_jul
4,4761.389,mp_jul
2,4761.6889,mp_jul
5,4761.9886,mp_jul
1,4762.2884,mp_jul
5,4762.5883,mp_jul
11,4762.888,mp_jul
7,4763.1878,mp_jul
17,4763.4876,mp_jul
17,4763.7874,mp_jul
7,4764.0872,mp_jul
8,4764.387,mp_jul
8,4764.6868,mp_jul
8,4764.9865,mp_jul
7,4765.2863,mp_jul
2,4765.5862,mp_jul
4,4765.8859,mp_jul
4,4766.1857,mp_jul
4,4766.4855,mp_jul
4,4766.7853,mp_jul
2,4767.0851,mp_jul
12,4767.3848,mp_jul
12,4767.6846,mp_jul
4,4767.9844,mp_jul
3,4768.2842,mp_jul
14,4768.584,mp_jul
1,4768.8838,mp_jul
8,4769.1836,mp_jul
7,4769.4834,mp_jul
1,4769.7832,mp_jul
3,4770.0829,mp_jul
22,4770.3828,mp_jul
18,4770.6825,mp_jul
3,4770.9823,mp_jul
3,4771.2821,mp_jul
11,4771.5819,mp_jul
11,4771.8817,mp_jul
11,4772.1815,mp_jul
4,4772.4813,mp_jul
2,4772.7811,mp_jul
4,4773.0809,mp_jul
12,4773.3806,mp_jul
2,4773.6804,mp_jul
4,4773.9802,mp_jul
4,4774.28,mp_jul
4,4774.5798,mp_jul
7,4774.8796,mp_jul
7,4775.1794,mp_jul
11,4775.4792,mp_jul
4,4775.779,mp_jul
12,4776.0788,mp_jul
2,4776.3785,mp_jul
14,4776.6783,mp_jul
5,4776.9781,mp_jul
5,4777.2779,mp_jul
5,4777.5777,mp_jul
3,4777.8774,mp_jul
1,4778.1772,mp_jul
3,4778.477,mp_jul
1,4778.7768,mp_jul
1,4779.0766,mp_jul
1,4779.3764,mp_jul
1,4779.6762,mp_jul
1,4779.976,mp_jul
1,4780.2758,mp_jul
11,4780.5756,mp_jul
1,4780.8753,mp_jul
25,4781.1751,mp_jul
14,4781.4749,mp_jul
14,4781.7747,mp_jul
7,4782.0745,mp_jul
13,4782.3743,mp_jul
17,4782.674,mp_jul
7,4782.9738,mp_jul
11,4783.2736,mp_jul
11,4783.5734,mp_jul
2,4783.8732,mp_jul
4,4784.173,mp_jul
11,4784.4728,mp_jul
1,4784.7726,mp_jul
2,4785.0724,mp_jul
5,4785.3722,mp_jul
5,4785.672,mp_jul
16,4785.9717,mp_jul
14,4786.2716,mp_jul
5,4786.5713,mp_jul
11,4786.8711,mp_jul
16,4787.1709,mp_jul
1,4787.4706,mp_jul
1,4787.7704,mp_jul
1,4788.0702,mp_jul
11,4788.3701,mp_jul
3,4788.6698,mp_jul
10,4788.9696,mp_jul
12,4789.2694,mp_jul
15,4789.5692,mp_jul
15,4789.869,mp_jul
15,4790.1688,mp_jul
15,4790.4686,mp_jul
4,4790.7684,mp_jul
10,4791.0681,mp_jul
6,4791.3679,mp_jul
6,4791.6677,mp_jul
10,4791.9675,mp_jul
20,4792.2673,mp_jul
1,4792.5671,mp_jul
6,4792.8668,mp_jul
2,4793.1667,mp_jul
2,4793.4665,mp_jul
22,4793.7662,mp_jul
11,4794.066,mp_jul
5,4794.3658,mp_jul
11,4794.6656,mp_jul
11,4794.9654,mp_jul
15,4795.2652,mp_jul
18,4795.565,mp_jul
18,4795.8648,mp_jul
18,4796.1645,mp_jul
2,4796.4643,mp_jul
1,4796.7641,mp_jul
7,4797.0639,mp_jul
2,4797.3637,mp_jul
1,4797.6635,mp_jul
13,4797.9633,mp_jul
13,4798.2631,mp_jul
7,4798.5628,mp_jul
11,4798.8626,mp_jul
1,4799.1624,mp_jul
5,4799.4622,mp_jul
20,4799.762,mp_jul
20,4800.0618,mp_jul
20,4800.3616,mp_jul
20,4800.6613,mp_jul
10,4800.9612,mp_jul
25,4801.261,mp_jul
20,4801.5607,mp_jul
20,4801.8605,mp_jul
20,4802.1604,mp_jul
20,4802.4651,mp_jul
20,4803.3595,mp_jul
6,4803.6593,mp_jul
6,4803.9591,mp_jul
6,4804.2589,mp_jul
2,4804.5586,mp_jul
6,4804.8584,mp_jul
6,4805.1582,mp_jul
2,4805.458,mp_jul
6,4805.7578,mp_jul
6,4806.0575,mp_jul
6,4806.3574,mp_jul
6,4806.6571,mp_jul
6,4806.9569,mp_jul
10,4807.2567,mp_jul
6,4807.5565,mp_jul
2,4807.8563,mp_jul
11,4808.1561,mp_jul
16,4808.4559,mp_jul
18,4808.7556,mp_jul
18,4809.0554,mp_jul
3,4809.3552,mp_jul
14,4809.655,mp_jul
3,4809.9547,mp_jul
1,4810.2545,mp_jul
14,4810.5543,mp_jul
25,4810.8541,mp_jul
25,4811.1539,mp_jul
14,4811.4537,mp_jul
25,4811.7534,mp_jul
5,4812.0532,mp_jul
5,4812.3531,mp_jul
1,4812.6528,mp_jul
18,4812.9526,mp_jul
5,4813.2525,mp_jul
1,4813.5522,mp_jul
11,4813.852,mp_jul
1,4814.1518,mp_jul
7,4814.4516,mp_jul
17,4814.7514,mp_jul
7,4815.0511,mp_jul
7,4815.3509,mp_jul
2,4815.6507,mp_jul
12,4815.9505,mp_jul
12,4816.2503,mp_jul
17,4816.55,mp_jul
12,4816.8499,mp_jul
11,4817.1497,mp_jul
1,4817.4494,mp_jul
1,4817.7492,mp_jul
3,4818.049,mp_jul
1,4818.3488,mp_jul
1,4818.6486,mp_jul
5,4818.9484,mp_jul
18,4819.2482,mp_jul
18,4819.5479,mp_jul
18,4819.8477,mp_jul
15,4820.1475,mp_jul
4,4820.4473,mp_jul
11,4820.7471,mp_jul
3,4821.0469,mp_jul
20,4821.3467,mp_jul
2,4821.6465,mp_jul
20,4821.9463,mp_jul
20,4822.246,mp_jul
6,4822.5458,mp_jul
6,4822.8456,mp_jul
20,4823.1453,mp_jul
6,4823.4452,mp_jul
6,4823.745,mp_jul
10,4824.0447,mp_jul
6,4824.3445,mp_jul
7,4824.6444,mp_jul
20,4824.9442,mp_jul
6,4825.2439,mp_jul
17,4825.5437,mp_jul
7,4825.8435,mp_jul
6,4826.1433,mp_jul
6,4826.4431,mp_jul
10,4826.7428,mp_jul
20,4827.0427,mp_jul
7,4827.3425,mp_jul
7,4827.6422,mp_jul
20,4827.942,mp_jul
20,4828.2418,mp_jul
20,4828.5416,mp_jul
24,4828.8413,mp_jul
20,4829.1412,mp_jul
14,4829.4409,mp_jul
16,4829.7407,mp_jul
14,4830.0405,mp_jul
5,4830.3403,mp_jul
25,4830.6401,mp_jul
3,4830.9399,mp_jul
3,4831.2396,mp_jul
3,4831.5394,mp_jul
5,4831.8392,mp_jul
1,4832.139,mp_jul
5,4832.4388,mp_jul
25,4832.7386,mp_jul
13,4833.0384,mp_jul
14,4833.3381,mp_jul
1,4833.6379,mp_jul
11,4833.9378,mp_jul
12,4834.2375,mp_jul
8,4834.5373,mp_jul
7,4834.8371,mp_jul
15,4835.1369,mp_jul
15,4835.4367,mp_jul
15,4835.7365,mp_jul
15,4836.0362,mp_jul
15,4836.336,mp_jul
15,4836.6359,mp_jul
15,4836.9356,mp_jul
15,4837.2354,mp_jul
15,4837.5352,mp_jul
15,4837.835,mp_jul
15,4838.1348,mp_jul
15,4838.4346,mp_jul
15,4838.7343,mp_jul
15,4839.0341,mp_jul
15,4839.3339,mp_jul
15,4839.6337,mp_jul
15,4839.9335,mp_jul
15,4840.2333,mp_jul
15,4840.5331,mp_jul
15,4840.8328,mp_jul
15,4841.1326,mp_jul
15,4841.4324,mp_jul
15,4841.7322,mp_jul
15,4842.032,mp_jul
15,4842.3318,mp_jul
15,4842.6316,mp_jul
1,4842.9314,mp_jul
14,4843.2312,mp_jul
5,4843.5309,mp_jul
12,4843.8307,mp_jul
1,4844.1305,mp_jul
4,4844.4303,mp_jul
1,4844.7301,mp_jul
12,4845.0298,mp_jul
4,4845.3297,mp_jul
1,4845.6294,mp_jul
1,4845.9292,mp_jul
1,4846.229,mp_jul
7,4846.5288,mp_jul
12,4846.8286,mp_jul
12,4847.1284,mp_jul
12,4847.4282,mp_jul
17,4847.728,mp_jul
17,4848.0278,mp_jul
7,4848.3276,mp_jul
4,4848.6273,mp_jul
12,4848.9271,mp_jul
4,4849.2269,mp_jul
2,4849.5267,mp_jul
2,4849.8265,mp_jul
4,4850.1263,mp_jul
1,4850.4261,mp_jul
14,4850.7258,mp_jul
14,4851.0257,mp_jul
14,4851.3254,mp_jul
11,4851.6252,mp_jul
11,4851.925,mp_jul
3,4852.2248,mp_jul
5,4852.5246,mp_jul
1,4852.8244,mp_jul
2,4853.1242,mp_jul
11,4853.4239,mp_jul
12,4853.7238,mp_jul
2,4854.0236,mp_jul
12,4854.3233,mp_jul
8,4854.6231,mp_jul
17,4854.9229,mp_jul
17,4855.2227,mp_jul
12,4855.5225,mp_jul
7,4855.8223,mp_jul
12,4856.1221,mp_jul
1,4856.4219,mp_jul
12,4856.7216,mp_jul
13,4857.0214,mp_jul
7,4857.3212,mp_jul
12,4857.621,mp_jul
17,4857.9208,mp_jul
13,4858.2205,mp_jul
8,4858.5204,mp_jul
5,4858.8202,mp_jul
12,4859.12,mp_jul
2,4859.4198,mp_jul
15,4859.7195,mp_jul
15,4860.0193,mp_jul
2,4860.3191,mp_jul
15,4860.6188,mp_jul
15,4860.9187,mp_jul
15,4861.2184,mp_jul
4,4861.5182,mp_jul
12,4861.818,mp_jul
7,4862.1179,mp_jul
12,4862.4176,mp_jul
13,4862.7174,mp_jul
13,4863.0173,mp_jul
13,4863.317,mp_jul
7,4863.6168,mp_jul
1,4863.9166,mp_jul
12,4864.2164,mp_jul
1,4864.5162,mp_jul
18,4864.8159,mp_jul
22,4865.1157,mp_jul
18,4865.4155,mp_jul
9,4865.7153,mp_jul
9,4866.0151,mp_jul
9,4866.3149,mp_jul
23,4866.6147,mp_jul
23,4866.9145,mp_jul
23,4867.2143,mp_jul
23,4867.514,mp_jul
23,4867.8138,mp_jul
23,4868.1136,mp_jul
23,4868.4134,mp_jul
23,4868.7132,mp_jul
23,4869.013,mp_jul
23,4869.3127,mp_jul
23,4869.6126,mp_jul
23,4869.9123,mp_jul
23,4870.2122,mp_jul
23,4870.512,mp_jul
23,4870.8117,mp_jul
23,4871.1115,mp_jul
23,4871.4113,mp_jul
23,4871.7111,mp_jul
22,4872.0108,mp_jul
15,4872.3107,mp_jul
12,4872.6105,mp_jul
4,4872.9102,mp_jul
2,4873.21,mp_jul
12,4873.5098,mp_jul
4,4873.8096,mp_jul
12,4874.1094,mp_jul
12,4874.4092,mp_jul
4,4874.709,mp_jul
4,4875.0088,mp_jul
12,4875.3085,mp_jul
12,4875.6083,mp_jul
12,4875.9082,mp_jul
4,4876.2079,mp_jul
15,4876.5077,mp_jul
15,4876.8075,mp_jul
15,4877.1073,mp_jul
12,4877.407,mp_jul
12,4877.7068,mp_jul
17,4878.0066,mp_jul
12,4878.3064,mp_jul
12,4878.6061,mp_jul
12,4878.906,mp_jul
12,4879.2058,mp_jul
7,4879.5055,mp_jul
12,4879.8054,mp_jul
15,4880.1051,mp_jul
15,4880.4049,mp_jul
2,4880.7047,mp_jul
15,4881.0045,mp_jul
4,4881.3043,mp_jul
4,4881.6041,mp_jul
6,4881.9039,mp_jul
6,4882.2036,mp_jul
7,4882.5035,mp_jul
6,4882.8032,mp_jul
2,4883.103,mp_jul
11,4883.4028,mp_jul
11,4883.7026,mp_jul
22,4884.0023,mp_jul
19,4884.3021,mp_jul
16,4884.6019,mp_jul
16,4884.9017,mp_jul
3,4885.2015,mp_jul
16,4885.5013,mp_jul
3,4885.8011,mp_jul
14,4886.1009,mp_jul
14,4886.4007,mp_jul
1,4886.7005,mp_jul
1,4887.0002,mp_jul
7,4887.3,mp_jul
25,4887.5999,mp_jul
14,4887.8996,mp_jul
14,4888.1994,mp_jul
16,4888.4992,mp_jul
16,4888.799,mp_jul
16,4889.0988,mp_jul
14,4889.3986,mp_jul
14,4889.6983,mp_jul
14,4889.9981,mp_jul
3,4890.298,mp_jul
11,4890.5977,mp_jul
5,4890.8975,mp_jul
5,4891.1973,mp_jul
16,4891.4971,mp_jul
5,4891.7968,mp_jul
5,4892.0967,mp_jul
20,4892.3965,mp_jul
3,4892.6962,mp_jul
5,4892.996,mp_jul
16,4893.2958,mp_jul
16,4893.5956,mp_jul
20,4893.8954,mp_jul
20,4894.1952,mp_jul
5,4894.495,mp_jul
1,4894.7948,mp_jul
16,4895.0945,mp_jul
9,4895.3943,mp_jul
9,4895.6941,mp_jul
9,4895.9939,mp_jul
9,4896.2937,mp_jul
9,4896.5935,mp_jul
9,4896.8932,mp_jul
23,4897.193,mp_jul
23,4897.4928,mp_jul
23,4897.7926,mp_jul
23,4898.0924,mp_jul
23,4898.3922,mp_jul
9,4898.6919,mp_jul
9,4898.9918,mp_jul
9,4899.2915,mp_jul
9,4899.5913,mp_jul
9,4899.8911,mp_jul
9,4900.1909,mp_jul
9,4900.4907,mp_jul
9,4900.7905,mp_jul
9,4901.0903,mp_jul
9,4901.3901,mp_jul
9,4901.6898,mp_jul
9,4901.9896,mp_jul
16,4902.2894,mp_jul
2,4902.5892,mp_jul
20,4902.889,mp_jul
6,4903.1888,mp_jul
6,4903.4886,mp_jul
6,4903.7884,mp_jul
6,4904.0882,mp_jul
6,4904.3879,mp_jul
6,4904.6877,mp_jul
6,4904.9875,mp_jul
6,4905.2873,mp_jul
7,4905.5871,mp_jul
7,4905.8869,mp_jul
4,4906.1867,mp_jul
11,4906.4864,mp_jul
1,4906.7862,mp_jul
5,4907.086,mp_jul
5,4907.3858,mp_jul
11,4907.6856,mp_jul
11,4907.9853,mp_jul
16,4908.2852,mp_jul
5,4908.5849,mp_jul
5,4908.8847,mp_jul
11,4909.1845,mp_jul
3,4909.4843,mp_jul
18,4909.7841,mp_jul
22,4910.0839,mp_jul
2,4910.3836,mp_jul
3,4910.6834,mp_jul
22,4910.9832,mp_jul
19,4911.283,mp_jul
19,4911.5828,mp_jul
19,4911.8827,mp_jul
19,4912.1823,mp_jul
19,4912.4822,mp_jul
19,4913.0817,mp_jul
3,4913.3815,mp_jul
11,4913.6813,mp_jul
9,4913.9811,mp_jul
9,4914.2809,mp_jul
9,4914.5806,mp_jul
9,4914.8804,mp_jul
19,4915.1802,mp_jul
9,4915.48,mp_jul
9,4915.7798,mp_jul
14,4916.0796,mp_jul
24,4916.3794,mp_jul
24,4916.6792,mp_jul
24,4916.9789,mp_jul
24,4917.2787,mp_jul
24,4917.5785,mp_jul
24,4917.8783,mp_jul
24,4918.1781,mp_jul
24,4918.4779,mp_jul
24,4918.7777,mp_jul
24,4919.0774,mp_jul
24,4919.3772,mp_jul
24,4919.6771,mp_jul
24,4919.9768,mp_jul
24,4920.2766,mp_jul
24,4920.5764,mp_jul
24,4920.8762,mp_jul
24,4921.176,mp_jul
24,4921.4758,mp_jul
9,4921.7755,mp_jul
9,4922.0753,mp_jul
19,4922.3751,mp_jul
19,4922.6749,mp_jul
19,4922.9747,mp_jul
19,4923.2745,mp_jul
9,4923.5742,mp_jul
9,4923.874,mp_jul
9,4924.1738,mp_jul
9,4924.4736,mp_jul
9,4924.7734,mp_jul
9,4925.0732,mp_jul
9,4925.373,mp_jul
22,4925.6727,mp_jul
1,4925.9725,mp_jul
15,4926.2724,mp_jul
15,4926.5721,mp_jul
15,4926.8719,mp_jul
15,4927.1717,mp_jul
15,4927.4715,mp_jul
15,4927.7712,mp_jul
15,4928.071,mp_jul
15,4928.3708,mp_jul
15,4928.6706,mp_jul
15,4928.9703,mp_jul
15,4929.2701,mp_jul
15,4929.57,mp_jul
15,4929.8697,mp_jul
7,4930.1695,mp_jul
15,4930.4693,mp_jul
15,4930.7691,mp_jul
15,4931.0689,mp_jul
15,4931.3686,mp_jul
15,4931.6684,mp_jul
5,4931.9683,mp_jul
18,4932.268,mp_jul
22,4932.5678,mp_jul
1,4932.8676,mp_jul
5,4933.1674,mp_jul
16,4933.4672,mp_jul
3,4933.767,mp_jul
3,4934.0667,mp_jul
11,4934.3665,mp_jul
12,4934.6663,mp_jul
2,4934.9661,mp_jul
15,4935.2659,mp_jul
15,4935.5657,mp_jul
15,4935.8654,mp_jul
15,4936.1652,mp_jul
15,4936.465,mp_jul
12,4936.7648,mp_jul
2,4937.0646,mp_jul
2,4937.3644,mp_jul
19,4937.6642,mp_jul
19,4937.9639,mp_jul
19,4938.2637,mp_jul
19,4938.5635,mp_jul
19,4938.8633,mp_jul
19,4939.1631,mp_jul
19,4939.4628,mp_jul
19,4939.7627,mp_jul
19,4940.0625,mp_jul
24,4940.3622,mp_jul
24,4940.662,mp_jul
24,4940.9618,mp_jul
24,4941.2616,mp_jul
24,4941.5613,mp_jul
24,4941.8612,mp_jul
24,4942.161,mp_jul
24,4942.4607,mp_jul
24,4942.7605,mp_jul
24,4943.0603,mp_jul
20,4943.3601,mp_jul
20,4943.6599,mp_jul
20,4943.9596,mp_jul
19,4944.2594,mp_jul
19,4944.5592,mp_jul
19,4944.8589,mp_jul
18,4945.1588,mp_jul
11,4945.4586,mp_jul
15,4945.7583,mp_jul
15,4946.0581,mp_jul
15,4946.3579,mp_jul
15,4946.6577,mp_jul
15,4946.9574,mp_jul
7,4947.2572,mp_jul
12,4947.5571,mp_jul
12,4947.8569,mp_jul
12,4948.1566,mp_jul
5,4948.4564,mp_jul
5,4948.7562,mp_jul
19,4949.056,mp_jul
16,4949.3557,mp_jul
14,4949.6555,mp_jul
19,4949.9553,mp_jul
16,4950.2551,mp_jul
16,4950.5549,mp_jul
11,4950.8546,mp_jul
19,4951.1545,mp_jul
19,4951.4543,mp_jul
16,4951.7541,mp_jul
16,4952.0538,mp_jul
22,4952.3536,mp_jul
16,4952.6534,mp_jul
16,4952.9532,mp_jul
16,4953.253,mp_jul
16,4953.5528,mp_jul
14,4953.8526,mp_jul
3,4954.1523,mp_jul
9,4954.4521,mp_jul
9,4954.7519,mp_jul
9,4955.0517,mp_jul
9,4955.3515,mp_jul
9,4955.6513,mp_jul
9,4955.951,mp_jul
9,4956.2508,mp_jul
9,4956.5506,mp_jul
9,4956.8504,mp_jul
19,4957.1501,mp_jul
9,4957.45,mp_jul
9,4957.7498,mp_jul
14,4958.0495,mp_jul
9,4958.3493,mp_jul
9,4958.6491,mp_jul
9,4958.9488,mp_jul
9,4959.2486,mp_jul
9,4959.5484,mp_jul
9,4959.8482,mp_jul
9,4960.148,mp_jul
9,4960.4478,mp_jul
9,4960.7476,mp_jul
9,4961.0474,mp_jul
19,4961.3472,mp_jul
19,4961.6469,mp_jul
19,4961.9467,mp_jul
19,4962.2465,mp_jul
19,4962.5463,mp_jul
9,4962.846,mp_jul
9,4963.1459,mp_jul
22,4963.4456,mp_jul
15,4963.7454,mp_jul
15,4964.0452,mp_jul
15,4964.345,mp_jul
15,4964.6448,mp_jul
15,4964.9445,mp_jul
15,4965.2443,mp_jul
15,4965.5441,mp_jul
17,4965.8439,mp_jul
13,4966.1437,mp_jul
8,4966.4435,mp_jul
2,4966.7433,mp_jul
4,4967.043,mp_jul
4,4967.3428,mp_jul
4,4967.6426,mp_jul
6,4967.9424,mp_jul
6,4968.2422,mp_jul
7,4968.542,mp_jul
7,4968.8418,mp_jul
12,4969.1415,mp_jul
4,4969.4413,mp_jul
4,4969.7411,mp_jul
12,4970.0409,mp_jul
2,4970.3407,mp_jul
14,4970.6405,mp_jul
14,4970.9402,mp_jul
16,4971.24,mp_jul
19,4971.5398,mp_jul
19,4971.8396,mp_jul
24,4972.1394,mp_jul
19,4972.4391,mp_jul
19,4972.7389,mp_jul
16,4973.0388,mp_jul
16,4973.3385,mp_jul
5,4973.6383,mp_jul
16,4973.9381,mp_jul
16,4974.2378,mp_jul
25,4974.5377,mp_jul
5,4974.8374,mp_jul
8,4975.1373,mp_jul
13,4975.4371,mp_jul
7,4975.7368,mp_jul
25,4976.0366,mp_jul
5,4976.3364,mp_jul
2,4976.6361,mp_jul
11,4976.9359,mp_jul
11,4977.2357,mp_jul
2,4977.5355,mp_jul
1,4977.8353,mp_jul
4,4978.135,mp_jul
12,4978.4349,mp_jul
4,4978.7346,mp_jul
2,4979.0344,mp_jul
16,4979.3342,mp_jul
16,4979.634,mp_jul
5,4979.9338,mp_jul
3,4980.2336,mp_jul
17,4980.5334,mp_jul
25,4980.8332,mp_jul
3,4981.1329,mp_jul
8,4981.4327,mp_jul
25,4981.7325,mp_jul
3,4982.0322,mp_jul
3,4982.332,mp_jul
2,4982.6318,mp_jul
4,4982.9316,mp_jul
4,4983.2314,mp_jul
4,4983.5312,mp_jul
12,4983.831,mp_jul
17,4984.1308,mp_jul
17,4984.4306,mp_jul
12,4984.7303,mp_jul
4,4985.0301,mp_jul
12,4985.33,mp_jul
11,4985.6297,mp_jul
2,4985.9295,mp_jul
19,4986.5291,mp_jul
19,4986.8289,mp_jul
19,4987.1286,mp_jul
9,4987.4284,mp_jul
9,4987.7282,mp_jul
16,4988.028,mp_jul
3,4988.3278,mp_jul
1,4988.6276,mp_jul
1,4989.5269,mp_jul
18,4989.8267,mp_jul
9,4990.1265,mp_jul
9,4990.4263,mp_jul
9,4990.726,mp_jul
16,4991.0259,mp_jul
22,4991.3256,mp_jul
22,4991.6254,mp_jul
14,4991.9252,mp_jul
14,4992.225,mp_jul
3,4992.5248,mp_jul
1,4992.8245,mp_jul
7,4993.1244,mp_jul
7,4993.4241,mp_jul
7,4993.7239,mp_jul
18,4994.0237,mp_jul
7,4994.3235,mp_jul
1,4994.6233,mp_jul
22,4994.9231,mp_jul
25,4995.2228,mp_jul
13,4995.5226,mp_jul
25,4995.8224,mp_jul
18,4996.1221,mp_jul
1,4996.422,mp_jul
15,4996.7218,mp_jul
7,4997.0215,mp_jul
17,4997.3213,mp_jul
2,4997.6211,mp_jul
2,4997.9459,mp_jul
16,4998.2207,mp_jul
22,4998.5205,mp_jul
14,4998.8203,mp_jul
14,4999.1201,mp_jul
3,4999.4198,mp_jul
16,4999.7196,mp_jul
16,5000.0194,mp_jul
16,5000.3192,mp_jul
16,5000.619,mp_jul
16,5000.9188,mp_jul
16,5001.2186,mp_jul
16,5001.5184,mp_jul
25,5001.8181,mp_jul
8,5002.118,mp_jul
16,5002.4177,mp_jul
20,5002.7175,mp_jul
20,5003.0173,mp_jul
20,5003.3171,mp_jul
20,5003.6169,mp_jul
20,5003.9167,mp_jul
20,5004.2164,mp_jul
13,5004.5162,mp_jul
26,5004.8161,mp_jul
13,5005.1158,mp_jul
25,5005.4156,mp_jul
20,5005.7154,mp_jul
13,5006.0151,mp_jul
20,5006.3149,mp_jul
20,5006.6147,mp_jul
10,5006.9145,mp_jul
6,5007.2143,mp_jul
2,5007.514,mp_jul
6,5007.8139,mp_jul
2,5008.1137,mp_jul
20,5008.4135,mp_jul
20,5008.7132,mp_jul
20,5009.013,mp_jul
3,5009.3128,mp_jul
25,5009.6126,mp_jul
3,5009.9124,mp_jul
3,5010.2121,mp_jul
3,5010.5119,mp_jul
11,5010.8117,mp_jul
3,5011.1116,mp_jul
17,5011.4113,mp_jul
7,5011.7111,mp_jul
1,5012.0109,mp_jul
16,5012.3106,mp_jul
16,5012.6104,mp_jul
14,5012.9102,mp_jul
16,5013.2101,mp_jul
5,5013.5098,mp_jul
12,5013.8096,mp_jul
2,5014.1094,mp_jul
12,5014.4092,mp_jul
12,5014.709,mp_jul
4,5015.0088,mp_jul
2,5015.3085,mp_jul
12,5015.6083,mp_jul
12,5015.9082,mp_jul
12,5016.2078,mp_jul
4,5016.5077,mp_jul
1,5016.8075,mp_jul
1,5017.1073,mp_jul
14,5017.407,mp_jul
14,5017.7068,mp_jul
14,5018.0066,mp_jul
3,5018.3065,mp_jul
14,5018.6061,mp_jul
5,5018.906,mp_jul
2,5019.2058,mp_jul
1,5019.5056,mp_jul
12,5019.8053,mp_jul
12,5020.1051,mp_jul
12,5020.4049,mp_jul
12,5020.7047,mp_jul
2,5021.0045,mp_jul
4,5021.3043,mp_jul
2,5021.6041,mp_jul
4,5021.9038,mp_jul
4,5022.2036,mp_jul
14,5022.5034,mp_jul
3,5022.8032,mp_jul
5,5023.1055,mp_jul
5,5023.4028,mp_jul
3,5023.7025,mp_jul
3,5024.0023,mp_jul
2,5024.3021,mp_jul
1,5024.6019,mp_jul
11,5024.9017,mp_jul
14,5025.2015,mp_jul
16,5025.5012,mp_jul
14,5025.8011,mp_jul
16,5026.1008,mp_jul
16,5026.4006,mp_jul
16,5026.7004,mp_jul
16,5027.0002,mp_jul
22,5027.3,mp_jul
16,5027.5998,mp_jul
5,5028.1994,mp_jul
5,5028.4992,mp_jul
16,5028.7989,mp_jul
14,5029.0987,mp_jul
5,5029.3985,mp_jul
11,5029.6983,mp_jul
3,5029.9981,mp_jul
1,5030.2979,mp_jul
11,5030.5977,mp_jul
4,5030.8974,mp_jul
4,5031.1972,mp_jul
4,5031.497,mp_jul
4,5031.7968,mp_jul
3,5032.0965,mp_jul
1,5032.3964,mp_jul
5,5032.6962,mp_jul
1,5032.996,mp_jul
3,5033.2957,mp_jul
16,5033.5955,mp_jul
16,5033.8953,mp_jul
16,5034.1951,mp_jul
3,5034.4948,mp_jul
1,5034.7947,mp_jul
11,5035.0944,mp_jul
8,5035.3941,mp_jul
7,5035.694,mp_jul
7,5035.9938,mp_jul
7,5036.2936,mp_jul
1,5036.5933,mp_jul
1,5036.8932,mp_jul
4,5037.1929,mp_jul
11,5037.4927,mp_jul
12,5037.7925,mp_jul
12,5038.0923,mp_jul
11,5038.3921,mp_jul
16,5038.6919,mp_jul
5,5038.9916,mp_jul
5,5039.2915,mp_jul
3,5039.5912,mp_jul
14,5039.891,mp_jul
14,5040.1908,mp_jul
3,5040.4906,mp_jul
11,5040.7904,mp_jul
11,5041.0901,mp_jul
1,5041.3899,mp_jul
3,5041.6897,mp_jul
16,5042.5891,mp_jul
16,5042.8888,mp_jul
5,5043.1886,mp_jul
1,5043.4884,mp_jul
5,5043.7883,mp_jul
4,5044.088,mp_jul
5,5044.3878,mp_jul
1,5044.6876,mp_jul
1,5044.9874,mp_jul
5,5045.2871,mp_jul
16,5045.5869,mp_jul
5,5045.8868,mp_jul
3,5046.1865,mp_jul
3,5046.4863,mp_jul
25,5046.7861,mp_jul
17,5047.0859,mp_jul
13,5047.3857,mp_jul
25,5047.6855,mp_jul
5,5047.9852,mp_jul
1,5048.2851,mp_jul
3,5048.5848,mp_jul
11,5048.8846,mp_jul
1,5049.1844,mp_jul
18,5049.4842,mp_jul
18,5049.7839,mp_jul
17,5050.0837,mp_jul
26,5050.3835,mp_jul
8,5050.6833,mp_jul
18,5050.9831,mp_jul
7,5051.2829,mp_jul
8,5051.5826,mp_jul
8,5051.8824,mp_jul
13,5052.1822,mp_jul
12,5052.482,mp_jul
1,5052.7818,mp_jul
12,5053.3813,mp_jul
12,5053.6811,mp_jul
10,5053.9809,mp_jul
10,5054.2807,mp_jul
6,5054.5805,mp_jul
6,5054.8803,mp_jul
6,5055.1801,mp_jul
6,5055.4798,mp_jul
6,5055.7797,mp_jul
2,5056.0794,mp_jul
11,5056.3792,mp_jul
5,5056.679,mp_jul
25,5056.9788,mp_jul
13,5057.2786,mp_jul
13,5057.5783,mp_jul
8,5057.8781,mp_jul
3,5058.1779,mp_jul
25,5058.4777,mp_jul
17,5058.7775,mp_jul
21,5059.0773,mp_jul
17,5059.377,mp_jul
20,5059.6769,mp_jul
3,5059.9767,mp_jul
10,5060.2764,mp_jul
12,5060.5763,mp_jul
6,5060.876,mp_jul
6,5061.1758,mp_jul
2,5061.4756,mp_jul
2,5061.7754,mp_jul
2,5062.0752,mp_jul
5,5062.3749,mp_jul
5,5062.6747,mp_jul
11,5062.9745,mp_jul
11,5063.2743,mp_jul
1,5063.574,mp_jul
5,5063.8738,mp_jul
11,5064.1736,mp_jul
1,5064.4734,mp_jul
8,5064.7732,mp_jul
8,5065.073,mp_jul
3,5065.3728,mp_jul
14,5065.6726,mp_jul
3,5065.9724,mp_jul
3,5066.2721,mp_jul
16,5066.572,mp_jul
25,5066.8717,mp_jul
14,5067.1715,mp_jul
14,5067.4713,mp_jul
3,5067.7711,mp_jul
1,5068.0708,mp_jul
5,5068.3707,mp_jul
25,5068.6704,mp_jul
18,5068.9702,mp_jul
18,5069.27,mp_jul
18,5069.5698,mp_jul
1,5069.8696,mp_jul
1,5070.1694,mp_jul
12,5070.4692,mp_jul
12,5070.7689,mp_jul
7,5071.0687,mp_jul
2,5071.3685,mp_jul
7,5071.6684,mp_jul
5,5071.9681,mp_jul
5,5072.2678,mp_jul
5,5072.5676,mp_jul
5,5072.8675,mp_jul
1,5073.1672,mp_jul
3,5073.467,mp_jul
5,5073.7668,mp_jul
18,5074.0666,mp_jul
18,5074.3664,mp_jul
18,5074.6661,mp_jul
7,5074.9659,mp_jul
1,5075.2658,mp_jul
18,5075.5655,mp_jul
18,5075.8653,mp_jul
22,5076.1651,mp_jul
2,5076.4649,mp_jul
2,5076.7646,mp_jul
12,5077.0644,mp_jul
2,5077.3643,mp_jul
11,5077.6641,mp_jul
4,5077.9638,mp_jul
2,5078.2636,mp_jul
4,5078.5634,mp_jul
4,5078.8632,mp_jul
4,5079.1629,mp_jul
4,5079.4628,mp_jul
12,5079.7625,mp_jul
12,5080.0623,mp_jul
12,5080.3621,mp_jul
12,5080.6619,mp_jul
12,5080.9617,mp_jul
12,5081.2615,mp_jul
12,5081.5612,mp_jul
7,5081.8611,mp_jul
12,5082.1609,mp_jul
12,5082.4606,mp_jul
2,5082.7654,mp_jul
12,5083.0602,mp_jul
6,5083.36,mp_jul
12,5083.6598,mp_jul
6,5083.9596,mp_jul
20,5084.2594,mp_jul
20,5084.5591,mp_jul
20,5084.8589,mp_jul
8,5085.1587,mp_jul
13,5085.4585,mp_jul
20,5085.7583,mp_jul
20,5086.0581,mp_jul
6,5086.3578,mp_jul
12,5086.6577,mp_jul
7,5086.9574,mp_jul
7,5087.2572,mp_jul
7,5087.5571,mp_jul
12,5087.8568,mp_jul
4,5088.1566,mp_jul
20,5088.4564,mp_jul
2,5088.7562,mp_jul
7,5089.0559,mp_jul
8,5089.3557,mp_jul
7,5089.6555,mp_jul
20,5089.9553,mp_jul
20,5090.2551,mp_jul
20,5090.5549,mp_jul
20,5090.8547,mp_jul
1,5091.1545,mp_jul
17,5091.4542,mp_jul
7,5091.754,mp_jul
3,5092.0539,mp_jul
3,5092.3536,mp_jul
18,5092.6533,mp_jul
22,5092.9532,mp_jul
18,5093.5527,mp_jul
18,5093.8525,mp_jul
2,5094.1523,mp_jul
15,5094.4521,mp_jul
15,5094.7518,mp_jul
15,5095.0516,mp_jul
15,5095.3515,mp_jul
15,5095.6513,mp_jul
15,5095.951,mp_jul
11,5096.2508,mp_jul
11,5096.5506,mp_jul
5,5096.8504,mp_jul
11,5097.1502,mp_jul
15,5097.45,mp_jul
11,5097.7498,mp_jul
18,5098.0496,mp_jul
5,5098.3493,mp_jul
1,5098.6492,mp_jul
18,5098.9489,mp_jul
1,5099.2487,mp_jul
15,5099.5485,mp_jul
18,5099.8483,mp_jul
18,5100.1481,mp_jul
1,5100.4478,mp_jul
3,5100.7476,mp_jul
1,5101.0474,mp_jul
5,5101.3472,mp_jul
14,5101.647,mp_jul
5,5101.9468,mp_jul
5,5102.2466,mp_jul
3,5102.5464,mp_jul
3,5102.8461,mp_jul
5,5103.146,mp_jul
5,5103.4458,mp_jul
1,5103.7456,mp_jul
12,5104.0453,mp_jul
2,5104.3451,mp_jul
5,5104.6449,mp_jul
1,5104.9447,mp_jul
1,5105.2444,mp_jul
11,5105.5443,mp_jul
15,5105.844,mp_jul
15,5106.1438,mp_jul
15,5106.4436,mp_jul
11,5106.7434,mp_jul
1,5107.0432,mp_jul
1,5107.3429,mp_jul
3,5107.6428,mp_jul
5,5107.9425,mp_jul
4,5108.2423,mp_jul
2,5108.5421,mp_jul
2,5108.842,mp_jul
5,5109.1417,mp_jul
2,5109.4415,mp_jul
11,5109.7413,mp_jul
4,5110.0411,mp_jul
4,5110.3409,mp_jul
4,5110.6406,mp_jul
12,5110.9404,mp_jul
4,5111.2402,mp_jul
4,5111.54,mp_jul
2,5111.8398,mp_jul
4,5112.1396,mp_jul
4,5112.4394,mp_jul
1,5112.7391,mp_jul
1,5113.0389,mp_jul
2,5113.3388,mp_jul
2,5113.6385,mp_jul
2,5113.9383,mp_jul
12,5114.2381,mp_jul
5,5114.5379,mp_jul
5,5114.8377,mp_jul
3,5115.1375,mp_jul
5,5115.4372,mp_jul
11,5115.737,mp_jul
1,5116.0368,mp_jul
11,5116.3366,mp_jul
1,5116.6364,mp_jul
3,5116.9362,mp_jul
22,5117.2359,mp_jul
3,5117.5358,mp_jul
5,5117.8355,mp_jul
5,5118.1353,mp_jul
5,5118.4351,mp_jul
5,5118.7349,mp_jul
3,5119.0347,mp_jul
3,5119.3345,mp_jul
14,5119.6342,mp_jul
3,5119.934,mp_jul
1,5120.2339,mp_jul
2,5120.5337,mp_jul
11,5120.8334,mp_jul
5,5121.1332,mp_jul
10,5121.433,mp_jul
5,5121.7328,mp_jul
11,5122.0325,mp_jul
6,5122.3324,mp_jul
20,5122.6321,mp_jul
3,5122.9319,mp_jul
20,5123.2317,mp_jul
20,5123.5315,mp_jul
20,5123.8313,mp_jul
20,5124.131,mp_jul
20,5124.4308,mp_jul
10,5124.7306,mp_jul
10,5125.0304,mp_jul
17,5125.3302,mp_jul
8,5125.63,mp_jul
12,5125.9298,mp_jul
2,5126.2296,mp_jul
6,5126.5294,mp_jul
6,5126.8292,mp_jul
4,5127.1289,mp_jul
6,5127.4287,mp_jul
4,5127.7285,mp_jul
6,5128.0283,mp_jul
10,5128.3281,mp_jul
10,5128.6279,mp_jul
10,5128.9276,mp_jul
6,5129.2274,mp_jul
6,5129.5273,mp_jul
10,5129.827,mp_jul
3,5130.1268,mp_jul
20,5130.4266,mp_jul
11,5130.7264,mp_jul
6,5131.0261,mp_jul
11,5131.3259,mp_jul
1,5131.6257,mp_jul
7,5131.9256,mp_jul
2,5132.2253,mp_jul
12,5132.5251,mp_jul
6,5132.8249,mp_jul
6,5133.1247,mp_jul
3,5133.4244,mp_jul
14,5133.7242,mp_jul
14,5134.024,mp_jul
14,5134.3238,mp_jul
25,5134.6236,mp_jul
25,5134.9234,mp_jul
3,5135.2231,mp_jul
5,5135.523,mp_jul
14,5135.8228,mp_jul
14,5136.1225,mp_jul
3,5136.4224,mp_jul
1,5136.7221,mp_jul
1,5137.0219,mp_jul
5,5137.3217,mp_jul
15,5137.6215,mp_jul
18,5137.9212,mp_jul
18,5138.221,mp_jul
18,5138.5208,mp_jul
22,5138.8206,mp_jul
14,5139.1204,mp_jul
14,5139.4202,mp_jul
5,5139.72,mp_jul
11,5140.0197,mp_jul
4,5140.3195,mp_jul
4,5140.6193,mp_jul
2,5140.9191,mp_jul
12,5141.2189,mp_jul
7,5141.5188,mp_jul
7,5141.8184,mp_jul
8,5142.1183,mp_jul
8,5142.4181,mp_jul
7,5142.7178,mp_jul
8,5143.0176,mp_jul
2,5143.3174,mp_jul
2,5143.6172,mp_jul
4,5143.917,mp_jul
4,5144.2168,mp_jul
12,5144.5166,mp_jul
5,5144.8164,mp_jul
1,5145.1162,mp_jul
1,5145.416,mp_jul
1,5145.7157,mp_jul
7,5146.0155,mp_jul
7,5146.3153,mp_jul
8,5146.6151,mp_jul
12,5146.9148,mp_jul
5,5147.2147,mp_jul
14,5147.5144,mp_jul
14,5147.8142,mp_jul
2,5148.114,mp_jul
11,5148.4138,mp_jul
11,5148.7136,mp_jul
11,5149.0134,mp_jul
4,5149.3132,mp_jul
4,5149.613,mp_jul
1,5149.9127,mp_jul
3,5150.2125,mp_jul
14,5150.5123,mp_jul
14,5150.8121,mp_jul
22,5151.1119,mp_jul
18,5151.4117,mp_jul
15,5151.7115,mp_jul
15,5152.0113,mp_jul
15,5152.311,mp_jul
12,5152.6108,mp_jul
25,5152.9106,mp_jul
1,5153.2104,mp_jul
17,5153.5102,mp_jul
13,5153.81,mp_jul
8,5154.1097,mp_jul
8,5154.4095,mp_jul
8,5154.7094,mp_jul
7,5155.0092,mp_jul
2,5155.3089,mp_jul
3,5155.6087,mp_jul
18,5155.9085,mp_jul
5,5156.2083,mp_jul
11,5156.5081,mp_jul
5,5156.8078,mp_jul
22,5157.1076,mp_jul
18,5157.4075,mp_jul
25,5157.7072,mp_jul
18,5158.007,mp_jul
25,5158.3068,mp_jul
13,5158.6066,mp_jul
21,5158.9064,mp_jul
21,5159.2062,mp_jul
8,5159.5059,mp_jul
8,5159.8057,mp_jul
8,5160.1055,mp_jul
18,5160.4053,mp_jul
11,5160.7051,mp_jul
5,5161.0049,mp_jul
16,5161.3046,mp_jul
16,5161.6045,mp_jul
1,5161.9042,mp_jul
11,5162.204,mp_jul
11,5162.5038,mp_jul
1,5162.8036,mp_jul
1,5163.1034,mp_jul
1,5163.4032,mp_jul
1,5163.7029,mp_jul
2,5164.0028,mp_jul
4,5164.3026,mp_jul
15,5164.6023,mp_jul
2,5164.9021,mp_jul
15,5165.2019,mp_jul
2,5165.5017,mp_jul
15,5165.8015,mp_jul
15,5166.1012,mp_jul
15,5166.4011,mp_jul
15,5166.7009,mp_jul
15,5167.0006,mp_jul
15,5167.3004,mp_jul
15,5167.6002,mp_jul
11,5167.9,mp_jul
12,5168.1998,mp_jul
12,5168.4996,mp_jul
17,5168.7994,mp_jul
1,5169.0991,mp_jul
1,5169.3989,mp_jul
11,5169.6987,mp_jul
11,5169.9985,mp_jul
11,5170.2983,mp_jul
11,5170.598,mp_jul
1,5170.8978,mp_jul
1,5171.1977,mp_jul
1,5171.4974,mp_jul
5,5171.7972,mp_jul
14,5172.097,mp_jul
1,5172.3967,mp_jul
1,5172.6965,mp_jul
11,5172.9964,mp_jul
3,5173.2962,mp_jul
5,5173.5959,mp_jul
3,5173.8957,mp_jul
3,5174.1955,mp_jul
3,5174.4953,mp_jul
5,5174.7951,mp_jul
12,5175.0949,mp_jul
6,5175.3946,mp_jul
6,5175.6945,mp_jul
6,5175.9942,mp_jul
6,5176.2941,mp_jul
6,5176.5938,mp_jul
12,5176.8936,mp_jul
2,5177.1934,mp_jul
6,5177.4932,mp_jul
17,5177.793,mp_jul
6,5178.0927,mp_jul
10,5178.3925,mp_jul
6,5178.6923,mp_jul
6,5178.9921,mp_jul
6,5179.2919,mp_jul
10,5179.5917,mp_jul
10,5179.8915,mp_jul
6,5180.1913,mp_jul
10,5180.4911,mp_jul
6,5180.7908,mp_jul
6,5181.0906,mp_jul
10,5181.3904,mp_jul
10,5181.6902,mp_jul
6,5181.99,mp_jul
20,5182.2898,mp_jul
20,5182.5896,mp_jul
20,5182.8893,mp_jul
20,5183.1892,mp_jul
20,5183.4889,mp_jul
2,5183.7887,mp_jul
10,5184.0885,mp_jul
10,5184.3883,mp_jul
6,5184.6881,mp_jul
6,5184.9879,mp_jul
20,5185.2876,mp_jul
20,5185.5874,mp_jul
20,5185.8872,mp_jul
20,5186.187,mp_jul
20,5186.4868,mp_jul
20,5186.7866,mp_jul
20,5187.0863,mp_jul
20,5187.3861,mp_jul
25,5187.686,mp_jul
20,5187.9857,mp_jul
3,5188.2855,mp_jul
3,5188.5853,mp_jul
5,5188.8851,mp_jul
11,5189.1849,mp_jul
11,5189.4847,mp_jul
12,5189.7845,mp_jul
17,5190.0843,mp_jul
17,5190.384,mp_jul
7,5190.6838,mp_jul
1,5190.9836,mp_jul
3,5191.2834,mp_jul
3,5191.5831,mp_jul
1,5191.883,mp_jul
12,5192.1828,mp_jul
12,5192.4825,mp_jul
12,5192.7823,mp_jul
12,5193.0821,mp_jul
2,5193.3819,mp_jul
3,5193.6817,mp_jul
3,5193.9815,mp_jul
11,5194.2812,mp_jul
1,5194.581,mp_jul
11,5194.8809,mp_jul
2,5195.1806,mp_jul
15,5195.4804,mp_jul
15,5195.7802,mp_jul
15,5196.08,mp_jul
15,5196.3797,mp_jul
15,5196.6796,mp_jul
15,5196.9794,mp_jul
15,5197.2791,mp_jul
15,5197.5789,mp_jul
15,5197.8787,mp_jul
15,5198.1785,mp_jul
15,5198.4783,mp_jul
15,5198.778,mp_jul
15,5199.0779,mp_jul
15,5199.3776,mp_jul
15,5199.6774,mp_jul
15,5199.9772,mp_jul
22,5200.277,mp_jul
3,5200.5768,mp_jul
7,5200.8766,mp_jul
17,5201.1764,mp_jul
3,5201.4761,mp_jul
17,5201.776,mp_jul
1,5202.0757,mp_jul
14,5202.3755,mp_jul
5,5202.6754,mp_jul
11,5202.9751,mp_jul
2,5203.2749,mp_jul
2,5203.5747,mp_jul
15,5203.8745,mp_jul
15,5204.1742,mp_jul
18,5204.474,mp_jul
11,5204.7738,mp_jul
11,5205.0736,mp_jul
4,5205.3734,mp_jul
11,5205.6732,mp_jul
2,5205.973,mp_jul
4,5206.2727,mp_jul
11,5206.5725,mp_jul
1,5206.8723,mp_jul
2,5207.1721,mp_jul
2,5207.4719,mp_jul
4,5207.7717,mp_jul
4,5208.0715,mp_jul
2,5208.3713,mp_jul
1,5208.671,mp_jul
17,5208.9708,mp_jul
17,5209.2706,mp_jul
7,5209.5704,mp_jul
11,5209.8702,mp_jul
3,5210.17,mp_jul
14,5210.4698,mp_jul
22,5210.7696,mp_jul
3,5211.0693,mp_jul
3,5211.3692,mp_jul
3,5211.6689,mp_jul
5,5211.9687,mp_jul
1,5212.2685,mp_jul
2,5212.5684,mp_jul
5,5212.8681,mp_jul
5,5213.1679,mp_jul
3,5213.4677,mp_jul
20,5213.7675,mp_jul
2,5214.0673,mp_jul
12,5214.367,mp_jul
6,5214.6668,mp_jul
6,5214.9666,mp_jul
2,5215.2664,mp_jul
2,5215.5662,mp_jul
1,5215.8659,mp_jul
18,5216.1658,mp_jul
3,5216.4655,mp_jul
1,5216.7653,mp_jul
6,5217.0651,mp_jul
6,5217.3649,mp_jul
8,5217.6647,mp_jul
17,5217.9645,mp_jul
6,5218.2643,mp_jul
2,5218.5641,mp_jul
2,5218.8638,mp_jul
15,5219.1636,mp_jul
15,5219.4634,mp_jul
15,5219.7632,mp_jul
4,5220.063,mp_jul
3,5220.3628,mp_jul
16,5220.6625,mp_jul
14,5220.9623,mp_jul
14,5221.2621,mp_jul
5,5221.5619,mp_jul
3,5221.8617,mp_jul
13,5222.1615,mp_jul
14,5222.4613,mp_jul
20,5222.761,mp_jul
20,5223.0609,mp_jul
20,5223.3606,mp_jul
20,5223.6604,mp_jul
7,5223.9602,mp_jul
20,5224.26,mp_jul
3,5224.5598,mp_jul
3,5224.8596,mp_jul
5,5225.1593,mp_jul
1,5225.4592,mp_jul
11,5225.7589,mp_jul
4,5226.0587,mp_jul
11,5226.3585,mp_jul
2,5226.6583,mp_jul
2,5226.9581,mp_jul
1,5227.2579,mp_jul
5,5227.5577,mp_jul
3,5227.8574,mp_jul
3,5228.1572,mp_jul
5,5228.457,mp_jul
20,5228.7568,mp_jul
20,5229.0566,mp_jul
20,5229.3564,mp_jul
3,5229.6562,mp_jul
3,5229.9559,mp_jul
1,5230.2558,mp_jul
5,5230.5555,mp_jul
5,5230.8553,mp_jul
5,5231.155,mp_jul
3,5231.4549,mp_jul
18,5231.7546,mp_jul
18,5232.0544,mp_jul
22,5232.3542,mp_jul
22,5232.654,mp_jul
22,5232.9538,mp_jul
14,5233.2536,mp_jul
3,5233.5534,mp_jul
5,5233.8532,mp_jul
20,5234.1529,mp_jul
14,5234.4528,mp_jul
16,5234.7525,mp_jul
16,5235.0523,mp_jul
5,5235.3521,mp_jul
6,5235.6519,mp_jul
20,5235.9517,mp_jul
14,5236.2514,mp_jul
20,5236.5512,mp_jul
20,5236.8511,mp_jul
3,5237.1508,mp_jul
5,5237.4506,mp_jul
5,5237.7504,mp_jul
1,5238.0502,mp_jul
4,5238.35,mp_jul
5,5238.6498,mp_jul
5,5238.9496,mp_jul
6,5239.2493,mp_jul
6,5239.5492,mp_jul
3,5239.8489,mp_jul
20,5240.1486,mp_jul
6,5240.4484,mp_jul
2,5240.7483,mp_jul
2,5241.048,mp_jul
6,5241.3479,mp_jul
7,5241.6476,mp_jul
7,5241.9474,mp_jul
20,5242.2472,mp_jul
20,5242.547,mp_jul
20,5242.8468,mp_jul
20,5243.1465,mp_jul
20,5243.4464,mp_jul
20,5243.7461,mp_jul
17,5244.0459,mp_jul
17,5244.3457,mp_jul
5,5244.648,mp_jul
3,5245.245,mp_jul
18,5245.5449,mp_jul
18,5245.8446,mp_jul
18,5246.1444,mp_jul
18,5246.4442,mp_jul
15,5246.744,mp_jul
7,5247.0438,mp_jul
15,5247.3436,mp_jul
4,5247.6433,mp_jul
10,5247.9431,mp_jul
10,5248.2429,mp_jul
6,5248.5427,mp_jul
3,5248.8425,mp_jul
3,5249.1423,mp_jul
1,5249.442,mp_jul
16,5249.7419,mp_jul
5,5250.0416,mp_jul
5,5250.3414,mp_jul
11,5250.6412,mp_jul
11,5250.941,mp_jul
4,5251.2408,mp_jul
6,5251.5406,mp_jul
6,5251.8404,mp_jul
6,5252.1402,mp_jul
6,5252.4399,mp_jul
6,5252.7397,mp_jul
6,5253.0395,mp_jul
6,5253.3393,mp_jul
10,5253.6391,mp_jul
6,5253.9389,mp_jul
6,5254.2386,mp_jul
6,5254.5385,mp_jul
6,5254.8383,mp_jul
6,5255.138,mp_jul
20,5255.4378,mp_jul
20,5255.7375,mp_jul
6,5256.0374,mp_jul
6,5256.3372,mp_jul
6,5256.637,mp_jul
6,5256.9368,mp_jul
6,5257.2365,mp_jul
10,5257.5364,mp_jul
10,5257.836,mp_jul
10,5258.1359,mp_jul
6,5258.4356,mp_jul
6,5258.7355,mp_jul
5,5259.0352,mp_jul
20,5259.335,mp_jul
20,5259.6348,mp_jul
20,5259.9346,mp_jul
3,5260.2343,mp_jul
17,5260.5341,mp_jul
1,5260.834,mp_jul
5,5261.1337,mp_jul
14,5261.4335,mp_jul
14,5261.7333,mp_jul
25,5262.0331,mp_jul
1,5262.3329,mp_jul
1,5262.6327,mp_jul
1,5262.9324,mp_jul
25,5263.2323,mp_jul
3,5263.532,mp_jul
4,5263.8318,mp_jul
4,5264.1316,mp_jul
2,5264.4314,mp_jul
4,5264.7312,mp_jul
10,5265.0309,mp_jul
6,5265.6305,mp_jul
10,5265.9303,mp_jul
6,5266.2301,mp_jul
10,5266.5299,mp_jul
20,5266.8297,mp_jul
20,5267.1294,mp_jul
16,5267.4292,mp_jul
14,5267.729,mp_jul
20,5268.0288,mp_jul
25,5268.3286,mp_jul
25,5268.6284,mp_jul
16,5268.9282,mp_jul
11,5269.2279,mp_jul
11,5269.5277,mp_jul
1,5269.8275,mp_jul
5,5270.1273,mp_jul
1,5270.4271,mp_jul
1,5270.7269,mp_jul
4,5271.0267,mp_jul
2,5271.3265,mp_jul
2,5271.6263,mp_jul
6,5271.926,mp_jul
6,5272.2259,mp_jul
6,5272.5256,mp_jul
6,5272.8254,mp_jul
6,5273.1252,mp_jul
10,5273.425,mp_jul
3,5273.7248,mp_jul
14,5274.0245,mp_jul
5,5274.3244,mp_jul
1,5274.6242,mp_jul
1,5274.9239,mp_jul
12,5275.2237,mp_jul
5,5275.5235,mp_jul
5,5275.8233,mp_jul
11,5276.123,mp_jul
11,5276.4228,mp_jul
11,5276.7226,mp_jul
1,5277.0224,mp_jul
1,5277.3222,mp_jul
5,5277.622,mp_jul
1,5277.9218,mp_jul
1,5278.2215,mp_jul
3,5278.5213,mp_jul
1,5278.8212,mp_jul
1,5279.121,mp_jul
6,5279.4207,mp_jul
7,5279.7205,mp_jul
17,5280.0203,mp_jul
1,5280.3201,mp_jul
14,5280.6198,mp_jul
25,5280.9197,mp_jul
24,5281.2194,mp_jul
20,5281.5192,mp_jul
10,5281.819,mp_jul
6,5282.1188,mp_jul
6,5282.4186,mp_jul
7,5282.7184,mp_jul
2,5283.0181,mp_jul
12,5283.3179,mp_jul
4,5283.6177,mp_jul
10,5283.9175,mp_jul
6,5284.2172,mp_jul
6,5284.517,mp_jul
12,5284.8169,mp_jul
2,5285.1167,mp_jul
5,5285.4165,mp_jul
3,5285.7162,mp_jul
14,5286.016,mp_jul
5,5286.3158,mp_jul
2,5286.6156,mp_jul
2,5286.9154,mp_jul
10,5287.2152,mp_jul
3,5287.5149,mp_jul
25,5287.8148,mp_jul
7,5288.1145,mp_jul
5,5288.4143,mp_jul
5,5288.7141,mp_jul
1,5289.0139,mp_jul
18,5289.3136,mp_jul
18,5289.6134,mp_jul
3,5289.9132,mp_jul
15,5290.213,mp_jul
15,5290.5128,mp_jul
15,5290.8125,mp_jul
4,5291.1124,mp_jul
12,5291.4122,mp_jul
1,5291.712,mp_jul
1,5292.0117,mp_jul
5,5292.3116,mp_jul
1,5292.6113,mp_jul
1,5292.9111,mp_jul
5,5293.2109,mp_jul
16,5293.5107,mp_jul
14,5293.8105,mp_jul
1,5294.1102,mp_jul
5,5294.41,mp_jul
11,5294.7099,mp_jul
1,5295.0096,mp_jul
3,5295.3094,mp_jul
16,5295.6092,mp_jul
25,5295.909,mp_jul
14,5296.2088,mp_jul
14,5296.5085,mp_jul
14,5296.8083,mp_jul
14,5297.1081,mp_jul
14,5297.4079,mp_jul
1,5297.7077,mp_jul
4,5298.0075,mp_jul
2,5298.3073,mp_jul
12,5298.607,mp_jul
12,5298.9068,mp_jul
12,5299.2066,mp_jul
12,5299.5064,mp_jul
7,5299.8062,mp_jul
11,5300.106,mp_jul
1,5300.4058,mp_jul
5,5300.7055,mp_jul
3,5301.0053,mp_jul
5,5301.3051,mp_jul
5,5301.6049,mp_jul
1,5301.9047,mp_jul
3,5302.2044,mp_jul
5,5302.5043,mp_jul
14,5302.804,mp_jul
14,5303.1038,mp_jul
14,5303.4036,mp_jul
5,5303.7034,mp_jul
11,5304.0032,mp_jul
5,5304.3029,mp_jul
16,5304.6028,mp_jul
3,5304.9026,mp_jul
1,5305.2023,mp_jul
5,5305.5022,mp_jul
5,5305.802,mp_jul
3,5306.1017,mp_jul
14,5306.4015,mp_jul
5,5306.7013,mp_jul
14,5307.0011,mp_jul
5,5307.3009,mp_jul
20,5307.6006,mp_jul
20,5307.9004,mp_jul
20,5308.2003,mp_jul
14,5308.5,mp_jul
3,5308.7998,mp_jul
1,5309.0996,mp_jul
1,5309.3993,mp_jul
15,5309.6992,mp_jul
15,5309.999,mp_jul
2,5310.2987,mp_jul
18,5310.5985,mp_jul
18,5310.8983,mp_jul
22,5311.1981,mp_jul
22,5311.4979,mp_jul
16,5311.7977,mp_jul
5,5312.0975,mp_jul
20,5312.3972,mp_jul
20,5312.697,mp_jul
5,5312.9968,mp_jul
10,5313.2966,mp_jul
10,5313.5964,mp_jul
10,5313.8961,mp_jul
6,5314.1959,mp_jul
6,5314.4958,mp_jul
6,5314.7955,mp_jul
6,5315.0953,mp_jul
6,5315.3951,mp_jul
10,5315.6949,mp_jul
6,5315.9947,mp_jul
12,5316.2945,mp_jul
12,5316.5943,mp_jul
3,5316.894,mp_jul
1,5317.1938,mp_jul
15,5317.4936,mp_jul
15,5317.7933,mp_jul
11,5318.0932,mp_jul
2,5318.3929,mp_jul
4,5318.6927,mp_jul
4,5318.9925,mp_jul
2,5319.2924,mp_jul
15,5319.5921,mp_jul
15,5319.8919,mp_jul
15,5320.1916,mp_jul
2,5320.4915,mp_jul
15,5320.7913,mp_jul
15,5321.091,mp_jul
15,5321.3908,mp_jul
15,5321.6906,mp_jul
15,5321.9904,mp_jul
4,5322.2901,mp_jul
4,5322.59,mp_jul
4,5322.8898,mp_jul
4,5323.1895,mp_jul
4,5323.4893,mp_jul
4,5323.7891,mp_jul
2,5324.0889,mp_jul
14,5324.3887,mp_jul
16,5324.6885,mp_jul
24,5324.9883,mp_jul
24,5325.288,mp_jul
14,5325.5878,mp_jul
20,5325.8876,mp_jul
20,5326.1874,mp_jul
20,5326.4872,mp_jul
16,5326.7869,mp_jul
20,5327.0868,mp_jul
14,5327.3866,mp_jul
20,5327.6864,mp_jul
20,5327.9861,mp_jul
20,5328.2859,mp_jul
20,5328.5857,mp_jul
20,5328.8855,mp_jul
24,5329.1853,mp_jul
1,5329.4851,mp_jul
10,5329.7848,mp_jul
10,5330.0846,mp_jul
3,5330.3844,mp_jul
3,5330.6842,mp_jul
25,5330.984,mp_jul
21,5331.2838,mp_jul
8,5331.5836,mp_jul
14,5331.8834,mp_jul
5,5332.1832,mp_jul
1,5332.4829,mp_jul
3,5332.7828,mp_jul
3,5333.0825,mp_jul
14,5333.3823,mp_jul
3,5333.6821,mp_jul
7,5333.9818,mp_jul
20,5334.2817,mp_jul
20,5334.5814,mp_jul
20,5334.8812,mp_jul
20,5335.181,mp_jul
20,5335.4808,mp_jul
20,5335.7806,mp_jul
20,5336.0804,mp_jul
3,5336.3802,mp_jul
5,5336.68,mp_jul
7,5336.9797,mp_jul
3,5337.2795,mp_jul
3,5337.5793,mp_jul
11,5337.8791,mp_jul
5,5338.1789,mp_jul
2,5338.4787,mp_jul
5,5338.7785,mp_jul
5,5339.0782,mp_jul
3,5339.378,mp_jul
14,5339.6778,mp_jul
5,5339.9776,mp_jul
20,5340.2774,mp_jul
20,5340.5772,mp_jul
3,5340.877,mp_jul
1,5341.1767,mp_jul
7,5341.4765,mp_jul
1,5341.7763,mp_jul
5,5342.0762,mp_jul
5,5342.3759,mp_jul
14,5342.6757,mp_jul
3,5342.9755,mp_jul
3,5343.2752,mp_jul
18,5343.575,mp_jul
7,5343.8748,mp_jul
3,5344.1746,mp_jul
1,5344.4744,mp_jul
3,5344.7742,mp_jul
5,5345.0739,mp_jul
1,5345.3738,mp_jul
7,5345.6736,mp_jul
7,5345.9733,mp_jul
6,5346.2731,mp_jul
7,5346.5729,mp_jul
2,5346.8727,mp_jul
2,5347.1725,mp_jul
15,5347.4723,mp_jul
15,5347.7721,mp_jul
15,5348.0718,mp_jul
4,5348.3716,mp_jul
4,5348.6714,mp_jul
10,5348.9712,mp_jul
20,5349.271,mp_jul
16,5349.5708,mp_jul
3,5349.8705,mp_jul
3,5350.1703,mp_jul
11,5350.4701,mp_jul
1,5350.7699,mp_jul
5,5351.0697,mp_jul
1,5351.3695,mp_jul
3,5351.6693,mp_jul
5,5351.9691,mp_jul
11,5352.2688,mp_jul
1,5352.5686,mp_jul
3,5352.8684,mp_jul
1,5353.1682,mp_jul
4,5353.468,mp_jul
12,5353.7677,mp_jul
12,5354.0675,mp_jul
12,5354.3673,mp_jul
12,5354.6672,mp_jul
5,5354.9669,mp_jul
3,5355.2667,mp_jul
11,5355.5665,mp_jul
11,5355.8663,mp_jul
2,5356.166,mp_jul
16,5356.4659,mp_jul
11,5356.7656,mp_jul
4,5357.0654,mp_jul
4,5357.3652,mp_jul
1,5357.665,mp_jul
12,5357.9648,mp_jul
7,5358.2646,mp_jul
11,5358.5644,mp_jul
5,5358.8642,mp_jul
5,5359.1639,mp_jul
11,5359.4637,mp_jul
1,5359.7635,mp_jul
5,5360.0633,mp_jul
14,5360.3631,mp_jul
3,5360.6629,mp_jul
3,5360.9626,mp_jul
3,5361.2624,mp_jul
16,5361.5622,mp_jul
14,5361.862,mp_jul
5,5362.1618,mp_jul
12,5362.4616,mp_jul
2,5362.7614,mp_jul
12,5363.0612,mp_jul
7,5363.3609,mp_jul
15,5363.6607,mp_jul
15,5363.9605,mp_jul
4,5364.2603,mp_jul
10,5364.5601,mp_jul
10,5364.8599,mp_jul
10,5365.1596,mp_jul
6,5365.4595,mp_jul
6,5365.7592,mp_jul
10,5366.059,mp_jul
2,5366.3588,mp_jul
6,5366.6586,mp_jul
5,5366.9584,mp_jul
3,5367.2582,mp_jul
14,5367.5579,mp_jul
17,5367.8578,mp_jul
25,5368.1576,mp_jul
3,5368.4573,mp_jul
3,5368.7571,mp_jul
14,5369.0569,mp_jul
3,5369.3566,mp_jul
1,5369.6564,mp_jul
5,5369.9562,mp_jul
5,5370.256,mp_jul
3,5370.5558,mp_jul
5,5370.8556,mp_jul
5,5371.1554,mp_jul
10,5371.4552,mp_jul
5,5371.755,mp_jul
2,5372.0547,mp_jul
6,5372.3545,mp_jul
20,5372.6543,mp_jul
20,5372.9541,mp_jul
14,5373.2539,mp_jul
5,5373.5537,mp_jul
3,5373.8534,mp_jul
16,5374.1533,mp_jul
1,5374.453,mp_jul
1,5374.7528,mp_jul
6,5375.0526,mp_jul
10,5375.3524,mp_jul
6,5375.6522,mp_jul
6,5375.9519,mp_jul
11,5376.2517,mp_jul
3,5376.5515,mp_jul
5,5376.8513,mp_jul
3,5377.151,mp_jul
3,5377.4509,mp_jul
2,5377.7507,mp_jul
11,5378.0504,mp_jul
11,5378.3502,mp_jul
4,5378.65,mp_jul
7,5378.9499,mp_jul
20,5379.2497,mp_jul
20,5379.5494,mp_jul
3,5379.8492,mp_jul
14,5380.149,mp_jul
5,5380.4488,mp_jul
1,5380.7485,mp_jul
2,5381.0484,mp_jul
2,5381.3482,mp_jul
12,5381.6479,mp_jul
4,5381.9476,mp_jul
10,5382.2475,mp_jul
10,5382.5473,mp_jul
20,5382.847,mp_jul
5,5383.1468,mp_jul
5,5383.4466,mp_jul
5,5383.7464,mp_jul
5,5384.0462,mp_jul
3,5384.346,mp_jul
5,5384.6458,mp_jul
11,5384.9456,mp_jul
11,5385.2453,mp_jul
3,5385.5451,mp_jul
14,5385.8449,mp_jul
5,5386.1446,mp_jul
3,5386.4445,mp_jul
14,5386.7442,mp_jul
16,5387.044,mp_jul
3,5387.3438,mp_jul
5,5387.6436,mp_jul
1,5387.9434,mp_jul
14,5388.2432,mp_jul
16,5388.543,mp_jul
5,5388.8428,mp_jul
5,5389.1425,mp_jul
3,5389.4423,mp_jul
3,5389.7421,mp_jul
5,5390.0419,mp_jul
14,5390.3417,mp_jul
5,5390.6415,mp_jul
16,5390.9412,mp_jul
14,5391.2411,mp_jul
14,5391.5408,mp_jul
5,5391.8406,mp_jul
3,5392.1404,mp_jul
3,5392.4402,mp_jul
16,5392.74,mp_jul
14,5393.0398,mp_jul
2,5393.3395,mp_jul
16,5393.6393,mp_jul
3,5393.939,mp_jul
1,5394.2389,mp_jul
1,5394.5387,mp_jul
2,5394.8385,mp_jul
2,5395.1383,mp_jul
5,5395.438,mp_jul
5,5395.7378,mp_jul
5,5396.0376,mp_jul
2,5396.3374,mp_jul
11,5396.6372,mp_jul
7,5396.937,mp_jul
7,5397.2367,mp_jul
2,5397.5365,mp_jul
4,5397.8363,mp_jul
4,5398.1361,mp_jul
11,5398.4359,mp_jul
14,5398.7356,mp_jul
16,5399.0355,mp_jul
3,5399.3352,mp_jul
11,5399.635,mp_jul
11,5399.9348,mp_jul
3,5400.2346,mp_jul
1,5400.5344,mp_jul
3,5400.8341,mp_jul
18,5401.1339,mp_jul
11,5401.4337,mp_jul
11,5401.7335,mp_jul
4,5402.0333,mp_jul
4,5402.3331,mp_jul
2,5402.6329,mp_jul
12,5402.9326,mp_jul
12,5403.2324,mp_jul
12,5403.5322,mp_jul
13,5403.832,mp_jul
8,5404.1318,mp_jul
12,5404.4316,mp_jul
12,5404.7314,mp_jul
14,5405.0312,mp_jul
14,5405.3309,mp_jul
3,5405.6307,mp_jul
5,5405.9305,mp_jul
14,5406.2303,mp_jul
14,5406.53,mp_jul
3,5406.8298,mp_jul
1,5407.1297,mp_jul
11,5407.4294,mp_jul
4,5407.7292,mp_jul
1,5408.029,mp_jul
2,5408.3288,mp_jul
7,5408.6286,mp_jul
5,5408.9283,mp_jul
5,5409.2281,mp_jul
5,5409.528,mp_jul
5,5409.8277,mp_jul
3,5410.1275,mp_jul
16,5410.4273,mp_jul
17,5410.7271,mp_jul
13,5411.0268,mp_jul
1,5411.3267,mp_jul
17,5411.6264,mp_jul
1,5411.9262,mp_jul
5,5412.226,mp_jul
16,5412.5258,mp_jul
2,5413.1253,mp_jul
5,5413.4252,mp_jul
14,5413.7249,mp_jul
1,5414.0247,mp_jul
3,5414.3244,mp_jul
5,5414.6243,mp_jul
16,5414.924,mp_jul
5,5415.2238,mp_jul
3,5415.5236,mp_jul
16,5415.8234,mp_jul
14,5416.1232,mp_jul
5,5416.423,mp_jul
3,5416.7227,mp_jul
14,5417.0226,mp_jul
2,5417.3223,mp_jul
11,5417.6221,mp_jul
3,5417.922,mp_jul
5,5418.2217,mp_jul
3,5418.5215,mp_jul
5,5418.8213,mp_jul
3,5419.121,mp_jul
3,5419.4208,mp_jul
18,5419.7205,mp_jul
25,5420.0204,mp_jul
25,5420.3202,mp_jul
25,5420.6199,mp_jul
18,5420.9197,mp_jul
5,5421.2195,mp_jul
5,5421.5193,mp_jul
7,5421.8191,mp_jul
1,5422.1189,mp_jul
2,5422.4187,mp_jul
17,5422.7184,mp_jul
13,5423.0182,mp_jul
13,5423.318,mp_jul
13,5423.6178,mp_jul
12,5423.9176,mp_jul
12,5424.2173,mp_jul
15,5424.5171,mp_jul
15,5424.8169,mp_jul
2,5425.1167,mp_jul
3,5425.4165,mp_jul
14,5425.7163,mp_jul
3,5426.0161,mp_jul
5,5426.3158,mp_jul
16,5426.6156,mp_jul
3,5426.9154,mp_jul
3,5427.2152,mp_jul
3,5427.515,mp_jul
5,5427.8148,mp_jul
1,5428.1146,mp_jul
11,5428.4143,mp_jul
3,5428.7141,mp_jul
14,5429.0139,mp_jul
14,5429.3137,mp_jul
14,5429.6135,mp_jul
25,5429.9132,mp_jul
25,5430.213,mp_jul
14,5430.5129,mp_jul
17,5430.8126,mp_jul
7,5431.1124,mp_jul
3,5431.4122,mp_jul
5,5431.712,mp_jul
14,5432.0117,mp_jul
14,5432.3116,mp_jul
14,5432.6113,mp_jul
14,5432.9111,mp_jul
25,5433.2108,mp_jul
26,5433.5107,mp_jul
26,5433.8105,mp_jul
25,5434.1102,mp_jul
18,5434.41,mp_jul
18,5434.7098,mp_jul
18,5435.0096,mp_jul
1,5435.3094,mp_jul
2,5435.6092,mp_jul
12,5435.909,mp_jul
12,5436.2087,mp_jul
2,5436.5086,mp_jul
12,5436.8084,mp_jul
12,5437.1081,mp_jul
12,5437.4079,mp_jul
12,5437.7077,mp_jul
8,5438.0075,mp_jul
7,5438.3073,mp_jul
12,5438.607,mp_jul
12,5438.9068,mp_jul
7,5439.2066,mp_jul
12,5439.5064,mp_jul
1,5439.8062,mp_jul
14,5440.1059,mp_jul
14,5440.4058,mp_jul
14,5440.7055,mp_jul
21,5441.0053,mp_jul
26,5441.3051,mp_jul
14,5441.6049,mp_jul
14,5441.9047,mp_jul
3,5442.2044,mp_jul
1,5442.5043,mp_jul
1,5442.804,mp_jul
12,5443.1038,mp_jul
13,5443.4036,mp_jul
13,5443.7034,mp_jul
8,5444.0032,mp_jul
7,5444.3029,mp_jul
2,5444.6028,mp_jul
1,5444.9026,mp_jul
12,5445.2023,mp_jul
2,5445.5021,mp_jul
2,5445.8019,mp_jul
11,5446.1017,mp_jul
14,5446.4015,mp_jul
25,5446.7012,mp_jul
1,5447.0011,mp_jul
3,5447.3008,mp_jul
16,5447.6005,mp_jul
5,5447.9004,mp_jul
5,5448.2002,mp_jul
5,5448.4999,mp_jul
5,5448.7997,mp_jul
8,5449.0995,mp_jul
17,5449.3993,mp_jul
5,5449.6991,mp_jul
1,5449.9989,mp_jul
1,5450.2987,mp_jul
11,5450.5985,mp_jul
15,5450.8982,mp_jul
15,5451.198,mp_jul
11,5451.4978,mp_jul
15,5451.7976,mp_jul
15,5452.0974,mp_jul
15,5452.3972,mp_jul
15,5452.697,mp_jul
15,5452.9967,mp_jul
15,5453.2965,mp_jul
15,5453.5963,mp_jul
15,5453.896,mp_jul
15,5454.1958,mp_jul
15,5454.4956,mp_jul
15,5454.7955,mp_jul
15,5455.0952,mp_jul
15,5455.395,mp_jul
15,5455.6948,mp_jul
15,5455.9946,mp_jul
15,5456.2944,mp_jul
15,5456.5942,mp_jul
15,5456.894,mp_jul
15,5457.1937,mp_jul
15,5457.4935,mp_jul
4,5457.7932,mp_jul
4,5458.0931,mp_jul
4,5458.3929,mp_jul
10,5458.6927,mp_jul
6,5458.9924,mp_jul
6,5459.2923,mp_jul
2,5459.592,mp_jul
15,5459.8918,mp_jul
15,5460.1916,mp_jul
15,5460.4914,mp_jul
22,5460.7912,mp_jul
22,5461.091,mp_jul
25,5461.3908,mp_jul
25,5461.6905,mp_jul
22,5461.9903,mp_jul
14,5462.2901,mp_jul
14,5462.5899,mp_jul
3,5462.8896,mp_jul
15,5463.1895,mp_jul
1,5463.4892,mp_jul
18,5463.7891,mp_jul
18,5464.0888,mp_jul
18,5464.3886,mp_jul
3,5464.6884,mp_jul
17,5464.9882,mp_jul
8,5465.288,mp_jul
17,5465.5877,mp_jul
18,5465.8875,mp_jul
1,5466.1873,mp_jul
12,5466.487,mp_jul
7,5466.7869,mp_jul
7,5467.0867,mp_jul
15,5467.3865,mp_jul
22,5467.6862,mp_jul
22,5467.986,mp_jul
18,5468.2858,mp_jul
18,5468.5856,mp_jul
5,5468.8854,mp_jul
11,5469.1852,mp_jul
15,5469.485,mp_jul
3,5469.7848,mp_jul
3,5470.0845,mp_jul
14,5470.3843,mp_jul
20,5470.6841,mp_jul
20,5470.9839,mp_jul
16,5471.2837,mp_jul
14,5471.5834,mp_jul
16,5471.8832,mp_jul
14,5472.1831,mp_jul
14,5472.4828,mp_jul
20,5472.7826,mp_jul
20,5473.0824,mp_jul
8,5473.3822,mp_jul
6,5473.682,mp_jul
1,5473.9818,mp_jul
10,5474.2815,mp_jul
3,5474.5813,mp_jul
3,5474.8811,mp_jul
1,5475.1809,mp_jul
1,5475.4807,mp_jul
11,5475.7804,mp_jul
5,5476.0803,mp_jul
25,5476.3801,mp_jul
14,5476.6798,mp_jul
14,5476.9796,mp_jul
25,5477.2794,mp_jul
8,5477.5791,mp_jul
25,5477.879,mp_jul
14,5478.1788,mp_jul
3,5478.4785,mp_jul
3,5478.7783,mp_jul
5,5479.0781,mp_jul
3,5479.3779,mp_jul
11,5479.6777,mp_jul
4,5479.9775,mp_jul
1,5480.2772,mp_jul
12,5480.577,mp_jul
5,5480.8768,mp_jul
14,5481.1767,mp_jul
18,5481.4764,mp_jul
22,5481.7762,mp_jul
5,5482.076,mp_jul
1,5482.3757,mp_jul
2,5482.6756,mp_jul
11,5482.9753,mp_jul
1,5483.2751,mp_jul
5,5483.5749,mp_jul
11,5483.8747,mp_jul
1,5484.1745,mp_jul
1,5484.4743,mp_jul
1,5484.7741,mp_jul
3,5485.0738,mp_jul
11,5485.3736,mp_jul
1,5485.6734,mp_jul
1,5485.9732,mp_jul
7,5486.273,mp_jul
1,5486.5727,mp_jul
11,5486.8725,mp_jul
4,5487.1724,mp_jul
12,5487.4721,mp_jul
12,5487.7719,mp_jul
2,5488.0717,mp_jul
2,5488.3715,mp_jul
16,5488.6712,mp_jul
5,5488.971,mp_jul
1,5489.2708,mp_jul
5,5489.5706,mp_jul
3,5489.8704,mp_jul
18,5490.1702,mp_jul
22,5490.47,mp_jul
22,5490.7698,mp_jul
22,5491.0695,mp_jul
5,5491.3693,mp_jul
5,5491.6691,mp_jul
14,5491.9688,mp_jul
3,5492.2687,mp_jul
3,5492.5685,mp_jul
1,5492.8683,mp_jul
4,5493.168,mp_jul
12,5493.4678,mp_jul
4,5493.7676,mp_jul
12,5494.0674,mp_jul
5,5494.3672,mp_jul
14,5494.6669,mp_jul
19,5494.9668,mp_jul
24,5495.2665,mp_jul
20,5495.5663,mp_jul
6,5495.8661,mp_jul
6,5496.1659,mp_jul
20,5496.4657,mp_jul
20,5496.7655,mp_jul
7,5497.0652,mp_jul
1,5497.3651,mp_jul
10,5497.6648,mp_jul
5,5497.9646,mp_jul
3,5498.2644,mp_jul
16,5498.5642,mp_jul
22,5498.864,mp_jul
15,5499.1687,mp_jul
11,5499.4635,mp_jul
11,5499.7633,mp_jul
11,5500.0631,mp_jul
3,5500.3629,mp_jul
7,5500.6627,mp_jul
8,5500.9624,mp_jul
13,5501.2623,mp_jul
25,5501.562,mp_jul
14,5501.8619,mp_jul
3,5502.1616,mp_jul
1,5502.4614,mp_jul
5,5502.7612,mp_jul
5,5503.061,mp_jul
25,5503.3607,mp_jul
8,5503.6605,mp_jul
3,5503.9603,mp_jul
5,5504.2601,mp_jul
5,5504.5599,mp_jul
3,5504.8597,mp_jul
5,5505.1595,mp_jul
16,5505.4592,mp_jul
16,5505.759,mp_jul
14,5506.0588,mp_jul
3,5506.3586,mp_jul
14,5506.6584,mp_jul
5,5506.9581,mp_jul
11,5507.258,mp_jul
11,5507.5577,mp_jul
1,5507.8575,mp_jul
7,5508.1573,mp_jul
1,5508.4571,mp_jul
3,5508.7569,mp_jul
11,5509.0567,mp_jul
11,5509.3565,mp_jul
4,5509.6562,mp_jul
4,5509.956,mp_jul
4,5510.2558,mp_jul
2,5510.5556,mp_jul
15,5510.8554,mp_jul
15,5511.1552,mp_jul
15,5511.4549,mp_jul
4,5511.7547,mp_jul
4,5512.0545,mp_jul
7,5512.3543,mp_jul
17,5512.654,mp_jul
8,5512.9539,mp_jul
8,5513.2536,mp_jul
6,5513.5534,mp_jul
10,5513.8532,mp_jul
10,5514.153,mp_jul
10,5514.4528,mp_jul
1,5514.7526,mp_jul
14,5515.0523,mp_jul
1,5515.3521,mp_jul
1,5515.6519,mp_jul
16,5515.9517,mp_jul
3,5516.2515,mp_jul
5,5516.5513,mp_jul
11,5516.8511,mp_jul
16,5517.1508,mp_jul
5,5517.4507,mp_jul
14,5517.7505,mp_jul
14,5518.0502,mp_jul
3,5518.35,mp_jul
18,5518.6498,mp_jul
22,5518.9496,mp_jul
5,5519.2494,mp_jul
3,5519.5491,mp_jul
3,5519.8489,mp_jul
5,5520.1487,mp_jul
5,5520.4485,mp_jul
14,5520.7483,mp_jul
5,5521.0481,mp_jul
5,5521.3478,mp_jul
5,5521.6476,mp_jul
5,5521.9474,mp_jul
3,5522.2586,mp_jul
5,5522.547,mp_jul
14,5522.8468,mp_jul
5,5523.1466,mp_jul
3,5523.4463,mp_jul
3,5523.7461,mp_jul
5,5524.0459,mp_jul
3,5524.3457,mp_jul
3,5524.6454,mp_jul
18,5524.9452,mp_jul
17,5525.245,mp_jul
18,5525.5448,mp_jul
18,5525.8446,mp_jul
18,5526.1444,mp_jul
22,5526.4442,mp_jul
18,5526.744,mp_jul
18,5527.0437,mp_jul
25,5527.3435,mp_jul
8,5527.6433,mp_jul
18,5527.9431,mp_jul
25,5528.2429,mp_jul
25,5528.5427,mp_jul
18,5528.8424,mp_jul
18,5529.1422,mp_jul
18,5529.442,mp_jul
18,5529.7418,mp_jul
18,5530.0416,mp_jul
7,5530.3413,mp_jul
18,5530.6411,mp_jul
7,5530.941,mp_jul
25,5531.2406,mp_jul
25,5531.5405,mp_jul
14,5531.8403,mp_jul
25,5532.1401,mp_jul
25,5532.4398,mp_jul
25,5532.7396,mp_jul
18,5533.0394,mp_jul
18,5533.3392,mp_jul
5,5533.639,mp_jul
4,5533.9388,mp_jul
10,5534.2386,mp_jul
6,5534.5383,mp_jul
6,5534.8381,mp_jul
6,5535.1379,mp_jul
6,5535.4377,mp_jul
20,5535.7375,mp_jul
2,5536.0373,mp_jul
2,5536.3371,mp_jul
12,5536.6369,mp_jul
3,5536.9366,mp_jul
14,5537.2364,mp_jul
5,5537.5362,mp_jul
3,5537.836,mp_jul
11,5538.1358,mp_jul
5,5538.4355,mp_jul
18,5538.7353,mp_jul
22,5539.0351,mp_jul
22,5539.3349,mp_jul
18,5539.6347,mp_jul
18,5539.9345,mp_jul
22,5540.2342,mp_jul
18,5540.534,mp_jul
18,5540.8338,mp_jul
18,5541.1335,mp_jul
18,5541.4334,mp_jul
22,5541.7332,mp_jul
11,5542.3327,mp_jul
1,5542.6325,mp_jul
11,5542.9323,mp_jul
15,5543.2321,mp_jul
15,5543.5318,mp_jul
4,5543.8317,mp_jul
5,5544.1315,mp_jul
14,5544.4313,mp_jul
20,5544.731,mp_jul
20,5545.0375,mp_jul
5,5545.3306,mp_jul
3,5545.6304,mp_jul
5,5545.9301,mp_jul
19,5546.8295,mp_jul
5,5547.1293,mp_jul
16,5547.4291,mp_jul
3,5547.7289,mp_jul
5,5548.0286,mp_jul
9,5548.3284,mp_jul
23,5548.6282,mp_jul
23,5548.928,mp_jul
23,5549.2277,mp_jul
23,5549.5276,mp_jul
9,5549.8273,mp_jul
9,5550.1271,mp_jul
9,5550.4269,mp_jul
9,5550.7267,mp_jul
22,5551.0265,mp_jul
19,5551.3263,mp_jul
24,5551.626,mp_jul
20,5551.9258,mp_jul
20,5552.2256,mp_jul
20,5552.541,mp_jul
20,5552.8252,mp_jul
20,5553.125,mp_jul
2,5553.4248,mp_jul
5,5553.7245,mp_jul
10,5554.0243,mp_jul
10,5554.3241,mp_jul
5,5554.6239,mp_jul
5,5554.9237,mp_jul
20,5555.2235,mp_jul
20,5555.5233,mp_jul
6,5555.8231,mp_jul
19,5556.1228,mp_jul
19,5556.4226,mp_jul
19,5556.7224,mp_jul
20,5558.2213,mp_jul
10,5558.5212,mp_jul
20,5558.8209,mp_jul
20,5559.1207,mp_jul
16,5559.4205,mp_jul
16,5559.7203,mp_jul
5,5560.02,mp_jul
5,5560.3198,mp_jul
16,5560.6196,mp_jul
20,5560.9194,mp_jul
19,5561.2192,mp_jul
19,5561.5189,mp_jul
19,5561.8188,mp_jul
20,5562.1185,mp_jul
19,5562.4183,mp_jul
19,5562.718,mp_jul
19,5563.0179,mp_jul
19,5563.3176,mp_jul
19,5563.6174,mp_jul
19,5563.9172,mp_jul
19,5564.217,mp_jul
19,5564.5168,mp_jul
19,5564.8166,mp_jul
19,5565.1164,mp_jul
19,5565.4162,mp_jul
19,5565.7159,mp_jul
19,5566.0157,mp_jul
24,5566.3155,mp_jul
16,5566.6153,mp_jul
19,5566.915,mp_jul
19,5567.2148,mp_jul
19,5567.5147,mp_jul
24,5567.8144,mp_jul
16,5568.1142,mp_jul
3,5568.414,mp_jul
18,5568.7138,mp_jul
18,5569.0135,mp_jul
22,5569.3133,mp_jul
16,5569.6131,mp_jul
3,5569.9129,mp_jul
22,5570.2127,mp_jul
16,5570.5125,mp_jul
16,5570.8123,mp_jul
22,5571.112,mp_jul
14,5571.4118,mp_jul
20,5571.7116,mp_jul
24,5572.0114,mp_jul
19,5572.3112,mp_jul
19,5572.6109,mp_jul
19,5572.9107,mp_jul
19,5573.2105,mp_jul
19,5573.5103,mp_jul
19,5573.8101,mp_jul
19,5574.1099,mp_jul
19,5574.4096,mp_jul
19,5574.7094,mp_jul
19,5575.0092,mp_jul
19,5575.309,mp_jul
19,5575.6088,mp_jul
19,5575.9086,mp_jul
19,5576.2084,mp_jul
19,5576.5081,mp_jul
9,5576.8079,mp_jul
9,5577.1077,mp_jul
9,5577.4075,mp_jul
9,5577.7073,mp_jul
9,5578.007,mp_jul
9,5578.3068,mp_jul
9,5578.6066,mp_jul
9,5578.9064,mp_jul
9,5579.2062,mp_jul
9,5579.506,mp_jul
9,5579.8057,mp_jul
9,5580.1055,mp_jul
9,5580.4053,mp_jul
9,5580.7051,mp_jul
9,5581.0049,mp_jul
9,5581.3047,mp_jul
9,5581.6044,mp_jul
9,5581.9042,mp_jul
9,5582.204,mp_jul
9,5582.5038,mp_jul
9,5582.8036,mp_jul
9,5583.1034,mp_jul
9,5583.4032,mp_jul
9,5583.7029,mp_jul
18,5584.0027,mp_jul
15,5584.3025,mp_jul
15,5584.6023,mp_jul
15,5584.902,mp_jul
2,5585.2019,mp_jul
15,5585.5016,mp_jul
15,5585.8014,mp_jul
15,5586.1012,mp_jul
15,5586.401,mp_jul
15,5586.7007,mp_jul
15,5587.0005,mp_jul
15,5587.3004,mp_jul
16,5587.6001,mp_jul
18,5587.8998,mp_jul
14,5588.1996,mp_jul
14,5588.4994,mp_jul
14,5588.7993,mp_jul
14,5589.099,mp_jul
14,5589.3988,mp_jul
14,5589.6986,mp_jul
18,5589.9983,mp_jul
23,5590.2981,mp_jul
22,5590.5979,mp_jul
22,5590.8977,mp_jul
22,5591.1975,mp_jul
22,5591.4973,mp_jul
14,5591.7971,mp_jul
5,5592.0968,mp_jul
3,5592.3966,mp_jul
16,5592.6964,mp_jul
16,5592.9963,mp_jul
14,5593.296,mp_jul
16,5593.5957,mp_jul
22,5593.8956,mp_jul
9,5594.1954,mp_jul
22,5594.4951,mp_jul
18,5594.7949,mp_jul
22,5595.0947,mp_jul
18,5595.3945,mp_jul
9,5595.6942,mp_jul
9,5595.994,mp_jul
9,5596.2938,mp_jul
9,5596.5936,mp_jul
9,5596.8934,mp_jul
9,5597.1932,mp_jul
9,5597.4929,mp_jul
9,5597.7928,mp_jul
9,5598.0925,mp_jul
9,5598.3923,mp_jul
9,5598.6921,mp_jul
9,5598.9919,mp_jul
9,5599.2916,mp_jul
23,5599.5914,mp_jul
9,5599.8912,mp_jul
23,5600.191,mp_jul
9,5600.4908,mp_jul
23,5600.7906,mp_jul
23,5601.0904,mp_jul
23,5601.3901,mp_jul
9,5601.6899,mp_jul
9,5601.9897,mp_jul
9,5602.2895,mp_jul
9,5602.5892,mp_jul
9,5602.889,mp_jul
9,5603.1889,mp_jul
9,5603.4886,mp_jul
9,5603.7884,mp_jul
9,5604.0882,mp_jul
9,5604.3879,mp_jul
9,5604.6877,mp_jul
23,5604.9875,mp_jul
23,5605.2873,mp_jul
23,5605.5871,mp_jul
9,5605.8869,mp_jul
9,5606.1867,mp_jul
9,5606.4865,mp_jul
9,5606.7862,mp_jul
16,5607.086,mp_jul
16,5607.3858,mp_jul
19,5607.6855,mp_jul
16,5607.9853,mp_jul
19,5608.2851,mp_jul
19,5608.5849,mp_jul
19,5608.8847,mp_jul
16,5609.1845,mp_jul
16,5609.4843,mp_jul
18,5609.7841,mp_jul
22,5610.0838,mp_jul
16,5610.3836,mp_jul
18,5610.6834,mp_jul
22,5610.9832,mp_jul
18,5611.283,mp_jul
22,5611.5827,mp_jul
22,5611.8825,mp_jul
18,5612.1823,mp_jul
18,5612.4821,mp_jul
22,5612.7819,mp_jul
16,5613.0816,mp_jul
22,5613.3814,mp_jul
18,5613.6812,mp_jul
22,5613.981,mp_jul
16,5614.2808,mp_jul
18,5614.5805,mp_jul
22,5614.8803,mp_jul
22,5615.1802,mp_jul
19,5615.4799,mp_jul
16,5615.7797,mp_jul
22,5616.0795,mp_jul
16,5616.3793,mp_jul
16,5616.679,mp_jul
22,5616.9788,mp_jul
16,5617.2787,mp_jul
22,5617.5784,mp_jul
5,5617.8782,mp_jul
2,5618.178,mp_jul
5,5618.4778,mp_jul
20,5618.7776,mp_jul
20,5619.0773,mp_jul
11,5619.3771,mp_jul
10,5619.6769,mp_jul
20,5619.9767,mp_jul
20,5620.2764,mp_jul
16,5620.5763,mp_jul
20,5620.8761,mp_jul
16,5621.1758,mp_jul
5,5621.4756,mp_jul
20,5621.7754,mp_jul
19,5622.0751,mp_jul
16,5622.3749,mp_jul
16,5622.6747,mp_jul
18,5622.9745,mp_jul
22,5623.2743,mp_jul
18,5623.5741,mp_jul
22,5623.8739,mp_jul
16,5624.1737,mp_jul
18,5624.4734,mp_jul
22,5624.7732,mp_jul
14,5625.073,mp_jul
16,5625.3728,mp_jul
16,5625.6725,mp_jul
22,5625.9724,mp_jul
16,5626.2721,mp_jul
16,5626.5719,mp_jul
22,5626.8717,mp_jul
16,5627.1715,mp_jul
16,5627.4713,mp_jul
22,5627.771,mp_jul
22,5628.0708,mp_jul
18,5628.3706,mp_jul
22,5628.6704,mp_jul
22,5628.9702,mp_jul
16,5629.27,mp_jul
18,5629.5697,mp_jul
22,5629.8695,mp_jul
14,5630.1693,mp_jul
16,5630.4691,mp_jul
16,5630.7689,mp_jul
18,5631.0686,mp_jul
2,5631.3684,mp_jul
3,5631.6682,mp_jul
5,5631.968,mp_jul
2,5632.2678,mp_jul
12,5632.5676,mp_jul
12,5632.8674,mp_jul
1,5633.1672,mp_jul
3,5633.467,mp_jul
14,5633.7667,mp_jul
25,5634.0665,mp_jul
26,5634.3663,mp_jul
25,5634.6661,mp_jul
22,5634.9659,mp_jul
22,5635.2657,mp_jul
22,5635.5654,mp_jul
16,5635.8652,mp_jul
16,5636.165,mp_jul
16,5636.4648,mp_jul
16,5636.7646,mp_jul
16,5637.0644,mp_jul
19,5637.3642,mp_jul
16,5637.6639,mp_jul
16,5637.9637,mp_jul
24,5638.2635,mp_jul
16,5638.5633,mp_jul
20,5638.863,mp_jul
24,5639.1628,mp_jul
24,5639.4626,mp_jul
19,5639.7624,mp_jul
19,5640.0622,mp_jul
16,5640.362,mp_jul
16,5640.6618,mp_jul
22,5640.9616,mp_jul
16,5641.2613,mp_jul
22,5641.5611,mp_jul
22,5642.1607,mp_jul
18,5642.4605,mp_jul
22,5642.7603,mp_jul
18,5643.06,mp_jul
18,5643.3598,mp_jul
23,5643.6596,mp_jul
23,5643.9594,mp_jul
22,5644.2592,mp_jul
22,5644.5589,mp_jul
16,5644.8587,mp_jul
19,5645.1585,mp_jul
19,5645.4583,mp_jul
19,5645.7581,mp_jul
16,5646.0579,mp_jul
20,5646.3577,mp_jul
19,5646.6574,mp_jul
19,5646.9572,mp_jul
22,5647.257,mp_jul
16,5647.5568,mp_jul
16,5647.8566,mp_jul
16,5648.1564,mp_jul
16,5648.4562,mp_jul
18,5648.756,mp_jul
22,5649.0557,mp_jul
18,5649.3555,mp_jul
22,5649.6553,mp_jul
16,5649.9551,mp_jul
22,5650.2548,mp_jul
14,5650.5547,mp_jul
16,5650.8544,mp_jul
16,5651.1542,mp_jul
22,5651.454,mp_jul
19,5651.7538,mp_jul
24,5652.0536,mp_jul
19,5652.3533,mp_jul
16,5652.6532,mp_jul
20,5652.9529,mp_jul
24,5653.2527,mp_jul
16,5653.5525,mp_jul
20,5653.8523,mp_jul
6,5654.1521,mp_jul
2,5654.4519,mp_jul
16,5654.7516,mp_jul
3,5655.0514,mp_jul
3,5655.3512,mp_jul
5,5655.651,mp_jul
7,5655.9508,mp_jul
2,5656.2506,mp_jul
14,5656.5504,mp_jul
16,5656.8501,mp_jul
5,5657.1499,mp_jul
5,5657.4497,mp_jul
15,5657.7495,mp_jul
12,5658.0492,mp_jul
15,5658.3491,mp_jul
22,5658.6489,mp_jul
22,5658.9486,mp_jul
25,5659.2484,mp_jul
21,5659.5482,mp_jul
25,5659.8479,mp_jul
14,5660.1478,mp_jul
14,5660.4475,mp_jul
16,5660.7474,mp_jul
16,5661.0471,mp_jul
14,5661.3468,mp_jul
16,5661.6467,mp_jul
16,5661.9465,mp_jul
19,5662.2463,mp_jul
19,5662.546,mp_jul
16,5662.8458,mp_jul
14,5663.1456,mp_jul
16,5663.4454,mp_jul
22,5663.7452,mp_jul
19,5664.045,mp_jul
19,5664.3448,mp_jul
16,5664.6445,mp_jul
14,5664.9444,mp_jul
14,5665.2441,mp_jul
19,5665.5438,mp_jul
16,5665.8437,mp_jul
16,5666.1434,mp_jul
16,5666.4433,mp_jul
16,5666.743,mp_jul
9,5667.0428,mp_jul
9,5667.3426,mp_jul
9,5667.6424,mp_jul
9,5667.9421,mp_jul
9,5668.2419,mp_jul
23,5668.5417,mp_jul
23,5668.8415,mp_jul
23,5669.1413,mp_jul
23,5669.4411,mp_jul
23,5669.7409,mp_jul
23,5670.0406,mp_jul
23,5670.3404,mp_jul
23,5670.6402,mp_jul
22,5670.94,mp_jul
22,5671.2398,mp_jul
18,5671.5396,mp_jul
22,5671.8394,mp_jul
18,5672.1391,mp_jul
18,5672.439,mp_jul
22,5672.7387,mp_jul
22,5673.0385,mp_jul
22,5673.3383,mp_jul
22,5673.6381,mp_jul
18,5673.9379,mp_jul
23,5674.2376,mp_jul
23,5674.5374,mp_jul
23,5674.8372,mp_jul
22,5675.137,mp_jul
23,5675.4368,mp_jul
25,5675.7365,mp_jul
9,5676.0363,mp_jul
16,5676.3362,mp_jul
22,5676.6359,mp_jul
16,5676.9357,mp_jul
16,5677.2356,mp_jul
22,5677.5353,mp_jul
22,5677.835,mp_jul
16,5678.1349,mp_jul
16,5678.4346,mp_jul
16,5678.7345,mp_jul
14,5679.0342,mp_jul
18,5679.334,mp_jul
22,5679.6338,mp_jul
18,5679.9336,mp_jul
18,5680.2333,mp_jul
22,5680.5331,mp_jul
3,5680.8329,mp_jul
18,5681.1327,mp_jul
22,5681.4325,mp_jul
5,5681.7323,mp_jul
3,5682.0321,mp_jul
5,5682.3318,mp_jul
16,5682.6316,mp_jul
3,5682.9314,mp_jul
22,5683.2312,mp_jul
22,5683.531,mp_jul
3,5683.8308,mp_jul
22,5684.1306,mp_jul
22,5684.4303,mp_jul
22,5684.7302,mp_jul
20,5685.03,mp_jul
16,5685.3297,mp_jul
14,5685.6294,mp_jul
14,5685.9292,mp_jul
18,5686.2291,mp_jul
18,5686.5288,mp_jul
22,5686.8286,mp_jul
18,5687.1284,mp_jul
18,5687.4281,mp_jul
18,5687.728,mp_jul
18,5688.0278,mp_jul
18,5688.3276,mp_jul
18,5688.6274,mp_jul
18,5688.9271,mp_jul
18,5689.2269,mp_jul
18,5689.5267,mp_jul
18,5689.8265,mp_jul
18,5690.1262,mp_jul
18,5690.4261,mp_jul
8,5690.7258,mp_jul
8,5691.0257,mp_jul
22,5691.3254,mp_jul
18,5691.6252,mp_jul
18,5691.925,mp_jul
18,5692.2247,mp_jul
18,5692.5246,mp_jul
18,5692.8243,mp_jul
18,5693.1241,mp_jul
18,5693.4239,mp_jul
1,5693.7237,mp_jul
16,5694.0235,mp_jul
24,5694.3233,mp_jul
24,5694.623,mp_jul
16,5694.9228,mp_jul
16,5695.2226,mp_jul
18,5695.5224,mp_jul
18,5695.8222,mp_jul
3,5696.122,mp_jul
5,5696.4218,mp_jul
14,5696.7216,mp_jul
18,5697.0213,mp_jul
18,5697.3211,mp_jul
22,5697.6209,mp_jul
22,5697.9207,mp_jul
18,5698.2205,mp_jul
22,5698.5202,mp_jul
22,5698.8201,mp_jul
18,5699.1198,mp_jul
22,5699.4196,mp_jul
16,5699.7194,mp_jul
18,5700.0192,mp_jul
22,5700.319,mp_jul
22,5700.6188,mp_jul
22,5700.9186,mp_jul
16,5701.2184,mp_jul
18,5701.5182,mp_jul
22,5701.818,mp_jul
14,5702.1177,mp_jul
14,5702.4175,mp_jul
16,5702.7172,mp_jul
18,5703.0171,mp_jul
22,5703.3169,mp_jul
14,5703.6166,mp_jul
14,5703.9164,mp_jul
18,5704.2162,mp_jul
22,5704.516,mp_jul
22,5704.8158,mp_jul
14,5705.1156,mp_jul
16,5705.4154,mp_jul
14,5705.7152,mp_jul
16,5706.0149,mp_jul
18,5706.3147,mp_jul
22,5706.6145,mp_jul
22,5706.9143,mp_jul
5,5707.2141,mp_jul
6,5707.5139,mp_jul
10,5707.8137,mp_jul
20,5708.1134,mp_jul
20,5708.4132,mp_jul
14,5708.713,mp_jul
5,5709.0128,mp_jul
3,5709.3126,mp_jul
14,5709.6124,mp_jul
14,5709.9122,mp_jul
25,5710.2119,mp_jul
8,5710.5116,mp_jul
16,5710.8116,mp_jul
18,5711.1113,mp_jul
22,5711.4111,mp_jul
16,5711.7108,mp_jul
22,5712.0106,mp_jul
16,5712.3105,mp_jul
16,5712.6102,mp_jul
19,5712.91,mp_jul
16,5713.2098,mp_jul
16,5713.5096,mp_jul
16,5713.8094,mp_jul
14,5714.1091,mp_jul
3,5714.4089,mp_jul
3,5714.7087,mp_jul
1,5715.0085,mp_jul
11,5715.3083,mp_jul
3,5715.6081,mp_jul
16,5715.9079,mp_jul
22,5716.2076,mp_jul
16,5716.5075,mp_jul
16,5716.8073,mp_jul
24,5717.107,mp_jul
16,5717.4068,mp_jul
19,5717.7066,mp_jul
16,5718.0064,mp_jul
25,5718.3062,mp_jul
19,5718.606,mp_jul
16,5718.9057,mp_jul
19,5719.2055,mp_jul
24,5719.5053,mp_jul
24,5719.8051,mp_jul
24,5720.1049,mp_jul
16,5720.4046,mp_jul
14,5720.7044,mp_jul
20,5721.0043,mp_jul
20,5721.304,mp_jul
6,5721.6038,mp_jul
10,5721.9036,mp_jul
11,5722.2034,mp_jul
11,5722.5032,mp_jul
4,5722.803,mp_jul
4,5723.1028,mp_jul
4,5723.4026,mp_jul
12,5723.7023,mp_jul
12,5724.0021,mp_jul
4,5724.3019,mp_jul
7,5724.6017,mp_jul
12,5724.9014,mp_jul
12,5725.2012,mp_jul
4,5725.5011,mp_jul
4,5725.8008,mp_jul
14,5726.1006,mp_jul
14,5726.4004,mp_jul
3,5726.7002,mp_jul
5,5727.0,mp_jul
16,5727.2997,mp_jul
16,5727.5995,mp_jul
16,5727.8993,mp_jul
22,5728.1991,mp_jul
14,5728.4989,mp_jul
18,5728.7987,mp_jul
22,5729.0985,mp_jul
16,5729.3983,mp_jul
14,5729.6981,mp_jul
14,5729.9978,mp_jul
16,5730.2976,mp_jul
22,5730.5974,mp_jul
18,5730.8972,mp_jul
18,5731.197,mp_jul
25,5731.4968,mp_jul
16,5731.7966,mp_jul
25,5732.0964,mp_jul
16,5732.3961,mp_jul
20,5732.6959,mp_jul
20,5732.9958,mp_jul
6,5733.2955,mp_jul
6,5733.5953,mp_jul
6,5733.8951,mp_jul
6,5734.1948,mp_jul
3,5734.4946,mp_jul
20,5734.7944,mp_jul
24,5735.0942,mp_jul
16,5735.394,mp_jul
22,5735.6938,mp_jul
16,5735.9936,mp_jul
22,5736.2934,mp_jul
14,5736.5931,mp_jul
14,5736.8929,mp_jul
20,5737.1927,mp_jul
20,5737.4925,mp_jul
3,5737.7923,mp_jul
20,5738.092,mp_jul
20,5738.3919,mp_jul
5,5738.6916,mp_jul
10,5738.9914,mp_jul
20,5739.2913,mp_jul
20,5739.591,mp_jul
20,5739.8908,mp_jul
3,5740.1906,mp_jul
14,5740.4904,mp_jul
14,5740.7901,mp_jul
8,5741.0899,mp_jul
14,5741.3898,mp_jul
3,5741.6895,mp_jul
11,5741.9893,mp_jul
11,5742.2891,mp_jul
11,5742.5889,mp_jul
15,5742.8887,mp_jul
15,5743.1884,mp_jul
18,5743.4883,mp_jul
18,5743.788,mp_jul
18,5744.0878,mp_jul
18,5744.3876,mp_jul
22,5744.6874,mp_jul
22,5744.9871,mp_jul
18,5745.287,mp_jul
18,5745.5868,mp_jul
14,5745.8865,mp_jul
18,5746.1863,mp_jul
18,5746.4861,mp_jul
18,5746.7859,mp_jul
15,5747.0857,mp_jul
15,5747.3854,mp_jul
15,5747.6852,mp_jul
2,5747.985,mp_jul
2,5748.2848,mp_jul
4,5748.5846,mp_jul
15,5748.8844,mp_jul
15,5749.1842,mp_jul
5,5749.484,mp_jul
22,5749.7837,mp_jul
18,5750.0835,mp_jul
22,5750.3834,mp_jul
16,5750.6831,mp_jul
14,5750.9829,mp_jul
3,5751.2827,mp_jul
14,5751.5825,mp_jul
20,5751.8823,mp_jul
14,5752.182,mp_jul
20,5752.4819,mp_jul
16,5752.7816,mp_jul
20,5753.0814,mp_jul
25,5753.3812,mp_jul
20,5753.681,mp_jul
20,5753.9808,mp_jul
20,5754.2806,mp_jul
20,5754.5804,mp_jul
20,5754.8801,mp_jul
20,5755.1799,mp_jul
16,5755.4797,mp_jul
19,5755.7795,mp_jul
24,5756.0792,mp_jul
24,5756.3791,mp_jul
24,5756.6788,mp_jul
16,5756.9787,mp_jul
24,5757.2784,mp_jul
20,5757.5782,mp_jul
20,5757.878,mp_jul
20,5758.1778,mp_jul
20,5758.4775,mp_jul
25,5758.7773,mp_jul
14,5759.0772,mp_jul
5,5759.3769,mp_jul
16,5759.6767,mp_jul
18,5759.9765,mp_jul
18,5760.2763,mp_jul
18,5760.5761,mp_jul
22,5760.8759,mp_jul
22,5761.1756,mp_jul
14,5761.4754,mp_jul
14,5761.7753,mp_jul
14,5762.075,mp_jul
5,5762.3748,mp_jul
1,5762.6746,mp_jul
1,5762.9744,mp_jul
1,5763.2741,mp_jul
15,5763.574,mp_jul
12,5763.8738,mp_jul
7,5764.1735,mp_jul
15,5764.4733,mp_jul
22,5764.7731,mp_jul
22,5765.0729,mp_jul
3,5765.3726,mp_jul
3,5765.6724,mp_jul
18,5765.9722,mp_jul
18,5766.2721,mp_jul
5,5766.5718,mp_jul
16,5766.8716,mp_jul
14,5767.1714,mp_jul
20,5767.4712,mp_jul
20,5767.771,mp_jul
20,5768.0707,mp_jul
25,5768.3705,mp_jul
25,5768.6703,mp_jul
14,5768.9701,mp_jul
16,5769.2699,mp_jul
5,5769.5697,mp_jul
16,5769.8695,mp_jul
16,5770.1692,mp_jul
16,5770.4691,mp_jul
16,5770.7688,mp_jul
16,5771.0686,mp_jul
16,5771.3684,mp_jul
16,5771.6682,mp_jul
18,5771.968,mp_jul
9,5772.2677,mp_jul
22,5772.5675,mp_jul
22,5772.8674,mp_jul
3,5773.1671,mp_jul
11,5773.4669,mp_jul
2,5773.7667,mp_jul
3,5774.0665,mp_jul
5,5774.3663,mp_jul
22,5774.6661,mp_jul
18,5774.9659,mp_jul
16,5775.2656,mp_jul
22,5775.5654,mp_jul
18,5775.8652,mp_jul
22,5776.165,mp_jul
22,5776.4648,mp_jul
16,5776.7646,mp_jul
16,5777.0644,mp_jul
16,5777.3642,mp_jul
16,5777.6639,mp_jul
22,5777.9637,mp_jul
5,5778.2636,mp_jul
22,5778.5633,mp_jul
16,5778.8631,mp_jul
22,5779.1629,mp_jul
18,5779.4627,mp_jul
18,5779.7625,mp_jul
22,5780.0622,mp_jul
22,5780.362,mp_jul
18,5780.6618,mp_jul
18,5780.9616,mp_jul
22,5781.2613,mp_jul
18,5781.5612,mp_jul
22,5781.861,mp_jul
22,5782.1608,mp_jul
16,5782.4605,mp_jul
16,5782.7603,mp_jul
20,5783.0601,mp_jul
14,5783.3599,mp_jul
3,5783.6597,mp_jul
22,5783.9595,mp_jul
14,5784.2593,mp_jul
16,5784.559,mp_jul
20,5784.8588,mp_jul
16,5785.1586,mp_jul
16,5785.4584,mp_jul
22,5785.7581,mp_jul
2,5786.058,mp_jul
15,5786.3578,mp_jul
15,5786.6575,mp_jul
15,5786.9573,mp_jul
15,5787.2572,mp_jul
15,5787.5569,mp_jul
15,5787.8567,mp_jul
1,5788.1565,mp_jul
18,5788.4563,mp_jul
16,5788.756,mp_jul
22,5789.0558,mp_jul
16,5789.3556,mp_jul
22,5789.6554,mp_jul
14,5789.9552,mp_jul
3,5790.255,mp_jul
22,5790.5548,mp_jul
19,5790.8546,mp_jul
24,5791.1544,mp_jul
19,5791.4541,mp_jul
16,5791.7539,mp_jul
16,5792.0537,mp_jul
22,5792.3535,mp_jul
16,5792.6533,mp_jul
22,5792.9531,mp_jul
1,5793.2529,mp_jul
7,5793.5527,mp_jul
12,5793.8524,mp_jul
12,5794.1522,mp_jul
7,5794.452,mp_jul
4,5794.7518,mp_jul
5,5795.0516,mp_jul
16,5795.3513,mp_jul
19,5795.6512,mp_jul
16,5795.9509,mp_jul
16,5796.2507,mp_jul
16,5796.5505,mp_jul
18,5796.8503,mp_jul
22,5797.1501,mp_jul
22,5797.4499,mp_jul
22,5797.7496,mp_jul
18,5798.0494,mp_jul
22,5798.3492,mp_jul
22,5798.649,mp_jul
18,5798.9488,mp_jul
22,5799.2486,mp_jul
2,5799.5484,mp_jul
5,5799.8482,mp_jul
5,5800.1479,mp_jul
1,5800.4477,mp_jul
1,5800.7475,mp_jul
1,5801.0474,mp_jul
16,5801.3471,mp_jul
5,5801.6469,mp_jul
22,5801.9467,mp_jul
16,5802.2464,mp_jul
18,5802.5463,mp_jul
22,5802.846,mp_jul
18,5803.1458,mp_jul
18,5803.4456,mp_jul
22,5803.7454,mp_jul
22,5804.0451,mp_jul
22,5804.345,mp_jul
18,5804.6448,mp_jul
16,5804.9445,mp_jul
18,5805.2443,mp_jul
22,5805.5441,mp_jul
25,5805.8439,mp_jul
22,5806.1437,mp_jul
22,5806.4435,mp_jul
18,5806.7433,mp_jul
25,5807.043,mp_jul
18,5807.3428,mp_jul
25,5807.6426,mp_jul
18,5807.9424,mp_jul
22,5808.2422,mp_jul
18,5808.542,mp_jul
22,5808.8418,mp_jul
22,5809.1415,mp_jul
22,5809.4413,mp_jul
22,5809.7411,mp_jul
18,5810.0409,mp_jul
18,5810.3407,mp_jul
22,5810.6405,mp_jul
22,5810.9403,mp_jul
25,5811.2401,mp_jul
25,5811.5399,mp_jul
22,5811.8396,mp_jul
22,5812.1394,mp_jul
22,5812.4393,mp_jul
22,5812.739,mp_jul
22,5813.0388,mp_jul
25,5813.3386,mp_jul
18,5813.6384,mp_jul
22,5813.9382,mp_jul
18,5814.238,mp_jul
22,5814.5377,mp_jul
18,5814.8376,mp_jul
18,5815.1373,mp_jul
18,5815.4371,mp_jul
22,5815.7369,mp_jul
16,5816.0367,mp_jul
16,5816.3365,mp_jul
14,5816.6362,mp_jul
14,5816.936,mp_jul
16,5817.2358,mp_jul
25,5817.5356,mp_jul
14,5817.8354,mp_jul
16,5818.1352,mp_jul
16,5818.435,mp_jul
25,5818.7348,mp_jul
18,5819.0345,mp_jul
22,5819.3343,mp_jul
25,5819.6341,mp_jul
25,5819.9339,mp_jul
16,5820.2337,mp_jul
14,5820.5335,mp_jul
16,5820.8333,mp_jul
14,5821.1331,mp_jul
25,5821.4329,mp_jul
16,5821.7326,mp_jul
14,5822.0324,mp_jul
14,5822.3322,mp_jul
14,5822.632,mp_jul
16,5822.9318,mp_jul
14,5823.2316,mp_jul
16,5823.5314,mp_jul
22,5823.8311,mp_jul
16,5824.1309,mp_jul
16,5824.4307,mp_jul
16,5824.7305,mp_jul
16,5825.0303,mp_jul
14,5825.3301,mp_jul
14,5825.6299,mp_jul
25,5825.9296,mp_jul
25,5826.2294,mp_jul
25,5826.5292,mp_jul
25,5826.829,mp_jul
20,5827.7284,mp_jul
20,5828.328,mp_jul
3,5828.6278,mp_jul
16,5828.9275,mp_jul
16,5829.2273,mp_jul
16,5829.5271,mp_jul
16,5829.8269,mp_jul
14,5830.1267,mp_jul
14,5830.4264,mp_jul
16,5830.7262,mp_jul
16,5831.026,mp_jul
25,5831.3259,mp_jul
16,5831.6256,mp_jul
25,5831.9254,mp_jul
25,5832.2252,mp_jul
5,5832.525,mp_jul
16,5832.8248,mp_jul
16,5833.1246,mp_jul
14,5833.4244,mp_jul
25,5833.7242,mp_jul
8,5834.0239,mp_jul
25,5834.3237,mp_jul
25,5834.6235,mp_jul
25,5834.9233,mp_jul
20,5835.2231,mp_jul
20,5835.5229,mp_jul
20,5835.8227,mp_jul
25,5836.1225,mp_jul
25,5836.4222,mp_jul
17,5836.722,mp_jul
8,5837.0218,mp_jul
25,5837.3216,mp_jul
17,5837.6214,mp_jul
5,5837.9212,mp_jul
16,5838.221,mp_jul
14,5838.5208,mp_jul
14,5838.8206,mp_jul
16,5839.1203,mp_jul
16,5839.4202,mp_jul
16,5839.7199,mp_jul
14,5840.0197,mp_jul
14,5840.3195,mp_jul
16,5840.6193,mp_jul
16,5840.919,mp_jul
25,5841.2189,mp_jul
5,5841.5187,mp_jul
3,5841.8184,mp_jul
5,5842.1182,mp_jul
3,5842.418,mp_jul
5,5842.7178,mp_jul
18,5843.0176,mp_jul
22,5843.3174,mp_jul
18,5843.6172,mp_jul
18,5843.917,mp_jul
16,5844.2167,mp_jul
16,5844.5165,mp_jul
19,5844.8163,mp_jul
16,5845.1161,mp_jul
16,5845.4159,mp_jul
16,5845.7157,mp_jul
16,5846.0154,mp_jul
14,5846.3152,mp_jul
14,5846.615,mp_jul
16,5846.9148,mp_jul
5,5847.2146,mp_jul
3,5847.5144,mp_jul
3,5847.8141,mp_jul
18,5848.114,mp_jul
18,5848.4138,mp_jul
18,5848.7135,mp_jul
18,5849.0133,mp_jul
16,5849.3131,mp_jul
19,5849.6129,mp_jul
19,5849.9127,mp_jul
16,5850.2125,mp_jul
16,5850.5122,mp_jul
16,5850.8121,mp_jul
16,5851.1119,mp_jul
25,5851.4116,mp_jul
25,5851.7114,mp_jul
16,5852.0112,mp_jul
3,5852.311,mp_jul
14,5852.6108,mp_jul
14,5852.9106,mp_jul
16,5853.2104,mp_jul
16,5853.5102,mp_jul
14,5853.81,mp_jul
14,5854.1097,mp_jul
16,5854.4095,mp_jul
16,5854.7093,mp_jul
16,5855.0091,mp_jul
16,5855.3089,mp_jul
14,5855.6086,mp_jul
16,5855.9085,mp_jul
16,5856.2083,mp_jul
16,5856.508,mp_jul
18,5856.8078,mp_jul
5,5857.1076,mp_jul
16,5857.4074,mp_jul
14,5857.7072,mp_jul
16,5858.007,mp_jul
16,5858.3068,mp_jul
19,5858.6066,mp_jul
16,5858.9063,mp_jul
14,5859.2061,mp_jul
16,5859.5059,mp_jul
16,5859.8057,mp_jul
16,5860.1055,mp_jul
16,5860.4053,mp_jul
16,5860.7051,mp_jul
25,5861.0049,mp_jul
3,5861.3046,mp_jul
5,5861.6044,mp_jul
11,5861.9042,mp_jul
16,5862.204,mp_jul
16,5862.5038,mp_jul
19,5862.8036,mp_jul
19,5863.1034,mp_jul
16,5863.4031,mp_jul
14,5863.7029,mp_jul
16,5864.0027,mp_jul
14,5864.3025,mp_jul
16,5864.6023,mp_jul
16,5864.9021,mp_jul
16,5865.2019,mp_jul
25,5865.5017,mp_jul
14,5865.8015,mp_jul
16,5866.1013,mp_jul
14,5866.401,mp_jul
22,5866.7008,mp_jul
16,5867.0006,mp_jul
16,5867.3004,mp_jul
14,5867.6002,mp_jul
16,5867.9,mp_jul
5,5868.1998,mp_jul
18,5868.4996,mp_jul
18,5868.7994,mp_jul
18,5869.0992,mp_jul
18,5869.399,mp_jul
18,5869.6988,mp_jul
25,5869.9985,mp_jul
18,5870.2983,mp_jul
18,5870.5981,mp_jul
18,5870.8979,mp_jul
16,5871.1977,mp_jul
16,5871.4975,mp_jul
16,5871.7972,mp_jul
22,5872.097,mp_jul
14,5872.3968,mp_jul
16,5872.6966,mp_jul
14,5872.9964,mp_jul
5,5873.2962,mp_jul
5,5873.596,mp_jul
3,5873.8958,mp_jul
5,5874.1956,mp_jul
18,5874.4953,mp_jul
18,5874.7952,mp_jul
22,5875.0949,mp_jul
18,5875.3947,mp_jul
5,5875.6945,mp_jul
3,5875.9943,mp_jul
5,5876.2941,mp_jul
3,5876.5939,mp_jul
3,5876.8937,mp_jul
5,5877.1934,mp_jul
18,5877.4932,mp_jul
22,5877.793,mp_jul
22,5878.0928,mp_jul
22,5878.3926,mp_jul
22,5878.6924,mp_jul
18,5878.9922,mp_jul
22,5879.292,mp_jul
16,5879.5917,mp_jul
5,5879.8915,mp_jul
16,5880.1913,mp_jul
16,5880.4911,mp_jul
16,5880.7909,mp_jul
16,5881.0907,mp_jul
16,5881.3905,mp_jul
14,5881.6902,mp_jul
16,5881.9901,mp_jul
16,5882.2899,mp_jul
16,5882.5896,mp_jul
19,5882.8894,mp_jul
19,5883.1892,mp_jul
19,5883.489,mp_jul
19,5883.7888,mp_jul
19,5884.0886,mp_jul
19,5884.3884,mp_jul
19,5884.6881,mp_jul
19,5884.988,mp_jul
19,5885.2877,mp_jul
16,5885.5875,mp_jul
26,5885.8873,mp_jul
26,5886.1871,mp_jul
25,5886.4869,mp_jul
14,5886.7867,mp_jul
8,5887.0865,mp_jul
21,5887.3863,mp_jul
21,5887.686,mp_jul
21,5887.9858,mp_jul
26,5888.2856,mp_jul
14,5888.5854,mp_jul
25,5888.8852,mp_jul
26,5889.185,mp_jul
14,5889.4847,mp_jul
14,5889.7845,mp_jul
14,5890.0843,mp_jul
25,5890.3841,mp_jul
25,5890.6839,mp_jul
25,5890.9837,mp_jul
25,5891.2835,mp_jul
25,5891.5834,mp_jul
8,5891.8831,mp_jul
25,5892.1829,mp_jul
7,5892.4827,mp_jul
3,5892.7824,mp_jul
1,5893.0822,mp_jul
7,5893.382,mp_jul
12,5893.6819,mp_jul
8,5893.9816,mp_jul
14,5894.2814,mp_jul
3,5894.5812,mp_jul
16,5894.881,mp_jul
14,5895.1807,mp_jul
14,5895.4805,mp_jul
16,5895.7803,mp_jul
14,5896.0801,mp_jul
25,5896.3799,mp_jul
25,5896.6797,mp_jul
14,5896.9795,mp_jul
14,5897.2792,mp_jul
25,5897.579,mp_jul
21,5897.8789,mp_jul
21,5898.1787,mp_jul
21,5898.4784,mp_jul
8,5898.7782,mp_jul
25,5899.078,mp_jul
14,5899.3778,mp_jul
19,5899.6776,mp_jul
19,5899.9773,mp_jul
19,5900.2772,mp_jul
19,5900.5769,mp_jul
19,5900.8767,mp_jul
19,5901.1765,mp_jul
9,5901.4763,mp_jul
9,5901.7761,mp_jul
9,5902.0759,mp_jul
9,5902.3756,mp_jul
9,5902.6754,mp_jul
9,5902.9752,mp_jul
22,5903.275,mp_jul
9,5903.5748,mp_jul
18,5903.8746,mp_jul
22,5904.1744,mp_jul
9,5904.4742,mp_jul
22,5904.774,mp_jul
18,5905.0738,mp_jul
22,5905.3735,mp_jul
22,5905.6733,mp_jul
16,5905.9731,mp_jul
22,5906.2729,mp_jul
22,5906.5727,mp_jul
16,5906.8725,mp_jul
22,5907.1723,mp_jul
22,5907.4721,mp_jul
16,5907.7719,mp_jul
16,5908.0716,mp_jul
16,5908.3715,mp_jul
19,5908.6712,mp_jul
16,5908.971,mp_jul
16,5909.2708,mp_jul
19,5909.5706,mp_jul
16,5909.8703,mp_jul
16,5910.1702,mp_jul
16,5910.47,mp_jul
16,5910.7698,mp_jul
19,5911.0695,mp_jul
16,5911.3693,mp_jul
1,5911.6691,mp_jul
15,5911.9689,mp_jul
1,5912.2687,mp_jul
12,5912.5685,mp_jul
12,5912.8682,mp_jul
17,5913.1681,mp_jul
17,5913.4678,mp_jul
8,5913.7676,mp_jul
13,5914.0673,mp_jul
13,5914.3672,mp_jul
13,5914.6669,mp_jul
8,5914.9668,mp_jul
12,5915.2665,mp_jul
2,5915.5663,mp_jul
11,5915.8661,mp_jul
5,5916.1659,mp_jul
5,5916.4657,mp_jul
20,5916.7655,mp_jul
19,5917.0653,mp_jul
16,5917.3651,mp_jul
16,5917.6649,mp_jul
22,5917.9646,mp_jul
19,5918.2644,mp_jul
16,5918.5643,mp_jul
16,5918.864,mp_jul
3,5919.1637,mp_jul
18,5919.4636,mp_jul
22,5919.7634,mp_jul
18,5920.0632,mp_jul
16,5920.363,mp_jul
22,5920.6628,mp_jul
22,5920.9625,mp_jul
16,5921.2623,mp_jul
16,5921.5621,mp_jul
16,5921.8619,mp_jul
16,5922.1617,mp_jul
16,5922.4615,mp_jul
16,5922.7613,mp_jul
16,5923.0611,mp_jul
16,5923.3608,mp_jul
18,5923.6606,mp_jul
22,5923.9604,mp_jul
18,5924.2602,mp_jul
25,5924.5599,mp_jul
22,5924.8597,mp_jul
16,5925.1596,mp_jul
14,5925.4594,mp_jul
5,5925.7592,mp_jul
19,5926.0589,mp_jul
19,5926.3587,mp_jul
24,5926.6585,mp_jul
19,5926.9583,mp_jul
9,5927.2581,mp_jul
19,5927.5579,mp_jul
16,5927.8577,mp_jul
9,5928.1574,mp_jul
9,5928.4572,mp_jul
23,5928.7571,mp_jul
23,5929.0568,mp_jul
23,5929.3566,mp_jul
23,5929.6564,mp_jul
23,5929.9562,mp_jul
23,5930.2559,mp_jul
23,5930.5557,mp_jul
23,5930.8555,mp_jul
23,5931.1553,mp_jul
23,5931.4551,mp_jul
23,5931.7548,mp_jul
9,5932.0547,mp_jul
9,5932.3545,mp_jul
23,5932.6542,mp_jul
23,5932.954,mp_jul
23,5933.2538,mp_jul
9,5933.5536,mp_jul
9,5933.8534,mp_jul
9,5934.1532,mp_jul
9,5934.7527,mp_jul
23,5935.3523,mp_jul
9,5935.6521,mp_jul
23,5935.9519,mp_jul
9,5936.2517,mp_jul
9,5936.5515,mp_jul
9,5936.8512,mp_jul
23,5937.151,mp_jul
9,5937.4508,mp_jul
9,5937.7506,mp_jul
22,5938.0504,mp_jul
22,5938.3502,mp_jul
18,5938.65,mp_jul
18,5938.9498,mp_jul
22,5939.2495,mp_jul
16,5939.5493,mp_jul
16,5939.8492,mp_jul
16,5940.1489,mp_jul
16,5940.4486,mp_jul
25,5940.7484,mp_jul
16,5941.0483,mp_jul
16,5941.348,mp_jul
9,5941.6478,mp_jul
22,5941.9476,mp_jul
16,5942.2474,mp_jul
16,5942.5472,mp_jul
14,5942.847,mp_jul
16,5943.1468,mp_jul
22,5943.4465,mp_jul
16,5943.7463,mp_jul
16,5944.0462,mp_jul
20,5944.3459,mp_jul
16,5944.6458,mp_jul
14,5944.9455,mp_jul
14,5945.2452,mp_jul
14,5945.5451,mp_jul
19,5945.8449,mp_jul
19,5946.1446,mp_jul
19,5946.4444,mp_jul
19,5946.7442,mp_jul
19,5947.044,mp_jul
19,5947.3438,mp_jul
19,5947.6436,mp_jul
19,5947.9434,mp_jul
19,5948.2431,mp_jul
19,5948.5429,mp_jul
19,5948.8427,mp_jul
19,5949.1425,mp_jul
19,5949.4423,mp_jul
19,5949.742,mp_jul
9,5950.0419,mp_jul
14,5950.3416,mp_jul
26,5950.6414,mp_jul
26,5950.9412,mp_jul
14,5951.241,mp_jul
16,5951.5408,mp_jul
19,5951.8405,mp_jul
19,5952.1404,mp_jul
24,5952.4401,mp_jul
16,5952.7399,mp_jul
19,5953.0397,mp_jul
20,5953.3395,mp_jul
24,5953.6393,mp_jul
24,5953.9391,mp_jul
16,5954.2389,mp_jul
19,5954.5387,mp_jul
14,5954.8385,mp_jul
24,5955.1382,mp_jul
19,5955.438,mp_jul
19,5955.7378,mp_jul
20,5956.0376,mp_jul
16,5956.3373,mp_jul
19,5956.6372,mp_jul
20,5956.9369,mp_jul
19,5957.2367,mp_jul
16,5957.5365,mp_jul
19,5957.8363,mp_jul
16,5958.1361,mp_jul
19,5958.4358,mp_jul
18,5958.7356,mp_jul
18,5959.0355,mp_jul
1,5959.3352,mp_jul
15,5959.635,mp_jul
15,5959.9348,mp_jul
18,5960.2346,mp_jul
18,5960.5344,mp_jul
22,5960.8341,mp_jul
18,5961.1339,mp_jul
18,5961.7335,mp_jul
22,5962.0333,mp_jul
18,5962.3331,mp_jul
18,5962.6329,mp_jul
22,5962.9327,mp_jul
18,5963.5322,mp_jul
22,5963.832,mp_jul
22,5964.4316,mp_jul
18,5964.7314,mp_jul
22,5965.0312,mp_jul
22,5965.3309,mp_jul
14,5965.6307,mp_jul
14,5965.9305,mp_jul
14,5966.2303,mp_jul
16,5966.5301,mp_jul
22,5966.8299,mp_jul
14,5967.1297,mp_jul
16,5967.4295,mp_jul
14,5967.7293,mp_jul
16,5968.029,mp_jul
14,5968.3288,mp_jul
3,5968.6286,mp_jul
15,5968.9284,mp_jul
5,5969.2282,mp_jul
22,5969.5394,mp_jul
16,5969.8277,mp_jul
19,5970.4273,mp_jul
25,5970.7271,mp_jul
19,5971.0269,mp_jul
14,5971.3267,mp_jul
5,5971.6265,mp_jul
11,5971.9262,mp_jul
2,5972.226,mp_jul
2,5972.5258,mp_jul
11,5972.8256,mp_jul
5,5973.1254,mp_jul
20,5973.4252,mp_jul
20,5973.725,mp_jul
13,5974.0248,mp_jul
25,5974.3246,mp_jul
3,5974.6243,mp_jul
16,5974.9241,mp_jul
22,5975.2239,mp_jul
16,5975.5237,mp_jul
18,5975.8235,mp_jul
25,5976.1233,mp_jul
22,5976.4231,mp_jul
18,5976.7228,mp_jul
22,5977.0226,mp_jul
22,5977.3224,mp_jul
22,5977.6222,mp_jul
16,5977.922,mp_jul
22,5978.2218,mp_jul
16,5978.5216,mp_jul
9,5978.8214,mp_jul
9,5979.122,mp_jul
22,5979.4209,mp_jul
22,5979.7208,mp_jul
16,5980.0205,mp_jul
19,5980.3203,mp_jul
16,5980.6201,mp_jul
16,5980.9199,mp_jul
22,5981.2196,mp_jul
9,5981.5194,mp_jul
22,5981.8192,mp_jul
9,5982.119,mp_jul
16,5982.4188,mp_jul
25,5982.7186,mp_jul
8,5983.0183,mp_jul
8,5983.3181,mp_jul
14,5983.6179,mp_jul
5,5983.9178,mp_jul
3,5984.2175,mp_jul
2,5984.5173,mp_jul
2,5984.8171,mp_jul
2,5985.1169,mp_jul
6,5985.4167,mp_jul
10,5985.7164,mp_jul
20,5986.0163,mp_jul
7,5986.3161,mp_jul
20,5986.6158,mp_jul
16,5986.9156,mp_jul
16,5987.2254,mp_jul
16,5987.5152,mp_jul
19,5987.815,mp_jul
16,5988.1148,mp_jul
16,5988.7144,mp_jul
16,5989.0141,mp_jul
16,5989.3139,mp_jul
16,5989.6137,mp_jul
19,5989.9135,mp_jul
19,5990.2133,mp_jul
19,5990.5131,mp_jul
19,5990.8129,mp_jul
9,5991.1126,mp_jul
9,5991.4124,mp_jul
9,5991.7122,mp_jul
9,5992.0119,mp_jul
9,5992.3118,mp_jul
9,5992.6116,mp_jul
9,5992.9113,mp_jul
19,5993.2111,mp_jul
19,5993.5109,mp_jul
19,5993.8107,mp_jul
19,5994.1105,mp_jul
19,5994.4103,mp_jul
19,5994.71,mp_jul
19,5995.0099,mp_jul
19,5995.3096,mp_jul
9,5995.6094,mp_jul
9,5995.9092,mp_jul
19,5996.209,mp_jul
24,5996.5088,mp_jul
24,5996.8085,mp_jul
24,5997.1084,mp_jul
24,5997.4082,mp_jul
19,5997.7079,mp_jul
19,5998.0077,mp_jul
19,5998.3075,mp_jul
9,5998.6073,mp_jul
14,5998.907,mp_jul
3,5999.2068,mp_jul
14,5999.5066,mp_jul
20,5999.8064,mp_jul
16,6000.1062,mp_jul
19,6000.406,mp_jul
19,6000.7058,mp_jul
24,6001.0055,mp_jul
20,6001.3053,mp_jul
3,6001.6051,mp_jul
5,6001.9049,mp_jul
5,6002.2047,mp_jul
3,6002.5044,mp_jul
17,6002.8043,mp_jul
3,6003.1041,mp_jul
16,6003.4038,mp_jul
16,6003.7036,mp_jul
22,6004.0034,mp_jul
5,6004.3032,mp_jul
3,6004.603,mp_jul
16,6004.9028,mp_jul
5,6005.2026,mp_jul
16,6005.5024,mp_jul
20,6005.8021,mp_jul
19,6006.1019,mp_jul
16,6006.4017,mp_jul
19,6006.7015,mp_jul
16,6007.0012,mp_jul
16,6007.3011,mp_jul
16,6007.6008,mp_jul
18,6007.9006,mp_jul
22,6008.2004,mp_jul
5,6008.5002,mp_jul
5,6008.8,mp_jul
16,6009.0998,mp_jul
19,6009.3996,mp_jul
24,6009.6994,mp_jul
19,6009.9991,mp_jul
19,6010.2989,mp_jul
24,6010.5987,mp_jul
24,6010.8985,mp_jul
19,6011.1983,mp_jul
24,6011.498,mp_jul
24,6011.7978,mp_jul
19,6012.0976,mp_jul
19,6012.3974,mp_jul
19,6012.6972,mp_jul
14,6012.997,mp_jul
16,6013.2967,mp_jul
18,6013.5965,mp_jul
18,6013.8964,mp_jul
1,6014.1961,mp_jul
3,6014.4959,mp_jul
5,6014.7957,mp_jul
11,6015.0955,mp_jul
22,6015.3953,mp_jul
18,6015.695,mp_jul
23,6015.9948,mp_jul
22,6016.2946,mp_jul
22,6016.5944,mp_jul
22,6016.8942,mp_jul
18,6017.194,mp_jul
22,6017.4937,mp_jul
22,6017.7936,mp_jul
22,6018.0933,mp_jul
16,6018.3931,mp_jul
23,6018.693,mp_jul
23,6018.9927,mp_jul
23,6019.2925,mp_jul
23,6019.5923,mp_jul
23,6019.8921,mp_jul
23,6020.1918,mp_jul
23,6020.4916,mp_jul
23,6020.7915,mp_jul
23,6021.0912,mp_jul
9,6021.391,mp_jul
9,6021.6908,mp_jul
9,6021.9906,mp_jul
23,6022.2904,mp_jul
23,6022.5901,mp_jul
23,6022.89,mp_jul
23,6023.1897,mp_jul
23,6023.4895,mp_jul
23,6023.7893,mp_jul
9,6024.0891,mp_jul
9,6024.3888,mp_jul
9,6024.6886,mp_jul
9,6024.9884,mp_jul
9,6025.2882,mp_jul
9,6025.588,mp_jul
9,6025.8877,mp_jul
9,6026.1876,mp_jul
9,6026.4874,mp_jul
19,6026.7871,mp_jul
19,6027.0869,mp_jul
19,6027.3867,mp_jul
20,6027.6865,mp_jul
20,6027.9863,mp_jul
20,6028.286,mp_jul
20,6028.5859,mp_jul
19,6028.8857,mp_jul
19,6029.1854,mp_jul
19,6029.4852,mp_jul
19,6029.785,mp_jul
19,6030.0847,mp_jul
19,6030.3846,mp_jul
19,6030.6843,mp_jul
19,6030.9841,mp_jul
19,6031.2839,mp_jul
19,6031.5837,mp_jul
19,6031.8835,mp_jul
24,6032.1833,mp_jul
19,6032.483,mp_jul
19,6032.7828,mp_jul
24,6033.0826,mp_jul
24,6033.3824,mp_jul
24,6033.6822,mp_jul
24,6033.982,mp_jul
24,6034.2818,mp_jul
24,6034.5816,mp_jul
24,6034.8813,mp_jul
24,6035.1811,mp_jul
24,6035.4809,mp_jul
24,6035.7806,mp_jul
19,6036.0805,mp_jul
19,6036.3803,mp_jul
19,6036.68,mp_jul
19,6036.9798,mp_jul
24,6037.2796,mp_jul
24,6037.5794,mp_jul
24,6037.8791,mp_jul
24,6038.1789,mp_jul
24,6038.4788,mp_jul
24,6038.7785,mp_jul
24,6039.0783,mp_jul
24,6039.3781,mp_jul
24,6039.6779,mp_jul
24,6039.9777,mp_jul
24,6040.2774,mp_jul
24,6040.5773,mp_jul
24,6040.877,mp_jul
24,6041.1768,mp_jul
24,6041.4766,mp_jul
24,6041.7764,mp_jul
24,6042.0762,mp_jul
24,6042.376,mp_jul
24,6042.6758,mp_jul
24,6042.9755,mp_jul
24,6043.2753,mp_jul
24,6043.5751,mp_jul
24,6043.8749,mp_jul
24,6044.1747,mp_jul
24,6044.4745,mp_jul
19,6044.7742,mp_jul
19,6045.074,mp_jul
19,6045.3738,mp_jul
24,6045.6736,mp_jul
19,6045.9733,mp_jul
19,6046.2732,mp_jul
24,6046.5729,mp_jul
19,6046.8727,mp_jul
24,6047.1725,mp_jul
14,6047.4723,mp_jul
14,6047.7721,mp_jul
16,6048.0719,mp_jul
16,6048.3716,mp_jul
5,6048.6715,mp_jul
5,6048.9713,mp_jul
1,6049.2711,mp_jul
11,6049.5708,mp_jul
12,6049.8706,mp_jul
13,6050.1703,mp_jul
17,6050.4702,mp_jul
17,6050.7699,mp_jul
17,6051.0697,mp_jul
12,6051.3695,mp_jul
3,6051.6693,mp_jul
14,6051.9691,mp_jul
22,6052.2689,mp_jul
16,6052.5686,mp_jul
22,6052.8684,mp_jul
19,6053.1682,mp_jul
19,6053.468,mp_jul
19,6053.7678,mp_jul
16,6054.0675,mp_jul
18,6054.3674,mp_jul
9,6054.6671,mp_jul
9,6054.9669,mp_jul
22,6055.2668,mp_jul
22,6055.5665,mp_jul
22,6055.8663,mp_jul
9,6056.1661,mp_jul
16,6056.4659,mp_jul
16,6056.7656,mp_jul
16,6057.0654,mp_jul
19,6057.3652,mp_jul
16,6057.665,mp_jul
14,6057.9648,mp_jul
14,6058.2646,mp_jul
16,6058.5643,mp_jul
16,6058.8641,mp_jul
18,6059.1639,mp_jul
22,6059.4637,mp_jul
16,6059.7635,mp_jul
16,6060.0633,mp_jul
25,6060.363,mp_jul
14,6060.6629,mp_jul
16,6060.9626,mp_jul
9,6061.2624,mp_jul
22,6061.5622,mp_jul
22,6061.862,mp_jul
16,6062.1618,mp_jul
22,6062.4616,mp_jul
22,6062.7614,mp_jul
22,6063.0612,mp_jul
16,6063.361,mp_jul
19,6063.6607,mp_jul
14,6063.9605,mp_jul
16,6064.2603,mp_jul
16,6064.5601,mp_jul
16,6064.8599,mp_jul
16,6065.1597,mp_jul
14,6065.4595,mp_jul
3,6065.7593,mp_jul
16,6066.059,mp_jul
19,6066.3588,mp_jul
16,6066.6586,mp_jul
19,6066.9584,mp_jul
19,6067.2582,mp_jul
24,6067.558,mp_jul
19,6067.8578,mp_jul
24,6068.1575,mp_jul
24,6068.4573,mp_jul
24,6068.7571,mp_jul
24,6069.0569,mp_jul
24,6069.3566,mp_jul
19,6069.6564,mp_jul
24,6069.9563,mp_jul
24,6070.256,mp_jul
24,6070.5558,mp_jul
24,6070.8556,mp_jul
24,6071.1555,mp_jul
26,6071.4552,mp_jul
24,6071.755,mp_jul
24,6072.0548,mp_jul
24,6072.3546,mp_jul
24,6072.6543,mp_jul
24,6072.9541,mp_jul
14,6073.2539,mp_jul
19,6073.5537,mp_jul
24,6073.8535,mp_jul
24,6074.1532,mp_jul
24,6074.4531,mp_jul
24,6074.7528,mp_jul
24,6075.0527,mp_jul
24,6075.3524,mp_jul
24,6075.6522,mp_jul
24,6075.952,mp_jul
24,6076.2518,mp_jul
24,6076.5516,mp_jul
24,6076.8514,mp_jul
20,6077.1511,mp_jul
24,6077.4509,mp_jul
24,6077.7507,mp_jul
16,6078.0504,mp_jul
22,6078.3502,mp_jul
23,6078.65,mp_jul
23,6078.9598,mp_jul
23,6079.2496,mp_jul
22,6079.5494,mp_jul
23,6079.8492,mp_jul
23,6080.149,mp_jul
23,6080.4488,mp_jul
23,6080.7485,mp_jul
23,6081.0483,mp_jul
23,6081.3481,mp_jul
5,6081.6479,mp_jul
2,6081.9477,mp_jul
5,6082.2475,mp_jul
20,6082.5473,mp_jul
10,6082.847,mp_jul
20,6083.1468,mp_jul
19,6083.4466,mp_jul
10,6083.7464,mp_jul
5,6084.0462,mp_jul
3,6084.346,mp_jul
3,6084.6458,mp_jul
5,6084.9456,mp_jul
3,6085.2453,mp_jul
1,6085.5452,mp_jul
5,6085.8449,mp_jul
3,6086.1447,mp_jul
11,6086.4445,mp_jul
14,6086.7443,mp_jul
22,6087.0441,mp_jul
14,6087.3438,mp_jul
3,6087.6436,mp_jul
5,6087.9434,mp_jul
2,6088.2433,mp_jul
11,6088.543,mp_jul
3,6088.8428,mp_jul
14,6089.1426,mp_jul
14,6089.4424,mp_jul
14,6089.7421,mp_jul
14,6090.042,mp_jul
20,6090.3417,mp_jul
20,6090.6415,mp_jul
14,6090.9413,mp_jul
16,6091.2411,mp_jul
18,6091.5409,mp_jul
22,6091.8407,mp_jul
14,6092.1405,mp_jul
14,6092.4402,mp_jul
20,6092.74,mp_jul
16,6093.0398,mp_jul
14,6093.3396,mp_jul
16,6093.6393,mp_jul
22,6093.9392,mp_jul
20,6094.2389,mp_jul
1,6094.5387,mp_jul
1,6094.8385,mp_jul
7,6095.1384,mp_jul
6,6095.4381,mp_jul
6,6095.7379,mp_jul
6,6096.0377,mp_jul
2,6096.3375,mp_jul
15,6096.6372,mp_jul
15,6096.937,mp_jul
2,6097.2368,mp_jul
15,6097.5366,mp_jul
15,6097.8364,mp_jul
14,6098.1362,mp_jul
16,6098.436,mp_jul
16,6098.7358,mp_jul
22,6099.0355,mp_jul
16,6099.3353,mp_jul
22,6099.6351,mp_jul
1,6099.9349,mp_jul
3,6100.2347,mp_jul
18,6100.5345,mp_jul
22,6100.8342,mp_jul
22,6101.134,mp_jul
22,6101.4338,mp_jul
22,6101.7337,mp_jul
25,6102.0334,mp_jul
18,6102.3332,mp_jul
25,6102.633,mp_jul
25,6102.9327,mp_jul
14,6103.2325,mp_jul
5,6103.5324,mp_jul
3,6103.8321,mp_jul
14,6104.1319,mp_jul
3,6104.4317,mp_jul
16,6104.7315,mp_jul
14,6105.0313,mp_jul
14,6105.3311,mp_jul
20,6105.6308,mp_jul
20,6105.9307,mp_jul
3,6106.2304,mp_jul
18,6106.5302,mp_jul
22,6106.83,mp_jul
22,6107.1298,mp_jul
18,6107.4296,mp_jul
22,6107.7294,mp_jul
18,6108.0292,mp_jul
5,6108.329,mp_jul
5,6108.6287,mp_jul
20,6108.9285,mp_jul
10,6109.2283,mp_jul
6,6109.5281,mp_jul
10,6109.8279,mp_jul
10,6110.1276,mp_jul
6,6110.4275,mp_jul
6,6110.7273,mp_jul
20,6111.0271,mp_jul
20,6111.3268,mp_jul
6,6111.6266,mp_jul
8,6111.9264,mp_jul
13,6112.2262,mp_jul
13,6112.526,mp_jul
7,6112.8258,mp_jul
20,6113.1256,mp_jul
24,6113.4253,mp_jul
20,6113.7251,mp_jul
24,6114.0249,mp_jul
24,6114.3247,mp_jul
24,6114.6245,mp_jul
16,6114.9243,mp_jul
14,6115.2241,mp_jul
5,6115.5239,mp_jul
1,6115.8237,mp_jul
1,6116.1235,mp_jul
3,6116.4232,mp_jul
18,6116.723,mp_jul
22,6117.0228,mp_jul
22,6117.3226,mp_jul
22,6117.6223,mp_jul
18,6117.9221,mp_jul
23,6118.222,mp_jul
25,6118.5217,mp_jul
23,6118.8215,mp_jul
23,6119.1213,mp_jul
23,6119.4211,mp_jul
23,6119.7209,mp_jul
23,6120.0207,mp_jul
23,6120.3204,mp_jul
23,6120.6203,mp_jul
23,6120.92,mp_jul
23,6121.2198,mp_jul
22,6121.5196,mp_jul
22,6121.8194,mp_jul
22,6122.1191,mp_jul
22,6122.4189,mp_jul
18,6122.7187,mp_jul
22,6123.0186,mp_jul
18,6123.3183,mp_jul
9,6123.6181,mp_jul
22,6123.9179,mp_jul
9,6124.2177,mp_jul
16,6124.5175,mp_jul
18,6124.8172,mp_jul
23,6125.117,mp_jul
26,6125.4168,mp_jul
25,6125.7166,mp_jul
25,6126.0165,mp_jul
23,6126.3162,mp_jul
23,6126.616,mp_jul
23,6126.9157,mp_jul
25,6127.2155,mp_jul
14,6127.5154,mp_jul
9,6127.8152,mp_jul
25,6128.1149,mp_jul
23,6128.4147,mp_jul
23,6128.7145,mp_jul
23,6129.0143,mp_jul
23,6129.314,mp_jul
23,6129.6139,mp_jul
23,6129.9137,mp_jul
23,6130.2134,mp_jul
23,6130.5132,mp_jul
23,6130.813,mp_jul
23,6131.1128,mp_jul
23,6131.4125,mp_jul
23,6131.7124,mp_jul
23,6132.0122,mp_jul
23,6132.3119,mp_jul
23,6132.6117,mp_jul
23,6132.9115,mp_jul
23,6133.2113,mp_jul
23,6133.5111,mp_jul
23,6133.8109,mp_jul
23,6134.1107,mp_jul
23,6134.4105,mp_jul
23,6134.7102,mp_jul
23,6135.0101,mp_jul
23,6135.3098,mp_jul
18,6135.6096,mp_jul
23,6135.9094,mp_jul
23,6136.2092,mp_jul
23,6136.509,mp_jul
23,6136.8088,mp_jul
23,6137.1085,mp_jul
23,6137.4084,mp_jul
23,6137.7081,mp_jul
23,6138.0079,mp_jul
23,6138.3076,mp_jul
22,6138.6075,mp_jul
23,6138.9072,mp_jul
23,6139.207,mp_jul
23,6139.5068,mp_jul
22,6139.8066,mp_jul
22,6140.1064,mp_jul
5,6140.706,mp_jul
14,6141.0058,mp_jul
16,6141.3055,mp_jul
14,6141.6053,mp_jul
14,6141.9051,mp_jul
16,6142.2049,mp_jul
22,6142.5046,mp_jul
9,6142.8045,mp_jul
9,6143.1043,mp_jul
9,6143.4041,mp_jul
9,6143.7038,mp_jul
23,6144.0036,mp_jul
23,6144.3034,mp_jul
22,6144.6032,mp_jul
22,6144.903,mp_jul
22,6145.2028,mp_jul
18,6145.5026,mp_jul
23,6145.8023,mp_jul
23,6146.1021,mp_jul
25,6146.4019,mp_jul
22,6146.7017,mp_jul
25,6147.0015,mp_jul
25,6147.3013,mp_jul
22,6147.6011,mp_jul
22,6147.9009,mp_jul
23,6148.2006,mp_jul
23,6148.5004,mp_jul
23,6148.8002,mp_jul
23,6149.1,mp_jul
23,6149.3998,mp_jul
23,6149.6996,mp_jul
23,6149.9994,mp_jul
23,6150.2992,mp_jul
23,6150.5989,mp_jul
23,6150.8987,mp_jul
23,6151.1985,mp_jul
23,6151.4983,mp_jul
23,6151.7981,mp_jul
23,6152.0979,mp_jul
23,6152.3977,mp_jul
23,6152.6975,mp_jul
23,6152.9972,mp_jul
23,6153.2971,mp_jul
23,6153.5968,mp_jul
23,6153.8966,mp_jul
23,6154.1964,mp_jul
23,6154.4962,mp_jul
23,6154.7959,mp_jul
23,6155.0957,mp_jul
23,6155.3955,mp_jul
23,6155.6953,mp_jul
23,6155.9951,mp_jul
23,6156.2949,mp_jul
23,6156.5947,mp_jul
22,6156.8945,mp_jul
22,6157.1943,mp_jul
18,6157.494,mp_jul
22,6157.7939,mp_jul
9,6158.0936,mp_jul
23,6158.3934,mp_jul
25,6158.6932,mp_jul
23,6158.993,mp_jul
23,6159.2928,mp_jul
23,6159.5925,mp_jul
23,6159.8924,mp_jul
23,6160.1921,mp_jul
23,6160.4919,mp_jul
23,6160.7917,mp_jul
22,6161.0915,mp_jul
22,6161.3913,mp_jul
22,6161.691,mp_jul
14,6161.9908,mp_jul
5,6162.2907,mp_jul
25,6162.5904,mp_jul
16,6162.8902,mp_jul
16,6163.19,mp_jul
22,6163.4898,mp_jul
18,6163.7896,mp_jul
14,6164.0893,mp_jul
23,6164.3892,mp_jul
23,6164.6889,mp_jul
18,6164.9887,mp_jul
22,6165.5884,mp_jul
23,6165.8881,mp_jul
23,6166.1879,mp_jul
23,6166.4876,mp_jul
23,6166.7875,mp_jul
23,6167.0872,mp_jul
23,6167.3871,mp_jul
23,6167.6868,mp_jul
26,6167.9866,mp_jul
26,6168.2863,mp_jul
23,6168.5862,mp_jul
23,6168.886,mp_jul
23,6169.1858,mp_jul
22,6169.4855,mp_jul
22,6169.7853,mp_jul
22,6170.0851,mp_jul
25,6170.3849,mp_jul
25,6170.6847,mp_jul
3,6170.9845,mp_jul
3,6171.2843,mp_jul
14,6171.5841,mp_jul
14,6171.8838,mp_jul
14,6172.1836,mp_jul
16,6172.4834,mp_jul
14,6172.7832,mp_jul
14,6173.083,mp_jul
14,6173.3828,mp_jul
16,6173.6826,mp_jul
16,6173.9823,mp_jul
9,6174.2821,mp_jul
9,6174.5819,mp_jul
9,6174.8817,mp_jul
9,6175.1815,mp_jul
23,6175.4812,mp_jul
23,6175.7811,mp_jul
23,6176.0809,mp_jul
23,6176.3806,mp_jul
23,6176.6804,mp_jul
23,6176.9802,mp_jul
23,6177.28,mp_jul
23,6177.5798,mp_jul
23,6177.8796,mp_jul
23,6178.1794,mp_jul
23,6178.4792,mp_jul
23,6178.7789,mp_jul
23,6179.0787,mp_jul
23,6179.3785,mp_jul
23,6179.6783,mp_jul
23,6179.9781,mp_jul
23,6180.2779,mp_jul
23,6180.5776,mp_jul
23,6180.8774,mp_jul
23,6181.1772,mp_jul
23,6181.477,mp_jul
23,6181.7768,mp_jul
23,6182.0766,mp_jul
23,6182.3764,mp_jul
23,6182.6762,mp_jul
23,6182.976,mp_jul
23,6183.2757,mp_jul
23,6183.5755,mp_jul
23,6183.8753,mp_jul
23,6184.1751,mp_jul
23,6184.4749,mp_jul
23,6184.7747,mp_jul
23,6185.0745,mp_jul
23,6185.3742,mp_jul
23,6185.6741,mp_jul
23,6185.9738,mp_jul
23,6186.2737,mp_jul
23,6186.5734,mp_jul
23,6186.8732,mp_jul
23,6187.173,mp_jul
23,6187.4727,mp_jul
23,6187.7726,mp_jul
23,6188.0724,mp_jul
23,6188.3721,mp_jul
23,6188.6719,mp_jul
23,6188.9717,mp_jul
23,6189.2715,mp_jul
23,6189.5713,mp_jul
23,6189.871,mp_jul
23,6190.1708,mp_jul
23,6190.4706,mp_jul
23,6190.7704,mp_jul
23,6191.0702,mp_jul
23,6191.37,mp_jul
23,6191.6698,mp_jul
23,6191.9696,mp_jul
23,6192.2693,mp_jul
23,6192.5692,mp_jul
23,6192.8689,mp_jul
23,6193.1687,mp_jul
23,6193.4685,mp_jul
23,6193.7684,mp_jul
23,6194.0681,mp_jul
23,6194.3679,mp_jul
23,6194.6677,mp_jul
23,6194.9674,mp_jul
23,6195.2672,mp_jul
8,6195.567,mp_jul
23,6195.8668,mp_jul
23,6196.1666,mp_jul
23,6196.4664,mp_jul
23,6196.7661,mp_jul
23,6197.066,mp_jul
23,6197.3658,mp_jul
23,6197.6656,mp_jul
23,6197.9653,mp_jul
23,6198.2651,mp_jul
23,6198.5649,mp_jul
23,6198.8646,mp_jul
23,6199.1644,mp_jul
23,6199.4643,mp_jul
23,6199.7641,mp_jul
23,6200.0638,mp_jul
23,6200.3636,mp_jul
23,6200.6634,mp_jul
23,6200.9632,mp_jul
23,6201.2629,mp_jul
23,6201.5627,mp_jul
23,6201.8626,mp_jul
23,6202.1623,mp_jul
23,6202.4621,mp_jul
23,6202.7619,mp_jul
23,6203.0617,mp_jul
9,6203.3615,mp_jul
22,6203.6612,mp_jul
23,6203.9611,mp_jul
23,6204.2608,mp_jul
23,6204.5606,mp_jul
22,6204.8604,mp_jul
18,6205.1602,mp_jul
22,6205.46,mp_jul
22,6205.7597,mp_jul
22,6206.0596,mp_jul
14,6206.3593,mp_jul
20,6206.6591,mp_jul
14,6206.9589,mp_jul
14,6207.2587,mp_jul
14,6207.5585,mp_jul
14,6207.8583,mp_jul
14,6208.158,mp_jul
14,6208.4578,mp_jul
14,6208.7576,mp_jul
14,6209.0574,mp_jul
14,6209.3572,mp_jul
14,6209.657,mp_jul
24,6209.9568,mp_jul
24,6210.2566,mp_jul
24,6210.5564,mp_jul
24,6210.8561,mp_jul
24,6211.1559,mp_jul
24,6211.4557,mp_jul
20,6211.7555,mp_jul
20,6212.0553,mp_jul
20,6212.3551,mp_jul
20,6212.6548,mp_jul
20,6212.9547,mp_jul
3,6213.2545,mp_jul
3,6213.5542,mp_jul
18,6213.854,mp_jul
16,6214.1538,mp_jul
14,6214.4536,mp_jul
25,6214.7534,mp_jul
18,6215.0532,mp_jul
18,6215.353,mp_jul
22,6215.6528,mp_jul
14,6215.9526,mp_jul
16,6216.2524,mp_jul
14,6216.5521,mp_jul
22,6216.8519,mp_jul
18,6217.1516,mp_jul
22,6217.4515,mp_jul
14,6217.7512,mp_jul
14,6218.051,mp_jul
19,6218.3508,mp_jul
24,6218.6506,mp_jul
24,6218.9504,mp_jul
24,6219.2502,mp_jul
24,6219.55,mp_jul
24,6219.8498,mp_jul
24,6220.1495,mp_jul
24,6220.4493,mp_jul
24,6220.7492,mp_jul
24,6221.0489,mp_jul
24,6221.3487,mp_jul
24,6221.6485,mp_jul
24,6221.9483,mp_jul
24,6222.2481,mp_jul
24,6222.5478,mp_jul
24,6222.8477,mp_jul
24,6223.1474,mp_jul
24,6223.4472,mp_jul
24,6223.747,mp_jul
24,6224.0468,mp_jul
24,6224.3466,mp_jul
24,6224.6464,mp_jul
19,6224.9461,mp_jul
16,6225.2459,mp_jul
14,6225.5457,mp_jul
25,6225.8455,mp_jul
26,6226.1453,mp_jul
18,6226.4451,mp_jul
22,6226.7449,mp_jul
5,6227.0446,mp_jul
18,6227.3444,mp_jul
22,6227.6443,mp_jul
18,6227.944,mp_jul
17,6228.2438,mp_jul
18,6228.5436,mp_jul
3,6228.8434,mp_jul
5,6229.1432,mp_jul
19,6229.4429,mp_jul
24,6229.7427,mp_jul
24,6230.0425,mp_jul
24,6230.3423,mp_jul
24,6230.6421,mp_jul
24,6230.9419,mp_jul
24,6231.2416,mp_jul
24,6231.5414,mp_jul
24,6231.8412,mp_jul
24,6232.1411,mp_jul
24,6232.4408,mp_jul
24,6232.7406,mp_jul
24,6233.0404,mp_jul
24,6233.3402,mp_jul
24,6233.64,mp_jul
24,6233.9398,mp_jul
24,6234.2395,mp_jul
24,6234.5393,mp_jul
24,6234.8391,mp_jul
24,6235.1389,mp_jul
24,6235.4387,mp_jul
24,6235.7385,mp_jul
24,6236.0383,mp_jul
24,6236.3381,mp_jul
26,6236.6379,mp_jul
24,6236.9376,mp_jul
24,6237.2374,mp_jul
24,6237.5372,mp_jul
24,6237.837,mp_jul
24,6238.1368,mp_jul
24,6238.4366,mp_jul
24,6238.7364,mp_jul
24,6239.0361,mp_jul
25,6239.336,mp_jul
26,6239.6357,mp_jul
24,6239.9355,mp_jul
24,6240.2353,mp_jul
24,6240.5351,mp_jul
16,6240.8349,mp_jul
14,6241.1347,mp_jul
13,6241.4345,mp_jul
21,6241.7342,mp_jul
21,6242.034,mp_jul
21,6242.3338,mp_jul
21,6242.6336,mp_jul
21,6242.9333,mp_jul
8,6243.2332,mp_jul
26,6243.533,mp_jul
21,6243.8327,mp_jul
21,6244.1324,mp_jul
21,6244.4323,mp_jul
21,6244.7321,mp_jul
21,6245.0319,mp_jul
21,6245.3316,mp_jul
21,6245.6314,mp_jul
25,6245.9313,mp_jul
18,6246.231,mp_jul
25,6246.5308,mp_jul
22,6246.8306,mp_jul
14,6247.1304,mp_jul
16,6247.4301,mp_jul
19,6247.73,mp_jul
24,6248.0298,mp_jul
24,6248.3295,mp_jul
24,6248.6293,mp_jul
24,6248.9291,mp_jul
24,6249.2289,mp_jul
24,6249.5287,mp_jul
24,6249.8285,mp_jul
24,6250.1283,mp_jul
24,6250.4281,mp_jul
24,6250.7279,mp_jul
24,6251.0277,mp_jul
24,6251.3275,mp_jul
24,6251.6272,mp_jul
24,6251.927,mp_jul
24,6252.2268,mp_jul
24,6252.5266,mp_jul
24,6252.8264,mp_jul
21,6253.1262,mp_jul
21,6253.4259,mp_jul
21,6253.7257,mp_jul
21,6254.0255,mp_jul
24,6254.3253,mp_jul
24,6254.6251,mp_jul
24,6254.9249,mp_jul
24,6255.2246,mp_jul
14,6255.5244,mp_jul
20,6255.8243,mp_jul
6,6256.124,mp_jul
1,6256.4238,mp_jul
7,6256.7236,mp_jul
7,6257.0234,mp_jul
17,6257.3232,mp_jul
14,6257.6229,mp_jul
14,6257.9228,mp_jul
14,6258.2226,mp_jul
25,6258.5223,mp_jul
26,6258.8221,mp_jul
25,6259.1219,mp_jul
14,6259.4217,mp_jul
18,6259.7214,mp_jul
22,6260.0212,mp_jul
7,6260.3211,mp_jul
13,6260.6209,mp_jul
21,6260.9206,mp_jul
26,6261.2204,mp_jul
21,6261.5202,mp_jul
21,6261.82,mp_jul
21,6262.1198,mp_jul
26,6262.4195,mp_jul
21,6262.7193,mp_jul
21,6263.0191,mp_jul
21,6263.3189,mp_jul
21,6263.6188,mp_jul
21,6263.9185,mp_jul
21,6264.2182,mp_jul
26,6264.518,mp_jul
21,6264.8179,mp_jul
14,6265.1176,mp_jul
14,6265.4174,mp_jul
25,6265.7172,mp_jul
25,6266.017,mp_jul
25,6266.3168,mp_jul
16,6266.6165,mp_jul
14,6266.9164,mp_jul
16,6267.8158,mp_jul
25,6268.1156,mp_jul
26,6268.4153,mp_jul
21,6268.7151,mp_jul
26,6269.0149,mp_jul
26,6269.3147,mp_jul
26,6269.6145,mp_jul
21,6269.9142,mp_jul
21,6270.214,mp_jul
21,6270.5139,mp_jul
21,6270.8136,mp_jul
21,6271.1134,mp_jul
26,6271.4132,mp_jul
25,6271.713,mp_jul
14,6272.0128,mp_jul
22,6272.3125,mp_jul
18,6272.6123,mp_jul
22,6272.9121,mp_jul
25,6273.2119,mp_jul
18,6273.5117,mp_jul
18,6273.8115,mp_jul
22,6274.1113,mp_jul
18,6274.4111,mp_jul
18,6274.7108,mp_jul
1,6275.0107,mp_jul
17,6275.3104,mp_jul
13,6275.6102,mp_jul
13,6275.91,mp_jul
8,6276.2098,mp_jul
17,6276.5105,mp_jul
13,6276.8094,mp_jul
21,6277.1092,mp_jul
17,6277.4089,mp_jul
18,6277.7087,mp_jul
18,6278.0085,mp_jul
18,6278.3084,mp_jul
22,6278.6082,mp_jul
3,6278.9079,mp_jul
14,6279.2077,mp_jul
14,6279.5075,mp_jul
14,6279.8073,mp_jul
14,6280.107,mp_jul
14,6280.4069,mp_jul
14,6280.7066,mp_jul
18,6281.0064,mp_jul
25,6281.3062,mp_jul
23,6281.606,mp_jul
22,6281.9058,mp_jul
25,6282.2056,mp_jul
22,6282.5053,mp_jul
18,6282.8052,mp_jul
22,6283.1049,mp_jul
25,6283.4048,mp_jul
22,6283.7045,mp_jul
14,6284.0043,mp_jul
14,6284.3042,mp_jul
16,6284.6039,mp_jul
25,6284.9036,mp_jul
21,6285.2035,mp_jul
26,6285.5032,mp_jul
21,6285.8031,mp_jul
26,6286.1028,mp_jul
21,6286.4026,mp_jul
21,6286.7024,mp_jul
21,6287.0022,mp_jul
26,6287.302,mp_jul
26,6287.6018,mp_jul
21,6287.9016,mp_jul
26,6288.2013,mp_jul
26,6288.5011,mp_jul
26,6288.8009,mp_jul
26,6289.1007,mp_jul
25,6289.4005,mp_jul
14,6289.7003,mp_jul
25,6290.0,mp_jul
18,6290.2999,mp_jul
22,6290.5997,mp_jul
25,6290.8995,mp_jul
25,6291.1992,mp_jul
8,6291.499,mp_jul
26,6291.7988,mp_jul
21,6292.0987,mp_jul
26,6292.3984,mp_jul
22,6292.6982,mp_jul
22,6292.9979,mp_jul
14,6293.2978,mp_jul
1,6293.5975,mp_jul
7,6293.8974,mp_jul
17,6294.1971,mp_jul
7,6294.4969,mp_jul
17,6294.7967,mp_jul
13,6295.0965,mp_jul
13,6295.3963,mp_jul
13,6295.6961,mp_jul
13,6295.9959,mp_jul
13,6296.2957,mp_jul
13,6296.5955,mp_jul
13,6296.8953,mp_jul
21,6297.195,mp_jul
21,6297.4948,mp_jul
21,6297.7947,mp_jul
25,6298.0944,mp_jul
25,6298.3942,mp_jul
25,6298.694,mp_jul
1,6298.9938,mp_jul
1,6299.2935,mp_jul
7,6299.5934,mp_jul
17,6299.8931,mp_jul
17,6300.1929,mp_jul
8,6300.4927,mp_jul
13,6300.7925,mp_jul
13,6301.0923,mp_jul
21,6301.3921,mp_jul
26,6301.6919,mp_jul
14,6301.9917,mp_jul
14,6302.2964,mp_jul
14,6302.5912,mp_jul
14,6302.891,mp_jul
25,6303.1908,mp_jul
1,6303.4905,mp_jul
3,6303.7954,mp_jul
25,6304.0902,mp_jul
16,6304.39,mp_jul
16,6304.6897,mp_jul
25,6305.2893,mp_jul
26,6305.5891,mp_jul
21,6305.889,mp_jul
21,6306.1887,mp_jul
21,6306.4885,mp_jul
21,6306.7883,mp_jul
21,6307.0881,mp_jul
21,6307.3878,mp_jul
21,6307.6876,mp_jul
26,6307.9874,mp_jul
21,6308.2872,mp_jul
21,6308.587,mp_jul
21,6308.8868,mp_jul
21,6309.1867,mp_jul
21,6309.4864,mp_jul
21,6309.7862,mp_jul
26,6310.086,mp_jul
21,6310.3857,mp_jul
26,6310.6855,mp_jul
26,6310.9853,mp_jul
21,6311.2851,mp_jul
26,6311.5849,mp_jul
26,6311.8847,mp_jul
26,6312.1844,mp_jul
21,6312.4843,mp_jul
21,6312.784,mp_jul
26,6313.0838,mp_jul
21,6313.3836,mp_jul
26,6313.6834,mp_jul
21,6313.9832,mp_jul
21,6314.2829,mp_jul
26,6314.5828,mp_jul
21,6314.8826,mp_jul
26,6315.1824,mp_jul
26,6315.4821,mp_jul
26,6315.7819,mp_jul
25,6316.0818,mp_jul
14,6316.3815,mp_jul
3,6316.6813,mp_jul
5,6316.9811,mp_jul
25,6317.2809,mp_jul
17,6317.5807,mp_jul
13,6317.8805,mp_jul
13,6318.182,mp_jul
25,6318.4759,mp_jul
14,6318.7756,mp_jul
14,6319.0754,mp_jul
14,6319.3752,mp_jul
25,6319.675,mp_jul
25,6319.9748,mp_jul
14,6320.2746,mp_jul
14,6320.5743,mp_jul
17,6320.8742,mp_jul
21,6321.174,mp_jul
21,6321.4738,mp_jul
21,6321.7735,mp_jul
26,6322.0733,mp_jul
26,6322.3731,mp_jul
26,6322.6729,mp_jul
26,6322.9727,mp_jul
21,6323.2724,mp_jul
21,6323.5723,mp_jul
21,6323.872,mp_jul
21,6324.1718,mp_jul
21,6324.7714,mp_jul
21,6325.074,mp_jul
21,6325.371,mp_jul
21,6325.6708,mp_jul
21,6325.9706,mp_jul
21,6326.2704,mp_jul
21,6326.5701,mp_jul
21,6326.8699,mp_jul
21,6327.1697,mp_jul
21,6327.4695,mp_jul
21,6327.7693,mp_jul
26,6328.0691,mp_jul
26,6328.3689,mp_jul
21,6328.6687,mp_jul
21,6328.9684,mp_jul
21,6329.2682,mp_jul
21,6329.568,mp_jul
21,6329.8678,mp_jul
21,6330.1676,mp_jul
21,6330.4674,mp_jul
21,6330.7672,mp_jul
21,6331.067,mp_jul
21,6331.3668,mp_jul
21,6331.6666,mp_jul
21,6331.9664,mp_jul
21,6332.2662,mp_jul
21,6332.5659,mp_jul
21,6332.8657,mp_jul
21,6333.1656,mp_jul
21,6333.4653,mp_jul
21,6333.7651,mp_jul
21,6334.0649,mp_jul
21,6334.3647,mp_jul
21,6334.6644,mp_jul
21,6334.9643,mp_jul
26,6335.2641,mp_jul
26,6335.5639,mp_jul
21,6335.8636,mp_jul
21,6336.1634,mp_jul
21,6336.4632,mp_jul
21,6336.763,mp_jul
21,6337.0628,mp_jul
21,6337.3626,mp_jul
21,6337.6624,mp_jul
21,6337.9622,mp_jul
21,6338.2619,mp_jul
26,6338.5617,mp_jul
21,6338.8615,mp_jul
21,6339.1612,mp_jul
21,6339.4611,mp_jul
26,6339.7609,mp_jul
14,6340.0606,mp_jul
14,6340.3605,mp_jul
8,6340.6603,mp_jul
21,6340.96,mp_jul
21,6341.2598,mp_jul
21,6341.5596,mp_jul
21,6341.8594,mp_jul
26,6342.1592,mp_jul
21,6342.4589,mp_jul
21,6342.7587,mp_jul
21,6343.0586,mp_jul
21,6343.3584,mp_jul
21,6343.6581,mp_jul
21,6343.9579,mp_jul
21,6344.2577,mp_jul
26,6344.5575,mp_jul
14,6344.8573,mp_jul
5,6345.1571,mp_jul
14,6345.4568,mp_jul
14,6345.7566,mp_jul
16,6346.0565,mp_jul
25,6346.3562,mp_jul
25,6346.6561,mp_jul
14,6346.9558,mp_jul
14,6347.2556,mp_jul
26,6347.5554,mp_jul
21,6347.8552,mp_jul
21,6348.155,mp_jul
8,6348.4548,mp_jul
25,6348.7546,mp_jul
26,6349.0543,mp_jul
21,6349.3542,mp_jul
21,6349.654,mp_jul
21,6349.9537,mp_jul
21,6350.2535,mp_jul
21,6350.5533,mp_jul
21,6350.8531,mp_jul
21,6351.1529,mp_jul
21,6351.4526,mp_jul
26,6351.7524,mp_jul
14,6352.0522,mp_jul
26,6352.352,mp_jul
21,6352.6519,mp_jul
21,6352.9516,mp_jul
21,6353.2514,mp_jul
21,6353.5512,mp_jul
21,6353.851,mp_jul
21,6354.1508,mp_jul
21,6354.4506,mp_jul
21,6354.7504,mp_jul
21,6355.0502,mp_jul
21,6355.3499,mp_jul
21,6355.6497,mp_jul
21,6355.9495,mp_jul
21,6356.2493,mp_jul
21,6356.5491,mp_jul
21,6356.8489,mp_jul
21,6357.1486,mp_jul
21,6357.4484,mp_jul
21,6357.7482,mp_jul
21,6358.048,mp_jul
21,6358.3478,mp_jul
21,6358.6476,mp_jul
21,6358.9474,mp_jul
21,6359.2472,mp_jul
21,6359.547,mp_jul
21,6359.8468,mp_jul
21,6360.1465,mp_jul
21,6360.4464,mp_jul
21,6360.7461,mp_jul
26,6361.0459,mp_jul
24,6361.3457,mp_jul
3,6361.6455,mp_jul
25,6361.9453,mp_jul
21,6362.2451,mp_jul
8,6362.5449,mp_jul
8,6362.8447,mp_jul
8,6363.1445,mp_jul
25,6363.4443,mp_jul
25,6363.7441,mp_jul
7,6364.0439,mp_jul
17,6364.3436,mp_jul
8,6364.6434,mp_jul
1,6364.9432,mp_jul
1,6365.243,mp_jul
1,6365.5428,mp_jul
1,6365.8435,mp_jul
1,6366.1424,mp_jul
1,6366.4421,mp_jul
5,6366.742,mp_jul
14,6367.0417,mp_jul
3,6367.3415,mp_jul
20,6367.6413,mp_jul
20,6367.9411,mp_jul
20,6368.2409,mp_jul
7,6368.5407,mp_jul
20,6368.8405,mp_jul
8,6369.1403,mp_jul
13,6369.4401,mp_jul
13,6369.7399,mp_jul
13,6370.0396,mp_jul
17,6370.3395,mp_jul
20,6370.6392,mp_jul
16,6370.939,mp_jul
14,6371.2388,mp_jul
25,6371.5386,mp_jul
26,6371.8384,mp_jul
22,6372.138,mp_jul
22,6372.438,mp_jul
14,6372.7377,mp_jul
26,6373.0375,mp_jul
8,6373.3373,mp_jul
21,6373.6371,mp_jul
21,6373.9369,mp_jul
21,6374.2367,mp_jul
21,6374.5364,mp_jul
21,6374.8363,mp_jul
21,6375.136,mp_jul
21,6375.4358,mp_jul
13,6375.7356,mp_jul
26,6376.0354,mp_jul
21,6376.3352,mp_jul
21,6376.6349,mp_jul
21,6376.9348,mp_jul
21,6377.2345,mp_jul
21,6377.5344,mp_jul
21,6377.8341,mp_jul
21,6378.134,mp_jul
21,6378.4337,mp_jul
26,6378.7335,mp_jul
25,6379.0332,mp_jul
18,6379.3331,mp_jul
25,6379.6328,mp_jul
18,6379.9327,mp_jul
17,6380.2325,mp_jul
22,6380.5323,mp_jul
18,6380.8321,mp_jul
1,6381.1319,mp_jul
15,6381.4317,mp_jul
7,6381.7314,mp_jul
8,6382.0312,mp_jul
17,6382.331,mp_jul
15,6382.6308,mp_jul
15,6382.9306,mp_jul
18,6383.2304,mp_jul
22,6383.5302,mp_jul
25,6383.8299,mp_jul
22,6384.1298,mp_jul
25,6384.4295,mp_jul
8,6384.7293,mp_jul
21,6385.0292,mp_jul
21,6385.3289,mp_jul
21,6385.6287,mp_jul
21,6385.9284,mp_jul
26,6386.2283,mp_jul
21,6386.5281,mp_jul
21,6386.8278,mp_jul
21,6387.1276,mp_jul
21,6387.4274,mp_jul
21,6387.7272,mp_jul
21,6388.027,mp_jul
21,6388.3268,mp_jul
21,6388.6266,mp_jul
21,6388.9264,mp_jul
21,6389.2262,mp_jul
21,6389.526,mp_jul
21,6389.8257,mp_jul
21,6390.1255,mp_jul
21,6390.4253,mp_jul
26,6390.7251,mp_jul
21,6391.0249,mp_jul
21,6391.3246,mp_jul
21,6391.6245,mp_jul
21,6391.9243,mp_jul
21,6392.2241,mp_jul
26,6392.5238,mp_jul
26,6392.8236,mp_jul
21,6393.1234,mp_jul
21,6393.4232,mp_jul
21,6393.723,mp_jul
21,6394.0228,mp_jul
21,6394.3226,mp_jul
21,6394.6224,mp_jul
21,6394.9221,mp_jul
21,6395.222,mp_jul
21,6395.5217,mp_jul
21,6395.8216,mp_jul
21,6396.1213,mp_jul
21,6396.4211,mp_jul
21,6396.7209,mp_jul
21,6397.0207,mp_jul
26,6397.3205,mp_jul
8,6397.6203,mp_jul
25,6397.9201,mp_jul
26,6398.2198,mp_jul
21,6398.5197,mp_jul
21,6398.8195,mp_jul
21,6399.1192,mp_jul
21,6399.419,mp_jul
21,6399.7188,mp_jul
21,6400.0185,mp_jul
21,6400.3184,mp_jul
21,6400.6182,mp_jul
21,6400.918,mp_jul
26,6401.2177,mp_jul
21,6401.5175,mp_jul
21,6401.8173,mp_jul
21,6402.1171,mp_jul
21,6402.4169,mp_jul
21,6402.7167,mp_jul
21,6403.0165,mp_jul
21,6403.3163,mp_jul
21,6403.616,mp_jul
21,6403.9158,mp_jul
21,6404.2157,mp_jul
21,6404.5154,mp_jul
21,6404.8152,mp_jul
21,6405.115,mp_jul
21,6405.4148,mp_jul
26,6405.7146,mp_jul
21,6406.0144,mp_jul
21,6406.3142,mp_jul
21,6406.614,mp_jul
21,6406.9137,mp_jul
26,6407.2135,mp_jul
21,6407.5133,mp_jul
21,6407.8132,mp_jul
21,6408.1128,mp_jul
21,6408.4127,mp_jul
21,6408.7124,mp_jul
21,6409.0122,mp_jul
21,6409.312,mp_jul
21,6409.6119,mp_jul
21,6409.9116,mp_jul
26,6410.2114,mp_jul
26,6410.5112,mp_jul
8,6410.811,mp_jul
14,6411.1109,mp_jul
26,6411.4106,mp_jul
21,6411.7104,mp_jul
21,6412.0102,mp_jul
21,6412.31,mp_jul
21,6412.6097,mp_jul
21,6412.9095,mp_jul
21,6413.2093,mp_jul
21,6413.5091,mp_jul
21,6413.8089,mp_jul
21,6414.1087,mp_jul
21,6414.4085,mp_jul
26,6414.7083,mp_jul
21,6415.008,mp_jul
26,6415.3079,mp_jul
26,6415.6076,mp_jul
26,6415.9074,mp_jul
21,6416.2072,mp_jul
26,6416.507,mp_jul
21,6416.8068,mp_jul
21,6417.1065,mp_jul
21,6417.4064,mp_jul
21,6417.7061,mp_jul
21,6418.006,mp_jul
21,6418.3057,mp_jul
26,6418.6055,mp_jul
26,6418.9054,mp_jul
21,6419.2051,mp_jul
21,6419.5049,mp_jul
26,6419.8047,mp_jul
26,6420.1045,mp_jul
21,6420.4043,mp_jul
21,6420.7041,mp_jul
21,6421.0038,mp_jul
26,6421.3036,mp_jul
21,6421.6034,mp_jul
21,6421.9032,mp_jul
26,6422.2031,mp_jul
21,6422.5028,mp_jul
21,6422.8026,mp_jul
21,6423.1024,mp_jul
21,6423.4021,mp_jul
26,6423.702,mp_jul
26,6424.0018,mp_jul
21,6424.3016,mp_jul
21,6424.6013,mp_jul
21,6424.9011,mp_jul
21,6425.2009,mp_jul
21,6425.5006,mp_jul
21,6425.8005,mp_jul
21,6426.1003,mp_jul
21,6426.4,mp_jul
21,6426.6998,mp_jul
21,6426.9996,mp_jul
21,6427.2995,mp_jul
26,6427.5992,mp_jul
21,6427.899,mp_jul
21,6428.1988,mp_jul
21,6428.4986,mp_jul
21,6428.7984,mp_jul
21,6429.0982,mp_jul
26,6429.398,mp_jul
21,6429.6977,mp_jul
21,6429.9975,mp_jul
26,6430.2973,mp_jul
21,6430.5972,mp_jul
26,6430.8969,mp_jul
21,6431.1967,mp_jul
26,6431.4965,mp_jul
21,6431.7963,mp_jul
21,6432.0961,mp_jul
21,6432.3959,mp_jul
21,6432.6956,mp_jul
21,6432.9954,mp_jul
21,6433.2953,mp_jul
26,6433.595,mp_jul
26,6433.8948,mp_jul
26,6434.1946,mp_jul
21,6434.4944,mp_jul
21,6434.7942,mp_jul
21,6435.094,mp_jul
21,6435.3938,mp_jul
21,6435.6936,mp_jul
21,6435.9933,mp_jul
21,6436.2931,mp_jul
21,6436.5929,mp_jul
21,6436.8927,mp_jul
25,6437.1925,mp_jul
21,6437.4923,mp_jul
21,6437.792,mp_jul
21,6438.0919,mp_jul
26,6438.3916,mp_jul
21,6438.6915,mp_jul
21,6438.9912,mp_jul
21,6439.291,mp_jul
21,6439.5907,mp_jul
21,6439.8906,mp_jul
21,6440.1904,mp_jul
21,6440.4902,mp_jul
21,6440.79,mp_jul
26,6441.0898,mp_jul
26,6441.3896,mp_jul
26,6441.6894,mp_jul
21,6441.9892,mp_jul
21,6442.289,mp_jul
21,6442.5887,mp_jul
21,6442.8885,mp_jul
21,6443.1883,mp_jul
21,6443.4881,mp_jul
21,6443.7879,mp_jul
21,6444.0877,mp_jul
21,6444.3875,mp_jul
21,6444.6872,mp_jul
21,6444.987,mp_jul
26,6445.2868,mp_jul
21,6445.5866,mp_jul
26,6445.8864,mp_jul
26,6446.1862,mp_jul
26,6446.486,mp_jul
21,6446.7857,mp_jul
21,6447.0855,mp_jul
21,6447.3853,mp_jul
21,6447.6852,mp_jul
21,6447.9849,mp_jul
26,6448.2847,mp_jul
21,6448.5845,mp_jul
21,6448.8843,mp_jul
21,6449.1841,mp_jul
21,6449.4839,mp_jul
26,6449.7836,mp_jul
26,6450.0834,mp_jul
26,6450.3832,mp_jul
26,6450.683,mp_jul
21,6450.9828,mp_jul
21,6451.2826,mp_jul
21,6451.5824,mp_jul
21,6451.8822,mp_jul
21,6452.182,mp_jul
21,6452.4818,mp_jul
21,6452.7816,mp_jul
21,6453.0814,mp_jul
21,6453.3811,mp_jul
26,6453.681,mp_jul
21,6453.9807,mp_jul
21,6454.2805,mp_jul
26,6454.5803,mp_jul
25,6454.8801,mp_jul
14,6455.1799,mp_jul
14,6455.4796,mp_jul
25,6455.7794,mp_jul
8,6456.0792,mp_jul
21,6456.3791,mp_jul
21,6456.6788,mp_jul
21,6456.9787,mp_jul
21,6457.2784,mp_jul
21,6457.5782,mp_jul
21,6457.878,mp_jul
26,6458.1778,mp_jul
26,6458.4775,mp_jul
21,6458.7773,mp_jul
21,6459.0771,mp_jul
21,6459.3769,mp_jul
21,6459.6767,mp_jul
21,6459.9765,mp_jul
26,6460.2763,mp_jul
21,6460.5761,mp_jul
21,6460.8758,mp_jul
26,6461.1757,mp_jul
21,6461.4754,mp_jul
21,6461.7752,mp_jul
21,6462.075,mp_jul
21,6462.3748,mp_jul
21,6462.6746,mp_jul
21,6462.9743,mp_jul
21,6463.2742,mp_jul
21,6463.574,mp_jul
21,6463.8738,mp_jul
21,6464.1736,mp_jul
21,6464.4733,mp_jul
26,6464.7731,mp_jul
26,6465.0729,mp_jul
21,6465.3727,mp_jul
21,6465.6725,mp_jul
21,6465.9723,mp_jul
26,6466.2721,mp_jul
26,6466.5719,mp_jul
21,6466.8716,mp_jul
21,6467.1714,mp_jul
21,6467.4713,mp_jul
21,6467.771,mp_jul
21,6468.0708,mp_jul
21,6468.3706,mp_jul
21,6468.6704,mp_jul
21,6468.9702,mp_jul
26,6469.27,mp_jul
21,6469.5698,mp_jul
21,6469.8696,mp_jul
21,6470.1693,mp_jul
21,6470.4691,mp_jul
26,6470.7689,mp_jul
21,6471.0687,mp_jul
21,6471.3685,mp_jul
21,6471.6683,mp_jul
21,6471.9681,mp_jul
21,6472.2679,mp_jul
21,6472.5676,mp_jul
21,6472.8674,mp_jul
21,6473.1672,mp_jul
21,6473.4671,mp_jul
21,6473.7668,mp_jul
26,6474.0666,mp_jul
21,6474.3664,mp_jul
21,6474.6662,mp_jul
21,6474.966,mp_jul
21,6475.2658,mp_jul
21,6475.5656,mp_jul
21,6475.8653,mp_jul
21,6476.1651,mp_jul
21,6476.465,mp_jul
21,6476.7647,mp_jul
21,6477.0645,mp_jul
26,6477.3643,mp_jul
25,6477.6641,mp_jul
25,6477.9638,mp_jul
26,6478.2636,mp_jul
21,6478.5634,mp_jul
21,6478.8632,mp_jul
21,6479.163,mp_jul
21,6479.4628,mp_jul
21,6479.7626,mp_jul
26,6480.0624,mp_jul
21,6480.3621,mp_jul
26,6480.662,mp_jul
26,6480.9617,mp_jul
21,6481.2616,mp_jul
21,6481.5613,mp_jul
21,6481.8611,mp_jul
21,6482.1609,mp_jul
26,6482.4607,mp_jul
26,6482.7605,mp_jul
26,6483.0603,mp_jul
26,6483.3601,mp_jul
26,6483.6599,mp_jul
26,6483.9596,mp_jul
21,6484.2594,mp_jul
21,6484.5592,mp_jul
21,6484.859,mp_jul
21,6485.1588,mp_jul
26,6485.4586,mp_jul
21,6485.7584,mp_jul
21,6486.0582,mp_jul
21,6486.358,mp_jul
21,6486.6578,mp_jul
26,6486.9576,mp_jul
21,6487.2574,mp_jul
21,6487.5571,mp_jul
26,6487.8569,mp_jul
26,6488.1568,mp_jul
21,6488.4565,mp_jul
26,6488.7563,mp_jul
21,6489.0561,mp_jul
21,6489.3559,mp_jul
26,6489.6557,mp_jul
21,6489.9555,mp_jul
21,6490.2552,mp_jul
21,6490.555,mp_jul
21,6490.8549,mp_jul
21,6491.1547,mp_jul
26,6491.4544,mp_jul
26,6491.7542,mp_jul
26,6492.054,mp_jul
21,6492.3538,mp_jul
21,6492.6535,mp_jul
21,6492.9533,mp_jul
21,6493.2532,mp_jul
21,6493.5529,mp_jul
21,6493.8527,mp_jul
21,6494.1525,mp_jul
21,6494.4523,mp_jul
21,6494.7521,mp_jul
21,6495.0518,mp_jul
26,6495.3516,mp_jul
21,6495.6515,mp_jul
21,6495.9513,mp_jul
21,6496.251,mp_jul
21,6496.5508,mp_jul
21,6496.8507,mp_jul
21,6497.1504,mp_jul
21,6497.4502,mp_jul
21,6497.7499,mp_jul
26,6498.0497,mp_jul
21,6498.3496,mp_jul
21,6498.6493,mp_jul
21,6498.9492,mp_jul
21,6499.2489,mp_jul
21,6499.5487,mp_jul
26,6499.8485,mp_jul
26,6500.1483,mp_jul
21,6500.4481,mp_jul
26,6500.7479,mp_jul
21,6501.0477,mp_jul
26,6501.3475,mp_jul
21,6501.6473,mp_jul
26,6501.947,mp_jul
21,6502.2468,mp_jul
21,6502.5466,mp_jul
26,6502.8464,mp_jul
25,6503.1462,mp_jul
8,6503.446,mp_jul
21,6503.7458,mp_jul
21,6504.0456,mp_jul
21,6504.3453,mp_jul
21,6504.6452,mp_jul
21,6504.9449,mp_jul
26,6505.2447,mp_jul
21,6505.5445,mp_jul
21,6505.8444,mp_jul
26,6506.144,mp_jul
26,6506.4439,mp_jul
21,6506.7437,mp_jul
26,6507.0435,mp_jul
26,6507.3432,mp_jul
21,6507.6431,mp_jul
21,6507.9428,mp_jul
21,6508.2426,mp_jul
21,6508.5424,mp_jul
21,6508.8423,mp_jul
26,6509.142,mp_jul
26,6509.4418,mp_jul
21,6509.7416,mp_jul
21,6510.0414,mp_jul
21,6510.3411,mp_jul
21,6510.641,mp_jul
21,6510.9408,mp_jul
21,6511.2405,mp_jul
26,6511.5404,mp_jul
26,6511.8401,mp_jul
21,6512.1399,mp_jul
21,6512.4397,mp_jul
21,6512.7395,mp_jul
21,6513.0393,mp_jul
21,6513.339,mp_jul
21,6513.6388,mp_jul
21,6513.9387,mp_jul
26,6514.2384,mp_jul
26,6514.5382,mp_jul
26,6514.838,mp_jul
26,6515.1378,mp_jul
21,6515.4376,mp_jul
21,6515.7374,mp_jul
21,6516.0372,mp_jul
21,6516.337,mp_jul
21,6516.6367,mp_jul
26,6516.9366,mp_jul
21,6517.2363,mp_jul
21,6517.5361,mp_jul
21,6517.8359,mp_jul
8,6518.1357,mp_jul
21,6518.4355,mp_jul
26,6518.7353,mp_jul
21,6519.0351,mp_jul
21,6519.3348,mp_jul
26,6519.6346,mp_jul
21,6519.9344,mp_jul
21,6520.2342,mp_jul
21,6520.534,mp_jul
21,6520.8338,mp_jul
21,6521.1336,mp_jul
21,6521.4334,mp_jul
21,6521.7332,mp_jul
21,6522.033,mp_jul
21,6522.3327,mp_jul
21,6522.6326,mp_jul
21,6522.9323,mp_jul
26,6523.2321,mp_jul
21,6523.5319,mp_jul
26,6523.8317,mp_jul
21,6524.1315,mp_jul
21,6524.4313,mp_jul
21,6524.7311,mp_jul
21,6525.0309,mp_jul
21,6525.3307,mp_jul
21,6525.6304,mp_jul
21,6525.9302,mp_jul
21,6526.23,mp_jul
21,6526.5298,mp_jul
21,6526.8296,mp_jul
21,6527.1294,mp_jul
26,6527.4292,mp_jul
21,6527.729,mp_jul
21,6528.0287,mp_jul
21,6528.3285,mp_jul
21,6528.6283,mp_jul
21,6528.9281,mp_jul
21,6529.2279,mp_jul
21,6529.5277,mp_jul
21,6529.8275,mp_jul
21,6530.1273,mp_jul
21,6530.4271,mp_jul
21,6530.7269,mp_jul
21,6531.0266,mp_jul
21,6531.3264,mp_jul
21,6531.6262,mp_jul
21,6531.926,mp_jul
21,6532.2258,mp_jul
21,6532.5256,mp_jul
21,6532.8254,mp_jul
21,6533.126,mp_jul
21,6533.425,mp_jul
21,6533.7247,mp_jul
21,6534.0245,mp_jul
26,6534.3244,mp_jul
26,6534.6242,mp_jul
21,6534.9239,mp_jul
21,6535.2237,mp_jul
21,6535.5235,mp_jul
21,6535.8233,mp_jul
21,6536.1231,mp_jul
21,6536.4229,mp_jul
21,6536.7227,mp_jul
21,6537.0225,mp_jul
21,6537.3222,mp_jul
21,6537.622,mp_jul
21,6537.9218,mp_jul
21,6538.2216,mp_jul
21,6538.5214,mp_jul
21,6538.8212,mp_jul
21,6539.121,mp_jul
21,6539.4208,mp_jul
21,6539.7205,mp_jul
21,6540.0204,mp_jul
21,6540.3201,mp_jul
21,6540.6199,mp_jul
21,6540.9197,mp_jul
26,6541.2195,mp_jul
21,6541.5193,mp_jul
21,6541.8191,mp_jul
21,6542.1189,mp_jul
21,6542.4187,mp_jul
21,6542.7185,mp_jul
21,6543.0183,mp_jul
21,6543.318,mp_jul
21,6543.6179,mp_jul
21,6543.9175,mp_jul
21,6544.2174,mp_jul
21,6544.5172,mp_jul
21,6544.817,mp_jul
21,6545.1167,mp_jul
21,6545.4166,mp_jul
21,6545.7163,mp_jul
21,6546.0162,mp_jul
21,6546.316,mp_jul
26,6546.6157,mp_jul
21,6546.9155,mp_jul
21,6547.2153,mp_jul
21,6547.5151,mp_jul
21,6547.8148,mp_jul
21,6548.1147,mp_jul
21,6548.4145,mp_jul
21,6548.7142,mp_jul
21,6549.014,mp_jul
21,6549.3138,mp_jul
21,6549.6136,mp_jul
21,6549.9134,mp_jul
21,6550.2132,mp_jul
21,6550.513,mp_jul
21,6550.8128,mp_jul
21,6551.1126,mp_jul
21,6551.4124,mp_jul
21,6551.7122,mp_jul
21,6552.0119,mp_jul
21,6552.3117,mp_jul
21,6552.6116,mp_jul
21,6552.9113,mp_jul
21,6553.2111,mp_jul
21,6553.5109,mp_jul
21,6553.8107,mp_jul
21,6554.1104,mp_jul
21,6554.4103,mp_jul
21,6554.7101,mp_jul
21,6555.0099,mp_jul
21,6555.3096,mp_jul
21,6555.6094,mp_jul
21,6555.9092,mp_jul
21,6556.209,mp_jul
21,6556.5088,mp_jul
21,6556.8086,mp_jul
21,6557.1084,mp_jul
21,6557.4081,mp_jul
21,6557.7079,mp_jul
21,6558.0077,mp_jul
21,6558.3075,mp_jul
21,6558.6073,mp_jul
21,6558.9071,mp_jul
21,6559.2068,mp_jul
21,6559.5067,mp_jul
21,6559.8065,mp_jul
21,6560.1063,mp_jul
21,6560.406,mp_jul
21,6560.7058,mp_jul
21,6561.0056,mp_jul
21,6561.3054,mp_jul
21,6561.6052,mp_jul
21,6561.905,mp_jul
21,6562.2048,mp_jul
21,6562.5046,mp_jul
21,6562.8044,mp_jul
21,6563.1041,mp_jul
21,6563.4082,mp_jul
21,6563.7038,mp_jul
21,6564.0035,mp_jul
21,6564.3033,mp_jul
21,6564.6031,mp_jul
21,6564.9029,mp_jul
21,6565.2027,mp_jul
21,6565.5026,mp_jul
21,6565.8023,mp_jul
21,6566.102,mp_jul
21,6566.4019,mp_jul
21,6566.7016,mp_jul
21,6567.0014,mp_jul
21,6567.3012,mp_jul
21,6567.601,mp_jul
21,6567.9007,mp_jul
21,6568.2014,mp_jul
21,6568.5004,mp_jul
21,6568.8002,mp_jul
21,6569.1,mp_jul
21,6569.3998,mp_jul
21,6569.6996,mp_jul
21,6569.9994,mp_jul
21,6570.2991,mp_jul
21,6570.5989,mp_jul
21,6570.8987,mp_jul
21,6571.1985,mp_jul
21,6571.4982,mp_jul
21,6571.7981,mp_jul
21,6572.0979,mp_jul
21,6572.3977,mp_jul
21,6572.6974,mp_jul
21,6572.9972,mp_jul
21,6573.2971,mp_jul
21,6573.5968,mp_jul
21,6573.8966,mp_jul
21,6574.1964,mp_jul
21,6574.4962,mp_jul
21,6574.796,mp_jul
21,6575.0958,mp_jul
21,6575.3955,mp_jul
21,6575.6954,mp_jul
21,6575.9951,mp_jul
21,6576.2949,mp_jul
21,6576.5947,mp_jul
21,6576.8945,mp_jul
21,6577.1943,mp_jul
21,6577.4941,mp_jul
21,6577.7938,mp_jul
21,6578.0937,mp_jul
21,6578.3934,mp_jul
21,6578.6932,mp_jul
21,6578.9931,mp_jul
21,6579.2929,mp_jul
21,6579.5926,mp_jul
21,6579.8924,mp_jul
21,6580.1922,mp_jul
21,6580.492,mp_jul
26,6580.7918,mp_jul
21,6581.0916,mp_jul
21,6581.3913,mp_jul
26,6581.6911,mp_jul
21,6581.9909,mp_jul
21,6582.2907,mp_jul
21,6582.5905,mp_jul
21,6582.8903,mp_jul
21,6583.1901,mp_jul
21,6583.4899,mp_jul
21,6583.7897,mp_jul
21,6584.0894,mp_jul
21,6584.3892,mp_jul
21,6584.689,mp_jul
21,6584.9888,mp_jul
21,6585.2886,mp_jul
21,6585.5884,mp_jul
21,6585.8882,mp_jul
26,6586.188,mp_jul
21,6586.4878,mp_jul
26,6586.7876,mp_jul
26,6587.0873,mp_jul
25,6587.3871,mp_jul
14,6587.6869,mp_jul
20,6587.9867,mp_jul
3,6588.2865,mp_jul
3,6588.5863,mp_jul
3,6588.8861,mp_jul
3,6589.1859,mp_jul
5,6589.4857,mp_jul
14,6589.7855,mp_jul
20,6590.0852,mp_jul
14,6590.3851,mp_jul
14,6590.6848,mp_jul
16,6590.9846,mp_jul
18,6591.2844,mp_jul
25,6591.5842,mp_jul
21,6591.884,mp_jul
21,6592.1837,mp_jul
21,6592.4836,mp_jul
21,6592.7834,mp_jul
21,6593.0831,mp_jul
21,6593.383,mp_jul
21,6593.6827,mp_jul
21,6593.9825,mp_jul
21,6594.2823,mp_jul
21,6594.5821,mp_jul
21,6594.8818,mp_jul
21,6595.1817,mp_jul
21,6595.4814,mp_jul
21,6595.7812,mp_jul
21,6596.081,mp_jul
26,6596.3808,mp_jul
16,6596.6806,mp_jul
14,6596.9804,mp_jul
14,6597.2802,mp_jul
3,6597.58,mp_jul
1,6597.8798,mp_jul
14,6598.1796,mp_jul
14,6598.4794,mp_jul
14,6598.7792,mp_jul
18,6599.0789,mp_jul
22,6599.3788,mp_jul
22,6599.6785,mp_jul
25,6599.9783,mp_jul
25,6600.278,mp_jul
18,6600.5779,mp_jul
18,6600.8776,mp_jul
18,6601.1774,mp_jul
22,6601.4772,mp_jul
5,6601.777,mp_jul
14,6602.0768,mp_jul
14,6602.3766,mp_jul
14,6602.6764,mp_jul
14,6602.9762,mp_jul
20,6603.2759,mp_jul
20,6603.5758,mp_jul
6,6603.8756,mp_jul
6,6604.1753,mp_jul
6,6604.4752,mp_jul
6,6604.7749,mp_jul
6,6605.0748,mp_jul
6,6605.3746,mp_jul
6,6605.6743,mp_jul
3,6605.9741,mp_jul
16,6606.2739,mp_jul
14,6606.5736,mp_jul
14,6606.8734,mp_jul
5,6607.1733,mp_jul
5,6607.4731,mp_jul
1,6607.7729,mp_jul
1,6608.0726,mp_jul
1,6608.3724,mp_jul
7,6608.6722,mp_jul
1,6608.972,mp_jul
18,6609.2717,mp_jul
22,6609.5716,mp_jul
23,6609.8714,mp_jul
22,6610.1711,mp_jul
25,6610.4709,mp_jul
22,6610.7708,mp_jul
22,6611.0705,mp_jul
18,6611.3703,mp_jul
18,6611.6701,mp_jul
22,6611.9699,mp_jul
25,6612.2697,mp_jul
25,6612.5694,mp_jul
14,6612.8692,mp_jul
14,6613.1691,mp_jul
14,6613.4689,mp_jul
14,6613.7686,mp_jul
14,6614.0684,mp_jul
25,6614.3683,mp_jul
21,6614.6681,mp_jul
8,6614.9678,mp_jul
25,6615.2676,mp_jul
25,6615.5674,mp_jul
8,6615.868,mp_jul
26,6616.167,mp_jul
26,6616.4668,mp_jul
26,6616.7666,mp_jul
21,6617.0664,mp_jul
26,6617.3662,mp_jul
26,6617.6659,mp_jul
26,6617.9657,mp_jul
26,6618.2655,mp_jul
25,6618.5653,mp_jul
25,6618.8651,mp_jul
25,6619.1691,mp_jul
3,6619.4646,mp_jul
3,6619.7645,mp_jul
1,6620.0643,mp_jul
4,6620.3641,mp_jul
15,6620.6638,mp_jul
15,6620.9664,mp_jul
15,6621.566,mp_jul
7,6621.863,mp_jul
17,6622.1628,mp_jul
7,6622.4626,mp_jul
17,6622.7623,mp_jul
17,6623.0622,mp_jul
17,6623.362,mp_jul
15,6623.6618,mp_jul
15,6623.9616,mp_jul
15,6624.2613,mp_jul
15,6624.5611,mp_jul
14,6624.8609,mp_jul
25,6625.1606,mp_jul
25,6625.4604,mp_jul
8,6625.7602,mp_jul
26,6626.06,mp_jul
26,6626.3598,mp_jul
25,6626.6596,mp_jul
25,6626.9594,mp_jul
14,6627.2593,mp_jul
3,6627.559,mp_jul
1,6628.1586,mp_jul
17,6628.4584,mp_jul
17,6628.7582,mp_jul
7,6629.058,mp_jul
25,6629.3578,mp_jul
25,6629.6576,mp_jul
25,6629.9574,mp_jul
14,6630.2572,mp_jul
25,6630.5569,mp_jul
3,6630.8567,mp_jul
1,6631.1565,mp_jul
3,6631.4563,mp_jul
14,6631.7561,mp_jul
25,6632.0558,mp_jul
8,6632.3556,mp_jul
26,6632.6555,mp_jul
26,6632.9552,mp_jul
26,6633.255,mp_jul
21,6633.5548,mp_jul
26,6633.8546,mp_jul
21,6634.1543,mp_jul
26,6634.4541,mp_jul
26,6634.754,mp_jul
26,6635.0538,mp_jul
26,6635.3535,mp_jul
26,6635.6534,mp_jul
21,6635.9531,mp_jul
21,6636.2529,mp_jul
21,6636.5527,mp_jul
26,6636.8525,mp_jul
26,6637.1523,mp_jul
26,6637.4521,mp_jul
26,6637.7519,mp_jul
26,6638.0516,mp_jul
26,6638.3514,mp_jul
26,6638.6512,mp_jul
26,6638.951,mp_jul
21,6639.2508,mp_jul
26,6639.5506,mp_jul
26,6639.8504,mp_jul
26,6640.1502,mp_jul
26,6640.45,mp_jul
21,6640.7498,mp_jul
26,6641.0496,mp_jul
21,6641.3493,mp_jul
26,6641.6492,mp_jul
26,6641.9489,mp_jul
26,6642.2488,mp_jul
26,6642.5485,mp_jul
26,6642.8483,mp_jul
26,6643.1481,mp_jul
26,6643.4478,mp_jul
26,6643.7477,mp_jul
26,6644.0475,mp_jul
26,6644.3473,mp_jul
21,6644.6471,mp_jul
26,6644.9469,mp_jul
26,6645.2466,mp_jul
26,6645.5464,mp_jul
26,6645.8463,mp_jul
26,6646.146,mp_jul
26,6646.4458,mp_jul
26,6646.7456,mp_jul
26,6647.0454,mp_jul
26,6647.3452,mp_jul
26,6647.645,mp_jul
26,6647.9447,mp_jul
26,6648.2445,mp_jul
26,6648.5444,mp_jul
26,6648.8441,mp_jul
26,6649.1439,mp_jul
26,6649.4437,mp_jul
26,6649.7435,mp_jul
26,6650.0433,mp_jul
26,6650.3431,mp_jul
26,6650.6429,mp_jul
26,6650.9426,mp_jul
26,6651.2424,mp_jul
26,6651.5423,mp_jul
26,6651.8421,mp_jul
26,6652.1419,mp_jul
26,6652.4416,mp_jul
26,6652.7414,mp_jul
26,6653.0412,mp_jul
21,6653.341,mp_jul
26,6653.6408,mp_jul
21,6653.9405,mp_jul
26,6654.2403,mp_jul
26,6654.5402,mp_jul
21,6654.84,mp_jul
26,6655.1396,mp_jul
26,6655.4395,mp_jul
26,6655.7392,mp_jul
21,6656.0391,mp_jul
21,6656.3389,mp_jul
26,6656.6387,mp_jul
26,6656.9385,mp_jul
26,6657.2383,mp_jul
21,6657.538,mp_jul
21,6657.8379,mp_jul
26,6658.1377,mp_jul
25,6658.4375,mp_jul
14,6658.7372,mp_jul
3,6659.037,mp_jul
17,6659.3368,mp_jul
26,6659.6366,mp_jul
21,6659.9364,mp_jul
26,6660.2362,mp_jul
21,6660.5359,mp_jul
21,6660.8357,mp_jul
21,6661.1356,mp_jul
26,6661.4353,mp_jul
25,6661.7351,mp_jul
25,6662.0348,mp_jul
14,6662.3347,mp_jul
16,6662.6345,mp_jul
25,6662.9343,mp_jul
25,6663.2341,mp_jul
26,6663.5338,mp_jul
26,6663.8337,mp_jul
21,6664.1334,mp_jul
21,6664.4332,mp_jul
21,6664.733,mp_jul
26,6665.0328,mp_jul
21,6665.3326,mp_jul
21,6665.6324,mp_jul
26,6665.9322,mp_jul
21,6666.232,mp_jul
26,6666.5317,mp_jul
21,6666.8315,mp_jul
26,6667.1313,mp_jul
21,6667.4311,mp_jul
21,6667.7309,mp_jul
26,6668.0307,mp_jul
21,6668.3305,mp_jul
26,6668.6303,mp_jul
26,6668.9351,mp_jul
26,6669.2298,mp_jul
21,6669.5297,mp_jul
21,6669.8294,mp_jul
21,6670.1292,mp_jul
26,6670.429,mp_jul
21,6670.7288,mp_jul
26,6671.0286,mp_jul
21,6671.3284,mp_jul
26,6671.6281,mp_jul
26,6671.928,mp_jul
26,6672.2278,mp_jul
26,6672.5275,mp_jul
26,6672.8274,mp_jul
26,6673.1271,mp_jul
21,6673.4269,mp_jul
26,6673.7267,mp_jul
21,6674.0265,mp_jul
21,6674.3263,mp_jul
21,6674.626,mp_jul
26,6674.9259,mp_jul
26,6675.2256,mp_jul
21,6675.5254,mp_jul
26,6675.8252,mp_jul
26,6676.125,mp_jul
26,6676.4248,mp_jul
26,6676.7245,mp_jul
21,6677.0244,mp_jul
8,6677.3242,mp_jul
26,6677.624,mp_jul
21,6677.9237,mp_jul
21,6678.2235,mp_jul
26,6678.5233,mp_jul
21,6678.8231,mp_jul
21,6679.1229,mp_jul
26,6679.4228,mp_jul
21,6679.7225,mp_jul
26,6680.0222,mp_jul
26,6680.322,mp_jul
21,6680.6219,mp_jul
26,6680.9217,mp_jul
26,6681.2214,mp_jul
21,6681.5212,mp_jul
26,6681.821,mp_jul
26,6682.1208,mp_jul
21,6682.4205,mp_jul
21,6682.7204,mp_jul
21,6683.0202,mp_jul
26,6683.3199,mp_jul
21,6683.6197,mp_jul
26,6683.9196,mp_jul
26,6684.2194,mp_jul
21,6684.5191,mp_jul
26,6684.8189,mp_jul
26,6685.1187,mp_jul
26,6685.4185,mp_jul
26,6685.7183,mp_jul
26,6686.018,mp_jul
26,6686.3179,mp_jul
26,6686.6177,mp_jul
26,6686.9175,mp_jul
26,6687.2172,mp_jul
26,6687.5171,mp_jul
21,6687.8168,mp_jul
26,6688.1166,mp_jul
21,6688.4164,mp_jul
26,6688.7161,mp_jul
21,6689.016,mp_jul
26,6689.3157,mp_jul
26,6689.6156,mp_jul
21,6689.9153,mp_jul
26,6690.2151,mp_jul
21,6690.5148,mp_jul
21,6690.8147,mp_jul
21,6691.1145,mp_jul
26,6691.4142,mp_jul
25,6691.714,mp_jul
14,6692.0138,mp_jul
14,6692.3136,mp_jul
14,6692.6135,mp_jul
3,6692.9132,mp_jul
1,6693.2131,mp_jul
17,6693.5128,mp_jul
25,6693.8126,mp_jul
25,6694.1124,mp_jul
26,6694.4121,mp_jul
21,6694.712,mp_jul
8,6695.0117,mp_jul
25,6695.3115,mp_jul
14,6695.6114,mp_jul
25,6695.9111,mp_jul
26,6696.2109,mp_jul
21,6696.5107,mp_jul
21,6696.8105,mp_jul
21,6697.1103,mp_jul
26,6697.41,mp_jul
21,6697.7099,mp_jul
21,6698.0097,mp_jul
26,6698.3095,mp_jul
26,6698.6092,mp_jul
26,6698.909,mp_jul
21,6699.2088,mp_jul
26,6699.5086,mp_jul
21,6699.8084,mp_jul
26,6700.1082,mp_jul
26,6700.408,mp_jul
26,6700.7077,mp_jul
21,6701.0076,mp_jul
21,6701.3074,mp_jul
26,6701.6071,mp_jul
21,6701.9069,mp_jul
21,6702.2067,mp_jul
26,6702.5065,mp_jul
26,6702.8063,mp_jul
21,6703.106,mp_jul
26,6703.4058,mp_jul
26,6703.7057,mp_jul
26,6704.0054,mp_jul
21,6704.3052,mp_jul
26,6704.605,mp_jul
26,6704.9048,mp_jul
21,6705.2046,mp_jul
26,6705.5044,mp_jul
25,6705.8041,mp_jul
26,6706.1039,mp_jul
21,6706.4037,mp_jul
21,6706.7036,mp_jul
21,6707.0033,mp_jul
21,6707.3031,mp_jul
21,6707.6029,mp_jul
26,6707.9027,mp_jul
21,6708.2025,mp_jul
26,6708.5022,mp_jul
25,6708.802,mp_jul
25,6709.1019,mp_jul
14,6709.4017,mp_jul
25,6709.7014,mp_jul
26,6710.0012,mp_jul
21,6710.301,mp_jul
26,6710.6008,mp_jul
21,6710.9007,mp_jul
26,6711.2004,mp_jul
21,6711.5002,mp_jul
21,6711.8,mp_jul
21,6712.0998,mp_jul
26,6712.3996,mp_jul
26,6712.6993,mp_jul
26,6712.9991,mp_jul
26,6713.2989,mp_jul
26,6713.5987,mp_jul
26,6713.8985,mp_jul
26,6714.1982,mp_jul
26,6714.4981,mp_jul
26,6714.7979,mp_jul
26,6715.0976,mp_jul
21,6715.3975,mp_jul
21,6715.6973,mp_jul
21,6715.997,mp_jul
26,6716.2968,mp_jul
26,6716.5966,mp_jul
21,6716.8964,mp_jul
21,6717.1961,mp_jul
26,6717.496,mp_jul
26,6717.7957,mp_jul
21,6718.0956,mp_jul
21,6718.3953,mp_jul
26,6718.6951,mp_jul
26,6718.9949,mp_jul
26,6719.2947,mp_jul
26,6719.5944,mp_jul
26,6719.8943,mp_jul
26,6720.1941,mp_jul
26,6720.4939,mp_jul
26,6720.7937,mp_jul
21,6721.0934,mp_jul
21,6721.3932,mp_jul
26,6721.693,mp_jul
21,6721.9928,mp_jul
21,6722.2926,mp_jul
26,6722.5924,mp_jul
21,6722.8921,mp_jul
26,6723.192,mp_jul
26,6723.4917,mp_jul
26,6723.7915,mp_jul
21,6724.0914,mp_jul
21,6724.3912,mp_jul
26,6724.6909,mp_jul
26,6724.9907,mp_jul
26,6725.2905,mp_jul
26,6725.5903,mp_jul
21,6725.8901,mp_jul
26,6726.1899,mp_jul
21,6726.4897,mp_jul
21,6726.7894,mp_jul
21,6727.0892,mp_jul
26,6727.3891,mp_jul
21,6727.6888,mp_jul
26,6727.9885,mp_jul
21,6728.2884,mp_jul
26,6728.5881,mp_jul
26,6728.888,mp_jul
21,6729.1877,mp_jul
26,6729.4875,mp_jul
26,6729.7873,mp_jul
26,6730.0871,mp_jul
26,6730.3869,mp_jul
26,6730.6867,mp_jul
26,6730.9864,mp_jul
26,6731.2862,mp_jul
26,6731.5861,mp_jul
26,6731.8859,mp_jul
26,6732.1857,mp_jul
21,6732.4854,mp_jul
21,6732.7852,mp_jul
21,6733.085,mp_jul
21,6733.3848,mp_jul
21,6733.6846,mp_jul
21,6733.9844,mp_jul
26,6734.2842,mp_jul
26,6734.5839,mp_jul
26,6734.8838,mp_jul
21,6735.1836,mp_jul
21,6735.4833,mp_jul
26,6735.7831,mp_jul
21,6736.0829,mp_jul
21,6736.3827,mp_jul
21,6736.6824,mp_jul
26,6736.9823,mp_jul
26,6737.2821,mp_jul
26,6737.5819,mp_jul
26,6737.8816,mp_jul
26,6738.1814,mp_jul
21,6738.4812,mp_jul
21,6738.781,mp_jul
21,6739.0808,mp_jul
26,6739.3806,mp_jul
21,6739.6804,mp_jul
21,6739.9802,mp_jul
26,6740.28,mp_jul
26,6740.5797,mp_jul
21,6740.8796,mp_jul
26,6741.1793,mp_jul
26,6741.48,mp_jul
26,6741.7789,mp_jul
21,6742.0787,mp_jul
21,6742.3785,mp_jul
21,6742.6782,mp_jul
26,6742.978,mp_jul
21,6743.2778,mp_jul
25,6743.5776,mp_jul
8,6743.8774,mp_jul
26,6744.1772,mp_jul
21,6744.477,mp_jul
21,6744.7768,mp_jul
21,6745.0766,mp_jul
26,6745.3764,mp_jul
26,6745.6761,mp_jul
21,6745.9759,mp_jul
21,6746.2758,mp_jul
26,6746.5755,mp_jul
21,6746.8753,mp_jul
26,6747.1751,mp_jul
21,6747.4748,mp_jul
26,6747.7746,mp_jul
21,6748.0745,mp_jul
26,6748.3742,mp_jul
21,6748.6741,mp_jul
21,6748.9738,mp_jul
21,6749.2848,mp_jul
21,6749.5734,mp_jul
21,6749.8732,mp_jul
26,6750.173,mp_jul
26,6750.4727,mp_jul
21,6750.7726,mp_jul
26,6751.0723,mp_jul
26,6751.3721,mp_jul
26,6751.6718,mp_jul
26,6751.9717,mp_jul
26,6752.2716,mp_jul
26,6752.5713,mp_jul
26,6752.871,mp_jul
21,6753.1709,mp_jul
26,6753.4707,mp_jul
21,6753.7704,mp_jul
21,6754.0703,mp_jul
21,6754.3701,mp_jul
21,6754.6698,mp_jul
21,6754.9695,mp_jul
21,6755.2694,mp_jul
21,6755.5692,mp_jul
21,6755.869,mp_jul
26,6756.1687,mp_jul
21,6756.4685,mp_jul
21,6756.7684,mp_jul
26,6757.0681,mp_jul
21,6757.3679,mp_jul
21,6757.6677,mp_jul
21,6757.9675,mp_jul
21,6758.2673,mp_jul
21,6758.567,mp_jul
21,6758.8668,mp_jul
21,6759.1667,mp_jul
21,6759.4664,mp_jul
21,6759.7662,mp_jul
21,6760.066,mp_jul
26,6760.3658,mp_jul
21,6760.6656,mp_jul
21,6760.9654,mp_jul
21,6761.2651,mp_jul
26,6761.565,mp_jul
26,6761.8647,mp_jul
21,6762.1645,mp_jul
26,6762.4643,mp_jul
21,6762.7642,mp_jul
21,6763.0639,mp_jul
26,6763.3637,mp_jul
26,6763.6635,mp_jul
21,6763.9632,mp_jul
21,6764.263,mp_jul
21,6764.5628,mp_jul
26,6764.8626,mp_jul
26,6765.1624,mp_jul
21,6765.4622,mp_jul
21,6765.762,mp_jul
21,6766.0617,mp_jul
21,6766.3616,mp_jul
26,6766.6614,mp_jul
21,6766.9612,mp_jul
26,6767.2609,mp_jul
21,6767.5607,mp_jul
26,6767.8605,mp_jul
26,6768.1603,mp_jul
26,6768.4601,mp_jul
21,6768.7599,mp_jul
21,6769.0597,mp_jul
21,6769.3594,mp_jul
21,6769.6592,mp_jul
21,6769.959,mp_jul
26,6770.2631,mp_jul
21,6770.5586,mp_jul
21,6770.8584,mp_jul
21,6771.1582,mp_jul
21,6771.4579,mp_jul
21,6771.7578,mp_jul
21,6772.0576,mp_jul
21,6772.3633,mp_jul
26,6772.6571,mp_jul
21,6772.957,mp_jul
21,6773.2567,mp_jul
26,6773.5565,mp_jul
21,6773.8563,mp_jul
26,6774.1561,mp_jul
21,6774.4559,mp_jul
26,6774.7557,mp_jul
21,6775.0555,mp_jul
26,6775.3552,mp_jul
21,6775.655,mp_jul
26,6775.9548,mp_jul
21,6776.2546,mp_jul
21,6776.5544,mp_jul
21,6776.8541,mp_jul
26,6777.1539,mp_jul
21,6777.4538,mp_jul
21,6777.7544,mp_jul
21,6778.0534,mp_jul
21,6778.3532,mp_jul
26,6778.6529,mp_jul
21,6778.9527,mp_jul
21,6779.2525,mp_jul
21,6779.5524,mp_jul
26,6779.8521,mp_jul
26,6780.1519,mp_jul
21,6780.4516,mp_jul
26,6780.7515,mp_jul
26,6781.0512,mp_jul
21,6781.3511,mp_jul
26,6781.6508,mp_jul
21,6781.9505,mp_jul
26,6782.2504,mp_jul
26,6782.5501,mp_jul
21,6782.8499,mp_jul
21,6783.1497,mp_jul
21,6783.4495,mp_jul
21,6783.7492,mp_jul
21,6784.0491,mp_jul
21,6784.3489,mp_jul
21,6784.6488,mp_jul
21,6784.9485,mp_jul
26,6785.2483,mp_jul
21,6785.548,mp_jul
21,6785.8479,mp_jul
21,6786.1476,mp_jul
26,6786.4474,mp_jul
26,6786.7472,mp_jul
21,6787.047,mp_jul
21,6787.3468,mp_jul
26,6787.6467,mp_jul
21,6787.9464,mp_jul
21,6788.2462,mp_jul
21,6788.546,mp_jul
26,6788.8457,mp_jul
21,6789.1455,mp_jul
26,6789.4496,mp_jul
26,6789.7451,mp_jul
21,6790.0449,mp_jul
21,6790.3447,mp_jul
21,6790.6444,mp_jul
21,6790.9442,mp_jul
21,6791.244,mp_jul
26,6791.5439,mp_jul
26,6791.8436,mp_jul
21,6792.1434,mp_jul
26,6792.4432,mp_jul
25,6792.743,mp_jul
14,6793.0428,mp_jul
14,6793.3426,mp_jul
25,6793.6423,mp_jul
14,6793.9421,mp_jul
25,6794.242,mp_jul
8,6794.5417,mp_jul
21,6794.8415,mp_jul
25,6795.1413,mp_jul
25,6795.4411,mp_jul
16,6795.7409,mp_jul
14,6796.0407,mp_jul
8,6796.3405,mp_jul
26,6796.6402,mp_jul
21,6796.94,mp_jul
21,6797.2398,mp_jul
26,6797.5396,mp_jul
21,6797.8394,mp_jul
21,6798.1392,mp_jul
26,6798.439,mp_jul
26,6798.7388,mp_jul
26,6799.0386,mp_jul
21,6799.3383,mp_jul
21,6799.6381,mp_jul
26,6799.9379,mp_jul
26,6800.2377,mp_jul
26,6800.5375,mp_jul
21,6800.8372,mp_jul
21,6801.137,mp_jul
26,6801.4368,mp_jul
21,6801.7366,mp_jul
21,6802.0364,mp_jul
21,6802.3362,mp_jul
21,6802.636,mp_jul
26,6802.9358,mp_jul
21,6803.2356,mp_jul
26,6803.5354,mp_jul
26,6803.8352,mp_jul
26,6804.135,mp_jul
26,6804.4348,mp_jul
26,6804.7345,mp_jul
26,6805.0343,mp_jul
21,6805.3341,mp_jul
21,6805.6339,mp_jul
26,6805.9337,mp_jul
21,6806.2335,mp_jul
21,6806.5332,mp_jul
21,6806.833,mp_jul
21,6807.1329,mp_jul
21,6807.4326,mp_jul
21,6807.7324,mp_jul
21,6808.0322,mp_jul
21,6808.332,mp_jul
21,6808.6318,mp_jul
21,6808.9316,mp_jul
21,6809.2314,mp_jul
26,6809.5311,mp_jul
21,6809.8309,mp_jul
21,6810.1307,mp_jul
21,6810.4304,mp_jul
21,6810.7303,mp_jul
21,6811.0301,mp_jul
21,6811.3299,mp_jul
21,6811.6297,mp_jul
21,6811.9295,mp_jul
21,6812.2293,mp_jul
21,6812.529,mp_jul
21,6812.8288,mp_jul
21,6813.1329,mp_jul
21,6813.4284,mp_jul
21,6813.7282,mp_jul
21,6814.028,mp_jul
21,6814.3277,mp_jul
21,6814.6276,mp_jul
21,6814.9273,mp_jul
26,6815.2271,mp_jul
21,6815.5269,mp_jul
21,6815.8267,mp_jul
21,6816.1265,mp_jul
21,6816.4263,mp_jul
21,6816.7261,mp_jul
26,6817.0259,mp_jul
26,6817.3256,mp_jul
25,6817.6254,mp_jul
26,6817.9252,mp_jul
26,6818.2251,mp_jul
26,6818.5248,mp_jul
21,6818.8245,mp_jul
21,6819.1244,mp_jul
21,6819.4242,mp_jul
21,6819.724,mp_jul
21,6820.0238,mp_jul
21,6820.3235,mp_jul
21,6820.6233,mp_jul
21,6820.9232,mp_jul
21,6821.2229,mp_jul
21,6821.5227,mp_jul
21,6821.8225,mp_jul
21,6822.1223,mp_jul
21,6822.4221,mp_jul
21,6822.7219,mp_jul
21,6823.0217,mp_jul
21,6823.3214,mp_jul
21,6823.6212,mp_jul
21,6823.921,mp_jul
21,6824.2208,mp_jul
21,6824.5206,mp_jul
21,6824.8204,mp_jul
21,6825.1202,mp_jul
21,6825.42,mp_jul
21,6825.7197,mp_jul
21,6826.0195,mp_jul
21,6826.3193,mp_jul
21,6826.619,mp_jul
21,6826.9189,mp_jul
21,6827.2187,mp_jul
21,6827.5185,mp_jul
21,6827.8183,mp_jul
21,6828.118,mp_jul
21,6828.4179,mp_jul
21,6828.7176,mp_jul
21,6829.0174,mp_jul
21,6829.3172,mp_jul
21,6829.6171,mp_jul
21,6829.9168,mp_jul
21,6830.2166,mp_jul
21,6830.5164,mp_jul
21,6830.8161,mp_jul
21,6831.1159,mp_jul
21,6831.4157,mp_jul
21,6831.7155,mp_jul
21,6832.0153,mp_jul
21,6832.315,mp_jul
21,6832.6148,mp_jul
21,6832.9147,mp_jul
21,6833.2144,mp_jul
21,6833.5142,mp_jul
21,6833.814,mp_jul
21,6834.1138,mp_jul
21,6834.4136,mp_jul
21,6834.7134,mp_jul
21,6835.0132,mp_jul
21,6835.313,mp_jul
21,6835.6128,mp_jul
21,6835.9126,mp_jul
21,6836.2123,mp_jul
21,6836.5121,mp_jul
21,6836.8119,mp_jul
26,6837.1117,mp_jul
21,6837.4115,mp_jul
21,6837.7113,mp_jul
21,6838.0111,mp_jul
21,6838.3108,mp_jul
21,6838.6106,mp_jul
21,6838.9105,mp_jul
21,6839.2102,mp_jul
21,6839.51,mp_jul
21,6839.8098,mp_jul
21,6840.1096,mp_jul
21,6840.4093,mp_jul
21,6840.7092,mp_jul
21,6841.009,mp_jul
21,6841.3087,mp_jul
21,6841.6085,mp_jul
21,6841.9083,mp_jul
21,6842.208,mp_jul
21,6842.5079,mp_jul
21,6842.8077,mp_jul
21,6843.1075,mp_jul
21,6843.4072,mp_jul
21,6843.707,mp_jul
21,6844.0068,mp_jul
21,6844.3066,mp_jul
25,6844.6064,mp_jul
14,6844.9062,mp_jul
14,6845.206,mp_jul
25,6845.5058,mp_jul
25,6845.8056,mp_jul
25,6846.1054,mp_jul
14,6846.4052,mp_jul
25,6846.705,mp_jul
25,6847.0048,mp_jul
25,6847.3046,mp_jul
21,6847.6052,mp_jul
21,6847.9063,mp_jul
21,6848.204,mp_jul
21,6848.5037,mp_jul
21,6848.8035,mp_jul
21,6849.1033,mp_jul
21,6849.403,mp_jul
21,6849.7029,mp_jul
21,6850.0027,mp_jul
21,6850.3024,mp_jul
21,6850.6022,mp_jul
26,6850.9021,mp_jul
26,6851.2019,mp_jul
21,6851.5016,mp_jul
21,6851.8013,mp_jul
21,6852.1011,mp_jul
21,6852.401,mp_jul
21,6852.7008,mp_jul
21,6853.0005,mp_jul
21,6853.3004,mp_jul
21,6853.6001,mp_jul
21,6853.8999,mp_jul
21,6854.1996,mp_jul
21,6854.4994,mp_jul
21,6854.7992,mp_jul
21,6855.099,mp_jul
21,6855.3988,mp_jul
21,6855.6987,mp_jul
21,6855.9983,mp_jul
21,6856.2982,mp_jul
21,6856.5979,mp_jul
21,6856.8977,mp_jul
21,6857.1975,mp_jul
21,6857.4973,mp_jul
21,6857.7971,mp_jul
21,6858.0969,mp_jul
21,6858.3968,mp_jul
21,6858.6965,mp_jul
21,6858.9964,mp_jul
21,6859.2961,mp_jul
21,6859.5958,mp_jul
21,6859.8957,mp_jul
21,6860.1955,mp_jul
21,6860.4952,mp_jul
21,6860.795,mp_jul
21,6861.0948,mp_jul
21,6861.3946,mp_jul
21,6861.6943,mp_jul
21,6861.9942,mp_jul
21,6862.294,mp_jul
21,6862.5946,mp_jul
21,6862.8935,mp_jul
21,6863.1934,mp_jul
21,6863.4931,mp_jul
21,6863.793,mp_jul
21,6864.0927,mp_jul
21,6864.3924,mp_jul
21,6864.6923,mp_jul
21,6864.992,mp_jul
21,6865.2918,mp_jul
21,6865.5917,mp_jul
21,6865.8915,mp_jul
21,6866.1912,mp_jul
21,6866.491,mp_jul
21,6866.7908,mp_jul
21,6867.0906,mp_jul
21,6867.3903,mp_jul
21,6867.6901,mp_jul
21,6867.99,mp_jul
21,6868.2898,mp_jul
21,6868.5895,mp_jul
21,6868.8893,mp_jul
21,6869.1891,mp_jul
21,6869.4889,mp_jul
21,6869.7887,mp_jul
21,6870.0884,mp_jul
21,6870.3899,mp_jul
21,6870.688,mp_jul
21,6870.9878,mp_jul
21,6871.2877,mp_jul
21,6871.5874,mp_jul
21,6871.8873,mp_jul
21,6872.187,mp_jul
21,6872.4868,mp_jul
21,6872.7866,mp_jul
21,6873.0864,mp_jul
21,6873.3862,mp_jul
21,6873.6859,mp_jul
21,6873.9857,mp_jul
21,6874.2855,mp_jul
21,6874.5853,mp_jul
21,6874.8851,mp_jul
21,6875.1849,mp_jul
21,6875.4847,mp_jul
21,6875.7844,mp_jul
21,6876.0842,mp_jul
21,6876.384,mp_jul
21,6876.6839,mp_jul
21,6876.9836,mp_jul
21,6877.2834,mp_jul
21,6877.5832,mp_jul
21,6877.8829,mp_jul
21,6878.1828,mp_jul
21,6878.4826,mp_jul
21,6878.7823,mp_jul
21,6879.0863,mp_jul
21,6879.382,mp_jul
21,6879.6817,mp_jul
21,6879.9815,mp_jul
21,6880.2813,mp_jul
21,6880.5811,mp_jul
21,6880.8809,mp_jul
21,6881.1807,mp_jul
21,6881.4804,mp_jul
21,6881.7803,mp_jul
21,6882.0801,mp_jul
21,6882.3798,mp_jul
21,6882.6839,mp_jul
21,6882.9794,mp_jul
21,6883.2792,mp_jul
21,6883.579,mp_jul
21,6883.8788,mp_jul
21,6884.1786,mp_jul
21,6884.4783,mp_jul
21,6884.7781,mp_jul
21,6885.0779,mp_jul
21,6885.3777,mp_jul
21,6885.6775,mp_jul
21,6885.9773,mp_jul
21,6886.2771,mp_jul
21,6886.5768,mp_jul
21,6886.8766,mp_jul
21,6887.1764,mp_jul
21,6887.4762,mp_jul
21,6887.776,mp_jul
21,6888.0758,mp_jul
21,6888.3756,mp_jul
21,6888.6754,mp_jul
21,6888.9752,mp_jul
21,6889.275,mp_jul
21,6889.5769,mp_jul
21,6889.8745,mp_jul
21,6890.1743,mp_jul
21,6890.4741,mp_jul
21,6890.7739,mp_jul
21,6891.0737,mp_jul
21,6891.3735,mp_jul
21,6891.6733,mp_jul
21,6891.9731,mp_jul
21,6892.2729,mp_jul
21,6892.5726,mp_jul
21,6892.8724,mp_jul
21,6893.1723,mp_jul
21,6893.472,mp_jul
21,6893.7718,mp_jul
21,6894.0716,mp_jul
21,6894.3713,mp_jul
21,6894.6712,mp_jul
21,6894.9731,mp_jul
21,6895.2707,mp_jul
21,6895.5705,mp_jul
21,6895.8703,mp_jul
21,6896.1701,mp_jul
21,6896.4698,mp_jul
21,6896.7697,mp_jul
21,6897.0694,mp_jul
21,6897.3692,mp_jul
21,6897.6691,mp_jul
21,6897.9688,mp_jul
21,6898.2686,mp_jul
21,6898.5684,mp_jul
21,6898.8682,mp_jul
21,6899.168,mp_jul
21,6899.4677,mp_jul
21,6899.7676,mp_jul
21,6900.0674,mp_jul
21,6900.3671,mp_jul
21,6900.6669,mp_jul
21,6900.9667,mp_jul
21,6901.2665,mp_jul
21,6901.5706,mp_jul
21,6901.8661,mp_jul
21,6902.1659,mp_jul
21,6902.4657,mp_jul
21,6902.7655,mp_jul
21,6903.0653,mp_jul
21,6903.3651,mp_jul
21,6903.6649,mp_jul
21,6903.9647,mp_jul
21,6904.2644,mp_jul
21,6904.5642,mp_jul
21,6904.864,mp_jul
21,6905.1638,mp_jul
21,6905.4636,mp_jul
21,6905.7633,mp_jul
21,6906.0631,mp_jul
21,6906.3629,mp_jul
21,6906.6627,mp_jul
21,6906.9625,mp_jul
21,6907.2622,mp_jul
21,6907.5621,mp_jul
21,6907.8619,mp_jul
21,6908.1617,mp_jul
21,6908.4614,mp_jul
21,6908.7612,mp_jul
21,6909.061,mp_jul
21,6909.3608,mp_jul
21,6909.6606,mp_jul
21,6909.9604,mp_jul
21,6910.2602,mp_jul
21,6910.56,mp_jul
21,6910.8597,mp_jul
21,6911.1596,mp_jul
21,6911.4593,mp_jul
21,6911.7591,mp_jul
21,6912.0589,mp_jul
21,6912.3587,mp_jul
21,6912.6585,mp_jul
21,6912.9582,mp_jul
21,6913.258,mp_jul
21,6913.5578,mp_jul
21,6913.8576,mp_jul
21,6914.1574,mp_jul
21,6914.4572,mp_jul
21,6914.7571,mp_jul
21,6915.0569,mp_jul
21,6915.3566,mp_jul
21,6915.6564,mp_jul
21,6915.9561,mp_jul
21,6916.256,mp_jul
21,6916.5558,mp_jul
21,6916.8556,mp_jul
21,6917.1554,mp_jul
21,6917.4552,mp_jul
21,6917.7549,mp_jul
21,6918.0547,mp_jul
21,6918.3545,mp_jul
21,6918.6542,mp_jul
21,6918.954,mp_jul
21,6919.2539,mp_jul
21,6919.5536,mp_jul
21,6919.8534,mp_jul
21,6920.1532,mp_jul
21,6920.4529,mp_jul
21,6920.7528,mp_jul
21,6921.0526,mp_jul
21,6921.3524,mp_jul
21,6921.6521,mp_jul
21,6921.9519,mp_jul
21,6922.2517,mp_jul
21,6922.5516,mp_jul
21,6922.8513,mp_jul
21,6923.1511,mp_jul
21,6923.4509,mp_jul
21,6923.7507,mp_jul
21,6924.0505,mp_jul
21,6924.3503,mp_jul
21,6924.65,mp_jul
21,6924.9499,mp_jul
21,6925.2496,mp_jul
21,6925.5494,mp_jul
21,6925.8492,mp_jul
21,6926.149,mp_jul
21,6926.4489,mp_jul
21,6926.7486,mp_jul
21,6927.0484,mp_jul
21,6927.3481,mp_jul
21,6927.6479,mp_jul
21,6927.9477,mp_jul
21,6928.2475,mp_jul
21,6928.5473,mp_jul
21,6928.8472,mp_jul
21,6929.1468,mp_jul
21,6929.4467,mp_jul
21,6929.7465,mp_jul
21,6930.0462,mp_jul
21,6930.346,mp_jul
21,6930.6459,mp_jul
21,6930.9456,mp_jul
21,6931.2454,mp_jul
21,6931.5452,mp_jul
21,6931.845,mp_jul
21,6932.1448,mp_jul
21,6932.4446,mp_jul
21,6932.7443,mp_jul
21,6933.0441,mp_jul
21,6933.3439,mp_jul
21,6933.6437,mp_jul
21,6933.9436,mp_jul
21,6934.2433,mp_jul
21,6934.5431,mp_jul
21,6934.8429,mp_jul
21,6935.1427,mp_jul
21,6935.4425,mp_jul
21,6935.7423,mp_jul
21,6936.042,mp_jul
21,6936.3419,mp_jul
21,6936.6416,mp_jul
21,6936.9414,mp_jul
21,6937.2412,mp_jul
21,6937.541,mp_jul
21,6937.8408,mp_jul
21,6938.1405,mp_jul
21,6938.4404,mp_jul
21,6938.7401,mp_jul
21,6939.0442,mp_jul
21,6939.3397,mp_jul
21,6939.6396,mp_jul
21,6939.9393,mp_jul
21,6940.239,mp_jul
21,6940.5389,mp_jul
21,6940.8387,mp_jul
21,6941.1385,mp_jul
21,6941.4382,mp_jul
21,6941.738,mp_jul
21,6942.0379,mp_jul
21,6942.3376,mp_jul
21,6942.6374,mp_jul
21,6942.9371,mp_jul
21,6943.237,mp_jul
21,6943.5368,mp_jul
21,6943.8366,mp_jul
21,6944.1363,mp_jul
21,6944.4361,mp_jul
21,6944.7359,mp_jul
21,6945.0358,mp_jul
21,6945.3355,mp_jul
21,6945.6354,mp_jul
21,6945.9351,mp_jul
21,6946.2348,mp_jul
21,6946.5346,mp_jul
21,6946.8345,mp_jul
21,6947.1342,mp_jul
21,6947.434,mp_jul
21,6947.7338,mp_jul
21,6948.0387,mp_jul
21,6948.3334,mp_jul
21,6948.6332,mp_jul
21,6948.933,mp_jul
21,6949.2328,mp_jul
21,6949.5325,mp_jul
21,6949.8324,mp_jul
21,6950.1321,mp_jul
21,6950.4319,mp_jul
21,6950.7317,mp_jul
21,6951.0315,mp_jul
21,6951.3313,mp_jul
21,6951.6311,mp_jul
21,6951.9309,mp_jul
21,6952.2306,mp_jul
21,6952.5305,mp_jul
21,6952.8302,mp_jul
21,6953.13,mp_jul
21,6953.4299,mp_jul
21,6953.7295,mp_jul
21,6954.0294,mp_jul
21,6954.3292,mp_jul
21,6954.6289,mp_jul
21,6954.9288,mp_jul
21,6955.2285,mp_jul
21,6955.5283,mp_jul
21,6955.8281,mp_jul
21,6956.1278,mp_jul
21,6956.4277,mp_jul
21,6956.7275,mp_jul
21,6957.0273,mp_jul
21,6957.327,mp_jul
21,6957.6268,mp_jul
21,6957.9267,mp_jul
21,6958.2263,mp_jul
21,6958.5262,mp_jul
21,6958.826,mp_jul
21,6959.1258,mp_jul
21,6959.4256,mp_jul
21,6959.7253,mp_jul
21,6960.0252,mp_jul
21,6960.3249,mp_jul
21,6960.6247,mp_jul
21,6960.9244,mp_jul
21,6961.2243,mp_jul
21,6961.5241,mp_jul
21,6961.8239,mp_jul
21,6962.1236,mp_jul
21,6962.4235,mp_jul
21,6962.7233,mp_jul
21,6963.023,mp_jul
21,6963.3228,mp_jul
21,6963.6226,mp_jul
21,6963.9225,mp_jul
21,6964.2222,mp_jul
21,6964.522,mp_jul
21,6964.8217,mp_jul
21,6965.1216,mp_jul
21,6965.4213,mp_jul
21,6965.7212,mp_jul
21,6966.0209,mp_jul
21,6966.3207,mp_jul
21,6966.6205,mp_jul
21,6966.9203,mp_jul
21,6967.2201,mp_jul
21,6967.5199,mp_jul
21,6967.8196,mp_jul
