ClusterIdx,Timestamp,Folder_Name
1,1025.1528,mp_jul
1,1025.4525,mp_jul
1,1025.7522,mp_jul
1,1026.052,mp_jul
1,1026.3517,mp_jul
1,1026.6516,mp_jul
1,1026.9513,mp_jul
1,1027.251,mp_jul
1,1027.5508,mp_jul
1,1027.8505,mp_jul
1,1028.1503,mp_jul
1,1028.4501,mp_jul
1,1028.7499,mp_jul
1,1029.0496,mp_jul
1,1029.3493,mp_jul
1,1029.6492,mp_jul
1,1029.949,mp_jul
1,1030.2487,mp_jul
1,1030.5485,mp_jul
1,1030.8483,mp_jul
1,1031.1524,mp_jul
1,1031.4572,mp_jul
1,1031.7569,mp_jul
1,1032.0567,mp_jul
1,1032.3564,mp_jul
1,1032.6562,mp_jul
1,1032.956,mp_jul
1,1033.2557,mp_jul
1,1033.5555,mp_jul
1,1033.8553,mp_jul
1,1034.155,mp_jul
1,1034.4548,mp_jul
1,1034.7596,mp_jul
1,1035.0594,mp_jul
1,1035.3592,mp_jul
1,1035.6589,mp_jul
1,1035.9587,mp_jul
1,1036.2585,mp_jul
1,1036.5582,mp_jul
1,1036.858,mp_jul
1,1037.1578,mp_jul
1,1037.4576,mp_jul
1,1037.7573,mp_jul
1,1038.0571,mp_jul
1,1038.3625,mp_jul
1,1038.6623,mp_jul
1,1038.962,mp_jul
1,1039.2912,mp_jul
1,1039.5909,mp_jul
1,1039.8907,mp_jul
1,1040.1905,mp_jul
1,1040.4902,mp_jul
1,1040.79,mp_jul
1,1041.0948,mp_jul
1,1041.4001,mp_jul
1,1041.7043,mp_jul
1,1042.004,mp_jul
1,1042.3038,mp_jul
1,1042.6392,mp_jul
1,1042.939,mp_jul
1,1043.2387,mp_jul
1,1043.5429,mp_jul
1,1043.8427,mp_jul
1,1044.1425,mp_jul
1,1044.4422,mp_jul
1,1044.742,mp_jul
1,1045.0518,mp_jul
1,1045.3515,mp_jul
1,1045.6513,mp_jul
1,1045.951,mp_jul
1,1046.2508,mp_jul
1,1046.5506,mp_jul
1,1046.8504,mp_jul
1,1047.1501,mp_jul
1,1047.4556,mp_jul
1,1047.7553,mp_jul
1,1048.0551,mp_jul
1,1048.3592,mp_jul
1,1048.659,mp_jul
1,1048.9588,mp_jul
1,1049.2686,mp_jul
1,1049.5683,mp_jul
1,1049.8781,mp_jul
1,1050.1779,mp_jul
1,1050.4776,mp_jul
1,1050.7774,mp_jul
1,1051.0772,mp_jul
1,1051.3769,mp_jul
1,1051.6767,mp_jul
1,1051.9765,mp_jul
1,1052.2763,mp_jul
1,1052.5761,mp_jul
1,1052.8758,mp_jul
1,1053.1756,mp_jul
1,1053.4754,mp_jul
1,1053.7751,mp_jul
1,1054.075,mp_jul
1,1054.3747,mp_jul
1,1054.6745,mp_jul
1,1054.9742,mp_jul
1,1055.274,mp_jul
1,1055.5738,mp_jul
1,1055.8736,mp_jul
1,1056.1734,mp_jul
1,1056.4781,mp_jul
1,1056.7779,mp_jul
1,1057.0777,mp_jul
1,1057.3775,mp_jul
1,1057.6772,mp_jul
1,1057.977,mp_jul
1,1058.2767,mp_jul
1,1058.5765,mp_jul
1,1058.8763,mp_jul
1,1059.1868,mp_jul
1,1059.4865,mp_jul
1,1059.7863,mp_jul
1,1060.086,mp_jul
1,1060.3858,mp_jul
1,1060.6856,mp_jul
1,1060.9853,mp_jul
1,1061.2852,mp_jul
1,1061.5849,mp_jul
1,1061.8847,mp_jul
1,1062.1844,mp_jul
1,1062.4886,mp_jul
1,1062.7884,mp_jul
1,1063.0882,mp_jul
1,1063.3879,mp_jul
1,1063.6877,mp_jul
1,1063.9924,mp_jul
1,1064.2923,mp_jul
1,1064.592,mp_jul
1,1064.8918,mp_jul
1,1065.1916,mp_jul
1,1065.4914,mp_jul
1,1065.7911,mp_jul
1,1066.0909,mp_jul
1,1066.4212,mp_jul
1,1066.7211,mp_jul
1,1067.0208,mp_jul
1,1067.3206,mp_jul
1,1067.6204,mp_jul
1,1067.9202,mp_jul
1,1068.2199,mp_jul
1,1068.5197,mp_jul
1,1068.8239,mp_jul
1,1069.1286,mp_jul
1,1069.4284,mp_jul
1,1069.7282,mp_jul
1,1070.0279,mp_jul
1,1070.3277,mp_jul
1,1070.6275,mp_jul
1,1070.9273,mp_jul
1,1071.2271,mp_jul
1,1071.5268,mp_jul
1,1071.8267,mp_jul
1,1072.1264,mp_jul
1,1072.4262,mp_jul
1,1072.726,mp_jul
1,1073.0257,mp_jul
1,1073.3255,mp_jul
1,1073.6253,mp_jul
1,1073.925,mp_jul
1,1074.2248,mp_jul
1,1074.5246,mp_jul
1,1074.8293,mp_jul
1,1075.1348,mp_jul
1,1075.4389,mp_jul
1,1075.7387,mp_jul
1,1076.0384,mp_jul
1,1076.3382,mp_jul
1,1076.638,mp_jul
1,1076.9378,mp_jul
1,1077.2375,mp_jul
1,1077.5373,mp_jul
1,1077.8371,mp_jul
1,1078.1369,mp_jul
1,1078.4366,mp_jul
1,1078.7364,mp_jul
1,1079.0362,mp_jul
1,1079.336,mp_jul
1,1079.6358,mp_jul
1,1079.9356,mp_jul
1,1080.2353,mp_jul
1,1080.5351,mp_jul
1,1080.8348,mp_jul
1,1081.1347,mp_jul
1,1081.4344,mp_jul
1,1081.7342,mp_jul
1,1082.034,mp_jul
1,1082.3388,mp_jul
1,1082.6385,mp_jul
1,1082.9383,mp_jul
1,1083.2381,mp_jul
1,1083.5379,mp_jul
1,1083.8376,mp_jul
1,1084.1374,mp_jul
1,1084.4372,mp_jul
1,1084.737,mp_jul
1,1085.0367,mp_jul
1,1085.3365,mp_jul
1,1085.6363,mp_jul
1,1085.936,mp_jul
1,1086.2358,mp_jul
1,1086.5356,mp_jul
1,1086.8354,mp_jul
1,1087.1352,mp_jul
1,1087.435,mp_jul
1,1087.7348,mp_jul
1,1088.0345,mp_jul
1,1088.3343,mp_jul
1,1088.6341,mp_jul
1,1088.9388,mp_jul
1,1089.2386,mp_jul
1,1089.5384,mp_jul
1,1089.8382,mp_jul
1,1090.138,mp_jul
1,1090.4378,mp_jul
1,1090.7375,mp_jul
1,1091.0373,mp_jul
1,1091.3371,mp_jul
1,1091.6368,mp_jul
1,1091.9366,mp_jul
1,1092.242,mp_jul
1,1092.5462,mp_jul
1,1092.846,mp_jul
1,1093.1457,mp_jul
1,1093.4455,mp_jul
1,1093.7452,mp_jul
1,1094.0501,mp_jul
1,1094.3498,mp_jul
1,1094.6496,mp_jul
1,1094.9494,mp_jul
1,1095.2492,mp_jul
1,1095.5596,mp_jul
1,1095.8594,mp_jul
1,1096.1591,mp_jul
1,1096.4588,mp_jul
1,1096.7587,mp_jul
1,1097.0584,mp_jul
1,1097.3581,mp_jul
1,1097.658,mp_jul
1,1097.9577,mp_jul
1,1098.2575,mp_jul
1,1098.5573,mp_jul
1,1098.8571,mp_jul
1,1099.1569,mp_jul
1,1099.4567,mp_jul
1,1099.7565,mp_jul
1,1100.0562,mp_jul
1,1100.356,mp_jul
1,1100.6557,mp_jul
1,1100.9555,mp_jul
1,1101.2553,mp_jul
1,1101.5595,mp_jul
1,1101.8592,mp_jul
1,1102.159,mp_jul
1,1102.4588,mp_jul
1,1102.7585,mp_jul
1,1103.0584,mp_jul
1,1103.3581,mp_jul
1,1103.6579,mp_jul
1,1103.9577,mp_jul
1,1104.2575,mp_jul
1,1104.5573,mp_jul
1,1104.857,mp_jul
1,1105.1568,mp_jul
1,1105.4566,mp_jul
1,1105.7564,mp_jul
1,1106.0561,mp_jul
1,1106.3559,mp_jul
1,1106.6557,mp_jul
1,1106.9555,mp_jul
1,1107.2553,mp_jul
1,1107.555,mp_jul
1,1107.8548,mp_jul
1,1108.1546,mp_jul
1,1108.4544,mp_jul
1,1108.7541,mp_jul
1,1109.0539,mp_jul
1,1109.3537,mp_jul
1,1109.6535,mp_jul
1,1109.9533,mp_jul
1,1110.253,mp_jul
1,1110.5578,mp_jul
1,1110.8576,mp_jul
1,1111.1573,mp_jul
1,1111.4621,mp_jul
1,1111.7619,mp_jul
1,1112.0617,mp_jul
1,1112.3615,mp_jul
1,1112.6613,mp_jul
1,1112.961,mp_jul
1,1113.2608,mp_jul
1,1113.5606,mp_jul
1,1113.8604,mp_jul
1,1114.1602,mp_jul
1,1114.4599,mp_jul
1,1114.7597,mp_jul
1,1115.0595,mp_jul
1,1115.365,mp_jul
1,1115.6648,mp_jul
1,1115.9646,mp_jul
1,1116.2644,mp_jul
1,1116.5684,mp_jul
1,1116.8682,mp_jul
1,1117.198,mp_jul
1,1117.4977,mp_jul
1,1117.7975,mp_jul
1,1118.0972,mp_jul
1,1118.397,mp_jul
1,1118.6968,mp_jul
1,1119.0022,mp_jul
1,1119.3114,mp_jul
1,1119.6111,mp_jul
1,1119.9109,mp_jul
1,1120.2107,mp_jul
1,1120.5105,mp_jul
1,1120.8102,mp_jul
1,1121.11,mp_jul
1,1121.4098,mp_jul
1,1121.7096,mp_jul
1,1122.0094,mp_jul
1,1122.3092,mp_jul
1,1122.609,mp_jul
1,1122.9237,mp_jul
1,1123.2235,mp_jul
1,1123.5233,mp_jul
1,1123.823,mp_jul
1,1124.1228,mp_jul
1,1124.4226,mp_jul
1,1124.7224,mp_jul
1,1125.0222,mp_jul
1,1125.3219,mp_jul
1,1125.6267,mp_jul
1,1125.9265,mp_jul
1,1126.2263,mp_jul
1,1126.526,mp_jul
1,1126.8308,mp_jul
1,1127.1306,mp_jul
1,1127.4303,mp_jul
1,1127.7301,mp_jul
1,1128.0299,mp_jul
1,1128.3297,mp_jul
1,1128.6295,mp_jul
1,1128.9292,mp_jul
1,1129.2291,mp_jul
1,1129.5288,mp_jul
1,1129.8286,mp_jul
1,1130.1284,mp_jul
1,1130.4281,mp_jul
1,1130.728,mp_jul
1,1131.0334,mp_jul
1,1131.3331,mp_jul
1,1131.6329,mp_jul
1,1131.9327,mp_jul
1,1132.2324,mp_jul
1,1132.5322,mp_jul
1,1132.8319,mp_jul
1,1133.1318,mp_jul
1,1133.4316,mp_jul
1,1133.7313,mp_jul
1,1134.0311,mp_jul
1,1134.3309,mp_jul
1,1134.6307,mp_jul
1,1134.9348,mp_jul
1,1135.2346,mp_jul
1,1135.5344,mp_jul
1,1135.8342,mp_jul
1,1136.134,mp_jul
1,1136.4337,mp_jul
1,1136.7335,mp_jul
1,1137.0333,mp_jul
1,1137.3331,mp_jul
1,1137.6379,mp_jul
1,1137.9376,mp_jul
1,1138.2374,mp_jul
1,1138.5372,mp_jul
1,1138.852,mp_jul
1,1139.1517,mp_jul
1,1139.4515,mp_jul
1,1139.7563,mp_jul
1,1140.0561,mp_jul
1,1140.3558,mp_jul
1,1140.6556,mp_jul
1,1140.9554,mp_jul
1,1141.2802,mp_jul
1,1141.5856,mp_jul
1,1141.8854,mp_jul
1,1142.1852,mp_jul
1,1142.4849,mp_jul
1,1142.7847,mp_jul
1,1143.0845,mp_jul
1,1143.3886,mp_jul
1,1143.6884,mp_jul
1,1143.9882,mp_jul
1,1144.288,mp_jul
1,1144.5877,mp_jul
1,1144.8875,mp_jul
1,1145.1873,mp_jul
1,1145.4871,mp_jul
1,1145.7869,mp_jul
1,1146.0867,mp_jul
1,1146.3864,mp_jul
1,1146.6862,mp_jul
1,1146.986,mp_jul
1,1147.2858,mp_jul
1,1147.5856,mp_jul
1,1147.8854,mp_jul
1,1148.1851,mp_jul
1,1148.4849,mp_jul
1,1148.7847,mp_jul
1,1149.0845,mp_jul
1,1149.3842,mp_jul
1,1149.6841,mp_jul
1,1149.9838,mp_jul
1,1150.2836,mp_jul
1,1150.5834,mp_jul
1,1150.8832,mp_jul
1,1151.1829,mp_jul
1,1151.4828,mp_jul
1,1151.7825,mp_jul
1,1152.0823,mp_jul
1,1152.3821,mp_jul
1,1152.6819,mp_jul
1,1152.9816,mp_jul
1,1153.297,mp_jul
1,1153.5968,mp_jul
1,1153.8966,mp_jul
1,1154.2007,mp_jul
1,1154.5005,mp_jul
1,1154.8003,mp_jul
1,1155.1051,mp_jul
1,1155.4049,mp_jul
1,1155.7046,mp_jul
1,1156.0044,mp_jul
1,1156.3042,mp_jul
1,1156.6146,mp_jul
1,1156.9144,mp_jul
1,1157.2142,mp_jul
1,1157.5139,mp_jul
1,1157.8137,mp_jul
1,1158.1135,mp_jul
1,1158.4176,mp_jul
1,1158.7174,mp_jul
1,1159.0172,mp_jul
1,1159.317,mp_jul
1,1159.6168,mp_jul
1,1159.9165,mp_jul
1,1160.2164,mp_jul
1,1160.5161,mp_jul
1,1160.8159,mp_jul
1,1161.1157,mp_jul
1,1161.4155,mp_jul
1,1161.7152,mp_jul
1,1162.0151,mp_jul
1,1162.3148,mp_jul
1,1162.6146,mp_jul
1,1162.9144,mp_jul
1,1163.2241,mp_jul
1,1163.5239,mp_jul
1,1163.8237,mp_jul
1,1164.1235,mp_jul
1,1164.4233,mp_jul
1,1164.723,mp_jul
1,1165.0228,mp_jul
1,1165.3227,mp_jul
1,1165.6224,mp_jul
1,1165.9222,mp_jul
1,1166.222,mp_jul
1,1166.5218,mp_jul
1,1166.8215,mp_jul
1,1167.1213,mp_jul
1,1167.4211,mp_jul
1,1167.7209,mp_jul
1,1168.0207,mp_jul
1,1168.3205,mp_jul
1,1168.6203,mp_jul
1,1168.92,mp_jul
1,1169.2198,mp_jul
1,1169.5196,mp_jul
1,1169.8193,mp_jul
1,1170.1192,mp_jul
1,1170.4189,mp_jul
1,1170.7245,mp_jul
1,1171.0243,mp_jul
1,1171.3241,mp_jul
1,1171.6238,mp_jul
1,1171.9236,mp_jul
1,1172.2234,mp_jul
1,1172.5231,mp_jul
1,1172.823,mp_jul
1,1173.1228,mp_jul
1,1173.4225,mp_jul
1,1173.7223,mp_jul
1,1174.0221,mp_jul
1,1174.3218,mp_jul
1,1174.6216,mp_jul
1,1174.9215,mp_jul
1,1175.2212,mp_jul
1,1175.5211,mp_jul
1,1175.8208,mp_jul
1,1176.1206,mp_jul
1,1176.4204,mp_jul
1,1176.7202,mp_jul
1,1177.0199,mp_jul
1,1177.3197,mp_jul
1,1177.6237,mp_jul
1,1177.9285,mp_jul
1,1178.2283,mp_jul
1,1178.528,mp_jul
1,1178.8278,mp_jul
1,1179.1284,mp_jul
1,1179.4324,mp_jul
1,1179.7322,mp_jul
1,1180.0319,mp_jul
1,1180.3317,mp_jul
1,1180.6315,mp_jul
1,1180.9313,mp_jul
1,1181.2311,mp_jul
1,1181.5308,mp_jul
1,1181.8307,mp_jul
1,1182.1304,mp_jul
1,1182.4302,mp_jul
1,1182.73,mp_jul
1,1183.0298,mp_jul
1,1183.3296,mp_jul
1,1183.6293,mp_jul
1,1183.9291,mp_jul
1,1184.2289,mp_jul
1,1184.5287,mp_jul
1,1184.8285,mp_jul
1,1185.1283,mp_jul
1,1185.428,mp_jul
1,1185.7478,mp_jul
1,1186.0476,mp_jul
1,1186.3474,mp_jul
1,1186.6471,mp_jul
1,1186.9469,mp_jul
1,1187.2467,mp_jul
1,1187.5465,mp_jul
1,1187.8463,mp_jul
1,1188.146,mp_jul
1,1188.4458,mp_jul
1,1188.7456,mp_jul
1,1189.0454,mp_jul
1,1189.3452,mp_jul
1,1189.645,mp_jul
1,1189.9447,mp_jul
1,1190.2445,mp_jul
1,1190.5443,mp_jul
1,1190.8498,mp_jul
1,1191.1539,mp_jul
1,1191.4537,mp_jul
1,1191.7534,mp_jul
1,1192.0533,mp_jul
1,1192.353,mp_jul
1,1192.6528,mp_jul
1,1192.9526,mp_jul
1,1193.2524,mp_jul
1,1193.5522,mp_jul
1,1193.8519,mp_jul
1,1194.1516,mp_jul
1,1194.4515,mp_jul
1,1194.7513,mp_jul
1,1195.051,mp_jul
1,1195.3508,mp_jul
1,1195.6556,mp_jul
1,1195.9604,mp_jul
1,1196.2602,mp_jul
1,1196.56,mp_jul
1,1196.8597,mp_jul
1,1197.1595,mp_jul
1,1197.4593,mp_jul
1,1197.7591,mp_jul
1,1198.0589,mp_jul
1,1198.3587,mp_jul
1,1198.6584,mp_jul
1,1198.9582,mp_jul
1,1199.258,mp_jul
1,1199.5577,mp_jul
1,1199.8575,mp_jul
1,1200.1573,mp_jul
1,1200.4571,mp_jul
1,1200.7569,mp_jul
1,1201.0567,mp_jul
1,1201.3565,mp_jul
1,1201.6618,mp_jul
1,1201.9616,mp_jul
1,1202.2614,mp_jul
1,1202.5612,mp_jul
1,1202.861,mp_jul
1,1203.1607,mp_jul
1,1203.4605,mp_jul
1,1203.7603,mp_jul
1,1204.0601,mp_jul
1,1204.3599,mp_jul
1,1204.6597,mp_jul
1,1204.9638,mp_jul
1,1205.2636,mp_jul
1,1205.5634,mp_jul
1,1205.8632,mp_jul
1,1206.163,mp_jul
1,1206.4627,mp_jul
1,1206.7625,mp_jul
1,1207.0623,mp_jul
1,1207.3621,mp_jul
1,1207.6619,mp_jul
1,1207.9616,mp_jul
1,1208.2614,mp_jul
1,1208.5662,mp_jul
1,1208.866,mp_jul
1,1209.1657,mp_jul
1,1209.4656,mp_jul
1,1209.7653,mp_jul
1,1210.0652,mp_jul
1,1210.3649,mp_jul
1,1210.6647,mp_jul
1,1210.9645,mp_jul
1,1211.2643,mp_jul
1,1211.564,mp_jul
1,1211.8638,mp_jul
1,1212.1636,mp_jul
1,1212.4633,mp_jul
1,1212.7632,mp_jul
1,1213.0629,mp_jul
1,1213.3628,mp_jul
1,1213.6625,mp_jul
1,1213.9623,mp_jul
1,1214.2621,mp_jul
1,1214.5618,mp_jul
1,1214.8616,mp_jul
1,1215.1614,mp_jul
1,1215.4612,mp_jul
1,1215.761,mp_jul
1,1216.0608,mp_jul
1,1216.3605,mp_jul
1,1216.6604,mp_jul
1,1216.9601,mp_jul
1,1217.2599,mp_jul
1,1217.5597,mp_jul
1,1217.8644,mp_jul
1,1218.1642,mp_jul
1,1218.464,mp_jul
1,1218.7638,mp_jul
1,1219.0636,mp_jul
1,1219.3634,mp_jul
1,1219.6632,mp_jul
1,1219.963,mp_jul
1,1220.2683,mp_jul
1,1220.5682,mp_jul
1,1220.8679,mp_jul
1,1221.1677,mp_jul
1,1221.4718,mp_jul
1,1221.7716,mp_jul
1,1222.0714,mp_jul
1,1222.3712,mp_jul
1,1222.671,mp_jul
1,1222.9707,mp_jul
1,1223.2705,mp_jul
1,1223.5703,mp_jul
1,1223.87,mp_jul
1,1224.1699,mp_jul
1,1224.4696,mp_jul
1,1224.7694,mp_jul
1,1225.0742,mp_jul
1,1225.374,mp_jul
1,1225.6738,mp_jul
1,1225.9735,mp_jul
1,1226.2733,mp_jul
1,1226.5731,mp_jul
1,1226.8729,mp_jul
1,1227.1727,mp_jul
1,1227.4724,mp_jul
1,1227.7722,mp_jul
1,1228.0721,mp_jul
1,1228.3718,mp_jul
1,1228.6716,mp_jul
1,1228.9714,mp_jul
1,1229.2712,mp_jul
1,1229.571,mp_jul
1,1229.8708,mp_jul
1,1230.1705,mp_jul
1,1230.4703,mp_jul
1,1230.77,mp_jul
1,1231.0699,mp_jul
1,1231.3696,mp_jul
1,1231.6694,mp_jul
1,1231.9692,mp_jul
1,1232.269,mp_jul
1,1232.5688,mp_jul
1,1232.8685,mp_jul
1,1233.1734,mp_jul
1,1233.4732,mp_jul
1,1233.7729,mp_jul
1,1234.0727,mp_jul
1,1234.3783,mp_jul
1,1234.6822,mp_jul
1,1234.9821,mp_jul
1,1235.2818,mp_jul
1,1235.5816,mp_jul
1,1235.8814,mp_jul
1,1236.1812,mp_jul
1,1236.481,mp_jul
1,1236.7807,mp_jul
1,1237.0805,mp_jul
1,1237.3803,mp_jul
1,1237.6801,mp_jul
1,1237.9799,mp_jul
1,1238.2797,mp_jul
1,1238.5795,mp_jul
1,1238.8793,mp_jul
1,1239.179,mp_jul
1,1239.4788,mp_jul
1,1239.7786,mp_jul
1,1240.0784,mp_jul
1,1240.3782,mp_jul
1,1240.678,mp_jul
1,1240.9827,mp_jul
1,1241.2825,mp_jul
1,1241.5822,mp_jul
1,1241.8821,mp_jul
1,1242.1819,mp_jul
1,1242.4817,mp_jul
1,1242.7814,mp_jul
1,1243.0812,mp_jul
1,1243.381,mp_jul
1,1243.6807,mp_jul
1,1243.9805,mp_jul
1,1244.2804,mp_jul
1,1244.5801,mp_jul
1,1244.8799,mp_jul
1,1245.1797,mp_jul
1,1245.4795,mp_jul
1,1245.7793,mp_jul
1,1246.079,mp_jul
1,1246.3788,mp_jul
1,1246.6786,mp_jul
1,1246.9784,mp_jul
1,1247.2782,mp_jul
1,1247.578,mp_jul
1,1247.8778,mp_jul
1,1248.1775,mp_jul
1,1248.4773,mp_jul
1,1248.7771,mp_jul
1,1249.0769,mp_jul
1,1249.3767,mp_jul
1,1249.6764,mp_jul
1,1249.9762,mp_jul
1,1250.2761,mp_jul
1,1250.5758,mp_jul
1,1250.8806,mp_jul
1,1251.1804,mp_jul
1,1251.4802,mp_jul
1,1251.7799,mp_jul
1,1252.0797,mp_jul
1,1252.3795,mp_jul
1,1252.6793,mp_jul
1,1252.9791,mp_jul
1,1253.2788,mp_jul
1,1253.5786,mp_jul
1,1253.8784,mp_jul
1,1254.1782,mp_jul
1,1254.478,mp_jul
1,1254.7778,mp_jul
1,1255.0775,mp_jul
1,1255.3773,mp_jul
1,1255.6771,mp_jul
1,1255.9769,mp_jul
1,1256.2767,mp_jul
1,1256.5764,mp_jul
1,1256.8762,mp_jul
1,1257.176,mp_jul
1,1257.4758,mp_jul
1,1257.7756,mp_jul
1,1258.0754,mp_jul
1,1258.3752,mp_jul
1,1258.6749,mp_jul
1,1258.9747,mp_jul
1,1259.2745,mp_jul
1,1259.5743,mp_jul
1,1259.8741,mp_jul
1,1260.1739,mp_jul
1,1260.4737,mp_jul
1,1260.7734,mp_jul
1,1261.0732,mp_jul
1,1261.373,mp_jul
1,1261.6728,mp_jul
1,1261.9725,mp_jul
1,1262.2724,mp_jul
1,1262.5721,mp_jul
1,1262.8719,mp_jul
1,1263.3075,mp_jul
1,1263.7013,mp_jul
1,1264.0011,mp_jul
1,1264.3009,mp_jul
1,1264.6007,mp_jul
1,1264.9013,mp_jul
1,1265.256,mp_jul
1,1265.5799,mp_jul
1,1265.8897,mp_jul
1,1266.1895,mp_jul
1,1266.4893,mp_jul
1,1266.7891,mp_jul
1,1267.0945,mp_jul
1,1267.3944,mp_jul
1,1267.6984,mp_jul
1,1267.9982,mp_jul
1,1268.298,mp_jul
1,1268.5978,mp_jul
1,1268.8976,mp_jul
1,1269.1973,mp_jul
1,1269.4971,mp_jul
1,1269.7969,mp_jul
1,1270.0967,mp_jul
1,1270.3965,mp_jul
1,1270.6962,mp_jul
1,1270.9961,mp_jul
1,1271.3058,mp_jul
1,1271.6156,mp_jul
1,1271.9154,mp_jul
1,1272.2152,mp_jul
1,1272.515,mp_jul
1,1272.8147,mp_jul
1,1273.1145,mp_jul
1,1273.4143,mp_jul
1,1273.7141,mp_jul
1,1274.0139,mp_jul
1,1274.3136,mp_jul
1,1274.6134,mp_jul
1,1274.9132,mp_jul
1,1275.213,mp_jul
1,1275.5128,mp_jul
1,1275.8125,mp_jul
1,1276.1123,mp_jul
1,1276.4121,mp_jul
1,1276.7119,mp_jul
1,1277.0117,mp_jul
1,1277.3115,mp_jul
1,1277.6112,mp_jul
1,1277.9111,mp_jul
1,1278.2108,mp_jul
1,1278.5106,mp_jul
1,1278.8104,mp_jul
1,1279.1101,mp_jul
1,1279.41,mp_jul
1,1279.7097,mp_jul
1,1280.0145,mp_jul
1,1280.3143,mp_jul
1,1280.614,mp_jul
1,1280.9139,mp_jul
1,1281.2137,mp_jul
1,1281.5134,mp_jul
1,1281.8133,mp_jul
1,1282.113,mp_jul
1,1282.4128,mp_jul
1,1282.7126,mp_jul
1,1283.0123,mp_jul
1,1283.3121,mp_jul
1,1283.6119,mp_jul
1,1283.9117,mp_jul
1,1284.2115,mp_jul
1,1284.5113,mp_jul
1,1284.811,mp_jul
1,1285.1108,mp_jul
1,1285.4106,mp_jul
1,1285.7104,mp_jul
1,1286.0101,mp_jul
1,1286.31,mp_jul
1,1286.6097,mp_jul
1,1286.9095,mp_jul
1,1287.2093,mp_jul
1,1287.5091,mp_jul
1,1287.8089,mp_jul
1,1288.1087,mp_jul
1,1288.4084,mp_jul
1,1288.7082,mp_jul
1,1289.008,mp_jul
1,1289.3078,mp_jul
1,1289.6076,mp_jul
1,1289.9074,mp_jul
1,1290.2071,mp_jul
1,1290.5069,mp_jul
1,1290.8067,mp_jul
1,1291.1065,mp_jul
1,1291.4063,mp_jul
1,1291.7061,mp_jul
1,1292.0058,mp_jul
1,1292.3057,mp_jul
1,1292.6054,mp_jul
1,1292.9052,mp_jul
1,1293.205,mp_jul
1,1293.5048,mp_jul
1,1293.8046,mp_jul
1,1294.1043,mp_jul
1,1294.4042,mp_jul
1,1294.7039,mp_jul
1,1295.0037,mp_jul
1,1295.3035,mp_jul
1,1295.6033,mp_jul
1,1295.9031,mp_jul
1,1296.2028,mp_jul
1,1296.5026,mp_jul
1,1296.8024,mp_jul
1,1297.1022,mp_jul
1,1297.4019,mp_jul
1,1297.7018,mp_jul
1,1298.0015,mp_jul
1,1298.3013,mp_jul
1,1298.6011,mp_jul
1,1298.9009,mp_jul
1,1299.2112,mp_jul
1,1299.5111,mp_jul
1,1299.8108,mp_jul
1,1300.1106,mp_jul
1,1300.4104,mp_jul
1,1300.7102,mp_jul
1,1301.01,mp_jul
1,1301.3098,mp_jul
1,1301.6096,mp_jul
1,1301.9093,mp_jul
1,1302.2092,mp_jul
1,1302.5089,mp_jul
1,1302.818,mp_jul
1,1303.1179,mp_jul
1,1303.4176,mp_jul
1,1303.7174,mp_jul
1,1304.0172,mp_jul
1,1304.317,mp_jul
1,1304.6168,mp_jul
1,1304.9165,mp_jul
1,1305.2163,mp_jul
1,1305.5161,mp_jul
1,1305.8159,mp_jul
1,1306.1156,mp_jul
1,1306.4154,mp_jul
1,1306.7153,mp_jul
1,1307.015,mp_jul
1,1307.3147,mp_jul
1,1307.6146,mp_jul
1,1307.9144,mp_jul
1,1308.2142,mp_jul
1,1308.514,mp_jul
1,1308.8188,mp_jul
1,1309.1185,mp_jul
1,1309.4183,mp_jul
1,1309.7181,mp_jul
1,1310.0179,mp_jul
1,1310.3176,mp_jul
1,1310.6174,mp_jul
1,1310.9172,mp_jul
1,1311.217,mp_jul
1,1311.5168,mp_jul
1,1311.8165,mp_jul
1,1312.1164,mp_jul
1,1312.4161,mp_jul
1,1312.716,mp_jul
1,1313.0257,mp_jul
1,1313.3255,mp_jul
1,1313.6252,mp_jul
1,1313.925,mp_jul
1,1314.2248,mp_jul
1,1314.5246,mp_jul
1,1314.8244,mp_jul
1,1315.1242,mp_jul
1,1315.424,mp_jul
1,1315.7238,mp_jul
1,1316.0236,mp_jul
1,1316.3233,mp_jul
1,1316.6281,mp_jul
1,1316.9279,mp_jul
1,1317.2327,mp_jul
1,1317.5324,mp_jul
1,1317.8322,mp_jul
1,1318.132,mp_jul
1,1318.4318,mp_jul
1,1318.7316,mp_jul
1,1319.0314,mp_jul
1,1319.3311,mp_jul
1,1319.6309,mp_jul
1,1319.9307,mp_jul
1,1320.2305,mp_jul
1,1320.5303,mp_jul
1,1320.8301,mp_jul
1,1321.1298,mp_jul
1,1321.4297,mp_jul
1,1321.7295,mp_jul
1,1322.0292,mp_jul
1,1322.329,mp_jul
1,1322.6344,mp_jul
1,1322.9341,mp_jul
1,1323.2633,mp_jul
1,1323.5631,mp_jul
1,1323.8629,mp_jul
1,1324.1626,mp_jul
1,1324.4624,mp_jul
1,1324.7622,mp_jul
1,1325.062,mp_jul
1,1325.3619,mp_jul
1,1325.6723,mp_jul
1,1325.972,mp_jul
1,1326.2718,mp_jul
1,1326.5716,mp_jul
1,1326.8714,mp_jul
1,1327.1711,mp_jul
1,1327.4709,mp_jul
1,1327.7707,mp_jul
1,1328.0705,mp_jul
1,1328.3702,mp_jul
1,1328.67,mp_jul
1,1328.9698,mp_jul
1,1329.2696,mp_jul
1,1329.5694,mp_jul
1,1329.8692,mp_jul
1,1330.1689,mp_jul
1,1330.4688,mp_jul
1,1330.7685,mp_jul
1,1331.0683,mp_jul
1,1331.3681,mp_jul
1,1331.6678,mp_jul
1,1331.9676,mp_jul
1,1332.2675,mp_jul
1,1332.5672,mp_jul
1,1332.8671,mp_jul
1,1333.1668,mp_jul
1,1333.4666,mp_jul
1,1333.7665,mp_jul
1,1334.0661,mp_jul
1,1334.366,mp_jul
1,1334.6658,mp_jul
1,1334.9656,mp_jul
1,1335.2654,mp_jul
1,1335.5651,mp_jul
1,1335.865,mp_jul
1,1336.1647,mp_jul
1,1336.4645,mp_jul
1,1336.7642,mp_jul
1,1337.0684,mp_jul
1,1337.3682,mp_jul
1,1337.668,mp_jul
1,1337.9677,mp_jul
1,1338.2675,mp_jul
1,1338.5673,mp_jul
1,1338.8671,mp_jul
1,1339.1669,mp_jul
1,1339.4717,mp_jul
1,1339.7714,mp_jul
1,1340.0712,mp_jul
1,1340.371,mp_jul
1,1340.6708,mp_jul
1,1340.9706,mp_jul
1,1341.2704,mp_jul
1,1341.5701,mp_jul
1,1341.87,mp_jul
1,1342.1697,mp_jul
1,1342.4745,mp_jul
1,1342.7743,mp_jul
1,1343.074,mp_jul
1,1343.3738,mp_jul
1,1343.6736,mp_jul
1,1343.9734,mp_jul
1,1344.2732,mp_jul
1,1344.573,mp_jul
1,1344.8728,mp_jul
1,1345.1726,mp_jul
1,1345.4723,mp_jul
1,1345.7721,mp_jul
1,1346.0719,mp_jul
1,1346.3717,mp_jul
1,1346.6715,mp_jul
1,1346.9713,mp_jul
1,1347.2711,mp_jul
1,1347.5708,mp_jul
1,1347.8706,mp_jul
1,1348.1704,mp_jul
1,1348.4702,mp_jul
1,1348.77,mp_jul
1,1349.0697,mp_jul
1,1349.3695,mp_jul
1,1349.6693,mp_jul
1,1349.9691,mp_jul
1,1350.2689,mp_jul
1,1350.5687,mp_jul
1,1350.8685,mp_jul
1,1351.1683,mp_jul
1,1351.468,mp_jul
1,1351.7678,mp_jul
1,1352.0676,mp_jul
1,1352.3674,mp_jul
1,1352.6672,mp_jul
1,1352.967,mp_jul
1,1353.2667,mp_jul
1,1353.5665,mp_jul
1,1353.8663,mp_jul
1,1354.1661,mp_jul
1,1354.4659,mp_jul
1,1354.7656,mp_jul
1,1355.0654,mp_jul
1,1355.3652,mp_jul
1,1355.6651,mp_jul
1,1355.9648,mp_jul
1,1356.2645,mp_jul
1,1356.5644,mp_jul
1,1356.8642,mp_jul
1,1357.164,mp_jul
1,1357.4638,mp_jul
1,1357.7635,mp_jul
1,1358.0633,mp_jul
1,1358.3688,mp_jul
1,1358.6685,mp_jul
1,1358.9683,mp_jul
1,1359.2724,mp_jul
1,1359.5723,mp_jul
1,1359.872,mp_jul
1,1360.1718,mp_jul
1,1360.4716,mp_jul
1,1360.7714,mp_jul
1,1361.0711,mp_jul
1,1361.371,mp_jul
1,1361.6707,mp_jul
1,1361.9705,mp_jul
1,1362.2703,mp_jul
1,1362.5701,mp_jul
1,1362.8699,mp_jul
1,1363.1697,mp_jul
1,1363.4695,mp_jul
1,1363.7692,mp_jul
1,1364.069,mp_jul
1,1364.3688,mp_jul
1,1364.6685,mp_jul
1,1364.9684,mp_jul
1,1365.2682,mp_jul
1,1365.5679,mp_jul
1,1365.8677,mp_jul
1,1366.1675,mp_jul
1,1366.4673,mp_jul
1,1366.767,mp_jul
1,1367.0668,mp_jul
1,1367.3667,mp_jul
1,1367.6664,mp_jul
1,1367.9662,mp_jul
1,1368.266,mp_jul
1,1368.5658,mp_jul
1,1368.8655,mp_jul
1,1369.1653,mp_jul
1,1369.4652,mp_jul
1,1369.765,mp_jul
1,1370.0647,mp_jul
1,1370.3645,mp_jul
1,1370.6693,mp_jul
1,1370.9691,mp_jul
1,1371.2689,mp_jul
1,1371.5686,mp_jul
1,1371.8684,mp_jul
1,1372.1682,mp_jul
1,1372.468,mp_jul
1,1372.7678,mp_jul
1,1373.0676,mp_jul
1,1373.3673,mp_jul
1,1373.6671,mp_jul
1,1373.9669,mp_jul
1,1374.2668,mp_jul
1,1374.5665,mp_jul
1,1374.8663,mp_jul
1,1375.166,mp_jul
1,1375.4659,mp_jul
1,1375.7656,mp_jul
1,1376.0654,mp_jul
1,1376.3652,mp_jul
1,1376.665,mp_jul
1,1376.9647,mp_jul
1,1377.2646,mp_jul
1,1377.5644,mp_jul
1,1377.8642,mp_jul
1,1378.1639,mp_jul
1,1378.4638,mp_jul
1,1378.7635,mp_jul
1,1379.0633,mp_jul
1,1379.3631,mp_jul
1,1379.6629,mp_jul
1,1379.9626,mp_jul
1,1380.2624,mp_jul
1,1380.5622,mp_jul
1,1380.862,mp_jul
1,1381.1619,mp_jul
1,1381.4616,mp_jul
1,1381.8563,mp_jul
1,1382.1811,mp_jul
1,1382.5458,mp_jul
1,1382.8856,mp_jul
1,1383.1954,mp_jul
1,1383.4952,mp_jul
1,1383.7949,mp_jul
1,1384.0947,mp_jul
1,1384.3945,mp_jul
1,1384.6943,mp_jul
1,1384.9941,mp_jul
1,1385.2939,mp_jul
1,1385.5937,mp_jul
1,1385.8934,mp_jul
1,1386.1932,mp_jul
1,1386.493,mp_jul
1,1386.7928,mp_jul
1,1387.0925,mp_jul
1,1387.3924,mp_jul
1,1387.6921,mp_jul
1,1387.9919,mp_jul
1,1388.2918,mp_jul
1,1388.5916,mp_jul
1,1388.8913,mp_jul
1,1389.1911,mp_jul
1,1389.4909,mp_jul
1,1389.7907,mp_jul
1,1390.0904,mp_jul
1,1390.3903,mp_jul
1,1390.69,mp_jul
1,1390.9898,mp_jul
1,1391.2896,mp_jul
1,1391.5894,mp_jul
1,1391.8892,mp_jul
1,1392.189,mp_jul
1,1392.4887,mp_jul
1,1392.7886,mp_jul
1,1393.0883,mp_jul
1,1393.3881,mp_jul
1,1393.6879,mp_jul
1,1393.9876,mp_jul
1,1394.2875,mp_jul
1,1394.5873,mp_jul
1,1394.887,mp_jul
1,1395.1868,mp_jul
1,1395.4867,mp_jul
1,1395.7864,mp_jul
1,1396.0862,mp_jul
1,1396.391,mp_jul
1,1396.6908,mp_jul
1,1396.9906,mp_jul
1,1397.2903,mp_jul
1,1397.5901,mp_jul
1,1397.89,mp_jul
1,1398.1898,mp_jul
1,1398.4895,mp_jul
1,1398.7893,mp_jul
1,1399.0891,mp_jul
1,1399.3889,mp_jul
1,1399.6886,mp_jul
1,1400.0084,mp_jul
1,1400.3082,mp_jul
1,1400.608,mp_jul
1,1400.9078,mp_jul
1,1401.2076,mp_jul
1,1401.5074,mp_jul
1,1401.8072,mp_jul
1,1402.1069,mp_jul
1,1402.4068,mp_jul
1,1402.7065,mp_jul
1,1403.0063,mp_jul
1,1403.3061,mp_jul
1,1403.6059,mp_jul
1,1403.9057,mp_jul
1,1404.2055,mp_jul
1,1404.5052,mp_jul
1,1404.805,mp_jul
1,1405.1048,mp_jul
1,1405.4046,mp_jul
1,1405.7044,mp_jul
1,1406.0042,mp_jul
1,1406.304,mp_jul
1,1406.6037,mp_jul
1,1406.9036,mp_jul
1,1407.2033,mp_jul
1,1407.5031,mp_jul
1,1407.8029,mp_jul
1,1408.1027,mp_jul
1,1408.4025,mp_jul
1,1408.7022,mp_jul
1,1409.002,mp_jul
1,1409.3018,mp_jul
1,1409.6016,mp_jul
1,1409.9014,mp_jul
1,1410.2012,mp_jul
1,1410.501,mp_jul
1,1410.8008,mp_jul
1,1411.1006,mp_jul
1,1411.4003,mp_jul
1,1411.7001,mp_jul
1,1411.9999,mp_jul
1,1412.2997,mp_jul
1,1412.5995,mp_jul
1,1412.8993,mp_jul
1,1413.1991,mp_jul
1,1413.5038,mp_jul
1,1413.8036,mp_jul
1,1414.1035,mp_jul
1,1414.4088,mp_jul
1,1414.7086,mp_jul
1,1415.0084,mp_jul
1,1415.3082,mp_jul
1,1415.608,mp_jul
1,1415.9078,mp_jul
1,1416.2076,mp_jul
1,1416.5073,mp_jul
1,1416.8071,mp_jul
1,1417.1069,mp_jul
1,1417.4067,mp_jul
1,1417.7209,mp_jul
1,1418.0206,mp_jul
1,1418.3204,mp_jul
1,1418.6202,mp_jul
1,1418.92,mp_jul
1,1419.2254,mp_jul
1,1419.5252,mp_jul
1,1419.825,mp_jul
1,1420.1248,mp_jul
1,1420.4245,mp_jul
1,1420.7244,mp_jul
1,1421.0241,mp_jul
1,1421.3239,mp_jul
1,1421.6237,mp_jul
1,1421.9235,mp_jul
1,1422.2233,mp_jul
1,1422.5231,mp_jul
1,1422.8229,mp_jul
1,1423.1226,mp_jul
1,1423.4224,mp_jul
1,1423.7222,mp_jul
1,1424.022,mp_jul
1,1424.3218,mp_jul
1,1424.6216,mp_jul
1,1424.9214,mp_jul
1,1425.2212,mp_jul
1,1425.5209,mp_jul
1,1425.8207,mp_jul
1,1426.1205,mp_jul
1,1426.4203,mp_jul
1,1426.7201,mp_jul
1,1427.0198,mp_jul
1,1427.3196,mp_jul
1,1427.6238,mp_jul
1,1427.9236,mp_jul
1,1428.2234,mp_jul
1,1428.5232,mp_jul
1,1428.8229,mp_jul
1,1429.1227,mp_jul
1,1429.4225,mp_jul
1,1429.7223,mp_jul
1,1430.0221,mp_jul
1,1430.3219,mp_jul
1,1430.6217,mp_jul
1,1430.9214,mp_jul
1,1431.2212,mp_jul
1,1431.521,mp_jul
1,1431.8208,mp_jul
1,1432.1206,mp_jul
1,1432.4204,mp_jul
1,1432.7202,mp_jul
1,1433.02,mp_jul
1,1433.3197,mp_jul
1,1433.6195,mp_jul
1,1433.9193,mp_jul
1,1434.2191,mp_jul
1,1434.5189,mp_jul
1,1434.8236,mp_jul
1,1435.1234,mp_jul
1,1435.4232,mp_jul
1,1435.723,mp_jul
1,1436.0228,mp_jul
1,1436.3226,mp_jul
1,1436.6223,mp_jul
1,1436.9221,mp_jul
1,1437.2219,mp_jul
1,1437.5217,mp_jul
1,1437.8215,mp_jul
1,1438.1213,mp_jul
1,1438.4211,mp_jul
1,1438.7208,mp_jul
1,1439.0207,mp_jul
1,1439.3205,mp_jul
1,1439.6252,mp_jul
1,1439.925,mp_jul
1,1440.2348,mp_jul
1,1440.5346,mp_jul
1,1440.8344,mp_jul
1,1441.1342,mp_jul
1,1441.4339,mp_jul
1,1441.7337,mp_jul
1,1442.0335,mp_jul
1,1442.3333,mp_jul
1,1442.6331,mp_jul
1,1442.9329,mp_jul
1,1443.2327,mp_jul
1,1443.5324,mp_jul
1,1443.8323,mp_jul
1,1444.132,mp_jul
1,1444.4318,mp_jul
1,1444.7316,mp_jul
1,1445.0314,mp_jul
1,1445.3312,mp_jul
1,1445.6309,mp_jul
1,1445.9308,mp_jul
1,1446.2306,mp_jul
1,1446.5303,mp_jul
1,1446.8301,mp_jul
1,1447.1299,mp_jul
1,1447.4297,mp_jul
1,1447.7294,mp_jul
1,1448.0292,mp_jul
1,1448.329,mp_jul
1,1448.6288,mp_jul
1,1448.9287,mp_jul
1,1449.2284,mp_jul
1,1449.5282,mp_jul
1,1449.828,mp_jul
1,1450.1278,mp_jul
1,1450.4276,mp_jul
1,1450.7274,mp_jul
1,1451.0271,mp_jul
1,1451.3269,mp_jul
1,1451.6267,mp_jul
1,1451.9265,mp_jul
1,1452.2263,mp_jul
1,1452.5361,mp_jul
1,1452.8459,mp_jul
1,1453.1457,mp_jul
1,1453.4454,mp_jul
1,1453.7452,mp_jul
1,1454.045,mp_jul
1,1454.3448,mp_jul
1,1454.6446,mp_jul
1,1454.9444,mp_jul
1,1455.2741,mp_jul
1,1455.5739,mp_jul
1,1455.8737,mp_jul
1,1456.1735,mp_jul
1,1456.4732,mp_jul
1,1456.7731,mp_jul
1,1457.0784,mp_jul
1,1457.3782,mp_jul
1,1457.678,mp_jul
1,1457.9778,mp_jul
1,1458.2776,mp_jul
1,1458.5774,mp_jul
1,1458.8772,mp_jul
1,1459.177,mp_jul
1,1459.4768,mp_jul
1,1459.7766,mp_jul
1,1460.0763,mp_jul
1,1460.3761,mp_jul
1,1460.6759,mp_jul
1,1460.9757,mp_jul
1,1461.2799,mp_jul
1,1461.5847,mp_jul
1,1461.8844,mp_jul
1,1462.1843,mp_jul
1,1462.484,mp_jul
1,1462.7888,mp_jul
1,1463.0942,mp_jul
1,1463.394,mp_jul
1,1463.6938,mp_jul
1,1463.9935,mp_jul
1,1464.2977,mp_jul
1,1464.5975,mp_jul
1,1464.8972,mp_jul
1,1465.1971,mp_jul
1,1465.4968,mp_jul
1,1465.7967,mp_jul
1,1466.0964,mp_jul
1,1466.3962,mp_jul
1,1466.696,mp_jul
1,1466.9958,mp_jul
1,1467.2956,mp_jul
1,1467.5954,mp_jul
1,1467.8951,mp_jul
1,1468.1949,mp_jul
1,1468.4948,mp_jul
1,1468.7945,mp_jul
1,1469.0944,mp_jul
1,1469.3941,mp_jul
1,1469.6939,mp_jul
1,1469.9937,mp_jul
1,1470.2985,mp_jul
1,1470.5982,mp_jul
1,1470.898,mp_jul
1,1471.1979,mp_jul
1,1471.4976,mp_jul
1,1471.7974,mp_jul
1,1472.0971,mp_jul
1,1472.397,mp_jul
1,1472.6967,mp_jul
1,1472.9965,mp_jul
1,1473.3113,mp_jul
1,1473.6111,mp_jul
1,1473.9109,mp_jul
1,1474.2106,mp_jul
1,1474.5105,mp_jul
1,1474.8102,mp_jul
1,1475.11,mp_jul
1,1475.4099,mp_jul
1,1475.7096,mp_jul
1,1476.0094,mp_jul
1,1476.3092,mp_jul
1,1476.6089,mp_jul
1,1476.9138,mp_jul
1,1477.2186,mp_jul
1,1477.5183,mp_jul
1,1477.8181,mp_jul
1,1478.1329,mp_jul
1,1478.4327,mp_jul
1,1478.7324,mp_jul
1,1479.0472,mp_jul
1,1479.347,mp_jul
1,1479.6468,mp_jul
1,1479.9466,mp_jul
1,1480.2464,mp_jul
1,1480.5461,mp_jul
1,1480.846,mp_jul
1,1481.1458,mp_jul
1,1481.4455,mp_jul
1,1481.7453,mp_jul
1,1482.0451,mp_jul
1,1482.3449,mp_jul
1,1482.6447,mp_jul
1,1482.9495,mp_jul
1,1483.2492,mp_jul
1,1483.549,mp_jul
1,1483.8488,mp_jul
1,1484.1486,mp_jul
1,1484.4484,mp_jul
1,1484.7482,mp_jul
1,1485.0479,mp_jul
1,1485.3478,mp_jul
1,1485.6475,mp_jul
1,1485.9473,mp_jul
1,1486.2472,mp_jul
1,1486.5469,mp_jul
1,1486.8467,mp_jul
1,1487.1465,mp_jul
1,1487.4463,mp_jul
1,1487.7461,mp_jul
1,1488.0458,mp_jul
1,1488.3456,mp_jul
1,1488.6454,mp_jul
1,1488.9453,mp_jul
1,1489.245,mp_jul
1,1489.5448,mp_jul
1,1489.8446,mp_jul
1,1490.1444,mp_jul
1,1490.4442,mp_jul
1,1490.7439,mp_jul
1,1491.0437,mp_jul
1,1491.3435,mp_jul
1,1491.6433,mp_jul
1,1491.9431,mp_jul
1,1492.2429,mp_jul
1,1492.5427,mp_jul
1,1492.8424,mp_jul
1,1493.1422,mp_jul
1,1493.442,mp_jul
1,1493.7418,mp_jul
1,1494.0416,mp_jul
1,1494.3414,mp_jul
1,1494.6412,mp_jul
1,1494.941,mp_jul
1,1495.2407,mp_jul
1,1495.5405,mp_jul
1,1495.8403,mp_jul
1,1496.1401,mp_jul
1,1496.4399,mp_jul
1,1496.7397,mp_jul
1,1497.0395,mp_jul
1,1497.3393,mp_jul
1,1497.6391,mp_jul
1,1497.9388,mp_jul
1,1498.2386,mp_jul
1,1498.5384,mp_jul
1,1498.8382,mp_jul
1,1499.138,mp_jul
1,1499.4378,mp_jul
1,1499.7426,mp_jul
1,1500.0423,mp_jul
1,1500.3421,mp_jul
1,1500.6419,mp_jul
1,1500.9417,mp_jul
1,1501.2415,mp_jul
1,1501.5413,mp_jul
1,1501.8411,mp_jul
1,1502.1408,mp_jul
1,1502.4406,mp_jul
1,1502.7404,mp_jul
1,1503.0402,mp_jul
1,1503.34,mp_jul
1,1503.6398,mp_jul
1,1503.9396,mp_jul
1,1504.2394,mp_jul
1,1504.5392,mp_jul
1,1504.839,mp_jul
1,1505.1388,mp_jul
1,1505.4386,mp_jul
1,1505.7383,mp_jul
1,1506.0381,mp_jul
1,1506.3379,mp_jul
1,1506.6377,mp_jul
1,1506.9375,mp_jul
1,1507.2372,mp_jul
1,1507.537,mp_jul
1,1507.8368,mp_jul
1,1508.1366,mp_jul
1,1508.4364,mp_jul
1,1508.7362,mp_jul
1,1509.036,mp_jul
1,1509.3357,mp_jul
1,1509.6355,mp_jul
1,1509.9353,mp_jul
1,1510.2351,mp_jul
1,1510.5349,mp_jul
1,1510.8347,mp_jul
1,1511.1345,mp_jul
1,1511.4343,mp_jul
1,1511.7341,mp_jul
1,1512.0339,mp_jul
1,1512.3337,mp_jul
1,1512.6334,mp_jul
1,1512.9332,mp_jul
1,1513.233,mp_jul
1,1513.5328,mp_jul
1,1513.8325,mp_jul
1,1514.1324,mp_jul
1,1514.4322,mp_jul
1,1514.732,mp_jul
1,1515.0317,mp_jul
1,1515.3315,mp_jul
1,1515.6313,mp_jul
1,1515.9311,mp_jul
1,1516.2308,mp_jul
1,1516.5307,mp_jul
1,1516.8305,mp_jul
1,1517.1302,mp_jul
1,1517.43,mp_jul
1,1517.7298,mp_jul
1,1518.0296,mp_jul
1,1518.3294,mp_jul
1,1518.6292,mp_jul
1,1518.9289,mp_jul
1,1519.2288,mp_jul
1,1519.5286,mp_jul
1,1519.8284,mp_jul
1,1520.1281,mp_jul
1,1520.4279,mp_jul
1,1520.7277,mp_jul
1,1521.0275,mp_jul
1,1521.3273,mp_jul
1,1521.6271,mp_jul
1,1521.9269,mp_jul
1,1522.2267,mp_jul
1,1522.5264,mp_jul
1,1522.8262,mp_jul
1,1523.126,mp_jul
1,1523.4258,mp_jul
1,1523.7312,mp_jul
1,1524.0354,mp_jul
1,1524.3451,mp_jul
1,1524.645,mp_jul
1,1524.9447,mp_jul
1,1525.2446,mp_jul
1,1525.5443,mp_jul
1,1525.844,mp_jul
1,1526.1439,mp_jul
1,1526.4437,mp_jul
1,1526.7434,mp_jul
1,1527.0433,mp_jul
1,1527.3431,mp_jul
1,1527.6428,mp_jul
1,1527.9427,mp_jul
1,1528.2424,mp_jul
1,1528.5422,mp_jul
1,1528.842,mp_jul
1,1529.1418,mp_jul
1,1529.4416,mp_jul
1,1529.747,mp_jul
1,1530.0468,mp_jul
1,1530.3465,mp_jul
1,1530.6463,mp_jul
1,1530.946,mp_jul
1,1531.2459,mp_jul
1,1531.5457,mp_jul
1,1531.8455,mp_jul
1,1532.1453,mp_jul
1,1532.4451,mp_jul
1,1532.7449,mp_jul
1,1533.054,mp_jul
1,1533.3538,mp_jul
1,1533.6535,mp_jul
1,1533.9534,mp_jul
1,1534.2532,mp_jul
1,1534.5529,mp_jul
1,1534.8527,mp_jul
1,1535.1525,mp_jul
1,1535.4523,mp_jul
1,1535.7521,mp_jul
1,1536.0519,mp_jul
1,1536.3517,mp_jul
1,1536.6515,mp_jul
1,1536.9512,mp_jul
1,1537.251,mp_jul
1,1537.5508,mp_jul
1,1537.8506,mp_jul
1,1538.1504,mp_jul
1,1538.4502,mp_jul
1,1538.75,mp_jul
1,1539.0497,mp_jul
1,1539.3603,mp_jul
1,1539.6601,mp_jul
1,1539.9599,mp_jul
1,1540.2597,mp_jul
1,1540.5594,mp_jul
1,1540.8592,mp_jul
1,1541.1591,mp_jul
1,1541.463,mp_jul
1,1541.7628,mp_jul
1,1542.0626,mp_jul
1,1542.3624,mp_jul
1,1542.6621,mp_jul
1,1542.962,mp_jul
1,1543.2618,mp_jul
1,1543.5616,mp_jul
1,1543.8613,mp_jul
1,1544.1611,mp_jul
1,1544.4609,mp_jul
1,1544.7607,mp_jul
1,1545.0605,mp_jul
1,1545.3603,mp_jul
1,1545.66,mp_jul
1,1545.9598,mp_jul
1,1546.2596,mp_jul
1,1546.5594,mp_jul
1,1546.8642,mp_jul
1,1547.164,mp_jul
1,1547.4638,mp_jul
1,1547.7636,mp_jul
1,1548.0634,mp_jul
1,1548.3631,mp_jul
1,1548.6629,mp_jul
1,1548.9627,mp_jul
1,1549.2625,mp_jul
1,1549.5623,mp_jul
1,1549.8621,mp_jul
1,1550.1619,mp_jul
1,1550.4617,mp_jul
1,1550.7614,mp_jul
1,1551.0612,mp_jul
1,1551.361,mp_jul
1,1551.6608,mp_jul
1,1551.9606,mp_jul
1,1552.2604,mp_jul
1,1552.5601,mp_jul
1,1552.86,mp_jul
1,1553.1598,mp_jul
1,1553.4595,mp_jul
1,1553.7593,mp_jul
1,1554.0591,mp_jul
1,1554.3589,mp_jul
1,1554.6587,mp_jul
1,1554.9585,mp_jul
1,1555.2582,mp_jul
1,1555.558,mp_jul
1,1555.8578,mp_jul
1,1556.1576,mp_jul
1,1556.4574,mp_jul
1,1556.7571,mp_jul
1,1557.0569,mp_jul
1,1557.3568,mp_jul
1,1557.6565,mp_jul
1,1557.9564,mp_jul
1,1558.2561,mp_jul
1,1558.5559,mp_jul
1,1558.8557,mp_jul
1,1559.1554,mp_jul
1,1559.4552,mp_jul
1,1559.755,mp_jul
1,1560.0548,mp_jul
1,1560.3547,mp_jul
1,1560.6544,mp_jul
1,1560.9542,mp_jul
1,1561.254,mp_jul
1,1561.5538,mp_jul
1,1561.8535,mp_jul
1,1562.1533,mp_jul
1,1562.4531,mp_jul
1,1562.7529,mp_jul
1,1563.0527,mp_jul
1,1563.3525,mp_jul
1,1563.6523,mp_jul
1,1563.9521,mp_jul
1,1564.2518,mp_jul
1,1564.5516,mp_jul
1,1564.8514,mp_jul
1,1565.1512,mp_jul
1,1565.451,mp_jul
1,1565.7508,mp_jul
1,1566.0506,mp_jul
1,1566.3503,mp_jul
1,1566.6502,mp_jul
1,1566.95,mp_jul
1,1567.2497,mp_jul
1,1567.5495,mp_jul
1,1567.8493,mp_jul
1,1568.1491,mp_jul
1,1568.4488,mp_jul
1,1568.7486,mp_jul
1,1569.0484,mp_jul
1,1569.3482,mp_jul
1,1569.648,mp_jul
1,1569.9478,mp_jul
1,1570.2476,mp_jul
1,1570.5474,mp_jul
1,1570.8471,mp_jul
1,1571.1469,mp_jul
1,1571.4468,mp_jul
1,1571.7466,mp_jul
1,1572.0462,mp_jul
1,1572.3461,mp_jul
1,1572.6459,mp_jul
1,1572.9457,mp_jul
1,1573.2455,mp_jul
1,1573.5453,mp_jul
1,1573.845,mp_jul
1,1574.1449,mp_jul
1,1574.4446,mp_jul
1,1574.7444,mp_jul
1,1575.0442,mp_jul
1,1575.344,mp_jul
1,1575.6437,mp_jul
1,1575.9436,mp_jul
1,1576.2433,mp_jul
1,1576.5432,mp_jul
1,1576.8429,mp_jul
1,1577.1427,mp_jul
1,1577.4425,mp_jul
1,1577.7423,mp_jul
1,1578.0421,mp_jul
1,1578.3568,mp_jul
1,1578.6566,mp_jul
1,1578.9564,mp_jul
1,1579.2562,mp_jul
1,1579.556,mp_jul
1,1579.8557,mp_jul
1,1580.1556,mp_jul
1,1580.4553,mp_jul
1,1580.7551,mp_jul
1,1581.0549,mp_jul
1,1581.3547,mp_jul
1,1581.6545,mp_jul
1,1581.9543,mp_jul
1,1582.254,mp_jul
1,1582.5539,mp_jul
1,1582.8536,mp_jul
1,1583.1535,mp_jul
1,1583.4582,mp_jul
1,1583.758,mp_jul
1,1584.0579,mp_jul
1,1584.3576,mp_jul
1,1584.6574,mp_jul
1,1584.9572,mp_jul
1,1585.2569,mp_jul
1,1585.5567,mp_jul
1,1585.8565,mp_jul
1,1586.1563,mp_jul
1,1586.4561,mp_jul
1,1586.7559,mp_jul
1,1587.0607,mp_jul
1,1587.3604,mp_jul
1,1587.6603,mp_jul
1,1587.96,mp_jul
1,1588.2598,mp_jul
1,1588.5746,mp_jul
1,1588.8744,mp_jul
1,1589.1742,mp_jul
1,1589.474,mp_jul
1,1589.7738,mp_jul
1,1590.0736,mp_jul
1,1590.3733,mp_jul
1,1590.6732,mp_jul
1,1590.9729,mp_jul
1,1591.2727,mp_jul
1,1591.5725,mp_jul
1,1591.8723,mp_jul
1,1592.1721,mp_jul
1,1592.4718,mp_jul
1,1592.7716,mp_jul
1,1593.0715,mp_jul
1,1593.3713,mp_jul
1,1593.671,mp_jul
1,1593.9708,mp_jul
1,1594.2706,mp_jul
1,1594.5704,mp_jul
1,1594.8702,mp_jul
1,1595.17,mp_jul
1,1595.4697,mp_jul
1,1595.7695,mp_jul
1,1596.0693,mp_jul
1,1596.3691,mp_jul
1,1596.669,mp_jul
1,1596.9687,mp_jul
1,1597.2685,mp_jul
1,1597.5683,mp_jul
1,1597.8681,mp_jul
1,1598.1678,mp_jul
1,1598.4677,mp_jul
1,1598.7675,mp_jul
1,1599.0778,mp_jul
1,1599.3776,mp_jul
1,1599.6774,mp_jul
1,1599.9816,mp_jul
1,1600.2814,mp_jul
1,1600.582,mp_jul
1,1600.881,mp_jul
1,1601.1807,mp_jul
1,1601.4805,mp_jul
1,1601.7803,mp_jul
1,1602.0851,mp_jul
1,1602.3849,mp_jul
1,1602.6847,mp_jul
1,1602.9894,mp_jul
1,1603.2892,mp_jul
1,1603.589,mp_jul
1,1603.8888,mp_jul
1,1604.1886,mp_jul
1,1604.4884,mp_jul
1,1604.7882,mp_jul
1,1605.088,mp_jul
1,1605.3878,mp_jul
1,1605.6875,mp_jul
1,1605.9873,mp_jul
1,1606.2871,mp_jul
1,1606.5869,mp_jul
1,1606.8867,mp_jul
1,1607.1864,mp_jul
1,1607.4863,mp_jul
1,1607.786,mp_jul
1,1608.0859,mp_jul
1,1608.3857,mp_jul
1,1608.731,mp_jul
1,1609.0508,mp_jul
1,1609.3507,mp_jul
1,1609.6504,mp_jul
1,1609.9501,mp_jul
1,1610.25,mp_jul
1,1610.5498,mp_jul
1,1610.8495,mp_jul
1,1611.1493,mp_jul
1,1611.4492,mp_jul
1,1611.7489,mp_jul
1,1612.0487,mp_jul
1,1612.3485,mp_jul
1,1612.6483,mp_jul
1,1612.9481,mp_jul
1,1613.2479,mp_jul
1,1613.5477,mp_jul
1,1613.8474,mp_jul
1,1614.1472,mp_jul
1,1614.447,mp_jul
1,1614.7468,mp_jul
1,1615.0466,mp_jul
1,1615.3464,mp_jul
1,1615.6462,mp_jul
1,1615.946,mp_jul
1,1616.2457,mp_jul
1,1616.5455,mp_jul
1,1616.8452,mp_jul
1,1617.1451,mp_jul
1,1617.4449,mp_jul
1,1617.7447,mp_jul
1,1618.0444,mp_jul
1,1618.3486,mp_jul
1,1618.6483,mp_jul
1,1618.9482,mp_jul
1,1619.2479,mp_jul
1,1619.5477,mp_jul
1,1619.8475,mp_jul
1,1620.1629,mp_jul
1,1620.4627,mp_jul
1,1620.7625,mp_jul
1,1621.0624,mp_jul
1,1621.3621,mp_jul
1,1621.6619,mp_jul
1,1621.9617,mp_jul
1,1622.2615,mp_jul
1,1622.5613,mp_jul
1,1622.8611,mp_jul
1,1623.1608,mp_jul
1,1623.4606,mp_jul
1,1623.7604,mp_jul
1,1624.0602,mp_jul
1,1624.36,mp_jul
1,1624.6597,mp_jul
1,1624.9595,mp_jul
1,1625.2593,mp_jul
1,1625.5591,mp_jul
1,1625.8589,mp_jul
1,1626.1587,mp_jul
1,1626.4585,mp_jul
1,1626.7583,mp_jul
1,1627.0581,mp_jul
1,1627.3579,mp_jul
1,1627.6577,mp_jul
1,1627.9574,mp_jul
1,1628.2572,mp_jul
1,1628.5571,mp_jul
1,1628.8568,mp_jul
1,1629.1566,mp_jul
1,1629.4564,mp_jul
1,1629.7561,mp_jul
1,1630.056,mp_jul
1,1630.3557,mp_jul
1,1630.6556,mp_jul
1,1630.9553,mp_jul
1,1631.2551,mp_jul
1,1631.5548,mp_jul
1,1631.8547,mp_jul
1,1632.1544,mp_jul
1,1632.4542,mp_jul
1,1632.754,mp_jul
1,1633.0538,mp_jul
1,1633.3536,mp_jul
1,1633.6534,mp_jul
1,1633.9532,mp_jul
1,1634.2529,mp_jul
1,1634.5527,mp_jul
1,1634.8525,mp_jul
1,1635.1524,mp_jul
1,1635.452,mp_jul
1,1635.7563,mp_jul
1,1636.0561,mp_jul
1,1636.3558,mp_jul
1,1636.6556,mp_jul
1,1636.9554,mp_jul
1,1637.2552,mp_jul
1,1637.555,mp_jul
1,1637.8548,mp_jul
1,1638.1546,mp_jul
1,1638.4544,mp_jul
1,1638.7541,mp_jul
1,1639.0539,mp_jul
1,1639.3537,mp_jul
1,1639.6535,mp_jul
1,1639.9632,mp_jul
1,1640.263,mp_jul
1,1640.5628,mp_jul
1,1640.8626,mp_jul
1,1641.1624,mp_jul
1,1641.4622,mp_jul
1,1641.762,mp_jul
1,1642.0618,mp_jul
1,1642.3616,mp_jul
1,1642.6613,mp_jul
1,1642.9611,mp_jul
1,1643.261,mp_jul
1,1643.5607,mp_jul
1,1643.8605,mp_jul
1,1644.1603,mp_jul
1,1644.4601,mp_jul
1,1644.7599,mp_jul
1,1645.0597,mp_jul
1,1645.3595,mp_jul
1,1645.6649,mp_jul
1,1645.9647,mp_jul
1,1646.2645,mp_jul
1,1646.5643,mp_jul
1,1646.864,mp_jul
1,1647.1639,mp_jul
1,1647.4636,mp_jul
1,1647.7635,mp_jul
1,1648.0633,mp_jul
1,1648.363,mp_jul
1,1648.6628,mp_jul
1,1648.9626,mp_jul
1,1649.2624,mp_jul
1,1649.5665,mp_jul
1,1649.8663,mp_jul
1,1650.166,mp_jul
1,1650.4659,mp_jul
1,1650.7656,mp_jul
1,1651.0654,mp_jul
1,1651.3652,mp_jul
1,1651.665,mp_jul
1,1651.9657,mp_jul
1,1652.2646,mp_jul
1,1652.5644,mp_jul
1,1652.8642,mp_jul
1,1653.164,mp_jul
1,1653.4637,mp_jul
1,1653.7735,mp_jul
1,1654.0791,mp_jul
1,1654.3789,mp_jul
1,1654.6788,mp_jul
1,1654.9785,mp_jul
1,1655.2783,mp_jul
1,1655.578,mp_jul
1,1655.8779,mp_jul
1,1656.1777,mp_jul
1,1656.4775,mp_jul
1,1656.7772,mp_jul
1,1657.077,mp_jul
1,1657.3909,mp_jul
1,1657.6908,mp_jul
1,1657.9906,mp_jul
1,1658.2903,mp_jul
1,1658.5901,mp_jul
1,1658.89,mp_jul
1,1659.1897,mp_jul
1,1659.4895,mp_jul
1,1659.7892,mp_jul
1,1660.0891,mp_jul
1,1660.3889,mp_jul
1,1660.6886,mp_jul
1,1660.9884,mp_jul
1,1661.2883,mp_jul
1,1661.588,mp_jul
1,1661.8878,mp_jul
1,1662.1876,mp_jul
1,1662.4874,mp_jul
1,1662.7871,mp_jul
1,1663.087,mp_jul
1,1663.3868,mp_jul
1,1663.6865,mp_jul
1,1663.9863,mp_jul
1,1664.2861,mp_jul
1,1664.5859,mp_jul
1,1664.8857,mp_jul
1,1665.1855,mp_jul
1,1665.4852,mp_jul
1,1665.7851,mp_jul
1,1666.0849,mp_jul
1,1666.3846,mp_jul
1,1666.6844,mp_jul
1,1666.9842,mp_jul
1,1667.284,mp_jul
1,1667.5838,mp_jul
1,1667.8892,mp_jul
1,1668.1889,mp_jul
1,1668.4888,mp_jul
1,1668.793,mp_jul
1,1669.0928,mp_jul
1,1669.3925,mp_jul
1,1669.6923,mp_jul
1,1669.9921,mp_jul
1,1670.2919,mp_jul
1,1670.5917,mp_jul
1,1670.8914,mp_jul
1,1671.1912,mp_jul
1,1671.491,mp_jul
1,1671.7908,mp_jul
1,1672.0906,mp_jul
1,1672.3904,mp_jul
1,1672.6902,mp_jul
1,1672.99,mp_jul
1,1673.2898,mp_jul
1,1673.5895,mp_jul
1,1673.8943,mp_jul
1,1674.1941,mp_jul
1,1674.4939,mp_jul
1,1674.7937,mp_jul
1,1675.0934,mp_jul
1,1675.3933,mp_jul
1,1675.6931,mp_jul
1,1675.9928,mp_jul
1,1676.2926,mp_jul
1,1676.5924,mp_jul
1,1676.8922,mp_jul
1,1677.192,mp_jul
1,1677.4918,mp_jul
1,1677.7916,mp_jul
1,1678.0914,mp_jul
1,1678.3911,mp_jul
1,1678.6909,mp_jul
1,1678.9957,mp_jul
1,1679.2955,mp_jul
1,1679.5953,mp_jul
1,1679.8951,mp_jul
1,1680.1948,mp_jul
1,1680.4947,mp_jul
1,1680.7945,mp_jul
1,1681.0942,mp_jul
1,1681.394,mp_jul
1,1681.6938,mp_jul
1,1681.9936,mp_jul
1,1682.2934,mp_jul
1,1682.5932,mp_jul
1,1682.893,mp_jul
1,1683.1928,mp_jul
1,1683.4925,mp_jul
1,1683.7923,mp_jul
1,1684.0921,mp_jul
1,1684.3919,mp_jul
1,1684.6916,mp_jul
1,1684.9914,mp_jul
1,1685.2912,mp_jul
1,1685.591,mp_jul
1,1685.8908,mp_jul
1,1686.1906,mp_jul
1,1686.4904,mp_jul
1,1686.7902,mp_jul
1,1687.09,mp_jul
1,1687.3898,mp_jul
1,1687.6895,mp_jul
1,1687.9893,mp_jul
1,1688.2892,mp_jul
1,1688.5889,mp_jul
1,1688.8887,mp_jul
1,1689.1885,mp_jul
1,1689.4883,mp_jul
1,1689.7881,mp_jul
1,1690.0878,mp_jul
1,1690.3876,mp_jul
1,1690.6874,mp_jul
1,1690.9872,mp_jul
1,1691.287,mp_jul
1,1691.5868,mp_jul
1,1691.9065,mp_jul
1,1692.232,mp_jul
1,1692.5317,mp_jul
1,1692.8316,mp_jul
1,1693.1313,mp_jul
1,1693.4311,mp_jul
1,1693.7309,mp_jul
1,1694.0307,mp_jul
1,1694.3304,mp_jul
1,1694.6303,mp_jul
1,1694.9344,mp_jul
1,1695.2341,mp_jul
1,1695.534,mp_jul
1,1695.8338,mp_jul
1,1696.1385,mp_jul
1,1696.4583,mp_jul
1,1696.7731,mp_jul
1,1697.0729,mp_jul
1,1697.3727,mp_jul
1,1697.6725,mp_jul
1,1697.9723,mp_jul
1,1698.2721,mp_jul
1,1698.5719,mp_jul
1,1698.8716,mp_jul
1,1699.1714,mp_jul
1,1699.4712,mp_jul
1,1699.771,mp_jul
1,1700.0708,mp_jul
1,1700.3706,mp_jul
1,1700.6703,mp_jul
1,1700.9702,mp_jul
1,1701.27,mp_jul
1,1701.5697,mp_jul
1,1701.8695,mp_jul
1,1702.1692,mp_jul
1,1702.4691,mp_jul
1,1702.7688,mp_jul
1,1703.0686,mp_jul
1,1703.3684,mp_jul
1,1703.6732,mp_jul
1,1703.973,mp_jul
1,1704.2728,mp_jul
1,1704.5726,mp_jul
1,1704.8724,mp_jul
1,1705.1722,mp_jul
1,1705.4719,mp_jul
1,1705.7717,mp_jul
1,1706.0715,mp_jul
1,1706.3713,mp_jul
1,1706.6711,mp_jul
1,1706.9709,mp_jul
1,1707.2707,mp_jul
1,1707.5705,mp_jul
1,1707.8702,mp_jul
1,1708.17,mp_jul
1,1708.4699,mp_jul
1,1708.7696,mp_jul
1,1709.0694,mp_jul
1,1709.3692,mp_jul
1,1709.669,mp_jul
1,1709.9688,mp_jul
1,1710.2686,mp_jul
1,1710.5683,mp_jul
1,1710.8682,mp_jul
1,1711.168,mp_jul
1,1711.4677,mp_jul
1,1711.7675,mp_jul
1,1712.0673,mp_jul
1,1712.3671,mp_jul
1,1712.6669,mp_jul
1,1712.9666,mp_jul
1,1713.2665,mp_jul
1,1713.5662,mp_jul
1,1713.866,mp_jul
1,1714.1659,mp_jul
1,1714.4657,mp_jul
1,1714.7654,mp_jul
1,1715.0652,mp_jul
1,1715.365,mp_jul
1,1715.6648,mp_jul
1,1715.9646,mp_jul
1,1716.2644,mp_jul
1,1716.5641,mp_jul
1,1716.8639,mp_jul
1,1717.1637,mp_jul
1,1717.4635,mp_jul
1,1717.7633,mp_jul
1,1718.0631,mp_jul
1,1718.3629,mp_jul
1,1718.6627,mp_jul
1,1718.9625,mp_jul
1,1719.2622,mp_jul
1,1719.562,mp_jul
1,1719.8619,mp_jul
1,1720.1616,mp_jul
1,1720.4614,mp_jul
1,1720.7612,mp_jul
1,1721.061,mp_jul
1,1721.3608,mp_jul
1,1721.6606,mp_jul
1,1721.9603,mp_jul
1,1722.2602,mp_jul
1,1722.56,mp_jul
1,1722.8597,mp_jul
1,1723.1596,mp_jul
1,1723.4593,mp_jul
1,1723.7591,mp_jul
1,1724.0589,mp_jul
1,1724.3587,mp_jul
1,1724.6585,mp_jul
1,1724.9582,mp_jul
1,1725.258,mp_jul
1,1725.5578,mp_jul
1,1725.8576,mp_jul
1,1726.1574,mp_jul
1,1726.4572,mp_jul
1,1726.757,mp_jul
1,1727.0568,mp_jul
1,1727.3566,mp_jul
1,1727.6564,mp_jul
1,1727.9561,mp_jul
1,1728.2559,mp_jul
1,1728.5557,mp_jul
1,1728.8555,mp_jul
1,1729.1553,mp_jul
1,1729.4551,mp_jul
1,1729.7549,mp_jul
1,1730.0547,mp_jul
1,1730.3545,mp_jul
1,1730.6542,mp_jul
1,1730.954,mp_jul
1,1731.2539,mp_jul
1,1731.5537,mp_jul
1,1731.8534,mp_jul
1,1732.1532,mp_jul
1,1732.453,mp_jul
1,1732.7528,mp_jul
1,1733.0526,mp_jul
1,1733.3524,mp_jul
1,1733.653,mp_jul
1,1733.9519,mp_jul
1,1734.2517,mp_jul
1,1734.5515,mp_jul
1,1734.8514,mp_jul
1,1735.1511,mp_jul
1,1735.4509,mp_jul
1,1735.7507,mp_jul
1,1736.0505,mp_jul
1,1736.3503,mp_jul
1,1736.6501,mp_jul
1,1736.9499,mp_jul
1,1737.2497,mp_jul
1,1737.5494,mp_jul
1,1737.8493,mp_jul
1,1738.1491,mp_jul
1,1738.4488,mp_jul
1,1738.7486,mp_jul
1,1739.0484,mp_jul
1,1739.3482,mp_jul
1,1739.648,mp_jul
1,1739.9477,mp_jul
1,1740.2476,mp_jul
1,1740.5473,mp_jul
1,1740.8471,mp_jul
1,1741.1469,mp_jul
1,1741.4468,mp_jul
1,1741.7465,mp_jul
1,1742.0463,mp_jul
1,1742.3461,mp_jul
1,1742.6459,mp_jul
1,1742.9457,mp_jul
1,1743.2454,mp_jul
1,1743.5452,mp_jul
1,1743.845,mp_jul
1,1744.1448,mp_jul
1,1744.4446,mp_jul
1,1744.7444,mp_jul
1,1745.0442,mp_jul
1,1745.344,mp_jul
1,1745.6438,mp_jul
1,1745.9435,mp_jul
1,1746.2434,mp_jul
1,1746.5431,mp_jul
1,1746.8429,mp_jul
1,1747.1427,mp_jul
1,1747.4425,mp_jul
1,1747.7481,mp_jul
1,1748.0471,mp_jul
1,1748.3469,mp_jul
1,1748.6467,mp_jul
1,1748.9465,mp_jul
1,1749.2463,mp_jul
1,1749.5461,mp_jul
1,1749.8459,mp_jul
1,1750.1456,mp_jul
1,1750.4454,mp_jul
1,1750.7452,mp_jul
1,1751.045,mp_jul
1,1751.3448,mp_jul
1,1751.6445,mp_jul
1,1751.9444,mp_jul
1,1752.2442,mp_jul
1,1752.544,mp_jul
1,1752.8437,mp_jul
1,1753.1436,mp_jul
1,1753.4433,mp_jul
1,1753.7431,mp_jul
1,1754.0429,mp_jul
1,1754.3427,mp_jul
1,1754.6425,mp_jul
1,1754.9423,mp_jul
1,1755.2421,mp_jul
1,1755.5419,mp_jul
1,1755.8417,mp_jul
1,1756.1415,mp_jul
1,1756.4412,mp_jul
1,1756.7411,mp_jul
1,1757.0408,mp_jul
1,1757.3406,mp_jul
1,1757.6404,mp_jul
1,1757.9402,mp_jul
1,1758.24,mp_jul
1,1758.5397,mp_jul
1,1758.8396,mp_jul
1,1759.1394,mp_jul
1,1759.4391,mp_jul
1,1759.7389,mp_jul
1,1760.0388,mp_jul
1,1760.3385,mp_jul
1,1760.6383,mp_jul
1,1760.9381,mp_jul
1,1761.2379,mp_jul
1,1761.5377,mp_jul
1,1761.8375,mp_jul
1,1762.1373,mp_jul
1,1762.4371,mp_jul
1,1762.7368,mp_jul
1,1763.0367,mp_jul
1,1763.3364,mp_jul
1,1763.6363,mp_jul
1,1763.936,mp_jul
1,1764.2358,mp_jul
1,1764.5356,mp_jul
1,1764.8354,mp_jul
1,1765.1352,mp_jul
1,1765.4349,mp_jul
1,1765.7348,mp_jul
1,1766.0346,mp_jul
1,1766.3343,mp_jul
1,1766.6341,mp_jul
1,1766.9339,mp_jul
1,1767.2337,mp_jul
1,1767.5335,mp_jul
1,1767.8333,mp_jul
1,1768.133,mp_jul
1,1768.4329,mp_jul
1,1768.7327,mp_jul
1,1769.0324,mp_jul
1,1769.3322,mp_jul
1,1769.632,mp_jul
1,1769.9318,mp_jul
1,1770.2316,mp_jul
1,1770.5314,mp_jul
1,1770.8312,mp_jul
1,1771.131,mp_jul
1,1771.4308,mp_jul
1,1771.7305,mp_jul
1,1772.0303,mp_jul
1,1772.3301,mp_jul
1,1772.6356,mp_jul
1,1772.9397,mp_jul
1,1773.3245,mp_jul
1,1773.6292,mp_jul
1,1773.9347,mp_jul
1,1774.2345,mp_jul
1,1774.5343,mp_jul
1,1774.8383,mp_jul
1,1775.1382,mp_jul
1,1775.438,mp_jul
1,1775.7386,mp_jul
1,1776.0376,mp_jul
1,1776.3373,mp_jul
1,1776.6371,mp_jul
1,1776.9369,mp_jul
1,1777.2367,mp_jul
1,1777.5365,mp_jul
1,1777.8364,mp_jul
1,1778.1361,mp_jul
1,1778.4359,mp_jul
1,1778.7357,mp_jul
1,1779.0404,mp_jul
1,1779.3403,mp_jul
1,1779.64,mp_jul
1,1779.9398,mp_jul
1,1780.2396,mp_jul
1,1780.5394,mp_jul
1,1780.8392,mp_jul
1,1781.139,mp_jul
1,1781.4388,mp_jul
1,1781.7387,mp_jul
1,1782.0384,mp_jul
1,1782.3382,mp_jul
1,1782.638,mp_jul
1,1782.9378,mp_jul
1,1783.2376,mp_jul
1,1783.5373,mp_jul
1,1783.8372,mp_jul
1,1784.1369,mp_jul
1,1784.4367,mp_jul
1,1784.7365,mp_jul
1,1785.0363,mp_jul
1,1785.3361,mp_jul
1,1785.6359,mp_jul
1,1785.9357,mp_jul
1,1786.2355,mp_jul
1,1786.5352,mp_jul
1,1786.835,mp_jul
1,1787.1348,mp_jul
1,1787.4346,mp_jul
1,1787.7344,mp_jul
1,1788.0342,mp_jul
1,1788.334,mp_jul
1,1788.6338,mp_jul
1,1788.9335,mp_jul
1,1789.2383,mp_jul
1,1789.5381,mp_jul
1,1789.838,mp_jul
1,1790.1378,mp_jul
1,1790.4375,mp_jul
1,1790.7373,mp_jul
1,1791.0371,mp_jul
1,1791.3369,mp_jul
1,1791.6366,mp_jul
1,1791.9364,mp_jul
1,1792.2362,mp_jul
1,1792.5361,mp_jul
1,1792.8358,mp_jul
1,1793.1356,mp_jul
1,1793.4354,mp_jul
1,1793.7352,mp_jul
1,1794.035,mp_jul
1,1794.3348,mp_jul
1,1794.6346,mp_jul
1,1794.9343,mp_jul
1,1795.2341,mp_jul
1,1795.5339,mp_jul
1,1795.8337,mp_jul
1,1796.1335,mp_jul
1,1796.4333,mp_jul
1,1796.7331,mp_jul
1,1797.0329,mp_jul
1,1797.3327,mp_jul
1,1797.6325,mp_jul
1,1797.9322,mp_jul
1,1798.2321,mp_jul
1,1798.5318,mp_jul
1,1798.8316,mp_jul
1,1799.1314,mp_jul
1,1799.4312,mp_jul
1,1799.731,mp_jul
1,1800.0308,mp_jul
1,1800.3306,mp_jul
1,1800.6303,mp_jul
1,1800.9302,mp_jul
1,1801.23,mp_jul
1,1801.5298,mp_jul
1,1801.8295,mp_jul
1,1802.1293,mp_jul
1,1802.4291,mp_jul
1,1802.7346,mp_jul
1,1803.0343,mp_jul
1,1803.3341,mp_jul
1,1803.6339,mp_jul
1,1803.9337,mp_jul
1,1804.2335,mp_jul
1,1804.5333,mp_jul
1,1804.8331,mp_jul
1,1805.1329,mp_jul
1,1805.4327,mp_jul
1,1805.7324,mp_jul
1,1806.0322,mp_jul
1,1806.3321,mp_jul
1,1806.6318,mp_jul
1,1806.9316,mp_jul
1,1807.2314,mp_jul
1,1807.5312,mp_jul
1,1807.831,mp_jul
1,1808.1308,mp_jul
1,1808.4305,mp_jul
1,1808.7303,mp_jul
1,1809.0345,mp_jul
1,1809.3343,mp_jul
1,1809.6341,mp_jul
1,1809.9339,mp_jul
1,1810.2337,mp_jul
1,1810.5435,mp_jul
1,1810.8432,mp_jul
1,1811.1431,mp_jul
1,1811.4428,mp_jul
1,1811.7426,mp_jul
1,1812.0424,mp_jul
1,1812.3422,mp_jul
1,1812.642,mp_jul
1,1812.9418,mp_jul
1,1813.2416,mp_jul
1,1813.5414,mp_jul
1,1813.8412,mp_jul
1,1814.141,mp_jul
1,1814.4407,mp_jul
1,1814.7405,mp_jul
1,1815.0403,mp_jul
1,1815.3401,mp_jul
1,1815.6399,mp_jul
1,1815.9397,mp_jul
1,1816.2452,mp_jul
1,1816.5449,mp_jul
1,1816.8447,mp_jul
1,1817.1445,mp_jul
1,1817.4443,mp_jul
1,1817.7441,mp_jul
1,1818.0439,mp_jul
1,1818.3437,mp_jul
1,1818.6434,mp_jul
1,1818.9433,mp_jul
1,1819.243,mp_jul
1,1819.5428,mp_jul
1,1819.8426,mp_jul
1,1820.1424,mp_jul
1,1820.4422,mp_jul
1,1820.742,mp_jul
1,1821.0418,mp_jul
1,1821.3416,mp_jul
1,1821.6413,mp_jul
1,1821.9412,mp_jul
1,1822.2409,mp_jul
1,1822.5408,mp_jul
1,1822.8406,mp_jul
1,1823.1403,mp_jul
1,1823.4401,mp_jul
1,1823.7399,mp_jul
1,1824.0397,mp_jul
1,1824.3395,mp_jul
1,1824.6394,mp_jul
1,1824.939,mp_jul
1,1825.2389,mp_jul
1,1825.5387,mp_jul
1,1825.8384,mp_jul
1,1826.1382,mp_jul
1,1826.4424,mp_jul
1,1826.7422,mp_jul
1,1827.0869,mp_jul
1,1827.3917,mp_jul
1,1827.6916,mp_jul
1,1827.9913,mp_jul
1,1828.2911,mp_jul
1,1828.5908,mp_jul
1,1828.8907,mp_jul
1,1829.1905,mp_jul
1,1829.4902,mp_jul
1,1829.79,mp_jul
1,1830.0899,mp_jul
1,1830.3896,mp_jul
1,1830.6894,mp_jul
1,1830.9892,mp_jul
1,1831.289,mp_jul
1,1831.5888,mp_jul
1,1831.8886,mp_jul
1,1832.1884,mp_jul
1,1832.4882,mp_jul
1,1832.788,mp_jul
1,1833.0877,mp_jul
1,1833.3875,mp_jul
1,1833.6874,mp_jul
1,1833.9871,mp_jul
1,1834.2869,mp_jul
1,1834.5868,mp_jul
1,1834.8865,mp_jul
1,1835.1863,mp_jul
1,1835.4861,mp_jul
1,1835.7859,mp_jul
1,1836.0857,mp_jul
1,1836.3855,mp_jul
1,1836.6853,mp_jul
1,1836.985,mp_jul
1,1837.2848,mp_jul
1,1837.5846,mp_jul
1,1837.8844,mp_jul
1,1838.1842,mp_jul
1,1838.484,mp_jul
1,1838.7838,mp_jul
1,1839.0836,mp_jul
1,1839.389,mp_jul
1,1839.6888,mp_jul
1,1839.9886,mp_jul
1,1840.2884,mp_jul
1,1840.5881,mp_jul
1,1840.8879,mp_jul
1,1841.1877,mp_jul
1,1841.4876,mp_jul
1,1841.7873,mp_jul
1,1842.0871,mp_jul
1,1842.3869,mp_jul
1,1842.6868,mp_jul
1,1842.9909,mp_jul
1,1843.2907,mp_jul
1,1843.5904,mp_jul
1,1843.8902,mp_jul
1,1844.19,mp_jul
1,1844.4898,mp_jul
1,1844.7996,mp_jul
1,1845.105,mp_jul
1,1845.4048,mp_jul
1,1845.7046,mp_jul
1,1846.0044,mp_jul
1,1846.3042,mp_jul
1,1846.604,mp_jul
1,1846.9037,mp_jul
1,1847.2035,mp_jul
1,1847.5034,mp_jul
1,1847.8032,mp_jul
1,1848.103,mp_jul
1,1848.4028,mp_jul
1,1848.7026,mp_jul
1,1849.0023,mp_jul
1,1849.3021,mp_jul
1,1849.6019,mp_jul
1,1849.9017,mp_jul
1,1850.2015,mp_jul
1,1850.5013,mp_jul
1,1850.8011,mp_jul
1,1851.1008,mp_jul
1,1851.4006,mp_jul
1,1851.7004,mp_jul
1,1852.0003,mp_jul
1,1852.3001,mp_jul
1,1852.5999,mp_jul
1,1852.8996,mp_jul
1,1853.2038,mp_jul
1,1853.5035,mp_jul
1,1853.8033,mp_jul
1,1854.1031,mp_jul
1,1854.4029,mp_jul
1,1854.7027,mp_jul
1,1855.0025,mp_jul
1,1855.3023,mp_jul
1,1855.6021,mp_jul
1,1855.9019,mp_jul
1,1856.2017,mp_jul
1,1856.5015,mp_jul
1,1856.8012,mp_jul
1,1857.101,mp_jul
1,1857.4008,mp_jul
1,1857.7006,mp_jul
1,1858.0004,mp_jul
1,1858.3002,mp_jul
1,1858.6,mp_jul
1,1858.8998,mp_jul
1,1859.1996,mp_jul
1,1859.4993,mp_jul
1,1859.8042,mp_jul
1,1860.1039,mp_jul
1,1860.4037,mp_jul
1,1860.7035,mp_jul
1,1861.0033,mp_jul
1,1861.3031,mp_jul
1,1861.6029,mp_jul
1,1861.9027,mp_jul
1,1862.2025,mp_jul
1,1862.5023,mp_jul
1,1862.802,mp_jul
1,1863.1019,mp_jul
1,1863.4016,mp_jul
1,1863.7064,mp_jul
1,1864.0062,mp_jul
1,1864.306,mp_jul
1,1864.6058,mp_jul
1,1864.9056,mp_jul
1,1865.2054,mp_jul
1,1865.5052,mp_jul
1,1865.805,mp_jul
1,1866.1048,mp_jul
1,1866.4046,mp_jul
1,1866.7043,mp_jul
1,1867.0041,mp_jul
1,1867.3039,mp_jul
1,1867.6037,mp_jul
1,1867.9035,mp_jul
1,1868.2089,mp_jul
1,1868.5131,mp_jul
1,1868.8129,mp_jul
1,1869.1126,mp_jul
1,1869.4125,mp_jul
1,1869.7122,mp_jul
1,1870.012,mp_jul
1,1870.3118,mp_jul
1,1870.6116,mp_jul
1,1870.9114,mp_jul
1,1871.2112,mp_jul
1,1871.5109,mp_jul
1,1871.8108,mp_jul
1,1872.1105,mp_jul
1,1872.4103,mp_jul
1,1872.7101,mp_jul
1,1873.0099,mp_jul
1,1873.3147,mp_jul
1,1873.6145,mp_jul
1,1873.9251,mp_jul
1,1874.2249,mp_jul
1,1874.5247,mp_jul
1,1874.8245,mp_jul
1,1875.1243,mp_jul
1,1875.424,mp_jul
1,1875.7238,mp_jul
1,1876.0236,mp_jul
1,1876.3234,mp_jul
1,1876.6231,mp_jul
1,1876.923,mp_jul
1,1877.2227,mp_jul
1,1877.5368,mp_jul
1,1877.8365,mp_jul
1,1878.1419,mp_jul
1,1878.4418,mp_jul
1,1878.7415,mp_jul
1,1879.0413,mp_jul
1,1879.3412,mp_jul
1,1879.6409,mp_jul
1,1879.9407,mp_jul
1,1880.2405,mp_jul
1,1880.5403,mp_jul
1,1880.84,mp_jul
1,1881.1399,mp_jul
1,1881.4397,mp_jul
1,1881.7395,mp_jul
1,1882.0436,mp_jul
1,1882.4034,mp_jul
1,1882.7032,mp_jul
1,1883.0229,mp_jul
1,1883.3228,mp_jul
1,1883.6226,mp_jul
1,1883.9223,mp_jul
1,1884.2221,mp_jul
1,1884.5219,mp_jul
1,1884.8217,mp_jul
1,1885.1315,mp_jul
1,1885.4313,mp_jul
1,1885.731,mp_jul
1,1886.0308,mp_jul
1,1886.3307,mp_jul
1,1886.6304,mp_jul
1,1886.9302,mp_jul
1,1887.23,mp_jul
1,1887.5298,mp_jul
1,1887.8296,mp_jul
1,1888.1294,mp_jul
1,1888.4348,mp_jul
1,1888.7389,mp_jul
1,1889.0388,mp_jul
1,1889.3386,mp_jul
1,1889.6383,mp_jul
1,1889.9381,mp_jul
1,1890.2379,mp_jul
1,1890.5377,mp_jul
1,1890.8375,mp_jul
1,1891.1373,mp_jul
1,1891.4371,mp_jul
1,1891.7369,mp_jul
1,1892.0367,mp_jul
1,1892.3364,mp_jul
1,1892.6363,mp_jul
1,1892.936,mp_jul
1,1893.2358,mp_jul
1,1893.5356,mp_jul
1,1893.8354,mp_jul
1,1894.1352,mp_jul
1,1894.435,mp_jul
1,1894.7348,mp_jul
1,1895.0346,mp_jul
1,1895.3344,mp_jul
1,1895.6341,mp_jul
1,1895.934,mp_jul
1,1896.2337,mp_jul
1,1896.5335,mp_jul
1,1896.8333,mp_jul
1,1897.1331,mp_jul
1,1897.4329,mp_jul
1,1897.7326,mp_jul
1,1898.0325,mp_jul
1,1898.3322,mp_jul
1,1898.6321,mp_jul
1,1898.9318,mp_jul
1,1899.2416,mp_jul
1,1899.5415,mp_jul
1,1899.8412,mp_jul
1,1900.141,mp_jul
1,1900.4408,mp_jul
1,1900.7406,mp_jul
1,1901.0404,mp_jul
1,1901.3402,mp_jul
1,1901.64,mp_jul
1,1901.9397,mp_jul
1,1902.2396,mp_jul
1,1902.5394,mp_jul
1,1902.8391,mp_jul
1,1903.1445,mp_jul
1,1903.4443,mp_jul
1,1903.7485,mp_jul
1,1904.0533,mp_jul
1,1904.3531,mp_jul
1,1904.6579,mp_jul
1,1904.9576,mp_jul
1,1905.2574,mp_jul
1,1905.5572,mp_jul
1,1905.857,mp_jul
1,1906.1668,mp_jul
1,1906.5221,mp_jul
1,1906.9619,mp_jul
1,1907.2617,mp_jul
1,1907.5614,mp_jul
1,1907.8613,mp_jul
1,1908.1611,mp_jul
1,1908.4609,mp_jul
1,1908.7606,mp_jul
1,1909.0604,mp_jul
1,1909.3602,mp_jul
1,1909.66,mp_jul
1,1909.9598,mp_jul
1,1910.2596,mp_jul
1,1910.5594,mp_jul
1,1910.8592,mp_jul
1,1911.159,mp_jul
1,1911.4588,mp_jul
1,1911.7585,mp_jul
1,1912.0583,mp_jul
1,1912.3581,mp_jul
1,1912.6579,mp_jul
1,1912.9577,mp_jul
1,1913.2575,mp_jul
1,1913.5573,mp_jul
1,1913.8572,mp_jul
1,1914.157,mp_jul
1,1914.4567,mp_jul
1,1914.7564,mp_jul
1,1915.0563,mp_jul
1,1915.3561,mp_jul
1,1915.6559,mp_jul
1,1915.9556,mp_jul
1,1916.2554,mp_jul
1,1916.5552,mp_jul
1,1916.8549,mp_jul
1,1917.1548,mp_jul
1,1917.4546,mp_jul
1,1917.7544,mp_jul
1,1918.0585,mp_jul
1,1918.3583,mp_jul
1,1918.6581,mp_jul
1,1918.9579,mp_jul
1,1919.2577,mp_jul
1,1919.5574,mp_jul
1,1919.8572,mp_jul
1,1920.1571,mp_jul
1,1920.4568,mp_jul
1,1920.7567,mp_jul
1,1921.0564,mp_jul
1,1921.3562,mp_jul
1,1921.6561,mp_jul
1,1921.9558,mp_jul
1,1922.2556,mp_jul
1,1922.5554,mp_jul
1,1922.8552,mp_jul
1,1923.155,mp_jul
1,1923.4548,mp_jul
1,1923.7646,mp_jul
1,1924.0644,mp_jul
1,1924.3642,mp_jul
1,1924.6639,mp_jul
1,1924.9637,mp_jul
1,1925.2636,mp_jul
1,1925.5633,mp_jul
1,1925.8631,mp_jul
1,1926.1629,mp_jul
1,1926.4627,mp_jul
1,1926.7624,mp_jul
1,1927.0623,mp_jul
1,1927.362,mp_jul
1,1927.6618,mp_jul
1,1927.9616,mp_jul
1,1928.2614,mp_jul
1,1928.5612,mp_jul
1,1928.861,mp_jul
1,1929.1608,mp_jul
1,1929.4605,mp_jul
1,1929.7603,mp_jul
1,1930.0601,mp_jul
1,1930.3599,mp_jul
1,1930.6598,mp_jul
1,1930.9595,mp_jul
1,1931.2692,mp_jul
1,1931.5691,mp_jul
1,1931.8739,mp_jul
1,1932.1786,mp_jul
1,1932.4784,mp_jul
1,1932.7783,mp_jul
1,1933.078,mp_jul
1,1933.3778,mp_jul
1,1933.6776,mp_jul
1,1933.9774,mp_jul
1,1934.2772,mp_jul
1,1934.577,mp_jul
1,1934.8768,mp_jul
1,1935.1766,mp_jul
1,1935.4763,mp_jul
1,1935.7761,mp_jul
1,1936.076,mp_jul
1,1936.3757,mp_jul
1,1936.6755,mp_jul
1,1936.9753,mp_jul
1,1937.275,mp_jul
1,1937.5749,mp_jul
1,1937.8746,mp_jul
1,1938.1744,mp_jul
1,1938.4743,mp_jul
1,1938.774,mp_jul
1,1939.0739,mp_jul
1,1939.3736,mp_jul
1,1939.6734,mp_jul
1,1939.9732,mp_jul
1,1940.273,mp_jul
1,1940.5728,mp_jul
1,1940.8725,mp_jul
1,1941.1724,mp_jul
1,1941.4721,mp_jul
1,1941.7719,mp_jul
1,1942.0717,mp_jul
1,1942.3715,mp_jul
1,1942.6713,mp_jul
1,1942.9711,mp_jul
1,1943.2766,mp_jul
1,1943.5764,mp_jul
1,1943.8762,mp_jul
1,1944.176,mp_jul
1,1944.4758,mp_jul
1,1944.7756,mp_jul
1,1945.0754,mp_jul
1,1945.3751,mp_jul
1,1945.675,mp_jul
1,1945.9747,mp_jul
1,1946.2746,mp_jul
1,1946.5744,mp_jul
1,1946.8741,mp_jul
1,1947.1739,mp_jul
1,1947.4779,mp_jul
1,1947.7777,mp_jul
1,1948.0775,mp_jul
1,1948.3772,mp_jul
1,1948.6771,mp_jul
1,1948.9768,mp_jul
1,1949.2766,mp_jul
1,1949.5764,mp_jul
1,1949.8762,mp_jul
1,1950.176,mp_jul
1,1950.4758,mp_jul
1,1950.7756,mp_jul
1,1951.0754,mp_jul
1,1951.3752,mp_jul
1,1951.6749,mp_jul
1,1951.9748,mp_jul
1,1952.2745,mp_jul
1,1952.5743,mp_jul
1,1952.8741,mp_jul
1,1953.1739,mp_jul
1,1953.4787,mp_jul
1,1953.7784,mp_jul
1,1954.0783,mp_jul
1,1954.378,mp_jul
1,1954.6778,mp_jul
1,1954.9826,mp_jul
1,1955.288,mp_jul
1,1955.5878,mp_jul
1,1955.8876,mp_jul
1,1956.1874,mp_jul
1,1956.4871,mp_jul
1,1956.787,mp_jul
1,1957.0868,mp_jul
1,1957.3866,mp_jul
1,1957.6864,mp_jul
1,1957.9862,mp_jul
1,1958.286,mp_jul
1,1958.5858,mp_jul
1,1958.8855,mp_jul
1,1959.1896,mp_jul
1,1959.4894,mp_jul
1,1959.7942,mp_jul
1,1960.094,mp_jul
1,1960.3938,mp_jul
1,1960.6936,mp_jul
1,1960.9934,mp_jul
1,1961.2932,mp_jul
1,1961.593,mp_jul
1,1961.8928,mp_jul
1,1962.1926,mp_jul
1,1962.4923,mp_jul
1,1962.7921,mp_jul
1,1963.1026,mp_jul
1,1963.4024,mp_jul
1,1963.7022,mp_jul
1,1964.002,mp_jul
1,1964.3018,mp_jul
1,1964.6016,mp_jul
1,1964.9013,mp_jul
1,1965.2011,mp_jul
1,1965.501,mp_jul
1,1965.8007,mp_jul
1,1966.1005,mp_jul
1,1966.4003,mp_jul
1,1966.7001,mp_jul
1,1966.9999,mp_jul
1,1967.2997,mp_jul
1,1967.5994,mp_jul
1,1967.9036,mp_jul
1,1968.2034,mp_jul
1,1968.5081,mp_jul
1,1968.8079,mp_jul
1,1969.1077,mp_jul
1,1969.4075,mp_jul
1,1969.7123,mp_jul
1,1970.0121,mp_jul
1,1970.3118,mp_jul
1,1970.6117,mp_jul
1,1970.9115,mp_jul
1,1971.2112,mp_jul
1,1971.5111,mp_jul
1,1971.8108,mp_jul
1,1972.1206,mp_jul
1,1972.4204,mp_jul
1,1972.7202,mp_jul
1,1973.02,mp_jul
1,1973.3197,mp_jul
1,1973.6195,mp_jul
1,1973.9193,mp_jul
1,1974.2241,mp_jul
1,1974.5389,mp_jul
1,1974.8387,mp_jul
1,1975.1385,mp_jul
1,1975.4383,mp_jul
1,1975.738,mp_jul
1,1976.0379,mp_jul
1,1976.3377,mp_jul
1,1976.6374,mp_jul
1,1976.9373,mp_jul
1,1977.237,mp_jul
1,1977.5368,mp_jul
1,1977.8366,mp_jul
1,1978.1364,mp_jul
1,1978.4362,mp_jul
1,1978.7359,mp_jul
1,1979.0357,mp_jul
1,1979.3456,mp_jul
1,1979.6453,mp_jul
1,1979.9452,mp_jul
1,1980.2449,mp_jul
1,1980.5448,mp_jul
1,1980.8445,mp_jul
1,1981.1443,mp_jul
1,1981.4441,mp_jul
1,1981.7438,mp_jul
1,1982.0437,mp_jul
1,1982.3434,mp_jul
1,1982.6432,mp_jul
1,1982.9431,mp_jul
1,1983.2428,mp_jul
1,1983.5426,mp_jul
1,1983.8424,mp_jul
1,1984.1422,mp_jul
1,1984.442,mp_jul
1,1984.7418,mp_jul
1,1985.0416,mp_jul
1,1985.3471,mp_jul
1,1985.6469,mp_jul
1,1985.9467,mp_jul
1,1986.2465,mp_jul
1,1986.5555,mp_jul
1,1986.8553,mp_jul
1,1987.155,mp_jul
1,1987.4548,mp_jul
1,1987.7546,mp_jul
1,1988.0594,mp_jul
1,1988.3592,mp_jul
1,1988.659,mp_jul
1,1988.9588,mp_jul
1,1989.2586,mp_jul
1,1989.5584,mp_jul
1,1989.8638,mp_jul
1,1990.1636,mp_jul
1,1990.4634,mp_jul
1,1990.7632,mp_jul
1,1991.063,mp_jul
1,1991.3627,mp_jul
1,1991.6625,mp_jul
1,1991.9623,mp_jul
1,1992.2621,mp_jul
1,1992.5619,mp_jul
1,1992.8617,mp_jul
1,1993.1614,mp_jul
1,1993.4612,mp_jul
1,1993.7611,mp_jul
1,1994.0608,mp_jul
1,1994.3606,mp_jul
1,1994.6604,mp_jul
1,1994.9602,mp_jul
1,1995.2599,mp_jul
1,1995.5597,mp_jul
1,1995.8595,mp_jul
1,1996.1637,mp_jul
1,1996.4635,mp_jul
1,1996.7633,mp_jul
1,1997.0631,mp_jul
1,1997.3629,mp_jul
1,1997.6677,mp_jul
1,1997.9675,mp_jul
1,1998.2673,mp_jul
1,1998.567,mp_jul
1,1998.8668,mp_jul
1,1999.1716,mp_jul
1,1999.5114,mp_jul
1,1999.9061,mp_jul
1,2000.2059,mp_jul
1,2000.5057,mp_jul
1,2000.8055,mp_jul
1,2001.1053,mp_jul
1,2001.41,mp_jul
1,2001.7099,mp_jul
1,2002.0097,mp_jul
1,2002.3094,mp_jul
1,2002.6092,mp_jul
1,2002.909,mp_jul
1,2003.2088,mp_jul
1,2003.5086,mp_jul
1,2003.8083,mp_jul
1,2004.1081,mp_jul
1,2004.4079,mp_jul
1,2004.7077,mp_jul
1,2005.0075,mp_jul
1,2005.3073,mp_jul
1,2005.6071,mp_jul
1,2005.9069,mp_jul
1,2006.2067,mp_jul
1,2006.5121,mp_jul
1,2006.8119,mp_jul
1,2007.1117,mp_jul
1,2007.4115,mp_jul
1,2007.7113,mp_jul
1,2008.011,mp_jul
1,2008.3108,mp_jul
1,2008.6107,mp_jul
1,2008.9104,mp_jul
1,2009.2102,mp_jul
1,2009.51,mp_jul
1,2009.8098,mp_jul
1,2010.1139,mp_jul
1,2010.4187,mp_jul
1,2010.7185,mp_jul
1,2011.0183,mp_jul
1,2011.3181,mp_jul
1,2011.6179,mp_jul
1,2011.9176,mp_jul
1,2012.2174,mp_jul
1,2012.5173,mp_jul
1,2012.817,mp_jul
1,2013.1168,mp_jul
1,2013.4166,mp_jul
1,2013.7164,mp_jul
1,2014.0162,mp_jul
1,2014.316,mp_jul
1,2014.6158,mp_jul
1,2014.9156,mp_jul
1,2015.2353,mp_jul
1,2015.5351,mp_jul
1,2015.8349,mp_jul
1,2016.1347,mp_jul
1,2016.4345,mp_jul
1,2016.7343,mp_jul
1,2017.0341,mp_jul
1,2017.3389,mp_jul
1,2017.6443,mp_jul
1,2017.9484,mp_jul
1,2018.2482,mp_jul
1,2018.548,mp_jul
1,2018.8478,mp_jul
1,2019.1526,mp_jul
1,2019.4574,mp_jul
1,2019.7572,mp_jul
1,2020.057,mp_jul
1,2020.3568,mp_jul
1,2020.6565,mp_jul
1,2020.9563,mp_jul
1,2021.2561,mp_jul
1,2021.5559,mp_jul
1,2021.8557,mp_jul
1,2022.1555,mp_jul
1,2022.4553,mp_jul
1,2022.7651,mp_jul
1,2023.0648,mp_jul
1,2023.3696,mp_jul
1,2023.6695,mp_jul
1,2023.9692,mp_jul
1,2024.269,mp_jul
1,2024.5688,mp_jul
1,2024.8686,mp_jul
1,2025.1684,mp_jul
1,2025.4731,mp_jul
1,2025.7786,mp_jul
1,2026.0783,mp_jul
1,2026.3781,mp_jul
1,2026.678,mp_jul
1,2026.9778,mp_jul
1,2027.2775,mp_jul
1,2027.5773,mp_jul
1,2027.8771,mp_jul
1,2028.1769,mp_jul
1,2028.4766,mp_jul
1,2028.7765,mp_jul
1,2029.0763,mp_jul
1,2029.376,mp_jul
1,2029.6758,mp_jul
1,2029.9757,mp_jul
1,2030.2755,mp_jul
1,2030.5752,mp_jul
1,2030.8749,mp_jul
1,2031.1748,mp_jul
1,2031.4745,mp_jul
1,2031.7744,mp_jul
1,2032.0786,mp_jul
1,2032.3783,mp_jul
1,2032.6781,mp_jul
1,2032.9779,mp_jul
1,2033.2777,mp_jul
1,2033.5775,mp_jul
1,2033.8772,mp_jul
1,2034.1771,mp_jul
1,2034.4768,mp_jul
1,2034.7766,mp_jul
1,2035.0764,mp_jul
1,2035.3763,mp_jul
1,2035.6761,mp_jul
1,2035.9758,mp_jul
1,2036.2756,mp_jul
1,2036.5754,mp_jul
1,2036.8752,mp_jul
1,2037.175,mp_jul
1,2037.4748,mp_jul
1,2037.7746,mp_jul
1,2038.0743,mp_jul
1,2038.3741,mp_jul
1,2038.6739,mp_jul
1,2038.9738,mp_jul
1,2039.2735,mp_jul
1,2039.5733,mp_jul
1,2039.8731,mp_jul
1,2040.1729,mp_jul
1,2040.4727,mp_jul
1,2040.7724,mp_jul
1,2041.0723,mp_jul
1,2041.372,mp_jul
1,2041.6718,mp_jul
1,2041.9717,mp_jul
1,2042.2714,mp_jul
1,2042.5712,mp_jul
1,2042.871,mp_jul
1,2043.1708,mp_jul
1,2043.4706,mp_jul
1,2043.7704,mp_jul
1,2044.0701,mp_jul
1,2044.37,mp_jul
1,2044.6697,mp_jul
1,2044.9695,mp_jul
1,2045.2693,mp_jul
1,2045.5741,mp_jul
1,2045.8739,mp_jul
1,2046.1787,mp_jul
1,2046.4784,mp_jul
1,2046.7783,mp_jul
1,2047.0781,mp_jul
1,2047.3778,mp_jul
1,2047.6776,mp_jul
1,2047.9774,mp_jul
1,2048.2772,mp_jul
1,2048.5771,mp_jul
1,2048.8768,mp_jul
1,2049.1766,mp_jul
1,2049.4764,mp_jul
1,2049.7762,mp_jul
1,2050.076,mp_jul
1,2050.3757,mp_jul
1,2050.6756,mp_jul
1,2050.9753,mp_jul
1,2051.2752,mp_jul
1,2051.5749,mp_jul
1,2051.8747,mp_jul
1,2052.1745,mp_jul
1,2052.4743,mp_jul
1,2052.774,mp_jul
1,2053.0739,mp_jul
1,2053.3737,mp_jul
1,2053.6735,mp_jul
1,2053.9733,mp_jul
1,2054.273,mp_jul
1,2054.5728,mp_jul
1,2054.8726,mp_jul
1,2055.1724,mp_jul
1,2055.4722,mp_jul
1,2055.772,mp_jul
1,2056.0718,mp_jul
1,2056.3716,mp_jul
1,2056.6714,mp_jul
1,2056.9711,mp_jul
1,2057.271,mp_jul
1,2057.5707,mp_jul
1,2057.8706,mp_jul
1,2058.1704,mp_jul
1,2058.4757,mp_jul
1,2058.7755,mp_jul
1,2059.0753,mp_jul
1,2059.3752,mp_jul
1,2059.6749,mp_jul
1,2059.9747,mp_jul
1,2060.2789,mp_jul
1,2060.5787,mp_jul
1,2060.8785,mp_jul
1,2061.1782,mp_jul
1,2061.478,mp_jul
1,2061.7778,mp_jul
1,2062.0776,mp_jul
1,2062.3774,mp_jul
1,2062.6772,mp_jul
1,2062.977,mp_jul
1,2063.2767,mp_jul
1,2063.5766,mp_jul
1,2063.8764,mp_jul
1,2064.1762,mp_jul
1,2064.4759,mp_jul
1,2064.7757,mp_jul
1,2065.0755,mp_jul
1,2065.3753,mp_jul
1,2065.6751,mp_jul
1,2065.9749,mp_jul
1,2066.2747,mp_jul
1,2066.5744,mp_jul
1,2066.8743,mp_jul
1,2067.174,mp_jul
1,2067.4738,mp_jul
1,2067.7736,mp_jul
1,2068.0734,mp_jul
1,2068.3732,mp_jul
1,2068.673,mp_jul
1,2068.9728,mp_jul
1,2069.2776,mp_jul
1,2069.6024,mp_jul
1,2069.9022,mp_jul
1,2070.202,mp_jul
1,2070.5018,mp_jul
1,2070.8015,mp_jul
1,2071.1013,mp_jul
1,2071.4012,mp_jul
1,2071.7009,mp_jul
1,2072.0007,mp_jul
1,2072.3005,mp_jul
1,2072.6003,mp_jul
1,2072.9001,mp_jul
1,2073.1998,mp_jul
1,2073.4996,mp_jul
1,2073.7995,mp_jul
1,2074.0992,mp_jul
1,2074.399,mp_jul
1,2074.6988,mp_jul
1,2074.9986,mp_jul
1,2075.304,mp_jul
1,2075.6039,mp_jul
1,2075.9036,mp_jul
1,2076.2034,mp_jul
1,2076.5032,mp_jul
1,2076.803,mp_jul
1,2077.1028,mp_jul
1,2077.4026,mp_jul
1,2077.7024,mp_jul
1,2078.0021,mp_jul
1,2078.302,mp_jul
1,2078.6018,mp_jul
1,2078.9015,mp_jul
1,2079.2057,mp_jul
1,2079.5055,mp_jul
1,2079.8052,mp_jul
1,2080.1051,mp_jul
1,2080.4049,mp_jul
1,2080.7046,mp_jul
1,2081.0044,mp_jul
1,2081.3042,mp_jul
1,2081.604,mp_jul
1,2081.9038,mp_jul
1,2082.2036,mp_jul
1,2082.5034,mp_jul
1,2082.8032,mp_jul
1,2083.103,mp_jul
1,2083.4028,mp_jul
1,2083.7026,mp_jul
1,2084.0023,mp_jul
1,2084.3021,mp_jul
1,2084.6019,mp_jul
1,2084.9017,mp_jul
1,2085.2015,mp_jul
1,2085.5013,mp_jul
1,2085.8011,mp_jul
1,2086.1008,mp_jul
1,2086.4006,mp_jul
1,2086.7004,mp_jul
1,2087.0002,mp_jul
1,2087.3,mp_jul
1,2087.5998,mp_jul
1,2087.8996,mp_jul
1,2088.1994,mp_jul
1,2088.4992,mp_jul
1,2088.799,mp_jul
1,2089.0988,mp_jul
1,2089.3986,mp_jul
1,2089.6983,mp_jul
1,2089.9981,mp_jul
1,2090.2979,mp_jul
1,2090.5977,mp_jul
1,2090.9025,mp_jul
1,2091.2023,mp_jul
1,2091.5021,mp_jul
1,2091.8019,mp_jul
1,2092.1016,mp_jul
1,2092.4015,mp_jul
1,2092.7013,mp_jul
1,2093.001,mp_jul
1,2093.3008,mp_jul
1,2093.6006,mp_jul
1,2093.9004,mp_jul
1,2094.2002,mp_jul
1,2094.5,mp_jul
1,2094.7998,mp_jul
1,2095.0996,mp_jul
1,2095.3994,mp_jul
1,2095.6992,mp_jul
1,2095.999,mp_jul
1,2096.3038,mp_jul
1,2096.6036,mp_jul
1,2096.9034,mp_jul
1,2097.2031,mp_jul
1,2097.5029,mp_jul
1,2097.9891,mp_jul
1,2098.3623,mp_jul
1,2098.6621,mp_jul
1,2098.9619,mp_jul
1,2099.2617,mp_jul
1,2099.5615,mp_jul
1,2099.8613,mp_jul
1,2100.1611,mp_jul
1,2100.4617,mp_jul
1,2100.7664,mp_jul
1,2101.086,mp_jul
1,2101.3858,mp_jul
1,2101.6856,mp_jul
1,2101.9855,mp_jul
1,2102.2852,mp_jul
1,2102.585,mp_jul
1,2102.8942,mp_jul
1,2103.1939,mp_jul
1,2103.4937,mp_jul
1,2103.7935,mp_jul
1,2104.0933,mp_jul
1,2104.4237,mp_jul
1,2104.7235,mp_jul
1,2105.0233,mp_jul
1,2105.3231,mp_jul
1,2105.6229,mp_jul
1,2105.9226,mp_jul
1,2106.2225,mp_jul
1,2106.5223,mp_jul
1,2106.822,mp_jul
1,2107.1219,mp_jul
1,2107.4217,mp_jul
1,2107.7215,mp_jul
1,2108.0212,mp_jul
1,2108.3211,mp_jul
1,2108.6208,mp_jul
1,2108.9206,mp_jul
1,2109.2247,mp_jul
1,2109.5245,mp_jul
1,2109.8243,mp_jul
1,2110.1241,mp_jul
1,2110.4289,mp_jul
1,2110.7287,mp_jul
1,2111.0285,mp_jul
1,2111.3284,mp_jul
1,2111.6281,mp_jul
1,2111.9279,mp_jul
1,2112.2276,mp_jul
1,2112.5275,mp_jul
1,2112.8272,mp_jul
1,2113.127,mp_jul
1,2113.4268,mp_jul
1,2113.7266,mp_jul
1,2114.0264,mp_jul
1,2114.3262,mp_jul
1,2114.626,mp_jul
1,2114.9257,mp_jul
1,2115.2256,mp_jul
1,2115.5253,mp_jul
1,2115.8251,mp_jul
1,2116.1249,mp_jul
1,2116.4247,mp_jul
1,2116.7245,mp_jul
1,2117.0243,mp_jul
1,2117.3241,mp_jul
1,2117.6238,mp_jul
1,2117.9237,mp_jul
1,2118.2234,mp_jul
1,2118.5232,mp_jul
1,2118.8231,mp_jul
1,2119.1228,mp_jul
1,2119.5132,mp_jul
1,2119.813,mp_jul
1,2120.1128,mp_jul
1,2120.4126,mp_jul
1,2120.7124,mp_jul
1,2121.0121,mp_jul
1,2121.3119,mp_jul
1,2121.6211,mp_jul
1,2121.9358,mp_jul
1,2122.2356,mp_jul
1,2122.5355,mp_jul
1,2122.8352,mp_jul
1,2123.135,mp_jul
1,2123.4348,mp_jul
1,2123.7345,mp_jul
1,2124.0344,mp_jul
1,2124.3342,mp_jul
1,2124.634,mp_jul
1,2124.9388,mp_jul
1,2125.2386,mp_jul
1,2125.5384,mp_jul
1,2125.8432,mp_jul
1,2126.1429,mp_jul
1,2126.4427,mp_jul
1,2126.7425,mp_jul
1,2127.0424,mp_jul
1,2127.3421,mp_jul
1,2127.6419,mp_jul
1,2127.9416,mp_jul
1,2128.2415,mp_jul
1,2128.5413,mp_jul
1,2128.8411,mp_jul
1,2129.1408,mp_jul
1,2129.4406,mp_jul
1,2129.7404,mp_jul
1,2130.0402,mp_jul
1,2130.34,mp_jul
1,2130.6398,mp_jul
1,2130.9396,mp_jul
1,2131.2394,mp_jul
1,2131.5449,mp_jul
1,2131.8447,mp_jul
1,2132.1445,mp_jul
1,2132.4444,mp_jul
1,2132.7483,mp_jul
1,2133.0481,mp_jul
1,2133.3479,mp_jul
1,2133.6477,mp_jul
1,2133.9474,mp_jul
1,2134.2473,mp_jul
1,2134.547,mp_jul
1,2134.8468,mp_jul
1,2135.1467,mp_jul
1,2135.4464,mp_jul
1,2135.7462,mp_jul
1,2136.046,mp_jul
1,2136.3457,mp_jul
1,2136.6456,mp_jul
1,2136.9454,mp_jul
1,2137.2452,mp_jul
1,2137.545,mp_jul
1,2137.8447,mp_jul
1,2138.1445,mp_jul
1,2138.4443,mp_jul
1,2138.7442,mp_jul
1,2139.0539,mp_jul
1,2139.3537,mp_jul
1,2139.6535,mp_jul
1,2139.9532,mp_jul
1,2140.253,mp_jul
1,2140.5528,mp_jul
1,2140.8526,mp_jul
1,2141.1524,mp_jul
1,2141.4522,mp_jul
1,2141.752,mp_jul
1,2142.0518,mp_jul
1,2142.3516,mp_jul
1,2142.6514,mp_jul
1,2142.9512,mp_jul
1,2143.251,mp_jul
1,2143.5507,mp_jul
1,2143.8505,mp_jul
1,2144.1503,mp_jul
1,2144.4501,mp_jul
1,2144.7499,mp_jul
1,2145.0497,mp_jul
1,2145.3551,mp_jul
1,2145.6549,mp_jul
1,2145.9547,mp_jul
1,2146.2545,mp_jul
1,2146.5543,mp_jul
1,2146.854,mp_jul
1,2147.1539,mp_jul
1,2147.4537,mp_jul
1,2147.7535,mp_jul
1,2148.0532,mp_jul
1,2148.353,mp_jul
1,2148.6528,mp_jul
1,2148.9526,mp_jul
1,2149.2524,mp_jul
1,2149.5522,mp_jul
1,2149.852,mp_jul
1,2150.1517,mp_jul
1,2150.4515,mp_jul
1,2150.7514,mp_jul
1,2151.0512,mp_jul
1,2151.3509,mp_jul
1,2151.6507,mp_jul
1,2151.9505,mp_jul
1,2152.2503,mp_jul
1,2152.5502,mp_jul
1,2152.8499,mp_jul
1,2153.159,mp_jul
1,2153.4588,mp_jul
1,2153.7586,mp_jul
1,2154.0584,mp_jul
1,2154.3582,mp_jul
1,2154.6629,mp_jul
1,2154.9628,mp_jul
1,2155.2625,mp_jul
1,2155.568,mp_jul
1,2155.8677,mp_jul
1,2156.1676,mp_jul
1,2156.4674,mp_jul
1,2156.7671,mp_jul
1,2157.067,mp_jul
1,2157.3667,mp_jul
1,2157.6665,mp_jul
1,2157.9664,mp_jul
1,2158.2661,mp_jul
1,2158.5659,mp_jul
1,2158.8657,mp_jul
1,2159.1655,mp_jul
1,2159.4652,mp_jul
1,2159.765,mp_jul
1,2160.0649,mp_jul
1,2160.3646,mp_jul
1,2160.6644,mp_jul
1,2160.9642,mp_jul
1,2161.264,mp_jul
1,2161.5638,mp_jul
1,2161.8636,mp_jul
1,2162.1633,mp_jul
1,2162.4631,mp_jul
1,2162.7629,mp_jul
1,2163.0627,mp_jul
1,2163.3625,mp_jul
1,2163.6623,mp_jul
1,2163.9621,mp_jul
1,2164.2619,mp_jul
1,2164.5617,mp_jul
1,2164.8615,mp_jul
1,2165.1612,mp_jul
1,2165.4611,mp_jul
1,2165.7608,mp_jul
1,2166.0607,mp_jul
1,2166.3604,mp_jul
1,2166.6603,mp_jul
1,2166.96,mp_jul
1,2167.2598,mp_jul
1,2167.5596,mp_jul
1,2167.8593,mp_jul
1,2168.1592,mp_jul
1,2168.459,mp_jul
1,2168.7588,mp_jul
1,2169.0585,mp_jul
1,2169.3583,mp_jul
1,2169.6581,mp_jul
1,2169.9579,mp_jul
1,2170.2577,mp_jul
1,2170.6068,mp_jul
1,2170.9266,mp_jul
1,2171.2414,mp_jul
1,2171.5512,mp_jul
1,2171.8509,mp_jul
1,2172.1508,mp_jul
1,2172.4506,mp_jul
1,2172.7503,mp_jul
1,2173.0501,mp_jul
1,2173.3556,mp_jul
1,2173.6553,mp_jul
1,2173.9551,mp_jul
1,2174.2549,mp_jul
1,2174.5548,mp_jul
1,2174.8545,mp_jul
1,2175.1543,mp_jul
1,2175.454,mp_jul
1,2175.7539,mp_jul
1,2176.058,mp_jul
1,2176.3578,mp_jul
1,2176.6576,mp_jul
1,2176.9573,mp_jul
1,2177.2572,mp_jul
1,2177.5569,mp_jul
1,2177.8567,mp_jul
1,2178.1565,mp_jul
1,2178.4563,mp_jul
1,2178.7611,mp_jul
1,2179.0609,mp_jul
1,2179.3607,mp_jul
1,2179.6604,mp_jul
1,2179.9603,mp_jul
1,2180.2601,mp_jul
1,2180.5599,mp_jul
1,2180.8702,mp_jul
1,2181.17,mp_jul
1,2181.4842,mp_jul
1,2181.7896,mp_jul
1,2182.0894,mp_jul
1,2182.3892,mp_jul
1,2182.689,mp_jul
1,2182.9887,mp_jul
1,2183.2885,mp_jul
1,2183.5884,mp_jul
1,2183.8882,mp_jul
1,2184.188,mp_jul
1,2184.4878,mp_jul
1,2184.7876,mp_jul
1,2185.0874,mp_jul
1,2185.3872,mp_jul
1,2185.6869,mp_jul
1,2185.9868,mp_jul
1,2186.2866,mp_jul
1,2186.5864,mp_jul
1,2186.8861,mp_jul
1,2187.1859,mp_jul
1,2187.4857,mp_jul
1,2187.7854,mp_jul
1,2188.0852,mp_jul
1,2188.385,mp_jul
1,2188.6848,mp_jul
1,2188.9846,mp_jul
1,2189.2844,mp_jul
1,2189.5842,mp_jul
1,2189.884,mp_jul
1,2190.1838,mp_jul
1,2190.4836,mp_jul
1,2190.7833,mp_jul
1,2191.0832,mp_jul
1,2191.383,mp_jul
1,2191.6828,mp_jul
1,2191.9825,mp_jul
1,2192.2824,mp_jul
1,2192.5821,mp_jul
1,2192.8819,mp_jul
1,2193.1817,mp_jul
1,2193.4815,mp_jul
1,2193.7813,mp_jul
1,2194.081,mp_jul
1,2194.3809,mp_jul
1,2194.6807,mp_jul
1,2194.9804,mp_jul
1,2195.2802,mp_jul
1,2195.58,mp_jul
1,2195.8798,mp_jul
1,2196.1796,mp_jul
1,2196.4794,mp_jul
1,2196.7791,mp_jul
1,2197.0789,mp_jul
1,2197.3788,mp_jul
1,2197.6785,mp_jul
1,2197.9783,mp_jul
1,2198.2781,mp_jul
1,2198.5779,mp_jul
1,2198.8777,mp_jul
1,2199.1819,mp_jul
1,2199.4867,mp_jul
1,2199.7865,mp_jul
1,2200.0862,mp_jul
1,2200.386,mp_jul
1,2200.6858,mp_jul
1,2200.9856,mp_jul
1,2201.2854,mp_jul
1,2201.5852,mp_jul
1,2201.885,mp_jul
1,2202.1898,mp_jul
1,2202.4896,mp_jul
1,2202.7993,mp_jul
1,2203.0992,mp_jul
1,2203.3989,mp_jul
1,2203.6987,mp_jul
1,2203.9985,mp_jul
1,2204.2983,mp_jul
1,2204.5981,mp_jul
1,2204.8979,mp_jul
1,2205.1977,mp_jul
1,2205.4975,mp_jul
1,2205.7972,mp_jul
1,2206.0971,mp_jul
1,2206.3968,mp_jul
1,2206.6967,mp_jul
1,2207.0014,mp_jul
1,2207.3012,mp_jul
1,2207.6011,mp_jul
1,2207.9008,mp_jul
1,2208.2006,mp_jul
1,2208.5004,mp_jul
1,2208.8002,mp_jul
1,2209.1,mp_jul
1,2209.3997,mp_jul
1,2209.6995,mp_jul
1,2209.9993,mp_jul
1,2210.2991,mp_jul
1,2210.5989,mp_jul
1,2210.8987,mp_jul
1,2211.1985,mp_jul
1,2211.4983,mp_jul
1,2211.798,mp_jul
1,2212.0978,mp_jul
1,2212.3977,mp_jul
1,2212.6974,mp_jul
1,2212.9972,mp_jul
1,2213.2971,mp_jul
1,2213.5968,mp_jul
1,2213.8966,mp_jul
1,2214.1964,mp_jul
1,2214.4962,mp_jul
1,2214.796,mp_jul
1,2215.0958,mp_jul
1,2215.3956,mp_jul
1,2215.6953,mp_jul
1,2215.9952,mp_jul
1,2216.295,mp_jul
1,2216.5947,mp_jul
1,2216.8945,mp_jul
1,2217.2049,mp_jul
1,2217.5047,mp_jul
1,2217.8045,mp_jul
1,2218.1043,mp_jul
1,2218.404,mp_jul
1,2218.7039,mp_jul
1,2219.0037,mp_jul
1,2219.3035,mp_jul
1,2219.6033,mp_jul
1,2219.903,mp_jul
1,2220.2028,mp_jul
1,2220.5026,mp_jul
1,2220.8024,mp_jul
1,2221.1022,mp_jul
1,2221.402,mp_jul
1,2221.7018,mp_jul
1,2222.0015,mp_jul
1,2222.3014,mp_jul
1,2222.6011,mp_jul
1,2222.9009,mp_jul
1,2223.2007,mp_jul
1,2223.5005,mp_jul
1,2223.8003,mp_jul
1,2224.1001,mp_jul
1,2224.3999,mp_jul
1,2224.6997,mp_jul
1,2224.9995,mp_jul
1,2225.2993,mp_jul
1,2225.5991,mp_jul
1,2225.8989,mp_jul
1,2226.1987,mp_jul
1,2226.4985,mp_jul
1,2226.7982,mp_jul
1,2227.098,mp_jul
1,2227.3979,mp_jul
1,2227.6976,mp_jul
1,2227.9974,mp_jul
1,2228.2972,mp_jul
1,2228.597,mp_jul
1,2228.8968,mp_jul
1,2229.1966,mp_jul
1,2229.4964,mp_jul
1,2229.7961,mp_jul
1,2230.0959,mp_jul
1,2230.3957,mp_jul
1,2230.6956,mp_jul
1,2230.9953,mp_jul
1,2231.2951,mp_jul
1,2231.5993,mp_jul
1,2231.8991,mp_jul
1,2232.1989,mp_jul
1,2232.4987,mp_jul
1,2232.7984,mp_jul
1,2233.0982,mp_jul
1,2233.398,mp_jul
1,2233.6978,mp_jul
1,2233.9976,mp_jul
1,2234.2974,mp_jul
1,2234.5972,mp_jul
1,2234.8969,mp_jul
1,2235.1967,mp_jul
1,2235.4966,mp_jul
1,2235.7963,mp_jul
1,2236.0962,mp_jul
1,2236.3959,mp_jul
1,2236.6957,mp_jul
1,2236.9955,mp_jul
1,2237.2953,mp_jul
1,2237.5951,mp_jul
1,2237.8949,mp_jul
1,2238.1946,mp_jul
1,2238.4945,mp_jul
1,2238.7942,mp_jul
1,2239.094,mp_jul
1,2239.3938,mp_jul
1,2239.6936,mp_jul
1,2239.9934,mp_jul
1,2240.2932,mp_jul
1,2240.593,mp_jul
1,2240.8928,mp_jul
1,2241.1926,mp_jul
1,2241.4924,mp_jul
1,2241.7922,mp_jul
1,2242.0919,mp_jul
1,2242.3917,mp_jul
1,2242.6916,mp_jul
1,2242.9914,mp_jul
1,2243.2912,mp_jul
1,2243.5909,mp_jul
1,2243.8907,mp_jul
1,2244.1905,mp_jul
1,2244.4903,mp_jul
1,2244.7901,mp_jul
1,2245.0898,mp_jul
1,2245.3897,mp_jul
1,2245.6894,mp_jul
1,2245.9892,mp_jul
1,2246.2891,mp_jul
1,2246.5888,mp_jul
1,2246.8886,mp_jul
1,2247.1884,mp_jul
1,2247.4882,mp_jul
1,2247.788,mp_jul
1,2248.0878,mp_jul
1,2248.3876,mp_jul
1,2248.6874,mp_jul
1,2248.9871,mp_jul
1,2249.2869,mp_jul
1,2249.5868,mp_jul
1,2249.8865,mp_jul
1,2250.1863,mp_jul
1,2250.4861,mp_jul
1,2250.7909,mp_jul
1,2251.0907,mp_jul
1,2251.3905,mp_jul
1,2251.6903,mp_jul
1,2251.9901,mp_jul
1,2252.3005,mp_jul
1,2252.6004,mp_jul
1,2252.9002,mp_jul
1,2253.1999,mp_jul
1,2253.5396,mp_jul
1,2253.8395,mp_jul
1,2254.1392,mp_jul
1,2254.439,mp_jul
1,2254.7388,mp_jul
1,2255.0386,mp_jul
1,2255.3384,mp_jul
1,2255.6381,mp_jul
1,2255.938,mp_jul
1,2256.2378,mp_jul
1,2256.5375,mp_jul
1,2256.8373,mp_jul
1,2257.1371,mp_jul
1,2257.4369,mp_jul
1,2257.7367,mp_jul
1,2258.0365,mp_jul
1,2258.3363,mp_jul
1,2258.636,mp_jul
1,2258.9359,mp_jul
1,2259.245,mp_jul
1,2259.5449,mp_jul
1,2259.8446,mp_jul
1,2260.1444,mp_jul
1,2260.4442,mp_jul
1,2260.744,mp_jul
1,2261.0438,mp_jul
1,2261.3436,mp_jul
1,2261.6434,mp_jul
1,2261.9432,mp_jul
1,2262.2429,mp_jul
1,2262.5427,mp_jul
1,2262.8426,mp_jul
1,2263.1423,mp_jul
1,2263.4472,mp_jul
1,2263.7469,mp_jul
1,2264.0467,mp_jul
1,2264.3465,mp_jul
1,2264.6463,mp_jul
1,2264.9461,mp_jul
1,2265.2459,mp_jul
1,2265.5457,mp_jul
1,2265.8455,mp_jul
1,2266.1453,mp_jul
1,2266.4451,mp_jul
1,2266.7449,mp_jul
1,2267.0504,mp_jul
1,2267.3502,mp_jul
1,2267.65,mp_jul
1,2267.9498,mp_jul
1,2268.2496,mp_jul
1,2268.5493,mp_jul
1,2268.8491,mp_jul
1,2269.149,mp_jul
1,2269.4487,mp_jul
1,2269.7485,mp_jul
1,2270.0483,mp_jul
1,2270.3481,mp_jul
1,2270.6479,mp_jul
1,2270.9477,mp_jul
1,2271.2475,mp_jul
1,2271.5473,mp_jul
1,2271.8471,mp_jul
1,2272.1469,mp_jul
1,2272.4467,mp_jul
1,2272.7465,mp_jul
1,2273.0463,mp_jul
1,2273.3702,mp_jul
1,2273.6857,mp_jul
1,2273.9855,mp_jul
1,2274.2853,mp_jul
1,2274.5851,mp_jul
1,2274.8849,mp_jul
1,2275.1847,mp_jul
1,2275.4845,mp_jul
1,2275.7843,mp_jul
1,2276.084,mp_jul
1,2276.3882,mp_jul
1,2276.688,mp_jul
1,2276.9878,mp_jul
1,2277.2876,mp_jul
1,2277.5874,mp_jul
1,2277.8871,mp_jul
1,2278.187,mp_jul
1,2278.4868,mp_jul
1,2278.7865,mp_jul
1,2279.0863,mp_jul
1,2279.3861,mp_jul
1,2279.6859,mp_jul
1,2279.9857,mp_jul
1,2280.2855,mp_jul
1,2280.5854,mp_jul
1,2280.8851,mp_jul
1,2281.1849,mp_jul
1,2281.4847,mp_jul
1,2281.7845,mp_jul
1,2282.0843,mp_jul
1,2282.3841,mp_jul
1,2282.6839,mp_jul
1,2282.9836,mp_jul
1,2283.2835,mp_jul
1,2283.5989,mp_jul
1,2283.8987,mp_jul
1,2284.1985,mp_jul
1,2284.4982,mp_jul
1,2284.798,mp_jul
1,2285.1022,mp_jul
1,2285.402,mp_jul
1,2285.7019,mp_jul
1,2286.0016,mp_jul
1,2286.3014,mp_jul
1,2286.6012,mp_jul
1,2286.901,mp_jul
1,2287.2008,mp_jul
1,2287.5005,mp_jul
1,2287.8004,mp_jul
1,2288.1002,mp_jul
1,2288.4,mp_jul
1,2288.6998,mp_jul
1,2288.9995,mp_jul
1,2289.2994,mp_jul
1,2289.5991,mp_jul
1,2289.8989,mp_jul
1,2290.2037,mp_jul
1,2290.5035,mp_jul
1,2290.8033,mp_jul
1,2291.1031,mp_jul
1,2291.4029,mp_jul
1,2291.7027,mp_jul
1,2292.0025,mp_jul
1,2292.3023,mp_jul
1,2292.6021,mp_jul
1,2292.9019,mp_jul
1,2293.2017,mp_jul
1,2293.5015,mp_jul
1,2293.8012,mp_jul
1,2294.1011,mp_jul
1,2294.4008,mp_jul
1,2294.7006,mp_jul
1,2295.0004,mp_jul
1,2295.3002,mp_jul
1,2295.6,mp_jul
1,2295.8998,mp_jul
1,2296.1996,mp_jul
1,2296.4994,mp_jul
1,2296.7992,mp_jul
1,2297.099,mp_jul
1,2297.3988,mp_jul
1,2297.6986,mp_jul
1,2297.9984,mp_jul
1,2298.2982,mp_jul
1,2298.6086,mp_jul
1,2298.9084,mp_jul
1,2299.2081,mp_jul
1,2299.5079,mp_jul
1,2299.8078,mp_jul
1,2300.1075,mp_jul
1,2300.4116,mp_jul
1,2300.7115,mp_jul
1,2301.0113,mp_jul
1,2301.3111,mp_jul
1,2301.6159,mp_jul
1,2301.9156,mp_jul
1,2302.2155,mp_jul
1,2302.5153,mp_jul
1,2302.8151,mp_jul
1,2303.1149,mp_jul
1,2303.4147,mp_jul
1,2303.7144,mp_jul
1,2304.0142,mp_jul
1,2304.3191,mp_jul
1,2304.6188,mp_jul
1,2304.9187,mp_jul
1,2305.2185,mp_jul
1,2305.5182,mp_jul
1,2305.818,mp_jul
1,2306.1178,mp_jul
1,2306.4176,mp_jul
1,2306.7174,mp_jul
1,2307.0322,mp_jul
1,2307.332,mp_jul
1,2307.6318,mp_jul
1,2307.9315,mp_jul
1,2308.2313,mp_jul
1,2308.5311,mp_jul
1,2308.831,mp_jul
1,2309.1307,mp_jul
1,2309.4305,mp_jul
1,2309.7303,mp_jul
1,2310.0301,mp_jul
1,2310.3299,mp_jul
1,2310.6297,mp_jul
1,2310.9295,mp_jul
1,2311.2293,mp_jul
1,2311.5291,mp_jul
1,2311.8289,mp_jul
1,2312.1287,mp_jul
1,2312.4285,mp_jul
1,2312.7283,mp_jul
1,2313.0281,mp_jul
1,2313.3279,mp_jul
1,2313.6277,mp_jul
1,2313.9275,mp_jul
1,2314.2273,mp_jul
1,2314.527,mp_jul
1,2314.8268,mp_jul
1,2315.1266,mp_jul
1,2315.4264,mp_jul
1,2315.7262,mp_jul
1,2316.026,mp_jul
1,2316.3258,mp_jul
1,2316.6256,mp_jul
1,2316.9254,mp_jul
1,2317.2252,mp_jul
1,2317.5249,mp_jul
1,2317.8248,mp_jul
1,2318.1246,mp_jul
1,2318.4293,mp_jul
1,2318.7292,mp_jul
1,2319.044,mp_jul
1,2319.3438,mp_jul
1,2319.6435,mp_jul
1,2319.9483,mp_jul
1,2320.2481,mp_jul
1,2320.5479,mp_jul
1,2320.8477,mp_jul
1,2321.1475,mp_jul
1,2321.4472,mp_jul
1,2321.7471,mp_jul
1,2322.0469,mp_jul
1,2322.3467,mp_jul
1,2322.6465,mp_jul
1,2322.9463,mp_jul
1,2323.246,mp_jul
1,2323.5459,mp_jul
1,2323.8456,mp_jul
1,2324.1454,mp_jul
1,2324.4452,mp_jul
1,2324.745,mp_jul
1,2325.0448,mp_jul
1,2325.3446,mp_jul
1,2325.6444,mp_jul
1,2325.9442,mp_jul
1,2326.244,mp_jul
1,2326.5438,mp_jul
1,2326.8436,mp_jul
1,2327.1434,mp_jul
1,2327.4532,mp_jul
1,2327.753,mp_jul
1,2328.0527,mp_jul
1,2328.3525,mp_jul
1,2328.6573,mp_jul
1,2328.9571,mp_jul
1,2329.2569,mp_jul
1,2329.5567,mp_jul
1,2329.8565,mp_jul
1,2330.1563,mp_jul
1,2330.4561,mp_jul
1,2330.7559,mp_jul
1,2331.0557,mp_jul
1,2331.3555,mp_jul
1,2331.6553,mp_jul
1,2331.9551,mp_jul
1,2332.2548,mp_jul
1,2332.5547,mp_jul
1,2332.8544,mp_jul
1,2333.1543,mp_jul
1,2333.454,mp_jul
1,2333.7539,mp_jul
1,2334.0537,mp_jul
1,2334.3534,mp_jul
1,2334.6532,mp_jul
1,2334.953,mp_jul
1,2335.2528,mp_jul
1,2335.5526,mp_jul
1,2335.8524,mp_jul
1,2336.1522,mp_jul
1,2336.452,mp_jul
1,2336.7518,mp_jul
1,2337.0515,mp_jul
1,2337.3514,mp_jul
1,2337.6512,mp_jul
1,2337.951,mp_jul
1,2338.2507,mp_jul
1,2338.5505,mp_jul
1,2338.8503,mp_jul
1,2339.1501,mp_jul
1,2339.4499,mp_jul
1,2339.7497,mp_jul
1,2340.0495,mp_jul
1,2340.3493,mp_jul
1,2340.6541,mp_jul
1,2340.9539,mp_jul
1,2341.2537,mp_jul
1,2341.5535,mp_jul
1,2341.8588,mp_jul
1,2342.1587,mp_jul
1,2342.4584,mp_jul
1,2342.7583,mp_jul
1,2343.058,mp_jul
1,2343.3579,mp_jul
1,2343.6576,mp_jul
1,2343.9573,mp_jul
1,2344.2572,mp_jul
1,2344.557,mp_jul
1,2344.8567,mp_jul
1,2345.1565,mp_jul
1,2345.4564,mp_jul
1,2345.7561,mp_jul
1,2346.0559,mp_jul
1,2346.3557,mp_jul
1,2346.6555,mp_jul
1,2346.9553,mp_jul
1,2347.2551,mp_jul
1,2347.5594,mp_jul
1,2347.8591,mp_jul
1,2348.1589,mp_jul
1,2348.4636,mp_jul
1,2348.7635,mp_jul
1,2349.0633,mp_jul
1,2349.363,mp_jul
1,2349.6628,mp_jul
1,2349.9626,mp_jul
1,2350.2624,mp_jul
1,2350.5622,mp_jul
1,2350.862,mp_jul
1,2351.1618,mp_jul
1,2351.4616,mp_jul
1,2351.7614,mp_jul
1,2352.0612,mp_jul
1,2352.361,mp_jul
1,2352.6608,mp_jul
1,2352.9606,mp_jul
1,2353.2604,mp_jul
1,2353.5602,mp_jul
1,2353.8599,mp_jul
1,2354.1598,mp_jul
1,2354.4596,mp_jul
1,2354.7593,mp_jul
1,2355.0592,mp_jul
1,2355.3589,mp_jul
1,2355.6587,mp_jul
1,2355.9692,mp_jul
1,2356.2689,mp_jul
1,2356.5686,mp_jul
1,2356.8685,mp_jul
1,2357.1683,mp_jul
1,2357.4681,mp_jul
1,2357.7678,mp_jul
1,2358.0677,mp_jul
1,2358.3675,mp_jul
1,2358.6673,mp_jul
1,2358.967,mp_jul
1,2359.2668,mp_jul
1,2359.5667,mp_jul
1,2359.8665,mp_jul
1,2360.1662,mp_jul
1,2360.466,mp_jul
1,2360.7659,mp_jul
1,2361.0656,mp_jul
1,2361.3697,mp_jul
1,2361.6795,mp_jul
1,2361.9851,mp_jul
1,2362.285,mp_jul
1,2362.5847,mp_jul
1,2362.8845,mp_jul
1,2363.1843,mp_jul
1,2363.4841,mp_jul
1,2363.7838,mp_jul
1,2364.0836,mp_jul
1,2364.3877,mp_jul
1,2364.6875,mp_jul
1,2364.9923,mp_jul
1,2365.312,mp_jul
1,2365.6118,mp_jul
1,2365.9116,mp_jul
1,2366.2113,mp_jul
1,2366.5112,mp_jul
1,2366.811,mp_jul
1,2367.1108,mp_jul
1,2367.4105,mp_jul
1,2367.7103,mp_jul
1,2368.0101,mp_jul
1,2368.3099,mp_jul
1,2368.6097,mp_jul
1,2368.9096,mp_jul
1,2369.2093,mp_jul
1,2369.5091,mp_jul
1,2369.8089,mp_jul
1,2370.1087,mp_jul
1,2370.4085,mp_jul
1,2370.7083,mp_jul
1,2371.0081,mp_jul
1,2371.3078,mp_jul
1,2371.6126,mp_jul
1,2371.9124,mp_jul
1,2372.2122,mp_jul
1,2372.512,mp_jul
1,2372.8118,mp_jul
1,2373.1116,mp_jul
1,2373.4114,mp_jul
1,2373.7112,mp_jul
1,2374.011,mp_jul
1,2374.3108,mp_jul
1,2374.6106,mp_jul
1,2374.9104,mp_jul
1,2375.2101,mp_jul
1,2375.51,mp_jul
1,2375.8097,mp_jul
1,2376.1095,mp_jul
1,2376.4093,mp_jul
1,2376.7091,mp_jul
1,2377.0089,mp_jul
1,2377.3087,mp_jul
1,2377.6141,mp_jul
1,2377.914,mp_jul
1,2378.2137,mp_jul
1,2378.5136,mp_jul
1,2378.8133,mp_jul
1,2379.1131,mp_jul
1,2379.4172,mp_jul
1,2379.717,mp_jul
1,2380.0168,mp_jul
1,2380.3166,mp_jul
1,2380.6164,mp_jul
1,2380.9162,mp_jul
1,2381.2159,mp_jul
1,2381.5158,mp_jul
1,2381.8156,mp_jul
1,2382.1154,mp_jul
1,2382.4151,mp_jul
1,2382.7249,mp_jul
1,2383.0247,mp_jul
1,2383.3245,mp_jul
1,2383.6243,mp_jul
1,2383.9241,mp_jul
1,2384.2239,mp_jul
1,2384.5237,mp_jul
1,2384.8235,mp_jul
1,2385.1232,mp_jul
1,2385.4231,mp_jul
1,2385.7228,mp_jul
1,2386.0226,mp_jul
1,2386.3225,mp_jul
1,2386.6222,mp_jul
1,2386.972,mp_jul
1,2387.3367,mp_jul
1,2387.6365,mp_jul
1,2387.9363,mp_jul
1,2388.2361,mp_jul
1,2388.5409,mp_jul
1,2388.8407,mp_jul
1,2389.1405,mp_jul
1,2389.4403,mp_jul
1,2389.7401,mp_jul
1,2390.0398,mp_jul
1,2390.3396,mp_jul
1,2390.6394,mp_jul
1,2390.9392,mp_jul
1,2391.239,mp_jul
1,2391.5388,mp_jul
1,2391.8386,mp_jul
1,2392.1384,mp_jul
1,2392.4381,mp_jul
1,2392.738,mp_jul
1,2393.0378,mp_jul
1,2393.3375,mp_jul
1,2393.6373,mp_jul
1,2393.9372,mp_jul
1,2394.2369,mp_jul
1,2394.5367,mp_jul
1,2394.8365,mp_jul
1,2395.1364,mp_jul
1,2395.4361,mp_jul
1,2395.7359,mp_jul
1,2396.0357,mp_jul
1,2396.3355,mp_jul
1,2396.6353,mp_jul
1,2396.9351,mp_jul
1,2397.2349,mp_jul
1,2397.5346,mp_jul
1,2397.8344,mp_jul
1,2398.1342,mp_jul
1,2398.434,mp_jul
1,2398.7338,mp_jul
1,2399.0392,mp_jul
1,2399.339,mp_jul
1,2399.6432,mp_jul
1,2399.943,mp_jul
1,2400.2428,mp_jul
1,2400.5426,mp_jul
1,2400.8423,mp_jul
1,2401.1422,mp_jul
1,2401.4419,mp_jul
1,2401.7417,mp_jul
1,2402.0415,mp_jul
1,2402.3413,mp_jul
1,2402.6411,mp_jul
1,2402.941,mp_jul
1,2403.2407,mp_jul
1,2403.5405,mp_jul
1,2403.8403,mp_jul
1,2404.1401,mp_jul
1,2404.4399,mp_jul
1,2404.7396,mp_jul
1,2405.0394,mp_jul
1,2405.3392,mp_jul
1,2405.639,mp_jul
1,2405.9388,mp_jul
1,2406.3285,mp_jul
1,2406.754,mp_jul
1,2407.078,mp_jul
1,2407.4135,mp_jul
1,2407.7976,mp_jul
1,2408.1623,mp_jul
1,2408.477,mp_jul
1,2408.7769,mp_jul
1,2409.0767,mp_jul
1,2409.3814,mp_jul
1,2409.6812,mp_jul
1,2409.981,mp_jul
1,2410.2809,mp_jul
1,2410.5806,mp_jul
1,2410.8804,mp_jul
1,2411.1802,mp_jul
1,2411.48,mp_jul
1,2411.7798,mp_jul
1,2412.0796,mp_jul
1,2412.3794,mp_jul
1,2412.6792,mp_jul
1,2412.979,mp_jul
1,2413.2788,mp_jul
1,2413.5785,mp_jul
1,2413.8783,mp_jul
1,2414.1781,mp_jul
1,2414.4779,mp_jul
1,2414.7777,mp_jul
1,2415.0775,mp_jul
1,2415.3773,mp_jul
1,2415.6771,mp_jul
1,2415.9769,mp_jul
1,2416.2767,mp_jul
1,2416.5765,mp_jul
1,2416.8763,mp_jul
1,2417.1761,mp_jul
1,2417.4759,mp_jul
1,2417.7756,mp_jul
1,2418.0755,mp_jul
1,2418.3752,mp_jul
1,2418.6751,mp_jul
1,2418.9748,mp_jul
1,2419.2746,mp_jul
1,2419.5744,mp_jul
1,2419.8742,mp_jul
1,2420.174,mp_jul
1,2420.4738,mp_jul
1,2420.7736,mp_jul
1,2421.0734,mp_jul
1,2421.3732,mp_jul
1,2421.673,mp_jul
1,2421.9728,mp_jul
1,2422.2725,mp_jul
1,2422.5723,mp_jul
1,2422.8721,mp_jul
1,2423.1719,mp_jul
1,2423.4717,mp_jul
1,2423.7715,mp_jul
1,2424.0713,mp_jul
1,2424.3711,mp_jul
1,2424.6709,mp_jul
1,2424.9707,mp_jul
1,2425.2705,mp_jul
1,2425.5703,mp_jul
1,2425.87,mp_jul
1,2426.1699,mp_jul
1,2426.4696,mp_jul
1,2426.7694,mp_jul
1,2427.0692,mp_jul
1,2427.369,mp_jul
1,2427.6688,mp_jul
1,2427.9736,mp_jul
1,2428.2734,mp_jul
1,2428.5732,mp_jul
1,2428.873,mp_jul
1,2429.1728,mp_jul
1,2429.4726,mp_jul
1,2429.7724,mp_jul
1,2430.0722,mp_jul
1,2430.3719,mp_jul
1,2430.6717,mp_jul
1,2430.9715,mp_jul
1,2431.2713,mp_jul
1,2431.5711,mp_jul
1,2431.8709,mp_jul
1,2432.1707,mp_jul
1,2432.4705,mp_jul
1,2432.7703,mp_jul
1,2433.0701,mp_jul
1,2433.3699,mp_jul
1,2433.6697,mp_jul
1,2433.9694,mp_jul
1,2434.275,mp_jul
1,2434.5748,mp_jul
1,2434.8746,mp_jul
1,2435.1744,mp_jul
1,2435.4741,mp_jul
1,2435.7739,mp_jul
1,2436.0737,mp_jul
1,2436.3734,mp_jul
1,2436.6732,mp_jul
1,2436.973,mp_jul
1,2437.2728,mp_jul
1,2437.5726,mp_jul
1,2437.8767,mp_jul
1,2438.1766,mp_jul
1,2438.4764,mp_jul
1,2438.7761,mp_jul
1,2439.076,mp_jul
1,2439.3913,mp_jul
1,2439.6911,mp_jul
1,2439.9909,mp_jul
1,2440.2907,mp_jul
1,2440.5905,mp_jul
1,2440.8903,mp_jul
1,2441.19,mp_jul
1,2441.4898,mp_jul
1,2441.7897,mp_jul
1,2442.0895,mp_jul
1,2442.3892,mp_jul
1,2442.6891,mp_jul
1,2442.9888,mp_jul
1,2443.2886,mp_jul
1,2443.5884,mp_jul
1,2443.8882,mp_jul
1,2444.1879,mp_jul
1,2444.4877,mp_jul
1,2444.7876,mp_jul
1,2445.0874,mp_jul
1,2445.3871,mp_jul
1,2445.6869,mp_jul
1,2445.9868,mp_jul
1,2446.2866,mp_jul
1,2446.5863,mp_jul
1,2446.8861,mp_jul
1,2447.1859,mp_jul
1,2447.4857,mp_jul
1,2447.7855,mp_jul
1,2448.0853,mp_jul
1,2448.3851,mp_jul
1,2448.6848,mp_jul
1,2448.9847,mp_jul
1,2449.2845,mp_jul
1,2449.5843,mp_jul
1,2449.884,mp_jul
1,2450.1839,mp_jul
1,2450.4836,mp_jul
1,2450.7835,mp_jul
1,2451.0832,mp_jul
1,2451.3831,mp_jul
1,2451.6828,mp_jul
1,2451.9826,mp_jul
1,2452.2824,mp_jul
1,2452.5821,mp_jul
1,2452.882,mp_jul
1,2453.1818,mp_jul
1,2453.4815,mp_jul
1,2453.7814,mp_jul
1,2454.0812,mp_jul
1,2454.381,mp_jul
1,2454.6807,mp_jul
1,2454.9849,mp_jul
1,2455.2847,mp_jul
1,2455.5844,mp_jul
1,2455.8999,mp_jul
1,2456.1996,mp_jul
1,2456.4995,mp_jul
1,2456.8086,mp_jul
1,2457.1084,mp_jul
1,2457.4082,mp_jul
1,2457.708,mp_jul
1,2458.0077,mp_jul
1,2458.3076,mp_jul
1,2458.6123,mp_jul
1,2458.9122,mp_jul
1,2459.2119,mp_jul
1,2459.5117,mp_jul
1,2459.8116,mp_jul
1,2460.1113,mp_jul
1,2460.4111,mp_jul
1,2460.7109,mp_jul
1,2461.0107,mp_jul
1,2461.3105,mp_jul
1,2461.6102,mp_jul
1,2461.91,mp_jul
1,2462.2098,mp_jul
1,2462.5097,mp_jul
1,2462.8094,mp_jul
1,2463.1092,mp_jul
1,2463.409,mp_jul
1,2463.7087,mp_jul
1,2464.0086,mp_jul
1,2464.3084,mp_jul
1,2464.6082,mp_jul
1,2464.9079,mp_jul
1,2465.2077,mp_jul
1,2465.5076,mp_jul
1,2465.8074,mp_jul
1,2466.1071,mp_jul
1,2466.4069,mp_jul
1,2466.7067,mp_jul
1,2467.0064,mp_jul
1,2467.3062,mp_jul
1,2467.606,mp_jul
1,2467.9058,mp_jul
1,2468.2057,mp_jul
1,2468.5054,mp_jul
1,2468.8052,mp_jul
1,2469.1051,mp_jul
1,2469.4048,mp_jul
1,2469.7046,mp_jul
1,2470.0044,mp_jul
1,2470.3041,mp_jul
1,2470.604,mp_jul
1,2470.9037,mp_jul
1,2471.2036,mp_jul
1,2471.5034,mp_jul
1,2471.8032,mp_jul
1,2472.103,mp_jul
1,2472.4028,mp_jul
1,2472.7025,mp_jul
1,2473.0023,mp_jul
1,2473.3121,mp_jul
1,2473.6119,mp_jul
1,2473.9116,mp_jul
1,2474.2115,mp_jul
1,2474.5112,mp_jul
1,2474.811,mp_jul
1,2475.1757,mp_jul
1,2475.4756,mp_jul
1,2475.7753,mp_jul
1,2476.0751,mp_jul
1,2476.3749,mp_jul
1,2476.6747,mp_jul
1,2476.9745,mp_jul
1,2477.2743,mp_jul
1,2477.5741,mp_jul
1,2477.8739,mp_jul
1,2478.1737,mp_jul
1,2478.4734,mp_jul
1,2478.7732,mp_jul
1,2479.073,mp_jul
1,2479.3728,mp_jul
1,2479.6726,mp_jul
1,2479.9724,mp_jul
1,2480.2722,mp_jul
1,2480.577,mp_jul
1,2480.8767,mp_jul
1,2481.1766,mp_jul
1,2481.482,mp_jul
1,2481.7961,mp_jul
1,2482.0959,mp_jul
1,2482.3957,mp_jul
1,2482.6955,mp_jul
1,2482.9953,mp_jul
1,2483.2951,mp_jul
1,2483.5948,mp_jul
1,2483.8947,mp_jul
1,2484.1944,mp_jul
1,2484.4942,mp_jul
1,2484.794,mp_jul
1,2485.0938,mp_jul
1,2485.3936,mp_jul
1,2485.6934,mp_jul
1,2486.0081,mp_jul
1,2486.308,mp_jul
1,2486.6077,mp_jul
1,2486.9076,mp_jul
1,2487.2073,mp_jul
1,2487.5071,mp_jul
1,2487.8068,mp_jul
1,2488.1067,mp_jul
1,2488.4065,mp_jul
1,2488.7063,mp_jul
1,2489.006,mp_jul
1,2489.3059,mp_jul
1,2489.6057,mp_jul
1,2489.9054,mp_jul
1,2490.2052,mp_jul
1,2490.505,mp_jul
1,2490.8048,mp_jul
1,2491.1046,mp_jul
1,2491.4044,mp_jul
1,2491.7042,mp_jul
1,2492.004,mp_jul
1,2492.3037,mp_jul
1,2492.6036,mp_jul
1,2492.9033,mp_jul
1,2493.2031,mp_jul
1,2493.5029,mp_jul
1,2493.8027,mp_jul
1,2494.1025,mp_jul
1,2494.4023,mp_jul
1,2494.702,mp_jul
1,2495.0018,mp_jul
1,2495.3016,mp_jul
1,2495.6015,mp_jul
1,2495.9012,mp_jul
1,2496.2011,mp_jul
1,2496.5008,mp_jul
1,2496.8006,mp_jul
1,2497.1004,mp_jul
1,2497.4002,mp_jul
1,2497.7,mp_jul
1,2497.9998,mp_jul
1,2498.2996,mp_jul
1,2498.5993,mp_jul
1,2498.8992,mp_jul
1,2499.2039,mp_jul
1,2499.5037,mp_jul
1,2499.8035,mp_jul
1,2500.1033,mp_jul
1,2500.4031,mp_jul
1,2500.7028,mp_jul
1,2501.0027,mp_jul
1,2501.3024,mp_jul
1,2501.6022,mp_jul
1,2501.902,mp_jul
1,2502.2018,mp_jul
1,2502.5016,mp_jul
1,2502.8014,mp_jul
1,2503.1012,mp_jul
1,2503.401,mp_jul
1,2503.7007,mp_jul
1,2504.0005,mp_jul
1,2504.3003,mp_jul
1,2504.6001,mp_jul
1,2504.8999,mp_jul
1,2505.1997,mp_jul
1,2505.4995,mp_jul
1,2505.7993,mp_jul
1,2506.0991,mp_jul
1,2506.3988,mp_jul
1,2506.6987,mp_jul
1,2506.9985,mp_jul
1,2507.2982,mp_jul
1,2507.598,mp_jul
1,2507.8978,mp_jul
1,2508.1976,mp_jul
1,2508.5124,mp_jul
1,2508.8172,mp_jul
1,2509.117,mp_jul
1,2509.4318,mp_jul
1,2509.7516,mp_jul
1,2510.0514,mp_jul
1,2510.3511,mp_jul
1,2510.6509,mp_jul
1,2510.9507,mp_jul
1,2511.2505,mp_jul
1,2511.5503,mp_jul
1,2511.8607,mp_jul
1,2512.1648,mp_jul
1,2512.4646,mp_jul
1,2512.7644,mp_jul
1,2513.0642,mp_jul
1,2513.364,mp_jul
1,2513.6638,mp_jul
1,2513.9635,mp_jul
1,2514.2634,mp_jul
1,2514.5631,mp_jul
1,2514.8629,mp_jul
1,2515.1627,mp_jul
1,2515.4625,mp_jul
1,2515.7623,mp_jul
1,2516.0621,mp_jul
1,2516.3619,mp_jul
1,2516.6617,mp_jul
1,2516.9615,mp_jul
1,2517.2612,mp_jul
1,2517.5611,mp_jul
1,2517.8609,mp_jul
1,2518.1606,mp_jul
1,2518.4604,mp_jul
1,2518.7602,mp_jul
1,2519.06,mp_jul
1,2519.3598,mp_jul
1,2519.6596,mp_jul
1,2519.9593,mp_jul
1,2520.2592,mp_jul
1,2520.559,mp_jul
1,2520.8587,mp_jul
1,2521.1586,mp_jul
1,2521.4583,mp_jul
1,2521.7581,mp_jul
1,2522.0579,mp_jul
1,2522.3577,mp_jul
1,2522.6575,mp_jul
1,2522.9572,mp_jul
1,2523.257,mp_jul
1,2523.5568,mp_jul
1,2523.8566,mp_jul
1,2524.1564,mp_jul
1,2524.4562,mp_jul
1,2524.756,mp_jul
1,2525.0557,mp_jul
1,2525.3556,mp_jul
1,2525.6554,mp_jul
1,2525.9552,mp_jul
1,2526.2549,mp_jul
1,2526.5548,mp_jul
1,2526.8545,mp_jul
1,2527.1593,mp_jul
1,2527.4591,mp_jul
1,2527.7589,mp_jul
1,2528.0587,mp_jul
1,2528.3635,mp_jul
1,2528.6633,mp_jul
1,2528.963,mp_jul
1,2529.2628,mp_jul
1,2529.5626,mp_jul
1,2529.8624,mp_jul
1,2530.1622,mp_jul
1,2530.462,mp_jul
1,2530.7618,mp_jul
1,2531.0716,mp_jul
1,2531.3713,mp_jul
1,2531.6712,mp_jul
1,2531.9709,mp_jul
1,2532.2707,mp_jul
1,2532.5705,mp_jul
1,2532.8703,mp_jul
1,2533.1701,mp_jul
1,2533.4698,mp_jul
1,2533.7746,mp_jul
1,2534.0794,mp_jul
1,2534.3848,mp_jul
1,2534.6847,mp_jul
1,2534.9844,mp_jul
1,2535.2842,mp_jul
1,2535.584,mp_jul
1,2535.8838,mp_jul
1,2536.1836,mp_jul
1,2536.4834,mp_jul
1,2536.7831,mp_jul
1,2537.083,mp_jul
1,2537.3828,mp_jul
1,2537.6825,mp_jul
1,2537.9823,mp_jul
1,2538.2821,mp_jul
1,2538.5819,mp_jul
1,2538.8816,mp_jul
1,2539.1814,mp_jul
1,2539.4812,mp_jul
1,2539.781,mp_jul
1,2540.0809,mp_jul
1,2540.3806,mp_jul
1,2540.6805,mp_jul
1,2540.9802,mp_jul
1,2541.28,mp_jul
1,2541.5798,mp_jul
1,2541.8796,mp_jul
1,2542.1794,mp_jul
1,2542.4935,mp_jul
1,2542.7932,mp_jul
1,2543.0931,mp_jul
1,2543.3929,mp_jul
1,2543.6927,mp_jul
1,2543.9925,mp_jul
1,2544.2922,mp_jul
1,2544.5921,mp_jul
1,2544.8918,mp_jul
1,2545.1917,mp_jul
1,2545.4915,mp_jul
1,2545.7912,mp_jul
1,2546.091,mp_jul
1,2546.3908,mp_jul
1,2546.6963,mp_jul
1,2546.996,mp_jul
1,2547.3002,mp_jul
1,2547.5999,mp_jul
1,2547.8997,mp_jul
1,2548.1995,mp_jul
1,2548.4993,mp_jul
1,2548.7991,mp_jul
1,2549.0988,mp_jul
1,2549.3987,mp_jul
1,2549.6985,mp_jul
1,2550.0138,mp_jul
1,2550.3137,mp_jul
1,2550.6134,mp_jul
1,2550.9133,mp_jul
1,2551.2131,mp_jul
1,2551.5128,mp_jul
1,2551.8127,mp_jul
1,2552.1125,mp_jul
1,2552.4122,mp_jul
1,2552.712,mp_jul
1,2553.0118,mp_jul
1,2553.3116,mp_jul
1,2553.6114,mp_jul
1,2553.9112,mp_jul
1,2554.211,mp_jul
1,2554.5107,mp_jul
1,2554.8105,mp_jul
1,2555.1104,mp_jul
1,2555.4101,mp_jul
1,2555.7099,mp_jul
1,2556.0097,mp_jul
1,2556.3138,mp_jul
1,2556.6136,mp_jul
1,2556.9134,mp_jul
1,2557.2132,mp_jul
1,2557.5129,mp_jul
1,2557.8128,mp_jul
1,2558.1125,mp_jul
1,2558.4123,mp_jul
1,2558.7122,mp_jul
1,2559.0119,mp_jul
1,2559.3167,mp_jul
1,2559.6165,mp_jul
1,2559.9163,mp_jul
1,2560.2161,mp_jul
1,2560.5158,mp_jul
1,2560.8156,mp_jul
1,2561.1154,mp_jul
1,2561.4152,mp_jul
1,2561.715,mp_jul
1,2562.0148,mp_jul
1,2562.3146,mp_jul
1,2562.6144,mp_jul
1,2562.9191,mp_jul
1,2563.219,mp_jul
1,2563.5188,mp_jul
1,2563.8185,mp_jul
1,2564.1239,mp_jul
1,2564.4237,mp_jul
1,2564.7235,mp_jul
1,2565.0233,mp_jul
1,2565.3231,mp_jul
1,2565.6229,mp_jul
1,2565.9228,mp_jul
1,2566.2225,mp_jul
1,2566.5223,mp_jul
1,2566.8221,mp_jul
1,2567.1218,mp_jul
1,2567.4216,mp_jul
1,2567.7214,mp_jul
1,2568.0212,mp_jul
1,2568.321,mp_jul
1,2568.6208,mp_jul
1,2568.9206,mp_jul
1,2569.2204,mp_jul
1,2569.5202,mp_jul
1,2569.82,mp_jul
1,2570.1197,mp_jul
1,2570.4196,mp_jul
1,2570.7193,mp_jul
1,2571.0191,mp_jul
1,2571.3188,mp_jul
1,2571.6186,mp_jul
1,2571.9184,mp_jul
1,2572.2182,mp_jul
1,2572.518,mp_jul
1,2572.8578,mp_jul
1,2573.1576,mp_jul
1,2573.4574,mp_jul
1,2573.7571,mp_jul
1,2574.0569,mp_jul
1,2574.3567,mp_jul
1,2574.6565,mp_jul
1,2574.9563,mp_jul
1,2575.2561,mp_jul
1,2575.5559,mp_jul
1,2575.8556,mp_jul
1,2576.1555,mp_jul
1,2576.4552,mp_jul
1,2576.755,mp_jul
1,2577.0548,mp_jul
1,2577.3546,mp_jul
1,2577.6588,mp_jul
1,2577.9586,mp_jul
1,2578.2583,mp_jul
1,2578.5581,mp_jul
1,2578.858,mp_jul
1,2579.1977,mp_jul
1,2579.5425,mp_jul
1,2579.8422,mp_jul
1,2580.147,mp_jul
1,2580.4468,mp_jul
1,2580.7466,mp_jul
1,2581.0464,mp_jul
1,2581.3462,mp_jul
1,2581.646,mp_jul
1,2581.9458,mp_jul
1,2582.2455,mp_jul
1,2582.5453,mp_jul
1,2582.8451,mp_jul
1,2583.1449,mp_jul
1,2583.4447,mp_jul
1,2583.7444,mp_jul
1,2584.0443,mp_jul
1,2584.344,mp_jul
1,2584.6439,mp_jul
1,2584.9436,mp_jul
1,2585.2435,mp_jul
1,2585.5432,mp_jul
1,2585.843,mp_jul
1,2586.1428,mp_jul
1,2586.4426,mp_jul
1,2586.7424,mp_jul
1,2587.0422,mp_jul
1,2587.342,mp_jul
1,2587.6417,mp_jul
1,2587.9415,mp_jul
1,2588.2413,mp_jul
1,2588.5411,mp_jul
1,2588.8409,mp_jul
1,2589.1407,mp_jul
1,2589.4405,mp_jul
1,2589.7403,mp_jul
1,2590.0401,mp_jul
1,2590.3398,mp_jul
1,2590.6396,mp_jul
1,2590.9394,mp_jul
1,2591.2392,mp_jul
1,2591.539,mp_jul
1,2591.8388,mp_jul
1,2592.1386,mp_jul
1,2592.444,mp_jul
1,2592.7438,mp_jul
1,2593.0436,mp_jul
1,2593.3434,mp_jul
1,2593.6432,mp_jul
1,2593.9429,mp_jul
1,2594.2428,mp_jul
1,2594.5425,mp_jul
1,2594.8423,mp_jul
1,2595.1421,mp_jul
1,2595.4419,mp_jul
1,2595.7417,mp_jul
1,2596.0414,mp_jul
1,2596.3412,mp_jul
1,2596.641,mp_jul
1,2596.9408,mp_jul
1,2597.2406,mp_jul
1,2597.5404,mp_jul
1,2597.8402,mp_jul
1,2598.14,mp_jul
1,2598.4398,mp_jul
1,2598.7396,mp_jul
1,2599.0594,mp_jul
1,2599.3592,mp_jul
1,2599.6589,mp_jul
1,2599.9631,mp_jul
1,2600.2628,mp_jul
1,2600.5627,mp_jul
1,2600.8624,mp_jul
1,2601.2179,mp_jul
1,2601.527,mp_jul
1,2601.8267,mp_jul
1,2602.1265,mp_jul
1,2602.4322,mp_jul
1,2602.7367,mp_jul
1,2603.0365,mp_jul
1,2603.3363,mp_jul
1,2603.6361,mp_jul
1,2603.9359,mp_jul
1,2604.2357,mp_jul
1,2604.5355,mp_jul
1,2604.8353,mp_jul
1,2605.1351,mp_jul
1,2605.4349,mp_jul
1,2605.7347,mp_jul
1,2606.0344,mp_jul
1,2606.3342,mp_jul
1,2606.634,mp_jul
1,2606.9338,mp_jul
1,2607.2336,mp_jul
1,2607.5333,mp_jul
1,2607.8332,mp_jul
1,2608.1329,mp_jul
1,2608.4327,mp_jul
1,2608.7325,mp_jul
1,2609.0324,mp_jul
1,2609.3321,mp_jul
1,2609.6319,mp_jul
1,2609.9317,mp_jul
1,2610.2315,mp_jul
1,2610.6356,mp_jul
1,2610.9353,mp_jul
1,2611.2351,mp_jul
1,2611.5349,mp_jul
1,2611.8347,mp_jul
1,2612.1345,mp_jul
1,2612.4343,mp_jul
1,2612.7341,mp_jul
1,2613.0339,mp_jul
1,2613.3336,mp_jul
1,2613.6335,mp_jul
1,2613.9332,mp_jul
1,2614.233,mp_jul
1,2614.5328,mp_jul
1,2614.8326,mp_jul
1,2615.1324,mp_jul
1,2615.4322,mp_jul
1,2615.737,mp_jul
1,2616.0368,mp_jul
1,2616.3365,mp_jul
1,2616.6363,mp_jul
1,2616.9468,mp_jul
1,2617.2465,mp_jul
1,2617.5463,mp_jul
1,2617.8461,mp_jul
1,2618.1459,mp_jul
1,2618.4457,mp_jul
1,2618.7455,mp_jul
1,2619.0453,mp_jul
1,2619.3494,mp_jul
1,2619.6492,mp_jul
1,2619.949,mp_jul
1,2620.2588,mp_jul
1,2620.5586,mp_jul
1,2620.8584,mp_jul
1,2621.1582,mp_jul
1,2621.4579,mp_jul
1,2621.7577,mp_jul
1,2622.0575,mp_jul
1,2622.3573,mp_jul
1,2622.6571,mp_jul
1,2622.9569,mp_jul
1,2623.2567,mp_jul
1,2623.5564,mp_jul
1,2623.8562,mp_jul
1,2624.156,mp_jul
1,2624.4559,mp_jul
1,2624.7556,mp_jul
1,2625.0554,mp_jul
1,2625.3552,mp_jul
1,2625.655,mp_jul
1,2625.9548,mp_jul
1,2626.2545,mp_jul
1,2626.5544,mp_jul
1,2626.8541,mp_jul
1,2627.1539,mp_jul
1,2627.4537,mp_jul
1,2627.7535,mp_jul
1,2628.0589,mp_jul
1,2628.3587,mp_jul
1,2628.6585,mp_jul
1,2628.9582,mp_jul
1,2629.258,mp_jul
1,2629.5579,mp_jul
1,2629.8576,mp_jul
1,2630.1574,mp_jul
1,2630.4572,mp_jul
1,2630.7569,mp_jul
1,2631.0567,mp_jul
1,2631.3565,mp_jul
1,2631.6563,mp_jul
1,2631.9561,mp_jul
1,2632.2559,mp_jul
1,2632.5556,mp_jul
9,2632.8555,mp_jul
9,2633.1553,mp_jul
0,2633.455,mp_jul
0,2633.7548,mp_jul
9,2634.059,mp_jul
1,2634.3589,mp_jul
1,2634.6586,mp_jul
1,2634.9584,mp_jul
1,2635.2582,mp_jul
1,2635.558,mp_jul
1,2635.8578,mp_jul
1,2636.1576,mp_jul
1,2636.4574,mp_jul
1,2636.7572,mp_jul
1,2637.057,mp_jul
1,2637.3568,mp_jul
1,2637.6565,mp_jul
1,2637.9563,mp_jul
1,2638.2561,mp_jul
1,2638.5559,mp_jul
1,2638.8557,mp_jul
1,2639.1555,mp_jul
1,2639.4553,mp_jul
1,2639.7551,mp_jul
1,2640.0598,mp_jul
1,2640.3596,mp_jul
1,2640.6594,mp_jul
1,2640.9592,mp_jul
1,2641.259,mp_jul
1,2641.5588,mp_jul
1,2641.8586,mp_jul
1,2642.1584,mp_jul
1,2642.4582,mp_jul
1,2642.758,mp_jul
1,2643.0577,mp_jul
1,2643.3575,mp_jul
1,2643.6573,mp_jul
1,2643.9571,mp_jul
1,2644.2569,mp_jul
1,2644.5567,mp_jul
1,2644.8565,mp_jul
1,2645.1563,mp_jul
1,2645.4561,mp_jul
1,2645.7558,mp_jul
1,2646.0556,mp_jul
1,2646.3554,mp_jul
1,2646.6552,mp_jul
1,2646.955,mp_jul
1,2647.2548,mp_jul
1,2647.5546,mp_jul
1,2647.8543,mp_jul
1,2648.1541,mp_jul
1,2648.4539,mp_jul
0,2648.7537,mp_jul
0,2649.0535,mp_jul
0,2649.3533,mp_jul
1,2649.6531,mp_jul
1,2649.9529,mp_jul
1,2650.2527,mp_jul
1,2650.5524,mp_jul
1,2650.8523,mp_jul
1,2651.152,mp_jul
1,2651.4518,mp_jul
1,2651.7516,mp_jul
1,2652.0514,mp_jul
1,2652.3512,mp_jul
1,2652.651,mp_jul
1,2652.9508,mp_jul
1,2653.2506,mp_jul
1,2653.5504,mp_jul
1,2653.8501,mp_jul
1,2654.1499,mp_jul
1,2654.4497,mp_jul
1,2654.7495,mp_jul
1,2655.0543,mp_jul
1,2655.3597,mp_jul
1,2655.6595,mp_jul
1,2655.9593,mp_jul
1,2656.2634,mp_jul
1,2656.5632,mp_jul
1,2656.863,mp_jul
1,2657.1628,mp_jul
1,2657.4626,mp_jul
1,2657.7624,mp_jul
1,2658.0621,mp_jul
1,2658.3619,mp_jul
1,2658.6618,mp_jul
1,2658.9616,mp_jul
1,2659.2613,mp_jul
1,2659.5611,mp_jul
1,2659.8609,mp_jul
1,2660.1607,mp_jul
1,2660.4605,mp_jul
1,2660.7603,mp_jul
1,2661.06,mp_jul
1,2661.3598,mp_jul
1,2661.6596,mp_jul
1,2661.9594,mp_jul
1,2662.2592,mp_jul
1,2662.559,mp_jul
1,2662.8588,mp_jul
1,2663.1586,mp_jul
1,2663.4583,mp_jul
1,2663.7582,mp_jul
1,2664.0579,mp_jul
1,2664.3578,mp_jul
1,2664.6575,mp_jul
1,2664.9573,mp_jul
1,2665.2571,mp_jul
1,2665.5569,mp_jul
1,2665.8566,mp_jul
1,2666.1565,mp_jul
1,2666.4562,mp_jul
1,2666.756,mp_jul
1,2667.0558,mp_jul
1,2667.3556,mp_jul
1,2667.6554,mp_jul
1,2667.9552,mp_jul
1,2668.255,mp_jul
1,2668.5548,mp_jul
1,2668.8546,mp_jul
1,2669.1544,mp_jul
1,2669.4542,mp_jul
1,2669.754,mp_jul
1,2670.0538,mp_jul
1,2670.3535,mp_jul
1,2670.6534,mp_jul
1,2670.9531,mp_jul
1,2671.2529,mp_jul
1,2671.5527,mp_jul
1,2671.8525,mp_jul
1,2672.1523,mp_jul
1,2672.452,mp_jul
1,2672.7518,mp_jul
1,2673.0517,mp_jul
1,2673.3514,mp_jul
1,2673.6512,mp_jul
1,2673.951,mp_jul
1,2674.2508,mp_jul
1,2674.5506,mp_jul
1,2674.8504,mp_jul
1,2675.1501,mp_jul
1,2675.4499,mp_jul
1,2675.7498,mp_jul
1,2676.0495,mp_jul
1,2676.3493,mp_jul
1,2676.6491,mp_jul
1,2676.9489,mp_jul
1,2677.2487,mp_jul
1,2677.5484,mp_jul
1,2677.8483,mp_jul
1,2678.1481,mp_jul
1,2678.4478,mp_jul
1,2678.7476,mp_jul
1,2679.0574,mp_jul
1,2679.3572,mp_jul
1,2679.657,mp_jul
1,2679.9568,mp_jul
1,2680.2566,mp_jul
1,2680.5564,mp_jul
1,2680.8562,mp_jul
1,2681.156,mp_jul
1,2681.4557,mp_jul
1,2681.7555,mp_jul
1,2682.0553,mp_jul
1,2682.3551,mp_jul
1,2682.6549,mp_jul
1,2682.9547,mp_jul
1,2683.2545,mp_jul
1,2683.5543,mp_jul
1,2683.854,mp_jul
1,2684.1538,mp_jul
1,2684.4536,mp_jul
1,2684.7534,mp_jul
1,2685.0532,mp_jul
1,2685.353,mp_jul
1,2685.6528,mp_jul
1,2685.9526,mp_jul
1,2686.2524,mp_jul
1,2686.5522,mp_jul
1,2686.8519,mp_jul
1,2687.1517,mp_jul
1,2687.4515,mp_jul
1,2687.7513,mp_jul
1,2688.0511,mp_jul
1,2688.3509,mp_jul
1,2688.6507,mp_jul
1,2688.9505,mp_jul
1,2689.2503,mp_jul
1,2689.55,mp_jul
1,2689.8498,mp_jul
1,2690.1496,mp_jul
1,2690.4494,mp_jul
1,2690.7492,mp_jul
1,2691.049,mp_jul
1,2691.3488,mp_jul
1,2691.6485,mp_jul
1,2691.9484,mp_jul
1,2692.2482,mp_jul
1,2692.5479,mp_jul
1,2692.8477,mp_jul
1,2693.1476,mp_jul
1,2693.4473,mp_jul
1,2693.7471,mp_jul
1,2694.0468,mp_jul
1,2694.3467,mp_jul
1,2694.6465,mp_jul
1,2694.9463,mp_jul
1,2695.2461,mp_jul
1,2695.5459,mp_jul
1,2695.8457,mp_jul
1,2696.1454,mp_jul
1,2696.4452,mp_jul
1,2696.745,mp_jul
1,2697.0448,mp_jul
1,2697.3446,mp_jul
1,2697.6444,mp_jul
1,2697.9442,mp_jul
1,2698.244,mp_jul
1,2698.5437,mp_jul
1,2698.8435,mp_jul
1,2699.1433,mp_jul
1,2699.4431,mp_jul
1,2699.7429,mp_jul
1,2700.0427,mp_jul
1,2700.3425,mp_jul
1,2700.6423,mp_jul
1,2700.9421,mp_jul
1,2701.2419,mp_jul
1,2701.5416,mp_jul
1,2701.8414,mp_jul
1,2702.1412,mp_jul
1,2702.441,mp_jul
1,2702.7408,mp_jul
1,2703.0406,mp_jul
1,2703.3404,mp_jul
1,2703.6401,mp_jul
1,2703.9399,mp_jul
1,2704.2398,mp_jul
1,2704.5396,mp_jul
1,2704.8393,mp_jul
1,2705.1391,mp_jul
1,2705.4389,mp_jul
1,2705.7387,mp_jul
1,2706.0385,mp_jul
1,2706.3383,mp_jul
1,2706.638,mp_jul
1,2706.9378,mp_jul
1,2707.2377,mp_jul
1,2707.5374,mp_jul
1,2707.8372,mp_jul
1,2708.1371,mp_jul
1,2708.4368,mp_jul
1,2708.7366,mp_jul
1,2709.0364,mp_jul
1,2709.3362,mp_jul
1,2709.636,mp_jul
1,2709.9358,mp_jul
1,2710.2355,mp_jul
1,2710.5353,mp_jul
1,2710.8351,mp_jul
1,2711.1349,mp_jul
1,2711.4347,mp_jul
1,2711.7345,mp_jul
1,2712.0343,mp_jul
1,2712.334,mp_jul
1,2712.6339,mp_jul
1,2712.9337,mp_jul
1,2713.2335,mp_jul
1,2713.5333,mp_jul
1,2713.8331,mp_jul
1,2714.1328,mp_jul
1,2714.4326,mp_jul
1,2714.7324,mp_jul
1,2715.0322,mp_jul
1,2715.332,mp_jul
1,2715.6317,mp_jul
1,2715.9316,mp_jul
1,2716.2314,mp_jul
1,2716.5311,mp_jul
1,2716.8309,mp_jul
1,2717.1307,mp_jul
1,2717.4305,mp_jul
1,2717.7302,mp_jul
1,2718.03,mp_jul
1,2718.3299,mp_jul
1,2718.6296,mp_jul
1,2718.9352,mp_jul
1,2719.2392,mp_jul
1,2719.539,mp_jul
1,2719.8388,mp_jul
1,2720.1386,mp_jul
1,2720.4383,mp_jul
1,2720.7381,mp_jul
1,2721.0379,mp_jul
1,2721.3377,mp_jul
1,2721.6425,mp_jul
1,2721.9423,mp_jul
1,2722.2421,mp_jul
1,2722.5419,mp_jul
1,2722.8417,mp_jul
1,2723.1414,mp_jul
1,2723.4412,mp_jul
1,2723.7411,mp_jul
1,2724.0408,mp_jul
1,2724.3406,mp_jul
1,2724.6404,mp_jul
1,2724.9402,mp_jul
1,2725.24,mp_jul
1,2725.5398,mp_jul
1,2725.8396,mp_jul
1,2726.1394,mp_jul
1,2726.4391,mp_jul
1,2726.7389,mp_jul
1,2727.0387,mp_jul
1,2727.3385,mp_jul
1,2727.6383,mp_jul
1,2727.9381,mp_jul
1,2728.2379,mp_jul
1,2728.5376,mp_jul
1,2728.8374,mp_jul
1,2729.1372,mp_jul
1,2729.437,mp_jul
1,2729.7367,mp_jul
1,2730.0365,mp_jul
1,2730.3364,mp_jul
1,2730.6361,mp_jul
1,2730.9359,mp_jul
1,2731.2357,mp_jul
1,2731.5355,mp_jul
1,2731.8353,mp_jul
1,2732.1351,mp_jul
1,2732.4349,mp_jul
1,2732.7397,mp_jul
1,2733.0394,mp_jul
1,2733.3393,mp_jul
1,2733.639,mp_jul
1,2733.9388,mp_jul
1,2734.2386,mp_jul
1,2734.5384,mp_jul
1,2734.8382,mp_jul
1,2735.138,mp_jul
1,2735.4378,mp_jul
1,2735.7375,mp_jul
1,2736.0373,mp_jul
1,2736.3371,mp_jul
1,2736.6369,mp_jul
1,2736.9367,mp_jul
1,2737.2365,mp_jul
1,2737.5363,mp_jul
1,2737.8361,mp_jul
1,2738.1358,mp_jul
1,2738.4356,mp_jul
1,2738.7411,mp_jul
1,2739.0408,mp_jul
1,2739.3451,mp_jul
1,2739.6448,mp_jul
1,2739.9446,mp_jul
1,2740.2444,mp_jul
1,2740.5442,mp_jul
1,2740.844,mp_jul
1,2741.1437,mp_jul
1,2741.4436,mp_jul
1,2741.7433,mp_jul
1,2742.0431,mp_jul
1,2742.343,mp_jul
1,2742.6427,mp_jul
1,2742.9475,mp_jul
1,2743.2473,mp_jul
1,2743.547,mp_jul
1,2743.8468,mp_jul
1,2744.1466,mp_jul
1,2744.4464,mp_jul
1,2744.7462,mp_jul
1,2745.046,mp_jul
1,2745.3458,mp_jul
1,2745.6455,mp_jul
1,2745.9454,mp_jul
1,2746.2452,mp_jul
1,2746.545,mp_jul
1,2746.8447,mp_jul
1,2747.1445,mp_jul
1,2747.4443,mp_jul
1,2747.7441,mp_jul
1,2748.0439,mp_jul
1,2748.3437,mp_jul
1,2748.6435,mp_jul
1,2748.9432,mp_jul
1,2749.2431,mp_jul
1,2749.5428,mp_jul
1,2749.8426,mp_jul
1,2750.1424,mp_jul
1,2750.4422,mp_jul
1,2750.742,mp_jul
1,2751.0468,mp_jul
1,2751.3466,mp_jul
1,2751.6463,mp_jul
1,2751.9461,mp_jul
1,2752.2459,mp_jul
1,2752.5457,mp_jul
1,2752.8455,mp_jul
1,2753.1453,mp_jul
1,2753.4451,mp_jul
1,2753.7449,mp_jul
1,2754.0446,mp_jul
1,2754.3444,mp_jul
1,2754.6442,mp_jul
1,2754.944,mp_jul
1,2755.2495,mp_jul
1,2755.5493,mp_jul
1,2755.849,mp_jul
1,2756.1488,mp_jul
1,2756.4487,mp_jul
1,2756.7485,mp_jul
1,2757.0483,mp_jul
1,2757.3481,mp_jul
1,2757.6478,mp_jul
1,2757.9476,mp_jul
1,2758.2475,mp_jul
1,2758.5472,mp_jul
1,2758.847,mp_jul
1,2759.151,mp_jul
1,2759.4509,mp_jul
1,2759.7507,mp_jul
1,2760.0504,mp_jul
1,2760.3552,mp_jul
1,2760.655,mp_jul
1,2760.9548,mp_jul
1,2761.2546,mp_jul
1,2761.5544,mp_jul
1,2761.8542,mp_jul
1,2762.154,mp_jul
1,2762.4538,mp_jul
1,2762.7536,mp_jul
1,2763.0533,mp_jul
1,2763.3531,mp_jul
1,2763.6529,mp_jul
1,2763.9527,mp_jul
1,2764.2524,mp_jul
1,2764.5523,mp_jul
1,2764.8521,mp_jul
1,2765.1519,mp_jul
1,2765.4516,mp_jul
1,2765.7515,mp_jul
1,2766.0512,mp_jul
1,2766.351,mp_jul
1,2766.6508,mp_jul
1,2766.9506,mp_jul
1,2767.2503,mp_jul
1,2767.5502,mp_jul
1,2767.8499,mp_jul
1,2768.1497,mp_jul
1,2768.4495,mp_jul
1,2768.7493,mp_jul
1,2769.0491,mp_jul
1,2769.3489,mp_jul
1,2769.6487,mp_jul
1,2769.9485,mp_jul
1,2770.2483,mp_jul
1,2770.548,mp_jul
1,2770.8478,mp_jul
1,2771.1476,mp_jul
1,2771.4475,mp_jul
1,2771.7472,mp_jul
1,2772.047,mp_jul
1,2772.3468,mp_jul
1,2772.6465,mp_jul
1,2772.9463,mp_jul
1,2773.2462,mp_jul
1,2773.546,mp_jul
1,2773.8458,mp_jul
1,2774.1455,mp_jul
1,2774.4453,mp_jul
1,2774.7451,mp_jul
1,2775.0449,mp_jul
1,2775.3447,mp_jul
1,2775.6445,mp_jul
1,2775.9443,mp_jul
1,2776.244,mp_jul
1,2776.5439,mp_jul
1,2776.8436,mp_jul
1,2777.1435,mp_jul
1,2777.4432,mp_jul
1,2777.743,mp_jul
1,2778.0428,mp_jul
1,2778.3426,mp_jul
1,2778.6424,mp_jul
1,2778.9422,mp_jul
1,2779.2419,mp_jul
1,2779.5418,mp_jul
1,2779.8415,mp_jul
1,2780.1413,mp_jul
1,2780.4411,mp_jul
1,2780.7409,mp_jul
1,2781.0407,mp_jul
1,2781.3405,mp_jul
1,2781.6403,mp_jul
1,2781.9401,mp_jul
1,2782.2399,mp_jul
1,2782.5396,mp_jul
1,2782.8394,mp_jul
1,2783.1392,mp_jul
1,2783.439,mp_jul
1,2783.7388,mp_jul
1,2784.0385,mp_jul
1,2784.3384,mp_jul
1,2784.6382,mp_jul
1,2784.938,mp_jul
1,2785.2484,mp_jul
1,2785.5482,mp_jul
1,2785.8479,mp_jul
1,2786.1478,mp_jul
1,2786.4476,mp_jul
1,2786.7472,mp_jul
1,2787.0471,mp_jul
1,2787.3512,mp_jul
1,2787.651,mp_jul
1,2787.9508,mp_jul
1,2788.2507,mp_jul
1,2788.5504,mp_jul
1,2788.8502,mp_jul
1,2789.15,mp_jul
1,2789.4498,mp_jul
1,2789.7546,mp_jul
1,2790.0544,mp_jul
1,2790.3541,mp_jul
1,2790.654,mp_jul
1,2790.9537,mp_jul
1,2791.2535,mp_jul
1,2791.5532,mp_jul
1,2791.8531,mp_jul
1,2792.1529,mp_jul
1,2792.4526,mp_jul
1,2792.7524,mp_jul
1,2793.0523,mp_jul
1,2793.352,mp_jul
1,2793.6518,mp_jul
1,2793.9516,mp_jul
1,2794.2514,mp_jul
1,2794.5512,mp_jul
1,2794.856,mp_jul
1,2795.1557,mp_jul
1,2795.4556,mp_jul
1,2795.7554,mp_jul
1,2796.0551,mp_jul
1,2796.3549,mp_jul
1,2796.6547,mp_jul
1,2796.9545,mp_jul
1,2797.2543,mp_jul
1,2797.554,mp_jul
1,2797.8539,mp_jul
1,2798.1537,mp_jul
1,2798.4534,mp_jul
1,2798.7532,mp_jul
1,2799.053,mp_jul
1,2799.3528,mp_jul
1,2799.6526,mp_jul
1,2799.9524,mp_jul
1,2800.2522,mp_jul
1,2800.552,mp_jul
1,2800.8517,mp_jul
1,2801.1516,mp_jul
1,2801.4513,mp_jul
1,2801.7511,mp_jul
1,2802.0509,mp_jul
1,2802.3507,mp_jul
1,2802.6505,mp_jul
1,2802.9503,mp_jul
1,2803.25,mp_jul
1,2803.5498,mp_jul
1,2803.8496,mp_jul
1,2804.1494,mp_jul
1,2804.4492,mp_jul
1,2804.749,mp_jul
1,2805.0488,mp_jul
1,2805.3542,mp_jul
1,2805.654,mp_jul
1,2805.9538,mp_jul
1,2806.2535,mp_jul
1,2806.5533,mp_jul
1,2806.8531,mp_jul
1,2807.1529,mp_jul
1,2807.4671,mp_jul
1,2807.7668,mp_jul
1,2808.0666,mp_jul
1,2808.3664,mp_jul
1,2808.6662,mp_jul
1,2808.966,mp_jul
1,2809.2658,mp_jul
1,2809.5656,mp_jul
1,2809.8654,mp_jul
1,2810.1652,mp_jul
1,2810.4649,mp_jul
1,2810.7647,mp_jul
1,2811.0645,mp_jul
1,2811.3643,mp_jul
1,2811.6641,mp_jul
1,2811.9638,mp_jul
1,2812.2637,mp_jul
1,2812.5634,mp_jul
1,2812.8632,mp_jul
1,2813.163,mp_jul
1,2813.4628,mp_jul
1,2813.7626,mp_jul
1,2814.0623,mp_jul
1,2814.3621,mp_jul
1,2814.6619,mp_jul
1,2814.9618,mp_jul
1,2815.2615,mp_jul
1,2815.5613,mp_jul
1,2815.8611,mp_jul
1,2816.1609,mp_jul
1,2816.4607,mp_jul
1,2816.7604,mp_jul
1,2817.0603,mp_jul
1,2817.36,mp_jul
1,2817.6598,mp_jul
1,2817.9596,mp_jul
1,2818.2594,mp_jul
1,2818.5591,mp_jul
1,2818.8589,mp_jul
1,2819.1588,mp_jul
1,2819.4586,mp_jul
1,2819.7583,mp_jul
1,2820.0581,mp_jul
1,2820.3579,mp_jul
1,2820.6577,mp_jul
1,2820.9574,mp_jul
1,2821.2572,mp_jul
1,2821.5571,mp_jul
1,2821.8569,mp_jul
1,2822.1566,mp_jul
1,2822.4564,mp_jul
1,2822.7562,mp_jul
1,2823.056,mp_jul
1,2823.3558,mp_jul
1,2823.6556,mp_jul
1,2823.9554,mp_jul
1,2824.2551,mp_jul
1,2824.5549,mp_jul
1,2824.8547,mp_jul
1,2825.1545,mp_jul
1,2825.4543,mp_jul
1,2825.754,mp_jul
1,2826.0539,mp_jul
1,2826.3537,mp_jul
1,2826.6535,mp_jul
1,2826.9532,mp_jul
1,2827.2531,mp_jul
1,2827.5528,mp_jul
1,2827.8526,mp_jul
1,2828.1524,mp_jul
1,2828.4522,mp_jul
1,2828.752,mp_jul
1,2829.0517,mp_jul
1,2829.3515,mp_jul
1,2829.6513,mp_jul
1,2829.9511,mp_jul
1,2830.2509,mp_jul
1,2830.5507,mp_jul
1,2830.8505,mp_jul
1,2831.1503,mp_jul
1,2831.45,mp_jul
1,2831.7499,mp_jul
1,2832.0496,mp_jul
1,2832.3494,mp_jul
1,2832.6492,mp_jul
1,2832.949,mp_jul
1,2833.2488,mp_jul
1,2833.5486,mp_jul
1,2833.8584,mp_jul
1,2834.1581,mp_jul
1,2834.4579,mp_jul
1,2834.7577,mp_jul
1,2835.0575,mp_jul
1,2835.3573,mp_jul
1,2835.6571,mp_jul
1,2835.9569,mp_jul
1,2836.2567,mp_jul
1,2836.5564,mp_jul
1,2836.8563,mp_jul
1,2837.156,mp_jul
1,2837.4557,mp_jul
1,2837.7556,mp_jul
1,2838.0554,mp_jul
1,2838.3551,mp_jul
1,2838.6549,mp_jul
1,2838.9547,mp_jul
1,2839.2546,mp_jul
1,2839.5543,mp_jul
1,2839.8541,mp_jul
1,2840.1539,mp_jul
1,2840.4537,mp_jul
1,2840.7534,mp_jul
1,2841.0533,mp_jul
1,2841.353,mp_jul
1,2841.6528,mp_jul
1,2841.9526,mp_jul
1,2842.2524,mp_jul
1,2842.5522,mp_jul
1,2842.8519,mp_jul
1,2843.1517,mp_jul
1,2843.4515,mp_jul
1,2843.7514,mp_jul
1,2844.0511,mp_jul
1,2844.3509,mp_jul
1,2844.6507,mp_jul
1,2844.9505,mp_jul
1,2845.2503,mp_jul
1,2845.5501,mp_jul
1,2845.8499,mp_jul
1,2846.1497,mp_jul
1,2846.4494,mp_jul
1,2846.7492,mp_jul
1,2847.049,mp_jul
1,2847.3488,mp_jul
1,2847.6485,mp_jul
1,2847.9484,mp_jul
1,2848.2481,mp_jul
1,2848.548,mp_jul
1,2848.8477,mp_jul
1,2849.1475,mp_jul
1,2849.4473,mp_jul
1,2849.7471,mp_jul
1,2850.0469,mp_jul
1,2850.3467,mp_jul
1,2850.6465,mp_jul
1,2850.9462,mp_jul
1,2851.246,mp_jul
1,2851.5458,mp_jul
1,2851.8456,mp_jul
1,2852.1453,mp_jul
1,2852.4452,mp_jul
1,2852.745,mp_jul
1,2853.0447,mp_jul
1,2853.3445,mp_jul
1,2853.6444,mp_jul
1,2853.9441,mp_jul
1,2854.2439,mp_jul
1,2854.5437,mp_jul
1,2854.8434,mp_jul
1,2855.1432,mp_jul
1,2855.4431,mp_jul
1,2855.7428,mp_jul
1,2856.0426,mp_jul
1,2856.3424,mp_jul
1,2856.6422,mp_jul
1,2856.942,mp_jul
1,2857.2418,mp_jul
1,2857.5416,mp_jul
1,2857.8413,mp_jul
1,2858.1411,mp_jul
1,2858.441,mp_jul
1,2858.7407,mp_jul
1,2859.0405,mp_jul
1,2859.3403,mp_jul
1,2859.6401,mp_jul
1,2859.9399,mp_jul
1,2860.2397,mp_jul
1,2860.5395,mp_jul
1,2860.8392,mp_jul
1,2861.139,mp_jul
1,2861.4388,mp_jul
1,2861.7386,mp_jul
1,2862.0384,mp_jul
1,2862.3382,mp_jul
1,2862.638,mp_jul
1,2862.9377,mp_jul
1,2863.2375,mp_jul
1,2863.5373,mp_jul
1,2863.8371,mp_jul
1,2864.1369,mp_jul
1,2864.4366,mp_jul
1,2864.7365,mp_jul
1,2865.0363,mp_jul
1,2865.336,mp_jul
1,2865.6358,mp_jul
1,2865.9356,mp_jul
1,2866.2354,mp_jul
1,2866.5352,mp_jul
1,2866.835,mp_jul
1,2867.1348,mp_jul
1,2867.4345,mp_jul
1,2867.7343,mp_jul
1,2868.0342,mp_jul
1,2868.334,mp_jul
1,2868.6337,mp_jul
1,2868.9335,mp_jul
1,2869.2333,mp_jul
1,2869.533,mp_jul
1,2869.8328,mp_jul
1,2870.1326,mp_jul
1,2870.4324,mp_jul
1,2870.7322,mp_jul
1,2871.032,mp_jul
1,2871.3317,mp_jul
1,2871.6316,mp_jul
1,2871.9314,mp_jul
1,2872.2312,mp_jul
1,2872.531,mp_jul
1,2872.8308,mp_jul
1,2873.1305,mp_jul
1,2873.4303,mp_jul
1,2873.7301,mp_jul
1,2874.0299,mp_jul
1,2874.3297,mp_jul
1,2874.6295,mp_jul
1,2874.9293,mp_jul
1,2875.229,mp_jul
1,2875.5289,mp_jul
1,2875.8286,mp_jul
1,2876.1284,mp_jul
1,2876.4282,mp_jul
1,2876.728,mp_jul
1,2877.0277,mp_jul
1,2877.3276,mp_jul
1,2877.6274,mp_jul
1,2877.9272,mp_jul
1,2878.2269,mp_jul
1,2878.5267,mp_jul
1,2878.8265,mp_jul
1,2879.1263,mp_jul
1,2879.4261,mp_jul
1,2879.7259,mp_jul
1,2880.0256,mp_jul
1,2880.3255,mp_jul
1,2880.6252,mp_jul
1,2880.925,mp_jul
1,2881.2249,mp_jul
1,2881.5246,mp_jul
1,2881.8244,mp_jul
1,2882.1242,mp_jul
1,2882.4239,mp_jul
1,2882.7237,mp_jul
1,2883.0235,mp_jul
1,2883.3233,mp_jul
1,2883.6231,mp_jul
1,2883.9229,mp_jul
1,2884.2227,mp_jul
1,2884.5225,mp_jul
1,2884.8223,mp_jul
1,2885.1221,mp_jul
1,2885.4219,mp_jul
1,2885.7217,mp_jul
1,2886.0215,mp_jul
1,2886.3212,mp_jul
1,2886.621,mp_jul
1,2886.9208,mp_jul
1,2887.2206,mp_jul
1,2887.5204,mp_jul
1,2887.8201,mp_jul
1,2888.1199,mp_jul
1,2888.4197,mp_jul
1,2888.7195,mp_jul
1,2889.0193,mp_jul
1,2889.3191,mp_jul
1,2889.6189,mp_jul
1,2889.9186,mp_jul
1,2890.2185,mp_jul
1,2890.5182,mp_jul
1,2890.8181,mp_jul
1,2891.1179,mp_jul
1,2891.4176,mp_jul
1,2891.7174,mp_jul
1,2892.0172,mp_jul
1,2892.317,mp_jul
1,2892.6168,mp_jul
1,2892.9166,mp_jul
1,2893.2164,mp_jul
1,2893.5161,mp_jul
1,2893.8159,mp_jul
1,2894.1157,mp_jul
1,2894.4156,mp_jul
1,2894.7153,mp_jul
1,2895.0151,mp_jul
1,2895.3149,mp_jul
1,2895.6147,mp_jul
1,2895.9144,mp_jul
1,2896.2143,mp_jul
1,2896.514,mp_jul
1,2896.8139,mp_jul
1,2897.1136,mp_jul
1,2897.4134,mp_jul
1,2897.7132,mp_jul
1,2898.013,mp_jul
1,2898.3128,mp_jul
1,2898.6126,mp_jul
1,2898.9123,mp_jul
1,2899.2122,mp_jul
1,2899.5119,mp_jul
1,2899.8117,mp_jul
1,2900.1115,mp_jul
1,2900.4113,mp_jul
1,2900.7111,mp_jul
1,2901.0109,mp_jul
1,2901.3107,mp_jul
1,2901.6105,mp_jul
1,2901.9102,mp_jul
1,2902.21,mp_jul
1,2902.5098,mp_jul
1,2902.8096,mp_jul
1,2903.1094,mp_jul
1,2903.4092,mp_jul
1,2903.709,mp_jul
1,2904.0088,mp_jul
1,2904.3085,mp_jul
1,2904.6083,mp_jul
1,2904.9081,mp_jul
1,2905.2079,mp_jul
1,2905.5077,mp_jul
1,2905.8075,mp_jul
1,2906.1073,mp_jul
1,2906.4071,mp_jul
1,2906.7068,mp_jul
1,2907.0067,mp_jul
1,2907.3065,mp_jul
1,2907.6062,mp_jul
1,2907.906,mp_jul
1,2908.2058,mp_jul
1,2908.5056,mp_jul
1,2908.8053,mp_jul
1,2909.1052,mp_jul
1,2909.405,mp_jul
1,2909.7048,mp_jul
1,2910.0045,mp_jul
1,2910.3043,mp_jul
1,2910.6041,mp_jul
1,2910.9039,mp_jul
1,2911.2037,mp_jul
1,2911.5035,mp_jul
1,2911.8033,mp_jul
1,2912.103,mp_jul
1,2912.4028,mp_jul
1,2912.7026,mp_jul
1,2913.0024,mp_jul
1,2913.3022,mp_jul
1,2913.602,mp_jul
1,2913.9017,mp_jul
1,2914.2016,mp_jul
1,2914.5014,mp_jul
1,2914.8012,mp_jul
1,2915.1009,mp_jul
1,2915.4007,mp_jul
1,2915.7005,mp_jul
1,2916.0003,mp_jul
1,2916.3001,mp_jul
1,2916.5998,mp_jul
1,2916.8996,mp_jul
1,2917.1994,mp_jul
1,2917.4992,mp_jul
1,2917.799,mp_jul
1,2918.0988,mp_jul
1,2918.3985,mp_jul
1,2918.6984,mp_jul
1,2918.9981,mp_jul
1,2919.2979,mp_jul
1,2919.5977,mp_jul
1,2919.8975,mp_jul
1,2920.1973,mp_jul
1,2920.4971,mp_jul
1,2920.7969,mp_jul
1,2921.0966,mp_jul
1,2921.3964,mp_jul
1,2921.6962,mp_jul
1,2921.996,mp_jul
1,2922.2958,mp_jul
1,2922.5956,mp_jul
1,2922.9054,mp_jul
1,2923.2051,mp_jul
1,2923.5049,mp_jul
1,2923.8047,mp_jul
1,2924.1045,mp_jul
1,2924.4043,mp_jul
1,2924.7041,mp_jul
1,2925.0038,mp_jul
1,2925.3036,mp_jul
1,2925.6034,mp_jul
1,2925.9032,mp_jul
1,2926.203,mp_jul
1,2926.5028,mp_jul
1,2926.8026,mp_jul
1,2927.1024,mp_jul
1,2927.4021,mp_jul
1,2927.7019,mp_jul
1,2928.0017,mp_jul
1,2928.3015,mp_jul
1,2928.6013,mp_jul
1,2928.9011,mp_jul
1,2929.2009,mp_jul
1,2929.5006,mp_jul
1,2929.8004,mp_jul
1,2930.1002,mp_jul
1,2930.4,mp_jul
1,2930.6998,mp_jul
1,2930.9995,mp_jul
1,2931.2994,mp_jul
1,2931.5991,mp_jul
1,2931.8989,mp_jul
1,2932.1987,mp_jul
1,2932.4985,mp_jul
1,2932.7983,mp_jul
1,2933.0981,mp_jul
1,2933.3979,mp_jul
1,2933.6977,mp_jul
1,2933.9974,mp_jul
1,2934.2973,mp_jul
1,2934.5971,mp_jul
1,2934.8968,mp_jul
1,2935.1966,mp_jul
1,2935.4964,mp_jul
1,2935.7962,mp_jul
1,2936.0959,mp_jul
1,2936.3957,mp_jul
1,2936.6955,mp_jul
1,2936.9953,mp_jul
1,2937.2951,mp_jul
1,2937.5948,mp_jul
1,2937.8947,mp_jul
1,2938.1944,mp_jul
1,2938.4943,mp_jul
1,2938.794,mp_jul
1,2939.0938,mp_jul
1,2939.3936,mp_jul
1,2939.6934,mp_jul
1,2939.9931,mp_jul
1,2940.2929,mp_jul
1,2940.5927,mp_jul
1,2940.8925,mp_jul
1,2941.1923,mp_jul
1,2941.4921,mp_jul
1,2941.7919,mp_jul
1,2942.0917,mp_jul
1,2942.3915,mp_jul
1,2942.6912,mp_jul
1,2942.991,mp_jul
1,2943.2908,mp_jul
1,2943.5906,mp_jul
1,2943.8904,mp_jul
1,2944.1901,mp_jul
1,2944.49,mp_jul
1,2944.7897,mp_jul
1,2945.0895,mp_jul
1,2945.3893,mp_jul
1,2945.6891,mp_jul
1,2945.9889,mp_jul
1,2946.2887,mp_jul
1,2946.5885,mp_jul
1,2946.8883,mp_jul
1,2947.188,mp_jul
1,2947.4879,mp_jul
1,2947.7876,mp_jul
1,2948.0874,mp_jul
1,2948.3872,mp_jul
1,2948.6869,mp_jul
1,2948.9867,mp_jul
1,2949.2865,mp_jul
1,2949.5863,mp_jul
1,2949.8861,mp_jul
1,2950.1859,mp_jul
1,2950.4857,mp_jul
1,2950.7855,mp_jul
1,2951.0852,mp_jul
1,2951.3851,mp_jul
1,2951.6849,mp_jul
1,2951.9846,mp_jul
1,2952.2844,mp_jul
1,2952.5842,mp_jul
1,2952.8839,mp_jul
1,2953.1837,mp_jul
1,2953.4836,mp_jul
1,2953.7833,mp_jul
1,2954.0831,mp_jul
1,2954.3829,mp_jul
1,2954.6827,mp_jul
1,2954.9825,mp_jul
1,2955.2822,mp_jul
1,2955.582,mp_jul
1,2955.8818,mp_jul
1,2956.1816,mp_jul
1,2956.4814,mp_jul
1,2956.7812,mp_jul
1,2957.081,mp_jul
1,2957.3807,mp_jul
1,2957.6861,mp_jul
1,2957.9859,mp_jul
1,2958.2857,mp_jul
1,2958.5864,mp_jul
1,2958.8852,mp_jul
1,2959.1851,mp_jul
1,2959.4848,mp_jul
1,2959.7846,mp_jul
1,2960.0844,mp_jul
1,2960.3842,mp_jul
1,2960.684,mp_jul
1,2960.9838,mp_jul
1,2961.2836,mp_jul
1,2961.5834,mp_jul
1,2961.8832,mp_jul
1,2962.1829,mp_jul
1,2962.4827,mp_jul
1,2962.7825,mp_jul
1,2963.0823,mp_jul
1,2963.3821,mp_jul
1,2963.6819,mp_jul
1,2963.9817,mp_jul
1,2964.2815,mp_jul
1,2964.5812,mp_jul
1,2964.881,mp_jul
1,2965.1808,mp_jul
1,2965.4805,mp_jul
1,2965.8047,mp_jul
1,2966.1045,mp_jul
1,2966.4043,mp_jul
1,2966.7041,mp_jul
1,2967.0039,mp_jul
1,2967.3036,mp_jul
1,2967.6035,mp_jul
1,2967.9032,mp_jul
1,2968.203,mp_jul
1,2968.5028,mp_jul
1,2968.8026,mp_jul
1,2969.1024,mp_jul
1,2969.4021,mp_jul
1,2969.7019,mp_jul
1,2970.0017,mp_jul
1,2970.3014,mp_jul
1,2970.6013,mp_jul
1,2970.9011,mp_jul
1,2971.2009,mp_jul
1,2971.5006,mp_jul
1,2971.8004,mp_jul
1,2972.1002,mp_jul
1,2972.4,mp_jul
1,2972.6998,mp_jul
1,2972.9995,mp_jul
1,2973.2994,mp_jul
1,2973.5991,mp_jul
1,2973.8989,mp_jul
1,2974.1987,mp_jul
1,2974.4985,mp_jul
1,2974.7983,mp_jul
1,2975.098,mp_jul
1,2975.3978,mp_jul
1,2975.6976,mp_jul
1,2975.9974,mp_jul
1,2976.2972,mp_jul
1,2976.597,mp_jul
1,2976.8967,mp_jul
1,2977.1965,mp_jul
1,2977.4964,mp_jul
1,2977.7961,mp_jul
1,2978.0959,mp_jul
1,2978.3957,mp_jul
1,2978.6955,mp_jul
1,2978.9953,mp_jul
1,2979.305,mp_jul
1,2979.6048,mp_jul
1,2979.9046,mp_jul
1,2980.2044,mp_jul
1,2980.5041,mp_jul
1,2980.804,mp_jul
1,2981.1038,mp_jul
1,2981.4036,mp_jul
1,2981.7033,mp_jul
1,2982.0031,mp_jul
1,2982.3029,mp_jul
1,2982.6027,mp_jul
1,2982.9025,mp_jul
1,2983.2023,mp_jul
1,2983.5021,mp_jul
1,2983.8018,mp_jul
1,2984.1016,mp_jul
1,2984.4014,mp_jul
1,2984.7012,mp_jul
1,2985.001,mp_jul
1,2985.3008,mp_jul
1,2985.6005,mp_jul
1,2985.9004,mp_jul
1,2986.2001,mp_jul
1,2986.4999,mp_jul
1,2986.7996,mp_jul
1,2987.0995,mp_jul
1,2987.3992,mp_jul
1,2987.6991,mp_jul
1,2987.9988,mp_jul
1,2988.2986,mp_jul
1,2988.5984,mp_jul
1,2988.8982,mp_jul
1,2989.198,mp_jul
1,2989.4978,mp_jul
1,2989.7976,mp_jul
1,2990.0973,mp_jul
1,2990.3971,mp_jul
1,2990.6969,mp_jul
1,2990.9967,mp_jul
1,2991.2965,mp_jul
1,2991.5963,mp_jul
1,2991.896,mp_jul
1,2992.1958,mp_jul
1,2992.4956,mp_jul
1,2992.7955,mp_jul
1,2993.0952,mp_jul
1,2993.395,mp_jul
1,2993.6948,mp_jul
1,2993.9946,mp_jul
1,2994.2944,mp_jul
1,2994.5941,mp_jul
1,2994.8939,mp_jul
1,2995.1937,mp_jul
1,2995.4935,mp_jul
1,2995.7933,mp_jul
1,2996.0931,mp_jul
1,2996.3929,mp_jul
1,2996.6926,mp_jul
1,2996.9924,mp_jul
1,2997.2923,mp_jul
1,2997.592,mp_jul
1,2997.8918,mp_jul
1,2998.1916,mp_jul
1,2998.4913,mp_jul
1,2998.7911,mp_jul
1,2999.0909,mp_jul
1,2999.3907,mp_jul
1,2999.6905,mp_jul
1,2999.9903,mp_jul
1,3000.2901,mp_jul
1,3000.5899,mp_jul
1,3000.8896,mp_jul
1,3001.1895,mp_jul
1,3001.4892,mp_jul
1,3001.789,mp_jul
1,3002.0888,mp_jul
1,3002.3886,mp_jul
1,3002.6884,mp_jul
1,3002.9882,mp_jul
1,3003.288,mp_jul
1,3003.5877,mp_jul
1,3003.8875,mp_jul
1,3004.1873,mp_jul
1,3004.4871,mp_jul
1,3004.7869,mp_jul
1,3005.0867,mp_jul
1,3005.3865,mp_jul
1,3005.6863,mp_jul
1,3005.986,mp_jul
1,3006.2858,mp_jul
1,3006.5856,mp_jul
1,3006.8853,mp_jul
1,3007.1852,mp_jul
1,3007.4849,mp_jul
1,3007.7847,mp_jul
1,3008.0846,mp_jul
1,3008.3843,mp_jul
1,3008.6841,mp_jul
1,3008.9839,mp_jul
1,3009.2836,mp_jul
1,3009.5835,mp_jul
1,3009.8833,mp_jul
1,3010.183,mp_jul
1,3010.4828,mp_jul
1,3010.7826,mp_jul
1,3011.0824,mp_jul
1,3011.3821,mp_jul
1,3011.682,mp_jul
1,3011.9818,mp_jul
1,3012.2815,mp_jul
1,3012.5814,mp_jul
1,3012.8811,mp_jul
1,3013.1809,mp_jul
1,3013.4807,mp_jul
1,3013.7805,mp_jul
1,3014.0803,mp_jul
1,3014.3801,mp_jul
1,3014.6798,mp_jul
1,3014.9796,mp_jul
1,3015.2795,mp_jul
1,3015.5792,mp_jul
1,3015.879,mp_jul
1,3016.1788,mp_jul
1,3016.4786,mp_jul
1,3016.7783,mp_jul
1,3017.0781,mp_jul
1,3017.378,mp_jul
1,3017.6777,mp_jul
1,3017.9775,mp_jul
1,3018.2773,mp_jul
1,3018.5771,mp_jul
1,3018.8769,mp_jul
1,3019.1766,mp_jul
1,3019.4764,mp_jul
1,3019.7762,mp_jul
1,3020.076,mp_jul
1,3020.3758,mp_jul
1,3020.6756,mp_jul
1,3020.9754,mp_jul
1,3021.2751,mp_jul
1,3021.575,mp_jul
1,3021.8747,mp_jul
1,3022.1745,mp_jul
1,3022.4743,mp_jul
1,3022.7741,mp_jul
1,3023.0739,mp_jul
1,3023.3737,mp_jul
1,3023.6735,mp_jul
1,3023.9732,mp_jul
1,3024.273,mp_jul
1,3024.5729,mp_jul
1,3024.8726,mp_jul
1,3025.1724,mp_jul
1,3025.4721,mp_jul
1,3025.772,mp_jul
1,3026.0717,mp_jul
1,3026.3715,mp_jul
1,3026.6713,mp_jul
1,3026.9711,mp_jul
1,3027.2708,mp_jul
1,3027.5706,mp_jul
1,3027.8704,mp_jul
1,3028.1702,mp_jul
1,3028.47,mp_jul
1,3028.7698,mp_jul
1,3029.0695,mp_jul
1,3029.3694,mp_jul
1,3029.6692,mp_jul
1,3029.969,mp_jul
1,3030.2687,mp_jul
1,3030.5685,mp_jul
1,3030.8683,mp_jul
1,3031.1681,mp_jul
1,3031.4679,mp_jul
1,3031.7677,mp_jul
1,3032.0675,mp_jul
1,3032.3673,mp_jul
1,3032.667,mp_jul
1,3032.9668,mp_jul
1,3033.2666,mp_jul
1,3033.5664,mp_jul
1,3033.8662,mp_jul
1,3034.1659,mp_jul
1,3034.4657,mp_jul
1,3034.7655,mp_jul
1,3035.0653,mp_jul
1,3035.3651,mp_jul
1,3035.6649,mp_jul
1,3035.9647,mp_jul
1,3036.2644,mp_jul
1,3036.5643,mp_jul
1,3036.864,mp_jul
1,3037.1638,mp_jul
1,3037.4636,mp_jul
1,3037.7634,mp_jul
1,3038.0631,mp_jul
1,3038.3629,mp_jul
1,3038.6627,mp_jul
1,3038.9625,mp_jul
1,3039.2623,mp_jul
1,3039.5676,mp_jul
1,3039.8675,mp_jul
1,3040.1672,mp_jul
1,3040.467,mp_jul
1,3040.7668,mp_jul
1,3041.0666,mp_jul
1,3041.3664,mp_jul
1,3041.6662,mp_jul
1,3041.9659,mp_jul
1,3042.2658,mp_jul
1,3042.5656,mp_jul
1,3042.8653,mp_jul
1,3043.1652,mp_jul
1,3043.4649,mp_jul
1,3043.7647,mp_jul
1,3044.0645,mp_jul
1,3044.3643,mp_jul
1,3044.664,mp_jul
1,3044.9638,mp_jul
1,3045.2636,mp_jul
1,3045.5634,mp_jul
1,3045.8632,mp_jul
1,3046.163,mp_jul
1,3046.4628,mp_jul
1,3046.7625,mp_jul
1,3047.0623,mp_jul
1,3047.3621,mp_jul
1,3047.662,mp_jul
1,3047.9617,mp_jul
1,3048.2614,mp_jul
1,3048.5613,mp_jul
1,3048.8611,mp_jul
1,3049.1608,mp_jul
1,3049.4606,mp_jul
1,3049.7604,mp_jul
1,3050.0602,mp_jul
1,3050.36,mp_jul
1,3050.6597,mp_jul
1,3050.9596,mp_jul
1,3051.2593,mp_jul
1,3051.5591,mp_jul
1,3051.8589,mp_jul
1,3052.1587,mp_jul
1,3052.4585,mp_jul
1,3052.7583,mp_jul
1,3053.058,mp_jul
1,3053.3578,mp_jul
1,3053.6576,mp_jul
1,3053.9574,mp_jul
1,3054.2572,mp_jul
1,3054.557,mp_jul
1,3054.8568,mp_jul
1,3055.1566,mp_jul
1,3055.4563,mp_jul
1,3055.7561,mp_jul
1,3056.0559,mp_jul
1,3056.3557,mp_jul
1,3056.6554,mp_jul
1,3056.9553,mp_jul
1,3057.2551,mp_jul
1,3057.5549,mp_jul
1,3057.8547,mp_jul
1,3058.1544,mp_jul
1,3058.4542,mp_jul
1,3058.754,mp_jul
1,3059.0538,mp_jul
1,3059.3535,mp_jul
1,3059.6533,mp_jul
1,3059.9532,mp_jul
1,3060.2529,mp_jul
1,3060.5527,mp_jul
1,3060.8525,mp_jul
1,3061.1523,mp_jul
1,3061.4521,mp_jul
1,3061.7519,mp_jul
1,3062.0516,mp_jul
1,3062.3515,mp_jul
1,3062.6513,mp_jul
1,3062.951,mp_jul
1,3063.2509,mp_jul
1,3063.5506,mp_jul
1,3063.8503,mp_jul
1,3064.1501,mp_jul
1,3064.45,mp_jul
1,3064.7498,mp_jul
1,3065.0495,mp_jul
1,3065.3493,mp_jul
1,3065.6491,mp_jul
1,3065.9489,mp_jul
1,3066.2487,mp_jul
1,3066.5484,mp_jul
1,3066.8482,mp_jul
1,3067.148,mp_jul
1,3067.4479,mp_jul
1,3067.7476,mp_jul
1,3068.0474,mp_jul
1,3068.3472,mp_jul
1,3068.647,mp_jul
1,3068.9467,mp_jul
1,3069.2466,mp_jul
1,3069.5463,mp_jul
1,3069.8461,mp_jul
1,3070.1459,mp_jul
1,3070.4456,mp_jul
1,3070.7455,mp_jul
1,3071.0453,mp_jul
1,3071.3451,mp_jul
1,3071.6449,mp_jul
1,3071.9446,mp_jul
1,3072.2445,mp_jul
1,3072.5443,mp_jul
1,3072.844,mp_jul
1,3073.1438,mp_jul
1,3073.4436,mp_jul
1,3073.7434,mp_jul
1,3074.0432,mp_jul
1,3074.3429,mp_jul
1,3074.6428,mp_jul
1,3074.9425,mp_jul
1,3075.2423,mp_jul
1,3075.5421,mp_jul
1,3075.8419,mp_jul
1,3076.1417,mp_jul
1,3076.4415,mp_jul
1,3076.7413,mp_jul
1,3077.0411,mp_jul
1,3077.3408,mp_jul
1,3077.6406,mp_jul
1,3077.9404,mp_jul
1,3078.2402,mp_jul
1,3078.54,mp_jul
1,3078.8397,mp_jul
1,3079.1395,mp_jul
1,3079.4393,mp_jul
1,3079.7391,mp_jul
1,3080.0389,mp_jul
1,3080.3387,mp_jul
1,3080.6385,mp_jul
1,3080.9382,mp_jul
1,3081.2381,mp_jul
1,3081.5378,mp_jul
1,3081.8376,mp_jul
1,3082.1373,mp_jul
1,3082.4372,mp_jul
1,3082.7369,mp_jul
1,3083.0367,mp_jul
1,3083.3364,mp_jul
1,3083.6363,mp_jul
1,3083.9362,mp_jul
1,3084.2358,mp_jul
1,3084.5357,mp_jul
1,3084.8355,mp_jul
1,3085.1353,mp_jul
1,3085.435,mp_jul
1,3085.7348,mp_jul
1,3086.0346,mp_jul
1,3086.3343,mp_jul
1,3086.6342,mp_jul
1,3086.934,mp_jul
1,3087.2338,mp_jul
1,3087.5335,mp_jul
1,3087.8333,mp_jul
1,3088.1331,mp_jul
1,3088.4329,mp_jul
1,3088.7326,mp_jul
1,3089.0324,mp_jul
1,3089.3322,mp_jul
1,3089.632,mp_jul
1,3089.9318,mp_jul
1,3090.2316,mp_jul
1,3090.5314,mp_jul
1,3090.8312,mp_jul
1,3091.131,mp_jul
1,3091.4307,mp_jul
1,3091.7306,mp_jul
1,3092.0303,mp_jul
1,3092.3301,mp_jul
1,3092.6299,mp_jul
1,3092.9297,mp_jul
1,3093.2295,mp_jul
1,3093.5293,mp_jul
1,3093.8291,mp_jul
1,3094.1288,mp_jul
1,3094.4286,mp_jul
1,3094.7284,mp_jul
1,3095.0282,mp_jul
1,3095.3279,mp_jul
1,3095.6277,mp_jul
1,3095.9275,mp_jul
1,3096.2273,mp_jul
1,3096.5271,mp_jul
1,3096.8268,mp_jul
1,3097.1267,mp_jul
1,3097.4265,mp_jul
1,3097.7263,mp_jul
1,3098.026,mp_jul
1,3098.3258,mp_jul
1,3098.6256,mp_jul
1,3098.9254,mp_jul
1,3099.2251,mp_jul
1,3099.525,mp_jul
1,3099.8248,mp_jul
1,3100.1245,mp_jul
1,3100.4243,mp_jul
1,3100.7241,mp_jul
1,3101.0239,mp_jul
1,3101.3237,mp_jul
1,3101.6235,mp_jul
1,3101.9233,mp_jul
1,3102.223,mp_jul
1,3102.5228,mp_jul
1,3102.827,mp_jul
1,3103.1268,mp_jul
1,3103.4266,mp_jul
1,3103.7264,mp_jul
1,3104.0261,mp_jul
1,3104.3259,mp_jul
1,3104.6257,mp_jul
1,3104.9255,mp_jul
1,3105.2253,mp_jul
1,3105.5251,mp_jul
1,3105.8249,mp_jul
1,3106.1246,mp_jul
1,3106.4244,mp_jul
1,3106.7242,mp_jul
1,3107.024,mp_jul
1,3107.3237,mp_jul
1,3107.6236,mp_jul
1,3107.9234,mp_jul
1,3108.2232,mp_jul
1,3108.523,mp_jul
1,3108.8228,mp_jul
1,3109.1225,mp_jul
1,3109.4223,mp_jul
1,3109.7221,mp_jul
1,3110.0219,mp_jul
1,3110.3217,mp_jul
1,3110.6215,mp_jul
1,3110.9212,mp_jul
1,3111.2211,mp_jul
1,3111.5208,mp_jul
1,3111.8206,mp_jul
1,3112.1204,mp_jul
1,3112.4202,mp_jul
1,3112.7199,mp_jul
1,3113.0198,mp_jul
1,3113.3196,mp_jul
1,3113.6193,mp_jul
1,3113.9191,mp_jul
1,3114.2189,mp_jul
1,3114.5187,mp_jul
1,3114.8184,mp_jul
1,3115.1183,mp_jul
1,3115.418,mp_jul
1,3115.7178,mp_jul
1,3116.0176,mp_jul
1,3116.3174,mp_jul
1,3116.6172,mp_jul
1,3116.917,mp_jul
1,3117.2167,mp_jul
1,3117.5166,mp_jul
1,3117.8164,mp_jul
1,3118.1161,mp_jul
1,3118.4159,mp_jul
1,3118.7157,mp_jul
1,3119.0155,mp_jul
1,3119.3153,mp_jul
1,3119.6151,mp_jul
1,3119.9148,mp_jul
1,3120.2147,mp_jul
1,3120.5844,mp_jul
1,3120.8841,mp_jul
1,3121.1839,mp_jul
1,3121.4837,mp_jul
1,3121.7836,mp_jul
1,3122.0833,mp_jul
1,3122.3831,mp_jul
1,3122.6829,mp_jul
1,3122.9827,mp_jul
1,3123.2825,mp_jul
1,3123.5822,mp_jul
1,3123.8821,mp_jul
1,3124.1819,mp_jul
1,3124.4816,mp_jul
1,3124.7871,mp_jul
1,3125.0869,mp_jul
1,3125.3867,mp_jul
1,3125.6864,mp_jul
1,3125.9862,mp_jul
1,3126.286,mp_jul
1,3126.5859,mp_jul
1,3126.8856,mp_jul
1,3127.1854,mp_jul
1,3127.4851,mp_jul
1,3127.7849,mp_jul
1,3128.0848,mp_jul
1,3128.3846,mp_jul
1,3128.6843,mp_jul
1,3128.9841,mp_jul
1,3129.2839,mp_jul
1,3129.5836,mp_jul
1,3129.8834,mp_jul
1,3130.1833,mp_jul
1,3130.483,mp_jul
1,3130.7828,mp_jul
1,3131.0827,mp_jul
1,3131.3824,mp_jul
1,3131.6822,mp_jul
1,3131.982,mp_jul
1,3132.2818,mp_jul
1,3132.5816,mp_jul
1,3132.8813,mp_jul
1,3133.1811,mp_jul
1,3133.4809,mp_jul
1,3133.7807,mp_jul
1,3134.0804,mp_jul
1,3134.3802,mp_jul
1,3134.68,mp_jul
1,3134.9798,mp_jul
1,3135.2796,mp_jul
1,3135.5794,mp_jul
1,3135.8792,mp_jul
1,3136.1789,mp_jul
1,3136.4788,mp_jul
1,3136.7786,mp_jul
1,3137.0783,mp_jul
1,3137.3782,mp_jul
1,3137.678,mp_jul
1,3137.9777,mp_jul
1,3138.2775,mp_jul
1,3138.5773,mp_jul
1,3138.877,mp_jul
1,3139.1769,mp_jul
1,3139.4766,mp_jul
1,3139.7764,mp_jul
1,3140.0762,mp_jul
1,3140.376,mp_jul
1,3140.6757,mp_jul
1,3140.9756,mp_jul
1,3141.2846,mp_jul
1,3141.5844,mp_jul
1,3141.8842,mp_jul
1,3142.184,mp_jul
1,3142.4838,mp_jul
1,3142.7836,mp_jul
1,3143.0833,mp_jul
1,3143.3832,mp_jul
1,3143.683,mp_jul
1,3143.9827,mp_jul
1,3144.2826,mp_jul
1,3144.5823,mp_jul
1,3144.8821,mp_jul
1,3145.1819,mp_jul
1,3145.4817,mp_jul
1,3145.7815,mp_jul
1,3146.0812,mp_jul
1,3146.381,mp_jul
1,3146.6808,mp_jul
1,3146.9806,mp_jul
1,3147.2804,mp_jul
1,3147.5802,mp_jul
1,3147.88,mp_jul
1,3148.1797,mp_jul
1,3148.4795,mp_jul
1,3148.7793,mp_jul
1,3149.0791,mp_jul
1,3149.3788,mp_jul
1,3149.6787,mp_jul
1,3149.9784,mp_jul
1,3150.2782,mp_jul
1,3150.578,mp_jul
1,3150.8778,mp_jul
1,3151.1776,mp_jul
1,3151.4773,mp_jul
1,3151.7771,mp_jul
1,3152.077,mp_jul
1,3152.3767,mp_jul
1,3152.6765,mp_jul
1,3152.9763,mp_jul
1,3153.2761,mp_jul
1,3153.5758,mp_jul
1,3153.8757,mp_jul
1,3154.1754,mp_jul
1,3154.4752,mp_jul
1,3154.775,mp_jul
1,3155.0748,mp_jul
1,3155.3746,mp_jul
1,3155.6744,mp_jul
1,3155.9742,mp_jul
1,3156.274,mp_jul
1,3156.5738,mp_jul
1,3156.8735,mp_jul
1,3157.1733,mp_jul
1,3157.4732,mp_jul
1,3157.7729,mp_jul
1,3158.0727,mp_jul
1,3158.3725,mp_jul
1,3158.6723,mp_jul
1,3158.9721,mp_jul
1,3159.2824,mp_jul
1,3159.6066,mp_jul
1,3159.9064,mp_jul
1,3160.2062,mp_jul
1,3160.506,mp_jul
1,3160.8057,mp_jul
1,3161.1055,mp_jul
1,3161.4053,mp_jul
1,3161.7051,mp_jul
1,3162.0049,mp_jul
1,3162.3046,mp_jul
1,3162.6045,mp_jul
1,3162.9043,mp_jul
1,3163.204,mp_jul
1,3163.5038,mp_jul
1,3163.8036,mp_jul
1,3164.1033,mp_jul
1,3164.4032,mp_jul
1,3164.7029,mp_jul
1,3165.0028,mp_jul
1,3165.3025,mp_jul
1,3165.6023,mp_jul
1,3165.9021,mp_jul
1,3166.2019,mp_jul
1,3166.5016,mp_jul
1,3166.8014,mp_jul
1,3167.1013,mp_jul
1,3167.401,mp_jul
1,3167.7008,mp_jul
1,3168.0006,mp_jul
1,3168.3004,mp_jul
1,3168.6002,mp_jul
1,3168.9,mp_jul
1,3169.1997,mp_jul
1,3169.4995,mp_jul
1,3169.7993,mp_jul
1,3170.0991,mp_jul
1,3170.3989,mp_jul
1,3170.6987,mp_jul
1,3170.9984,mp_jul
1,3171.2983,mp_jul
1,3171.598,mp_jul
1,3171.8979,mp_jul
1,3172.1976,mp_jul
1,3172.4973,mp_jul
1,3172.7971,mp_jul
1,3173.097,mp_jul
1,3173.3968,mp_jul
1,3173.6965,mp_jul
1,3173.9963,mp_jul
1,3174.2961,mp_jul
1,3174.5959,mp_jul
1,3174.8956,mp_jul
1,3175.1955,mp_jul
1,3175.4953,mp_jul
1,3175.7951,mp_jul
1,3176.0948,mp_jul
1,3176.3946,mp_jul
1,3176.6944,mp_jul
1,3176.9942,mp_jul
1,3177.294,mp_jul
1,3177.5938,mp_jul
1,3177.8936,mp_jul
1,3178.1933,mp_jul
1,3178.4931,mp_jul
1,3178.7929,mp_jul
1,3179.0927,mp_jul
1,3179.3925,mp_jul
1,3179.6923,mp_jul
1,3179.9921,mp_jul
1,3180.2918,mp_jul
1,3180.5916,mp_jul
1,3180.8914,mp_jul
1,3181.1912,mp_jul
1,3181.491,mp_jul
1,3181.7908,mp_jul
1,3182.0906,mp_jul
1,3182.3904,mp_jul
1,3182.6902,mp_jul
1,3182.9899,mp_jul
1,3183.2897,mp_jul
1,3183.5895,mp_jul
1,3183.8893,mp_jul
1,3184.1891,mp_jul
1,3184.4889,mp_jul
1,3184.7886,mp_jul
1,3185.0884,mp_jul
1,3185.3882,mp_jul
1,3185.688,mp_jul
1,3185.9878,mp_jul
1,3186.2876,mp_jul
1,3186.5874,mp_jul
1,3186.8872,mp_jul
1,3187.187,mp_jul
1,3187.4868,mp_jul
1,3187.7866,mp_jul
1,3188.0863,mp_jul
1,3188.3861,mp_jul
1,3188.686,mp_jul
1,3188.9857,mp_jul
1,3189.2855,mp_jul
1,3189.5853,mp_jul
1,3189.8851,mp_jul
1,3190.1848,mp_jul
1,3190.4846,mp_jul
1,3190.7844,mp_jul
1,3191.0843,mp_jul
1,3191.384,mp_jul
1,3191.6838,mp_jul
1,3191.9835,mp_jul
1,3192.2834,mp_jul
1,3192.5831,mp_jul
1,3192.8829,mp_jul
1,3193.1827,mp_jul
1,3193.4825,mp_jul
1,3193.7823,mp_jul
1,3194.0821,mp_jul
1,3194.3818,mp_jul
1,3194.6816,mp_jul
1,3194.9814,mp_jul
1,3195.2812,mp_jul
1,3195.5811,mp_jul
1,3195.8808,mp_jul
1,3196.1806,mp_jul
1,3196.4804,mp_jul
1,3196.7802,mp_jul
1,3197.08,mp_jul
1,3197.3797,mp_jul
1,3197.6795,mp_jul
1,3197.9793,mp_jul
1,3198.2791,mp_jul
1,3198.5789,mp_jul
1,3198.8787,mp_jul
1,3199.1785,mp_jul
1,3199.4783,mp_jul
1,3199.778,mp_jul
1,3200.0779,mp_jul
1,3200.3776,mp_jul
1,3200.6774,mp_jul
1,3200.9772,mp_jul
1,3201.277,mp_jul
1,3201.5768,mp_jul
1,3201.8765,mp_jul
1,3202.1763,mp_jul
1,3202.4761,mp_jul
1,3202.7759,mp_jul
1,3203.0757,mp_jul
1,3203.3755,mp_jul
1,3203.6753,mp_jul
1,3203.975,mp_jul
1,3204.2748,mp_jul
1,3204.5746,mp_jul
1,3204.8744,mp_jul
1,3205.1742,mp_jul
1,3205.474,mp_jul
1,3205.7738,mp_jul
1,3206.0736,mp_jul
1,3206.3734,mp_jul
1,3206.6731,mp_jul
1,3206.973,mp_jul
1,3207.2727,mp_jul
1,3207.5725,mp_jul
1,3207.8723,mp_jul
1,3208.1721,mp_jul
1,3208.4719,mp_jul
1,3208.7717,mp_jul
1,3209.0715,mp_jul
1,3209.3712,mp_jul
1,3209.671,mp_jul
1,3209.9708,mp_jul
1,3210.2707,mp_jul
1,3210.5704,mp_jul
1,3210.8702,mp_jul
1,3211.17,mp_jul
1,3211.4698,mp_jul
1,3211.7695,mp_jul
1,3212.0693,mp_jul
1,3212.3692,mp_jul
1,3212.6689,mp_jul
1,3212.9687,mp_jul
1,3213.2685,mp_jul
1,3213.5683,mp_jul
1,3213.8681,mp_jul
1,3214.1679,mp_jul
1,3214.4676,mp_jul
1,3214.7675,mp_jul
1,3215.0672,mp_jul
1,3215.367,mp_jul
1,3215.6669,mp_jul
1,3215.9666,mp_jul
1,3216.2664,mp_jul
1,3216.5662,mp_jul
1,3216.866,mp_jul
1,3217.1658,mp_jul
1,3217.4656,mp_jul
1,3217.7654,mp_jul
1,3218.0652,mp_jul
1,3218.3649,mp_jul
1,3218.6647,mp_jul
1,3218.9645,mp_jul
1,3219.2693,mp_jul
1,3219.5691,mp_jul
1,3219.8689,mp_jul
1,3220.1687,mp_jul
1,3220.4684,mp_jul
1,3220.7683,mp_jul
1,3221.068,mp_jul
1,3221.3678,mp_jul
1,3221.6676,mp_jul
1,3221.9674,mp_jul
1,3222.2671,mp_jul
1,3222.5669,mp_jul
1,3222.8668,mp_jul
1,3223.1665,mp_jul
1,3223.4663,mp_jul
1,3223.7661,mp_jul
1,3224.0659,mp_jul
1,3224.3657,mp_jul
1,3224.6654,mp_jul
1,3224.9653,mp_jul
1,3225.2651,mp_jul
1,3225.5648,mp_jul
1,3225.8646,mp_jul
1,3226.1644,mp_jul
1,3226.4642,mp_jul
1,3226.764,mp_jul
1,3227.0638,mp_jul
1,3227.3635,mp_jul
1,3227.6633,mp_jul
1,3227.9682,mp_jul
1,3228.2679,mp_jul
1,3228.5677,mp_jul
1,3228.8675,mp_jul
1,3229.1673,mp_jul
1,3229.467,mp_jul
1,3229.7669,mp_jul
1,3230.0666,mp_jul
1,3230.3664,mp_jul
1,3230.6662,mp_jul
1,3230.966,mp_jul
1,3231.2658,mp_jul
1,3231.5656,mp_jul
1,3231.8654,mp_jul
1,3232.1651,mp_jul
1,3232.465,mp_jul
1,3232.7647,mp_jul
1,3233.0645,mp_jul
1,3233.3643,mp_jul
1,3233.6641,mp_jul
1,3233.9639,mp_jul
1,3234.2636,mp_jul
1,3234.5634,mp_jul
1,3234.8632,mp_jul
1,3235.163,mp_jul
1,3235.4628,mp_jul
1,3235.7626,mp_jul
1,3236.0624,mp_jul
1,3236.3622,mp_jul
1,3236.662,mp_jul
1,3236.9618,mp_jul
1,3237.2615,mp_jul
1,3237.5613,mp_jul
1,3237.8611,mp_jul
1,3238.1609,mp_jul
1,3238.4607,mp_jul
1,3238.7605,mp_jul
1,3239.0603,mp_jul
1,3239.3601,mp_jul
1,3239.6598,mp_jul
1,3239.9596,mp_jul
1,3240.2594,mp_jul
1,3240.5592,mp_jul
1,3240.859,mp_jul
1,3241.1588,mp_jul
1,3241.4585,mp_jul
1,3241.7583,mp_jul
1,3242.0581,mp_jul
1,3242.3579,mp_jul
1,3242.6577,mp_jul
1,3242.9575,mp_jul
1,3243.2573,mp_jul
1,3243.557,mp_jul
1,3243.8568,mp_jul
1,3244.1566,mp_jul
1,3244.4564,mp_jul
1,3244.7562,mp_jul
1,3245.056,mp_jul
1,3245.3557,mp_jul
1,3245.6556,mp_jul
1,3245.9554,mp_jul
1,3246.2551,mp_jul
1,3246.5549,mp_jul
1,3246.8547,mp_jul
1,3247.1545,mp_jul
1,3247.4543,mp_jul
1,3247.754,mp_jul
1,3248.0539,mp_jul
1,3248.3536,mp_jul
1,3248.6534,mp_jul
1,3248.9532,mp_jul
1,3249.253,mp_jul
1,3249.5528,mp_jul
1,3249.8526,mp_jul
1,3250.1524,mp_jul
1,3250.4522,mp_jul
1,3250.752,mp_jul
1,3251.0517,mp_jul
1,3251.3515,mp_jul
1,3251.6513,mp_jul
1,3251.9511,mp_jul
1,3252.2509,mp_jul
1,3252.5507,mp_jul
1,3252.8563,mp_jul
1,3253.156,mp_jul
1,3253.4559,mp_jul
1,3253.7556,mp_jul
1,3254.0554,mp_jul
1,3254.3551,mp_jul
1,3254.6549,mp_jul
1,3254.9548,mp_jul
1,3255.2546,mp_jul
1,3255.5543,mp_jul
1,3255.8541,mp_jul
1,3256.1539,mp_jul
1,3256.4537,mp_jul
1,3256.7534,mp_jul
1,3257.0533,mp_jul
1,3257.353,mp_jul
1,3257.6528,mp_jul
1,3257.9526,mp_jul
1,3258.2525,mp_jul
1,3258.5522,mp_jul
1,3258.8519,mp_jul
1,3259.1517,mp_jul
1,3259.4515,mp_jul
1,3259.7513,mp_jul
1,3260.0512,mp_jul
1,3260.3509,mp_jul
1,3260.6508,mp_jul
1,3260.9505,mp_jul
1,3261.2503,mp_jul
1,3261.5501,mp_jul
1,3261.8499,mp_jul
1,3262.1497,mp_jul
1,3262.4495,mp_jul
1,3262.7492,mp_jul
1,3263.0491,mp_jul
1,3263.3488,mp_jul
1,3263.6486,mp_jul
1,3263.9484,mp_jul
1,3264.2482,mp_jul
1,3264.5479,mp_jul
1,3264.8477,mp_jul
1,3265.1476,mp_jul
1,3265.4473,mp_jul
1,3265.7471,mp_jul
1,3266.0468,mp_jul
1,3266.3467,mp_jul
1,3266.6465,mp_jul
1,3266.9463,mp_jul
1,3267.2461,mp_jul
1,3267.5459,mp_jul
1,3267.8456,mp_jul
1,3268.1454,mp_jul
1,3268.4452,mp_jul
1,3268.745,mp_jul
1,3269.0447,mp_jul
1,3269.3446,mp_jul
1,3269.6443,mp_jul
1,3269.9441,mp_jul
1,3270.244,mp_jul
1,3270.5437,mp_jul
1,3270.8435,mp_jul
1,3271.1432,mp_jul
1,3271.443,mp_jul
1,3271.7429,mp_jul
1,3272.0427,mp_jul
1,3272.3424,mp_jul
1,3272.6422,mp_jul
1,3272.942,mp_jul
1,3273.2418,mp_jul
1,3273.5416,mp_jul
1,3273.8414,mp_jul
1,3274.1412,mp_jul
1,3274.4409,mp_jul
1,3274.7407,mp_jul
1,3275.0405,mp_jul
1,3275.3403,mp_jul
1,3275.6401,mp_jul
1,3275.9399,mp_jul
1,3276.2396,mp_jul
1,3276.5394,mp_jul
1,3276.8392,mp_jul
1,3277.1532,mp_jul
1,3277.453,mp_jul
1,3277.7528,mp_jul
1,3278.0526,mp_jul
1,3278.3524,mp_jul
1,3278.6521,mp_jul
1,3278.9519,mp_jul
1,3279.2618,mp_jul
1,3279.5615,mp_jul
1,3279.8613,mp_jul
1,3280.1611,mp_jul
1,3280.4609,mp_jul
1,3280.7606,mp_jul
1,3281.0604,mp_jul
1,3281.3603,mp_jul
1,3281.66,mp_jul
1,3281.9598,mp_jul
1,3282.2596,mp_jul
1,3282.5594,mp_jul
1,3282.8641,mp_jul
1,3283.1639,mp_jul
1,3283.4637,mp_jul
1,3283.7636,mp_jul
1,3284.0633,mp_jul
1,3284.3631,mp_jul
1,3284.6629,mp_jul
1,3284.9627,mp_jul
1,3285.2624,mp_jul
1,3285.5622,mp_jul
1,3285.862,mp_jul
1,3286.1618,mp_jul
1,3286.4616,mp_jul
1,3286.7614,mp_jul
1,3287.0612,mp_jul
1,3287.361,mp_jul
1,3287.6607,mp_jul
1,3287.9605,mp_jul
1,3288.2603,mp_jul
1,3288.5601,mp_jul
1,3288.8599,mp_jul
1,3289.1597,mp_jul
1,3289.4595,mp_jul
1,3289.7592,mp_jul
1,3290.0591,mp_jul
1,3290.3588,mp_jul
1,3290.6586,mp_jul
1,3290.9584,mp_jul
1,3291.2582,mp_jul
1,3291.558,mp_jul
1,3291.8578,mp_jul
1,3292.1575,mp_jul
1,3292.4574,mp_jul
1,3292.7571,mp_jul
1,3293.0569,mp_jul
1,3293.3567,mp_jul
1,3293.6565,mp_jul
1,3293.9563,mp_jul
1,3294.2561,mp_jul
1,3294.5708,mp_jul
1,3294.8706,mp_jul
1,3295.1704,mp_jul
1,3295.4702,mp_jul
1,3295.77,mp_jul
1,3296.0698,mp_jul
1,3296.3796,mp_jul
1,3296.6793,mp_jul
1,3296.9791,mp_jul
1,3297.2789,mp_jul
1,3297.5787,mp_jul
1,3297.8785,mp_jul
1,3298.1783,mp_jul
1,3298.478,mp_jul
1,3298.7778,mp_jul
1,3299.0776,mp_jul
1,3299.3774,mp_jul
1,3299.6772,mp_jul
1,3299.977,mp_jul
1,3300.2767,mp_jul
1,3300.5766,mp_jul
1,3300.8764,mp_jul
1,3301.1761,mp_jul
1,3301.4759,mp_jul
1,3301.7757,mp_jul
1,3302.0755,mp_jul
1,3302.3752,mp_jul
1,3302.6751,mp_jul
1,3302.9748,mp_jul
1,3303.2746,mp_jul
1,3303.5744,mp_jul
1,3303.8742,mp_jul
1,3304.174,mp_jul
1,3304.4738,mp_jul
1,3304.7736,mp_jul
1,3305.0733,mp_jul
1,3305.3731,mp_jul
1,3305.6729,mp_jul
1,3305.9726,mp_jul
1,3306.2724,mp_jul
1,3306.5722,mp_jul
1,3306.872,mp_jul
1,3307.1818,mp_jul
1,3307.4816,mp_jul
1,3307.7814,mp_jul
1,3308.0812,mp_jul
1,3308.381,mp_jul
1,3308.6808,mp_jul
1,3308.9805,mp_jul
1,3309.2803,mp_jul
1,3309.5901,mp_jul
1,3309.8899,mp_jul
1,3310.1953,mp_jul
1,3310.4951,mp_jul
1,3310.7949,mp_jul
1,3311.0947,mp_jul
1,3311.3944,mp_jul
1,3311.6942,mp_jul
1,3311.994,mp_jul
1,3312.2981,mp_jul
1,3312.598,mp_jul
1,3312.8977,mp_jul
1,3313.1975,mp_jul
1,3313.4973,mp_jul
1,3313.7971,mp_jul
1,3314.0969,mp_jul
1,3314.3966,mp_jul
1,3314.6964,mp_jul
1,3314.9963,mp_jul
1,3315.296,mp_jul
1,3315.5958,mp_jul
1,3315.8956,mp_jul
1,3316.1954,mp_jul
1,3316.4951,mp_jul
1,3316.7949,mp_jul
1,3317.0947,mp_jul
1,3317.3945,mp_jul
1,3317.6943,mp_jul
1,3317.994,mp_jul
1,3318.2938,mp_jul
1,3318.5936,mp_jul
1,3318.8934,mp_jul
1,3319.1932,mp_jul
1,3319.493,mp_jul
1,3319.7928,mp_jul
1,3320.0925,mp_jul
1,3320.3923,mp_jul
1,3320.6921,mp_jul
1,3320.992,mp_jul
1,3321.2917,mp_jul
1,3321.5915,mp_jul
1,3321.8913,mp_jul
1,3322.1911,mp_jul
1,3322.4908,mp_jul
1,3322.7906,mp_jul
1,3323.0904,mp_jul
1,3323.3902,mp_jul
1,3323.69,mp_jul
1,3323.9898,mp_jul
1,3324.2946,mp_jul
1,3324.5944,mp_jul
1,3324.8941,mp_jul
1,3325.194,mp_jul
1,3325.4937,mp_jul
1,3325.7935,mp_jul
1,3326.0933,mp_jul
1,3326.393,mp_jul
1,3326.6928,mp_jul
1,3326.9926,mp_jul
1,3327.2924,mp_jul
1,3327.5922,mp_jul
1,3327.892,mp_jul
1,3328.1918,mp_jul
1,3328.4916,mp_jul
1,3328.7913,mp_jul
1,3329.0912,mp_jul
1,3329.3909,mp_jul
1,3329.6907,mp_jul
1,3329.9905,mp_jul
1,3330.2903,mp_jul
1,3330.59,mp_jul
1,3330.8899,mp_jul
1,3331.1896,mp_jul
1,3331.4894,mp_jul
1,3331.7892,mp_jul
1,3332.089,mp_jul
1,3332.3888,mp_jul
1,3332.6886,mp_jul
1,3332.9884,mp_jul
1,3333.2881,mp_jul
1,3333.588,mp_jul
1,3333.8877,mp_jul
1,3334.1875,mp_jul
1,3334.4873,mp_jul
1,3334.787,mp_jul
1,3335.0868,mp_jul
1,3335.3867,mp_jul
1,3335.6864,mp_jul
1,3335.9862,mp_jul
1,3336.286,mp_jul
1,3336.5858,mp_jul
1,3336.8856,mp_jul
1,3337.1853,mp_jul
1,3337.4852,mp_jul
1,3337.7849,mp_jul
1,3338.0847,mp_jul
1,3338.3845,mp_jul
1,3338.6843,mp_jul
1,3338.9841,mp_jul
1,3339.2889,mp_jul
1,3339.5887,mp_jul
1,3339.8885,mp_jul
1,3340.1882,mp_jul
1,3340.488,mp_jul
1,3340.7878,mp_jul
1,3341.0876,mp_jul
1,3341.3874,mp_jul
1,3341.6872,mp_jul
1,3341.987,mp_jul
1,3342.2868,mp_jul
1,3342.5865,mp_jul
1,3342.8863,mp_jul
1,3343.1861,mp_jul
1,3343.4859,mp_jul
1,3343.7857,mp_jul
1,3344.0854,mp_jul
1,3344.3852,mp_jul
1,3344.6851,mp_jul
1,3344.9848,mp_jul
1,3345.2846,mp_jul
1,3345.5844,mp_jul
1,3345.8842,mp_jul
1,3346.1839,mp_jul
1,3346.4837,mp_jul
1,3346.7835,mp_jul
1,3347.0834,mp_jul
1,3347.3831,mp_jul
1,3347.6829,mp_jul
1,3347.9827,mp_jul
1,3348.2825,mp_jul
1,3348.5823,mp_jul
1,3348.882,mp_jul
1,3349.1818,mp_jul
1,3349.4816,mp_jul
1,3349.7814,mp_jul
1,3350.0812,mp_jul
1,3350.381,mp_jul
1,3350.6808,mp_jul
1,3350.9805,mp_jul
1,3351.2804,mp_jul
1,3351.5801,mp_jul
1,3351.8799,mp_jul
1,3352.1797,mp_jul
1,3352.4795,mp_jul
1,3352.7793,mp_jul
1,3353.0791,mp_jul
1,3353.3789,mp_jul
1,3353.6787,mp_jul
1,3353.9784,mp_jul
1,3354.2782,mp_jul
1,3354.578,mp_jul
1,3354.8778,mp_jul
1,3355.1776,mp_jul
1,3355.4774,mp_jul
1,3355.7772,mp_jul
1,3356.0769,mp_jul
1,3356.3767,mp_jul
1,3356.6766,mp_jul
1,3356.9763,mp_jul
1,3357.2761,mp_jul
1,3357.5759,mp_jul
1,3357.8757,mp_jul
1,3358.1754,mp_jul
1,3358.4752,mp_jul
1,3358.775,mp_jul
1,3359.0748,mp_jul
1,3359.3746,mp_jul
1,3359.6744,mp_jul
1,3359.9742,mp_jul
1,3360.274,mp_jul
1,3360.5738,mp_jul
1,3360.8735,mp_jul
1,3361.1734,mp_jul
1,3361.4732,mp_jul
1,3361.7729,mp_jul
1,3362.0727,mp_jul
1,3362.3725,mp_jul
1,3362.6723,mp_jul
1,3362.972,mp_jul
1,3363.2718,mp_jul
1,3363.5716,mp_jul
1,3363.8714,mp_jul
1,3364.1712,mp_jul
1,3364.471,mp_jul
1,3364.7708,mp_jul
1,3365.0706,mp_jul
1,3365.3704,mp_jul
1,3365.6701,mp_jul
1,3365.9699,mp_jul
1,3366.2697,mp_jul
1,3366.5695,mp_jul
1,3366.8693,mp_jul
1,3367.1691,mp_jul
1,3367.4689,mp_jul
1,3367.7686,mp_jul
1,3368.0684,mp_jul
1,3368.3683,mp_jul
1,3368.668,mp_jul
1,3368.9678,mp_jul
1,3369.2676,mp_jul
1,3369.5674,mp_jul
1,3369.8672,mp_jul
1,3370.1669,mp_jul
1,3370.4668,mp_jul
1,3370.7666,mp_jul
1,3371.0663,mp_jul
1,3371.3661,mp_jul
1,3371.666,mp_jul
1,3371.9657,mp_jul
1,3372.2655,mp_jul
1,3372.5652,mp_jul
1,3372.8708,mp_jul
1,3373.1707,mp_jul
1,3373.4705,mp_jul
1,3373.7702,mp_jul
1,3374.07,mp_jul
1,3374.3698,mp_jul
1,3374.6696,mp_jul
1,3374.9694,mp_jul
1,3375.2692,mp_jul
1,3375.569,mp_jul
1,3375.8688,mp_jul
1,3376.1686,mp_jul
1,3376.4683,mp_jul
1,3376.7681,mp_jul
1,3377.0679,mp_jul
1,3377.3677,mp_jul
1,3377.6675,mp_jul
1,3377.9673,mp_jul
1,3378.2671,mp_jul
1,3378.5668,mp_jul
1,3378.8666,mp_jul
1,3379.1664,mp_jul
1,3379.4662,mp_jul
1,3379.766,mp_jul
1,3380.0658,mp_jul
1,3380.3656,mp_jul
1,3380.6653,mp_jul
1,3380.9651,mp_jul
1,3381.265,mp_jul
1,3381.5739,mp_jul
1,3381.8987,mp_jul
1,3382.1985,mp_jul
1,3382.5333,mp_jul
1,3382.833,mp_jul
1,3383.1328,mp_jul
1,3383.4326,mp_jul
1,3383.7324,mp_jul
1,3384.0323,mp_jul
1,3384.332,mp_jul
1,3384.6318,mp_jul
1,3384.9316,mp_jul
1,3385.2364,mp_jul
1,3385.5362,mp_jul
1,3385.8459,mp_jul
1,3386.1457,mp_jul
1,3386.4455,mp_jul
1,3386.7503,mp_jul
1,3387.05,mp_jul
1,3387.3499,mp_jul
1,3387.6496,mp_jul
1,3387.9494,mp_jul
1,3388.2492,mp_jul
1,3388.549,mp_jul
1,3388.8488,mp_jul
1,3389.1486,mp_jul
1,3389.4484,mp_jul
1,3389.7482,mp_jul
1,3390.048,mp_jul
1,3390.3477,mp_jul
1,3390.6475,mp_jul
1,3390.9474,mp_jul
1,3391.2471,mp_jul
1,3391.5469,mp_jul
1,3391.8467,mp_jul
1,3392.1465,mp_jul
1,3392.4462,mp_jul
1,3392.746,mp_jul
1,3393.0459,mp_jul
1,3393.3456,mp_jul
1,3393.6454,mp_jul
1,3393.9452,mp_jul
1,3394.2451,mp_jul
1,3394.5448,mp_jul
1,3394.8446,mp_jul
1,3395.1444,mp_jul
1,3395.4441,mp_jul
1,3395.7439,mp_jul
1,3396.0437,mp_jul
1,3396.3435,mp_jul
1,3396.6433,mp_jul
1,3396.9431,mp_jul
1,3397.2429,mp_jul
1,3397.5427,mp_jul
1,3397.8425,mp_jul
1,3398.1422,mp_jul
1,3398.4421,mp_jul
1,3398.7418,mp_jul
1,3399.0466,mp_jul
1,3399.3464,mp_jul
1,3399.6462,mp_jul
1,3399.946,mp_jul
1,3400.2458,mp_jul
1,3400.5455,mp_jul
1,3400.8453,mp_jul
1,3401.1451,mp_jul
1,3401.445,mp_jul
1,3401.7447,mp_jul
1,3402.0444,mp_jul
1,3402.3443,mp_jul
1,3402.6441,mp_jul
1,3402.9438,mp_jul
1,3403.2436,mp_jul
1,3403.5434,mp_jul
1,3403.8432,mp_jul
1,3404.143,mp_jul
1,3404.4428,mp_jul
1,3404.7426,mp_jul
1,3405.0424,mp_jul
1,3405.3421,mp_jul
1,3405.6419,mp_jul
1,3405.9417,mp_jul
1,3406.2415,mp_jul
1,3406.5413,mp_jul
1,3406.8411,mp_jul
1,3407.1409,mp_jul
1,3407.4407,mp_jul
1,3407.7404,mp_jul
1,3408.0402,mp_jul
1,3408.3401,mp_jul
1,3408.6398,mp_jul
1,3408.9396,mp_jul
1,3409.2394,mp_jul
1,3409.5392,mp_jul
1,3409.839,mp_jul
1,3410.1388,mp_jul
1,3410.4385,mp_jul
1,3410.7383,mp_jul
1,3411.0381,mp_jul
1,3411.3379,mp_jul
1,3411.6377,mp_jul
1,3411.9375,mp_jul
1,3412.2373,mp_jul
1,3412.5371,mp_jul
1,3412.8369,mp_jul
1,3413.1366,mp_jul
1,3413.4364,mp_jul
1,3413.7362,mp_jul
1,3414.036,mp_jul
1,3414.3358,mp_jul
1,3414.6356,mp_jul
1,3414.9354,mp_jul
1,3415.2351,mp_jul
1,3415.535,mp_jul
1,3415.8347,mp_jul
1,3416.1345,mp_jul
1,3416.4343,mp_jul
1,3416.7341,mp_jul
1,3417.0339,mp_jul
1,3417.3337,mp_jul
1,3417.6335,mp_jul
1,3417.9333,mp_jul
1,3418.233,mp_jul
1,3418.5328,mp_jul
1,3418.8326,mp_jul
1,3419.1324,mp_jul
1,3419.4322,mp_jul
1,3419.732,mp_jul
1,3420.0317,mp_jul
1,3420.3315,mp_jul
1,3420.6314,mp_jul
1,3420.9311,mp_jul
1,3421.2309,mp_jul
1,3421.5307,mp_jul
1,3421.8305,mp_jul
1,3422.1303,mp_jul
1,3422.43,mp_jul
1,3422.7299,mp_jul
1,3423.0296,mp_jul
1,3423.3294,mp_jul
1,3423.6642,mp_jul
1,3423.964,mp_jul
1,3424.2637,mp_jul
1,3424.5636,mp_jul
1,3424.8633,mp_jul
1,3425.1631,mp_jul
1,3425.4629,mp_jul
1,3425.7627,mp_jul
1,3426.0625,mp_jul
1,3426.3622,mp_jul
1,3426.662,mp_jul
1,3426.9619,mp_jul
1,3427.2616,mp_jul
1,3427.5615,mp_jul
1,3427.8612,mp_jul
1,3428.161,mp_jul
1,3428.4608,mp_jul
1,3428.7606,mp_jul
1,3429.0604,mp_jul
1,3429.3602,mp_jul
1,3429.66,mp_jul
1,3429.9597,mp_jul
1,3430.2596,mp_jul
1,3430.5593,mp_jul
1,3430.8591,mp_jul
1,3431.1589,mp_jul
1,3431.4587,mp_jul
1,3431.7585,mp_jul
1,3432.0582,mp_jul
1,3432.3581,mp_jul
1,3432.6579,mp_jul
1,3432.9576,mp_jul
1,3433.2574,mp_jul
1,3433.5572,mp_jul
1,3433.8571,mp_jul
1,3434.1568,mp_jul
1,3434.4565,mp_jul
1,3434.7563,mp_jul
1,3435.0561,mp_jul
1,3435.3559,mp_jul
1,3435.6557,mp_jul
1,3435.9555,mp_jul
1,3436.2553,mp_jul
1,3436.5551,mp_jul
1,3436.8549,mp_jul
1,3437.1546,mp_jul
1,3437.4545,mp_jul
1,3437.7542,mp_jul
1,3438.054,mp_jul
1,3438.3538,mp_jul
1,3438.6536,mp_jul
1,3438.9534,mp_jul
1,3439.2532,mp_jul
1,3439.553,mp_jul
1,3439.8527,mp_jul
1,3440.1526,mp_jul
1,3440.4523,mp_jul
1,3440.7521,mp_jul
1,3441.0519,mp_jul
1,3441.3517,mp_jul
1,3441.6515,mp_jul
1,3441.9513,mp_jul
1,3442.2511,mp_jul
1,3442.5509,mp_jul
1,3442.8506,mp_jul
1,3443.1504,mp_jul
1,3443.4502,mp_jul
1,3443.75,mp_jul
1,3444.0498,mp_jul
1,3444.3496,mp_jul
1,3444.6493,mp_jul
1,3444.9491,mp_jul
1,3445.249,mp_jul
1,3445.5487,mp_jul
1,3445.8485,mp_jul
1,3446.1483,mp_jul
1,3446.4481,mp_jul
1,3446.7479,mp_jul
1,3447.0476,mp_jul
1,3447.3475,mp_jul
1,3447.6472,mp_jul
1,3447.947,mp_jul
1,3448.2468,mp_jul
1,3448.5466,mp_jul
1,3448.8464,mp_jul
1,3449.1462,mp_jul
1,3449.446,mp_jul
1,3449.7457,mp_jul
1,3450.0455,mp_jul
1,3450.3454,mp_jul
1,3450.6451,mp_jul
1,3450.9449,mp_jul
1,3451.2447,mp_jul
1,3451.5445,mp_jul
1,3451.8442,mp_jul
1,3452.144,mp_jul
1,3452.4438,mp_jul
1,3452.7436,mp_jul
1,3453.0434,mp_jul
1,3453.3432,mp_jul
1,3453.643,mp_jul
1,3453.9428,mp_jul
1,3454.2425,mp_jul
1,3454.5423,mp_jul
1,3454.8421,mp_jul
1,3455.1419,mp_jul
1,3455.4417,mp_jul
1,3455.7415,mp_jul
1,3456.0412,mp_jul
1,3456.341,mp_jul
1,3456.6408,mp_jul
1,3456.9407,mp_jul
1,3457.2404,mp_jul
1,3457.5552,mp_jul
1,3457.855,mp_jul
1,3458.1548,mp_jul
1,3458.4545,mp_jul
1,3458.7543,mp_jul
1,3459.0541,mp_jul
1,3459.3589,mp_jul
1,3459.6587,mp_jul
1,3459.9585,mp_jul
1,3460.2583,mp_jul
1,3460.558,mp_jul
1,3460.8579,mp_jul
1,3461.1577,mp_jul
1,3461.4574,mp_jul
1,3461.7572,mp_jul
1,3462.057,mp_jul
1,3462.3568,mp_jul
1,3462.6615,mp_jul
1,3462.967,mp_jul
1,3463.2668,mp_jul
1,3463.5666,mp_jul
1,3463.8664,mp_jul
1,3464.1661,mp_jul
1,3464.4659,mp_jul
1,3464.7657,mp_jul
1,3465.0654,mp_jul
1,3465.3652,mp_jul
1,3465.665,mp_jul
1,3465.9649,mp_jul
1,3466.2647,mp_jul
1,3466.5644,mp_jul
1,3466.8642,mp_jul
1,3467.164,mp_jul
1,3467.4639,mp_jul
1,3467.7636,mp_jul
1,3468.0635,mp_jul
1,3468.3632,mp_jul
1,3468.6629,mp_jul
1,3468.9628,mp_jul
1,3469.2625,mp_jul
1,3469.5624,mp_jul
1,3469.8621,mp_jul
1,3470.1619,mp_jul
1,3470.4617,mp_jul
1,3470.7615,mp_jul
1,3471.0613,mp_jul
1,3471.361,mp_jul
1,3471.6609,mp_jul
1,3471.9606,mp_jul
1,3472.2604,mp_jul
1,3472.5602,mp_jul
1,3472.8599,mp_jul
1,3473.1597,mp_jul
1,3473.4595,mp_jul
1,3473.7593,mp_jul
1,3474.0591,mp_jul
1,3474.3588,mp_jul
1,3474.703,mp_jul
1,3475.0677,mp_jul
1,3475.4124,mp_jul
1,3475.8722,mp_jul
1,3476.3018,mp_jul
1,3476.6516,mp_jul
1,3477.2262,mp_jul
1,3477.526,mp_jul
1,3477.8258,mp_jul
1,3478.1255,mp_jul
1,3478.4254,mp_jul
1,3478.7252,mp_jul
1,3479.0249,mp_jul
1,3479.3247,mp_jul
1,3479.6245,mp_jul
1,3479.9243,mp_jul
1,3480.2241,mp_jul
1,3480.5238,mp_jul
1,3480.8237,mp_jul
1,3481.1234,mp_jul
1,3481.4232,mp_jul
1,3481.723,mp_jul
1,3482.0228,mp_jul
1,3482.3226,mp_jul
1,3482.6223,mp_jul
1,3482.9222,mp_jul
1,3483.2219,mp_jul
1,3483.5217,mp_jul
1,3483.8215,mp_jul
1,3484.1213,mp_jul
1,3484.4211,mp_jul
1,3484.7208,mp_jul
1,3485.0207,mp_jul
1,3485.3205,mp_jul
1,3485.6203,mp_jul
1,3485.9201,mp_jul
1,3486.2198,mp_jul
1,3486.5196,mp_jul
1,3486.8194,mp_jul
1,3487.1192,mp_jul
1,3487.419,mp_jul
1,3487.7188,mp_jul
1,3488.0185,mp_jul
1,3488.3184,mp_jul
1,3488.6181,mp_jul
1,3488.9179,mp_jul
1,3489.2177,mp_jul
1,3489.5175,mp_jul
1,3489.8173,mp_jul
1,3490.1171,mp_jul
1,3490.4169,mp_jul
1,3490.7167,mp_jul
1,3491.0164,mp_jul
1,3491.3163,mp_jul
1,3491.616,mp_jul
1,3491.9158,mp_jul
1,3492.2156,mp_jul
1,3492.5153,mp_jul
1,3492.8152,mp_jul
1,3493.1149,mp_jul
1,3493.4147,mp_jul
1,3493.7146,mp_jul
1,3494.0142,mp_jul
1,3494.3141,mp_jul
1,3494.6139,mp_jul
1,3494.9137,mp_jul
1,3495.2135,mp_jul
1,3495.5132,mp_jul
1,3495.8131,mp_jul
1,3496.1128,mp_jul
1,3496.4125,mp_jul
1,3496.7124,mp_jul
1,3497.0121,mp_jul
1,3497.312,mp_jul
1,3497.6117,mp_jul
1,3497.9116,mp_jul
1,3498.2114,mp_jul
1,3498.5111,mp_jul
1,3498.8109,mp_jul
1,3499.1107,mp_jul
1,3499.4105,mp_jul
1,3499.7102,mp_jul
1,3500.01,mp_jul
1,3500.3098,mp_jul
1,3500.6096,mp_jul
1,3500.9094,mp_jul
1,3501.2092,mp_jul
1,3501.5089,mp_jul
1,3501.8088,mp_jul
1,3502.1085,mp_jul
1,3502.4083,mp_jul
1,3502.7081,mp_jul
1,3503.0078,mp_jul
1,3503.3077,mp_jul
1,3503.6075,mp_jul
1,3503.9073,mp_jul
1,3504.2071,mp_jul
1,3504.5068,mp_jul
1,3504.8066,mp_jul
1,3505.1064,mp_jul
1,3505.4062,mp_jul
1,3505.706,mp_jul
1,3506.0058,mp_jul
1,3506.3056,mp_jul
1,3506.6054,mp_jul
1,3506.9051,mp_jul
1,3507.2049,mp_jul
1,3507.5047,mp_jul
1,3507.8045,mp_jul
1,3508.1043,mp_jul
1,3508.4041,mp_jul
1,3508.7038,mp_jul
1,3509.0037,mp_jul
1,3509.3034,mp_jul
1,3509.6032,mp_jul
1,3509.903,mp_jul
1,3510.2028,mp_jul
1,3510.5026,mp_jul
1,3510.8024,mp_jul
1,3511.1022,mp_jul
1,3511.402,mp_jul
1,3511.7017,mp_jul
1,3512.0015,mp_jul
1,3512.3013,mp_jul
1,3512.6011,mp_jul
1,3512.9009,mp_jul
1,3513.2007,mp_jul
1,3513.5005,mp_jul
1,3513.8003,mp_jul
1,3514.1,mp_jul
1,3514.3998,mp_jul
1,3514.6996,mp_jul
1,3514.9994,mp_jul
1,3515.2992,mp_jul
1,3515.599,mp_jul
1,3515.8988,mp_jul
1,3516.1985,mp_jul
1,3516.4984,mp_jul
1,3516.7981,mp_jul
1,3517.0979,mp_jul
1,3517.3977,mp_jul
1,3517.6975,mp_jul
1,3517.9973,mp_jul
1,3518.2971,mp_jul
1,3518.5969,mp_jul
1,3518.8967,mp_jul
1,3519.2115,mp_jul
1,3519.5112,mp_jul
1,3519.811,mp_jul
1,3520.1108,mp_jul
1,3520.4106,mp_jul
1,3520.7104,mp_jul
1,3521.0152,mp_jul
1,3521.3149,mp_jul
1,3521.6147,mp_jul
1,3521.9145,mp_jul
1,3522.2143,mp_jul
1,3522.5142,mp_jul
1,3522.8139,mp_jul
1,3523.1137,mp_jul
1,3523.4135,mp_jul
1,3523.7133,mp_jul
1,3524.0131,mp_jul
1,3524.3128,mp_jul
1,3524.6126,mp_jul
1,3524.9124,mp_jul
1,3525.2122,mp_jul
1,3525.512,mp_jul
1,3525.8118,mp_jul
1,3526.1116,mp_jul
1,3526.4114,mp_jul
1,3526.7111,mp_jul
1,3527.0109,mp_jul
1,3527.3107,mp_jul
1,3527.6105,mp_jul
1,3527.9103,mp_jul
1,3528.2101,mp_jul
1,3528.5099,mp_jul
1,3528.8096,mp_jul
1,3529.1095,mp_jul
1,3529.4092,mp_jul
1,3529.7091,mp_jul
1,3530.0088,mp_jul
1,3530.3086,mp_jul
1,3530.6084,mp_jul
1,3530.9082,mp_jul
1,3531.208,mp_jul
1,3531.5078,mp_jul
1,3531.8126,mp_jul
1,3532.1123,mp_jul
1,3532.4121,mp_jul
1,3532.7119,mp_jul
1,3533.0117,mp_jul
1,3533.3115,mp_jul
1,3533.6113,mp_jul
1,3533.9111,mp_jul
1,3534.2109,mp_jul
1,3534.5107,mp_jul
1,3534.8105,mp_jul
1,3535.1103,mp_jul
1,3535.41,mp_jul
1,3535.7098,mp_jul
1,3536.0096,mp_jul
1,3536.3094,mp_jul
1,3536.6092,mp_jul
1,3536.909,mp_jul
1,3537.2088,mp_jul
1,3537.5086,mp_jul
1,3537.8083,mp_jul
1,3538.1081,mp_jul
1,3538.4079,mp_jul
1,3538.7077,mp_jul
1,3539.0075,mp_jul
1,3539.3073,mp_jul
1,3539.607,mp_jul
1,3539.9068,mp_jul
1,3540.2067,mp_jul
1,3540.5064,mp_jul
1,3540.8062,mp_jul
1,3541.106,mp_jul
1,3541.4058,mp_jul
1,3541.7055,mp_jul
1,3542.0053,mp_jul
1,3542.3052,mp_jul
1,3542.6049,mp_jul
1,3542.9047,mp_jul
1,3543.2046,mp_jul
1,3543.5043,mp_jul
1,3543.8041,mp_jul
1,3544.1039,mp_jul
1,3544.4037,mp_jul
1,3544.7035,mp_jul
1,3545.0033,mp_jul
1,3545.303,mp_jul
1,3545.6028,mp_jul
1,3545.9026,mp_jul
1,3546.2024,mp_jul
1,3546.5022,mp_jul
1,3546.802,mp_jul
1,3547.1018,mp_jul
1,3547.4016,mp_jul
1,3547.7014,mp_jul
1,3548.0012,mp_jul
1,3548.301,mp_jul
1,3548.6007,mp_jul
1,3548.9005,mp_jul
1,3549.2003,mp_jul
1,3549.5001,mp_jul
1,3549.7999,mp_jul
1,3550.0997,mp_jul
1,3550.3995,mp_jul
1,3550.6993,mp_jul
1,3550.999,mp_jul
1,3551.2988,mp_jul
1,3551.5987,mp_jul
1,3551.8984,mp_jul
1,3552.1982,mp_jul
1,3552.498,mp_jul
1,3552.7978,mp_jul
1,3553.0975,mp_jul
1,3553.3973,mp_jul
1,3553.6972,mp_jul
1,3553.997,mp_jul
1,3554.2968,mp_jul
1,3554.5965,mp_jul
1,3554.8963,mp_jul
1,3555.1961,mp_jul
1,3555.4959,mp_jul
1,3555.7957,mp_jul
1,3556.0955,mp_jul
1,3556.3953,mp_jul
1,3556.695,mp_jul
1,3556.9948,mp_jul
1,3557.2946,mp_jul
1,3557.5945,mp_jul
1,3557.8942,mp_jul
1,3558.194,mp_jul
1,3558.4937,mp_jul
1,3558.7936,mp_jul
1,3559.0934,mp_jul
1,3559.3932,mp_jul
1,3559.693,mp_jul
1,3559.9927,mp_jul
1,3560.2925,mp_jul
1,3560.5924,mp_jul
1,3560.8921,mp_jul
1,3561.1919,mp_jul
1,3561.4973,mp_jul
1,3561.7971,mp_jul
1,3562.0969,mp_jul
1,3562.3967,mp_jul
1,3562.6964,mp_jul
1,3562.9962,mp_jul
1,3563.296,mp_jul
1,3563.5958,mp_jul
1,3563.8956,mp_jul
1,3564.1954,mp_jul
1,3564.4952,mp_jul
1,3564.795,mp_jul
1,3565.0948,mp_jul
1,3565.3945,mp_jul
1,3565.6943,mp_jul
1,3565.9941,mp_jul
1,3566.2939,mp_jul
1,3566.5937,mp_jul
1,3566.8935,mp_jul
1,3567.1932,mp_jul
1,3567.4931,mp_jul
1,3567.7929,mp_jul
1,3568.0927,mp_jul
1,3568.3969,mp_jul
1,3568.6966,mp_jul
1,3568.9964,mp_jul
1,3569.2962,mp_jul
1,3569.596,mp_jul
1,3569.8957,mp_jul
1,3570.1956,mp_jul
1,3570.4954,mp_jul
1,3570.7952,mp_jul
1,3571.0949,mp_jul
1,3571.3948,mp_jul
1,3571.6945,mp_jul
1,3571.9943,mp_jul
1,3572.2941,mp_jul
1,3572.594,mp_jul
1,3572.8937,mp_jul
1,3573.1935,mp_jul
1,3573.4933,mp_jul
1,3573.7931,mp_jul
1,3574.0928,mp_jul
1,3574.3927,mp_jul
1,3574.6924,mp_jul
1,3574.9923,mp_jul
1,3575.292,mp_jul
1,3575.5918,mp_jul
1,3575.8916,mp_jul
1,3576.1913,mp_jul
1,3576.4912,mp_jul
1,3576.791,mp_jul
1,3577.0908,mp_jul
1,3577.3906,mp_jul
1,3577.6903,mp_jul
1,3577.9901,mp_jul
1,3578.2899,mp_jul
1,3578.5897,mp_jul
1,3578.8895,mp_jul
1,3579.1943,mp_jul
1,3579.494,mp_jul
1,3579.7938,mp_jul
1,3580.0937,mp_jul
1,3580.3934,mp_jul
1,3580.6932,mp_jul
1,3580.993,mp_jul
1,3581.2928,mp_jul
1,3581.5926,mp_jul
1,3581.8924,mp_jul
1,3582.1922,mp_jul
1,3582.4919,mp_jul
1,3582.7917,mp_jul
1,3583.0915,mp_jul
1,3583.3913,mp_jul
1,3583.6911,mp_jul
1,3583.9908,mp_jul
1,3584.2906,mp_jul
1,3584.5905,mp_jul
1,3584.8902,mp_jul
1,3585.19,mp_jul
1,3585.4899,mp_jul
1,3585.7896,mp_jul
1,3586.0894,mp_jul
1,3586.3892,mp_jul
1,3586.689,mp_jul
1,3586.9888,mp_jul
1,3587.2885,mp_jul
1,3587.5883,mp_jul
1,3587.8881,mp_jul
1,3588.1879,mp_jul
1,3588.4877,mp_jul
1,3588.7875,mp_jul
1,3589.0873,mp_jul
1,3589.3871,mp_jul
1,3589.6868,mp_jul
1,3589.9867,mp_jul
1,3590.2865,mp_jul
1,3590.5863,mp_jul
1,3590.886,mp_jul
1,3591.1858,mp_jul
1,3591.4856,mp_jul
1,3591.7853,mp_jul
1,3592.0852,mp_jul
1,3592.3849,mp_jul
1,3592.6847,mp_jul
1,3592.9845,mp_jul
1,3593.2844,mp_jul
1,3593.5841,mp_jul
1,3593.8839,mp_jul
1,3594.1837,mp_jul
1,3594.4835,mp_jul
1,3594.7832,mp_jul
1,3595.0831,mp_jul
1,3595.3828,mp_jul
1,3595.6827,mp_jul
1,3595.9824,mp_jul
1,3596.2823,mp_jul
1,3596.582,mp_jul
1,3596.8818,mp_jul
1,3597.1816,mp_jul
1,3597.492,mp_jul
1,3597.7917,mp_jul
1,3598.0916,mp_jul
1,3598.3913,mp_jul
1,3598.6911,mp_jul
1,3598.9909,mp_jul
1,3599.2908,mp_jul
1,3599.5905,mp_jul
1,3599.8903,mp_jul
1,3600.1901,mp_jul
1,3600.4899,mp_jul
1,3600.7897,mp_jul
1,3601.0894,mp_jul
1,3601.3892,mp_jul
1,3601.689,mp_jul
1,3601.9888,mp_jul
1,3602.2885,mp_jul
1,3602.5884,mp_jul
1,3602.8881,mp_jul
1,3603.1879,mp_jul
1,3603.4877,mp_jul
1,3603.7875,mp_jul
1,3604.0873,mp_jul
1,3604.3871,mp_jul
1,3604.6869,mp_jul
1,3604.9867,mp_jul
1,3605.2865,mp_jul
1,3605.5862,mp_jul
1,3605.886,mp_jul
1,3606.1859,mp_jul
1,3606.4856,mp_jul
1,3606.7854,mp_jul
1,3607.0852,mp_jul
1,3607.385,mp_jul
1,3607.6848,mp_jul
1,3607.9845,mp_jul
1,3608.2843,mp_jul
1,3608.5841,mp_jul
1,3608.8839,mp_jul
1,3609.1837,mp_jul
1,3609.4835,mp_jul
1,3609.7832,mp_jul
1,3610.0831,mp_jul
1,3610.3829,mp_jul
1,3610.6826,mp_jul
1,3610.9824,mp_jul
1,3611.2822,mp_jul
1,3611.582,mp_jul
1,3611.8818,mp_jul
1,3612.1816,mp_jul
1,3612.4814,mp_jul
1,3612.7812,mp_jul
1,3613.081,mp_jul
1,3613.3807,mp_jul
1,3613.6805,mp_jul
1,3613.9803,mp_jul
1,3614.2802,mp_jul
1,3614.5798,mp_jul
1,3614.8797,mp_jul
1,3615.1795,mp_jul
1,3615.4793,mp_jul
1,3615.7791,mp_jul
1,3616.0788,mp_jul
1,3616.3787,mp_jul
1,3616.6784,mp_jul
1,3616.9782,mp_jul
1,3617.278,mp_jul
1,3617.5778,mp_jul
1,3617.8776,mp_jul
1,3618.1773,mp_jul
1,3618.4772,mp_jul
1,3618.777,mp_jul
1,3619.0767,mp_jul
1,3619.3766,mp_jul
1,3619.6763,mp_jul
1,3619.9761,mp_jul
1,3620.2759,mp_jul
1,3620.5757,mp_jul
1,3620.8755,mp_jul
1,3621.1752,mp_jul
1,3621.4794,mp_jul
1,3621.7792,mp_jul
1,3622.079,mp_jul
1,3622.3788,mp_jul
1,3622.6785,mp_jul
1,3622.9783,mp_jul
1,3623.2781,mp_jul
1,3623.5779,mp_jul
1,3623.8777,mp_jul
1,3624.1775,mp_jul
1,3624.4773,mp_jul
1,3624.7771,mp_jul
1,3625.0769,mp_jul
1,3625.3766,mp_jul
1,3625.6764,mp_jul
1,3625.9762,mp_jul
1,3626.276,mp_jul
1,3626.5758,mp_jul
1,3626.8756,mp_jul
1,3627.1753,mp_jul
1,3627.4751,mp_jul
1,3627.775,mp_jul
1,3628.0748,mp_jul
1,3628.3745,mp_jul
1,3628.6743,mp_jul
1,3628.9741,mp_jul
1,3629.2739,mp_jul
1,3629.5737,mp_jul
1,3629.8735,mp_jul
1,3630.1732,mp_jul
1,3630.4731,mp_jul
1,3630.7728,mp_jul
1,3631.0726,mp_jul
1,3631.3724,mp_jul
1,3631.6722,mp_jul
1,3631.972,mp_jul
1,3632.2717,mp_jul
1,3632.5716,mp_jul
1,3632.8714,mp_jul
1,3633.1712,mp_jul
1,3633.4709,mp_jul
1,3633.7707,mp_jul
1,3634.0705,mp_jul
1,3634.3703,mp_jul
1,3634.6701,mp_jul
1,3634.9698,mp_jul
1,3635.2697,mp_jul
1,3635.5695,mp_jul
1,3635.8692,mp_jul
1,3636.1691,mp_jul
1,3636.4688,mp_jul
1,3636.7686,mp_jul
1,3637.0734,mp_jul
1,3637.3732,mp_jul
1,3637.673,mp_jul
1,3637.9727,mp_jul
1,3638.2725,mp_jul
1,3638.5723,mp_jul
1,3638.8722,mp_jul
1,3639.1719,mp_jul
1,3639.4717,mp_jul
1,3639.7715,mp_jul
1,3640.0712,mp_jul
1,3640.371,mp_jul
1,3640.6708,mp_jul
1,3640.9707,mp_jul
1,3641.2704,mp_jul
1,3641.5702,mp_jul
1,3641.87,mp_jul
1,3642.1698,mp_jul
1,3642.4696,mp_jul
1,3642.7744,mp_jul
1,3643.0741,mp_jul
1,3643.374,mp_jul
1,3643.6737,mp_jul
1,3643.9734,mp_jul
1,3644.2733,mp_jul
1,3644.5731,mp_jul
1,3644.8729,mp_jul
1,3645.1727,mp_jul
1,3645.4724,mp_jul
1,3645.7722,mp_jul
1,3646.072,mp_jul
1,3646.3718,mp_jul
1,3646.6716,mp_jul
1,3646.9714,mp_jul
1,3647.2712,mp_jul
1,3647.571,mp_jul
1,3647.8708,mp_jul
1,3648.1806,mp_jul
1,3648.4803,mp_jul
1,3648.7801,mp_jul
1,3649.08,mp_jul
1,3649.3797,mp_jul
1,3649.6795,mp_jul
1,3649.9793,mp_jul
1,3650.2791,mp_jul
1,3650.5788,mp_jul
1,3650.8787,mp_jul
1,3651.1784,mp_jul
1,3651.4782,mp_jul
1,3651.778,mp_jul
1,3652.0778,mp_jul
1,3652.3776,mp_jul
1,3652.6774,mp_jul
1,3652.9772,mp_jul
1,3653.2769,mp_jul
1,3653.5767,mp_jul
1,3653.8765,mp_jul
1,3654.1763,mp_jul
1,3654.4761,mp_jul
1,3654.7759,mp_jul
1,3655.0757,mp_jul
1,3655.3755,mp_jul
1,3655.6753,mp_jul
1,3655.975,mp_jul
1,3656.2749,mp_jul
1,3656.5746,mp_jul
1,3656.9444,mp_jul
1,3657.2498,mp_jul
1,3657.5496,mp_jul
1,3657.8494,mp_jul
1,3658.1492,mp_jul
1,3658.449,mp_jul
1,3658.7488,mp_jul
1,3659.0485,mp_jul
1,3659.3484,mp_jul
1,3659.6481,mp_jul
1,3659.9479,mp_jul
1,3660.2476,mp_jul
1,3660.5474,mp_jul
1,3660.8472,mp_jul
1,3661.147,mp_jul
1,3661.4468,mp_jul
1,3661.7465,mp_jul
1,3662.0463,mp_jul
1,3662.3461,mp_jul
1,3662.6459,mp_jul
1,3662.9457,mp_jul
1,3663.2455,mp_jul
1,3663.5453,mp_jul
1,3663.8452,mp_jul
1,3664.1449,mp_jul
1,3664.4447,mp_jul
1,3664.7444,mp_jul
1,3665.0442,mp_jul
1,3665.344,mp_jul
1,3665.6483,mp_jul
1,3665.948,mp_jul
1,3666.2478,mp_jul
1,3666.5476,mp_jul
1,3666.8473,mp_jul
1,3667.1471,mp_jul
1,3667.4469,mp_jul
1,3667.7467,mp_jul
1,3668.0465,mp_jul
1,3668.3463,mp_jul
1,3668.6461,mp_jul
1,3668.9459,mp_jul
1,3669.2456,mp_jul
1,3669.5454,mp_jul
1,3669.8452,mp_jul
1,3670.2249,mp_jul
1,3670.6496,mp_jul
1,3670.9494,mp_jul
1,3671.2492,mp_jul
1,3671.549,mp_jul
1,3671.8488,mp_jul
1,3672.1486,mp_jul
1,3672.4484,mp_jul
1,3672.7482,mp_jul
1,3673.048,mp_jul
1,3673.3477,mp_jul
1,3673.6475,mp_jul
1,3673.9473,mp_jul
1,3674.2471,mp_jul
1,3674.5468,mp_jul
1,3674.8467,mp_jul
1,3675.1465,mp_jul
1,3675.4463,mp_jul
1,3675.7461,mp_jul
1,3676.0459,mp_jul
1,3676.3457,mp_jul
1,3676.6454,mp_jul
1,3676.9452,mp_jul
1,3677.245,mp_jul
1,3677.5448,mp_jul
1,3677.8445,mp_jul
1,3678.1444,mp_jul
1,3678.4441,mp_jul
1,3678.7439,mp_jul
1,3679.0437,mp_jul
1,3679.3435,mp_jul
1,3679.6432,mp_jul
1,3679.943,mp_jul
1,3680.2428,mp_jul
1,3680.5426,mp_jul
1,3680.8424,mp_jul
1,3681.1422,mp_jul
1,3681.442,mp_jul
1,3681.7418,mp_jul
1,3682.0415,mp_jul
1,3682.3413,mp_jul
1,3682.6519,mp_jul
1,3682.9517,mp_jul
1,3683.2515,mp_jul
1,3683.5513,mp_jul
1,3683.8511,mp_jul
1,3684.1508,mp_jul
1,3684.4507,mp_jul
1,3684.7504,mp_jul
1,3685.0503,mp_jul
1,3685.35,mp_jul
1,3685.6499,mp_jul
1,3685.9496,mp_jul
1,3686.2493,mp_jul
1,3686.5491,mp_jul
1,3686.849,mp_jul
1,3687.1487,mp_jul
1,3687.4485,mp_jul
1,3687.7483,mp_jul
1,3688.1622,mp_jul
1,3688.462,mp_jul
1,3688.7618,mp_jul
1,3689.0616,mp_jul
1,3689.3613,mp_jul
1,3689.6612,mp_jul
1,3689.961,mp_jul
1,3690.2607,mp_jul
1,3690.5605,mp_jul
1,3690.8603,mp_jul
1,3691.1601,mp_jul
1,3691.4598,mp_jul
1,3691.7597,mp_jul
1,3692.0595,mp_jul
1,3692.3592,mp_jul
1,3692.6591,mp_jul
1,3692.9588,mp_jul
1,3693.2586,mp_jul
1,3693.5583,mp_jul
1,3693.8581,mp_jul
1,3694.158,mp_jul
1,3694.4577,mp_jul
1,3694.7575,mp_jul
1,3695.0573,mp_jul
1,3695.3571,mp_jul
1,3695.6568,mp_jul
1,3695.9566,mp_jul
1,3696.2565,mp_jul
1,3696.5563,mp_jul
1,3696.856,mp_jul
1,3697.1558,mp_jul
1,3697.4556,mp_jul
1,3697.7554,mp_jul
1,3698.0552,mp_jul
1,3698.3549,mp_jul
1,3698.6547,mp_jul
1,3698.9545,mp_jul
1,3699.2543,mp_jul
1,3699.5541,mp_jul
1,3699.8539,mp_jul
1,3700.1537,mp_jul
1,3700.4535,mp_jul
1,3700.7533,mp_jul
1,3701.053,mp_jul
1,3701.3528,mp_jul
1,3701.6526,mp_jul
1,3701.9524,mp_jul
1,3702.2522,mp_jul
1,3702.552,mp_jul
1,3702.8518,mp_jul
1,3703.1516,mp_jul
1,3703.4514,mp_jul
1,3703.7512,mp_jul
1,3704.0509,mp_jul
1,3704.3508,mp_jul
1,3704.6505,mp_jul
1,3704.9503,mp_jul
1,3705.2651,mp_jul
1,3705.5648,mp_jul
1,3705.8646,mp_jul
1,3706.1644,mp_jul
1,3706.4642,mp_jul
1,3706.7641,mp_jul
1,3707.0637,mp_jul
1,3707.3636,mp_jul
1,3707.674,mp_jul
1,3707.9737,mp_jul
1,3708.2735,mp_jul
1,3708.5733,mp_jul
1,3708.8731,mp_jul
1,3709.1729,mp_jul
1,3709.4727,mp_jul
1,3709.7725,mp_jul
1,3710.0723,mp_jul
1,3710.372,mp_jul
1,3710.6718,mp_jul
1,3710.9716,mp_jul
1,3711.2714,mp_jul
1,3711.5713,mp_jul
1,3711.871,mp_jul
1,3712.1708,mp_jul
1,3712.4705,mp_jul
1,3712.7704,mp_jul
1,3713.0701,mp_jul
1,3713.37,mp_jul
1,3713.6698,mp_jul
1,3713.9695,mp_jul
1,3714.2693,mp_jul
1,3714.5692,mp_jul
1,3714.8689,mp_jul
1,3715.1687,mp_jul
1,3715.4685,mp_jul
1,3715.7683,mp_jul
1,3716.0681,mp_jul
1,3716.3679,mp_jul
1,3716.6676,mp_jul
1,3716.9674,mp_jul
1,3717.2672,mp_jul
1,3717.567,mp_jul
1,3717.8667,mp_jul
1,3718.1666,mp_jul
1,3718.4663,mp_jul
1,3718.7661,mp_jul
1,3719.0659,mp_jul
1,3719.3657,mp_jul
1,3719.6655,mp_jul
1,3719.9652,mp_jul
1,3720.2651,mp_jul
1,3720.5648,mp_jul
1,3720.8889,mp_jul
1,3721.1887,mp_jul
1,3721.4885,mp_jul
1,3721.7883,mp_jul
1,3722.0881,mp_jul
1,3722.3878,mp_jul
1,3722.6877,mp_jul
1,3722.9874,mp_jul
1,3723.2872,mp_jul
1,3723.587,mp_jul
1,3723.8868,mp_jul
1,3724.1866,mp_jul
1,3724.4864,mp_jul
1,3724.7862,mp_jul
1,3725.086,mp_jul
1,3725.3857,mp_jul
1,3725.6855,mp_jul
1,3725.9853,mp_jul
1,3726.2851,mp_jul
1,3726.5849,mp_jul
1,3726.8847,mp_jul
1,3727.1845,mp_jul
1,3727.4842,mp_jul
1,3727.784,mp_jul
1,3728.0839,mp_jul
1,3728.3836,mp_jul
1,3728.6834,mp_jul
1,3728.9832,mp_jul
1,3729.283,mp_jul
1,3729.5828,mp_jul
1,3729.8826,mp_jul
1,3730.1823,mp_jul
1,3730.4821,mp_jul
1,3730.7819,mp_jul
1,3731.0817,mp_jul
1,3731.3815,mp_jul
1,3731.6813,mp_jul
1,3731.9811,mp_jul
1,3732.2809,mp_jul
1,3732.5806,mp_jul
1,3732.8804,mp_jul
1,3733.1802,mp_jul
1,3733.48,mp_jul
1,3733.7798,mp_jul
1,3734.0796,mp_jul
1,3734.3794,mp_jul
1,3734.6792,mp_jul
1,3734.9789,mp_jul
1,3735.2787,mp_jul
1,3735.5785,mp_jul
1,3735.8783,mp_jul
1,3736.1781,mp_jul
1,3736.4779,mp_jul
1,3736.7776,mp_jul
1,3737.0774,mp_jul
1,3737.3823,mp_jul
1,3737.682,mp_jul
1,3737.9818,mp_jul
1,3738.2816,mp_jul
1,3738.5814,mp_jul
1,3738.8812,mp_jul
1,3739.181,mp_jul
1,3739.4807,mp_jul
1,3739.7805,mp_jul
1,3740.0804,mp_jul
1,3740.3801,mp_jul
1,3740.6799,mp_jul
1,3740.9796,mp_jul
1,3741.2795,mp_jul
1,3741.5843,mp_jul
1,3741.8841,mp_jul
1,3742.1838,mp_jul
1,3742.4836,mp_jul
1,3742.7834,mp_jul
1,3743.0831,mp_jul
1,3743.3829,mp_jul
1,3743.6828,mp_jul
1,3743.9825,mp_jul
1,3744.2824,mp_jul
1,3744.5821,mp_jul
1,3744.8819,mp_jul
1,3745.1817,mp_jul
1,3745.4815,mp_jul
1,3745.7813,mp_jul
1,3746.0811,mp_jul
1,3746.3808,mp_jul
1,3746.6806,mp_jul
1,3746.9805,mp_jul
1,3747.2802,mp_jul
1,3747.58,mp_jul
1,3747.8798,mp_jul
1,3748.1796,mp_jul
1,3748.4794,mp_jul
1,3748.7791,mp_jul
1,3749.0789,mp_jul
1,3749.3787,mp_jul
1,3749.6785,mp_jul
1,3749.9783,mp_jul
1,3750.348,mp_jul
1,3750.6478,mp_jul
1,3750.9526,mp_jul
1,3751.2523,mp_jul
1,3751.5522,mp_jul
1,3751.852,mp_jul
1,3752.1518,mp_jul
1,3752.4516,mp_jul
1,3752.7513,mp_jul
1,3753.0511,mp_jul
1,3753.3509,mp_jul
1,3753.6507,mp_jul
1,3753.9505,mp_jul
1,3754.2503,mp_jul
1,3754.55,mp_jul
1,3754.8498,mp_jul
1,3755.1496,mp_jul
1,3755.4494,mp_jul
1,3755.7492,mp_jul
1,3756.049,mp_jul
1,3756.3488,mp_jul
1,3756.6485,mp_jul
1,3756.9484,mp_jul
1,3757.2482,mp_jul
1,3757.5479,mp_jul
1,3757.8477,mp_jul
1,3758.1475,mp_jul
1,3758.4473,mp_jul
1,3758.747,mp_jul
1,3759.0519,mp_jul
1,3759.3516,mp_jul
1,3759.6515,mp_jul
1,3759.9512,mp_jul
1,3760.251,mp_jul
1,3760.5508,mp_jul
1,3760.8506,mp_jul
1,3761.1503,mp_jul
1,3761.4502,mp_jul
1,3761.75,mp_jul
1,3762.0498,mp_jul
1,3762.3495,mp_jul
1,3762.6493,mp_jul
1,3762.9491,mp_jul
1,3763.2489,mp_jul
1,3763.5487,mp_jul
1,3763.8485,mp_jul
1,3764.1483,mp_jul
1,3764.448,mp_jul
1,3764.7478,mp_jul
1,3765.0627,mp_jul
1,3765.3624,mp_jul
1,3765.6622,mp_jul
1,3765.962,mp_jul
1,3766.2618,mp_jul
1,3766.5616,mp_jul
1,3766.8613,mp_jul
1,3767.1611,mp_jul
1,3767.4609,mp_jul
1,3767.7607,mp_jul
1,3768.0605,mp_jul
1,3768.3603,mp_jul
1,3768.66,mp_jul
1,3768.9598,mp_jul
1,3769.2596,mp_jul
1,3769.5594,mp_jul
1,3769.8592,mp_jul
1,3770.159,mp_jul
1,3770.4588,mp_jul
1,3770.7585,mp_jul
1,3771.0584,mp_jul
1,3771.3582,mp_jul
1,3771.6579,mp_jul
1,3771.9577,mp_jul
1,3772.2575,mp_jul
1,3772.5572,mp_jul
1,3772.8571,mp_jul
1,3773.1569,mp_jul
1,3773.4567,mp_jul
1,3773.7564,mp_jul
1,3774.0563,mp_jul
1,3774.356,mp_jul
1,3774.6558,mp_jul
1,3774.9556,mp_jul
1,3775.2554,mp_jul
1,3775.5552,mp_jul
1,3775.855,mp_jul
1,3776.1548,mp_jul
1,3776.4545,mp_jul
1,3776.7543,mp_jul
1,3777.0541,mp_jul
1,3777.3539,mp_jul
1,3777.6536,mp_jul
1,3777.9535,mp_jul
1,3778.2532,mp_jul
1,3778.553,mp_jul
1,3778.8528,mp_jul
1,3779.1526,mp_jul
1,3779.4524,mp_jul
1,3779.7522,mp_jul
1,3780.052,mp_jul
1,3780.3517,mp_jul
1,3780.6515,mp_jul
1,3780.9513,mp_jul
1,3781.2511,mp_jul
1,3781.5509,mp_jul
1,3781.8507,mp_jul
1,3782.1505,mp_jul
1,3782.4503,mp_jul
1,3782.75,mp_jul
1,3783.0499,mp_jul
1,3783.3496,mp_jul
1,3783.6494,mp_jul
1,3783.9492,mp_jul
1,3784.249,mp_jul
1,3784.5488,mp_jul
1,3784.8486,mp_jul
1,3785.1483,mp_jul
1,3785.4481,mp_jul
1,3785.7479,mp_jul
1,3786.0477,mp_jul
1,3786.3475,mp_jul
1,3786.6473,mp_jul
1,3786.947,mp_jul
1,3787.2468,mp_jul
1,3787.5466,mp_jul
1,3787.8464,mp_jul
1,3788.1462,mp_jul
1,3788.446,mp_jul
1,3788.7457,mp_jul
1,3789.0456,mp_jul
1,3789.3453,mp_jul
1,3789.6451,mp_jul
1,3789.9449,mp_jul
1,3790.2447,mp_jul
1,3790.5445,mp_jul
1,3790.8443,mp_jul
1,3791.144,mp_jul
1,3791.4439,mp_jul
1,3791.7436,mp_jul
1,3792.0434,mp_jul
1,3792.3482,mp_jul
1,3792.648,mp_jul
1,3792.9478,mp_jul
1,3793.2476,mp_jul
1,3793.5474,mp_jul
1,3793.8472,mp_jul
1,3794.1469,mp_jul
1,3794.4468,mp_jul
1,3794.7465,mp_jul
1,3795.0763,mp_jul
1,3795.3761,mp_jul
1,3795.9606,mp_jul
1,3796.2604,mp_jul
1,3796.5602,mp_jul
1,3796.86,mp_jul
1,3797.1598,mp_jul
1,3797.4596,mp_jul
1,3797.7593,mp_jul
1,3798.0592,mp_jul
1,3798.3589,mp_jul
1,3798.6587,mp_jul
1,3798.9585,mp_jul
1,3799.2583,mp_jul
1,3799.5581,mp_jul
1,3799.8579,mp_jul
1,3800.1577,mp_jul
1,3800.4574,mp_jul
1,3800.7572,mp_jul
1,3801.0571,mp_jul
1,3801.3568,mp_jul
1,3801.6616,mp_jul
1,3801.9615,mp_jul
1,3802.2612,mp_jul
1,3802.561,mp_jul
1,3802.8607,mp_jul
1,3803.1605,mp_jul
1,3803.4604,mp_jul
1,3803.7601,mp_jul
1,3804.0599,mp_jul
1,3804.3747,mp_jul
1,3804.6745,mp_jul
1,3804.9743,mp_jul
1,3805.2741,mp_jul
1,3805.5738,mp_jul
1,3805.8736,mp_jul
1,3806.1734,mp_jul
1,3806.4732,mp_jul
1,3806.773,mp_jul
1,3807.0728,mp_jul
1,3807.3726,mp_jul
1,3807.6724,mp_jul
9,3807.9721,mp_jul
9,3808.2719,mp_jul
9,3808.5717,mp_jul
9,3808.8715,mp_jul
1,3809.1713,mp_jul
1,3809.4711,mp_jul
1,3809.7708,mp_jul
1,3810.0706,mp_jul
1,3810.3704,mp_jul
1,3810.6702,mp_jul
1,3810.97,mp_jul
1,3811.2698,mp_jul
1,3811.5696,mp_jul
1,3811.8694,mp_jul
1,3812.1692,mp_jul
1,3812.4689,mp_jul
1,3812.7687,mp_jul
1,3813.0685,mp_jul
1,3813.3683,mp_jul
1,3813.6681,mp_jul
1,3813.9679,mp_jul
1,3814.2677,mp_jul
1,3814.5675,mp_jul
1,3814.8672,mp_jul
1,3815.167,mp_jul
1,3815.4668,mp_jul
1,3815.7666,mp_jul
1,3816.0664,mp_jul
1,3816.3661,mp_jul
1,3816.666,mp_jul
1,3816.9657,mp_jul
1,3817.2655,mp_jul
1,3817.5654,mp_jul
1,3817.8651,mp_jul
1,3818.1649,mp_jul
1,3818.4647,mp_jul
1,3818.7645,mp_jul
1,3819.0642,mp_jul
1,3819.364,mp_jul
1,3819.6638,mp_jul
1,3819.9636,mp_jul
1,3820.2634,mp_jul
1,3820.5632,mp_jul
1,3820.863,mp_jul
1,3821.1628,mp_jul
1,3821.4626,mp_jul
1,3821.7623,mp_jul
1,3822.0621,mp_jul
1,3822.3619,mp_jul
1,3822.6723,mp_jul
1,3822.9765,mp_jul
1,3823.2763,mp_jul
1,3823.576,mp_jul
1,3823.8758,mp_jul
1,3824.1756,mp_jul
1,3824.4754,mp_jul
1,3824.7752,mp_jul
1,3825.075,mp_jul
1,3825.3748,mp_jul
1,3825.6746,mp_jul
1,3825.9743,mp_jul
1,3826.2741,mp_jul
1,3826.574,mp_jul
1,3826.8737,mp_jul
1,3827.1735,mp_jul
1,3827.4732,mp_jul
1,3827.7731,mp_jul
1,3828.0728,mp_jul
1,3828.3727,mp_jul
1,3828.6725,mp_jul
1,3828.9723,mp_jul
1,3829.272,mp_jul
1,3829.5718,mp_jul
1,3829.8716,mp_jul
1,3830.1714,mp_jul
1,3830.4712,mp_jul
1,3830.7709,mp_jul
1,3831.0708,mp_jul
1,3831.3705,mp_jul
1,3831.6704,mp_jul
1,3831.9701,mp_jul
1,3832.2699,mp_jul
1,3832.5696,mp_jul
1,3832.8695,mp_jul
1,3833.1692,mp_jul
1,3833.469,mp_jul
1,3833.7688,mp_jul
1,3834.0686,mp_jul
1,3834.3684,mp_jul
1,3834.6682,mp_jul
1,3834.968,mp_jul
1,3835.2677,mp_jul
1,3835.5676,mp_jul
1,3835.8673,mp_jul
1,3836.1671,mp_jul
1,3836.4669,mp_jul
1,3836.7667,mp_jul
1,3837.0665,mp_jul
1,3837.3663,mp_jul
1,3837.666,mp_jul
1,3837.9659,mp_jul
1,3838.2656,mp_jul
1,3838.5654,mp_jul
1,3838.8652,mp_jul
1,3839.165,mp_jul
1,3839.4648,mp_jul
1,3839.7646,mp_jul
1,3840.0644,mp_jul
1,3840.3642,mp_jul
1,3840.664,mp_jul
1,3840.9637,mp_jul
1,3841.2635,mp_jul
1,3841.5633,mp_jul
1,3841.8631,mp_jul
1,3842.1628,mp_jul
1,3842.4627,mp_jul
1,3842.7625,mp_jul
1,3843.0623,mp_jul
1,3843.362,mp_jul
1,3843.6618,mp_jul
1,3843.9616,mp_jul
1,3844.2614,mp_jul
1,3844.5612,mp_jul
1,3844.861,mp_jul
1,3845.1608,mp_jul
1,3845.4605,mp_jul
1,3845.7604,mp_jul
1,3846.0601,mp_jul
1,3846.3599,mp_jul
1,3846.6596,mp_jul
1,3846.9595,mp_jul
1,3847.2593,mp_jul
1,3847.559,mp_jul
1,3847.8588,mp_jul
1,3848.1586,mp_jul
1,3848.4584,mp_jul
1,3848.7582,mp_jul
1,3849.058,mp_jul
1,3849.3578,mp_jul
1,3849.6576,mp_jul
1,3849.9574,mp_jul
1,3850.2571,mp_jul
1,3850.557,mp_jul
1,3850.8567,mp_jul
1,3851.1564,mp_jul
1,3851.4563,mp_jul
1,3851.7561,mp_jul
1,3852.0558,mp_jul
1,3852.3556,mp_jul
1,3852.6554,mp_jul
1,3852.9552,mp_jul
1,3853.255,mp_jul
1,3853.5548,mp_jul
1,3853.8546,mp_jul
1,3854.1544,mp_jul
1,3854.4541,mp_jul
1,3854.7539,mp_jul
1,3855.0537,mp_jul
1,3855.3535,mp_jul
1,3855.6533,mp_jul
1,3855.9531,mp_jul
1,3856.2528,mp_jul
1,3856.5526,mp_jul
1,3856.8574,mp_jul
1,3857.1572,mp_jul
1,3857.457,mp_jul
1,3857.7568,mp_jul
1,3858.0565,mp_jul
1,3858.3564,mp_jul
1,3858.6561,mp_jul
1,3858.9559,mp_jul
1,3859.2557,mp_jul
1,3859.5555,mp_jul
1,3859.8553,mp_jul
1,3860.1551,mp_jul
1,3860.4549,mp_jul
1,3860.7547,mp_jul
1,3861.0545,mp_jul
1,3861.3542,mp_jul
1,3861.654,mp_jul
1,3861.9538,mp_jul
1,3862.2536,mp_jul
1,3862.5534,mp_jul
1,3862.8532,mp_jul
1,3863.1529,mp_jul
1,3863.4527,mp_jul
1,3863.7526,mp_jul
1,3864.0523,mp_jul
1,3864.3521,mp_jul
1,3864.6519,mp_jul
1,3864.9517,mp_jul
1,3865.2515,mp_jul
1,3865.5513,mp_jul
1,3865.8511,mp_jul
1,3866.1508,mp_jul
1,3866.6106,mp_jul
1,3866.9103,mp_jul
1,3867.2101,mp_jul
1,3867.5099,mp_jul
1,3867.8097,mp_jul
1,3868.1094,mp_jul
1,3868.4093,mp_jul
1,3868.709,mp_jul
1,3869.0088,mp_jul
1,3869.3086,mp_jul
1,3869.6084,mp_jul
1,3869.9082,mp_jul
1,3870.2079,mp_jul
1,3870.5077,mp_jul
1,3870.8075,mp_jul
1,3871.1073,mp_jul
1,3871.4071,mp_jul
1,3871.7069,mp_jul
1,3872.0067,mp_jul
1,3872.3064,mp_jul
1,3872.6062,mp_jul
1,3872.906,mp_jul
1,3873.2059,mp_jul
1,3873.5056,mp_jul
1,3873.8054,mp_jul
1,3874.1052,mp_jul
1,3874.405,mp_jul
1,3874.7048,mp_jul
1,3875.0045,mp_jul
1,3875.3044,mp_jul
1,3875.6042,mp_jul
1,3875.9039,mp_jul
1,3876.2037,mp_jul
1,3876.5035,mp_jul
1,3876.8033,mp_jul
1,3877.1031,mp_jul
1,3877.4028,mp_jul
1,3877.7027,mp_jul
1,3878.0025,mp_jul
1,3878.3022,mp_jul
1,3878.602,mp_jul
1,3878.9019,mp_jul
1,3879.2066,mp_jul
1,3879.5122,mp_jul
1,3879.8119,mp_jul
1,3880.1118,mp_jul
1,3880.4115,mp_jul
1,3880.7113,mp_jul
1,3881.0111,mp_jul
1,3881.3109,mp_jul
1,3881.6148,mp_jul
1,3881.9147,mp_jul
1,3882.2145,mp_jul
1,3882.5143,mp_jul
1,3882.814,mp_jul
1,3883.1138,mp_jul
1,3883.4136,mp_jul
1,3883.7134,mp_jul
1,3884.0132,mp_jul
1,3884.313,mp_jul
1,3884.6128,mp_jul
1,3884.9125,mp_jul
1,3885.2123,mp_jul
1,3885.5121,mp_jul
1,3885.8118,mp_jul
1,3886.1117,mp_jul
1,3886.4115,mp_jul
1,3886.7163,mp_jul
1,3887.016,mp_jul
1,3887.3158,mp_jul
1,3887.6156,mp_jul
1,3887.9155,mp_jul
1,3888.2152,mp_jul
1,3888.515,mp_jul
1,3888.8148,mp_jul
1,3889.1146,mp_jul
1,3889.4143,mp_jul
1,3889.7142,mp_jul
1,3890.014,mp_jul
1,3890.3137,mp_jul
1,3890.6135,mp_jul
1,3890.9133,mp_jul
1,3891.2131,mp_jul
1,3891.5128,mp_jul
1,3891.8127,mp_jul
1,3892.1125,mp_jul
1,3892.4122,mp_jul
1,3892.7121,mp_jul
1,3893.0118,mp_jul
1,3893.3116,mp_jul
1,3893.6114,mp_jul
1,3893.9112,mp_jul
1,3894.211,mp_jul
1,3894.5107,mp_jul
1,3894.8106,mp_jul
1,3895.1103,mp_jul
1,3895.4101,mp_jul
1,3895.7099,mp_jul
1,3896.0097,mp_jul
1,3896.3094,mp_jul
1,3896.6092,mp_jul
1,3896.9091,mp_jul
1,3897.2088,mp_jul
1,3897.5086,mp_jul
1,3897.8084,mp_jul
1,3898.1082,mp_jul
1,3898.408,mp_jul
1,3898.7077,mp_jul
1,3899.0075,mp_jul
1,3899.3073,mp_jul
1,3899.6071,mp_jul
1,3899.9069,mp_jul
1,3900.2067,mp_jul
1,3900.5065,mp_jul
1,3900.8063,mp_jul
1,3901.1061,mp_jul
1,3901.4059,mp_jul
1,3901.7056,mp_jul
1,3902.0054,mp_jul
1,3902.3052,mp_jul
1,3902.605,mp_jul
1,3902.9048,mp_jul
1,3903.2046,mp_jul
1,3903.5043,mp_jul
1,3903.8041,mp_jul
1,3904.104,mp_jul
1,3904.4037,mp_jul
1,3904.7035,mp_jul
1,3905.0033,mp_jul
1,3905.3031,mp_jul
1,3905.6029,mp_jul
1,3905.9027,mp_jul
1,3906.2024,mp_jul
1,3906.5023,mp_jul
1,3906.802,mp_jul
1,3907.1018,mp_jul
1,3907.4016,mp_jul
1,3907.7014,mp_jul
1,3908.0012,mp_jul
1,3908.301,mp_jul
1,3908.6007,mp_jul
1,3908.9005,mp_jul
1,3909.2004,mp_jul
1,3909.5001,mp_jul
1,3909.7999,mp_jul
1,3910.0997,mp_jul
1,3910.3994,mp_jul
1,3910.6992,mp_jul
1,3910.999,mp_jul
1,3911.2988,mp_jul
1,3911.5986,mp_jul
1,3911.8984,mp_jul
1,3912.2032,mp_jul
1,3912.5029,mp_jul
1,3912.8028,mp_jul
1,3913.1026,mp_jul
1,3913.4023,mp_jul
1,3913.7021,mp_jul
1,3914.0019,mp_jul
1,3914.3017,mp_jul
1,3914.6014,mp_jul
1,3914.9012,mp_jul
1,3915.2011,mp_jul
1,3915.5009,mp_jul
1,3915.8006,mp_jul
1,3916.1004,mp_jul
1,3916.4002,mp_jul
1,3916.7,mp_jul
1,3916.9997,mp_jul
1,3917.2996,mp_jul
1,3917.5993,mp_jul
1,3917.8991,mp_jul
1,3918.1989,mp_jul
1,3918.4987,mp_jul
1,3918.7985,mp_jul
1,3919.0983,mp_jul
1,3919.398,mp_jul
1,3919.6979,mp_jul
1,3919.9977,mp_jul
1,3920.2974,mp_jul
1,3920.5972,mp_jul
1,3920.897,mp_jul
1,3921.1968,mp_jul
1,3921.4966,mp_jul
1,3921.822,mp_jul
1,3922.1218,mp_jul
1,3922.4216,mp_jul
1,3922.7214,mp_jul
1,3923.0212,mp_jul
1,3923.321,mp_jul
1,3923.6207,mp_jul
1,3923.9205,mp_jul
1,3924.2204,mp_jul
1,3924.5201,mp_jul
1,3924.8199,mp_jul
1,3925.1197,mp_jul
1,3925.4195,mp_jul
1,3925.7193,mp_jul
1,3926.0191,mp_jul
1,3926.3188,mp_jul
1,3926.6186,mp_jul
1,3926.9184,mp_jul
1,3927.2182,mp_jul
1,3927.518,mp_jul
1,3927.8177,mp_jul
1,3928.1175,mp_jul
1,3928.4173,mp_jul
1,3928.7171,mp_jul
1,3929.0169,mp_jul
1,3929.3166,mp_jul
1,3929.6165,mp_jul
1,3929.9163,mp_jul
1,3930.2161,mp_jul
1,3930.5158,mp_jul
1,3930.8156,mp_jul
1,3931.1155,mp_jul
1,3931.4152,mp_jul
1,3931.715,mp_jul
1,3932.0148,mp_jul
1,3932.3146,mp_jul
1,3932.6144,mp_jul
1,3932.9142,mp_jul
1,3933.214,mp_jul
1,3933.5137,mp_jul
1,3933.8178,mp_jul
1,3934.1176,mp_jul
1,3934.4174,mp_jul
1,3934.7172,mp_jul
1,3935.0169,mp_jul
1,3935.3168,mp_jul
1,3935.6165,mp_jul
1,3935.9163,mp_jul
1,3936.2161,mp_jul
1,3936.5159,mp_jul
1,3936.8157,mp_jul
1,3937.1155,mp_jul
1,3937.4153,mp_jul
1,3937.715,mp_jul
1,3938.0148,mp_jul
1,3938.3146,mp_jul
1,3938.6144,mp_jul
1,3938.9142,mp_jul
1,3939.214,mp_jul
1,3939.5138,mp_jul
1,3939.8135,mp_jul
1,3940.1133,mp_jul
1,3940.4131,mp_jul
1,3940.7129,mp_jul
1,3941.0127,mp_jul
1,3941.3124,mp_jul
1,3941.6123,mp_jul
1,3941.9121,mp_jul
1,3942.2118,mp_jul
1,3942.5116,mp_jul
1,3942.8114,mp_jul
1,3943.1112,mp_jul
1,3943.411,mp_jul
1,3943.7108,mp_jul
1,3944.0106,mp_jul
1,3944.3103,mp_jul
1,3944.6101,mp_jul
1,3944.9099,mp_jul
1,3945.2097,mp_jul
1,3945.5095,mp_jul
1,3945.8093,mp_jul
1,3946.109,mp_jul
1,3946.4089,mp_jul
1,3946.7086,mp_jul
1,3947.0084,mp_jul
1,3947.3082,mp_jul
1,3947.608,mp_jul
1,3947.9077,mp_jul
1,3948.2076,mp_jul
1,3948.5073,mp_jul
1,3948.8071,mp_jul
1,3949.1069,mp_jul
1,3949.4067,mp_jul
1,3949.7065,mp_jul
1,3950.0062,mp_jul
1,3950.306,mp_jul
1,3950.6158,mp_jul
1,3950.9156,mp_jul
1,3951.2154,mp_jul
1,3951.5152,mp_jul
1,3951.815,mp_jul
1,3952.1148,mp_jul
1,3952.4345,mp_jul
1,3952.7343,mp_jul
1,3953.0341,mp_jul
1,3953.3339,mp_jul
1,3953.6393,mp_jul
1,3953.9534,mp_jul
1,3954.2532,mp_jul
1,3954.553,mp_jul
1,3954.8528,mp_jul
1,3955.1526,mp_jul
1,3955.4524,mp_jul
1,3955.7521,mp_jul
1,3956.0519,mp_jul
1,3956.3516,mp_jul
1,3956.6515,mp_jul
1,3956.9513,mp_jul
1,3957.2511,mp_jul
1,3957.5508,mp_jul
1,3957.8506,mp_jul
1,3958.1504,mp_jul
1,3958.4502,mp_jul
1,3958.75,mp_jul
1,3959.0648,mp_jul
1,3959.3645,mp_jul
1,3959.6644,mp_jul
1,3959.9641,mp_jul
1,3960.2639,mp_jul
1,3960.5636,mp_jul
1,3960.8635,mp_jul
1,3961.1633,mp_jul
1,3961.463,mp_jul
1,3961.7628,mp_jul
1,3962.0626,mp_jul
1,3962.3624,mp_jul
1,3962.6622,mp_jul
1,3962.962,mp_jul
1,3963.2618,mp_jul
1,3963.5615,mp_jul
1,3963.8663,mp_jul
1,3964.1761,mp_jul
1,3964.4759,mp_jul
1,3964.7756,mp_jul
1,3965.0755,mp_jul
1,3965.3753,mp_jul
1,3965.675,mp_jul
1,3965.9749,mp_jul
1,3966.2746,mp_jul
1,3966.5744,mp_jul
1,3966.8741,mp_jul
1,3967.174,mp_jul
1,3967.4737,mp_jul
1,3967.7735,mp_jul
1,3968.0733,mp_jul
1,3968.3731,mp_jul
1,3968.6729,mp_jul
1,3968.9726,mp_jul
1,3969.2724,mp_jul
1,3969.5722,mp_jul
1,3969.872,mp_jul
1,3970.1718,mp_jul
1,3970.4716,mp_jul
1,3970.7714,mp_jul
1,3971.0712,mp_jul
1,3971.3709,mp_jul
1,3971.6707,mp_jul
1,3971.9705,mp_jul
1,3972.2703,mp_jul
1,3972.5701,mp_jul
1,3972.8698,mp_jul
1,3973.1696,mp_jul
1,3973.4694,mp_jul
1,3973.7692,mp_jul
1,3974.069,mp_jul
1,3974.3688,mp_jul
1,3974.6685,mp_jul
1,3974.9684,mp_jul
1,3975.2681,mp_jul
1,3975.5679,mp_jul
1,3975.8677,mp_jul
1,3976.1675,mp_jul
1,3976.4673,mp_jul
1,3976.767,mp_jul
1,3977.0669,mp_jul
1,3977.3666,mp_jul
1,3977.6664,mp_jul
1,3977.9662,mp_jul
1,3978.266,mp_jul
1,3978.5658,mp_jul
1,3978.8655,mp_jul
1,3979.1653,mp_jul
1,3979.4651,mp_jul
1,3979.7649,mp_jul
1,3980.0647,mp_jul
1,3980.3645,mp_jul
1,3980.6643,mp_jul
1,3980.9641,mp_jul
1,3981.2638,mp_jul
1,3981.5636,mp_jul
1,3981.8634,mp_jul
1,3982.1632,mp_jul
1,3982.4629,mp_jul
1,3982.7627,mp_jul
1,3983.0625,mp_jul
1,3983.3623,mp_jul
1,3983.6821,mp_jul
1,3983.9819,mp_jul
1,3984.2816,mp_jul
1,3984.5814,mp_jul
1,3984.8812,mp_jul
1,3985.181,mp_jul
1,3985.4808,mp_jul
1,3985.7806,mp_jul
1,3986.0804,mp_jul
1,3986.3802,mp_jul
1,3986.68,mp_jul
1,3986.9797,mp_jul
1,3987.2795,mp_jul
1,3987.5793,mp_jul
1,3987.8791,mp_jul
1,3988.1789,mp_jul
1,3988.4786,mp_jul
1,3988.7784,mp_jul
1,3989.0782,mp_jul
1,3989.378,mp_jul
1,3989.6778,mp_jul
1,3989.9775,mp_jul
1,3990.2773,mp_jul
1,3990.5771,mp_jul
1,3990.8769,mp_jul
1,3991.1767,mp_jul
1,3991.4765,mp_jul
1,3991.7762,mp_jul
1,3992.076,mp_jul
1,3992.3758,mp_jul
1,3992.6756,mp_jul
1,3992.9754,mp_jul
1,3993.2751,mp_jul
1,3993.5749,mp_jul
1,3993.8747,mp_jul
1,3994.1745,mp_jul
1,3994.4743,mp_jul
1,3994.7741,mp_jul
1,3995.0739,mp_jul
1,3995.3787,mp_jul
1,3995.6784,mp_jul
1,3995.9782,mp_jul
1,3996.278,mp_jul
1,3996.5778,mp_jul
1,3996.8776,mp_jul
1,3997.1774,mp_jul
1,3997.4772,mp_jul
1,3997.777,mp_jul
1,3998.0767,mp_jul
1,3998.3765,mp_jul
1,3998.6763,mp_jul
1,3998.9761,mp_jul
1,3999.2759,mp_jul
1,3999.5757,mp_jul
1,3999.8755,mp_jul
1,4000.1752,mp_jul
1,4000.4751,mp_jul
1,4000.7748,mp_jul
1,4001.0746,mp_jul
1,4001.3744,mp_jul
1,4001.6741,mp_jul
1,4001.9739,mp_jul
1,4002.2738,mp_jul
1,4002.5735,mp_jul
1,4002.8839,mp_jul
1,4003.1837,mp_jul
1,4003.4835,mp_jul
1,4003.7833,mp_jul
1,4004.083,mp_jul
1,4004.3829,mp_jul
1,4004.6827,mp_jul
1,4004.9824,mp_jul
1,4005.2821,mp_jul
1,4005.582,mp_jul
1,4005.8818,mp_jul
1,4006.1816,mp_jul
1,4006.4813,mp_jul
1,4006.7811,mp_jul
1,4007.0809,mp_jul
1,4007.3807,mp_jul
1,4007.6805,mp_jul
1,4007.9802,mp_jul
1,4008.28,mp_jul
1,4008.5798,mp_jul
1,4008.8796,mp_jul
1,4009.1794,mp_jul
1,4009.4792,mp_jul
1,4009.779,mp_jul
1,4010.0788,mp_jul
1,4010.3785,mp_jul
1,4010.6784,mp_jul
1,4010.9781,mp_jul
1,4011.2779,mp_jul
1,4011.5777,mp_jul
1,4011.8774,mp_jul
1,4012.1772,mp_jul
1,4012.4771,mp_jul
1,4012.7768,mp_jul
1,4013.0766,mp_jul
1,4013.3765,mp_jul
1,4013.6762,mp_jul
1,4013.976,mp_jul
1,4014.2758,mp_jul
1,4014.5756,mp_jul
1,4014.8754,mp_jul
1,4015.1751,mp_jul
1,4015.4749,mp_jul
1,4015.7747,mp_jul
1,4016.0745,mp_jul
1,4016.3743,mp_jul
1,4016.674,mp_jul
1,4016.9739,mp_jul
1,4017.2737,mp_jul
1,4017.5735,mp_jul
1,4017.8733,mp_jul
1,4018.1731,mp_jul
1,4018.4728,mp_jul
1,4018.7727,mp_jul
1,4019.0724,mp_jul
1,4019.3722,mp_jul
1,4019.672,mp_jul
1,4019.9718,mp_jul
1,4020.2716,mp_jul
1,4020.5713,mp_jul
1,4020.8711,mp_jul
1,4021.1709,mp_jul
1,4021.4707,mp_jul
1,4021.7705,mp_jul
1,4022.0703,mp_jul
1,4022.37,mp_jul
1,4022.6698,mp_jul
1,4022.9696,mp_jul
1,4023.2694,mp_jul
1,4023.5692,mp_jul
1,4023.869,mp_jul
1,4024.1688,mp_jul
1,4024.4685,mp_jul
1,4024.7683,mp_jul
1,4025.0681,mp_jul
1,4025.3679,mp_jul
1,4025.6677,mp_jul
1,4025.9675,mp_jul
1,4026.2672,mp_jul
1,4026.567,mp_jul
1,4026.8668,mp_jul
1,4027.1666,mp_jul
1,4027.4664,mp_jul
1,4027.7662,mp_jul
1,4028.0659,mp_jul
1,4028.3658,mp_jul
1,4028.6655,mp_jul
1,4028.9653,mp_jul
1,4029.2651,mp_jul
1,4029.5649,mp_jul
1,4029.8646,mp_jul
1,4030.1644,mp_jul
1,4030.4643,mp_jul
1,4030.7641,mp_jul
1,4031.0638,mp_jul
1,4031.3636,mp_jul
1,4031.6634,mp_jul
1,4031.9632,mp_jul
1,4032.2629,mp_jul
1,4032.5628,mp_jul
1,4032.8626,mp_jul
1,4033.1623,mp_jul
1,4033.4621,mp_jul
1,4033.7619,mp_jul
1,4034.0617,mp_jul
1,4034.3615,mp_jul
1,4034.6613,mp_jul
1,4034.9611,mp_jul
1,4035.2608,mp_jul
1,4035.5607,mp_jul
1,4035.8604,mp_jul
1,4036.1602,mp_jul
1,4036.46,mp_jul
1,4036.7598,mp_jul
1,4037.0596,mp_jul
1,4037.3594,mp_jul
1,4037.6592,mp_jul
1,4037.959,mp_jul
1,4038.2588,mp_jul
1,4038.5585,mp_jul
1,4038.8583,mp_jul
1,4039.1581,mp_jul
1,4039.4579,mp_jul
1,4039.7576,mp_jul
1,4040.0575,mp_jul
1,4040.3572,mp_jul
1,4040.657,mp_jul
1,4040.9568,mp_jul
1,4041.2566,mp_jul
1,4041.5564,mp_jul
1,4041.8561,mp_jul
1,4042.1559,mp_jul
1,4042.4557,mp_jul
1,4042.7555,mp_jul
1,4043.0553,mp_jul
1,4043.3551,mp_jul
1,4043.6549,mp_jul
1,4043.9547,mp_jul
1,4044.2545,mp_jul
1,4044.5542,mp_jul
1,4044.854,mp_jul
1,4045.1538,mp_jul
1,4045.4536,mp_jul
1,4045.7534,mp_jul
1,4046.0532,mp_jul
1,4046.353,mp_jul
1,4046.6528,mp_jul
1,4046.9526,mp_jul
1,4047.2524,mp_jul
1,4047.5521,mp_jul
1,4047.8519,mp_jul
1,4048.1517,mp_jul
1,4048.4515,mp_jul
1,4048.7513,mp_jul
1,4049.0511,mp_jul
1,4049.3508,mp_jul
1,4049.6506,mp_jul
1,4049.9504,mp_jul
1,4050.2501,mp_jul
1,4050.55,mp_jul
1,4050.8498,mp_jul
1,4051.1496,mp_jul
1,4051.4493,mp_jul
1,4051.7491,mp_jul
1,4052.0489,mp_jul
1,4052.3487,mp_jul
1,4052.6485,mp_jul
1,4052.9483,mp_jul
1,4053.248,mp_jul
1,4053.5478,mp_jul
1,4053.8476,mp_jul
1,4054.1475,mp_jul
1,4054.4472,mp_jul
1,4054.747,mp_jul
1,4055.0468,mp_jul
1,4055.3466,mp_jul
1,4055.6464,mp_jul
1,4055.9462,mp_jul
1,4056.2459,mp_jul
1,4056.5457,mp_jul
1,4056.8549,mp_jul
1,4057.1547,mp_jul
1,4057.4544,mp_jul
1,4057.7542,mp_jul
1,4058.054,mp_jul
1,4058.3888,mp_jul
1,4058.6885,mp_jul
1,4058.9884,mp_jul
1,4059.2981,mp_jul
1,4059.5979,mp_jul
1,4059.8977,mp_jul
1,4060.1975,mp_jul
1,4060.4972,mp_jul
1,4060.797,mp_jul
1,4061.0968,mp_jul
1,4061.3966,mp_jul
1,4061.6964,mp_jul
1,4061.9962,mp_jul
1,4062.296,mp_jul
1,4062.5957,mp_jul
1,4062.8955,mp_jul
1,4063.1953,mp_jul
1,4063.4951,mp_jul
1,4063.7949,mp_jul
1,4064.0947,mp_jul
1,4064.3945,mp_jul
1,4064.6943,mp_jul
1,4064.994,mp_jul
1,4065.2938,mp_jul
1,4065.5936,mp_jul
1,4065.8934,mp_jul
1,4066.1932,mp_jul
1,4066.493,mp_jul
1,4066.7928,mp_jul
1,4067.0926,mp_jul
1,4067.3924,mp_jul
1,4067.6922,mp_jul
1,4067.9919,mp_jul
1,4068.2917,mp_jul
1,4068.5915,mp_jul
1,4068.8913,mp_jul
1,4069.191,mp_jul
1,4069.4909,mp_jul
1,4069.7906,mp_jul
1,4070.0904,mp_jul
1,4070.3902,mp_jul
1,4070.69,mp_jul
1,4070.9898,mp_jul
1,4071.2895,mp_jul
1,4071.5894,mp_jul
1,4071.8892,mp_jul
1,4072.1889,mp_jul
1,4072.4887,mp_jul
1,4072.7885,mp_jul
1,4073.0883,mp_jul
1,4073.388,mp_jul
1,4073.6879,mp_jul
1,4073.9876,mp_jul
1,4074.2874,mp_jul
1,4074.5872,mp_jul
1,4074.887,mp_jul
1,4075.1868,mp_jul
1,4075.4866,mp_jul
1,4075.7863,mp_jul
1,4076.0861,mp_jul
1,4076.3859,mp_jul
1,4076.6857,mp_jul
1,4076.9855,mp_jul
1,4077.2852,mp_jul
1,4077.5851,mp_jul
1,4077.8849,mp_jul
1,4078.1846,mp_jul
1,4078.4844,mp_jul
1,4078.7842,mp_jul
1,4079.084,mp_jul
1,4079.3838,mp_jul
1,4079.6836,mp_jul
1,4079.9834,mp_jul
1,4080.2832,mp_jul
1,4080.583,mp_jul
1,4080.8827,mp_jul
1,4081.1825,mp_jul
1,4081.4823,mp_jul
1,4081.7821,mp_jul
1,4082.0819,mp_jul
1,4082.3816,mp_jul
1,4082.6814,mp_jul
1,4082.9812,mp_jul
1,4083.281,mp_jul
1,4083.5808,mp_jul
1,4083.8806,mp_jul
1,4084.1804,mp_jul
1,4084.4801,mp_jul
1,4084.7799,mp_jul
1,4085.0797,mp_jul
1,4085.3796,mp_jul
1,4085.6793,mp_jul
1,4085.9791,mp_jul
1,4086.2788,mp_jul
1,4086.5787,mp_jul
1,4086.8785,mp_jul
1,4087.1782,mp_jul
1,4087.478,mp_jul
1,4087.7778,mp_jul
1,4088.0776,mp_jul
1,4088.3774,mp_jul
1,4088.6772,mp_jul
1,4088.9769,mp_jul
1,4089.2768,mp_jul
1,4089.5765,mp_jul
1,4089.8763,mp_jul
1,4090.1761,mp_jul
1,4090.4759,mp_jul
1,4090.7756,mp_jul
1,4091.0755,mp_jul
1,4091.3752,mp_jul
1,4091.675,mp_jul
1,4091.9748,mp_jul
1,4092.2746,mp_jul
1,4092.5744,mp_jul
1,4092.8742,mp_jul
1,4093.174,mp_jul
1,4093.4737,mp_jul
1,4093.7735,mp_jul
1,4094.0733,mp_jul
1,4094.3731,mp_jul
1,4094.6729,mp_jul
1,4094.9727,mp_jul
1,4095.2725,mp_jul
1,4095.5723,mp_jul
1,4095.8721,mp_jul
1,4096.1719,mp_jul
1,4096.4716,mp_jul
1,4096.7714,mp_jul
1,4097.0712,mp_jul
1,4097.371,mp_jul
1,4097.6708,mp_jul
1,4098.0505,mp_jul
1,4098.3503,mp_jul
1,4098.65,mp_jul
1,4098.9499,mp_jul
1,4099.2496,mp_jul
1,4099.5494,mp_jul
1,4099.8492,mp_jul
1,4100.149,mp_jul
1,4100.4488,mp_jul
1,4100.7486,mp_jul
1,4101.0484,mp_jul
1,4101.3482,mp_jul
1,4101.648,mp_jul
1,4101.9477,mp_jul
1,4102.2476,mp_jul
1,4102.5473,mp_jul
1,4102.8471,mp_jul
1,4103.1469,mp_jul
1,4103.4467,mp_jul
1,4103.7464,mp_jul
1,4104.0463,mp_jul
1,4104.346,mp_jul
1,4104.6458,mp_jul
1,4104.9556,mp_jul
1,4105.2554,mp_jul
1,4105.5552,mp_jul
1,4105.855,mp_jul
1,4106.1548,mp_jul
1,4106.4546,mp_jul
1,4106.7543,mp_jul
0,4107.0541,mp_jul
0,4107.354,mp_jul
0,4107.6537,mp_jul
0,4107.9534,mp_jul
0,4108.2532,mp_jul
1,4108.5631,mp_jul
1,4109.2026,mp_jul
1,4109.5024,mp_jul
1,4109.8021,mp_jul
1,4110.102,mp_jul
1,4110.4018,mp_jul
1,4110.7015,mp_jul
1,4111.0013,mp_jul
1,4111.3011,mp_jul
1,4111.6009,mp_jul
1,4111.9006,mp_jul
1,4112.2004,mp_jul
1,4112.5003,mp_jul
1,4112.8,mp_jul
1,4113.0998,mp_jul
1,4113.3996,mp_jul
1,4113.6994,mp_jul
1,4113.9992,mp_jul
1,4114.299,mp_jul
1,4114.5988,mp_jul
1,4114.8986,mp_jul
1,4115.1983,mp_jul
1,4115.4981,mp_jul
1,4115.7979,mp_jul
1,4116.0977,mp_jul
1,4116.3975,mp_jul
1,4116.6972,mp_jul
1,4116.9971,mp_jul
1,4117.2969,mp_jul
1,4117.5966,mp_jul
1,4117.8964,mp_jul
1,4118.1962,mp_jul
1,4118.496,mp_jul
1,4118.7958,mp_jul
1,4119.0956,mp_jul
1,4119.3954,mp_jul
1,4119.6952,mp_jul
1,4119.9949,mp_jul
1,4120.2948,mp_jul
1,4120.5945,mp_jul
1,4120.8943,mp_jul
1,4121.1941,mp_jul
1,4121.4939,mp_jul
1,4121.7936,mp_jul
1,4122.0935,mp_jul
1,4122.3933,mp_jul
1,4122.693,mp_jul
1,4122.9928,mp_jul
1,4123.2926,mp_jul
1,4123.5924,mp_jul
1,4123.8922,mp_jul
1,4124.1919,mp_jul
1,4124.4974,mp_jul
1,4124.8115,mp_jul
1,4125.1113,mp_jul
1,4125.4111,mp_jul
1,4125.7109,mp_jul
1,4126.0107,mp_jul
1,4126.3105,mp_jul
1,4126.6102,mp_jul
1,4126.91,mp_jul
1,4127.2099,mp_jul
1,4127.5097,mp_jul
1,4127.8094,mp_jul
1,4128.1092,mp_jul
1,4128.409,mp_jul
1,4128.7087,mp_jul
1,4129.0086,mp_jul
1,4129.3084,mp_jul
1,4129.6081,mp_jul
1,4129.9079,mp_jul
1,4130.2077,mp_jul
1,4130.5075,mp_jul
1,4130.8073,mp_jul
1,4131.1071,mp_jul
1,4131.4069,mp_jul
1,4131.7067,mp_jul
1,4132.0064,mp_jul
1,4132.3062,mp_jul
1,4132.606,mp_jul
1,4132.9058,mp_jul
1,4133.2056,mp_jul
1,4133.5054,mp_jul
1,4133.8052,mp_jul
1,4134.105,mp_jul
1,4134.4047,mp_jul
1,4134.7102,mp_jul
1,4135.01,mp_jul
1,4135.3098,mp_jul
1,4135.6096,mp_jul
1,4135.9093,mp_jul
1,4136.2092,mp_jul
1,4136.5089,mp_jul
1,4136.8087,mp_jul
1,4137.1084,mp_jul
1,4137.4083,mp_jul
1,4137.7081,mp_jul
1,4138.0079,mp_jul
1,4138.3076,mp_jul
1,4138.6218,mp_jul
1,4138.9215,mp_jul
1,4139.2213,mp_jul
1,4139.5211,mp_jul
1,4139.821,mp_jul
1,4140.1207,mp_jul
1,4140.4205,mp_jul
1,4140.7203,mp_jul
1,4141.0201,mp_jul
1,4141.3199,mp_jul
1,4141.6197,mp_jul
1,4141.9195,mp_jul
1,4142.2193,mp_jul
1,4142.519,mp_jul
1,4142.8189,mp_jul
1,4143.1186,mp_jul
1,4143.4184,mp_jul
1,4143.7182,mp_jul
1,4144.018,mp_jul
1,4144.3177,mp_jul
1,4144.6176,mp_jul
1,4144.9174,mp_jul
1,4145.2171,mp_jul
1,4145.5169,mp_jul
1,4145.8167,mp_jul
1,4146.1164,mp_jul
1,4146.4162,mp_jul
1,4146.7161,mp_jul
1,4147.0158,mp_jul
1,4147.3156,mp_jul
1,4147.6154,mp_jul
1,4147.9152,mp_jul
1,4148.215,mp_jul
1,4148.5148,mp_jul
1,4148.8146,mp_jul
1,4149.1144,mp_jul
1,4149.4141,mp_jul
1,4149.7139,mp_jul
1,4150.0137,mp_jul
1,4150.3192,mp_jul
1,4150.619,mp_jul
1,4150.9188,mp_jul
1,4151.2186,mp_jul
1,4151.5184,mp_jul
1,4151.8182,mp_jul
1,4152.118,mp_jul
1,4152.4178,mp_jul
1,4152.7176,mp_jul
1,4153.0174,mp_jul
1,4153.3172,mp_jul
1,4153.6169,mp_jul
1,4153.9167,mp_jul
1,4154.2165,mp_jul
1,4154.5163,mp_jul
1,4154.8403,mp_jul
1,4155.14,mp_jul
1,4155.4398,mp_jul
1,4155.7396,mp_jul
1,4156.0394,mp_jul
1,4156.3392,mp_jul
1,4156.639,mp_jul
1,4156.9388,mp_jul
1,4157.2386,mp_jul
1,4157.5384,mp_jul
1,4157.8381,mp_jul
1,4158.1379,mp_jul
1,4158.4377,mp_jul
1,4158.7375,mp_jul
1,4159.0373,mp_jul
1,4159.3371,mp_jul
1,4159.6369,mp_jul
1,4159.9367,mp_jul
1,4160.2365,mp_jul
1,4160.5362,mp_jul
1,4160.836,mp_jul
1,4161.1358,mp_jul
1,4161.4356,mp_jul
1,4161.7354,mp_jul
1,4162.0352,mp_jul
1,4162.3349,mp_jul
1,4162.6348,mp_jul
1,4162.9346,mp_jul
1,4163.2343,mp_jul
1,4163.5341,mp_jul
1,4163.8339,mp_jul
1,4164.1336,mp_jul
1,4164.4334,mp_jul
1,4164.7332,mp_jul
1,4165.033,mp_jul
1,4165.3328,mp_jul
1,4165.6326,mp_jul
1,4165.9324,mp_jul
1,4166.2322,mp_jul
1,4166.5319,mp_jul
1,4166.8317,mp_jul
1,4167.1316,mp_jul
1,4167.4314,mp_jul
1,4167.7311,mp_jul
1,4168.0309,mp_jul
1,4168.3307,mp_jul
1,4168.6304,mp_jul
1,4168.9302,mp_jul
1,4169.23,mp_jul
1,4169.5298,mp_jul
1,4169.8296,mp_jul
1,4170.1793,mp_jul
1,4170.4792,mp_jul
1,4170.7789,mp_jul
1,4171.0787,mp_jul
1,4171.3785,mp_jul
1,4171.6783,mp_jul
1,4171.9781,mp_jul
1,4172.2779,mp_jul
1,4172.5777,mp_jul
1,4172.8774,mp_jul
1,4173.1772,mp_jul
1,4173.477,mp_jul
1,4173.7768,mp_jul
1,4174.0765,mp_jul
1,4174.3763,mp_jul
1,4174.6762,mp_jul
1,4174.9759,mp_jul
1,4175.2757,mp_jul
1,4175.5756,mp_jul
1,4175.8754,mp_jul
1,4176.1751,mp_jul
1,4176.4749,mp_jul
1,4176.7747,mp_jul
1,4177.0745,mp_jul
1,4177.3742,mp_jul
1,4177.674,mp_jul
1,4177.9738,mp_jul
1,4178.2736,mp_jul
1,4178.5734,mp_jul
1,4178.8732,mp_jul
1,4179.1786,mp_jul
1,4179.4827,mp_jul
1,4179.7825,mp_jul
1,4180.0824,mp_jul
1,4180.3821,mp_jul
1,4180.6819,mp_jul
1,4180.9817,mp_jul
1,4181.2815,mp_jul
1,4181.5813,mp_jul
1,4181.8811,mp_jul
1,4182.1808,mp_jul
1,4182.4806,mp_jul
1,4182.7854,mp_jul
1,4183.0852,mp_jul
1,4183.385,mp_jul
1,4183.6848,mp_jul
1,4183.9845,mp_jul
1,4184.2843,mp_jul
1,4184.5841,mp_jul
1,4184.9639,mp_jul
1,4185.3036,mp_jul
1,4185.6034,mp_jul
1,4185.9032,mp_jul
1,4186.203,mp_jul
1,4186.5028,mp_jul
1,4186.8026,mp_jul
1,4187.1023,mp_jul
1,4187.4021,mp_jul
1,4187.7019,mp_jul
1,4188.0017,mp_jul
1,4188.3015,mp_jul
1,4188.6013,mp_jul
1,4188.9011,mp_jul
1,4189.2008,mp_jul
1,4189.5006,mp_jul
1,4189.8004,mp_jul
1,4190.1002,mp_jul
1,4190.4,mp_jul
1,4190.6998,mp_jul
1,4190.9996,mp_jul
1,4191.2993,mp_jul
1,4191.5992,mp_jul
1,4191.8989,mp_jul
1,4192.1988,mp_jul
1,4192.4985,mp_jul
1,4192.7983,mp_jul
1,4193.0981,mp_jul
1,4193.3979,mp_jul
1,4193.7027,mp_jul
1,4194.0024,mp_jul
1,4194.3022,mp_jul
1,4194.602,mp_jul
1,4194.9018,mp_jul
1,4195.2016,mp_jul
1,4195.5013,mp_jul
1,4195.8012,mp_jul
1,4196.101,mp_jul
1,4196.4008,mp_jul
1,4196.7005,mp_jul
1,4197.0004,mp_jul
1,4197.3001,mp_jul
1,4197.5998,mp_jul
1,4197.8997,mp_jul
1,4198.1995,mp_jul
1,4198.4993,mp_jul
1,4198.799,mp_jul
1,4199.0989,mp_jul
1,4199.3986,mp_jul
1,4199.6984,mp_jul
1,4199.9983,mp_jul
1,4200.298,mp_jul
1,4200.5978,mp_jul
1,4200.8976,mp_jul
1,4201.1974,mp_jul
1,4201.4971,mp_jul
1,4201.797,mp_jul
1,4202.0967,mp_jul
1,4202.3965,mp_jul
1,4202.6963,mp_jul
1,4202.996,mp_jul
1,4203.2959,mp_jul
1,4203.5957,mp_jul
1,4203.8955,mp_jul
1,4204.1952,mp_jul
1,4204.495,mp_jul
1,4204.7948,mp_jul
1,4205.0946,mp_jul
1,4205.3944,mp_jul
1,4205.6941,mp_jul
1,4205.9939,mp_jul
1,4206.2938,mp_jul
1,4206.5935,mp_jul
1,4206.8933,mp_jul
1,4207.1931,mp_jul
1,4207.4929,mp_jul
1,4207.7927,mp_jul
1,4208.0925,mp_jul
1,4208.3923,mp_jul
1,4208.692,mp_jul
1,4208.9918,mp_jul
1,4209.2916,mp_jul
1,4209.5914,mp_jul
1,4209.8912,mp_jul
1,4210.191,mp_jul
1,4210.4908,mp_jul
1,4210.7906,mp_jul
1,4211.0904,mp_jul
1,4211.3901,mp_jul
1,4211.6899,mp_jul
1,4211.9897,mp_jul
1,4212.2895,mp_jul
1,4212.5893,mp_jul
1,4212.8891,mp_jul
1,4213.1888,mp_jul
1,4213.4886,mp_jul
1,4213.7884,mp_jul
1,4214.0882,mp_jul
1,4214.388,mp_jul
1,4214.6878,mp_jul
1,4214.9876,mp_jul
1,4215.2874,mp_jul
1,4215.5872,mp_jul
1,4215.887,mp_jul
1,4216.1867,mp_jul
1,4216.4866,mp_jul
1,4216.7863,mp_jul
1,4217.1011,mp_jul
1,4217.4116,mp_jul
1,4217.7114,mp_jul
1,4218.0112,mp_jul
1,4218.3109,mp_jul
1,4218.6107,mp_jul
1,4218.9105,mp_jul
1,4219.2103,mp_jul
1,4219.5101,mp_jul
1,4219.8099,mp_jul
1,4220.1097,mp_jul
1,4220.4094,mp_jul
1,4220.7092,mp_jul
1,4221.009,mp_jul
1,4221.3088,mp_jul
1,4221.6086,mp_jul
1,4221.9084,mp_jul
1,4222.2082,mp_jul
1,4222.508,mp_jul
1,4222.8077,mp_jul
1,4223.1075,mp_jul
1,4223.4073,mp_jul
1,4223.7071,mp_jul
1,4224.0068,mp_jul
1,4224.3067,mp_jul
1,4224.6064,mp_jul
1,4224.9062,mp_jul
1,4225.206,mp_jul
1,4225.5058,mp_jul
1,4225.8056,mp_jul
1,4226.1054,mp_jul
1,4226.4052,mp_jul
1,4226.7049,mp_jul
1,4227.0091,mp_jul
1,4227.3088,mp_jul
1,4227.6087,mp_jul
1,4227.9084,mp_jul
1,4228.2082,mp_jul
1,4228.508,mp_jul
1,4228.8078,mp_jul
1,4229.1076,mp_jul
1,4229.4074,mp_jul
1,4229.7072,mp_jul
1,4230.0069,mp_jul
1,4230.3068,mp_jul
1,4230.6065,mp_jul
1,4230.9063,mp_jul
1,4231.2061,mp_jul
1,4231.5059,mp_jul
1,4231.8057,mp_jul
1,4232.1055,mp_jul
1,4232.4053,mp_jul
1,4232.7549,mp_jul
1,4233.0548,mp_jul
1,4233.3546,mp_jul
1,4233.7,mp_jul
1,4234.0041,mp_jul
1,4234.3039,mp_jul
1,4234.6037,mp_jul
1,4234.9035,mp_jul
1,4235.2033,mp_jul
1,4235.5031,mp_jul
1,4235.8028,mp_jul
1,4236.1026,mp_jul
1,4236.418,mp_jul
1,4236.7179,mp_jul
1,4237.0176,mp_jul
1,4237.3174,mp_jul
1,4237.6172,mp_jul
1,4237.917,mp_jul
1,4238.2168,mp_jul
1,4238.5166,mp_jul
1,4238.8163,mp_jul
1,4239.1161,mp_jul
1,4239.4203,mp_jul
1,4239.7201,mp_jul
1,4240.0198,mp_jul
1,4240.3196,mp_jul
1,4240.6194,mp_jul
1,4240.9192,mp_jul
1,4241.219,mp_jul
1,4241.5188,mp_jul
1,4241.8186,mp_jul
1,4242.1184,mp_jul
1,4242.4181,mp_jul
1,4242.7179,mp_jul
1,4243.0177,mp_jul
1,4243.3175,mp_jul
1,4243.6173,mp_jul
1,4243.9171,mp_jul
1,4244.2169,mp_jul
1,4244.5167,mp_jul
1,4244.8164,mp_jul
1,4245.1162,mp_jul
1,4245.416,mp_jul
1,4245.7158,mp_jul
1,4246.0156,mp_jul
1,4246.3154,mp_jul
1,4246.6151,mp_jul
1,4246.9149,mp_jul
1,4247.2148,mp_jul
1,4247.5146,mp_jul
1,4247.8143,mp_jul
1,4248.1141,mp_jul
1,4248.4139,mp_jul
1,4248.7137,mp_jul
1,4249.0135,mp_jul
1,4249.3133,mp_jul
1,4249.6131,mp_jul
1,4249.9128,mp_jul
1,4250.2126,mp_jul
1,4250.5124,mp_jul
1,4250.8122,mp_jul
1,4251.112,mp_jul
1,4251.4118,mp_jul
1,4251.7116,mp_jul
1,4252.0114,mp_jul
1,4252.3112,mp_jul
1,4252.6109,mp_jul
1,4252.9108,mp_jul
1,4253.2105,mp_jul
1,4253.5103,mp_jul
1,4253.8101,mp_jul
1,4254.1099,mp_jul
1,4254.4097,mp_jul
1,4254.7094,mp_jul
1,4255.0093,mp_jul
1,4255.309,mp_jul
1,4255.6088,mp_jul
1,4255.9086,mp_jul
1,4256.2084,mp_jul
1,4256.5082,mp_jul
1,4256.808,mp_jul
1,4257.1077,mp_jul
1,4257.4076,mp_jul
1,4257.7073,mp_jul
1,4258.0071,mp_jul
1,4258.3069,mp_jul
1,4258.6067,mp_jul
1,4258.9065,mp_jul
1,4259.2063,mp_jul
1,4259.506,mp_jul
1,4259.8059,mp_jul
1,4260.1056,mp_jul
1,4260.4054,mp_jul
1,4260.7102,mp_jul
1,4261.01,mp_jul
1,4261.3098,mp_jul
1,4261.6096,mp_jul
1,4261.9093,mp_jul
1,4262.2092,mp_jul
1,4262.5139,mp_jul
1,4262.8137,mp_jul
1,4263.1135,mp_jul
1,4263.4132,mp_jul
1,4263.7131,mp_jul
1,4264.0129,mp_jul
1,4264.3127,mp_jul
1,4264.6125,mp_jul
1,4264.9122,mp_jul
1,4265.212,mp_jul
1,4265.5118,mp_jul
1,4265.8116,mp_jul
1,4266.1114,mp_jul
1,4266.4112,mp_jul
1,4266.711,mp_jul
1,4267.0108,mp_jul
1,4267.3105,mp_jul
1,4267.6103,mp_jul
1,4267.9101,mp_jul
1,4268.2099,mp_jul
1,4268.5097,mp_jul
1,4268.8095,mp_jul
1,4269.1092,mp_jul
1,4269.4091,mp_jul
1,4269.7088,mp_jul
1,4270.0086,mp_jul
1,4270.3084,mp_jul
1,4270.6082,mp_jul
1,4270.908,mp_jul
1,4271.2078,mp_jul
1,4271.5076,mp_jul
1,4271.8074,mp_jul
1,4272.1071,mp_jul
1,4272.4069,mp_jul
1,4272.7067,mp_jul
1,4273.0065,mp_jul
1,4273.3062,mp_jul
1,4273.6061,mp_jul
1,4273.9058,mp_jul
1,4274.2056,mp_jul
1,4274.5054,mp_jul
1,4274.8052,mp_jul
1,4275.105,mp_jul
1,4275.4048,mp_jul
1,4275.7046,mp_jul
1,4276.0043,mp_jul
1,4276.3041,mp_jul
1,4276.604,mp_jul
1,4276.9037,mp_jul
1,4277.2035,mp_jul
1,4277.5033,mp_jul
1,4277.8031,mp_jul
1,4278.1029,mp_jul
1,4278.4027,mp_jul
1,4278.7025,mp_jul
1,4279.0022,mp_jul
1,4279.302,mp_jul
1,4279.6018,mp_jul
1,4279.9016,mp_jul
1,4280.2014,mp_jul
1,4280.5012,mp_jul
1,4280.801,mp_jul
1,4281.1008,mp_jul
1,4281.4005,mp_jul
1,4281.7004,mp_jul
1,4282.0001,mp_jul
1,4282.2999,mp_jul
1,4282.6005,mp_jul
1,4282.8995,mp_jul
1,4283.1993,mp_jul
1,4283.4991,mp_jul
1,4283.7988,mp_jul
1,4284.0987,mp_jul
1,4284.3984,mp_jul
1,4284.7132,mp_jul
1,4285.0237,mp_jul
1,4285.3236,mp_jul
1,4285.6725,mp_jul
1,4285.9723,mp_jul
1,4286.2721,mp_jul
1,4286.5719,mp_jul
1,4286.8717,mp_jul
1,4287.1715,mp_jul
1,4287.4712,mp_jul
1,4287.771,mp_jul
1,4288.0708,mp_jul
1,4288.3706,mp_jul
1,4288.6704,mp_jul
1,4288.9702,mp_jul
1,4289.27,mp_jul
1,4289.5697,mp_jul
1,4289.8696,mp_jul
1,4290.1693,mp_jul
1,4290.4691,mp_jul
1,4290.7689,mp_jul
1,4291.0836,mp_jul
1,4291.3835,mp_jul
1,4291.6988,mp_jul
1,4292.023,mp_jul
1,4292.3228,mp_jul
1,4292.6226,mp_jul
1,4292.9223,mp_jul
1,4293.2221,mp_jul
1,4293.5219,mp_jul
1,4293.8217,mp_jul
1,4294.1214,mp_jul
1,4294.4213,mp_jul
1,4294.7211,mp_jul
1,4295.0658,mp_jul
1,4295.3656,mp_jul
1,4295.6654,mp_jul
1,4295.9652,mp_jul
1,4296.265,mp_jul
1,4296.5647,mp_jul
1,4296.8646,mp_jul
1,4297.1644,mp_jul
1,4297.4642,mp_jul
1,4297.7639,mp_jul
1,4298.0637,mp_jul
1,4298.3635,mp_jul
1,4298.6633,mp_jul
1,4298.9681,mp_jul
1,4299.2735,mp_jul
1,4299.5733,mp_jul
1,4299.8731,mp_jul
1,4300.1728,mp_jul
1,4300.4726,mp_jul
0,4300.7724,mp_jul
1,4301.0722,mp_jul
1,4301.3721,mp_jul
1,4301.6718,mp_jul
1,4301.9716,mp_jul
1,4302.2714,mp_jul
1,4302.5712,mp_jul
1,4302.8709,mp_jul
1,4303.1708,mp_jul
1,4303.4705,mp_jul
1,4303.7703,mp_jul
1,4304.0701,mp_jul
1,4304.3699,mp_jul
1,4304.6697,mp_jul
1,4304.9695,mp_jul
1,4305.2692,mp_jul
1,4305.5691,mp_jul
1,4305.8687,mp_jul
1,4306.1686,mp_jul
1,4306.4683,mp_jul
1,4306.768,mp_jul
1,4307.068,mp_jul
1,4307.3678,mp_jul
1,4307.6675,mp_jul
1,4307.9673,mp_jul
1,4308.2914,mp_jul
1,4308.5912,mp_jul
1,4308.891,mp_jul
1,4309.1908,mp_jul
1,4309.5263,mp_jul
1,4309.826,mp_jul
1,4310.1301,mp_jul
1,4310.4299,mp_jul
1,4310.7297,mp_jul
1,4311.0295,mp_jul
1,4311.3292,mp_jul
1,4311.6291,mp_jul
1,4311.9289,mp_jul
1,4312.2286,mp_jul
1,4312.5284,mp_jul
1,4312.8282,mp_jul
1,4313.128,mp_jul
1,4313.4278,mp_jul
1,4313.7276,mp_jul
1,4314.0273,mp_jul
1,4314.3271,mp_jul
1,4314.6269,mp_jul
1,4314.9268,mp_jul
1,4315.2265,mp_jul
1,4315.5262,mp_jul
1,4315.826,mp_jul
1,4316.1259,mp_jul
1,4316.4257,mp_jul
1,4316.7254,mp_jul
1,4317.0253,mp_jul
1,4317.325,mp_jul
1,4317.6248,mp_jul
1,4317.9246,mp_jul
1,4318.2243,mp_jul
1,4318.5241,mp_jul
1,4318.8239,mp_jul
1,4319.1237,mp_jul
1,4319.4235,mp_jul
1,4319.7233,mp_jul
1,4320.0231,mp_jul
1,4320.3228,mp_jul
1,4320.6227,mp_jul
1,4320.9225,mp_jul
1,4321.2223,mp_jul
1,4321.522,mp_jul
1,4321.8318,mp_jul
1,4322.1316,mp_jul
1,4322.4664,mp_jul
1,4322.7662,mp_jul
1,4323.066,mp_jul
1,4323.3658,mp_jul
1,4323.6655,mp_jul
1,4323.9653,mp_jul
1,4324.2651,mp_jul
1,4324.5649,mp_jul
1,4324.8647,mp_jul
1,4325.1644,mp_jul
1,4325.4642,mp_jul
1,4325.764,mp_jul
1,4326.0745,mp_jul
1,4326.3742,mp_jul
1,4326.674,mp_jul
1,4326.9738,mp_jul
1,4327.2736,mp_jul
1,4327.5734,mp_jul
1,4327.8732,mp_jul
1,4328.173,mp_jul
1,4328.4727,mp_jul
1,4328.7725,mp_jul
1,4329.0724,mp_jul
1,4329.3721,mp_jul
1,4329.6719,mp_jul
1,4329.9717,mp_jul
1,4330.2714,mp_jul
1,4330.5712,mp_jul
1,4330.871,mp_jul
1,4331.1708,mp_jul
1,4331.4706,mp_jul
1,4331.7704,mp_jul
1,4332.0702,mp_jul
1,4332.3699,mp_jul
1,4332.6697,mp_jul
1,4332.9695,mp_jul
1,4333.2693,mp_jul
1,4333.5691,mp_jul
1,4333.8689,mp_jul
1,4334.1687,mp_jul
1,4334.4685,mp_jul
1,4334.7683,mp_jul
1,4335.068,mp_jul
1,4335.3678,mp_jul
1,4335.6676,mp_jul
1,4335.9674,mp_jul
1,4336.2672,mp_jul
1,4336.5669,mp_jul
1,4336.8667,mp_jul
1,4337.1665,mp_jul
1,4337.4664,mp_jul
1,4337.7661,mp_jul
1,4338.0659,mp_jul
1,4338.3657,mp_jul
1,4338.6655,mp_jul
1,4338.9652,mp_jul
1,4339.2651,mp_jul
1,4339.5648,mp_jul
1,4339.8646,mp_jul
1,4340.1644,mp_jul
1,4340.4642,mp_jul
1,4340.764,mp_jul
1,4341.0638,mp_jul
1,4341.3679,mp_jul
1,4341.6677,mp_jul
1,4341.9676,mp_jul
1,4342.2673,mp_jul
1,4342.5671,mp_jul
1,4342.8669,mp_jul
1,4343.1667,mp_jul
1,4343.4665,mp_jul
1,4343.7662,mp_jul
1,4344.066,mp_jul
1,4344.3658,mp_jul
1,4344.6656,mp_jul
1,4344.9654,mp_jul
1,4345.2652,mp_jul
1,4345.565,mp_jul
1,4345.8647,mp_jul
1,4346.1645,mp_jul
1,4346.4643,mp_jul
1,4346.7641,mp_jul
1,4347.0639,mp_jul
1,4347.3636,mp_jul
1,4347.6635,mp_jul
1,4347.9632,mp_jul
1,4348.263,mp_jul
1,4348.5628,mp_jul
1,4348.8626,mp_jul
1,4349.1624,mp_jul
1,4349.4622,mp_jul
1,4349.762,mp_jul
1,4350.0618,mp_jul
1,4350.3616,mp_jul
1,4350.6614,mp_jul
1,4350.9612,mp_jul
1,4351.261,mp_jul
1,4351.5607,mp_jul
1,4351.8604,mp_jul
1,4352.1603,mp_jul
1,4352.4601,mp_jul
1,4352.7598,mp_jul
1,4353.0597,mp_jul
1,4353.3594,mp_jul
1,4353.6592,mp_jul
1,4353.959,mp_jul
1,4354.2588,mp_jul
1,4354.5586,mp_jul
1,4354.8583,mp_jul
1,4355.1582,mp_jul
1,4355.4579,mp_jul
1,4355.7577,mp_jul
1,4356.0575,mp_jul
1,4356.3573,mp_jul
1,4356.6571,mp_jul
1,4356.9569,mp_jul
1,4357.2566,mp_jul
1,4357.5564,mp_jul
1,4357.8562,mp_jul
1,4358.1561,mp_jul
1,4358.4558,mp_jul
1,4358.7556,mp_jul
1,4359.0554,mp_jul
1,4359.3601,mp_jul
1,4359.6599,mp_jul
1,4359.9596,mp_jul
1,4360.2595,mp_jul
9,4360.5592,mp_jul
1,4360.8591,mp_jul
1,4361.1588,mp_jul
1,4361.4587,mp_jul
1,4361.7584,mp_jul
1,4362.0582,mp_jul
1,4362.358,mp_jul
1,4362.6578,mp_jul
1,4362.9576,mp_jul
1,4363.2573,mp_jul
1,4363.5572,mp_jul
1,4363.857,mp_jul
1,4364.1567,mp_jul
1,4364.4565,mp_jul
1,4364.7563,mp_jul
1,4365.0561,mp_jul
1,4365.3559,mp_jul
1,4365.6557,mp_jul
1,4365.9554,mp_jul
1,4366.2553,mp_jul
1,4366.5549,mp_jul
1,4366.8548,mp_jul
1,4367.1546,mp_jul
1,4367.4543,mp_jul
1,4367.7541,mp_jul
1,4368.054,mp_jul
1,4368.3538,mp_jul
1,4368.6535,mp_jul
1,4368.9533,mp_jul
1,4369.2531,mp_jul
1,4369.5529,mp_jul
1,4369.8527,mp_jul
1,4370.1524,mp_jul
1,4370.4523,mp_jul
1,4370.7521,mp_jul
1,4371.0518,mp_jul
1,4371.3516,mp_jul
1,4371.6514,mp_jul
1,4371.9512,mp_jul
1,4372.251,mp_jul
1,4372.5508,mp_jul
1,4372.8505,mp_jul
1,4373.1503,mp_jul
1,4373.4501,mp_jul
1,4373.7499,mp_jul
1,4374.0497,mp_jul
1,4374.3495,mp_jul
1,4374.6493,mp_jul
1,4374.9491,mp_jul
1,4375.2488,mp_jul
1,4375.5486,mp_jul
1,4375.8484,mp_jul
1,4376.1482,mp_jul
1,4376.448,mp_jul
1,4376.7477,mp_jul
1,4377.0476,mp_jul
1,4377.3474,mp_jul
0,4377.6472,mp_jul
0,4377.9469,mp_jul
1,4378.2467,mp_jul
9,4378.5465,mp_jul
1,4378.8462,mp_jul
1,4379.1461,mp_jul
1,4379.4459,mp_jul
1,4379.7457,mp_jul
1,4380.0454,mp_jul
1,4380.3452,mp_jul
1,4380.645,mp_jul
1,4380.9448,mp_jul
1,4381.2446,mp_jul
1,4381.5444,mp_jul
1,4381.8441,mp_jul
1,4382.1439,mp_jul
1,4382.4437,mp_jul
1,4382.7435,mp_jul
1,4383.0433,mp_jul
1,4383.3431,mp_jul
1,4383.6429,mp_jul
1,4383.9427,mp_jul
1,4384.2425,mp_jul
1,4384.5422,mp_jul
1,4384.8421,mp_jul
1,4385.1418,mp_jul
1,4385.4416,mp_jul
1,4385.7414,mp_jul
1,4386.0412,mp_jul
1,4386.341,mp_jul
1,4386.6408,mp_jul
1,4386.9405,mp_jul
1,4387.2403,mp_jul
1,4387.5402,mp_jul
1,4387.8399,mp_jul
1,4388.1397,mp_jul
1,4388.4395,mp_jul
1,4388.7393,mp_jul
1,4389.0391,mp_jul
1,4389.3388,mp_jul
1,4389.6386,mp_jul
1,4389.9384,mp_jul
1,4390.2382,mp_jul
1,4390.538,mp_jul
1,4390.8378,mp_jul
1,4391.1376,mp_jul
1,4391.4373,mp_jul
1,4391.7372,mp_jul
1,4392.0369,mp_jul
1,4392.3367,mp_jul
1,4392.6365,mp_jul
1,4392.9363,mp_jul
1,4393.2361,mp_jul
1,4393.5359,mp_jul
1,4393.8357,mp_jul
1,4394.1355,mp_jul
1,4394.4353,mp_jul
1,4394.735,mp_jul
1,4395.0348,mp_jul
1,4395.3346,mp_jul
1,4395.6344,mp_jul
1,4395.9342,mp_jul
1,4396.234,mp_jul
1,4396.5337,mp_jul
1,4396.8335,mp_jul
1,4397.1384,mp_jul
1,4397.4381,mp_jul
1,4397.7379,mp_jul
1,4398.0376,mp_jul
1,4398.3375,mp_jul
1,4398.6672,mp_jul
1,4398.967,mp_jul
1,4399.2668,mp_jul
1,4399.5666,mp_jul
1,4399.8664,mp_jul
1,4400.1662,mp_jul
1,4400.466,mp_jul
1,4400.7658,mp_jul
1,4401.0655,mp_jul
1,4401.3653,mp_jul
1,4401.6652,mp_jul
1,4401.9649,mp_jul
1,4402.2646,mp_jul
1,4402.5653,mp_jul
1,4402.8642,mp_jul
1,4403.164,mp_jul
1,4403.4638,mp_jul
1,4403.7636,mp_jul
1,4404.0633,mp_jul
1,4404.3631,mp_jul
1,4404.6629,mp_jul
1,4404.9628,mp_jul
1,4405.2625,mp_jul
1,4405.5623,mp_jul
1,4405.862,mp_jul
1,4406.1619,mp_jul
1,4406.4617,mp_jul
1,4406.7615,mp_jul
1,4407.0612,mp_jul
1,4407.361,mp_jul
1,4407.6608,mp_jul
1,4407.9606,mp_jul
1,4408.2604,mp_jul
1,4408.5602,mp_jul
1,4408.8599,mp_jul
1,4409.1597,mp_jul
1,4409.4595,mp_jul
1,4409.7593,mp_jul
1,4410.0591,mp_jul
1,4410.3589,mp_jul
1,4410.6587,mp_jul
1,4410.9584,mp_jul
1,4411.2582,mp_jul
1,4411.558,mp_jul
1,4411.8578,mp_jul
1,4412.1575,mp_jul
1,4412.4573,mp_jul
1,4412.7572,mp_jul
1,4413.0569,mp_jul
1,4413.3567,mp_jul
1,4413.6566,mp_jul
1,4413.9564,mp_jul
1,4414.2561,mp_jul
1,4414.5558,mp_jul
1,4414.8557,mp_jul
1,4415.1555,mp_jul
1,4415.4552,mp_jul
1,4415.755,mp_jul
1,4416.0548,mp_jul
1,4416.3546,mp_jul
1,4416.6544,mp_jul
1,4416.9542,mp_jul
1,4417.2539,mp_jul
1,4417.5538,mp_jul
1,4417.8535,mp_jul
1,4418.1533,mp_jul
1,4418.4531,mp_jul
1,4418.7529,mp_jul
1,4419.0526,mp_jul
1,4419.3624,mp_jul
1,4419.6622,mp_jul
1,4419.962,mp_jul
1,4420.2618,mp_jul
1,4420.5616,mp_jul
1,4420.8613,mp_jul
1,4421.1612,mp_jul
1,4421.4609,mp_jul
1,4421.7607,mp_jul
1,4422.0605,mp_jul
1,4422.3603,mp_jul
1,4422.6601,mp_jul
1,4422.9598,mp_jul
1,4423.2596,mp_jul
1,4423.5594,mp_jul
1,4423.8592,mp_jul
1,4424.159,mp_jul
1,4424.4588,mp_jul
1,4424.7586,mp_jul
1,4425.0933,mp_jul
1,4425.3931,mp_jul
1,4425.6929,mp_jul
1,4425.9926,mp_jul
1,4426.2924,mp_jul
1,4426.5922,mp_jul
1,4426.897,mp_jul
1,4427.1968,mp_jul
1,4427.4966,mp_jul
1,4427.7964,mp_jul
1,4428.0962,mp_jul
1,4428.396,mp_jul
1,4428.6957,mp_jul
1,4428.9955,mp_jul
1,4429.3009,mp_jul
1,4429.6151,mp_jul
1,4429.9149,mp_jul
1,4430.2147,mp_jul
1,4430.5144,mp_jul
1,4430.8142,mp_jul
1,4431.114,mp_jul
1,4431.4138,mp_jul
1,4431.7136,mp_jul
1,4432.0134,mp_jul
1,4432.3132,mp_jul
1,4432.613,mp_jul
1,4432.9127,mp_jul
1,4433.2126,mp_jul
1,4433.5123,mp_jul
1,4433.8121,mp_jul
1,4434.1118,mp_jul
1,4434.4116,mp_jul
1,4434.7114,mp_jul
1,4435.0112,mp_jul
1,4435.311,mp_jul
1,4435.6108,mp_jul
1,4435.9107,mp_jul
1,4436.2103,mp_jul
1,4436.5101,mp_jul
1,4436.8099,mp_jul
1,4437.1097,mp_jul
1,4437.4095,mp_jul
1,4437.7093,mp_jul
1,4438.0091,mp_jul
1,4438.3089,mp_jul
1,4438.6087,mp_jul
1,4438.9084,mp_jul
1,4439.2082,mp_jul
1,4439.508,mp_jul
1,4439.8078,mp_jul
1,4440.1175,mp_jul
1,4440.5831,mp_jul
1,4440.882,mp_jul
1,4441.2817,mp_jul
1,4441.5815,mp_jul
1,4441.8813,mp_jul
1,4442.1811,mp_jul
1,4442.4809,mp_jul
1,4442.7807,mp_jul
1,4443.0805,mp_jul
1,4443.3803,mp_jul
1,4443.68,mp_jul
1,4443.9798,mp_jul
1,4444.2796,mp_jul
1,4444.5794,mp_jul
1,4444.8792,mp_jul
1,4445.184,mp_jul
1,4445.4837,mp_jul
1,4445.7835,mp_jul
1,4446.0983,mp_jul
1,4446.3981,mp_jul
1,4446.6979,mp_jul
1,4446.9977,mp_jul
1,4447.2974,mp_jul
1,4447.5972,mp_jul
1,4447.897,mp_jul
1,4448.1968,mp_jul
1,4448.4966,mp_jul
1,4448.7964,mp_jul
1,4449.0961,mp_jul
1,4449.3959,mp_jul
1,4449.6957,mp_jul
1,4449.9956,mp_jul
1,4450.2953,mp_jul
1,4450.5951,mp_jul
1,4450.8949,mp_jul
1,4451.1947,mp_jul
1,4451.4945,mp_jul
1,4451.7942,mp_jul
1,4452.0941,mp_jul
1,4452.3939,mp_jul
1,4452.6936,mp_jul
1,4452.9934,mp_jul
1,4453.2932,mp_jul
1,4453.593,mp_jul
1,4453.8928,mp_jul
1,4454.1925,mp_jul
1,4454.4924,mp_jul
1,4454.7922,mp_jul
1,4455.0919,mp_jul
1,4455.3917,mp_jul
1,4455.6915,mp_jul
1,4455.9913,mp_jul
1,4456.291,mp_jul
1,4456.5908,mp_jul
1,4456.8906,mp_jul
1,4457.1905,mp_jul
1,4457.4902,mp_jul
1,4457.79,mp_jul
1,4458.0898,mp_jul
1,4458.3895,mp_jul
1,4458.6894,mp_jul
1,4458.9891,mp_jul
1,4459.2889,mp_jul
1,4459.5887,mp_jul
1,4459.8885,mp_jul
1,4460.1883,mp_jul
1,4460.488,mp_jul
1,4460.7878,mp_jul
1,4461.0876,mp_jul
1,4461.3874,mp_jul
1,4461.6872,mp_jul
1,4461.987,mp_jul
1,4462.2868,mp_jul
1,4462.5866,mp_jul
1,4462.8863,mp_jul
1,4463.1861,mp_jul
1,4463.4859,mp_jul
1,4463.7857,mp_jul
1,4464.0855,mp_jul
1,4464.3852,mp_jul
1,4464.6851,mp_jul
1,4464.9849,mp_jul
1,4465.2846,mp_jul
1,4465.5844,mp_jul
1,4465.8842,mp_jul
1,4466.184,mp_jul
1,4466.4838,mp_jul
1,4466.7836,mp_jul
1,4467.0834,mp_jul
1,4467.3832,mp_jul
1,4467.683,mp_jul
1,4467.9828,mp_jul
1,4468.2825,mp_jul
1,4468.5823,mp_jul
1,4468.8821,mp_jul
1,4469.1819,mp_jul
1,4469.4817,mp_jul
1,4469.7814,mp_jul
1,4470.0812,mp_jul
1,4470.3811,mp_jul
1,4470.6808,mp_jul
1,4470.9806,mp_jul
1,4471.2804,mp_jul
1,4471.5802,mp_jul
1,4471.88,mp_jul
1,4472.1797,mp_jul
1,4472.4795,mp_jul
1,4472.7794,mp_jul
1,4473.0791,mp_jul
1,4473.3789,mp_jul
1,4473.6787,mp_jul
1,4473.9785,mp_jul
1,4474.2833,mp_jul
1,4474.5831,mp_jul
1,4474.8828,mp_jul
1,4475.1827,mp_jul
1,4475.4824,mp_jul
1,4475.7822,mp_jul
1,4476.082,mp_jul
1,4476.3818,mp_jul
1,4476.6815,mp_jul
1,4476.9963,mp_jul
1,4477.2961,mp_jul
1,4477.5959,mp_jul
1,4477.8957,mp_jul
1,4478.1955,mp_jul
1,4478.4953,mp_jul
1,4478.795,mp_jul
1,4479.0948,mp_jul
1,4479.3946,mp_jul
1,4479.6944,mp_jul
1,4479.9942,mp_jul
1,4480.294,mp_jul
1,4480.5938,mp_jul
1,4480.8935,mp_jul
1,4481.1933,mp_jul
1,4481.4931,mp_jul
1,4481.7929,mp_jul
1,4482.0927,mp_jul
1,4482.3924,mp_jul
1,4482.6923,mp_jul
1,4482.9921,mp_jul
1,4483.2918,mp_jul
1,4483.5916,mp_jul
1,4483.8914,mp_jul
1,4484.1912,mp_jul
1,4484.491,mp_jul
1,4484.7908,mp_jul
1,4485.0905,mp_jul
1,4485.3903,mp_jul
1,4485.6901,mp_jul
1,4485.99,mp_jul
1,4486.2897,mp_jul
1,4486.5895,mp_jul
1,4486.8893,mp_jul
1,4487.1891,mp_jul
1,4487.4888,mp_jul
1,4487.7887,mp_jul
1,4488.0884,mp_jul
1,4488.3882,mp_jul
1,4488.688,mp_jul
1,4488.9878,mp_jul
1,4489.2876,mp_jul
1,4489.5873,mp_jul
1,4489.8871,mp_jul
1,4490.187,mp_jul
1,4490.4867,mp_jul
1,4490.7865,mp_jul
1,4491.0863,mp_jul
1,4491.3861,mp_jul
1,4491.6859,mp_jul
1,4491.9856,mp_jul
1,4492.2854,mp_jul
1,4492.5852,mp_jul
1,4492.885,mp_jul
1,4493.1848,mp_jul
1,4493.4846,mp_jul
1,4493.7844,mp_jul
1,4494.0842,mp_jul
1,4494.384,mp_jul
1,4494.6837,mp_jul
1,4494.9836,mp_jul
1,4495.2833,mp_jul
1,4495.5831,mp_jul
1,4495.8829,mp_jul
1,4496.1827,mp_jul
1,4496.4825,mp_jul
1,4496.7823,mp_jul
1,4497.082,mp_jul
1,4497.3818,mp_jul
1,4497.6816,mp_jul
1,4497.9814,mp_jul
1,4498.2812,mp_jul
1,4498.581,mp_jul
1,4498.8807,mp_jul
1,4499.1805,mp_jul
1,4499.4803,mp_jul
1,4499.7801,mp_jul
1,4500.0799,mp_jul
1,4500.3797,mp_jul
1,4500.6795,mp_jul
1,4500.9793,mp_jul
1,4501.299,mp_jul
1,4501.5988,mp_jul
1,4501.8986,mp_jul
1,4502.1984,mp_jul
1,4502.4982,mp_jul
1,4502.798,mp_jul
1,4503.0978,mp_jul
1,4503.3975,mp_jul
1,4503.6973,mp_jul
1,4503.9971,mp_jul
1,4504.297,mp_jul
1,4504.5967,mp_jul
1,4504.8965,mp_jul
1,4505.1963,mp_jul
1,4505.496,mp_jul
1,4505.7958,mp_jul
1,4506.0956,mp_jul
1,4506.3955,mp_jul
1,4506.6952,mp_jul
1,4506.995,mp_jul
1,4507.2948,mp_jul
1,4507.5946,mp_jul
1,4507.8943,mp_jul
1,4508.1942,mp_jul
1,4508.4939,mp_jul
1,4508.7937,mp_jul
1,4509.0935,mp_jul
1,4509.3933,mp_jul
1,4509.6931,mp_jul
1,4509.9928,mp_jul
1,4510.2927,mp_jul
1,4510.5924,mp_jul
1,4510.8923,mp_jul
1,4511.1921,mp_jul
1,4511.4918,mp_jul
1,4511.7916,mp_jul
1,4512.0914,mp_jul
1,4512.3911,mp_jul
1,4512.691,mp_jul
1,4512.9908,mp_jul
1,4513.2905,mp_jul
1,4513.5903,mp_jul
1,4513.8901,mp_jul
1,4514.2948,mp_jul
1,4514.5946,mp_jul
1,4514.8944,mp_jul
1,4515.1942,mp_jul
1,4515.494,mp_jul
1,4515.7937,mp_jul
1,4516.0935,mp_jul
1,4516.3933,mp_jul
1,4516.6931,mp_jul
1,4517.0678,mp_jul
1,4517.3676,mp_jul
1,4517.6674,mp_jul
1,4517.9672,mp_jul
1,4518.2669,mp_jul
1,4518.5668,mp_jul
1,4518.8666,mp_jul
1,4519.1663,mp_jul
1,4519.4661,mp_jul
1,4519.7659,mp_jul
1,4520.0657,mp_jul
1,4520.3655,mp_jul
1,4520.6653,mp_jul
1,4520.9651,mp_jul
1,4521.2648,mp_jul
1,4521.5647,mp_jul
1,4521.8644,mp_jul
1,4522.1643,mp_jul
1,4522.464,mp_jul
1,4522.7638,mp_jul
1,4523.0636,mp_jul
1,4523.3634,mp_jul
1,4523.6632,mp_jul
1,4523.9629,mp_jul
1,4524.2627,mp_jul
1,4524.5625,mp_jul
1,4524.8623,mp_jul
1,4525.1621,mp_jul
1,4525.4619,mp_jul
1,4525.7617,mp_jul
1,4526.0615,mp_jul
1,4526.3612,mp_jul
1,4526.6611,mp_jul
1,4526.9608,mp_jul
1,4527.2606,mp_jul
1,4527.5604,mp_jul
1,4527.8602,mp_jul
1,4528.1599,mp_jul
1,4528.4597,mp_jul
1,4528.7596,mp_jul
1,4529.0593,mp_jul
1,4529.3591,mp_jul
1,4529.6588,mp_jul
1,4529.9587,mp_jul
1,4530.2585,mp_jul
1,4530.5582,mp_jul
1,4530.858,mp_jul
1,4531.1578,mp_jul
1,4531.4576,mp_jul
1,4531.7574,mp_jul
1,4532.0572,mp_jul
1,4532.357,mp_jul
1,4532.6567,mp_jul
1,4532.9565,mp_jul
1,4533.2563,mp_jul
1,4533.5561,mp_jul
1,4533.8559,mp_jul
1,4534.1556,mp_jul
1,4534.4555,mp_jul
1,4534.7552,mp_jul
1,4535.055,mp_jul
1,4535.3548,mp_jul
1,4535.6546,mp_jul
1,4535.9544,mp_jul
1,4536.2541,mp_jul
1,4536.554,mp_jul
1,4536.8537,mp_jul
1,4537.1535,mp_jul
1,4537.4533,mp_jul
1,4537.7531,mp_jul
1,4538.0528,mp_jul
1,4538.3526,mp_jul
1,4538.6525,mp_jul
1,4538.9522,mp_jul
1,4539.2626,mp_jul
1,4539.5624,mp_jul
1,4539.8666,mp_jul
1,4540.1664,mp_jul
1,4540.4662,mp_jul
1,4540.7659,mp_jul
1,4541.0657,mp_jul
1,4541.3655,mp_jul
1,4541.6653,mp_jul
1,4541.9651,mp_jul
1,4542.2648,mp_jul
1,4542.5647,mp_jul
1,4542.8801,mp_jul
1,4543.1799,mp_jul
1,4543.484,mp_jul
1,4543.7838,mp_jul
1,4544.0836,mp_jul
1,4544.3833,mp_jul
1,4544.6931,mp_jul
1,4544.9929,mp_jul
1,4545.2927,mp_jul
1,4545.658,mp_jul
1,4545.9579,mp_jul
1,4546.2576,mp_jul
1,4546.5574,mp_jul
1,4546.8616,mp_jul
1,4547.1613,mp_jul
1,4547.4612,mp_jul
1,4547.7609,mp_jul
1,4548.0607,mp_jul
1,4548.3604,mp_jul
1,4548.6603,mp_jul
1,4548.9601,mp_jul
1,4549.2598,mp_jul
1,4549.5596,mp_jul
1,4549.8594,mp_jul
1,4550.1592,mp_jul
1,4550.459,mp_jul
1,4550.7588,mp_jul
1,4551.0585,mp_jul
1,4551.3583,mp_jul
1,4551.6581,mp_jul
1,4551.9579,mp_jul
1,4552.2577,mp_jul
1,4552.5574,mp_jul
1,4552.8573,mp_jul
1,4553.1571,mp_jul
1,4553.4568,mp_jul
1,4553.7566,mp_jul
1,4554.0564,mp_jul
1,4554.3562,mp_jul
1,4554.656,mp_jul
1,4554.9558,mp_jul
1,4555.2556,mp_jul
1,4555.5603,mp_jul
1,4555.8601,mp_jul
1,4556.1599,mp_jul
1,4556.4597,mp_jul
1,4556.7595,mp_jul
1,4557.0593,mp_jul
1,4557.3591,mp_jul
1,4557.6588,mp_jul
1,4557.9586,mp_jul
1,4558.2584,mp_jul
1,4558.5582,mp_jul
1,4558.858,mp_jul
1,4559.1577,mp_jul
1,4559.4575,mp_jul
1,4559.7573,mp_jul
1,4560.0571,mp_jul
1,4560.3569,mp_jul
1,4560.6567,mp_jul
1,4560.9565,mp_jul
1,4561.2563,mp_jul
1,4561.5561,mp_jul
1,4561.8558,mp_jul
1,4562.1556,mp_jul
1,4562.4553,mp_jul
1,4562.7551,mp_jul
1,4563.055,mp_jul
1,4563.3548,mp_jul
1,4563.6545,mp_jul
1,4563.9543,mp_jul
1,4564.2541,mp_jul
1,4564.5539,mp_jul
1,4564.8537,mp_jul
1,4565.1535,mp_jul
1,4565.4532,mp_jul
1,4565.753,mp_jul
1,4566.0528,mp_jul
1,4566.3526,mp_jul
1,4566.6524,mp_jul
1,4566.9522,mp_jul
1,4567.252,mp_jul
1,4567.5518,mp_jul
1,4567.8516,mp_jul
1,4568.1513,mp_jul
1,4568.4511,mp_jul
1,4568.7509,mp_jul
1,4569.0507,mp_jul
1,4569.3505,mp_jul
1,4569.6503,mp_jul
1,4569.95,mp_jul
1,4570.2498,mp_jul
1,4570.5496,mp_jul
1,4570.8494,mp_jul
1,4571.1492,mp_jul
1,4571.449,mp_jul
1,4571.7488,mp_jul
1,4572.0486,mp_jul
1,4572.3483,mp_jul
1,4572.6481,mp_jul
1,4572.9479,mp_jul
1,4573.2477,mp_jul
1,4573.5475,mp_jul
1,4573.8472,mp_jul
1,4574.147,mp_jul
1,4574.4468,mp_jul
1,4574.7466,mp_jul
1,4575.0464,mp_jul
1,4575.3462,mp_jul
1,4575.646,mp_jul
1,4575.9458,mp_jul
1,4576.2456,mp_jul
1,4576.5453,mp_jul
1,4576.8452,mp_jul
1,4577.1449,mp_jul
1,4577.4447,mp_jul
1,4577.7445,mp_jul
1,4578.0443,mp_jul
1,4578.3441,mp_jul
1,4578.6438,mp_jul
1,4578.9436,mp_jul
1,4579.2434,mp_jul
1,4579.5432,mp_jul
1,4579.8429,mp_jul
1,4580.1428,mp_jul
1,4580.4425,mp_jul
1,4580.7424,mp_jul
1,4581.0422,mp_jul
1,4581.3419,mp_jul
1,4581.6417,mp_jul
1,4581.9415,mp_jul
1,4582.2412,mp_jul
1,4582.5411,mp_jul
1,4582.8409,mp_jul
1,4583.1406,mp_jul
1,4583.4404,mp_jul
1,4583.7402,mp_jul
1,4584.04,mp_jul
1,4584.3398,mp_jul
1,4584.6396,mp_jul
1,4584.9394,mp_jul
1,4585.2391,mp_jul
1,4585.5389,mp_jul
1,4585.8387,mp_jul
1,4586.1385,mp_jul
1,4586.4383,mp_jul
1,4586.7381,mp_jul
1,4587.0379,mp_jul
1,4587.3377,mp_jul
1,4587.6374,mp_jul
1,4587.9372,mp_jul
1,4588.237,mp_jul
1,4588.5368,mp_jul
1,4588.8366,mp_jul
1,4589.1364,mp_jul
1,4589.4362,mp_jul
1,4589.736,mp_jul
1,4590.0358,mp_jul
1,4590.3355,mp_jul
1,4590.6353,mp_jul
1,4590.9351,mp_jul
1,4591.2349,mp_jul
1,4591.5347,mp_jul
1,4591.8345,mp_jul
1,4592.1342,mp_jul
1,4592.4341,mp_jul
1,4592.7338,mp_jul
1,4593.0336,mp_jul
1,4593.3333,mp_jul
1,4593.6482,mp_jul
1,4593.9479,mp_jul
1,4594.2477,mp_jul
1,4594.5475,mp_jul
1,4594.8473,mp_jul
1,4595.1471,mp_jul
1,4595.4468,mp_jul
1,4595.7467,mp_jul
1,4596.0464,mp_jul
1,4596.3463,mp_jul
1,4596.646,mp_jul
1,4596.9458,mp_jul
1,4597.2456,mp_jul
1,4597.5454,mp_jul
1,4597.8452,mp_jul
1,4598.145,mp_jul
1,4598.4448,mp_jul
1,4598.7445,mp_jul
1,4599.0443,mp_jul
1,4599.3541,mp_jul
1,4599.6539,mp_jul
1,4599.9537,mp_jul
1,4600.2535,mp_jul
1,4600.5532,mp_jul
1,4600.853,mp_jul
1,4601.1529,mp_jul
1,4601.4526,mp_jul
1,4601.7524,mp_jul
1,4602.0522,mp_jul
1,4602.352,mp_jul
1,4602.6518,mp_jul
1,4602.9516,mp_jul
1,4603.257,mp_jul
1,4603.5567,mp_jul
1,4603.8565,mp_jul
1,4604.1563,mp_jul
1,4604.4561,mp_jul
1,4604.7603,mp_jul
1,4605.0651,mp_jul
1,4605.3649,mp_jul
1,4605.6646,mp_jul
1,4605.9644,mp_jul
1,4606.2642,mp_jul
1,4606.5746,mp_jul
1,4606.8744,mp_jul
1,4607.1742,mp_jul
1,4607.474,mp_jul
1,4607.7737,mp_jul
1,4608.0735,mp_jul
1,4608.3733,mp_jul
1,4608.6731,mp_jul
1,4608.9729,mp_jul
1,4609.2727,mp_jul
1,4609.5724,mp_jul
1,4609.8723,mp_jul
1,4610.172,mp_jul
1,4610.4718,mp_jul
1,4610.7716,mp_jul
1,4611.0714,mp_jul
1,4611.3711,mp_jul
1,4611.6709,mp_jul
1,4611.9708,mp_jul
1,4612.2705,mp_jul
1,4612.5703,mp_jul
1,4612.8701,mp_jul
1,4613.1699,mp_jul
1,4613.4697,mp_jul
1,4613.7694,mp_jul
1,4614.0692,mp_jul
1,4614.3691,mp_jul
1,4614.6688,mp_jul
1,4614.9686,mp_jul
1,4615.2684,mp_jul
1,4615.5682,mp_jul
1,4615.8679,mp_jul
1,4616.1721,mp_jul
1,4616.4719,mp_jul
1,4616.7717,mp_jul
1,4617.0715,mp_jul
1,4617.3713,mp_jul
1,4617.6711,mp_jul
1,4617.9708,mp_jul
1,4618.2706,mp_jul
1,4618.5704,mp_jul
1,4618.8702,mp_jul
1,4619.17,mp_jul
1,4619.4698,mp_jul
1,4619.7695,mp_jul
1,4620.0693,mp_jul
1,4620.3692,mp_jul
1,4620.6689,mp_jul
1,4620.9687,mp_jul
1,4621.2685,mp_jul
1,4621.5683,mp_jul
1,4621.8681,mp_jul
1,4622.1679,mp_jul
1,4622.4777,mp_jul
1,4622.7774,mp_jul
1,4623.0772,mp_jul
1,4623.377,mp_jul
1,4623.6768,mp_jul
1,4623.9766,mp_jul
1,4624.2764,mp_jul
1,4624.5762,mp_jul
1,4624.876,mp_jul
1,4625.1757,mp_jul
1,4625.4755,mp_jul
1,4625.7753,mp_jul
1,4626.0751,mp_jul
1,4626.3749,mp_jul
1,4626.6747,mp_jul
1,4626.9745,mp_jul
1,4627.2742,mp_jul
1,4627.574,mp_jul
1,4627.8738,mp_jul
1,4628.1736,mp_jul
1,4628.4734,mp_jul
1,4628.7732,mp_jul
1,4629.073,mp_jul
1,4629.3727,mp_jul
1,4629.7824,mp_jul
1,4630.0822,mp_jul
1,4630.382,mp_jul
1,4630.6818,mp_jul
1,4630.9816,mp_jul
1,4631.2814,mp_jul
1,4631.5812,mp_jul
1,4631.8809,mp_jul
1,4632.1808,mp_jul
1,4632.4806,mp_jul
1,4632.7803,mp_jul
1,4633.0801,mp_jul
1,4633.3799,mp_jul
1,4633.6797,mp_jul
1,4633.9795,mp_jul
1,4634.2793,mp_jul
1,4634.579,mp_jul
1,4634.8788,mp_jul
1,4635.1786,mp_jul
1,4635.4784,mp_jul
1,4635.7782,mp_jul
1,4636.078,mp_jul
1,4636.3778,mp_jul
1,4636.6776,mp_jul
1,4636.9773,mp_jul
1,4637.2771,mp_jul
1,4637.5769,mp_jul
1,4637.8767,mp_jul
1,4638.1765,mp_jul
1,4638.4762,mp_jul
1,4638.7761,mp_jul
1,4639.0758,mp_jul
1,4639.3756,mp_jul
1,4639.6754,mp_jul
1,4639.9752,mp_jul
1,4640.275,mp_jul
1,4640.5748,mp_jul
1,4640.8745,mp_jul
1,4641.1743,mp_jul
1,4641.4741,mp_jul
1,4641.7739,mp_jul
1,4642.0737,mp_jul
1,4642.3734,mp_jul
1,4642.6732,mp_jul
1,4642.9731,mp_jul
1,4643.2728,mp_jul
1,4643.5726,mp_jul
1,4643.8724,mp_jul
1,4644.1721,mp_jul
1,4644.472,mp_jul
1,4644.7718,mp_jul
1,4645.0815,mp_jul
1,4645.3813,mp_jul
1,4645.6811,mp_jul
1,4645.9809,mp_jul
1,4646.2807,mp_jul
1,4646.5804,mp_jul
1,4646.8802,mp_jul
1,4647.1801,mp_jul
1,4647.4798,mp_jul
1,4647.7796,mp_jul
1,4648.0794,mp_jul
1,4648.3792,mp_jul
1,4648.679,mp_jul
1,4648.9787,mp_jul
1,4649.2786,mp_jul
1,4649.5783,mp_jul
1,4649.8781,mp_jul
1,4650.1779,mp_jul
1,4650.4777,mp_jul
1,4650.7775,mp_jul
1,4651.0773,mp_jul
1,4651.3827,mp_jul
1,4651.6825,mp_jul
1,4651.9823,mp_jul
1,4652.282,mp_jul
1,4652.5818,mp_jul
1,4652.8816,mp_jul
1,4653.1813,mp_jul
1,4653.4812,mp_jul
1,4653.781,mp_jul
1,4654.0808,mp_jul
1,4654.3805,mp_jul
1,4654.6804,mp_jul
1,4654.9801,mp_jul
1,4655.2799,mp_jul
1,4655.5797,mp_jul
1,4655.8795,mp_jul
1,4656.2336,mp_jul
1,4656.5334,mp_jul
1,4656.8332,mp_jul
1,4657.133,mp_jul
1,4657.4327,mp_jul
1,4657.7325,mp_jul
1,4658.0323,mp_jul
1,4658.3321,mp_jul
1,4658.6319,mp_jul
1,4658.9316,mp_jul
1,4659.2371,mp_jul
1,4659.5369,mp_jul
1,4659.8367,mp_jul
1,4660.1365,mp_jul
1,4660.4363,mp_jul
1,4660.7361,mp_jul
1,4661.0359,mp_jul
1,4661.3356,mp_jul
1,4661.6354,mp_jul
1,4661.9352,mp_jul
1,4662.2349,mp_jul
1,4662.5347,mp_jul
1,4662.8345,mp_jul
1,4663.1343,mp_jul
1,4663.4341,mp_jul
1,4663.7339,mp_jul
1,4664.0336,mp_jul
1,4664.3334,mp_jul
1,4664.6332,mp_jul
1,4664.933,mp_jul
1,4665.2328,mp_jul
1,4665.5326,mp_jul
1,4665.8324,mp_jul
1,4666.1321,mp_jul
1,4666.4319,mp_jul
1,4666.7317,mp_jul
1,4667.0315,mp_jul
1,4667.3313,mp_jul
1,4667.631,mp_jul
1,4667.9308,mp_jul
1,4668.2307,mp_jul
1,4668.5398,mp_jul
1,4668.8396,mp_jul
1,4669.1394,mp_jul
1,4669.4391,mp_jul
1,4669.739,mp_jul
1,4670.0387,mp_jul
1,4670.3385,mp_jul
1,4670.6384,mp_jul
1,4670.9381,mp_jul
1,4671.2379,mp_jul
1,4671.5376,mp_jul
1,4671.8375,mp_jul
1,4672.1372,mp_jul
1,4672.437,mp_jul
1,4672.7368,mp_jul
1,4673.0366,mp_jul
1,4673.3364,mp_jul
1,4673.6362,mp_jul
1,4673.9359,mp_jul
1,4674.2357,mp_jul
1,4674.5355,mp_jul
1,4674.8353,mp_jul
1,4675.1351,mp_jul
1,4675.4349,mp_jul
1,4675.7347,mp_jul
1,4676.0345,mp_jul
1,4676.3343,mp_jul
1,4676.634,mp_jul
1,4676.9338,mp_jul
1,4677.2336,mp_jul
1,4677.5334,mp_jul
1,4677.8332,mp_jul
1,4678.133,mp_jul
1,4678.4327,mp_jul
1,4678.7325,mp_jul
1,4679.0323,mp_jul
1,4679.3321,mp_jul
1,4679.6319,mp_jul
1,4679.9317,mp_jul
1,4680.2315,mp_jul
1,4680.5312,mp_jul
1,4680.8311,mp_jul
1,4681.1308,mp_jul
1,4681.4306,mp_jul
1,4681.7305,mp_jul
1,4682.0302,mp_jul
1,4682.33,mp_jul
1,4682.6298,mp_jul
1,4682.9295,mp_jul
1,4683.2294,mp_jul
1,4683.5291,mp_jul
1,4683.829,mp_jul
1,4684.1287,mp_jul
1,4684.4285,mp_jul
1,4684.7283,mp_jul
1,4685.0281,mp_jul
1,4685.3279,mp_jul
1,4685.6276,mp_jul
1,4685.9275,mp_jul
1,4686.2272,mp_jul
1,4686.527,mp_jul
1,4686.8268,mp_jul
1,4687.1266,mp_jul
1,4687.4264,mp_jul
1,4687.7261,mp_jul
1,4688.026,mp_jul
1,4688.3257,mp_jul
1,4688.6255,mp_jul
1,4688.9253,mp_jul
1,4689.2251,mp_jul
1,4689.5249,mp_jul
1,4689.8246,mp_jul
1,4690.1244,mp_jul
1,4690.4242,mp_jul
1,4690.724,mp_jul
1,4691.0238,mp_jul
1,4691.3236,mp_jul
1,4691.6234,mp_jul
1,4691.9232,mp_jul
1,4692.2229,mp_jul
1,4692.5227,mp_jul
1,4692.8225,mp_jul
1,4693.1223,mp_jul
1,4693.422,mp_jul
1,4693.7219,mp_jul
1,4694.0217,mp_jul
1,4694.3215,mp_jul
1,4694.6213,mp_jul
1,4694.9211,mp_jul
1,4695.2208,mp_jul
1,4695.5206,mp_jul
1,4695.8204,mp_jul
1,4696.1202,mp_jul
1,4696.42,mp_jul
1,4696.7197,mp_jul
1,4697.0196,mp_jul
1,4697.3193,mp_jul
1,4697.6191,mp_jul
1,4697.9189,mp_jul
1,4698.2187,mp_jul
1,4698.5185,mp_jul
1,4698.8182,mp_jul
1,4699.118,mp_jul
1,4699.4178,mp_jul
1,4699.7176,mp_jul
1,4700.0174,mp_jul
1,4700.3172,mp_jul
1,4700.617,mp_jul
1,4700.9167,mp_jul
1,4701.2166,mp_jul
1,4701.5164,mp_jul
1,4701.8161,mp_jul
1,4702.1159,mp_jul
1,4702.4157,mp_jul
1,4702.7155,mp_jul
1,4703.0152,mp_jul
1,4703.315,mp_jul
1,4703.6148,mp_jul
1,4703.9146,mp_jul
1,4704.2144,mp_jul
1,4704.5142,mp_jul
1,4704.814,mp_jul
1,4705.1138,mp_jul
1,4705.4136,mp_jul
1,4705.7133,mp_jul
1,4706.0132,mp_jul
1,4706.3129,mp_jul
1,4706.6127,mp_jul
1,4706.9125,mp_jul
1,4707.2123,mp_jul
1,4707.5121,mp_jul
1,4707.8119,mp_jul
1,4708.1116,mp_jul
1,4708.4115,mp_jul
1,4708.7112,mp_jul
1,4709.011,mp_jul
1,4709.3108,mp_jul
1,4709.6105,mp_jul
1,4709.9103,mp_jul
1,4710.2102,mp_jul
1,4710.51,mp_jul
1,4710.8097,mp_jul
1,4711.1095,mp_jul
1,4711.4093,mp_jul
1,4711.7091,mp_jul
1,4712.0089,mp_jul
1,4712.3087,mp_jul
1,4712.6084,mp_jul
1,4712.9082,mp_jul
1,4713.208,mp_jul
1,4713.5078,mp_jul
1,4713.8076,mp_jul
1,4714.1074,mp_jul
1,4714.4072,mp_jul
1,4714.707,mp_jul
1,4715.0068,mp_jul
1,4715.3065,mp_jul
1,4715.6063,mp_jul
1,4715.9061,mp_jul
1,4716.2059,mp_jul
1,4716.5057,mp_jul
1,4716.8055,mp_jul
1,4717.1052,mp_jul
1,4717.4051,mp_jul
1,4717.7048,mp_jul
1,4718.0046,mp_jul
1,4718.3044,mp_jul
1,4718.6042,mp_jul
1,4718.904,mp_jul
1,4719.2088,mp_jul
1,4719.5085,mp_jul
1,4719.8084,mp_jul
1,4720.1081,mp_jul
1,4720.4079,mp_jul
1,4720.7077,mp_jul
1,4721.0075,mp_jul
1,4721.3073,mp_jul
1,4721.6071,mp_jul
1,4721.9068,mp_jul
1,4722.2067,mp_jul
1,4722.5065,mp_jul
1,4722.812,mp_jul
1,4723.1118,mp_jul
1,4723.4116,mp_jul
1,4723.7114,mp_jul
1,4724.0112,mp_jul
1,4724.3109,mp_jul
1,4724.6107,mp_jul
1,4724.9105,mp_jul
1,4725.2103,mp_jul
1,4725.5101,mp_jul
1,4725.8099,mp_jul
1,4726.1097,mp_jul
1,4726.4095,mp_jul
1,4726.7092,mp_jul
1,4727.009,mp_jul
1,4727.3089,mp_jul
1,4727.6086,mp_jul
1,4727.9084,mp_jul
1,4728.2082,mp_jul
1,4728.508,mp_jul
1,4728.8078,mp_jul
1,4729.1076,mp_jul
1,4729.4074,mp_jul
1,4729.7071,mp_jul
1,4730.0069,mp_jul
1,4730.3067,mp_jul
1,4730.6065,mp_jul
1,4730.9063,mp_jul
1,4731.2061,mp_jul
1,4731.5059,mp_jul
1,4731.8056,mp_jul
1,4732.1055,mp_jul
1,4732.4052,mp_jul
1,4732.705,mp_jul
1,4733.0049,mp_jul
1,4733.3046,mp_jul
1,4733.6044,mp_jul
1,4733.9042,mp_jul
1,4734.204,mp_jul
1,4734.5037,mp_jul
1,4734.8036,mp_jul
1,4735.1033,mp_jul
1,4735.4031,mp_jul
1,4735.7029,mp_jul
1,4736.0027,mp_jul
1,4736.3025,mp_jul
1,4736.6023,mp_jul
1,4736.902,mp_jul
1,4737.2019,mp_jul
1,4737.5017,mp_jul
1,4737.8014,mp_jul
1,4738.1012,mp_jul
1,4738.401,mp_jul
1,4738.7008,mp_jul
1,4739.0006,mp_jul
1,4739.3004,mp_jul
1,4739.6002,mp_jul
1,4739.9,mp_jul
1,4740.1997,mp_jul
1,4740.4995,mp_jul
1,4740.7993,mp_jul
1,4741.0991,mp_jul
1,4741.3989,mp_jul
1,4741.6987,mp_jul
1,4741.9985,mp_jul
1,4742.2983,mp_jul
1,4742.5981,mp_jul
1,4742.8979,mp_jul
1,4743.1976,mp_jul
1,4743.4974,mp_jul
1,4743.7972,mp_jul
1,4744.097,mp_jul
1,4744.3968,mp_jul
1,4744.6966,mp_jul
1,4744.9964,mp_jul
1,4745.2962,mp_jul
1,4745.5959,mp_jul
1,4745.8957,mp_jul
1,4746.1955,mp_jul
1,4746.4953,mp_jul
1,4746.7951,mp_jul
1,4747.0949,mp_jul
1,4747.3947,mp_jul
1,4747.6945,mp_jul
1,4747.9943,mp_jul
1,4748.294,mp_jul
1,4748.5939,mp_jul
1,4748.8936,mp_jul
1,4749.1934,mp_jul
1,4749.4932,mp_jul
1,4749.793,mp_jul
1,4750.0928,mp_jul
1,4750.3926,mp_jul
1,4750.6924,mp_jul
1,4750.9922,mp_jul
1,4751.292,mp_jul
1,4751.5917,mp_jul
1,4751.8915,mp_jul
1,4752.1913,mp_jul
1,4752.4911,mp_jul
1,4752.7909,mp_jul
1,4753.0907,mp_jul
1,4753.3905,mp_jul
1,4753.6903,mp_jul
1,4753.99,mp_jul
1,4754.2898,mp_jul
1,4754.5896,mp_jul
1,4754.8894,mp_jul
1,4755.1892,mp_jul
1,4755.489,mp_jul
1,4755.7888,mp_jul
1,4756.0885,mp_jul
1,4756.3884,mp_jul
1,4756.6881,mp_jul
1,4756.988,mp_jul
1,4757.2877,mp_jul
1,4757.5875,mp_jul
1,4757.8873,mp_jul
1,4758.1871,mp_jul
1,4758.4869,mp_jul
1,4758.7867,mp_jul
1,4759.0865,mp_jul
1,4759.3863,mp_jul
1,4759.686,mp_jul
1,4759.9858,mp_jul
1,4760.2856,mp_jul
1,4760.5854,mp_jul
1,4760.8852,mp_jul
1,4761.185,mp_jul
1,4761.4848,mp_jul
1,4761.7845,mp_jul
1,4762.0844,mp_jul
1,4762.3841,mp_jul
1,4762.684,mp_jul
1,4762.9837,mp_jul
1,4763.2836,mp_jul
1,4763.5832,mp_jul
1,4763.8831,mp_jul
1,4764.1829,mp_jul
1,4764.4827,mp_jul
1,4764.7825,mp_jul
1,4765.0822,mp_jul
1,4765.3821,mp_jul
1,4765.6819,mp_jul
1,4765.9816,mp_jul
1,4766.2815,mp_jul
1,4766.5812,mp_jul
1,4766.881,mp_jul
1,4767.1808,mp_jul
1,4767.4806,mp_jul
1,4767.7804,mp_jul
1,4768.0802,mp_jul
1,4768.3799,mp_jul
1,4768.6797,mp_jul
1,4768.9795,mp_jul
1,4769.2794,mp_jul
1,4769.5791,mp_jul
1,4769.8789,mp_jul
1,4770.1786,mp_jul
1,4770.4784,mp_jul
1,4770.7782,mp_jul
1,4771.078,mp_jul
1,4771.3779,mp_jul
1,4771.6776,mp_jul
1,4771.9774,mp_jul
1,4772.2772,mp_jul
1,4772.577,mp_jul
1,4772.8768,mp_jul
1,4773.1766,mp_jul
1,4773.4764,mp_jul
1,4773.7762,mp_jul
1,4774.076,mp_jul
1,4774.3757,mp_jul
1,4774.6755,mp_jul
1,4774.9754,mp_jul
1,4775.2752,mp_jul
1,4775.5749,mp_jul
1,4775.8747,mp_jul
1,4776.1745,mp_jul
1,4776.4743,mp_jul
1,4776.774,mp_jul
1,4777.0738,mp_jul
1,4777.3736,mp_jul
1,4777.6734,mp_jul
1,4777.9732,mp_jul
1,4778.273,mp_jul
1,4778.5727,mp_jul
1,4778.8725,mp_jul
1,4779.1723,mp_jul
1,4779.4764,mp_jul
1,4779.7762,mp_jul
1,4780.0759,mp_jul
1,4780.3757,mp_jul
1,4780.6755,mp_jul
1,4780.9753,mp_jul
1,4781.275,mp_jul
1,4781.5748,mp_jul
1,4781.8746,mp_jul
1,4782.1745,mp_jul
1,4782.4742,mp_jul
1,4782.774,mp_jul
1,4783.0738,mp_jul
1,4783.3836,mp_jul
1,4783.689,mp_jul
1,4783.9932,mp_jul
1,4784.298,mp_jul
1,4784.5978,mp_jul
1,4784.8975,mp_jul
1,4785.1973,mp_jul
1,4785.4971,mp_jul
1,4785.7969,mp_jul
1,4786.0967,mp_jul
1,4786.3964,mp_jul
1,4786.6963,mp_jul
1,4786.996,mp_jul
1,4787.2958,mp_jul
1,4787.5956,mp_jul
1,4787.8954,mp_jul
1,4788.1952,mp_jul
1,4788.495,mp_jul
1,4788.7947,mp_jul
1,4789.0945,mp_jul
1,4789.3943,mp_jul
1,4789.6941,mp_jul
1,4789.994,mp_jul
1,4790.2937,mp_jul
1,4790.5934,mp_jul
1,4790.8932,mp_jul
1,4791.193,mp_jul
1,4791.4928,mp_jul
1,4791.7926,mp_jul
1,4792.0924,mp_jul
1,4792.3922,mp_jul
1,4792.692,mp_jul
1,4792.9918,mp_jul
1,4793.2916,mp_jul
1,4793.5914,mp_jul
1,4793.8911,mp_jul
1,4794.1909,mp_jul
1,4794.4907,mp_jul
1,4794.7905,mp_jul
1,4795.0903,mp_jul
1,4795.3901,mp_jul
1,4795.6898,mp_jul
1,4795.9897,mp_jul
1,4796.2894,mp_jul
1,4796.5892,mp_jul
1,4796.889,mp_jul
1,4797.1888,mp_jul
1,4797.4886,mp_jul
1,4797.7884,mp_jul
1,4798.0882,mp_jul
1,4798.388,mp_jul
1,4798.6878,mp_jul
1,4798.9876,mp_jul
1,4799.2873,mp_jul
1,4799.5871,mp_jul
1,4799.8869,mp_jul
1,4800.1867,mp_jul
1,4800.4865,mp_jul
1,4800.7863,mp_jul
1,4801.0861,mp_jul
1,4801.3858,mp_jul
1,4801.6857,mp_jul
1,4801.9854,mp_jul
1,4802.2852,mp_jul
1,4802.59,mp_jul
1,4802.9647,mp_jul
1,4803.2645,mp_jul
1,4803.5643,mp_jul
1,4803.8641,mp_jul
1,4804.1639,mp_jul
1,4804.4636,mp_jul
1,4804.7634,mp_jul
1,4805.0632,mp_jul
1,4805.363,mp_jul
1,4805.6628,mp_jul
1,4805.9626,mp_jul
1,4806.2624,mp_jul
1,4806.5622,mp_jul
1,4806.862,mp_jul
1,4807.1617,mp_jul
1,4807.4615,mp_jul
1,4807.7613,mp_jul
1,4808.0611,mp_jul
1,4808.3659,mp_jul
1,4808.6657,mp_jul
1,4808.9654,mp_jul
1,4809.2652,mp_jul
1,4809.5651,mp_jul
1,4809.8649,mp_jul
1,4810.1647,mp_jul
1,4810.4644,mp_jul
1,4810.7642,mp_jul
1,4811.064,mp_jul
1,4811.3637,mp_jul
1,4811.6636,mp_jul
1,4811.9633,mp_jul
1,4812.2631,mp_jul
1,4812.5629,mp_jul
1,4812.8627,mp_jul
1,4813.1625,mp_jul
1,4813.4623,mp_jul
1,4813.7677,mp_jul
1,4814.0675,mp_jul
1,4814.3673,mp_jul
1,4814.6671,mp_jul
1,4814.9669,mp_jul
1,4815.2667,mp_jul
1,4815.5665,mp_jul
1,4815.8662,mp_jul
1,4816.166,mp_jul
1,4816.4658,mp_jul
1,4816.7656,mp_jul
1,4817.0654,mp_jul
1,4817.3651,mp_jul
1,4817.6649,mp_jul
1,4817.9647,mp_jul
1,4818.2645,mp_jul
1,4818.5644,mp_jul
1,4818.8641,mp_jul
1,4819.1638,mp_jul
1,4819.4636,mp_jul
1,4819.7634,mp_jul
1,4820.0632,mp_jul
1,4820.363,mp_jul
1,4820.6628,mp_jul
1,4820.9626,mp_jul
1,4821.2623,mp_jul
1,4821.5666,mp_jul
1,4821.8663,mp_jul
1,4822.1661,mp_jul
1,4822.4659,mp_jul
1,4822.7657,mp_jul
1,4823.0655,mp_jul
1,4823.3652,mp_jul
1,4823.6701,mp_jul
1,4823.9698,mp_jul
1,4824.2696,mp_jul
1,4824.5694,mp_jul
1,4824.8692,mp_jul
1,4825.169,mp_jul
1,4825.4687,mp_jul
1,4825.7685,mp_jul
1,4826.0683,mp_jul
1,4826.3681,mp_jul
1,4826.6679,mp_jul
1,4826.9677,mp_jul
1,4827.2675,mp_jul
1,4827.5673,mp_jul
1,4827.8671,mp_jul
1,4828.1668,mp_jul
1,4828.4725,mp_jul
1,4828.7814,mp_jul
1,4829.0812,mp_jul
1,4829.381,mp_jul
1,4829.6807,mp_jul
1,4829.9806,mp_jul
1,4830.2803,mp_jul
1,4830.5801,mp_jul
1,4830.8799,mp_jul
1,4831.1797,mp_jul
1,4831.4795,mp_jul
1,4831.7792,mp_jul
1,4832.079,mp_jul
1,4832.3789,mp_jul
1,4832.6786,mp_jul
1,4832.9784,mp_jul
1,4833.2782,mp_jul
1,4833.578,mp_jul
1,4833.8778,mp_jul
1,4834.1776,mp_jul
1,4834.4773,mp_jul
1,4834.7772,mp_jul
1,4835.0769,mp_jul
1,4835.3767,mp_jul
1,4835.6765,mp_jul
1,4835.9763,mp_jul
1,4836.2761,mp_jul
1,4836.5758,mp_jul
1,4836.8757,mp_jul
1,4837.1755,mp_jul
1,4837.4752,mp_jul
1,4837.775,mp_jul
1,4838.0748,mp_jul
1,4838.3746,mp_jul
1,4838.6744,mp_jul
1,4838.9741,mp_jul
1,4839.2789,mp_jul
1,4839.5787,mp_jul
1,4839.8785,mp_jul
1,4840.1784,mp_jul
1,4840.4781,mp_jul
1,4840.7779,mp_jul
1,4841.0777,mp_jul
1,4841.3775,mp_jul
1,4841.6772,mp_jul
1,4841.9771,mp_jul
1,4842.2768,mp_jul
1,4842.5767,mp_jul
1,4842.8764,mp_jul
1,4843.1762,mp_jul
1,4843.476,mp_jul
1,4843.7758,mp_jul
1,4844.0756,mp_jul
1,4844.3754,mp_jul
1,4844.6751,mp_jul
1,4844.9749,mp_jul
1,4845.2748,mp_jul
1,4845.5745,mp_jul
1,4845.8743,mp_jul
1,4846.174,mp_jul
1,4846.4739,mp_jul
1,4846.7737,mp_jul
1,4847.0734,mp_jul
1,4847.3732,mp_jul
1,4847.673,mp_jul
1,4847.9728,mp_jul
1,4848.2726,mp_jul
1,4848.5724,mp_jul
1,4848.8722,mp_jul
1,4849.172,mp_jul
1,4849.4718,mp_jul
1,4849.7716,mp_jul
1,4850.0713,mp_jul
1,4850.3712,mp_jul
1,4850.6709,mp_jul
1,4850.9707,mp_jul
1,4851.2705,mp_jul
1,4851.5703,mp_jul
1,4851.87,mp_jul
1,4852.1699,mp_jul
1,4852.4696,mp_jul
1,4852.7694,mp_jul
1,4853.0692,mp_jul
1,4853.369,mp_jul
1,4853.6688,mp_jul
1,4853.9686,mp_jul
1,4854.2684,mp_jul
1,4854.5682,mp_jul
1,4854.8679,mp_jul
1,4855.1677,mp_jul
1,4855.4676,mp_jul
1,4855.7673,mp_jul
1,4856.0671,mp_jul
1,4856.3669,mp_jul
1,4856.6667,mp_jul
1,4856.9665,mp_jul
1,4857.2663,mp_jul
1,4857.566,mp_jul
1,4857.8659,mp_jul
1,4858.1656,mp_jul
1,4858.4654,mp_jul
1,4858.7652,mp_jul
1,4859.065,mp_jul
1,4859.3648,mp_jul
1,4859.6645,mp_jul
1,4859.9644,mp_jul
1,4860.2642,mp_jul
1,4860.5639,mp_jul
1,4860.8637,mp_jul
1,4861.1635,mp_jul
1,4861.4633,mp_jul
1,4861.7631,mp_jul
1,4862.0628,mp_jul
1,4862.3627,mp_jul
1,4862.6625,mp_jul
1,4862.9622,mp_jul
1,4863.262,mp_jul
1,4863.5619,mp_jul
1,4863.8617,mp_jul
1,4864.1614,mp_jul
1,4864.4612,mp_jul
1,4864.761,mp_jul
1,4865.0608,mp_jul
1,4865.3606,mp_jul
1,4865.6604,mp_jul
1,4865.9601,mp_jul
1,4866.2599,mp_jul
1,4866.5597,mp_jul
1,4866.8595,mp_jul
1,4867.1593,mp_jul
1,4867.4591,mp_jul
1,4867.7588,mp_jul
1,4868.0587,mp_jul
1,4868.3584,mp_jul
1,4868.6583,mp_jul
1,4868.958,mp_jul
1,4869.2578,mp_jul
1,4869.5576,mp_jul
1,4869.8574,mp_jul
1,4870.1572,mp_jul
1,4870.457,mp_jul
1,4870.7567,mp_jul
1,4871.0565,mp_jul
1,4871.3564,mp_jul
1,4871.6562,mp_jul
1,4871.9559,mp_jul
1,4872.2557,mp_jul
1,4872.5555,mp_jul
1,4872.8553,mp_jul
1,4873.1551,mp_jul
1,4873.4548,mp_jul
1,4873.7547,mp_jul
1,4874.0544,mp_jul
1,4874.3542,mp_jul
1,4874.654,mp_jul
1,4874.9538,mp_jul
1,4875.2536,mp_jul
1,4875.5534,mp_jul
1,4875.8532,mp_jul
1,4876.153,mp_jul
1,4876.4527,mp_jul
1,4876.7525,mp_jul
1,4877.0523,mp_jul
1,4877.3521,mp_jul
1,4877.6519,mp_jul
1,4877.9517,mp_jul
1,4878.2514,mp_jul
1,4878.5513,mp_jul
1,4878.851,mp_jul
1,4879.1508,mp_jul
1,4879.4506,mp_jul
1,4879.7504,mp_jul
1,4880.0502,mp_jul
1,4880.35,mp_jul
1,4880.6498,mp_jul
1,4880.9495,mp_jul
1,4881.2493,mp_jul
1,4881.5491,mp_jul
1,4881.8489,mp_jul
1,4882.1487,mp_jul
1,4882.4485,mp_jul
1,4882.7483,mp_jul
1,4883.0481,mp_jul
1,4883.3478,mp_jul
1,4883.6476,mp_jul
1,4883.9474,mp_jul
1,4884.2472,mp_jul
1,4884.547,mp_jul
1,4884.8468,mp_jul
1,4885.1466,mp_jul
1,4885.4464,mp_jul
1,4885.7461,mp_jul
1,4886.046,mp_jul
1,4886.3458,mp_jul
1,4886.6455,mp_jul
1,4886.9453,mp_jul
1,4887.2451,mp_jul
1,4887.5449,mp_jul
1,4887.8447,mp_jul
1,4888.1445,mp_jul
1,4888.4443,mp_jul
1,4888.744,mp_jul
1,4889.0438,mp_jul
1,4889.3436,mp_jul
1,4889.6434,mp_jul
1,4889.9432,mp_jul
1,4890.2429,mp_jul
1,4890.5428,mp_jul
1,4890.8426,mp_jul
1,4891.1424,mp_jul
1,4891.4421,mp_jul
1,4891.7419,mp_jul
1,4892.0417,mp_jul
1,4892.3415,mp_jul
1,4892.6413,mp_jul
1,4892.9411,mp_jul
1,4893.2408,mp_jul
1,4893.5406,mp_jul
1,4893.8404,mp_jul
1,4894.1403,mp_jul
1,4894.44,mp_jul
1,4894.7398,mp_jul
1,4895.0395,mp_jul
1,4895.3444,mp_jul
1,4895.6497,mp_jul
1,4895.9495,mp_jul
1,4896.2493,mp_jul
1,4896.5491,mp_jul
1,4896.8489,mp_jul
1,4897.1581,mp_jul
1,4897.4578,mp_jul
1,4897.7577,mp_jul
1,4898.0574,mp_jul
1,4898.3572,mp_jul
1,4898.657,mp_jul
1,4898.9568,mp_jul
1,4899.2566,mp_jul
1,4899.5564,mp_jul
1,4899.8561,mp_jul
1,4900.1559,mp_jul
1,4900.4557,mp_jul
1,4900.7555,mp_jul
1,4901.0553,mp_jul
1,4901.3551,mp_jul
1,4901.6549,mp_jul
1,4901.9547,mp_jul
1,4902.2544,mp_jul
1,4902.5542,mp_jul
1,4902.854,mp_jul
1,4903.1538,mp_jul
1,4903.4536,mp_jul
1,4903.7534,mp_jul
1,4904.0532,mp_jul
1,4904.353,mp_jul
1,4904.6527,mp_jul
1,4904.9525,mp_jul
1,4905.2524,mp_jul
1,4905.5522,mp_jul
1,4905.8519,mp_jul
1,4906.1517,mp_jul
1,4906.4515,mp_jul
1,4906.7512,mp_jul
1,4907.051,mp_jul
1,4907.3508,mp_jul
1,4907.6506,mp_jul
1,4907.9504,mp_jul
1,4908.2502,mp_jul
1,4908.55,mp_jul
1,4908.8498,mp_jul
1,4909.1495,mp_jul
1,4909.4493,mp_jul
1,4909.7491,mp_jul
1,4910.0489,mp_jul
1,4910.3487,mp_jul
1,4910.6485,mp_jul
1,4910.9483,mp_jul
1,4911.248,mp_jul
1,4911.5478,mp_jul
1,4911.8476,mp_jul
1,4912.1474,mp_jul
1,4912.4472,mp_jul
1,4912.7869,mp_jul
1,4913.0867,mp_jul
1,4913.3865,mp_jul
1,4913.6863,mp_jul
1,4913.9861,mp_jul
1,4914.2965,mp_jul
1,4914.5963,mp_jul
1,4914.9105,mp_jul
1,4915.2102,mp_jul
1,4915.51,mp_jul
1,4915.8098,mp_jul
1,4916.1096,mp_jul
1,4916.4094,mp_jul
1,4916.7092,mp_jul
1,4917.0089,mp_jul
1,4917.3088,mp_jul
1,4917.6085,mp_jul
1,4917.914,mp_jul
1,4918.2138,mp_jul
1,4918.5135,mp_jul
1,4918.8133,mp_jul
1,4919.1132,mp_jul
1,4919.4129,mp_jul
1,4919.7127,mp_jul
1,4920.0125,mp_jul
1,4920.3123,mp_jul
1,4920.612,mp_jul
1,4920.9118,mp_jul
1,4921.2116,mp_jul
1,4921.5114,mp_jul
1,4921.8255,mp_jul
1,4922.1253,mp_jul
1,4922.4251,mp_jul
1,4922.7249,mp_jul
1,4923.0246,mp_jul
1,4923.3244,mp_jul
1,4923.6392,mp_jul
1,4923.939,mp_jul
1,4924.2388,mp_jul
1,4924.5386,mp_jul
1,4924.8383,mp_jul
1,4925.1381,mp_jul
1,4925.4379,mp_jul
1,4925.7377,mp_jul
1,4926.0375,mp_jul
1,4926.3372,mp_jul
1,4926.637,mp_jul
1,4926.9368,mp_jul
1,4927.2366,mp_jul
1,4927.5364,mp_jul
1,4927.8362,mp_jul
1,4928.1359,mp_jul
1,4928.4357,mp_jul
1,4928.7355,mp_jul
1,4929.0353,mp_jul
1,4929.3351,mp_jul
1,4929.6349,mp_jul
1,4929.9347,mp_jul
1,4930.2345,mp_jul
1,4930.5342,mp_jul
1,4930.834,mp_jul
1,4931.1339,mp_jul
1,4931.4336,mp_jul
1,4931.7334,mp_jul
1,4932.0332,mp_jul
1,4932.338,mp_jul
1,4932.6378,mp_jul
1,4932.9375,mp_jul
1,4933.2373,mp_jul
1,4933.5372,mp_jul
1,4933.8369,mp_jul
1,4934.1367,mp_jul
1,4934.4364,mp_jul
1,4934.7362,mp_jul
1,4935.036,mp_jul
1,4935.3358,mp_jul
1,4935.6356,mp_jul
1,4935.9354,mp_jul
1,4936.2352,mp_jul
1,4936.535,mp_jul
1,4936.8347,mp_jul
1,4937.1346,mp_jul
1,4937.4343,mp_jul
1,4937.7341,mp_jul
1,4938.0339,mp_jul
1,4938.3337,mp_jul
1,4938.6335,mp_jul
1,4938.9332,mp_jul
1,4939.233,mp_jul
1,4939.5328,mp_jul
1,4939.8326,mp_jul
1,4940.1324,mp_jul
1,4940.4322,mp_jul
1,4940.732,mp_jul
1,4941.0317,mp_jul
1,4941.3315,mp_jul
1,4941.6313,mp_jul
1,4941.9311,mp_jul
1,4942.2309,mp_jul
1,4942.5307,mp_jul
1,4942.8305,mp_jul
1,4943.1302,mp_jul
1,4943.43,mp_jul
1,4943.7299,mp_jul
1,4944.0297,mp_jul
1,4944.3294,mp_jul
1,4944.6292,mp_jul
1,4944.9289,mp_jul
1,4945.2287,mp_jul
1,4945.5285,mp_jul
1,4945.8283,mp_jul
1,4946.1281,mp_jul
1,4946.4278,mp_jul
1,4946.7276,mp_jul
1,4947.0275,mp_jul
1,4947.3272,mp_jul
1,4947.627,mp_jul
1,4947.9268,mp_jul
1,4948.2266,mp_jul
1,4948.5264,mp_jul
1,4948.8261,mp_jul
1,4949.1259,mp_jul
1,4949.4257,mp_jul
1,4949.7255,mp_jul
1,4950.0253,mp_jul
1,4950.3251,mp_jul
1,4950.6248,mp_jul
1,4950.9246,mp_jul
1,4951.2244,mp_jul
1,4951.5242,mp_jul
1,4951.824,mp_jul
1,4952.1238,mp_jul
1,4952.4236,mp_jul
1,4952.7234,mp_jul
1,4953.0231,mp_jul
1,4953.3229,mp_jul
1,4953.6227,mp_jul
1,4953.9282,mp_jul
1,4954.2279,mp_jul
1,4954.5277,mp_jul
1,4954.8274,mp_jul
1,4955.1272,mp_jul
1,4955.427,mp_jul
1,4955.7268,mp_jul
1,4956.0266,mp_jul
1,4956.3263,mp_jul
1,4956.6262,mp_jul
1,4956.9259,mp_jul
1,4957.2257,mp_jul
1,4957.5255,mp_jul
1,4957.8253,mp_jul
1,4958.125,mp_jul
1,4958.4249,mp_jul
1,4958.7247,mp_jul
1,4959.0244,mp_jul
1,4959.3336,mp_jul
1,4959.6334,mp_jul
1,4959.9332,mp_jul
1,4960.2329,mp_jul
1,4960.5327,mp_jul
1,4960.8325,mp_jul
1,4961.1323,mp_jul
1,4961.432,mp_jul
1,4961.7319,mp_jul
1,4962.0316,mp_jul
1,4962.3315,mp_jul
1,4962.6312,mp_jul
1,4962.931,mp_jul
1,4963.2308,mp_jul
1,4963.5356,mp_jul
1,4963.8354,mp_jul
1,4964.1352,mp_jul
1,4964.4349,mp_jul
1,4964.7347,mp_jul
1,4965.0344,mp_jul
1,4965.3343,mp_jul
1,4965.6341,mp_jul
1,4965.9339,mp_jul
1,4966.2336,mp_jul
1,4966.5334,mp_jul
1,4966.8332,mp_jul
1,4967.133,mp_jul
1,4967.4328,mp_jul
1,4967.7325,mp_jul
1,4968.0324,mp_jul
1,4968.3321,mp_jul
1,4968.6319,mp_jul
1,4968.9317,mp_jul
1,4969.2315,mp_jul
1,4969.5313,mp_jul
1,4969.8311,mp_jul
1,4970.1308,mp_jul
1,4970.4307,mp_jul
1,4970.7304,mp_jul
1,4971.0302,mp_jul
1,4971.3556,mp_jul
1,4971.6553,mp_jul
1,4971.9551,mp_jul
1,4972.2549,mp_jul
1,4972.5547,mp_jul
1,4972.8545,mp_jul
1,4973.1686,mp_jul
1,4973.4684,mp_jul
1,4973.7682,mp_jul
1,4974.083,mp_jul
1,4974.3828,mp_jul
1,4974.6826,mp_jul
1,4974.9823,mp_jul
1,4975.2821,mp_jul
1,4975.5819,mp_jul
1,4975.8817,mp_jul
1,4976.1815,mp_jul
1,4976.4813,mp_jul
1,4976.781,mp_jul
1,4977.0809,mp_jul
1,4977.3806,mp_jul
1,4977.6804,mp_jul
1,4977.9802,mp_jul
1,4978.28,mp_jul
1,4978.5797,mp_jul
1,4978.8796,mp_jul
1,4979.1793,mp_jul
1,4979.4791,mp_jul
1,4979.7789,mp_jul
1,4980.0787,mp_jul
1,4980.3785,mp_jul
1,4980.6783,mp_jul
1,4980.978,mp_jul
1,4981.2778,mp_jul
1,4981.5776,mp_jul
1,4981.8774,mp_jul
1,4982.1772,mp_jul
1,4982.477,mp_jul
1,4982.7767,mp_jul
1,4983.0765,mp_jul
1,4983.3763,mp_jul
1,4983.6761,mp_jul
1,4983.9759,mp_jul
1,4984.2756,mp_jul
1,4984.5755,mp_jul
1,4984.8753,mp_jul
1,4985.1751,mp_jul
1,4985.4748,mp_jul
1,4985.7746,mp_jul
1,4986.0744,mp_jul
1,4986.4192,mp_jul
1,4986.7189,mp_jul
1,4987.0187,mp_jul
1,4987.3185,mp_jul
1,4987.6182,mp_jul
1,4987.9181,mp_jul
1,4988.2179,mp_jul
1,4988.5176,mp_jul
1,4988.8174,mp_jul
1,4989.1628,mp_jul
1,4989.5069,mp_jul
1,4989.8067,mp_jul
1,4990.1065,mp_jul
1,4990.4062,mp_jul
1,4990.7061,mp_jul
1,4991.0058,mp_jul
1,4991.3056,mp_jul
1,4991.6054,mp_jul
1,4991.9052,mp_jul
1,4992.205,mp_jul
1,4992.5047,mp_jul
1,4992.8045,mp_jul
1,4993.1044,mp_jul
1,4993.4041,mp_jul
1,4993.7039,mp_jul
1,4994.0037,mp_jul
1,4994.3035,mp_jul
1,4994.6033,mp_jul
1,4994.9031,mp_jul
1,4995.2029,mp_jul
1,4995.5027,mp_jul
1,4995.8025,mp_jul
1,4996.1022,mp_jul
1,4996.402,mp_jul
1,4996.7017,mp_jul
1,4997.0016,mp_jul
1,4997.3014,mp_jul
1,4997.6012,mp_jul
1,4997.9009,mp_jul
1,4998.2307,mp_jul
1,4998.5305,mp_jul
1,4998.8303,mp_jul
1,4999.13,mp_jul
1,4999.4299,mp_jul
1,4999.7296,mp_jul
1,5000.0294,mp_jul
1,5000.3292,mp_jul
1,5000.629,mp_jul
1,5000.9288,mp_jul
1,5001.2286,mp_jul
1,5001.5283,mp_jul
1,5001.8281,mp_jul
1,5002.1279,mp_jul
1,5002.4277,mp_jul
1,5002.7275,mp_jul
1,5003.0273,mp_jul
1,5003.3271,mp_jul
1,5003.6269,mp_jul
1,5003.9267,mp_jul
1,5004.2264,mp_jul
1,5004.5262,mp_jul
1,5004.826,mp_jul
1,5005.1358,mp_jul
1,5005.4356,mp_jul
1,5005.7354,mp_jul
1,5006.0352,mp_jul
1,5006.3349,mp_jul
1,5006.6347,mp_jul
1,5006.9444,mp_jul
1,5007.2443,mp_jul
1,5007.5441,mp_jul
1,5007.8439,mp_jul
1,5008.1437,mp_jul
1,5008.4434,mp_jul
1,5008.7432,mp_jul
1,5009.043,mp_jul
1,5009.3428,mp_jul
1,5009.6426,mp_jul
1,5009.9423,mp_jul
1,5010.2421,mp_jul
1,5010.542,mp_jul
1,5010.8417,mp_jul
1,5011.1415,mp_jul
1,5011.4413,mp_jul
1,5011.741,mp_jul
1,5012.0409,mp_jul
1,5012.3406,mp_jul
1,5012.6404,mp_jul
1,5012.9402,mp_jul
1,5013.24,mp_jul
1,5013.5398,mp_jul
1,5013.8396,mp_jul
1,5014.1394,mp_jul
1,5014.4391,mp_jul
1,5014.7389,mp_jul
1,5015.0387,mp_jul
1,5015.3385,mp_jul
1,5015.6383,mp_jul
1,5015.9381,mp_jul
1,5016.2379,mp_jul
1,5016.5377,mp_jul
1,5016.8374,mp_jul
1,5017.1372,mp_jul
1,5017.437,mp_jul
1,5017.7368,mp_jul
1,5018.0366,mp_jul
1,5018.3364,mp_jul
1,5018.6362,mp_jul
1,5018.936,mp_jul
1,5019.2457,mp_jul
1,5019.5455,mp_jul
1,5019.8453,mp_jul
1,5020.1451,mp_jul
1,5020.4449,mp_jul
1,5020.7447,mp_jul
1,5021.0444,mp_jul
1,5021.3442,mp_jul
1,5021.644,mp_jul
1,5021.9438,mp_jul
1,5022.2436,mp_jul
1,5022.5434,mp_jul
1,5022.8432,mp_jul
1,5023.148,mp_jul
1,5023.4477,mp_jul
1,5023.7476,mp_jul
1,5024.0473,mp_jul
1,5024.3471,mp_jul
1,5024.6469,mp_jul
1,5024.9467,mp_jul
1,5025.2465,mp_jul
1,5025.5462,mp_jul
1,5025.846,mp_jul
1,5026.1458,mp_jul
1,5026.4456,mp_jul
1,5026.7454,mp_jul
1,5027.0452,mp_jul
1,5027.345,mp_jul
1,5027.6448,mp_jul
1,5028.0045,mp_jul
1,5028.3043,mp_jul
1,5028.6041,mp_jul
1,5028.9039,mp_jul
1,5029.2036,mp_jul
1,5029.5035,mp_jul
1,5029.8032,mp_jul
1,5030.103,mp_jul
1,5030.4028,mp_jul
1,5030.7026,mp_jul
1,5031.0024,mp_jul
1,5031.3021,mp_jul
1,5031.6019,mp_jul
1,5031.9017,mp_jul
1,5032.2015,mp_jul
1,5032.5013,mp_jul
1,5032.8011,mp_jul
1,5033.1009,mp_jul
1,5033.4007,mp_jul
1,5033.7004,mp_jul
1,5034.0002,mp_jul
1,5034.3,mp_jul
1,5034.5997,mp_jul
1,5034.8996,mp_jul
1,5035.2143,mp_jul
1,5035.5141,mp_jul
1,5035.814,mp_jul
1,5036.1137,mp_jul
1,5036.4135,mp_jul
1,5036.7233,mp_jul
1,5037.058,mp_jul
1,5037.3578,mp_jul
1,5037.6576,mp_jul
1,5037.9574,mp_jul
1,5038.2572,mp_jul
1,5038.557,mp_jul
1,5038.8567,mp_jul
1,5039.1565,mp_jul
1,5039.4563,mp_jul
1,5039.7561,mp_jul
1,5040.0558,mp_jul
1,5040.3557,mp_jul
1,5040.6555,mp_jul
1,5040.9552,mp_jul
1,5041.255,mp_jul
1,5041.5748,mp_jul
1,5041.8946,mp_jul
1,5042.3493,mp_jul
1,5042.6491,mp_jul
1,5042.9488,mp_jul
1,5043.2486,mp_jul
1,5043.5484,mp_jul
1,5043.8483,mp_jul
1,5044.148,mp_jul
1,5044.4478,mp_jul
1,5044.7475,mp_jul
1,5045.0523,mp_jul
1,5045.3522,mp_jul
1,5045.6519,mp_jul
1,5045.9516,mp_jul
1,5046.2515,mp_jul
1,5046.5513,mp_jul
1,5046.8511,mp_jul
1,5047.1508,mp_jul
1,5047.4506,mp_jul
1,5047.7504,mp_jul
1,5048.0502,mp_jul
1,5048.35,mp_jul
1,5048.6498,mp_jul
1,5048.9496,mp_jul
1,5049.2493,mp_jul
1,5049.5491,mp_jul
1,5049.8489,mp_jul
1,5050.1487,mp_jul
1,5050.4484,mp_jul
1,5050.7483,mp_jul
1,5051.048,mp_jul
1,5051.3479,mp_jul
1,5051.6476,mp_jul
1,5051.9474,mp_jul
1,5052.2472,mp_jul
1,5052.547,mp_jul
1,5052.8468,mp_jul
1,5053.1815,mp_jul
1,5053.4813,mp_jul
1,5053.7811,mp_jul
1,5054.0809,mp_jul
1,5054.3807,mp_jul
1,5054.6804,mp_jul
1,5054.9802,mp_jul
1,5055.28,mp_jul
1,5055.5798,mp_jul
1,5055.8796,mp_jul
1,5056.1794,mp_jul
1,5056.4791,mp_jul
1,5056.7789,mp_jul
1,5057.0788,mp_jul
1,5057.3786,mp_jul
1,5057.6783,mp_jul
1,5057.9781,mp_jul
1,5058.2779,mp_jul
1,5058.5777,mp_jul
1,5058.8774,mp_jul
1,5059.1772,mp_jul
1,5059.477,mp_jul
1,5059.7768,mp_jul
1,5060.0766,mp_jul
1,5060.3764,mp_jul
1,5060.6762,mp_jul
1,5060.9759,mp_jul
1,5061.2757,mp_jul
1,5061.5755,mp_jul
1,5061.8753,mp_jul
1,5062.1751,mp_jul
1,5062.4748,mp_jul
1,5062.7746,mp_jul
1,5063.0745,mp_jul
1,5063.3742,mp_jul
1,5063.674,mp_jul
1,5063.9738,mp_jul
1,5064.2736,mp_jul
1,5064.5733,mp_jul
1,5064.8732,mp_jul
1,5065.1729,mp_jul
1,5065.4727,mp_jul
1,5065.7725,mp_jul
1,5066.0723,mp_jul
1,5066.3721,mp_jul
1,5066.6718,mp_jul
1,5066.9716,mp_jul
1,5067.2714,mp_jul
1,5067.5712,mp_jul
1,5067.871,mp_jul
1,5068.1708,mp_jul
1,5068.4706,mp_jul
1,5068.7703,mp_jul
1,5069.0701,mp_jul
1,5069.3699,mp_jul
1,5069.6697,mp_jul
1,5069.9695,mp_jul
1,5070.2693,mp_jul
1,5070.569,mp_jul
1,5070.8689,mp_jul
1,5071.1687,mp_jul
1,5071.4685,mp_jul
1,5071.7682,mp_jul
1,5072.068,mp_jul
1,5072.3678,mp_jul
1,5072.6676,mp_jul
1,5072.9674,mp_jul
1,5073.2671,mp_jul
1,5073.567,mp_jul
1,5073.8667,mp_jul
1,5074.1665,mp_jul
1,5074.4663,mp_jul
1,5074.7661,mp_jul
1,5075.0659,mp_jul
1,5075.3657,mp_jul
1,5075.6654,mp_jul
1,5075.9652,mp_jul
1,5076.265,mp_jul
1,5076.5648,mp_jul
1,5076.8646,mp_jul
1,5077.1644,mp_jul
1,5077.4642,mp_jul
1,5077.764,mp_jul
1,5078.0637,mp_jul
1,5078.3636,mp_jul
1,5078.6633,mp_jul
1,5078.9631,mp_jul
1,5079.2679,mp_jul
1,5079.5676,mp_jul
1,5079.8675,mp_jul
1,5080.1672,mp_jul
1,5080.467,mp_jul
1,5080.7668,mp_jul
1,5081.0666,mp_jul
1,5081.3664,mp_jul
1,5081.6661,mp_jul
1,5081.966,mp_jul
1,5082.2657,mp_jul
1,5082.5655,mp_jul
1,5082.8759,mp_jul
1,5083.1757,mp_jul
1,5083.4756,mp_jul
1,5083.7753,mp_jul
1,5084.0751,mp_jul
1,5084.3749,mp_jul
1,5084.6747,mp_jul
1,5084.9744,mp_jul
1,5085.2742,mp_jul
1,5085.574,mp_jul
1,5085.8738,mp_jul
1,5086.1736,mp_jul
1,5086.4734,mp_jul
1,5086.7732,mp_jul
1,5087.073,mp_jul
1,5087.3727,mp_jul
1,5087.6725,mp_jul
1,5087.9723,mp_jul
1,5088.2721,mp_jul
1,5088.5719,mp_jul
1,5088.8717,mp_jul
1,5089.1715,mp_jul
1,5089.4713,mp_jul
1,5089.7711,mp_jul
1,5090.0708,mp_jul
1,5090.3706,mp_jul
1,5090.6704,mp_jul
1,5090.9702,mp_jul
1,5091.27,mp_jul
1,5091.5699,mp_jul
1,5091.8696,mp_jul
1,5092.1694,mp_jul
1,5092.4692,mp_jul
1,5092.769,mp_jul
1,5093.0831,mp_jul
1,5093.4328,mp_jul
1,5093.7326,mp_jul
1,5094.0324,mp_jul
1,5094.3322,mp_jul
1,5094.6319,mp_jul
1,5094.9317,mp_jul
1,5095.2316,mp_jul
1,5095.5313,mp_jul
1,5095.8311,mp_jul
1,5096.1309,mp_jul
1,5096.4307,mp_jul
1,5096.7305,mp_jul
1,5097.0302,mp_jul
1,5097.3301,mp_jul
1,5097.6299,mp_jul
1,5097.9296,mp_jul
1,5098.2294,mp_jul
1,5098.5292,mp_jul
1,5098.829,mp_jul
1,5099.1288,mp_jul
1,5099.4285,mp_jul
1,5099.7284,mp_jul
1,5100.0282,mp_jul
1,5100.3279,mp_jul
1,5100.6277,mp_jul
1,5100.9275,mp_jul
1,5101.2273,mp_jul
1,5101.5271,mp_jul
1,5101.8269,mp_jul
1,5102.1267,mp_jul
1,5102.4315,mp_jul
1,5102.7312,mp_jul
1,5103.031,mp_jul
1,5103.3308,mp_jul
1,5103.6306,mp_jul
1,5103.9304,mp_jul
1,5104.2302,mp_jul
1,5104.53,mp_jul
1,5104.8298,mp_jul
1,5105.1295,mp_jul
1,5105.4293,mp_jul
1,5105.7291,mp_jul
1,5106.0289,mp_jul
1,5106.3287,mp_jul
1,5106.6284,mp_jul
1,5106.939,mp_jul
1,5107.2388,mp_jul
1,5107.5386,mp_jul
1,5107.8383,mp_jul
1,5108.1382,mp_jul
1,5108.438,mp_jul
1,5108.7377,mp_jul
1,5109.0376,mp_jul
1,5109.3373,mp_jul
1,5109.6371,mp_jul
1,5109.9369,mp_jul
1,5110.2367,mp_jul
1,5110.5364,mp_jul
1,5110.8363,mp_jul
1,5111.1361,mp_jul
1,5111.4358,mp_jul
1,5111.7356,mp_jul
1,5112.0355,mp_jul
1,5112.3353,mp_jul
1,5112.6349,mp_jul
1,5112.9348,mp_jul
1,5113.2346,mp_jul
1,5113.5344,mp_jul
1,5113.8342,mp_jul
1,5114.134,mp_jul
1,5114.4337,mp_jul
1,5114.7335,mp_jul
1,5115.0333,mp_jul
1,5115.333,mp_jul
1,5115.6329,mp_jul
1,5115.9327,mp_jul
1,5116.2325,mp_jul
1,5116.5323,mp_jul
1,5116.832,mp_jul
1,5117.1318,mp_jul
1,5117.4316,mp_jul
1,5117.7314,mp_jul
1,5118.0311,mp_jul
1,5118.3309,mp_jul
1,5118.6308,mp_jul
1,5118.9305,mp_jul
1,5119.2303,mp_jul
1,5119.5301,mp_jul
1,5119.8299,mp_jul
1,5120.1296,mp_jul
1,5120.4294,mp_jul
1,5120.7292,mp_jul
1,5121.0291,mp_jul
1,5121.3288,mp_jul
1,5121.6286,mp_jul
1,5121.9284,mp_jul
1,5122.2282,mp_jul
1,5122.528,mp_jul
1,5122.8278,mp_jul
1,5123.1275,mp_jul
1,5123.4273,mp_jul
1,5123.7271,mp_jul
1,5124.0269,mp_jul
1,5124.3267,mp_jul
1,5124.6264,mp_jul
1,5124.9262,mp_jul
1,5125.2261,mp_jul
1,5125.5259,mp_jul
1,5125.8256,mp_jul
1,5126.1254,mp_jul
1,5126.4252,mp_jul
1,5126.725,mp_jul
1,5127.0446,mp_jul
1,5127.3444,mp_jul
1,5127.6442,mp_jul
1,5127.9439,mp_jul
1,5128.2438,mp_jul
1,5128.5435,mp_jul
1,5128.8433,mp_jul
1,5129.1431,mp_jul
1,5129.4429,mp_jul
1,5129.7427,mp_jul
1,5130.0425,mp_jul
1,5130.3423,mp_jul
1,5130.642,mp_jul
1,5130.9419,mp_jul
1,5131.2416,mp_jul
1,5131.5415,mp_jul
1,5131.8412,mp_jul
1,5132.141,mp_jul
1,5132.4408,mp_jul
1,5132.7406,mp_jul
1,5133.0404,mp_jul
1,5133.3401,mp_jul
1,5133.6399,mp_jul
1,5133.9397,mp_jul
1,5134.2395,mp_jul
1,5134.5393,mp_jul
1,5134.8391,mp_jul
1,5135.1388,mp_jul
1,5135.4386,mp_jul
1,5135.7384,mp_jul
1,5136.0383,mp_jul
1,5136.338,mp_jul
1,5136.6378,mp_jul
1,5136.9376,mp_jul
1,5137.2374,mp_jul
1,5137.5371,mp_jul
1,5137.8369,mp_jul
1,5138.1367,mp_jul
1,5138.4365,mp_jul
1,5138.7363,mp_jul
1,5139.0361,mp_jul
1,5139.3403,mp_jul
1,5139.64,mp_jul
1,5139.9398,mp_jul
1,5140.2396,mp_jul
1,5140.5394,mp_jul
1,5140.8392,mp_jul
1,5141.1389,mp_jul
1,5141.4387,mp_jul
1,5141.7386,mp_jul
1,5142.0383,mp_jul
1,5142.3381,mp_jul
1,5142.6379,mp_jul
1,5142.9377,mp_jul
1,5143.2375,mp_jul
1,5143.5372,mp_jul
1,5143.837,mp_jul
1,5144.1368,mp_jul
1,5144.4366,mp_jul
1,5144.7364,mp_jul
1,5145.0362,mp_jul
1,5145.336,mp_jul
1,5145.6358,mp_jul
1,5145.9356,mp_jul
1,5146.2353,mp_jul
1,5146.5352,mp_jul
1,5146.8349,mp_jul
1,5147.1348,mp_jul
1,5147.4345,mp_jul
1,5147.7343,mp_jul
1,5148.0341,mp_jul
1,5148.3339,mp_jul
1,5148.6336,mp_jul
1,5148.9335,mp_jul
1,5149.2332,mp_jul
1,5149.533,mp_jul
1,5149.8328,mp_jul
1,5150.1326,mp_jul
1,5150.4324,mp_jul
1,5150.7321,mp_jul
1,5151.032,mp_jul
1,5151.3317,mp_jul
1,5151.6316,mp_jul
1,5151.9313,mp_jul
1,5152.2311,mp_jul
1,5152.5309,mp_jul
1,5152.8307,mp_jul
1,5153.1304,mp_jul
1,5153.4302,mp_jul
1,5153.7301,mp_jul
1,5154.0298,mp_jul
1,5154.3296,mp_jul
1,5154.6294,mp_jul
1,5154.9292,mp_jul
1,5155.229,mp_jul
1,5155.5287,mp_jul
1,5155.8285,mp_jul
1,5156.1284,mp_jul
1,5156.4281,mp_jul
1,5156.7279,mp_jul
1,5157.0277,mp_jul
1,5157.3275,mp_jul
1,5157.6273,mp_jul
1,5157.927,mp_jul
1,5158.2268,mp_jul
1,5158.5266,mp_jul
12,5158.8264,mp_jul
0,5159.1262,mp_jul
1,5159.426,mp_jul
1,5159.7258,mp_jul
1,5160.0256,mp_jul
1,5160.3254,mp_jul
1,5160.6251,mp_jul
1,5160.9249,mp_jul
1,5161.2248,mp_jul
1,5161.5245,mp_jul
1,5161.8243,mp_jul
1,5162.1241,mp_jul
1,5162.4238,mp_jul
1,5162.7236,mp_jul
1,5163.0235,mp_jul
1,5163.3232,mp_jul
1,5163.623,mp_jul
1,5163.9228,mp_jul
1,5164.2226,mp_jul
1,5164.5224,mp_jul
1,5164.8222,mp_jul
1,5165.122,mp_jul
1,5165.4218,mp_jul
1,5165.7215,mp_jul
1,5166.0213,mp_jul
1,5166.3211,mp_jul
1,5166.6209,mp_jul
1,5166.9207,mp_jul
1,5167.2204,mp_jul
1,5167.5203,mp_jul
1,5167.82,mp_jul
1,5168.1198,mp_jul
1,5168.4196,mp_jul
1,5168.7194,mp_jul
1,5169.0192,mp_jul
1,5169.319,mp_jul
1,5169.6188,mp_jul
1,5169.9185,mp_jul
1,5170.2283,mp_jul
1,5170.5281,mp_jul
1,5170.8279,mp_jul
1,5171.1277,mp_jul
1,5171.4275,mp_jul
1,5171.7273,mp_jul
1,5172.027,mp_jul
1,5172.3268,mp_jul
1,5172.6267,mp_jul
1,5172.9264,mp_jul
1,5173.2262,mp_jul
1,5173.526,mp_jul
1,5173.8258,mp_jul
1,5174.1256,mp_jul
1,5174.4254,mp_jul
1,5174.7252,mp_jul
1,5175.0249,mp_jul
1,5175.3247,mp_jul
1,5175.6245,mp_jul
1,5175.9243,mp_jul
1,5176.2241,mp_jul
1,5176.5239,mp_jul
1,5176.8237,mp_jul
1,5177.1235,mp_jul
1,5177.4233,mp_jul
1,5177.723,mp_jul
1,5178.0228,mp_jul
1,5178.3226,mp_jul
1,5178.6224,mp_jul
1,5178.9221,mp_jul
1,5179.222,mp_jul
1,5179.5218,mp_jul
1,5179.8215,mp_jul
1,5180.1213,mp_jul
1,5180.4211,mp_jul
1,5180.7209,mp_jul
1,5181.0207,mp_jul
1,5181.3205,mp_jul
1,5181.6203,mp_jul
1,5181.9201,mp_jul
1,5182.2198,mp_jul
1,5182.5196,mp_jul
1,5182.8194,mp_jul
1,5183.1192,mp_jul
1,5183.419,mp_jul
1,5183.7188,mp_jul
1,5184.0185,mp_jul
1,5184.3184,mp_jul
1,5184.6181,mp_jul
1,5184.918,mp_jul
1,5185.2177,mp_jul
1,5185.5175,mp_jul
1,5185.8173,mp_jul
1,5186.132,mp_jul
1,5186.4318,mp_jul
1,5186.7316,mp_jul
1,5187.0314,mp_jul
1,5187.3312,mp_jul
1,5187.631,mp_jul
1,5187.9308,mp_jul
1,5188.2306,mp_jul
1,5188.5304,mp_jul
1,5188.8301,mp_jul
1,5189.1299,mp_jul
1,5189.4297,mp_jul
1,5189.7295,mp_jul
1,5190.0292,mp_jul
1,5190.329,mp_jul
1,5190.6289,mp_jul
1,5190.9286,mp_jul
1,5191.2284,mp_jul
1,5191.5282,mp_jul
1,5191.828,mp_jul
1,5192.1278,mp_jul
1,5192.4276,mp_jul
1,5192.7274,mp_jul
1,5193.0272,mp_jul
1,5193.3269,mp_jul
1,5193.6267,mp_jul
1,5193.9265,mp_jul
1,5194.2263,mp_jul
1,5194.5261,mp_jul
1,5194.8258,mp_jul
1,5195.1257,mp_jul
1,5195.4254,mp_jul
1,5195.7252,mp_jul
1,5196.025,mp_jul
1,5196.3248,mp_jul
1,5196.6246,mp_jul
1,5196.9244,mp_jul
1,5197.2242,mp_jul
1,5197.524,mp_jul
1,5197.8238,mp_jul
1,5198.1235,mp_jul
1,5198.4233,mp_jul
1,5198.7231,mp_jul
1,5199.0229,mp_jul
1,5199.3277,mp_jul
1,5199.6275,mp_jul
1,5199.9273,mp_jul
1,5200.2271,mp_jul
1,5200.5268,mp_jul
1,5200.8266,mp_jul
1,5201.1264,mp_jul
1,5201.4262,mp_jul
1,5201.726,mp_jul
1,5202.0258,mp_jul
1,5202.3256,mp_jul
1,5202.6254,mp_jul
1,5202.9251,mp_jul
1,5203.2249,mp_jul
1,5203.5247,mp_jul
1,5203.8245,mp_jul
1,5204.1243,mp_jul
1,5204.4241,mp_jul
1,5204.7294,mp_jul
1,5205.0493,mp_jul
1,5205.3491,mp_jul
1,5205.6489,mp_jul
1,5205.9487,mp_jul
1,5206.2484,mp_jul
1,5206.5482,mp_jul
1,5206.848,mp_jul
1,5207.1478,mp_jul
1,5207.4476,mp_jul
1,5207.7473,mp_jul
1,5208.0471,mp_jul
1,5208.3469,mp_jul
1,5208.6467,mp_jul
1,5208.9465,mp_jul
1,5209.2463,mp_jul
1,5209.546,mp_jul
1,5209.8459,mp_jul
1,5210.1457,mp_jul
1,5210.4453,mp_jul
1,5210.7452,mp_jul
1,5211.045,mp_jul
1,5211.3448,mp_jul
1,5211.6446,mp_jul
1,5211.9444,mp_jul
1,5212.2441,mp_jul
1,5212.544,mp_jul
1,5212.8437,mp_jul
1,5213.1435,mp_jul
1,5213.4526,mp_jul
1,5213.7524,mp_jul
1,5214.0523,mp_jul
1,5214.352,mp_jul
1,5214.6518,mp_jul
1,5214.9516,mp_jul
1,5215.2514,mp_jul
1,5215.5512,mp_jul
1,5215.851,mp_jul
1,5216.1508,mp_jul
1,5216.4506,mp_jul
1,5216.7503,mp_jul
1,5217.0501,mp_jul
1,5217.3499,mp_jul
1,5217.6497,mp_jul
1,5217.9495,mp_jul
1,5218.2492,mp_jul
1,5218.5491,mp_jul
1,5218.8488,mp_jul
1,5219.1486,mp_jul
1,5219.4484,mp_jul
1,5219.7482,mp_jul
1,5220.048,mp_jul
1,5220.3478,mp_jul
1,5220.6475,mp_jul
1,5220.9473,mp_jul
1,5221.2471,mp_jul
1,5221.5469,mp_jul
1,5221.8467,mp_jul
1,5222.1465,mp_jul
1,5222.4463,mp_jul
1,5222.7461,mp_jul
1,5223.0459,mp_jul
1,5223.3456,mp_jul
1,5223.6454,mp_jul
1,5223.9452,mp_jul
1,5224.2451,mp_jul
1,5224.5448,mp_jul
1,5224.8445,mp_jul
1,5225.1444,mp_jul
1,5225.4442,mp_jul
1,5225.744,mp_jul
1,5226.0487,mp_jul
1,5226.3485,mp_jul
1,5226.6483,mp_jul
1,5226.9481,mp_jul
1,5227.2479,mp_jul
1,5227.5477,mp_jul
1,5227.8474,mp_jul
1,5228.1472,mp_jul
1,5228.447,mp_jul
1,5228.7468,mp_jul
1,5229.0466,mp_jul
1,5229.3464,mp_jul
1,5229.6461,mp_jul
1,5229.946,mp_jul
1,5230.2458,mp_jul
1,5230.5455,mp_jul
1,5230.8454,mp_jul
1,5231.1451,mp_jul
1,5231.4449,mp_jul
1,5231.7447,mp_jul
1,5232.0444,mp_jul
1,5232.3443,mp_jul
1,5232.644,mp_jul
1,5232.9438,mp_jul
1,5233.2436,mp_jul
1,5233.5434,mp_jul
1,5233.8432,mp_jul
1,5234.143,mp_jul
1,5234.4428,mp_jul
1,5234.7426,mp_jul
1,5235.0423,mp_jul
1,5235.3421,mp_jul
1,5235.642,mp_jul
1,5235.9475,mp_jul
1,5236.2472,mp_jul
1,5236.547,mp_jul
1,5236.8468,mp_jul
1,5237.1466,mp_jul
1,5237.4464,mp_jul
1,5237.7462,mp_jul
1,5238.046,mp_jul
1,5238.3458,mp_jul
1,5238.6455,mp_jul
1,5238.9453,mp_jul
1,5239.2451,mp_jul
1,5239.5449,mp_jul
1,5239.8447,mp_jul
1,5240.1444,mp_jul
1,5240.4442,mp_jul
1,5240.7442,mp_jul
1,5241.0438,mp_jul
1,5241.3437,mp_jul
1,5241.6434,mp_jul
1,5241.9432,mp_jul
1,5242.243,mp_jul
1,5242.5428,mp_jul
1,5242.8426,mp_jul
1,5243.1423,mp_jul
1,5243.4421,mp_jul
1,5243.742,mp_jul
1,5244.0417,mp_jul
1,5244.3415,mp_jul
1,5244.6611,mp_jul
1,5244.9902,mp_jul
1,5245.3206,mp_jul
1,5245.6204,mp_jul
1,5245.9202,mp_jul
1,5246.2199,mp_jul
1,5246.5197,mp_jul
1,5246.8195,mp_jul
1,5247.1193,mp_jul
1,5247.4191,mp_jul
1,5247.7188,mp_jul
1,5248.0187,mp_jul
1,5248.3185,mp_jul
1,5248.6183,mp_jul
1,5248.9181,mp_jul
1,5249.2179,mp_jul
1,5249.5177,mp_jul
1,5249.8174,mp_jul
1,5250.1173,mp_jul
1,5250.417,mp_jul
1,5250.7168,mp_jul
1,5251.0166,mp_jul
1,5251.3164,mp_jul
1,5251.6162,mp_jul
1,5251.916,mp_jul
1,5252.2157,mp_jul
1,5252.5155,mp_jul
1,5252.8153,mp_jul
1,5253.1151,mp_jul
1,5253.4149,mp_jul
1,5253.7147,mp_jul
1,5254.0144,mp_jul
1,5254.3142,mp_jul
1,5254.614,mp_jul
1,5254.9139,mp_jul
1,5255.2136,mp_jul
1,5255.5134,mp_jul
1,5255.8132,mp_jul
1,5256.113,mp_jul
1,5256.4128,mp_jul
1,5256.7125,mp_jul
1,5257.0123,mp_jul
1,5257.3121,mp_jul
1,5257.6119,mp_jul
1,5257.9117,mp_jul
1,5258.2115,mp_jul
1,5258.5113,mp_jul
1,5258.8111,mp_jul
1,5259.1109,mp_jul
1,5259.4199,mp_jul
1,5259.7197,mp_jul
1,5260.0196,mp_jul
1,5260.3193,mp_jul
1,5260.6192,mp_jul
1,5260.9189,mp_jul
1,5261.2187,mp_jul
1,5261.5184,mp_jul
1,5261.8183,mp_jul
1,5262.118,mp_jul
1,5262.4178,mp_jul
1,5262.7226,mp_jul
1,5263.0281,mp_jul
1,5263.328,mp_jul
1,5263.6277,mp_jul
1,5263.9276,mp_jul
1,5264.2273,mp_jul
1,5264.5272,mp_jul
1,5264.8268,mp_jul
1,5265.1267,mp_jul
1,5265.5107,mp_jul
1,5265.8104,mp_jul
1,5266.1102,mp_jul
1,5266.41,mp_jul
1,5266.7098,mp_jul
1,5267.0096,mp_jul
1,5267.3093,mp_jul
1,5267.6091,mp_jul
1,5267.9089,mp_jul
1,5268.2087,mp_jul
1,5268.5085,mp_jul
1,5268.8082,mp_jul
1,5269.1081,mp_jul
1,5269.4079,mp_jul
1,5269.7076,mp_jul
1,5270.0075,mp_jul
1,5270.3072,mp_jul
1,5270.607,mp_jul
1,5270.9068,mp_jul
1,5271.2066,mp_jul
1,5271.5064,mp_jul
1,5271.8061,mp_jul
1,5272.1059,mp_jul
1,5272.4057,mp_jul
1,5272.7055,mp_jul
1,5273.0053,mp_jul
1,5273.3059,mp_jul
1,5273.6049,mp_jul
1,5273.9046,mp_jul
1,5274.2044,mp_jul
1,5274.5042,mp_jul
1,5274.804,mp_jul
1,5275.1038,mp_jul
1,5275.4036,mp_jul
1,5275.7034,mp_jul
1,5276.0032,mp_jul
1,5276.3029,mp_jul
1,5276.6028,mp_jul
1,5276.9025,mp_jul
1,5277.2023,mp_jul
1,5277.5021,mp_jul
1,5277.8018,mp_jul
1,5278.1016,mp_jul
1,5278.4014,mp_jul
1,5278.7012,mp_jul
1,5279.001,mp_jul
1,5279.3008,mp_jul
1,5279.6005,mp_jul
1,5279.9004,mp_jul
1,5280.2002,mp_jul
1,5280.4999,mp_jul
1,5280.7997,mp_jul
1,5281.0995,mp_jul
1,5281.3993,mp_jul
1,5281.6991,mp_jul
1,5281.9988,mp_jul
1,5282.2987,mp_jul
1,5282.5984,mp_jul
1,5282.8983,mp_jul
1,5283.198,mp_jul
1,5283.4978,mp_jul
1,5283.7976,mp_jul
1,5284.0974,mp_jul
1,5284.3972,mp_jul
1,5284.6969,mp_jul
1,5284.9968,mp_jul
1,5285.2965,mp_jul
1,5285.5963,mp_jul
1,5285.8961,mp_jul
1,5286.1959,mp_jul
1,5286.4956,mp_jul
1,5286.7955,mp_jul
1,5287.0952,mp_jul
1,5287.3951,mp_jul
1,5287.6948,mp_jul
1,5287.9946,mp_jul
1,5288.2944,mp_jul
1,5288.5942,mp_jul
1,5288.904,mp_jul
1,5289.2037,mp_jul
1,5289.5035,mp_jul
1,5289.8033,mp_jul
1,5290.1031,mp_jul
1,5290.4028,mp_jul
1,5290.7027,mp_jul
1,5291.0024,mp_jul
1,5291.3023,mp_jul
1,5291.602,mp_jul
1,5291.9168,mp_jul
1,5292.2273,mp_jul
1,5292.527,mp_jul
1,5292.8268,mp_jul
1,5293.1265,mp_jul
1,5293.4264,mp_jul
1,5293.7261,mp_jul
1,5294.0259,mp_jul
1,5294.3257,mp_jul
1,5294.6255,mp_jul
1,5294.9253,mp_jul
1,5295.2251,mp_jul
1,5295.5249,mp_jul
1,5295.8247,mp_jul
1,5296.1245,mp_jul
1,5296.4243,mp_jul
1,5296.724,mp_jul
1,5297.0237,mp_jul
1,5297.3236,mp_jul
1,5297.6233,mp_jul
1,5297.9232,mp_jul
1,5298.2229,mp_jul
1,5298.5227,mp_jul
1,5298.8225,mp_jul
1,5299.1223,mp_jul
1,5299.422,mp_jul
1,5299.7219,mp_jul
1,5300.0217,mp_jul
1,5300.3414,mp_jul
1,5300.6412,mp_jul
1,5300.9411,mp_jul
1,5301.2408,mp_jul
1,5301.5406,mp_jul
1,5301.8404,mp_jul
1,5302.1402,mp_jul
1,5302.4399,mp_jul
1,5302.7397,mp_jul
1,5303.0395,mp_jul
1,5303.3393,mp_jul
1,5303.6391,mp_jul
1,5303.9389,mp_jul
1,5304.2387,mp_jul
1,5304.5385,mp_jul
1,5304.8383,mp_jul
1,5305.1381,mp_jul
1,5305.4379,mp_jul
1,5305.7376,mp_jul
1,5306.0375,mp_jul
1,5306.3372,mp_jul
1,5306.637,mp_jul
1,5306.9368,mp_jul
1,5307.2366,mp_jul
1,5307.5364,mp_jul
1,5307.8362,mp_jul
1,5308.136,mp_jul
1,5308.4357,mp_jul
1,5308.7356,mp_jul
1,5309.0353,mp_jul
1,5309.3351,mp_jul
1,5309.6349,mp_jul
1,5309.9347,mp_jul
1,5310.2345,mp_jul
1,5310.5342,mp_jul
1,5310.834,mp_jul
1,5311.1338,mp_jul
1,5311.4336,mp_jul
1,5311.7333,mp_jul
1,5312.0332,mp_jul
1,5312.333,mp_jul
1,5312.6328,mp_jul
1,5312.9325,mp_jul
1,5313.2323,mp_jul
1,5313.5321,mp_jul
1,5313.8318,mp_jul
1,5314.1317,mp_jul
1,5314.4314,mp_jul
1,5314.7312,mp_jul
1,5315.031,mp_jul
1,5315.3308,mp_jul
1,5315.6306,mp_jul
1,5315.9304,mp_jul
1,5316.2302,mp_jul
1,5316.53,mp_jul
1,5316.8297,mp_jul
1,5317.1295,mp_jul
1,5317.4293,mp_jul
1,5317.7291,mp_jul
1,5318.0289,mp_jul
1,5318.3287,mp_jul
1,5318.6285,mp_jul
1,5318.9283,mp_jul
1,5319.2324,mp_jul
1,5319.5322,mp_jul
1,5319.8319,mp_jul
1,5320.1317,mp_jul
1,5320.4315,mp_jul
1,5320.7313,mp_jul
1,5321.031,mp_jul
1,5321.3309,mp_jul
1,5321.6307,mp_jul
1,5321.9304,mp_jul
1,5322.2302,mp_jul
1,5322.53,mp_jul
1,5322.8298,mp_jul
1,5323.1296,mp_jul
1,5323.4294,mp_jul
1,5323.7291,mp_jul
1,5324.029,mp_jul
1,5324.3287,mp_jul
1,5324.6285,mp_jul
1,5324.9283,mp_jul
1,5325.2281,mp_jul
1,5325.5279,mp_jul
1,5325.8276,mp_jul
1,5326.1275,mp_jul
1,5326.4273,mp_jul
1,5326.727,mp_jul
1,5327.0268,mp_jul
1,5327.3266,mp_jul
1,5327.6264,mp_jul
1,5327.9262,mp_jul
1,5328.226,mp_jul
1,5328.5258,mp_jul
1,5328.8255,mp_jul
1,5329.1253,mp_jul
1,5329.4251,mp_jul
1,5329.7249,mp_jul
1,5330.0247,mp_jul
1,5330.3245,mp_jul
1,5330.6243,mp_jul
1,5330.924,mp_jul
1,5331.2238,mp_jul
1,5331.5236,mp_jul
1,5331.8234,mp_jul
1,5332.1232,mp_jul
1,5332.423,mp_jul
1,5332.7228,mp_jul
1,5333.0225,mp_jul
1,5333.3232,mp_jul
1,5333.6221,mp_jul
1,5333.9219,mp_jul
1,5334.2217,mp_jul
1,5334.5215,mp_jul
1,5334.8213,mp_jul
1,5335.1211,mp_jul
1,5335.4209,mp_jul
1,5335.7206,mp_jul
1,5336.0204,mp_jul
1,5336.3202,mp_jul
1,5336.6199,mp_jul
1,5336.9198,mp_jul
1,5337.2196,mp_jul
1,5337.5194,mp_jul
1,5337.8191,mp_jul
1,5338.1189,mp_jul
1,5338.4188,mp_jul
1,5338.7185,mp_jul
1,5339.0182,mp_jul
1,5339.318,mp_jul
1,5339.6179,mp_jul
1,5339.9176,mp_jul
1,5340.2175,mp_jul
1,5340.5172,mp_jul
1,5340.817,mp_jul
1,5341.1168,mp_jul
1,5341.4166,mp_jul
1,5341.7164,mp_jul
1,5342.0162,mp_jul
1,5342.3159,mp_jul
1,5342.6157,mp_jul
1,5342.9155,mp_jul
1,5343.2153,mp_jul
1,5343.5151,mp_jul
1,5343.8148,mp_jul
1,5344.1146,mp_jul
1,5344.4244,mp_jul
1,5344.7242,mp_jul
1,5345.024,mp_jul
1,5345.3238,mp_jul
1,5345.6236,mp_jul
1,5345.9234,mp_jul
1,5346.2232,mp_jul
1,5346.5229,mp_jul
1,5346.8228,mp_jul
1,5347.1225,mp_jul
1,5347.4223,mp_jul
1,5347.7221,mp_jul
1,5348.0219,mp_jul
1,5348.3217,mp_jul
1,5348.6214,mp_jul
1,5348.9212,mp_jul
1,5349.2211,mp_jul
1,5349.5208,mp_jul
1,5349.8206,mp_jul
1,5350.1204,mp_jul
1,5350.4202,mp_jul
1,5350.7199,mp_jul
1,5351.0197,mp_jul
1,5351.3196,mp_jul
1,5351.6193,mp_jul
1,5351.9191,mp_jul
1,5352.2188,mp_jul
1,5352.5187,mp_jul
1,5352.8185,mp_jul
1,5353.1182,mp_jul
1,5353.4181,mp_jul
1,5353.7178,mp_jul
1,5354.0176,mp_jul
1,5354.3174,mp_jul
1,5354.6172,mp_jul
1,5354.917,mp_jul
1,5355.2167,mp_jul
1,5355.5165,mp_jul
1,5355.8163,mp_jul
1,5356.1161,mp_jul
1,5356.4159,mp_jul
1,5356.7157,mp_jul
1,5357.0155,mp_jul
1,5357.3153,mp_jul
1,5357.6151,mp_jul
1,5357.9148,mp_jul
1,5358.2147,mp_jul
1,5358.5144,mp_jul
1,5358.8142,mp_jul
1,5359.114,mp_jul
1,5359.4137,mp_jul
1,5359.7136,mp_jul
1,5360.0133,mp_jul
1,5360.3131,mp_jul
1,5360.6129,mp_jul
1,5360.9127,mp_jul
1,5361.2125,mp_jul
1,5361.518,mp_jul
1,5361.8177,mp_jul
1,5362.1174,mp_jul
1,5362.4172,mp_jul
1,5362.717,mp_jul
1,5363.0168,mp_jul
1,5363.3165,mp_jul
1,5363.6164,mp_jul
1,5363.9161,mp_jul
1,5364.2159,mp_jul
1,5364.5157,mp_jul
1,5364.8155,mp_jul
1,5365.1247,mp_jul
1,5365.4245,mp_jul
1,5365.7243,mp_jul
1,5366.024,mp_jul
1,5366.3239,mp_jul
1,5366.6236,mp_jul
1,5366.9235,mp_jul
1,5367.2232,mp_jul
1,5367.523,mp_jul
1,5367.8228,mp_jul
1,5368.1226,mp_jul
1,5368.4223,mp_jul
1,5368.7221,mp_jul
1,5369.0219,mp_jul
1,5369.3216,mp_jul
1,5369.6215,mp_jul
1,5369.9462,mp_jul
1,5370.246,mp_jul
1,5370.5458,mp_jul
1,5370.8456,mp_jul
1,5371.1454,mp_jul
1,5371.4452,mp_jul
1,5371.745,mp_jul
1,5372.0448,mp_jul
1,5372.3645,mp_jul
1,5372.6644,mp_jul
1,5372.9641,mp_jul
1,5373.2638,mp_jul
1,5373.5636,mp_jul
1,5373.8634,mp_jul
1,5374.1632,mp_jul
1,5374.473,mp_jul
1,5374.7728,mp_jul
1,5375.0726,mp_jul
1,5375.3724,mp_jul
1,5375.6722,mp_jul
1,5375.9719,mp_jul
1,5376.2717,mp_jul
1,5376.5715,mp_jul
1,5376.8713,mp_jul
1,5377.171,mp_jul
1,5377.4709,mp_jul
1,5377.7707,mp_jul
1,5378.0705,mp_jul
1,5378.3702,mp_jul
1,5378.67,mp_jul
1,5378.9698,mp_jul
1,5379.2746,mp_jul
1,5379.5744,mp_jul
1,5379.8742,mp_jul
1,5380.1739,mp_jul
1,5380.4737,mp_jul
1,5380.7735,mp_jul
1,5381.0733,mp_jul
1,5381.3731,mp_jul
1,5381.6729,mp_jul
1,5381.9726,mp_jul
1,5382.2724,mp_jul
1,5382.5722,mp_jul
1,5382.872,mp_jul
1,5383.1718,mp_jul
1,5383.4716,mp_jul
1,5383.7714,mp_jul
1,5384.0712,mp_jul
1,5384.3759,mp_jul
1,5384.6757,mp_jul
1,5384.9755,mp_jul
1,5385.2753,mp_jul
1,5385.5751,mp_jul
1,5385.8748,mp_jul
1,5386.1747,mp_jul
1,5386.4745,mp_jul
1,5386.7842,mp_jul
1,5387.084,mp_jul
1,5387.3838,mp_jul
1,5387.6836,mp_jul
1,5387.9834,mp_jul
1,5388.2931,mp_jul
1,5388.593,mp_jul
1,5388.8927,mp_jul
1,5389.1925,mp_jul
1,5389.4923,mp_jul
1,5389.7921,mp_jul
1,5390.0918,mp_jul
1,5390.3916,mp_jul
1,5390.6915,mp_jul
1,5390.9912,mp_jul
1,5391.291,mp_jul
1,5391.5908,mp_jul
1,5391.8906,mp_jul
1,5392.1903,mp_jul
1,5392.4901,mp_jul
1,5392.7899,mp_jul
1,5393.0897,mp_jul
1,5393.3895,mp_jul
1,5393.6893,mp_jul
1,5393.9891,mp_jul
1,5394.3144,mp_jul
1,5394.6142,mp_jul
1,5394.914,mp_jul
1,5395.2138,mp_jul
1,5395.5136,mp_jul
1,5395.8134,mp_jul
1,5396.1132,mp_jul
1,5396.413,mp_jul
1,5396.7127,mp_jul
1,5397.0126,mp_jul
1,5397.3123,mp_jul
1,5397.6121,mp_jul
1,5397.9119,mp_jul
1,5398.2117,mp_jul
1,5398.5115,mp_jul
1,5398.8112,mp_jul
1,5399.111,mp_jul
1,5399.4108,mp_jul
1,5399.7106,mp_jul
1,5400.0104,mp_jul
1,5400.3102,mp_jul
1,5400.61,mp_jul
1,5400.9097,mp_jul
1,5401.2095,mp_jul
1,5401.5093,mp_jul
1,5401.8091,mp_jul
1,5402.1089,mp_jul
1,5402.4087,mp_jul
1,5402.7084,mp_jul
1,5403.0083,mp_jul
1,5403.308,mp_jul
1,5403.6078,mp_jul
1,5403.9076,mp_jul
1,5404.2074,mp_jul
1,5404.5071,mp_jul
1,5404.8069,mp_jul
1,5405.1067,mp_jul
1,5405.4065,mp_jul
1,5405.7106,mp_jul
1,5406.0104,mp_jul
1,5406.3102,mp_jul
1,5406.61,mp_jul
1,5406.9098,mp_jul
1,5407.2095,mp_jul
1,5407.5094,mp_jul
1,5407.8091,mp_jul
1,5408.1089,mp_jul
1,5408.4088,mp_jul
1,5408.7085,mp_jul
1,5409.0083,mp_jul
1,5409.3081,mp_jul
1,5409.6079,mp_jul
1,5409.9076,mp_jul
1,5410.2074,mp_jul
1,5410.5072,mp_jul
1,5410.807,mp_jul
1,5411.1068,mp_jul
1,5411.4066,mp_jul
1,5411.7063,mp_jul
1,5412.0061,mp_jul
1,5412.3059,mp_jul
1,5412.6057,mp_jul
1,5412.9955,mp_jul
1,5413.2952,mp_jul
1,5413.595,mp_jul
1,5413.8948,mp_jul
1,5414.2046,mp_jul
1,5414.5044,mp_jul
1,5414.8041,mp_jul
1,5415.1039,mp_jul
1,5415.4037,mp_jul
1,5415.7035,mp_jul
1,5416.0082,mp_jul
1,5416.3081,mp_jul
1,5416.6079,mp_jul
1,5416.9076,mp_jul
1,5417.2074,mp_jul
1,5417.5073,mp_jul
1,5417.807,mp_jul
1,5418.1068,mp_jul
1,5418.4065,mp_jul
1,5418.7063,mp_jul
1,5419.0061,mp_jul
1,5419.3059,mp_jul
1,5419.6057,mp_jul
1,5419.9054,mp_jul
1,5420.2052,mp_jul
1,5420.505,mp_jul
1,5420.8048,mp_jul
1,5421.1046,mp_jul
1,5421.4151,mp_jul
1,5421.7149,mp_jul
1,5422.0147,mp_jul
1,5422.3145,mp_jul
1,5422.6143,mp_jul
1,5422.914,mp_jul
1,5423.2139,mp_jul
1,5423.5137,mp_jul
1,5423.8135,mp_jul
1,5424.1132,mp_jul
1,5424.413,mp_jul
1,5424.7128,mp_jul
1,5425.0126,mp_jul
1,5425.3123,mp_jul
1,5425.6122,mp_jul
1,5425.9162,mp_jul
1,5426.2209,mp_jul
1,5426.5207,mp_jul
1,5426.8205,mp_jul
1,5427.1203,mp_jul
1,5427.42,mp_jul
1,5427.7198,mp_jul
1,5428.0196,mp_jul
1,5428.3194,mp_jul
1,5428.6192,mp_jul
1,5428.919,mp_jul
1,5429.2188,mp_jul
1,5429.5185,mp_jul
1,5429.8183,mp_jul
1,5430.1181,mp_jul
1,5430.4179,mp_jul
1,5430.7177,mp_jul
1,5431.0175,mp_jul
1,5431.3172,mp_jul
1,5431.6171,mp_jul
1,5431.9168,mp_jul
1,5432.2166,mp_jul
1,5432.5164,mp_jul
1,5432.8162,mp_jul
1,5433.116,mp_jul
1,5433.4157,mp_jul
0,5433.7155,mp_jul
1,5434.0153,mp_jul
1,5434.3151,mp_jul
1,5434.6149,mp_jul
1,5434.9147,mp_jul
1,5435.2145,mp_jul
1,5435.5143,mp_jul
1,5435.814,mp_jul
1,5436.1138,mp_jul
1,5436.4136,mp_jul
1,5436.7134,mp_jul
1,5437.0132,mp_jul
1,5437.3129,mp_jul
1,5437.6128,mp_jul
1,5437.9125,mp_jul
1,5438.2123,mp_jul
1,5438.5121,mp_jul
1,5438.8118,mp_jul
1,5439.1116,mp_jul
1,5439.4165,mp_jul
1,5439.7163,mp_jul
1,5440.016,mp_jul
1,5440.3158,mp_jul
1,5440.6156,mp_jul
9,5440.9154,mp_jul
9,5441.2151,mp_jul
1,5441.5149,mp_jul
1,5441.8148,mp_jul
1,5442.1145,mp_jul
1,5442.4143,mp_jul
1,5442.7197,mp_jul
1,5443.0196,mp_jul
1,5443.3193,mp_jul
1,5443.6192,mp_jul
1,5443.9189,mp_jul
1,5444.2187,mp_jul
1,5444.5185,mp_jul
1,5444.8182,mp_jul
1,5445.118,mp_jul
1,5445.4178,mp_jul
1,5445.7176,mp_jul
1,5446.0174,mp_jul
1,5446.3171,mp_jul
1,5446.6169,mp_jul
1,5446.9167,mp_jul
1,5447.2165,mp_jul
1,5447.5163,mp_jul
1,5447.8161,mp_jul
1,5448.1158,mp_jul
1,5448.4157,mp_jul
1,5448.7155,mp_jul
1,5449.0152,mp_jul
1,5449.315,mp_jul
1,5449.6148,mp_jul
1,5449.9146,mp_jul
1,5450.2143,mp_jul
1,5450.5141,mp_jul
1,5450.8139,mp_jul
1,5451.1137,mp_jul
1,5451.4135,mp_jul
1,5451.7133,mp_jul
1,5452.0131,mp_jul
1,5452.3128,mp_jul
1,5452.6126,mp_jul
1,5452.9124,mp_jul
1,5453.2122,mp_jul
1,5453.512,mp_jul
1,5453.8118,mp_jul
1,5454.1116,mp_jul
1,5454.4113,mp_jul
1,5454.7111,mp_jul
1,5455.0109,mp_jul
1,5455.3108,mp_jul
1,5455.6105,mp_jul
1,5455.9103,mp_jul
1,5456.2101,mp_jul
1,5456.5099,mp_jul
1,5456.8096,mp_jul
1,5457.1094,mp_jul
1,5457.4092,mp_jul
1,5457.709,mp_jul
1,5458.0088,mp_jul
1,5458.3086,mp_jul
1,5458.6084,mp_jul
1,5458.9082,mp_jul
1,5459.2079,mp_jul
1,5459.5077,mp_jul
1,5459.8075,mp_jul
1,5460.1073,mp_jul
1,5460.4071,mp_jul
1,5460.7068,mp_jul
1,5461.0066,mp_jul
1,5461.3064,mp_jul
1,5461.6061,mp_jul
1,5461.906,mp_jul
1,5462.2058,mp_jul
1,5462.5055,mp_jul
1,5462.8053,mp_jul
1,5463.1052,mp_jul
1,5463.4049,mp_jul
1,5463.7047,mp_jul
1,5464.0045,mp_jul
1,5464.3043,mp_jul
1,5464.6041,mp_jul
1,5464.9039,mp_jul
1,5465.2036,mp_jul
1,5465.5034,mp_jul
1,5465.8032,mp_jul
1,5466.103,mp_jul
1,5466.4028,mp_jul
1,5466.7026,mp_jul
1,5467.0024,mp_jul
1,5467.3021,mp_jul
1,5467.6019,mp_jul
1,5467.9017,mp_jul
1,5468.2015,mp_jul
1,5468.5013,mp_jul
1,5468.8011,mp_jul
1,5469.1009,mp_jul
1,5469.4007,mp_jul
1,5469.7004,mp_jul
1,5470.0002,mp_jul
1,5470.3,mp_jul
1,5470.5998,mp_jul
1,5470.8996,mp_jul
1,5471.1994,mp_jul
1,5471.4992,mp_jul
1,5471.7989,mp_jul
1,5472.0988,mp_jul
1,5472.3985,mp_jul
1,5472.6983,mp_jul
1,5472.9981,mp_jul
1,5473.2979,mp_jul
1,5473.5977,mp_jul
1,5473.8975,mp_jul
1,5474.1972,mp_jul
1,5474.497,mp_jul
1,5474.7968,mp_jul
1,5475.0966,mp_jul
1,5475.3964,mp_jul
1,5475.6962,mp_jul
1,5475.996,mp_jul
1,5476.2957,mp_jul
1,5476.5956,mp_jul
1,5476.8954,mp_jul
1,5477.1951,mp_jul
1,5477.4949,mp_jul
1,5477.7947,mp_jul
1,5478.0945,mp_jul
1,5478.3942,mp_jul
1,5478.694,mp_jul
1,5478.9939,mp_jul
1,5479.2936,mp_jul
1,5479.5934,mp_jul
1,5479.8932,mp_jul
1,5480.193,mp_jul
1,5480.4928,mp_jul
1,5480.7925,mp_jul
1,5481.0924,mp_jul
1,5481.3921,mp_jul
1,5481.6919,mp_jul
1,5481.9917,mp_jul
1,5482.2914,mp_jul
1,5482.5912,mp_jul
1,5482.9204,mp_jul
1,5483.2201,mp_jul
1,5483.5199,mp_jul
1,5483.8198,mp_jul
1,5484.1195,mp_jul
1,5484.4193,mp_jul
1,5484.7191,mp_jul
1,5485.0189,mp_jul
1,5485.3187,mp_jul
1,5485.6185,mp_jul
1,5485.9182,mp_jul
1,5486.218,mp_jul
1,5486.5178,mp_jul
1,5486.8176,mp_jul
1,5487.1174,mp_jul
1,5487.4172,mp_jul
1,5487.717,mp_jul
1,5488.0168,mp_jul
1,5488.3165,mp_jul
1,5488.6163,mp_jul
1,5488.9161,mp_jul
1,5489.2159,mp_jul
1,5489.5157,mp_jul
1,5489.8154,mp_jul
1,5490.1152,mp_jul
1,5490.415,mp_jul
1,5490.7148,mp_jul
1,5491.0146,mp_jul
1,5491.3144,mp_jul
1,5491.6142,mp_jul
1,5491.914,mp_jul
1,5492.2137,mp_jul
1,5492.5136,mp_jul
1,5492.8132,mp_jul
1,5493.1131,mp_jul
1,5493.4129,mp_jul
1,5493.7127,mp_jul
1,5494.0124,mp_jul
1,5494.3122,mp_jul
1,5494.612,mp_jul
1,5494.9118,mp_jul
1,5495.2116,mp_jul
1,5495.5114,mp_jul
1,5495.8112,mp_jul
1,5496.111,mp_jul
1,5496.4107,mp_jul
1,5496.7105,mp_jul
1,5497.0103,mp_jul
1,5497.3101,mp_jul
1,5497.6099,mp_jul
1,5497.9097,mp_jul
1,5498.2094,mp_jul
1,5498.5092,mp_jul
1,5498.809,mp_jul
1,5499.1088,mp_jul
1,5499.4192,mp_jul
1,5499.719,mp_jul
1,5500.0188,mp_jul
1,5500.3186,mp_jul
1,5500.6183,mp_jul
1,5500.9181,mp_jul
1,5501.2179,mp_jul
1,5501.5177,mp_jul
1,5501.8175,mp_jul
1,5502.1173,mp_jul
1,5502.4171,mp_jul
1,5502.7168,mp_jul
1,5503.0166,mp_jul
1,5503.3164,mp_jul
1,5503.6161,mp_jul
1,5503.916,mp_jul
1,5504.2157,mp_jul
1,5504.5155,mp_jul
1,5504.8154,mp_jul
1,5505.1151,mp_jul
1,5505.4149,mp_jul
1,5505.7147,mp_jul
1,5506.0144,mp_jul
1,5506.3142,mp_jul
1,5506.614,mp_jul
1,5506.9138,mp_jul
1,5507.2136,mp_jul
1,5507.5134,mp_jul
1,5507.8132,mp_jul
1,5508.113,mp_jul
1,5508.4128,mp_jul
1,5508.7125,mp_jul
1,5509.0123,mp_jul
1,5509.3121,mp_jul
1,5509.6119,mp_jul
1,5509.9117,mp_jul
1,5510.2115,mp_jul
1,5510.5113,mp_jul
1,5510.811,mp_jul
1,5511.1108,mp_jul
1,5511.4107,mp_jul
1,5511.7104,mp_jul
1,5512.0102,mp_jul
1,5512.31,mp_jul
1,5512.6098,mp_jul
1,5512.9096,mp_jul
1,5513.2094,mp_jul
1,5513.5092,mp_jul
1,5513.8089,mp_jul
1,5514.1086,mp_jul
1,5514.4084,mp_jul
1,5514.7083,mp_jul
1,5515.008,mp_jul
1,5515.3078,mp_jul
1,5515.6076,mp_jul
1,5515.9074,mp_jul
1,5516.2071,mp_jul
1,5516.5069,mp_jul
1,5516.8161,mp_jul
1,5517.1265,mp_jul
1,5517.4262,mp_jul
1,5517.726,mp_jul
1,5518.0258,mp_jul
1,5518.3256,mp_jul
1,5518.6254,mp_jul
1,5518.9252,mp_jul
1,5519.225,mp_jul
1,5519.5248,mp_jul
1,5519.8245,mp_jul
1,5520.1243,mp_jul
1,5520.4285,mp_jul
1,5520.7283,mp_jul
1,5521.0281,mp_jul
1,5521.3279,mp_jul
1,5521.6276,mp_jul
1,5521.9274,mp_jul
1,5522.2272,mp_jul
1,5522.5427,mp_jul
1,5522.8425,mp_jul
1,5523.1423,mp_jul
1,5523.442,mp_jul
1,5523.7419,mp_jul
1,5524.0417,mp_jul
1,5524.3414,mp_jul
1,5524.6412,mp_jul
1,5524.941,mp_jul
1,5525.2407,mp_jul
1,5525.5406,mp_jul
1,5525.8403,mp_jul
1,5526.1401,mp_jul
1,5526.4399,mp_jul
1,5526.7397,mp_jul
1,5527.0395,mp_jul
1,5527.3393,mp_jul
1,5527.6391,mp_jul
1,5527.9388,mp_jul
1,5528.2386,mp_jul
1,5528.5384,mp_jul
1,5528.8382,mp_jul
1,5529.138,mp_jul
1,5529.4378,mp_jul
1,5529.7376,mp_jul
1,5530.0373,mp_jul
1,5530.3371,mp_jul
1,5530.6369,mp_jul
1,5530.9366,mp_jul
1,5531.2364,mp_jul
1,5531.5363,mp_jul
1,5531.836,mp_jul
1,5532.1358,mp_jul
1,5532.4356,mp_jul
1,5532.7354,mp_jul
1,5533.0352,mp_jul
1,5533.335,mp_jul
1,5533.6347,mp_jul
1,5533.9345,mp_jul
1,5534.2343,mp_jul
1,5534.5341,mp_jul
1,5534.8339,mp_jul
1,5535.1337,mp_jul
1,5535.4335,mp_jul
1,5535.7332,mp_jul
1,5536.0331,mp_jul
1,5536.3328,mp_jul
1,5536.6327,mp_jul
1,5536.9324,mp_jul
1,5537.2322,mp_jul
1,5537.5319,mp_jul
1,5537.8317,mp_jul
1,5538.1316,mp_jul
1,5538.4313,mp_jul
1,5538.7311,mp_jul
1,5539.0309,mp_jul
1,5539.3306,mp_jul
1,5539.6305,mp_jul
1,5539.9302,mp_jul
1,5540.23,mp_jul
1,5540.5298,mp_jul
1,5540.8296,mp_jul
1,5541.1294,mp_jul
1,5541.4383,mp_jul
1,5541.7382,mp_jul
1,5542.1529,mp_jul
1,5542.4526,mp_jul
1,5542.7524,mp_jul
1,5543.0522,mp_jul
1,5543.352,mp_jul
1,5543.6518,mp_jul
1,5543.9516,mp_jul
1,5544.2514,mp_jul
1,5544.5511,mp_jul
1,5544.8509,mp_jul
1,5545.1707,mp_jul
1,5545.4905,mp_jul
1,5545.7902,mp_jul
1,5546.09,mp_jul
1,5546.4348,mp_jul
1,5546.7995,mp_jul
1,5547.0993,mp_jul
1,5547.3991,mp_jul
1,5547.6989,mp_jul
1,5547.9987,mp_jul
1,5548.2984,mp_jul
1,5548.5982,mp_jul
1,5548.898,mp_jul
1,5549.1978,mp_jul
1,5549.4976,mp_jul
1,5549.7974,mp_jul
1,5550.0972,mp_jul
1,5550.397,mp_jul
1,5550.6967,mp_jul
1,5550.9965,mp_jul
1,5551.2963,mp_jul
1,5551.5961,mp_jul
1,5551.8959,mp_jul
1,5552.1956,mp_jul
1,5552.4955,mp_jul
1,5552.8352,mp_jul
1,5553.135,mp_jul
1,5553.4348,mp_jul
1,5553.7346,mp_jul
1,5554.0443,mp_jul
1,5554.3441,mp_jul
1,5554.6439,mp_jul
1,5554.9437,mp_jul
1,5555.2435,mp_jul
1,5555.5433,mp_jul
1,5555.843,mp_jul
1,5556.1428,mp_jul
1,5556.4426,mp_jul
1,5556.7424,mp_jul
1,5557.0422,mp_jul
1,5557.3869,mp_jul
1,5557.8266,mp_jul
1,5558.1464,mp_jul
1,5558.4462,mp_jul
1,5558.7459,mp_jul
1,5559.0466,mp_jul
1,5559.3455,mp_jul
1,5559.6453,mp_jul
1,5559.9451,mp_jul
1,5560.2449,mp_jul
1,5560.5446,mp_jul
1,5560.8444,mp_jul
1,5561.1442,mp_jul
1,5561.444,mp_jul
1,5561.7438,mp_jul
1,5562.0436,mp_jul
1,5562.3434,mp_jul
1,5562.6431,mp_jul
1,5562.9429,mp_jul
1,5563.2427,mp_jul
1,5563.5425,mp_jul
1,5563.8423,mp_jul
1,5564.1421,mp_jul
1,5564.4419,mp_jul
1,5564.7416,mp_jul
1,5565.0414,mp_jul
1,5565.3412,mp_jul
1,5565.641,mp_jul
1,5565.9408,mp_jul
1,5566.2405,mp_jul
1,5566.5404,mp_jul
1,5566.8401,mp_jul
1,5567.1399,mp_jul
1,5567.4397,mp_jul
1,5567.7395,mp_jul
1,5568.0499,mp_jul
1,5568.3497,mp_jul
1,5568.6495,mp_jul
1,5568.9492,mp_jul
1,5569.2491,mp_jul
1,5569.5488,mp_jul
1,5569.8486,mp_jul
1,5570.1484,mp_jul
1,5570.4482,mp_jul
1,5570.7479,mp_jul
1,5571.0477,mp_jul
1,5571.3476,mp_jul
1,5571.6473,mp_jul
1,5571.9471,mp_jul
1,5572.2468,mp_jul
1,5572.5467,mp_jul
1,5572.8464,mp_jul
1,5573.1462,mp_jul
1,5573.446,mp_jul
1,5573.7458,mp_jul
1,5574.0456,mp_jul
1,5574.3453,mp_jul
1,5574.6452,mp_jul
1,5574.945,mp_jul
1,5575.2447,mp_jul
1,5575.5445,mp_jul
1,5575.8443,mp_jul
1,5576.144,mp_jul
1,5576.4438,mp_jul
1,5576.7437,mp_jul
1,5577.0434,mp_jul
1,5577.3475,mp_jul
1,5577.6473,mp_jul
1,5577.9471,mp_jul
1,5578.2469,mp_jul
1,5578.5466,mp_jul
1,5578.8464,mp_jul
1,5579.1462,mp_jul
1,5579.446,mp_jul
1,5579.7458,mp_jul
1,5580.0455,mp_jul
1,5580.3453,mp_jul
1,5580.6451,mp_jul
1,5580.9449,mp_jul
1,5581.2447,mp_jul
1,5581.5445,mp_jul
1,5581.8443,mp_jul
1,5582.144,mp_jul
1,5582.4438,mp_jul
1,5582.7436,mp_jul
1,5583.0434,mp_jul
1,5583.3432,mp_jul
1,5583.643,mp_jul
1,5583.9428,mp_jul
1,5584.2425,mp_jul
1,5584.5423,mp_jul
1,5584.8421,mp_jul
1,5585.1419,mp_jul
1,5585.4417,mp_jul
1,5585.7415,mp_jul
1,5586.0412,mp_jul
1,5586.341,mp_jul
1,5586.6408,mp_jul
1,5586.9406,mp_jul
1,5587.2404,mp_jul
1,5587.5402,mp_jul
1,5587.8399,mp_jul
1,5588.1397,mp_jul
1,5588.4395,mp_jul
1,5588.7393,mp_jul
1,5589.0391,mp_jul
1,5589.3388,mp_jul
1,5589.6386,mp_jul
1,5589.9384,mp_jul
1,5590.2382,mp_jul
1,5590.538,mp_jul
1,5590.8378,mp_jul
1,5591.1375,mp_jul
1,5591.4373,mp_jul
1,5591.7371,mp_jul
1,5592.0369,mp_jul
1,5592.3367,mp_jul
1,5592.6365,mp_jul
1,5592.9363,mp_jul
1,5593.236,mp_jul
1,5593.5358,mp_jul
1,5593.8356,mp_jul
1,5594.1354,mp_jul
1,5594.4351,mp_jul
1,5594.7349,mp_jul
1,5595.0347,mp_jul
1,5595.3345,mp_jul
1,5595.6343,mp_jul
1,5595.9341,mp_jul
1,5596.2338,mp_jul
1,5596.5337,mp_jul
1,5596.8335,mp_jul
1,5597.1332,mp_jul
1,5597.433,mp_jul
1,5597.7328,mp_jul
1,5598.0325,mp_jul
1,5598.3324,mp_jul
1,5598.6321,mp_jul
1,5598.9319,mp_jul
1,5599.2316,mp_jul
1,5599.5314,mp_jul
1,5599.8312,mp_jul
1,5600.131,mp_jul
1,5600.4308,mp_jul
1,5600.7306,mp_jul
1,5601.0304,mp_jul
1,5601.3302,mp_jul
1,5601.63,mp_jul
1,5601.9297,mp_jul
1,5602.2295,mp_jul
1,5602.5293,mp_jul
1,5602.8291,mp_jul
1,5603.1288,mp_jul
1,5603.4286,mp_jul
1,5603.7284,mp_jul
1,5604.0283,mp_jul
1,5604.328,mp_jul
1,5604.6278,mp_jul
1,5604.9276,mp_jul
1,5605.2273,mp_jul
1,5605.5271,mp_jul
1,5605.8269,mp_jul
1,5606.1267,mp_jul
1,5606.4265,mp_jul
1,5606.7263,mp_jul
1,5607.026,mp_jul
1,5607.3259,mp_jul
1,5607.6256,mp_jul
1,5607.9254,mp_jul
1,5608.2252,mp_jul
1,5608.525,mp_jul
1,5608.8247,mp_jul
1,5609.1245,mp_jul
1,5609.4243,mp_jul
1,5609.7241,mp_jul
1,5610.0239,mp_jul
1,5610.3236,mp_jul
1,5610.6234,mp_jul
1,5610.9232,mp_jul
1,5611.223,mp_jul
1,5611.5228,mp_jul
1,5611.8226,mp_jul
1,5612.1223,mp_jul
1,5612.4221,mp_jul
1,5612.7219,mp_jul
1,5613.0217,mp_jul
1,5613.3215,mp_jul
1,5613.6212,mp_jul
1,5613.921,mp_jul
1,5614.2209,mp_jul
1,5614.5206,mp_jul
1,5614.8204,mp_jul
1,5615.1202,mp_jul
1,5615.42,mp_jul
1,5615.7198,mp_jul
1,5616.0195,mp_jul
1,5616.3193,mp_jul
1,5616.6191,mp_jul
1,5616.9189,mp_jul
1,5617.2187,mp_jul
1,5617.5184,mp_jul
1,5617.8182,mp_jul
1,5618.118,mp_jul
1,5618.4178,mp_jul
1,5618.7176,mp_jul
1,5619.0174,mp_jul
1,5619.3221,mp_jul
1,5619.6219,mp_jul
1,5619.9217,mp_jul
1,5620.2215,mp_jul
1,5620.5213,mp_jul
1,5620.8211,mp_jul
1,5621.1209,mp_jul
1,5621.4206,mp_jul
1,5621.7204,mp_jul
1,5622.0202,mp_jul
1,5622.32,mp_jul
1,5622.6198,mp_jul
1,5622.9245,mp_jul
1,5623.2243,mp_jul
1,5623.5241,mp_jul
1,5623.8239,mp_jul
1,5624.1237,mp_jul
1,5624.4235,mp_jul
1,5624.7232,mp_jul
1,5625.023,mp_jul
1,5625.3228,mp_jul
1,5625.6226,mp_jul
1,5625.9224,mp_jul
1,5626.2222,mp_jul
1,5626.522,mp_jul
1,5626.8217,mp_jul
1,5627.1215,mp_jul
1,5627.4213,mp_jul
1,5627.7211,mp_jul
1,5628.0209,mp_jul
1,5628.3206,mp_jul
1,5628.6205,mp_jul
1,5628.9203,mp_jul
1,5629.22,mp_jul
1,5629.5198,mp_jul
1,5629.8196,mp_jul
1,5630.1194,mp_jul
1,5630.4191,mp_jul
1,5630.7189,mp_jul
1,5631.0187,mp_jul
1,5631.3185,mp_jul
1,5631.6183,mp_jul
1,5631.9181,mp_jul
1,5632.2179,mp_jul
1,5632.5176,mp_jul
1,5632.8174,mp_jul
1,5633.1172,mp_jul
1,5633.417,mp_jul
1,5633.7167,mp_jul
1,5634.0166,mp_jul
1,5634.3164,mp_jul
1,5634.6161,mp_jul
1,5634.9159,mp_jul
1,5635.2157,mp_jul
1,5635.5305,mp_jul
1,5635.8303,mp_jul
1,5636.13,mp_jul
1,5636.4298,mp_jul
1,5636.7296,mp_jul
1,5637.0294,mp_jul
1,5637.3292,mp_jul
1,5637.629,mp_jul
1,5637.9287,mp_jul
1,5638.2285,mp_jul
1,5638.5283,mp_jul
1,5638.8281,mp_jul
1,5639.1279,mp_jul
1,5639.4276,mp_jul
1,5639.7274,mp_jul
1,5640.0272,mp_jul
1,5640.327,mp_jul
1,5640.6268,mp_jul
1,5640.9266,mp_jul
1,5641.237,mp_jul
1,5641.5369,mp_jul
1,5641.9908,mp_jul
1,5642.2906,mp_jul
1,5642.5961,mp_jul
1,5642.8959,mp_jul
1,5643.1956,mp_jul
1,5643.4954,mp_jul
1,5643.7952,mp_jul
1,5644.095,mp_jul
1,5644.3948,mp_jul
1,5644.6946,mp_jul
1,5644.9944,mp_jul
1,5645.2941,mp_jul
1,5645.5938,mp_jul
1,5645.8936,mp_jul
1,5646.1934,mp_jul
1,5646.4932,mp_jul
1,5646.793,mp_jul
1,5647.0929,mp_jul
1,5647.3927,mp_jul
1,5647.6923,mp_jul
1,5647.9922,mp_jul
1,5648.2919,mp_jul
1,5648.5917,mp_jul
1,5648.8916,mp_jul
1,5649.1913,mp_jul
1,5649.4911,mp_jul
1,5649.7909,mp_jul
1,5650.0907,mp_jul
1,5650.3905,mp_jul
1,5650.6902,mp_jul
1,5650.99,mp_jul
1,5651.2899,mp_jul
1,5651.5897,mp_jul
1,5651.8894,mp_jul
1,5652.1892,mp_jul
1,5652.4932,mp_jul
1,5652.7931,mp_jul
1,5653.0928,mp_jul
1,5653.3926,mp_jul
1,5653.6924,mp_jul
1,5653.9922,mp_jul
1,5654.292,mp_jul
1,5654.5918,mp_jul
1,5654.8915,mp_jul
1,5655.1913,mp_jul
1,5655.4911,mp_jul
1,5655.7909,mp_jul
1,5656.0907,mp_jul
1,5656.3905,mp_jul
1,5656.6903,mp_jul
1,5656.99,mp_jul
1,5657.2898,mp_jul
1,5657.5896,mp_jul
1,5657.8894,mp_jul
1,5658.1892,mp_jul
1,5658.489,mp_jul
1,5658.7887,mp_jul
1,5659.0885,mp_jul
1,5659.3883,mp_jul
1,5659.6881,mp_jul
1,5659.9879,mp_jul
1,5660.2877,mp_jul
1,5660.5875,mp_jul
1,5660.8872,mp_jul
1,5661.187,mp_jul
1,5661.4868,mp_jul
1,5661.7866,mp_jul
1,5662.0864,mp_jul
1,5662.3861,mp_jul
1,5662.691,mp_jul
1,5662.9907,mp_jul
1,5663.2905,mp_jul
1,5663.5903,mp_jul
1,5663.89,mp_jul
1,5664.1899,mp_jul
1,5664.4897,mp_jul
1,5664.7895,mp_jul
1,5665.0892,mp_jul
1,5665.389,mp_jul
1,5665.6888,mp_jul
1,5665.9886,mp_jul
1,5666.2884,mp_jul
1,5666.5881,mp_jul
1,5666.888,mp_jul
1,5667.1877,mp_jul
1,5667.4875,mp_jul
1,5667.7873,mp_jul
1,5668.0871,mp_jul
1,5668.3868,mp_jul
1,5668.6866,mp_jul
1,5668.9864,mp_jul
1,5669.2862,mp_jul
1,5669.586,mp_jul
1,5669.8858,mp_jul
1,5670.1855,mp_jul
1,5670.4854,mp_jul
1,5670.7851,mp_jul
1,5671.0849,mp_jul
1,5671.3847,mp_jul
1,5671.6845,mp_jul
1,5671.9843,mp_jul
1,5672.2841,mp_jul
1,5672.5839,mp_jul
1,5672.8836,mp_jul
1,5673.1834,mp_jul
1,5673.4832,mp_jul
1,5673.7829,mp_jul
1,5674.0827,mp_jul
1,5674.3825,mp_jul
1,5674.6823,mp_jul
1,5674.9821,mp_jul
1,5675.2819,mp_jul
1,5675.5817,mp_jul
1,5675.8814,mp_jul
1,5676.1812,mp_jul
1,5676.481,mp_jul
1,5676.7808,mp_jul
1,5677.0806,mp_jul
1,5677.3804,mp_jul
1,5677.6802,mp_jul
1,5677.9799,mp_jul
1,5678.2797,mp_jul
1,5678.5795,mp_jul
1,5678.8793,mp_jul
1,5679.1897,mp_jul
1,5679.4896,mp_jul
1,5679.7893,mp_jul
1,5680.0891,mp_jul
1,5680.389,mp_jul
1,5680.6886,mp_jul
1,5680.9884,mp_jul
1,5681.2883,mp_jul
1,5681.588,mp_jul
1,5681.8878,mp_jul
1,5682.1876,mp_jul
1,5682.4873,mp_jul
1,5682.7871,mp_jul
1,5683.0869,mp_jul
1,5683.3867,mp_jul
1,5683.6865,mp_jul
1,5683.9864,mp_jul
1,5684.286,mp_jul
1,5684.5858,mp_jul
1,5684.8857,mp_jul
1,5685.1855,mp_jul
1,5685.4852,mp_jul
1,5685.785,mp_jul
1,5686.0848,mp_jul
1,5686.3845,mp_jul
1,5686.6843,mp_jul
1,5686.9841,mp_jul
1,5687.2839,mp_jul
1,5687.5837,mp_jul
1,5687.8835,mp_jul
1,5688.1833,mp_jul
1,5688.483,mp_jul
1,5688.7828,mp_jul
1,5689.0826,mp_jul
1,5689.3824,mp_jul
1,5689.6822,mp_jul
1,5689.982,mp_jul
1,5690.2818,mp_jul
1,5690.5815,mp_jul
1,5690.8813,mp_jul
1,5691.1811,mp_jul
1,5691.4809,mp_jul
1,5691.7807,mp_jul
1,5692.0805,mp_jul
1,5692.3803,mp_jul
1,5692.68,mp_jul
1,5692.9798,mp_jul
1,5693.2796,mp_jul
1,5693.5795,mp_jul
1,5693.8792,mp_jul
1,5694.179,mp_jul
1,5694.4788,mp_jul
1,5694.7786,mp_jul
1,5695.0783,mp_jul
1,5695.3781,mp_jul
1,5695.678,mp_jul
1,5695.9777,mp_jul
1,5696.2775,mp_jul
1,5696.5772,mp_jul
1,5696.877,mp_jul
1,5697.1768,mp_jul
1,5697.4766,mp_jul
1,5697.7764,mp_jul
1,5698.0762,mp_jul
1,5698.3759,mp_jul
1,5698.6758,mp_jul
1,5698.9756,mp_jul
1,5699.2754,mp_jul
1,5699.5751,mp_jul
1,5699.875,mp_jul
1,5700.1747,mp_jul
1,5700.4745,mp_jul
1,5700.7742,mp_jul
1,5701.074,mp_jul
1,5701.3739,mp_jul
1,5701.6736,mp_jul
1,5701.9734,mp_jul
1,5702.2732,mp_jul
1,5702.573,mp_jul
1,5702.8728,mp_jul
1,5703.1725,mp_jul
1,5703.4724,mp_jul
1,5703.7722,mp_jul
1,5704.0719,mp_jul
1,5704.3717,mp_jul
1,5704.6715,mp_jul
1,5704.9712,mp_jul
1,5705.2711,mp_jul
1,5705.5709,mp_jul
1,5705.8707,mp_jul
1,5706.1704,mp_jul
1,5706.4702,mp_jul
1,5706.77,mp_jul
1,5707.0698,mp_jul
1,5707.3696,mp_jul
1,5707.6694,mp_jul
1,5707.9692,mp_jul
1,5708.2691,mp_jul
1,5708.5687,mp_jul
1,5708.8684,mp_jul
1,5709.1683,mp_jul
1,5709.4681,mp_jul
1,5709.7679,mp_jul
1,5710.0676,mp_jul
9,5710.3675,mp_jul
1,5710.6672,mp_jul
1,5710.967,mp_jul
1,5711.2669,mp_jul
1,5711.5667,mp_jul
1,5711.8664,mp_jul
1,5712.1662,mp_jul
1,5712.466,mp_jul
1,5712.7658,mp_jul
1,5713.0655,mp_jul
1,5713.3653,mp_jul
1,5713.6651,mp_jul
1,5713.9649,mp_jul
1,5714.2646,mp_jul
1,5714.5645,mp_jul
1,5714.8643,mp_jul
1,5715.1641,mp_jul
1,5715.4638,mp_jul
1,5715.7636,mp_jul
1,5716.0635,mp_jul
1,5716.3632,mp_jul
1,5716.6629,mp_jul
1,5716.9628,mp_jul
1,5717.2626,mp_jul
1,5717.5624,mp_jul
1,5717.8621,mp_jul
1,5718.1619,mp_jul
1,5718.4617,mp_jul
1,5718.7615,mp_jul
1,5719.0612,mp_jul
1,5719.361,mp_jul
1,5719.6608,mp_jul
1,5719.9606,mp_jul
1,5720.2604,mp_jul
1,5720.5602,mp_jul
1,5720.86,mp_jul
1,5721.1597,mp_jul
1,5721.4639,mp_jul
1,5721.7637,mp_jul
1,5722.0635,mp_jul
1,5722.3633,mp_jul
1,5722.6631,mp_jul
1,5722.9629,mp_jul
1,5723.2627,mp_jul
1,5723.5624,mp_jul
1,5723.8622,mp_jul
1,5724.162,mp_jul
1,5724.4618,mp_jul
1,5724.7616,mp_jul
1,5725.0613,mp_jul
1,5725.3611,mp_jul
1,5725.661,mp_jul
1,5725.9607,mp_jul
1,5726.2604,mp_jul
1,5726.5603,mp_jul
1,5726.8601,mp_jul
1,5727.1598,mp_jul
1,5727.4597,mp_jul
1,5727.7594,mp_jul
1,5728.0592,mp_jul
1,5728.359,mp_jul
1,5728.6588,mp_jul
1,5728.9586,mp_jul
1,5729.2584,mp_jul
1,5729.5582,mp_jul
1,5729.858,mp_jul
1,5730.1577,mp_jul
1,5730.4575,mp_jul
1,5730.7573,mp_jul
1,5731.0726,mp_jul
1,5731.3724,mp_jul
1,5731.6722,mp_jul
1,5731.9721,mp_jul
1,5732.2718,mp_jul
1,5732.5716,mp_jul
1,5732.8714,mp_jul
1,5733.1712,mp_jul
1,5733.471,mp_jul
1,5733.7708,mp_jul
1,5734.0706,mp_jul
1,5734.3704,mp_jul
1,5734.6701,mp_jul
1,5734.97,mp_jul
1,5735.2697,mp_jul
1,5735.5694,mp_jul
1,5735.8692,mp_jul
1,5736.169,mp_jul
1,5736.4688,mp_jul
1,5736.7686,mp_jul
1,5737.0684,mp_jul
1,5737.3682,mp_jul
1,5737.668,mp_jul
1,5737.9678,mp_jul
1,5738.2676,mp_jul
1,5738.5673,mp_jul
1,5738.8671,mp_jul
1,5739.1763,mp_jul
1,5739.476,mp_jul
1,5739.7759,mp_jul
1,5740.0756,mp_jul
1,5740.3754,mp_jul
1,5740.6752,mp_jul
1,5740.975,mp_jul
1,5741.2748,mp_jul
1,5741.5746,mp_jul
1,5741.8744,mp_jul
1,5742.1741,mp_jul
1,5742.4739,mp_jul
1,5742.7737,mp_jul
1,5743.0735,mp_jul
1,5743.3733,mp_jul
1,5743.6731,mp_jul
1,5743.9729,mp_jul
1,5744.2727,mp_jul
1,5744.5724,mp_jul
1,5744.8722,mp_jul
1,5745.172,mp_jul
1,5745.4718,mp_jul
1,5745.7716,mp_jul
1,5746.0714,mp_jul
1,5746.3711,mp_jul
1,5746.671,mp_jul
1,5746.9708,mp_jul
1,5747.2705,mp_jul
1,5747.5703,mp_jul
1,5747.8701,mp_jul
1,5748.1699,mp_jul
1,5748.4697,mp_jul
1,5748.7694,mp_jul
1,5749.0692,mp_jul
1,5749.369,mp_jul
1,5749.6688,mp_jul
1,5749.9686,mp_jul
1,5750.2684,mp_jul
1,5750.5682,mp_jul
1,5750.868,mp_jul
1,5751.1677,mp_jul
1,5751.4676,mp_jul
1,5751.7674,mp_jul
1,5752.0671,mp_jul
1,5752.3669,mp_jul
1,5752.6667,mp_jul
1,5752.9664,mp_jul
1,5753.2663,mp_jul
1,5753.566,mp_jul
1,5753.8658,mp_jul
1,5754.1656,mp_jul
1,5754.4654,mp_jul
1,5754.7652,mp_jul
1,5755.065,mp_jul
1,5755.3648,mp_jul
1,5755.6646,mp_jul
1,5755.9643,mp_jul
1,5756.2641,mp_jul
1,5756.5639,mp_jul
1,5756.8637,mp_jul
1,5757.1636,mp_jul
1,5757.4633,mp_jul
1,5757.7631,mp_jul
1,5758.0629,mp_jul
1,5758.3627,mp_jul
1,5758.6624,mp_jul
1,5758.9622,mp_jul
1,5759.262,mp_jul
1,5759.5618,mp_jul
1,5759.8616,mp_jul
1,5760.1613,mp_jul
1,5760.4612,mp_jul
1,5760.7609,mp_jul
1,5761.0607,mp_jul
1,5761.3605,mp_jul
1,5761.6603,mp_jul
1,5761.96,mp_jul
1,5762.2599,mp_jul
1,5762.5597,mp_jul
1,5762.8595,mp_jul
1,5763.1592,mp_jul
1,5763.459,mp_jul
1,5763.7588,mp_jul
1,5764.0586,mp_jul
1,5764.3584,mp_jul
1,5764.6582,mp_jul
1,5764.958,mp_jul
1,5765.2578,mp_jul
1,5765.5575,mp_jul
1,5765.8573,mp_jul
1,5766.1571,mp_jul
1,5766.4569,mp_jul
1,5766.7567,mp_jul
1,5767.0564,mp_jul
1,5767.3563,mp_jul
1,5767.6561,mp_jul
1,5767.9559,mp_jul
1,5768.2556,mp_jul
1,5768.5554,mp_jul
1,5768.8552,mp_jul
1,5769.155,mp_jul
1,5769.4548,mp_jul
1,5769.7546,mp_jul
1,5770.0544,mp_jul
1,5770.3541,mp_jul
1,5770.6539,mp_jul
1,5770.9537,mp_jul
1,5771.2535,mp_jul
1,5771.5532,mp_jul
1,5771.8531,mp_jul
1,5772.1528,mp_jul
1,5772.4526,mp_jul
1,5772.7524,mp_jul
1,5773.0522,mp_jul
1,5773.352,mp_jul
1,5773.6518,mp_jul
1,5773.9516,mp_jul
1,5774.2513,mp_jul
1,5774.5511,mp_jul
1,5774.8509,mp_jul
1,5775.1507,mp_jul
1,5775.4505,mp_jul
1,5775.7503,mp_jul
1,5776.05,mp_jul
1,5776.3499,mp_jul
1,5776.6547,mp_jul
1,5776.9602,mp_jul
1,5777.26,mp_jul
1,5777.5597,mp_jul
1,5777.8596,mp_jul
1,5778.1594,mp_jul
1,5778.4591,mp_jul
1,5778.7589,mp_jul
1,5779.0587,mp_jul
1,5779.3627,mp_jul
1,5779.6625,mp_jul
1,5779.9623,mp_jul
1,5780.2621,mp_jul
1,5780.5619,mp_jul
1,5780.8616,mp_jul
1,5781.1614,mp_jul
1,5781.4662,mp_jul
1,5781.766,mp_jul
1,5782.0658,mp_jul
1,5782.3656,mp_jul
1,5782.6759,mp_jul
1,5782.9758,mp_jul
1,5783.2756,mp_jul
1,5783.5754,mp_jul
1,5783.8752,mp_jul
1,5784.1749,mp_jul
1,5784.4747,mp_jul
1,5784.7745,mp_jul
1,5785.0743,mp_jul
1,5785.374,mp_jul
1,5785.6739,mp_jul
1,5785.9737,mp_jul
1,5786.2735,mp_jul
1,5786.5733,mp_jul
1,5786.873,mp_jul
1,5787.1729,mp_jul
1,5787.4726,mp_jul
1,5787.7724,mp_jul
1,5788.0722,mp_jul
1,5788.372,mp_jul
1,5788.6717,mp_jul
1,5788.9715,mp_jul
1,5789.2712,mp_jul
1,5789.571,mp_jul
1,5789.8708,mp_jul
1,5790.1707,mp_jul
1,5790.4704,mp_jul
1,5790.7702,mp_jul
1,5791.07,mp_jul
1,5791.3698,mp_jul
1,5791.6696,mp_jul
1,5791.9737,mp_jul
1,5792.2735,mp_jul
1,5792.5733,mp_jul
1,5792.8731,mp_jul
1,5793.1729,mp_jul
1,5793.4727,mp_jul
1,5793.7724,mp_jul
1,5794.0723,mp_jul
1,5794.372,mp_jul
1,5794.6718,mp_jul
1,5794.9717,mp_jul
1,5795.2714,mp_jul
1,5795.5712,mp_jul
1,5795.871,mp_jul
1,5796.1708,mp_jul
1,5796.4705,mp_jul
1,5796.7703,mp_jul
1,5797.0701,mp_jul
1,5797.37,mp_jul
1,5797.6697,mp_jul
1,5797.9695,mp_jul
1,5798.2692,mp_jul
1,5798.5691,mp_jul
1,5798.8689,mp_jul
1,5799.1736,mp_jul
1,5799.4734,mp_jul
1,5799.7732,mp_jul
1,5800.0731,mp_jul
1,5800.3728,mp_jul
1,5800.6725,mp_jul
1,5800.9724,mp_jul
1,5801.2722,mp_jul
1,5801.572,mp_jul
1,5801.8717,mp_jul
1,5802.1715,mp_jul
1,5802.4713,mp_jul
1,5802.7711,mp_jul
1,5803.0709,mp_jul
1,5803.3706,mp_jul
1,5803.6704,mp_jul
1,5803.9702,mp_jul
1,5804.27,mp_jul
1,5804.5698,mp_jul
1,5804.8696,mp_jul
1,5805.1694,mp_jul
1,5805.4691,mp_jul
1,5805.7689,mp_jul
1,5806.0687,mp_jul
1,5806.3685,mp_jul
1,5806.6683,mp_jul
1,5806.9681,mp_jul
1,5807.2679,mp_jul
1,5807.5677,mp_jul
1,5807.8675,mp_jul
1,5808.1673,mp_jul
1,5808.467,mp_jul
1,5808.7668,mp_jul
1,5809.0666,mp_jul
1,5809.3664,mp_jul
1,5809.6662,mp_jul
1,5809.966,mp_jul
1,5810.2657,mp_jul
1,5810.5655,mp_jul
1,5810.8653,mp_jul
1,5811.1651,mp_jul
1,5811.4649,mp_jul
1,5811.7647,mp_jul
1,5812.0645,mp_jul
1,5812.3643,mp_jul
1,5812.6641,mp_jul
1,5812.9639,mp_jul
1,5813.2636,mp_jul
1,5813.5634,mp_jul
1,5813.8632,mp_jul
1,5814.163,mp_jul
1,5814.4628,mp_jul
1,5814.7626,mp_jul
1,5815.0624,mp_jul
1,5815.3622,mp_jul
1,5815.6619,mp_jul
1,5815.9617,mp_jul
1,5816.2615,mp_jul
1,5816.5613,mp_jul
1,5816.8611,mp_jul
1,5817.1608,mp_jul
1,5817.4607,mp_jul
1,5817.7604,mp_jul
1,5818.0602,mp_jul
1,5818.36,mp_jul
1,5818.6598,mp_jul
1,5818.9596,mp_jul
1,5819.2594,mp_jul
1,5819.5591,mp_jul
1,5819.859,mp_jul
1,5820.1588,mp_jul
1,5820.4585,mp_jul
1,5820.7583,mp_jul
1,5821.0581,mp_jul
1,5821.3579,mp_jul
1,5821.6577,mp_jul
1,5821.9574,mp_jul
1,5822.2572,mp_jul
1,5822.5571,mp_jul
1,5822.8568,mp_jul
1,5823.1566,mp_jul
1,5823.4564,mp_jul
1,5823.7562,mp_jul
1,5824.056,mp_jul
1,5824.3558,mp_jul
1,5824.6555,mp_jul
1,5824.9554,mp_jul
1,5825.2551,mp_jul
1,5825.5549,mp_jul
1,5825.8547,mp_jul
1,5826.1545,mp_jul
1,5826.4543,mp_jul
1,5826.7541,mp_jul
1,5827.1288,mp_jul
1,5827.4786,mp_jul
1,5827.7784,mp_jul
1,5828.1531,mp_jul
1,5828.4529,mp_jul
1,5828.7526,mp_jul
1,5829.0524,mp_jul
1,5829.3522,mp_jul
1,5829.652,mp_jul
1,5829.9518,mp_jul
1,5830.2516,mp_jul
1,5830.5514,mp_jul
1,5830.8512,mp_jul
1,5831.151,mp_jul
1,5831.4507,mp_jul
1,5831.7505,mp_jul
1,5832.0503,mp_jul
1,5832.3501,mp_jul
1,5832.6499,mp_jul
1,5832.9497,mp_jul
1,5833.2495,mp_jul
1,5833.5493,mp_jul
1,5833.849,mp_jul
1,5834.1489,mp_jul
1,5834.4487,mp_jul
1,5834.7484,mp_jul
1,5835.0482,mp_jul
1,5835.348,mp_jul
1,5835.6478,mp_jul
1,5835.9476,mp_jul
1,5836.2474,mp_jul
1,5836.5472,mp_jul
1,5836.8469,mp_jul
1,5837.1468,mp_jul
1,5837.4465,mp_jul
1,5837.7464,mp_jul
1,5838.0461,mp_jul
1,5838.3459,mp_jul
1,5838.6456,mp_jul
1,5838.9454,mp_jul
1,5839.2452,mp_jul
1,5839.5451,mp_jul
1,5839.8448,mp_jul
1,5840.1446,mp_jul
1,5840.4444,mp_jul
1,5840.7442,mp_jul
1,5841.044,mp_jul
1,5841.3438,mp_jul
1,5841.6436,mp_jul
1,5841.9433,mp_jul
1,5842.2431,mp_jul
1,5842.5429,mp_jul
1,5842.8427,mp_jul
1,5843.1425,mp_jul
1,5843.4423,mp_jul
1,5843.7421,mp_jul
1,5844.0419,mp_jul
1,5844.3416,mp_jul
1,5844.6415,mp_jul
1,5844.9412,mp_jul
1,5845.241,mp_jul
1,5845.5408,mp_jul
1,5845.8406,mp_jul
1,5846.1404,mp_jul
1,5846.4402,mp_jul
1,5846.7399,mp_jul
1,5847.0397,mp_jul
1,5847.3395,mp_jul
1,5847.6393,mp_jul
1,5847.9391,mp_jul
1,5848.2388,mp_jul
1,5848.5387,mp_jul
1,5848.8385,mp_jul
1,5849.1382,mp_jul
1,5849.4381,mp_jul
1,5849.7378,mp_jul
1,5850.0376,mp_jul
1,5850.3374,mp_jul
1,5850.6372,mp_jul
1,5850.937,mp_jul
1,5851.2368,mp_jul
1,5851.5365,mp_jul
1,5851.8363,mp_jul
1,5852.1362,mp_jul
1,5852.4359,mp_jul
1,5852.7357,mp_jul
1,5853.0355,mp_jul
1,5853.3353,mp_jul
1,5853.635,mp_jul
1,5853.9348,mp_jul
1,5854.2347,mp_jul
1,5854.5344,mp_jul
1,5854.8342,mp_jul
1,5855.134,mp_jul
1,5855.4338,mp_jul
1,5855.7336,mp_jul
1,5856.0333,mp_jul
1,5856.3332,mp_jul
1,5856.633,mp_jul
1,5856.9327,mp_jul
1,5857.2325,mp_jul
1,5857.5323,mp_jul
1,5857.8321,mp_jul
1,5858.1319,mp_jul
1,5858.4317,mp_jul
1,5858.7315,mp_jul
1,5859.0313,mp_jul
1,5859.3361,mp_jul
1,5859.6358,mp_jul
1,5859.9356,mp_jul
1,5860.2355,mp_jul
1,5860.5352,mp_jul
1,5860.835,mp_jul
1,5861.1348,mp_jul
1,5861.4346,mp_jul
1,5861.7344,mp_jul
1,5862.0341,mp_jul
1,5862.334,mp_jul
1,5862.6337,mp_jul
1,5862.9335,mp_jul
1,5863.2332,mp_jul
1,5863.5331,mp_jul
1,5863.8328,mp_jul
1,5864.1327,mp_jul
1,5864.4325,mp_jul
1,5864.7323,mp_jul
1,5865.0321,mp_jul
1,5865.3318,mp_jul
1,5865.6316,mp_jul
1,5865.9314,mp_jul
1,5866.2312,mp_jul
1,5866.5309,mp_jul
1,5866.8308,mp_jul
1,5867.1305,mp_jul
1,5867.4303,mp_jul
1,5867.7301,mp_jul
1,5868.0299,mp_jul
1,5868.3297,mp_jul
1,5868.6295,mp_jul
1,5868.9292,mp_jul
1,5869.2291,mp_jul
1,5869.5289,mp_jul
1,5869.8286,mp_jul
1,5870.1284,mp_jul
1,5870.4283,mp_jul
1,5870.728,mp_jul
1,5871.0278,mp_jul
1,5871.3276,mp_jul
1,5871.6273,mp_jul
1,5871.9272,mp_jul
1,5872.2269,mp_jul
1,5872.5268,mp_jul
1,5872.8265,mp_jul
1,5873.1263,mp_jul
1,5873.4261,mp_jul
1,5873.7259,mp_jul
1,5874.0256,mp_jul
1,5874.3255,mp_jul
1,5874.6252,mp_jul
1,5874.925,mp_jul
1,5875.2248,mp_jul
1,5875.5246,mp_jul
1,5875.8244,mp_jul
1,5876.1242,mp_jul
1,5876.424,mp_jul
1,5876.7238,mp_jul
1,5877.0236,mp_jul
1,5877.3234,mp_jul
1,5877.6231,mp_jul
1,5877.9229,mp_jul
1,5878.2227,mp_jul
1,5878.5225,mp_jul
1,5878.8223,mp_jul
1,5879.122,mp_jul
1,5879.4219,mp_jul
1,5879.7217,mp_jul
1,5880.0215,mp_jul
1,5880.3212,mp_jul
1,5880.6211,mp_jul
1,5880.9208,mp_jul
1,5881.2206,mp_jul
1,5881.5204,mp_jul
1,5881.8202,mp_jul
1,5882.12,mp_jul
1,5882.4198,mp_jul
1,5882.7196,mp_jul
1,5883.0193,mp_jul
1,5883.3191,mp_jul
1,5883.6189,mp_jul
1,5883.9187,mp_jul
1,5884.2185,mp_jul
1,5884.5183,mp_jul
1,5884.8181,mp_jul
1,5885.1179,mp_jul
1,5885.4176,mp_jul
1,5885.7174,mp_jul
9,5886.0172,mp_jul
0,5886.317,mp_jul
1,5886.6168,mp_jul
1,5886.9166,mp_jul
9,5887.2164,mp_jul
3,5887.5162,mp_jul
9,5887.8159,mp_jul
9,5888.1157,mp_jul
9,5888.4155,mp_jul
1,5888.7153,mp_jul
0,5889.0151,mp_jul
0,5889.3149,mp_jul
1,5889.6147,mp_jul
1,5889.9145,mp_jul
1,5890.2143,mp_jul
1,5890.5141,mp_jul
1,5890.8138,mp_jul
1,5891.1136,mp_jul
1,5891.4134,mp_jul
1,5891.7132,mp_jul
1,5892.013,mp_jul
1,5892.3128,mp_jul
1,5892.6126,mp_jul
1,5892.9124,mp_jul
1,5893.2122,mp_jul
1,5893.5119,mp_jul
1,5893.8118,mp_jul
1,5894.1116,mp_jul
1,5894.4113,mp_jul
1,5894.7111,mp_jul
1,5895.0109,mp_jul
1,5895.3106,mp_jul
1,5895.6104,mp_jul
1,5895.9102,mp_jul
1,5896.21,mp_jul
1,5896.5098,mp_jul
1,5896.8096,mp_jul
1,5897.1094,mp_jul
1,5897.4092,mp_jul
9,5897.709,mp_jul
3,5898.0088,mp_jul
3,5898.3085,mp_jul
9,5898.6083,mp_jul
1,5898.9081,mp_jul
1,5899.2079,mp_jul
1,5899.5077,mp_jul
1,5899.8075,mp_jul
1,5900.1073,mp_jul
1,5900.4071,mp_jul
1,5900.7068,mp_jul
1,5901.0067,mp_jul
1,5901.3064,mp_jul
1,5901.6062,mp_jul
1,5901.906,mp_jul
1,5902.2058,mp_jul
1,5902.5056,mp_jul
1,5902.8054,mp_jul
1,5903.1051,mp_jul
1,5903.4049,mp_jul
1,5903.7047,mp_jul
1,5904.0045,mp_jul
1,5904.3043,mp_jul
1,5904.6041,mp_jul
1,5904.9039,mp_jul
1,5905.2037,mp_jul
1,5905.5034,mp_jul
1,5905.8032,mp_jul
1,5906.103,mp_jul
1,5906.4028,mp_jul
1,5906.7027,mp_jul
1,5907.0024,mp_jul
1,5907.3022,mp_jul
1,5907.602,mp_jul
1,5907.9017,mp_jul
1,5908.2015,mp_jul
1,5908.5014,mp_jul
1,5908.8011,mp_jul
1,5909.1009,mp_jul
1,5909.4007,mp_jul
1,5909.7005,mp_jul
1,5910.0003,mp_jul
1,5910.3001,mp_jul
1,5910.5999,mp_jul
1,5910.8996,mp_jul
1,5911.1994,mp_jul
1,5911.4992,mp_jul
1,5911.799,mp_jul
1,5912.0988,mp_jul
1,5912.3985,mp_jul
1,5912.6984,mp_jul
1,5912.9981,mp_jul
1,5913.298,mp_jul
1,5913.5977,mp_jul
1,5913.8975,mp_jul
1,5914.1972,mp_jul
1,5914.4971,mp_jul
1,5914.7969,mp_jul
1,5915.0967,mp_jul
1,5915.3965,mp_jul
1,5915.6963,mp_jul
1,5915.9961,mp_jul
1,5916.2958,mp_jul
1,5916.5956,mp_jul
1,5916.8954,mp_jul
1,5917.1952,mp_jul
1,5917.495,mp_jul
1,5917.7948,mp_jul
1,5918.0946,mp_jul
1,5918.3943,mp_jul
1,5918.6941,mp_jul
1,5919.0039,mp_jul
1,5919.3037,mp_jul
1,5919.6035,mp_jul
1,5919.9033,mp_jul
1,5920.2031,mp_jul
1,5920.5028,mp_jul
1,5920.8027,mp_jul
1,5921.1024,mp_jul
1,5921.4022,mp_jul
1,5921.702,mp_jul
1,5922.0018,mp_jul
1,5922.3016,mp_jul
1,5922.6014,mp_jul
1,5922.9012,mp_jul
1,5923.2166,mp_jul
1,5923.5163,mp_jul
1,5923.8161,mp_jul
1,5924.1159,mp_jul
1,5924.4157,mp_jul
1,5924.7155,mp_jul
1,5925.0153,mp_jul
1,5925.3151,mp_jul
1,5925.6149,mp_jul
1,5925.9147,mp_jul
1,5926.2144,mp_jul
1,5926.5142,mp_jul
1,5926.814,mp_jul
1,5927.1139,mp_jul
1,5927.4136,mp_jul
1,5927.7134,mp_jul
1,5928.0132,mp_jul
1,5928.3129,mp_jul
1,5928.6127,mp_jul
1,5928.9125,mp_jul
1,5929.2123,mp_jul
1,5929.5121,mp_jul
1,5929.8119,mp_jul
1,5930.1117,mp_jul
1,5930.4115,mp_jul
1,5930.7112,mp_jul
1,5931.011,mp_jul
1,5931.3108,mp_jul
1,5931.6106,mp_jul
1,5931.9103,mp_jul
1,5932.2101,mp_jul
1,5932.5099,mp_jul
1,5932.8098,mp_jul
1,5933.1095,mp_jul
1,5933.4093,mp_jul
1,5933.7091,mp_jul
1,5934.0089,mp_jul
1,5934.3086,mp_jul
1,5934.6486,mp_jul
1,5934.9726,mp_jul
1,5935.288,mp_jul
1,5935.6077,mp_jul
1,5935.9275,mp_jul
1,5936.2273,mp_jul
1,5936.5271,mp_jul
1,5936.8269,mp_jul
1,5937.1267,mp_jul
1,5937.4358,mp_jul
1,5937.7356,mp_jul
1,5938.0354,mp_jul
1,5938.3352,mp_jul
1,5938.635,mp_jul
1,5938.9348,mp_jul
1,5939.2345,mp_jul
1,5939.5343,mp_jul
1,5939.8341,mp_jul
1,5940.1339,mp_jul
1,5940.4337,mp_jul
1,5940.7335,mp_jul
1,5941.0332,mp_jul
1,5941.333,mp_jul
1,5941.6328,mp_jul
1,5941.9326,mp_jul
1,5942.2324,mp_jul
1,5942.5322,mp_jul
1,5942.832,mp_jul
1,5943.1318,mp_jul
1,5943.4315,mp_jul
1,5943.7313,mp_jul
1,5944.0312,mp_jul
1,5944.3309,mp_jul
1,5944.6307,mp_jul
1,5944.9305,mp_jul
1,5945.2303,mp_jul
1,5945.5301,mp_jul
1,5945.8299,mp_jul
1,5946.1297,mp_jul
1,5946.4294,mp_jul
1,5946.7292,mp_jul
1,5947.029,mp_jul
1,5947.3288,mp_jul
1,5947.6286,mp_jul
1,5947.9284,mp_jul
1,5948.2281,mp_jul
1,5948.5279,mp_jul
1,5948.8277,mp_jul
1,5949.1275,mp_jul
1,5949.4273,mp_jul
1,5949.7271,mp_jul
1,5950.0268,mp_jul
1,5950.3266,mp_jul
6,5950.6265,mp_jul
0,5950.9262,mp_jul
1,5951.226,mp_jul
1,5951.5258,mp_jul
1,5951.8256,mp_jul
1,5952.1254,mp_jul
1,5952.4252,mp_jul
1,5952.7249,mp_jul
1,5953.0247,mp_jul
1,5953.3245,mp_jul
1,5953.6243,mp_jul
1,5953.9241,mp_jul
1,5954.2239,mp_jul
1,5954.5236,mp_jul
1,5954.8235,mp_jul
1,5955.1232,mp_jul
1,5955.423,mp_jul
1,5955.7228,mp_jul
1,5956.0226,mp_jul
1,5956.3223,mp_jul
1,5956.6221,mp_jul
1,5956.922,mp_jul
1,5957.2218,mp_jul
1,5957.5215,mp_jul
1,5957.8213,mp_jul
1,5958.1211,mp_jul
1,5958.4209,mp_jul
1,5958.7206,mp_jul
1,5959.0204,mp_jul
1,5959.3203,mp_jul
1,5959.62,mp_jul
1,5959.9198,mp_jul
1,5960.2196,mp_jul
1,5960.5194,mp_jul
1,5960.8191,mp_jul
1,5961.1189,mp_jul
1,5961.4295,mp_jul
1,5961.7585,mp_jul
1,5962.0583,mp_jul
1,5962.3581,mp_jul
1,5962.6579,mp_jul
1,5962.9577,mp_jul
1,5963.2574,mp_jul
1,5963.5972,mp_jul
1,5963.897,mp_jul
1,5964.3872,mp_jul
1,5964.687,mp_jul
1,5964.9912,mp_jul
1,5965.296,mp_jul
1,5965.6208,mp_jul
1,5965.9206,mp_jul
1,5966.2203,mp_jul
1,5966.5201,mp_jul
1,5966.8199,mp_jul
1,5967.1197,mp_jul
1,5967.4195,mp_jul
1,5967.7193,mp_jul
1,5968.0248,mp_jul
1,5968.3246,mp_jul
1,5968.6244,mp_jul
1,5968.9242,mp_jul
1,5969.224,mp_jul
1,5969.538,mp_jul
1,5969.8433,mp_jul
1,5970.1431,mp_jul
1,5970.4923,mp_jul
1,5970.792,mp_jul
1,5971.0918,mp_jul
1,5971.3917,mp_jul
1,5971.6915,mp_jul
1,5971.9912,mp_jul
1,5972.291,mp_jul
1,5972.5908,mp_jul
1,5972.8906,mp_jul
1,5973.1904,mp_jul
1,5973.4902,mp_jul
1,5973.79,mp_jul
1,5974.0897,mp_jul
1,5974.3895,mp_jul
1,5974.6893,mp_jul
1,5974.989,mp_jul
1,5975.2889,mp_jul
1,5975.5886,mp_jul
1,5975.8884,mp_jul
1,5976.1882,mp_jul
1,5976.488,mp_jul
1,5976.7878,mp_jul
1,5977.0876,mp_jul
1,5977.3874,mp_jul
1,5977.6871,mp_jul
1,5977.9869,mp_jul
1,5978.2867,mp_jul
1,5978.5971,mp_jul
1,5978.9013,mp_jul
1,5979.2011,mp_jul
1,5979.5009,mp_jul
1,5979.8007,mp_jul
1,5980.1004,mp_jul
1,5980.4002,mp_jul
1,5980.705,mp_jul
1,5981.0048,mp_jul
1,5981.3154,mp_jul
1,5981.6151,mp_jul
1,5981.9491,mp_jul
1,5982.2589,mp_jul
1,5982.5587,mp_jul
1,5982.8684,mp_jul
9,5983.1682,mp_jul
1,5983.468,mp_jul
1,5983.7678,mp_jul
1,5984.0676,mp_jul
1,5984.3674,mp_jul
1,5984.6672,mp_jul
1,5984.967,mp_jul
1,5985.2668,mp_jul
1,5985.5666,mp_jul
1,5985.8664,mp_jul
1,5986.1661,mp_jul
1,5986.466,mp_jul
1,5986.7657,mp_jul
1,5987.0655,mp_jul
1,5987.3753,mp_jul
1,5987.6751,mp_jul
1,5987.9748,mp_jul
1,5988.2946,mp_jul
1,5988.6194,mp_jul
1,5988.9192,mp_jul
1,5989.219,mp_jul
1,5989.5187,mp_jul
1,5989.8186,mp_jul
1,5990.1183,mp_jul
1,5990.4181,mp_jul
1,5990.7179,mp_jul
1,5991.0177,mp_jul
1,5991.3174,mp_jul
1,5991.6172,mp_jul
1,5991.917,mp_jul
1,5992.2168,mp_jul
1,5992.5166,mp_jul
1,5992.8164,mp_jul
1,5993.1162,mp_jul
1,5993.416,mp_jul
1,5993.7158,mp_jul
1,5994.0156,mp_jul
1,5994.3153,mp_jul
1,5994.6151,mp_jul
1,5994.9149,mp_jul
1,5995.2147,mp_jul
1,5995.5145,mp_jul
1,5995.8142,mp_jul
1,5996.1141,mp_jul
1,5996.4139,mp_jul
1,5996.7137,mp_jul
1,5997.0134,mp_jul
1,5997.3132,mp_jul
1,5997.613,mp_jul
1,5997.9128,mp_jul
1,5998.2125,mp_jul
1,5998.5124,mp_jul
1,5998.8121,mp_jul
1,5999.1119,mp_jul
1,5999.4117,mp_jul
1,5999.7115,mp_jul
1,6000.0113,mp_jul
1,6000.3111,mp_jul
1,6000.6108,mp_jul
1,6000.9106,mp_jul
1,6001.2104,mp_jul
1,6001.5102,mp_jul
1,6001.81,mp_jul
1,6002.1098,mp_jul
1,6002.4096,mp_jul
1,6002.7093,mp_jul
1,6003.0091,mp_jul
1,6003.3089,mp_jul
1,6003.6087,mp_jul
1,6003.9084,mp_jul
1,6004.2083,mp_jul
1,6004.5081,mp_jul
1,6004.8078,mp_jul
1,6005.1076,mp_jul
1,6005.4074,mp_jul
1,6005.7272,mp_jul
1,6006.0269,mp_jul
1,6006.3268,mp_jul
1,6006.6265,mp_jul
1,6006.9263,mp_jul
1,6007.2261,mp_jul
1,6007.5259,mp_jul
1,6007.8257,mp_jul
1,6008.1254,mp_jul
1,6008.4253,mp_jul
1,6008.7251,mp_jul
1,6009.0248,mp_jul
1,6009.3246,mp_jul
1,6009.6244,mp_jul
1,6009.9242,mp_jul
1,6010.224,mp_jul
1,6010.5238,mp_jul
1,6010.8236,mp_jul
1,6011.1233,mp_jul
1,6011.4231,mp_jul
1,6011.7229,mp_jul
1,6012.0227,mp_jul
1,6012.3225,mp_jul
1,6012.6222,mp_jul
1,6012.9221,mp_jul
1,6013.2218,mp_jul
1,6013.5216,mp_jul
1,6013.8214,mp_jul
1,6014.1212,mp_jul
1,6014.421,mp_jul
1,6014.7208,mp_jul
1,6015.0205,mp_jul
1,6015.3203,mp_jul
1,6015.6201,mp_jul
1,6015.9199,mp_jul
1,6016.2197,mp_jul
1,6016.5195,mp_jul
1,6016.8193,mp_jul
1,6017.119,mp_jul
1,6017.4188,mp_jul
1,6017.7386,mp_jul
1,6018.0384,mp_jul
1,6018.3381,mp_jul
1,6018.6379,mp_jul
1,6018.9378,mp_jul
1,6019.2375,mp_jul
1,6019.5373,mp_jul
1,6019.8371,mp_jul
1,6020.1369,mp_jul
1,6020.4367,mp_jul
1,6020.7364,mp_jul
1,6021.0362,mp_jul
1,6021.341,mp_jul
1,6021.6408,mp_jul
1,6021.9406,mp_jul
1,6022.2404,mp_jul
1,6022.5402,mp_jul
1,6022.84,mp_jul
1,6023.1397,mp_jul
1,6023.4404,mp_jul
1,6023.7393,mp_jul
1,6024.0391,mp_jul
1,6024.3389,mp_jul
1,6024.6387,mp_jul
1,6024.9385,mp_jul
1,6025.2382,mp_jul
1,6025.538,mp_jul
1,6025.8378,mp_jul
1,6026.1376,mp_jul
1,6026.4373,mp_jul
1,6026.7372,mp_jul
1,6027.037,mp_jul
1,6027.3367,mp_jul
1,6027.6366,mp_jul
1,6027.9363,mp_jul
1,6028.2361,mp_jul
1,6028.5359,mp_jul
1,6028.8357,mp_jul
1,6029.1355,mp_jul
1,6029.4353,mp_jul
1,6029.735,mp_jul
1,6030.0348,mp_jul
1,6030.3346,mp_jul
1,6030.6344,mp_jul
1,6030.9341,mp_jul
1,6031.2339,mp_jul
1,6031.5337,mp_jul
1,6031.8335,mp_jul
1,6032.1332,mp_jul
1,6032.4331,mp_jul
1,6032.7329,mp_jul
1,6033.0327,mp_jul
1,6033.3324,mp_jul
1,6033.6323,mp_jul
1,6033.932,mp_jul
1,6034.2318,mp_jul
1,6034.5316,mp_jul
1,6034.8314,mp_jul
1,6035.1312,mp_jul
1,6035.4309,mp_jul
1,6035.7307,mp_jul
1,6036.0305,mp_jul
1,6036.3303,mp_jul
1,6036.63,mp_jul
1,6036.9299,mp_jul
1,6037.2297,mp_jul
1,6037.5294,mp_jul
1,6037.8292,mp_jul
1,6038.129,mp_jul
1,6038.4288,mp_jul
1,6038.7286,mp_jul
1,6039.0284,mp_jul
1,6039.3281,mp_jul
1,6039.6279,mp_jul
1,6039.9277,mp_jul
1,6040.2275,mp_jul
1,6040.5273,mp_jul
1,6040.8271,mp_jul
1,6041.1268,mp_jul
1,6041.4267,mp_jul
1,6041.7264,mp_jul
1,6042.0262,mp_jul
1,6042.326,mp_jul
1,6042.6257,mp_jul
1,6042.9255,mp_jul
1,6043.2253,mp_jul
1,6043.5252,mp_jul
1,6043.8249,mp_jul
1,6044.1247,mp_jul
1,6044.4245,mp_jul
1,6044.7243,mp_jul
1,6045.024,mp_jul
1,6045.3238,mp_jul
1,6045.6236,mp_jul
1,6045.9234,mp_jul
1,6046.2232,mp_jul
1,6046.523,mp_jul
1,6046.8228,mp_jul
1,6047.1226,mp_jul
1,6047.4223,mp_jul
1,6047.7222,mp_jul
1,6048.022,mp_jul
1,6048.3217,mp_jul
1,6048.6215,mp_jul
1,6048.9213,mp_jul
1,6049.2211,mp_jul
1,6049.5209,mp_jul
1,6049.8206,mp_jul
1,6050.1204,mp_jul
1,6050.4203,mp_jul
1,6050.72,mp_jul
1,6051.0197,mp_jul
1,6051.3196,mp_jul
1,6051.6193,mp_jul
1,6051.9192,mp_jul
1,6052.219,mp_jul
1,6052.5187,mp_jul
1,6052.8185,mp_jul
1,6053.1183,mp_jul
1,6053.4181,mp_jul
1,6053.7179,mp_jul
1,6054.0276,mp_jul
1,6054.3274,mp_jul
1,6054.6272,mp_jul
1,6054.9269,mp_jul
1,6055.2268,mp_jul
1,6055.5266,mp_jul
1,6055.8263,mp_jul
1,6056.1261,mp_jul
1,6056.4259,mp_jul
1,6056.7257,mp_jul
1,6057.0255,mp_jul
1,6057.3452,mp_jul
1,6057.65,mp_jul
1,6057.9498,mp_jul
1,6058.2496,mp_jul
1,6058.5494,mp_jul
1,6058.8492,mp_jul
1,6059.149,mp_jul
1,6059.4487,mp_jul
1,6059.7485,mp_jul
1,6060.0483,mp_jul
1,6060.3481,mp_jul
1,6060.6479,mp_jul
1,6060.9476,mp_jul
1,6061.2475,mp_jul
1,6061.5472,mp_jul
1,6061.847,mp_jul
1,6062.1468,mp_jul
1,6062.4466,mp_jul
1,6062.7464,mp_jul
1,6063.0461,mp_jul
1,6063.346,mp_jul
1,6063.6457,mp_jul
1,6063.9455,mp_jul
1,6064.2453,mp_jul
1,6064.5451,mp_jul
1,6064.8449,mp_jul
1,6065.1447,mp_jul
1,6065.4444,mp_jul
1,6065.7443,mp_jul
1,6066.044,mp_jul
1,6066.3438,mp_jul
1,6066.6436,mp_jul
1,6066.9434,mp_jul
1,6067.2432,mp_jul
1,6067.543,mp_jul
1,6067.8428,mp_jul
1,6068.1425,mp_jul
1,6068.4423,mp_jul
1,6068.7421,mp_jul
1,6069.0419,mp_jul
1,6069.3417,mp_jul
1,6069.6415,mp_jul
1,6069.9412,mp_jul
1,6070.2411,mp_jul
1,6070.5408,mp_jul
1,6070.8406,mp_jul
1,6071.1404,mp_jul
1,6071.4402,mp_jul
1,6071.74,mp_jul
1,6072.0397,mp_jul
1,6072.3395,mp_jul
1,6072.6393,mp_jul
1,6072.9391,mp_jul
1,6073.2389,mp_jul
1,6073.5387,mp_jul
1,6073.8385,mp_jul
1,6074.1382,mp_jul
1,6074.438,mp_jul
1,6074.7378,mp_jul
1,6075.0376,mp_jul
1,6075.3374,mp_jul
1,6075.6372,mp_jul
1,6075.937,mp_jul
1,6076.2368,mp_jul
1,6076.5366,mp_jul
1,6076.8364,mp_jul
1,6077.1362,mp_jul
1,6077.4359,mp_jul
1,6077.7356,mp_jul
1,6078.0354,mp_jul
1,6078.3352,mp_jul
1,6078.635,mp_jul
1,6078.9348,mp_jul
1,6079.2454,mp_jul
1,6079.5452,mp_jul
1,6079.845,mp_jul
1,6080.1447,mp_jul
1,6080.4445,mp_jul
1,6080.7443,mp_jul
1,6081.0441,mp_jul
1,6081.3439,mp_jul
1,6081.6437,mp_jul
1,6081.9435,mp_jul
1,6082.2432,mp_jul
1,6082.5431,mp_jul
1,6082.8428,mp_jul
1,6083.1426,mp_jul
1,6083.4424,mp_jul
1,6083.7422,mp_jul
1,6084.0419,mp_jul
1,6084.3417,mp_jul
1,6084.6415,mp_jul
1,6084.9413,mp_jul
1,6085.2411,mp_jul
1,6085.5409,mp_jul
1,6085.8407,mp_jul
1,6086.1405,mp_jul
1,6086.4402,mp_jul
1,6086.7401,mp_jul
1,6087.0399,mp_jul
1,6087.3396,mp_jul
1,6087.6394,mp_jul
1,6087.9392,mp_jul
1,6088.239,mp_jul
1,6088.5388,mp_jul
1,6088.8385,mp_jul
1,6089.1383,mp_jul
1,6089.4381,mp_jul
1,6089.7379,mp_jul
1,6090.0377,mp_jul
1,6090.3374,mp_jul
1,6090.6373,mp_jul
1,6090.937,mp_jul
1,6091.2368,mp_jul
1,6091.5366,mp_jul
1,6091.8364,mp_jul
1,6092.1363,mp_jul
1,6092.436,mp_jul
1,6092.7358,mp_jul
1,6093.0356,mp_jul
1,6093.3354,mp_jul
1,6093.6352,mp_jul
1,6093.9349,mp_jul
1,6094.2347,mp_jul
1,6094.5345,mp_jul
1,6094.8342,mp_jul
1,6095.1341,mp_jul
1,6095.4339,mp_jul
1,6095.7337,mp_jul
1,6096.0335,mp_jul
1,6096.3333,mp_jul
1,6096.633,mp_jul
1,6096.9328,mp_jul
1,6097.2326,mp_jul
1,6097.5324,mp_jul
1,6097.8322,mp_jul
1,6098.1319,mp_jul
1,6098.4317,mp_jul
1,6098.7315,mp_jul
1,6099.0405,mp_jul
1,6099.3403,mp_jul
1,6099.6401,mp_jul
1,6099.9399,mp_jul
1,6100.2447,mp_jul
1,6100.5444,mp_jul
1,6100.8442,mp_jul
1,6101.1441,mp_jul
1,6101.4438,mp_jul
1,6101.7436,mp_jul
1,6102.0434,mp_jul
1,6102.3432,mp_jul
1,6102.6429,mp_jul
1,6102.9428,mp_jul
1,6103.2426,mp_jul
1,6103.5424,mp_jul
1,6103.8421,mp_jul
1,6104.1419,mp_jul
1,6104.4417,mp_jul
1,6104.7415,mp_jul
1,6105.0412,mp_jul
1,6105.3411,mp_jul
1,6105.6409,mp_jul
1,6105.9406,mp_jul
1,6106.2404,mp_jul
1,6106.5402,mp_jul
1,6106.84,mp_jul
1,6107.1398,mp_jul
1,6107.4396,mp_jul
1,6107.7393,mp_jul
1,6108.0391,mp_jul
1,6108.3389,mp_jul
1,6108.6388,mp_jul
1,6108.9385,mp_jul
1,6109.2383,mp_jul
1,6109.5381,mp_jul
1,6109.8379,mp_jul
1,6110.1377,mp_jul
1,6110.4374,mp_jul
1,6110.7372,mp_jul
1,6111.0371,mp_jul
1,6111.3368,mp_jul
1,6111.6366,mp_jul
1,6111.9364,mp_jul
1,6112.2362,mp_jul
1,6112.536,mp_jul
1,6112.8358,mp_jul
1,6113.1356,mp_jul
1,6113.4353,mp_jul
1,6113.7351,mp_jul
1,6114.0349,mp_jul
1,6114.3347,mp_jul
1,6114.6345,mp_jul
1,6114.9342,mp_jul
1,6115.234,mp_jul
1,6115.5338,mp_jul
1,6115.8336,mp_jul
1,6116.1334,mp_jul
1,6116.4332,mp_jul
1,6116.733,mp_jul
1,6117.0327,mp_jul
1,6117.3326,mp_jul
1,6117.6324,mp_jul
1,6117.9322,mp_jul
1,6118.2319,mp_jul
1,6118.5317,mp_jul
1,6118.8315,mp_jul
1,6119.1313,mp_jul
1,6119.4311,mp_jul
1,6119.7309,mp_jul
1,6120.0307,mp_jul
1,6120.3305,mp_jul
1,6120.6303,mp_jul
1,6120.93,mp_jul
1,6121.2298,mp_jul
1,6121.5296,mp_jul
1,6121.8294,mp_jul
1,6122.1292,mp_jul
1,6122.4289,mp_jul
1,6122.7287,mp_jul
1,6123.0286,mp_jul
1,6123.3283,mp_jul
1,6123.6281,mp_jul
1,6123.9279,mp_jul
1,6124.2277,mp_jul
1,6124.5275,mp_jul
1,6124.8272,mp_jul
1,6125.1271,mp_jul
1,6125.4268,mp_jul
1,6125.7266,mp_jul
1,6126.0264,mp_jul
1,6126.3262,mp_jul
1,6126.626,mp_jul
1,6126.9258,mp_jul
1,6127.2255,mp_jul
1,6127.5253,mp_jul
1,6127.8251,mp_jul
1,6128.1249,mp_jul
1,6128.4247,mp_jul
1,6128.7245,mp_jul
1,6129.0243,mp_jul
1,6129.3241,mp_jul
1,6129.6239,mp_jul
1,6129.9236,mp_jul
1,6130.2234,mp_jul
1,6130.5233,mp_jul
1,6130.823,mp_jul
1,6131.1228,mp_jul
1,6131.4226,mp_jul
1,6131.7223,mp_jul
1,6132.0221,mp_jul
1,6132.322,mp_jul
1,6132.6217,mp_jul
1,6132.9215,mp_jul
1,6133.2213,mp_jul
1,6133.5211,mp_jul
1,6133.8209,mp_jul
1,6134.1207,mp_jul
1,6134.4205,mp_jul
1,6134.7202,mp_jul
1,6135.02,mp_jul
1,6135.3198,mp_jul
1,6135.6196,mp_jul
1,6135.9194,mp_jul
1,6136.2192,mp_jul
1,6136.5189,mp_jul
1,6136.8187,mp_jul
1,6137.1185,mp_jul
1,6137.4183,mp_jul
1,6137.7181,mp_jul
1,6138.0179,mp_jul
1,6138.3177,mp_jul
1,6138.6175,mp_jul
1,6138.9172,mp_jul
1,6139.217,mp_jul
1,6139.5168,mp_jul
1,6139.8166,mp_jul
1,6140.1164,mp_jul
1,6140.4712,mp_jul
1,6140.7709,mp_jul
1,6141.0707,mp_jul
1,6141.3705,mp_jul
1,6141.6703,mp_jul
1,6141.9701,mp_jul
1,6142.2699,mp_jul
1,6142.5697,mp_jul
1,6142.8694,mp_jul
1,6143.1692,mp_jul
1,6143.4691,mp_jul
1,6143.7688,mp_jul
1,6144.0686,mp_jul
1,6144.3684,mp_jul
1,6144.6681,mp_jul
1,6144.968,mp_jul
1,6145.2677,mp_jul
1,6145.5676,mp_jul
1,6145.8673,mp_jul
1,6146.1671,mp_jul
1,6146.4669,mp_jul
1,6146.7667,mp_jul
1,6147.0665,mp_jul
1,6147.3662,mp_jul
1,6147.666,mp_jul
1,6147.9658,mp_jul
1,6148.2656,mp_jul
1,6148.5654,mp_jul
1,6148.8652,mp_jul
1,6149.165,mp_jul
1,6149.4647,mp_jul
1,6149.7646,mp_jul
1,6150.0643,mp_jul
1,6150.3641,mp_jul
1,6150.6639,mp_jul
1,6150.9637,mp_jul
1,6151.2635,mp_jul
1,6151.5633,mp_jul
1,6151.863,mp_jul
1,6152.1628,mp_jul
1,6152.4626,mp_jul
1,6152.7624,mp_jul
1,6153.0622,mp_jul
1,6153.362,mp_jul
1,6153.6618,mp_jul
1,6153.9615,mp_jul
1,6154.2613,mp_jul
1,6154.5611,mp_jul
1,6154.8609,mp_jul
1,6155.1607,mp_jul
1,6155.4605,mp_jul
1,6155.7603,mp_jul
1,6156.0601,mp_jul
1,6156.3599,mp_jul
1,6156.6597,mp_jul
1,6156.9594,mp_jul
1,6157.2592,mp_jul
1,6157.559,mp_jul
1,6157.8588,mp_jul
1,6158.1586,mp_jul
1,6158.4583,mp_jul
1,6158.7581,mp_jul
1,6159.058,mp_jul
1,6159.3727,mp_jul
1,6159.6725,mp_jul
1,6159.9723,mp_jul
1,6160.2721,mp_jul
1,6160.5719,mp_jul
1,6160.8717,mp_jul
1,6161.1715,mp_jul
1,6161.4762,mp_jul
1,6161.776,mp_jul
1,6162.0758,mp_jul
1,6162.3756,mp_jul
1,6162.6804,mp_jul
1,6162.9859,mp_jul
1,6163.2858,mp_jul
1,6163.5855,mp_jul
1,6163.8853,mp_jul
1,6164.1852,mp_jul
1,6164.4849,mp_jul
1,6164.7847,mp_jul
1,6165.1094,mp_jul
1,6165.464,mp_jul
1,6165.7638,mp_jul
1,6166.0636,mp_jul
1,6166.3634,mp_jul
1,6166.6632,mp_jul
1,6166.9673,mp_jul
1,6167.2671,mp_jul
1,6167.5669,mp_jul
1,6167.8667,mp_jul
1,6168.1665,mp_jul
1,6168.4663,mp_jul
1,6168.7661,mp_jul
1,6169.0659,mp_jul
1,6169.3656,mp_jul
1,6169.6654,mp_jul
1,6169.9652,mp_jul
1,6170.265,mp_jul
1,6170.5648,mp_jul
1,6170.8646,mp_jul
1,6171.1644,mp_jul
1,6171.4642,mp_jul
1,6171.7639,mp_jul
1,6172.0637,mp_jul
1,6172.3635,mp_jul
1,6172.6633,mp_jul
1,6172.9631,mp_jul
1,6173.2629,mp_jul
1,6173.5627,mp_jul
1,6173.8624,mp_jul
1,6174.1622,mp_jul
1,6174.462,mp_jul
1,6174.7618,mp_jul
1,6175.0616,mp_jul
1,6175.3614,mp_jul
1,6175.6612,mp_jul
1,6175.961,mp_jul
1,6176.2607,mp_jul
1,6176.5605,mp_jul
1,6176.8603,mp_jul
1,6177.1601,mp_jul
1,6177.4599,mp_jul
1,6177.7596,mp_jul
1,6178.0595,mp_jul
1,6178.3592,mp_jul
1,6178.659,mp_jul
1,6178.9588,mp_jul
1,6179.2586,mp_jul
1,6179.5584,mp_jul
1,6179.8582,mp_jul
1,6180.158,mp_jul
1,6180.4578,mp_jul
1,6180.7575,mp_jul
1,6181.0574,mp_jul
1,6181.3571,mp_jul
1,6181.6569,mp_jul
1,6181.9567,mp_jul
1,6182.2564,mp_jul
1,6182.5563,mp_jul
1,6182.856,mp_jul
1,6183.1558,mp_jul
1,6183.4556,mp_jul
1,6183.7554,mp_jul
1,6184.0552,mp_jul
1,6184.3549,mp_jul
1,6184.6548,mp_jul
1,6184.9546,mp_jul
1,6185.2544,mp_jul
1,6185.5541,mp_jul
1,6185.8539,mp_jul
1,6186.1537,mp_jul
1,6186.4535,mp_jul
1,6186.7533,mp_jul
1,6187.0531,mp_jul
1,6187.3529,mp_jul
1,6187.6526,mp_jul
1,6187.9524,mp_jul
1,6188.2522,mp_jul
1,6188.552,mp_jul
1,6188.8518,mp_jul
1,6189.1516,mp_jul
1,6189.4514,mp_jul
1,6189.7512,mp_jul
1,6190.0509,mp_jul
1,6190.3507,mp_jul
1,6190.6505,mp_jul
1,6190.9503,mp_jul
1,6191.25,mp_jul
1,6191.5499,mp_jul
1,6191.8497,mp_jul
1,6192.1494,mp_jul
1,6192.4492,mp_jul
1,6192.749,mp_jul
1,6193.0488,mp_jul
1,6193.3486,mp_jul
1,6193.6484,mp_jul
1,6193.9482,mp_jul
1,6194.248,mp_jul
1,6194.5477,mp_jul
1,6194.8475,mp_jul
1,6195.1473,mp_jul
1,6195.4471,mp_jul
1,6195.7469,mp_jul
1,6196.0467,mp_jul
1,6196.3465,mp_jul
1,6196.6462,mp_jul
1,6196.946,mp_jul
1,6197.2458,mp_jul
1,6197.5456,mp_jul
1,6197.8454,mp_jul
1,6198.1452,mp_jul
1,6198.445,mp_jul
1,6198.7447,mp_jul
1,6199.0446,mp_jul
1,6199.3443,mp_jul
1,6199.6441,mp_jul
1,6199.9439,mp_jul
1,6200.2437,mp_jul
1,6200.5435,mp_jul
1,6200.8432,mp_jul
1,6201.143,mp_jul
1,6201.4428,mp_jul
1,6201.7426,mp_jul
1,6202.0424,mp_jul
1,6202.3422,mp_jul
1,6202.642,mp_jul
1,6202.9418,mp_jul
1,6203.2416,mp_jul
1,6203.5413,mp_jul
1,6203.8412,mp_jul
1,6204.1409,mp_jul
1,6204.4407,mp_jul
1,6204.7405,mp_jul
1,6205.0403,mp_jul
1,6205.34,mp_jul
1,6205.6398,mp_jul
1,6205.9396,mp_jul
1,6206.2395,mp_jul
1,6206.5392,mp_jul
1,6206.839,mp_jul
1,6207.1388,mp_jul
1,6207.4386,mp_jul
1,6207.7384,mp_jul
1,6208.0382,mp_jul
1,6208.338,mp_jul
1,6208.6377,mp_jul
1,6208.9375,mp_jul
1,6209.2372,mp_jul
1,6209.5371,mp_jul
1,6209.8369,mp_jul
1,6210.1367,mp_jul
1,6210.4364,mp_jul
1,6210.7363,mp_jul
1,6211.036,mp_jul
1,6211.3359,mp_jul
1,6211.6356,mp_jul
1,6211.9354,mp_jul
1,6212.2352,mp_jul
1,6212.535,mp_jul
1,6212.8348,mp_jul
1,6213.1346,mp_jul
1,6213.4343,mp_jul
1,6213.7341,mp_jul
1,6214.0339,mp_jul
1,6214.3337,mp_jul
1,6214.6334,mp_jul
1,6214.9332,mp_jul
1,6215.233,mp_jul
1,6215.5329,mp_jul
1,6215.8326,mp_jul
1,6216.1324,mp_jul
1,6216.4322,mp_jul
1,6216.732,mp_jul
1,6217.0317,mp_jul
1,6217.3316,mp_jul
1,6217.6314,mp_jul
1,6217.9312,mp_jul
1,6218.2309,mp_jul
1,6218.5308,mp_jul
1,6218.8305,mp_jul
1,6219.1303,mp_jul
1,6219.4301,mp_jul
1,6219.7299,mp_jul
1,6220.0297,mp_jul
1,6220.3294,mp_jul
1,6220.6292,mp_jul
1,6220.929,mp_jul
1,6221.2288,mp_jul
1,6221.5286,mp_jul
1,6221.8284,mp_jul
1,6222.1281,mp_jul
1,6222.4279,mp_jul
1,6222.7277,mp_jul
1,6223.0275,mp_jul
1,6223.3273,mp_jul
1,6223.6271,mp_jul
1,6223.9269,mp_jul
1,6224.2267,mp_jul
1,6224.5264,mp_jul
1,6224.8262,mp_jul
1,6225.126,mp_jul
1,6225.4258,mp_jul
1,6225.7255,mp_jul
1,6226.0253,mp_jul
1,6226.3251,mp_jul
1,6226.6249,mp_jul
1,6226.9248,mp_jul
1,6227.2245,mp_jul
1,6227.5244,mp_jul
1,6227.8241,mp_jul
1,6228.1239,mp_jul
1,6228.4237,mp_jul
1,6228.7234,mp_jul
1,6229.0233,mp_jul
1,6229.323,mp_jul
1,6229.6228,mp_jul
1,6229.9226,mp_jul
1,6230.2224,mp_jul
1,6230.5222,mp_jul
1,6230.822,mp_jul
1,6231.1218,mp_jul
1,6231.4215,mp_jul
1,6231.7213,mp_jul
1,6232.0212,mp_jul
1,6232.3209,mp_jul
1,6232.6207,mp_jul
1,6232.9205,mp_jul
1,6233.2203,mp_jul
1,6233.5201,mp_jul
1,6233.8199,mp_jul
1,6234.1196,mp_jul
1,6234.4194,mp_jul
1,6234.7192,mp_jul
1,6235.019,mp_jul
1,6235.3188,mp_jul
1,6235.6186,mp_jul
1,6235.9184,mp_jul
1,6236.2181,mp_jul
1,6236.5179,mp_jul
1,6236.8177,mp_jul
1,6237.1175,mp_jul
1,6237.4173,mp_jul
1,6237.7171,mp_jul
1,6238.0169,mp_jul
1,6238.3166,mp_jul
1,6238.6164,mp_jul
1,6238.9162,mp_jul
1,6239.216,mp_jul
0,6239.5158,mp_jul
1,6239.8156,mp_jul
1,6240.1154,mp_jul
1,6240.4151,mp_jul
1,6240.7149,mp_jul
1,6241.0148,mp_jul
1,6241.3145,mp_jul
9,6241.6143,mp_jul
9,6241.9141,mp_jul
9,6242.2139,mp_jul
9,6242.5136,mp_jul
9,6242.8134,mp_jul
9,6243.1132,mp_jul
9,6243.413,mp_jul
13,6243.7128,mp_jul
3,6244.0126,mp_jul
3,6244.3124,mp_jul
3,6244.6121,mp_jul
3,6244.9119,mp_jul
3,6245.2117,mp_jul
3,6245.5115,mp_jul
9,6245.8113,mp_jul
1,6246.1111,mp_jul
1,6246.4159,mp_jul
1,6246.7157,mp_jul
1,6247.0155,mp_jul
1,6247.3153,mp_jul
1,6247.6151,mp_jul
1,6247.9148,mp_jul
1,6248.2147,mp_jul
1,6248.5144,mp_jul
1,6248.8142,mp_jul
1,6249.114,mp_jul
1,6249.4138,mp_jul
1,6249.7135,mp_jul
1,6250.0133,mp_jul
1,6250.3131,mp_jul
1,6250.6129,mp_jul
1,6250.9127,mp_jul
1,6251.2125,mp_jul
1,6251.5123,mp_jul
1,6251.8121,mp_jul
1,6252.1118,mp_jul
1,6252.4116,mp_jul
1,6252.7115,mp_jul
1,6253.0112,mp_jul
1,6253.311,mp_jul
1,6253.6108,mp_jul
1,6253.9106,mp_jul
1,6254.2104,mp_jul
1,6254.5102,mp_jul
1,6254.81,mp_jul
1,6255.1097,mp_jul
1,6255.4096,mp_jul
1,6255.7093,mp_jul
1,6256.0091,mp_jul
1,6256.3089,mp_jul
1,6256.6087,mp_jul
1,6256.9085,mp_jul
1,6257.2083,mp_jul
1,6257.508,mp_jul
1,6257.8079,mp_jul
1,6258.1076,mp_jul
1,6258.4074,mp_jul
9,6258.7071,mp_jul
9,6259.007,mp_jul
1,6259.3067,mp_jul
1,6259.6065,mp_jul
1,6259.9063,mp_jul
1,6260.2061,mp_jul
1,6260.5059,mp_jul
9,6260.8058,mp_jul
9,6261.1055,mp_jul
9,6261.4053,mp_jul
9,6261.7051,mp_jul
13,6262.0049,mp_jul
9,6262.3047,mp_jul
9,6262.6044,mp_jul
0,6262.9042,mp_jul
13,6263.204,mp_jul
9,6263.5038,mp_jul
0,6263.8036,mp_jul
9,6264.1033,mp_jul
9,6264.4031,mp_jul
9,6264.7029,mp_jul
1,6265.0028,mp_jul
1,6265.3025,mp_jul
1,6265.6023,mp_jul
1,6265.9021,mp_jul
1,6266.2069,mp_jul
1,6266.5067,mp_jul
1,6266.8065,mp_jul
1,6267.1062,mp_jul
1,6267.5409,mp_jul
1,6267.8457,mp_jul
1,6268.1455,mp_jul
9,6268.4453,mp_jul
0,6268.7452,mp_jul
0,6269.0449,mp_jul
0,6269.3447,mp_jul
0,6269.6444,mp_jul
0,6269.9443,mp_jul
0,6270.244,mp_jul
0,6270.5438,mp_jul
0,6270.8436,mp_jul
0,6271.1434,mp_jul
9,6271.4489,mp_jul
1,6271.753,mp_jul
1,6272.0527,mp_jul
1,6272.3525,mp_jul
1,6272.6523,mp_jul
1,6272.9521,mp_jul
1,6273.2519,mp_jul
1,6273.5516,mp_jul
1,6273.8515,mp_jul
1,6274.1512,mp_jul
1,6274.4511,mp_jul
1,6274.7509,mp_jul
1,6275.0506,mp_jul
1,6275.3504,mp_jul
1,6275.6502,mp_jul
1,6275.95,mp_jul
1,6276.2506,mp_jul
1,6276.5546,mp_jul
1,6276.8544,mp_jul
1,6277.1541,mp_jul
1,6277.454,mp_jul
1,6277.7537,mp_jul
1,6278.0535,mp_jul
1,6278.3533,mp_jul
1,6278.6581,mp_jul
1,6278.9579,mp_jul
1,6279.2676,mp_jul
1,6279.5675,mp_jul
1,6279.8673,mp_jul
1,6280.167,mp_jul
1,6280.4668,mp_jul
1,6280.7666,mp_jul
1,6281.0664,mp_jul
1,6281.3662,mp_jul
1,6281.6659,mp_jul
1,6281.9658,mp_jul
1,6282.2655,mp_jul
1,6282.5653,mp_jul
1,6282.8651,mp_jul
1,6283.1649,mp_jul
1,6283.4647,mp_jul
1,6283.7645,mp_jul
1,6284.0643,mp_jul
1,6284.3691,mp_jul
1,6284.6688,mp_jul
1,6284.9686,mp_jul
0,6285.2684,mp_jul
9,6285.5682,mp_jul
0,6285.8679,mp_jul
0,6286.1678,mp_jul
0,6286.4676,mp_jul
0,6286.7673,mp_jul
0,6287.0671,mp_jul
0,6287.3669,mp_jul
0,6287.6717,mp_jul
0,6287.9715,mp_jul
0,6288.2713,mp_jul
0,6288.5711,mp_jul
0,6288.8709,mp_jul
0,6289.1763,mp_jul
1,6289.4761,mp_jul
1,6289.7759,mp_jul
1,6290.0756,mp_jul
1,6290.3798,mp_jul
1,6290.6796,mp_jul
1,6290.9794,mp_jul
1,6291.2792,mp_jul
1,6291.5789,mp_jul
1,6291.8787,mp_jul
1,6292.1785,mp_jul
1,6292.4833,mp_jul
1,6292.7831,mp_jul
1,6293.0829,mp_jul
1,6293.3827,mp_jul
1,6293.6825,mp_jul
1,6293.9823,mp_jul
1,6294.282,mp_jul
1,6294.5819,mp_jul
1,6294.8817,mp_jul
1,6295.1814,mp_jul
1,6295.4813,mp_jul
1,6295.781,mp_jul
1,6296.0808,mp_jul
1,6296.3806,mp_jul
1,6296.6804,mp_jul
1,6296.9802,mp_jul
1,6297.2799,mp_jul
13,6297.5797,mp_jul
1,6297.8796,mp_jul
1,6298.1793,mp_jul
1,6298.4791,mp_jul
1,6298.7789,mp_jul
1,6299.0787,mp_jul
1,6299.3785,mp_jul
1,6299.6783,mp_jul
1,6299.978,mp_jul
1,6300.2779,mp_jul
1,6300.5776,mp_jul
1,6300.8774,mp_jul
1,6301.1772,mp_jul
1,6301.477,mp_jul
1,6301.7768,mp_jul
1,6302.0766,mp_jul
1,6302.3813,mp_jul
1,6302.6811,mp_jul
1,6302.9809,mp_jul
1,6303.2807,mp_jul
1,6303.5805,mp_jul
1,6303.8861,mp_jul
1,6304.1859,mp_jul
1,6304.4857,mp_jul
1,6304.8096,mp_jul
1,6305.1544,mp_jul
1,6305.4592,mp_jul
7,6305.759,mp_jul
7,6306.0588,mp_jul
10,6306.3642,mp_jul
0,6306.664,mp_jul
7,6306.9638,mp_jul
7,6307.2635,mp_jul
7,6307.5633,mp_jul
0,6307.8631,mp_jul
11,6308.1628,mp_jul
0,6308.4627,mp_jul
11,6308.7624,mp_jul
11,6309.0623,mp_jul
11,6309.3621,mp_jul
11,6309.6618,mp_jul
0,6309.9616,mp_jul
0,6310.2614,mp_jul
7,6310.5612,mp_jul
6,6310.8654,mp_jul
7,6311.1652,mp_jul
7,6311.465,mp_jul
7,6311.7648,mp_jul
7,6312.0645,mp_jul
0,6312.3643,mp_jul
7,6312.6642,mp_jul
7,6312.9639,mp_jul
7,6313.2637,mp_jul
7,6313.5635,mp_jul
7,6313.8633,mp_jul
7,6314.1631,mp_jul
7,6314.4629,mp_jul
7,6314.7627,mp_jul
7,6315.0624,mp_jul
7,6315.3622,mp_jul
6,6315.662,mp_jul
0,6315.9668,mp_jul
1,6316.2666,mp_jul
1,6316.5664,mp_jul
1,6316.8712,mp_jul
1,6317.171,mp_jul
1,6317.4708,mp_jul
1,6317.7706,mp_jul
1,6318.0761,mp_jul
1,6318.376,mp_jul
1,6318.7199,mp_jul
1,6319.0197,mp_jul
1,6319.3195,mp_jul
1,6319.6193,mp_jul
1,6319.919,mp_jul
1,6320.2188,mp_jul
1,6320.5186,mp_jul
1,6320.8185,mp_jul
0,6321.1183,mp_jul
0,6321.418,mp_jul
0,6321.7178,mp_jul
0,6322.0175,mp_jul
0,6322.3173,mp_jul
0,6322.6172,mp_jul
0,6322.9169,mp_jul
4,6323.2167,mp_jul
4,6323.5165,mp_jul
4,6323.8163,mp_jul
4,6324.1161,mp_jul
4,6324.4159,mp_jul
4,6324.7513,mp_jul
4,6325.0754,mp_jul
4,6325.3802,mp_jul
0,6325.685,mp_jul
0,6325.9848,mp_jul
0,6326.2845,mp_jul
0,6326.5843,mp_jul
4,6326.8898,mp_jul
0,6327.1939,mp_jul
4,6327.4937,mp_jul
0,6327.7935,mp_jul
0,6328.0983,mp_jul
0,6328.3981,mp_jul
8,6328.6979,mp_jul
0,6328.9977,mp_jul
10,6329.2975,mp_jul
0,6329.5972,mp_jul
0,6329.8971,mp_jul
0,6330.1968,mp_jul
0,6330.4966,mp_jul
10,6330.7964,mp_jul
0,6331.0962,mp_jul
10,6331.396,mp_jul
10,6331.6958,mp_jul
10,6331.9956,mp_jul
10,6332.2954,mp_jul
0,6332.5951,mp_jul
8,6332.8949,mp_jul
0,6333.1947,mp_jul
0,6333.4945,mp_jul
0,6333.7942,mp_jul
8,6334.0941,mp_jul
0,6334.3939,mp_jul
8,6334.6936,mp_jul
8,6334.9935,mp_jul
8,6335.2982,mp_jul
8,6335.5989,mp_jul
8,6335.8978,mp_jul
0,6336.1976,mp_jul
0,6336.4974,mp_jul
0,6336.7972,mp_jul
0,6337.097,mp_jul
0,6337.3968,mp_jul
0,6337.6965,mp_jul
0,6337.9964,mp_jul
0,6338.2961,mp_jul
0,6338.5959,mp_jul
0,6338.8957,mp_jul
0,6339.2105,mp_jul
0,6339.5103,mp_jul
1,6339.81,mp_jul
1,6340.1099,mp_jul
1,6340.4096,mp_jul
1,6340.7094,mp_jul
0,6341.0092,mp_jul
12,6341.309,mp_jul
12,6341.6088,mp_jul
0,6341.9086,mp_jul
0,6342.2084,mp_jul
12,6342.5082,mp_jul
12,6342.813,mp_jul
12,6343.1183,mp_jul
12,6343.4182,mp_jul
0,6343.7179,mp_jul
0,6344.0177,mp_jul
0,6344.3175,mp_jul
1,6344.6173,mp_jul
1,6344.9171,mp_jul
1,6345.2169,mp_jul
1,6345.5167,mp_jul
1,6345.8165,mp_jul
1,6346.1163,mp_jul
1,6346.4204,mp_jul
1,6346.7203,mp_jul
1,6347.02,mp_jul
1,6347.3198,mp_jul
0,6347.6196,mp_jul
0,6347.9194,mp_jul
0,6348.2242,mp_jul
1,6348.5239,mp_jul
1,6348.8287,mp_jul
0,6349.1285,mp_jul
0,6349.4284,mp_jul
0,6349.7337,mp_jul
0,6350.0335,mp_jul
0,6350.3333,mp_jul
0,6350.6331,mp_jul
0,6350.9329,mp_jul
0,6351.2327,mp_jul
0,6351.5324,mp_jul
1,6351.8323,mp_jul
1,6352.132,mp_jul
0,6352.4318,mp_jul
0,6352.7316,mp_jul
10,6353.0315,mp_jul
0,6353.3312,mp_jul
0,6353.631,mp_jul
0,6353.9308,mp_jul
0,6354.2306,mp_jul
0,6354.5303,mp_jul
0,6354.8301,mp_jul
0,6355.13,mp_jul
0,6355.4298,mp_jul
0,6355.7338,mp_jul
0,6356.0337,mp_jul
0,6356.3335,mp_jul
0,6356.6332,mp_jul
0,6356.933,mp_jul
0,6357.2328,mp_jul
0,6357.5326,mp_jul
0,6357.8324,mp_jul
0,6358.1322,mp_jul
0,6358.432,mp_jul
0,6358.7317,mp_jul
0,6359.0316,mp_jul
0,6359.3314,mp_jul
0,6359.6311,mp_jul
0,6359.9309,mp_jul
0,6360.2308,mp_jul
0,6360.5305,mp_jul
0,6360.8303,mp_jul
1,6361.1301,mp_jul
1,6361.4298,mp_jul
1,6361.7297,mp_jul
1,6362.0295,mp_jul
1,6362.3343,mp_jul
1,6362.6341,mp_jul
1,6362.9338,mp_jul
1,6363.2336,mp_jul
1,6363.5334,mp_jul
1,6363.8332,mp_jul
1,6364.133,mp_jul
1,6364.4328,mp_jul
1,6364.7376,mp_jul
1,6365.0374,mp_jul
1,6365.3372,mp_jul
1,6365.6369,mp_jul
1,6365.9367,mp_jul
1,6366.2423,mp_jul
1,6366.5421,mp_jul
1,6366.8419,mp_jul
1,6367.1417,mp_jul
1,6367.4415,mp_jul
1,6367.7413,mp_jul
1,6368.0411,mp_jul
1,6368.3408,mp_jul
1,6368.6406,mp_jul
1,6368.9404,mp_jul
1,6369.2402,mp_jul
1,6369.54,mp_jul
1,6369.8398,mp_jul
1,6370.1396,mp_jul
1,6370.4394,mp_jul
1,6370.7391,mp_jul
1,6371.0389,mp_jul
1,6371.3387,mp_jul
1,6371.6385,mp_jul
1,6371.9383,mp_jul
1,6372.2381,mp_jul
1,6372.5379,mp_jul
1,6372.8376,mp_jul
9,6373.1374,mp_jul
9,6373.4372,mp_jul
13,6373.737,mp_jul
13,6374.0369,mp_jul
0,6374.3366,mp_jul
0,6374.6364,mp_jul
0,6374.9362,mp_jul
0,6375.236,mp_jul
9,6375.5357,mp_jul
9,6375.8356,mp_jul
13,6376.1353,mp_jul
9,6376.4351,mp_jul
13,6376.7349,mp_jul
13,6377.0347,mp_jul
13,6377.3345,mp_jul
13,6377.6343,mp_jul
13,6377.934,mp_jul
13,6378.2339,mp_jul
0,6378.5336,mp_jul
9,6378.8334,mp_jul
1,6379.1332,mp_jul
1,6379.4331,mp_jul
1,6379.7328,mp_jul
1,6380.0326,mp_jul
1,6380.3325,mp_jul
1,6380.6322,mp_jul
1,6380.932,mp_jul
1,6381.2318,mp_jul
1,6381.5316,mp_jul
1,6381.8313,mp_jul
1,6382.1312,mp_jul
1,6382.431,mp_jul
1,6382.7308,mp_jul
1,6383.0306,mp_jul
1,6383.3303,mp_jul
1,6383.6301,mp_jul
1,6383.9299,mp_jul
1,6384.2297,mp_jul
1,6384.5295,mp_jul
12,6384.8292,mp_jul
12,6385.1291,mp_jul
12,6385.4288,mp_jul
12,6385.7286,mp_jul
12,6386.0284,mp_jul
12,6386.3282,mp_jul
12,6386.628,mp_jul
12,6386.9278,mp_jul
12,6387.2275,mp_jul
12,6387.5274,mp_jul
12,6387.8314,mp_jul
12,6388.1312,mp_jul
12,6388.4359,mp_jul
12,6388.7357,mp_jul
12,6389.0355,mp_jul
12,6389.3353,mp_jul
12,6389.635,mp_jul
12,6389.9348,mp_jul
12,6390.2347,mp_jul
12,6390.5344,mp_jul
12,6390.8342,mp_jul
12,6391.134,mp_jul
12,6391.4338,mp_jul
12,6391.7336,mp_jul
12,6392.0334,mp_jul
12,6392.3332,mp_jul
9,6392.633,mp_jul
12,6392.9328,mp_jul
12,6393.2325,mp_jul
12,6393.5324,mp_jul
12,6393.8321,mp_jul
12,6394.1319,mp_jul
12,6394.4317,mp_jul
12,6394.7315,mp_jul
12,6395.0313,mp_jul
12,6395.3311,mp_jul
12,6395.6309,mp_jul
12,6395.9307,mp_jul
12,6396.2355,mp_jul
12,6396.5353,mp_jul
12,6396.8406,mp_jul
12,6397.1404,mp_jul
9,6397.4402,mp_jul
1,6397.74,mp_jul
1,6398.0398,mp_jul
0,6398.3396,mp_jul
0,6398.6394,mp_jul
12,6398.9392,mp_jul
12,6399.2434,mp_jul
12,6399.5431,mp_jul
13,6399.8429,mp_jul
13,6400.1427,mp_jul
13,6400.4425,mp_jul
13,6400.7423,mp_jul
0,6401.042,mp_jul
0,6401.3418,mp_jul
13,6401.6425,mp_jul
13,6401.9414,mp_jul
13,6402.2413,mp_jul
13,6402.5411,mp_jul
13,6402.8408,mp_jul
13,6403.1406,mp_jul
13,6403.4404,mp_jul
13,6403.7402,mp_jul
13,6404.0399,mp_jul
13,6404.3397,mp_jul
13,6404.6396,mp_jul
13,6404.9394,mp_jul
0,6405.2391,mp_jul
13,6405.5389,mp_jul
13,6405.8387,mp_jul
0,6406.1385,mp_jul
13,6406.4383,mp_jul
13,6406.7381,mp_jul
13,6407.0379,mp_jul
0,6407.3377,mp_jul
13,6407.6375,mp_jul
13,6407.9373,mp_jul
13,6408.2371,mp_jul
13,6408.5368,mp_jul
13,6408.8366,mp_jul
13,6409.1364,mp_jul
13,6409.4362,mp_jul
13,6409.736,mp_jul
13,6410.0357,mp_jul
13,6410.3356,mp_jul
9,6410.6354,mp_jul
1,6410.9352,mp_jul
1,6411.2349,mp_jul
0,6411.5347,mp_jul
13,6411.8345,mp_jul
13,6412.1343,mp_jul
0,6412.4341,mp_jul
0,6412.7339,mp_jul
13,6413.0337,mp_jul
0,6413.3335,mp_jul
0,6413.6332,mp_jul
13,6413.9331,mp_jul
13,6414.2328,mp_jul
0,6414.5326,mp_jul
0,6414.8324,mp_jul
0,6415.1322,mp_jul
0,6415.432,mp_jul
0,6415.7318,mp_jul
0,6416.0316,mp_jul
13,6416.3314,mp_jul
13,6416.6311,mp_jul
13,6416.9309,mp_jul
0,6417.2307,mp_jul
13,6417.5305,mp_jul
0,6417.8303,mp_jul
13,6418.13,mp_jul
13,6418.4299,mp_jul
13,6418.7296,mp_jul
0,6419.0295,mp_jul
13,6419.3293,mp_jul
13,6419.629,mp_jul
9,6419.9288,mp_jul
13,6420.2286,mp_jul
13,6420.5284,mp_jul
13,6420.8282,mp_jul
13,6421.128,mp_jul
3,6421.4278,mp_jul
13,6421.7276,mp_jul
13,6422.0274,mp_jul
13,6422.3271,mp_jul
13,6422.6269,mp_jul
13,6422.9267,mp_jul
13,6423.2265,mp_jul
13,6423.5263,mp_jul
13,6423.8261,mp_jul
0,6424.1259,mp_jul
13,6424.4257,mp_jul
13,6424.7255,mp_jul
0,6425.0253,mp_jul
13,6425.3251,mp_jul
13,6425.6248,mp_jul
13,6425.9246,mp_jul
0,6426.2244,mp_jul
13,6426.5242,mp_jul
13,6426.829,mp_jul
13,6427.1288,mp_jul
13,6427.4286,mp_jul
13,6427.7283,mp_jul
0,6428.0282,mp_jul
0,6428.3279,mp_jul
13,6428.6277,mp_jul
13,6428.9276,mp_jul
0,6429.2272,mp_jul
0,6429.5271,mp_jul
13,6429.8268,mp_jul
0,6430.1267,mp_jul
13,6430.4264,mp_jul
13,6430.7262,mp_jul
13,6431.026,mp_jul
13,6431.3259,mp_jul
9,6431.6256,mp_jul
0,6431.9254,mp_jul
13,6432.2252,mp_jul
13,6432.525,mp_jul
0,6432.8248,mp_jul
0,6433.1246,mp_jul
13,6433.4243,mp_jul
0,6433.7242,mp_jul
13,6434.0239,mp_jul
9,6434.3237,mp_jul
13,6434.6234,mp_jul
13,6434.9233,mp_jul
13,6435.2231,mp_jul
13,6435.5228,mp_jul
13,6435.8227,mp_jul
0,6436.1225,mp_jul
13,6436.4222,mp_jul
0,6436.722,mp_jul
9,6437.0218,mp_jul
9,6437.3216,mp_jul
0,6437.6214,mp_jul
13,6437.9212,mp_jul
13,6438.221,mp_jul
13,6438.5208,mp_jul
13,6438.8206,mp_jul
13,6439.1204,mp_jul
13,6439.4202,mp_jul
0,6439.7199,mp_jul
0,6440.0197,mp_jul
0,6440.3195,mp_jul
0,6440.6193,mp_jul
0,6440.9191,mp_jul
0,6441.2189,mp_jul
0,6441.5186,mp_jul
0,6441.8185,mp_jul
0,6442.1183,mp_jul
0,6442.418,mp_jul
0,6442.7179,mp_jul
0,6443.0176,mp_jul
0,6443.3174,mp_jul
0,6443.6172,mp_jul
5,6443.917,mp_jul
5,6444.2168,mp_jul
0,6444.5165,mp_jul
5,6444.8163,mp_jul
0,6445.1161,mp_jul
0,6445.416,mp_jul
0,6445.7157,mp_jul
1,6446.0155,mp_jul
0,6446.3153,mp_jul
0,6446.6151,mp_jul
0,6446.9149,mp_jul
0,6447.2147,mp_jul
0,6447.5144,mp_jul
5,6447.8143,mp_jul
5,6448.114,mp_jul
5,6448.4138,mp_jul
5,6448.7186,mp_jul
5,6449.0184,mp_jul
5,6449.3182,mp_jul
5,6449.618,mp_jul
5,6449.9178,mp_jul
0,6450.2176,mp_jul
0,6450.5173,mp_jul
0,6450.8172,mp_jul
5,6451.1169,mp_jul
5,6451.4167,mp_jul
5,6451.7165,mp_jul
0,6452.0163,mp_jul
5,6452.3161,mp_jul
5,6452.6159,mp_jul
5,6452.9157,mp_jul
5,6453.2155,mp_jul
5,6453.5153,mp_jul
0,6453.8151,mp_jul
5,6454.1148,mp_jul
0,6454.4146,mp_jul
1,6454.7144,mp_jul
1,6455.0142,mp_jul
1,6455.314,mp_jul
1,6455.6194,mp_jul
1,6455.9192,mp_jul
9,6456.219,mp_jul
13,6456.5188,mp_jul
13,6456.8186,mp_jul
0,6457.1228,mp_jul
0,6457.4226,mp_jul
0,6457.7223,mp_jul
0,6458.0221,mp_jul
0,6458.3219,mp_jul
0,6458.6217,mp_jul
0,6458.9215,mp_jul
0,6459.2312,mp_jul
5,6459.531,mp_jul
5,6459.8308,mp_jul
5,6460.1306,mp_jul
5,6460.4303,mp_jul
5,6460.7302,mp_jul
5,6461.03,mp_jul
0,6461.3297,mp_jul
5,6461.6296,mp_jul
5,6461.9294,mp_jul
5,6462.2291,mp_jul
5,6462.5289,mp_jul
5,6462.8287,mp_jul
5,6463.1284,mp_jul
0,6463.4283,mp_jul
4,6463.7281,mp_jul
4,6464.0278,mp_jul
4,6464.3276,mp_jul
4,6464.6275,mp_jul
4,6464.9272,mp_jul
4,6465.227,mp_jul
4,6465.5268,mp_jul
4,6465.8266,mp_jul
4,6466.1264,mp_jul
4,6466.4262,mp_jul
0,6466.726,mp_jul
4,6467.0258,mp_jul
4,6467.3255,mp_jul
4,6467.6253,mp_jul
4,6467.9251,mp_jul
0,6468.2249,mp_jul
4,6468.5247,mp_jul
4,6468.8245,mp_jul
4,6469.1243,mp_jul
4,6469.4241,mp_jul
4,6469.7238,mp_jul
4,6470.0236,mp_jul
0,6470.3234,mp_jul
4,6470.6289,mp_jul
4,6470.9287,mp_jul
4,6471.2284,mp_jul
0,6471.5283,mp_jul
4,6471.828,mp_jul
0,6472.1278,mp_jul
4,6472.4276,mp_jul
4,6472.7274,mp_jul
4,6473.0272,mp_jul
4,6473.327,mp_jul
4,6473.6268,mp_jul
4,6473.9265,mp_jul
4,6474.2263,mp_jul
4,6474.5261,mp_jul
4,6474.8259,mp_jul
4,6475.1257,mp_jul
4,6475.4255,mp_jul
4,6475.7253,mp_jul
4,6476.0251,mp_jul
4,6476.3248,mp_jul
4,6476.6246,mp_jul
4,6476.9244,mp_jul
0,6477.2286,mp_jul
0,6477.5284,mp_jul
1,6477.8332,mp_jul
0,6478.1329,mp_jul
0,6478.4328,mp_jul
0,6478.7325,mp_jul
0,6479.0324,mp_jul
0,6479.3321,mp_jul
3,6479.632,mp_jul
5,6479.9317,mp_jul
5,6480.2315,mp_jul
5,6480.5313,mp_jul
5,6480.8311,mp_jul
5,6481.1309,mp_jul
5,6481.4307,mp_jul
5,6481.7305,mp_jul
5,6482.0302,mp_jul
5,6482.3301,mp_jul
0,6482.6298,mp_jul
0,6482.9295,mp_jul
5,6483.2294,mp_jul
5,6483.5292,mp_jul
5,6483.8289,mp_jul
5,6484.1288,mp_jul
5,6484.4286,mp_jul
5,6484.7284,mp_jul
5,6485.0282,mp_jul
5,6485.3279,mp_jul
5,6485.6277,mp_jul
5,6485.9275,mp_jul
5,6486.2273,mp_jul
5,6486.5271,mp_jul
5,6486.8269,mp_jul
5,6487.1267,mp_jul
5,6487.4264,mp_jul
5,6487.7262,mp_jul
5,6488.026,mp_jul
5,6488.3258,mp_jul
5,6488.6256,mp_jul
0,6488.9254,mp_jul
0,6489.2252,mp_jul
0,6489.525,mp_jul
5,6489.8248,mp_jul
0,6490.1245,mp_jul
5,6490.4244,mp_jul
5,6490.7241,mp_jul
5,6491.0239,mp_jul
5,6491.3237,mp_jul
5,6491.6235,mp_jul
5,6491.9233,mp_jul
4,6492.2337,mp_jul
4,6492.5335,mp_jul
4,6492.8333,mp_jul
4,6493.1331,mp_jul
4,6493.4329,mp_jul
4,6493.7327,mp_jul
4,6494.0325,mp_jul
4,6494.3323,mp_jul
4,6494.632,mp_jul
4,6494.9318,mp_jul
4,6495.2316,mp_jul
4,6495.5314,mp_jul
4,6495.8312,mp_jul
4,6496.1309,mp_jul
4,6496.4308,mp_jul
4,6496.7305,mp_jul
4,6497.0303,mp_jul
4,6497.3301,mp_jul
4,6497.63,mp_jul
4,6497.9297,mp_jul
4,6498.2295,mp_jul
4,6498.5293,mp_jul
4,6498.8291,mp_jul
4,6499.1289,mp_jul
4,6499.4286,mp_jul
4,6499.7284,mp_jul
0,6500.0282,mp_jul
0,6500.328,mp_jul
4,6500.6278,mp_jul
0,6500.9276,mp_jul
4,6501.2274,mp_jul
4,6501.5316,mp_jul
4,6501.8314,mp_jul
4,6502.1311,mp_jul
4,6502.4309,mp_jul
4,6502.7307,mp_jul
0,6503.0305,mp_jul
1,6503.3303,mp_jul
4,6503.63,mp_jul
4,6503.9299,mp_jul
4,6504.2297,mp_jul
0,6504.5294,mp_jul
4,6504.8292,mp_jul
4,6505.129,mp_jul
4,6505.4288,mp_jul
4,6505.7286,mp_jul
4,6506.0284,mp_jul
4,6506.3282,mp_jul
4,6506.628,mp_jul
4,6506.9277,mp_jul
4,6507.2275,mp_jul
4,6507.5273,mp_jul
4,6507.8271,mp_jul
4,6508.1269,mp_jul
4,6508.4267,mp_jul
0,6508.7265,mp_jul
4,6509.0263,mp_jul
0,6509.3261,mp_jul
0,6509.6259,mp_jul
0,6509.9257,mp_jul
4,6510.2254,mp_jul
4,6510.5252,mp_jul
0,6510.825,mp_jul
4,6511.1248,mp_jul
4,6511.4246,mp_jul
0,6511.7244,mp_jul
4,6512.0242,mp_jul
0,6512.324,mp_jul
0,6512.6238,mp_jul
0,6512.9235,mp_jul
0,6513.2233,mp_jul
0,6513.5231,mp_jul
0,6513.8279,mp_jul
0,6514.1277,mp_jul
0,6514.4275,mp_jul
0,6514.7273,mp_jul
0,6515.0271,mp_jul
0,6515.3269,mp_jul
0,6515.6266,mp_jul
0,6515.9264,mp_jul
0,6516.2262,mp_jul
0,6516.526,mp_jul
0,6516.8258,mp_jul
0,6517.1256,mp_jul
0,6517.4254,mp_jul
0,6517.7252,mp_jul
0,6518.025,mp_jul
0,6518.3247,mp_jul
0,6518.6245,mp_jul
0,6518.9243,mp_jul
0,6519.2349,mp_jul
0,6519.5347,mp_jul
0,6519.8345,mp_jul
0,6520.1343,mp_jul
10,6520.434,mp_jul
0,6520.7339,mp_jul
0,6521.0379,mp_jul
0,6521.3377,mp_jul
0,6521.6374,mp_jul
0,6521.9372,mp_jul
0,6522.237,mp_jul
0,6522.5368,mp_jul
0,6522.8416,mp_jul
0,6523.1414,mp_jul
8,6523.4412,mp_jul
8,6523.741,mp_jul
8,6524.0407,mp_jul
8,6524.3406,mp_jul
8,6524.6403,mp_jul
8,6524.9401,mp_jul
10,6525.2399,mp_jul
8,6525.5397,mp_jul
0,6525.8395,mp_jul
0,6526.1392,mp_jul
8,6526.4391,mp_jul
0,6526.7388,mp_jul
0,6527.0436,mp_jul
8,6527.3434,mp_jul
8,6527.6432,mp_jul
8,6527.943,mp_jul
8,6528.2428,mp_jul
8,6528.5427,mp_jul
8,6528.8424,mp_jul
8,6529.1421,mp_jul
8,6529.442,mp_jul
8,6529.7418,mp_jul
0,6530.0416,mp_jul
8,6530.3413,mp_jul
0,6530.6411,mp_jul
8,6530.9409,mp_jul
8,6531.2407,mp_jul
0,6531.5404,mp_jul
8,6531.8403,mp_jul
8,6532.1401,mp_jul
8,6532.4399,mp_jul
8,6532.7396,mp_jul
8,6533.0394,mp_jul
8,6533.3392,mp_jul
8,6533.6446,mp_jul
8,6533.9444,mp_jul
8,6534.2486,mp_jul
8,6534.5484,mp_jul
8,6534.8482,mp_jul
8,6535.148,mp_jul
8,6535.4478,mp_jul
8,6535.7476,mp_jul
0,6536.0473,mp_jul
8,6536.3471,mp_jul
8,6536.6469,mp_jul
8,6536.9467,mp_jul
8,6537.2465,mp_jul
8,6537.5463,mp_jul
8,6537.846,mp_jul
8,6538.1458,mp_jul
8,6538.4457,mp_jul
8,6538.7455,mp_jul
8,6539.0453,mp_jul
8,6539.345,mp_jul
8,6539.6448,mp_jul
8,6539.9446,mp_jul
8,6540.2444,mp_jul
8,6540.5442,mp_jul
0,6540.8439,mp_jul
0,6541.1438,mp_jul
8,6541.4485,mp_jul
8,6541.7484,mp_jul
8,6542.0531,mp_jul
8,6542.353,mp_jul
8,6542.6527,mp_jul
10,6542.9525,mp_jul
8,6543.2523,mp_jul
8,6543.5521,mp_jul
8,6543.8518,mp_jul
8,6544.1517,mp_jul
8,6544.4515,mp_jul
8,6544.7513,mp_jul
10,6545.051,mp_jul
8,6545.3508,mp_jul
8,6545.6506,mp_jul
0,6545.9504,mp_jul
8,6546.2502,mp_jul
0,6546.55,mp_jul
8,6546.8498,mp_jul
8,6547.1495,mp_jul
8,6547.4494,mp_jul
8,6547.7491,mp_jul
8,6548.0589,mp_jul
8,6548.3637,mp_jul
0,6548.6635,mp_jul
8,6548.9683,mp_jul
8,6549.2681,mp_jul
0,6549.5679,mp_jul
8,6549.8677,mp_jul
0,6550.1731,mp_jul
0,6550.4729,mp_jul
8,6550.7727,mp_jul
8,6551.0724,mp_jul
8,6551.3723,mp_jul
8,6551.672,mp_jul
8,6551.9762,mp_jul
8,6552.276,mp_jul
8,6552.5757,mp_jul
8,6552.8756,mp_jul
8,6553.1754,mp_jul
8,6553.4751,mp_jul
10,6553.7749,mp_jul
8,6554.0747,mp_jul
0,6554.3795,mp_jul
11,6554.6793,mp_jul
11,6554.9791,mp_jul
11,6555.2789,mp_jul
11,6555.5787,mp_jul
11,6555.8785,mp_jul
11,6556.1782,mp_jul
11,6556.478,mp_jul
11,6556.7778,mp_jul
11,6557.0776,mp_jul
11,6557.3774,mp_jul
11,6557.6772,mp_jul
10,6557.977,mp_jul
11,6558.2767,mp_jul
11,6558.5816,mp_jul
11,6558.8813,mp_jul
11,6559.1811,mp_jul
11,6559.4809,mp_jul
11,6559.7863,mp_jul
11,6560.0861,mp_jul
11,6560.3859,mp_jul
11,6560.6857,mp_jul
11,6560.9855,mp_jul
11,6561.2896,mp_jul
11,6561.5894,mp_jul
11,6561.8892,mp_jul
11,6562.189,mp_jul
11,6562.4888,mp_jul
10,6562.7886,mp_jul
11,6563.0884,mp_jul
11,6563.3882,mp_jul
10,6563.698,mp_jul
11,6563.9978,mp_jul
0,6564.2976,mp_jul
11,6564.5973,mp_jul
11,6564.8972,mp_jul
11,6565.1969,mp_jul
11,6565.4967,mp_jul
11,6565.7965,mp_jul
11,6566.0963,mp_jul
11,6566.3961,mp_jul
11,6566.6959,mp_jul
11,6566.9957,mp_jul
11,6567.2955,mp_jul
10,6567.5952,mp_jul
11,6567.895,mp_jul
11,6568.1948,mp_jul
11,6568.4946,mp_jul
11,6568.7944,mp_jul
11,6569.0942,mp_jul
11,6569.394,mp_jul
11,6569.6938,mp_jul
11,6569.9936,mp_jul
11,6570.2991,mp_jul
11,6570.6031,mp_jul
11,6570.9029,mp_jul
11,6571.2027,mp_jul
11,6571.5024,mp_jul
11,6571.8023,mp_jul
11,6572.1021,mp_jul
11,6572.4019,mp_jul
11,6572.7016,mp_jul
11,6573.0014,mp_jul
0,6573.3012,mp_jul
11,6573.6011,mp_jul
11,6573.9008,mp_jul
11,6574.2006,mp_jul
11,6574.5004,mp_jul
11,6574.8002,mp_jul
11,6575.1,mp_jul
11,6575.3997,mp_jul
11,6575.6995,mp_jul
11,6575.9994,mp_jul
11,6576.2992,mp_jul
11,6576.5989,mp_jul
11,6576.8987,mp_jul
11,6577.1985,mp_jul
11,6577.4983,mp_jul
11,6577.7981,mp_jul
11,6578.0979,mp_jul
11,6578.3977,mp_jul
11,6578.6974,mp_jul
11,6579.0023,mp_jul
11,6579.322,mp_jul
11,6579.6218,mp_jul
10,6579.9216,mp_jul
11,6580.2214,mp_jul
11,6580.5212,mp_jul
11,6580.8209,mp_jul
11,6581.1208,mp_jul
11,6581.4205,mp_jul
11,6581.7204,mp_jul
11,6582.0201,mp_jul
11,6582.32,mp_jul
11,6582.6197,mp_jul
11,6582.9195,mp_jul
11,6583.2193,mp_jul
11,6583.519,mp_jul
11,6583.8189,mp_jul
11,6584.1186,mp_jul
11,6584.4184,mp_jul
11,6584.7182,mp_jul
11,6585.018,mp_jul
11,6585.3178,mp_jul
11,6585.6176,mp_jul
11,6585.9174,mp_jul
0,6586.2172,mp_jul
11,6586.517,mp_jul
11,6586.8167,mp_jul
1,6587.1166,mp_jul
1,6587.4163,mp_jul
1,6587.7161,mp_jul
1,6588.0159,mp_jul
1,6588.3157,mp_jul
1,6588.6155,mp_jul
1,6588.9153,mp_jul
1,6589.2151,mp_jul
1,6589.5148,mp_jul
1,6589.8146,mp_jul
1,6590.1145,mp_jul
1,6590.4142,mp_jul
1,6590.714,mp_jul
1,6591.0139,mp_jul
1,6591.3136,mp_jul
1,6591.6134,mp_jul
12,6591.9132,mp_jul
12,6592.213,mp_jul
12,6592.5127,mp_jul
12,6592.8126,mp_jul
12,6593.1123,mp_jul
12,6593.4121,mp_jul
12,6593.7119,mp_jul
12,6594.0117,mp_jul
12,6594.3115,mp_jul
12,6594.6113,mp_jul
12,6594.911,mp_jul
12,6595.2108,mp_jul
12,6595.5107,mp_jul
12,6595.8104,mp_jul
0,6596.1102,mp_jul
1,6596.41,mp_jul
1,6596.7098,mp_jul
1,6597.0096,mp_jul
1,6597.3094,mp_jul
1,6597.6092,mp_jul
1,6597.909,mp_jul
1,6598.2088,mp_jul
1,6598.5086,mp_jul
1,6598.8083,mp_jul
1,6599.1082,mp_jul
1,6599.4079,mp_jul
1,6599.7077,mp_jul
1,6600.0075,mp_jul
1,6600.3123,mp_jul
1,6600.6121,mp_jul
1,6600.9119,mp_jul
1,6601.2117,mp_jul
1,6601.5115,mp_jul
1,6601.8112,mp_jul
1,6602.111,mp_jul
1,6602.4108,mp_jul
1,6602.7106,mp_jul
1,6603.0104,mp_jul
1,6603.3102,mp_jul
1,6603.61,mp_jul
1,6603.9098,mp_jul
1,6604.2096,mp_jul
1,6604.5094,mp_jul
1,6604.8092,mp_jul
1,6605.109,mp_jul
1,6605.4088,mp_jul
1,6605.7086,mp_jul
1,6606.0083,mp_jul
1,6606.3138,mp_jul
1,6606.6136,mp_jul
1,6606.9134,mp_jul
1,6607.2132,mp_jul
1,6607.5129,mp_jul
1,6607.8127,mp_jul
1,6608.1125,mp_jul
1,6608.4123,mp_jul
1,6608.7164,mp_jul
1,6609.0318,mp_jul
1,6609.3359,mp_jul
1,6609.6357,mp_jul
1,6609.9356,mp_jul
1,6610.2353,mp_jul
1,6610.5351,mp_jul
1,6610.8349,mp_jul
1,6611.1347,mp_jul
1,6611.4345,mp_jul
1,6611.7343,mp_jul
1,6612.0341,mp_jul
1,6612.3339,mp_jul
1,6612.6337,mp_jul
1,6612.9334,mp_jul
1,6613.2332,mp_jul
1,6613.533,mp_jul
1,6613.8328,mp_jul
1,6614.1326,mp_jul
1,6614.4424,mp_jul
0,6614.7422,mp_jul
1,6615.042,mp_jul
1,6615.3418,mp_jul
1,6615.6416,mp_jul
9,6615.9413,mp_jul
9,6616.2411,mp_jul
0,6616.541,mp_jul
0,6616.8407,mp_jul
0,6617.1405,mp_jul
6,6617.4403,mp_jul
0,6617.7401,mp_jul
0,6618.0398,mp_jul
0,6618.3397,mp_jul
1,6618.6395,mp_jul
1,6618.9392,mp_jul
1,6619.2446,mp_jul
1,6619.5444,mp_jul
1,6619.8442,mp_jul
1,6620.1441,mp_jul
1,6620.4531,mp_jul
1,6620.7579,mp_jul
1,6621.0777,mp_jul
1,6621.4375,mp_jul
1,6621.7573,mp_jul
1,6622.0571,mp_jul
1,6622.3568,mp_jul
1,6622.6566,mp_jul
1,6622.9564,mp_jul
1,6623.2562,mp_jul
1,6623.556,mp_jul
1,6623.8558,mp_jul
1,6624.1556,mp_jul
1,6624.4554,mp_jul
1,6624.7552,mp_jul
1,6625.055,mp_jul
1,6625.3548,mp_jul
1,6625.6546,mp_jul
9,6625.9544,mp_jul
9,6626.2541,mp_jul
9,6626.554,mp_jul
1,6626.8537,mp_jul
1,6627.1535,mp_jul
1,6627.4533,mp_jul
1,6627.7531,mp_jul
1,6628.1528,mp_jul
1,6628.4526,mp_jul
1,6628.7524,mp_jul
1,6629.0522,mp_jul
1,6629.352,mp_jul
1,6629.6517,mp_jul
1,6629.9516,mp_jul
1,6630.2514,mp_jul
1,6630.5511,mp_jul
1,6630.8509,mp_jul
1,6631.1508,mp_jul
1,6631.4505,mp_jul
1,6631.7503,mp_jul
1,6632.0501,mp_jul
9,6632.3499,mp_jul
9,6632.6496,mp_jul
9,6632.9494,mp_jul
9,6633.2492,mp_jul
13,6633.549,mp_jul
9,6633.8488,mp_jul
0,6634.1486,mp_jul
13,6634.4484,mp_jul
0,6634.7482,mp_jul
0,6635.048,mp_jul
9,6635.3477,mp_jul
9,6635.6476,mp_jul
0,6635.9473,mp_jul
0,6636.2471,mp_jul
0,6636.547,mp_jul
9,6636.8468,mp_jul
0,6637.1466,mp_jul
0,6637.4464,mp_jul
0,6637.7461,mp_jul
9,6638.0459,mp_jul
3,6638.3457,mp_jul
9,6638.6455,mp_jul
9,6638.9453,mp_jul
3,6639.2508,mp_jul
3,6639.5506,mp_jul
0,6639.8504,mp_jul
9,6640.1502,mp_jul
0,6640.45,mp_jul
3,6640.7498,mp_jul
9,6641.0496,mp_jul
3,6641.3493,mp_jul
0,6641.6492,mp_jul
3,6641.9489,mp_jul
9,6642.2488,mp_jul
0,6642.5485,mp_jul
9,6642.8525,mp_jul
9,6643.1524,mp_jul
9,6643.4521,mp_jul
9,6643.7519,mp_jul
9,6644.0517,mp_jul
0,6644.3515,mp_jul
3,6644.6513,mp_jul
9,6644.9511,mp_jul
9,6645.2508,mp_jul
9,6645.5506,mp_jul
9,6645.8505,mp_jul
9,6646.1502,mp_jul
9,6646.45,mp_jul
9,6646.7498,mp_jul
9,6647.0496,mp_jul
9,6647.3494,mp_jul
9,6647.6542,mp_jul
9,6647.954,mp_jul
9,6648.2538,mp_jul
9,6648.5536,mp_jul
9,6648.8534,mp_jul
9,6649.1581,mp_jul
9,6649.458,mp_jul
9,6649.7577,mp_jul
9,6650.0575,mp_jul
9,6650.3572,mp_jul
9,6650.6571,mp_jul
9,6650.9569,mp_jul
9,6651.2566,mp_jul
9,6651.5565,mp_jul
9,6651.8563,mp_jul
9,6652.156,mp_jul
9,6652.4566,mp_jul
9,6652.7556,mp_jul
9,6653.0554,mp_jul
3,6653.3552,mp_jul
9,6653.655,mp_jul
9,6653.9548,mp_jul
9,6654.2545,mp_jul
9,6654.5543,mp_jul
9,6654.8542,mp_jul
9,6655.1539,mp_jul
9,6655.4537,mp_jul
9,6655.7536,mp_jul
9,6656.0533,mp_jul
9,6656.3531,mp_jul
9,6656.6529,mp_jul
0,6656.9527,mp_jul
9,6657.2525,mp_jul
9,6657.5622,mp_jul
9,6657.862,mp_jul
9,6658.1618,mp_jul
1,6658.4616,mp_jul
1,6658.7613,mp_jul
1,6659.0612,mp_jul
1,6659.361,mp_jul
1,6659.6608,mp_jul
0,6659.9605,mp_jul
0,6660.2604,mp_jul
0,6660.5601,mp_jul
0,6660.8599,mp_jul
0,6661.1597,mp_jul
9,6661.4595,mp_jul
1,6661.7593,mp_jul
1,6662.0641,mp_jul
1,6662.3639,mp_jul
1,6662.6636,mp_jul
1,6662.9635,mp_jul
1,6663.2632,mp_jul
6,6663.5631,mp_jul
6,6663.8628,mp_jul
0,6664.1676,mp_jul
6,6664.4674,mp_jul
0,6664.7671,mp_jul
6,6665.067,mp_jul
6,6665.3668,mp_jul
6,6665.6666,mp_jul
6,6665.9664,mp_jul
7,6666.2661,mp_jul
7,6666.5659,mp_jul
7,6666.8658,mp_jul
6,6667.1655,mp_jul
6,6667.4653,mp_jul
7,6667.7651,mp_jul
6,6668.0649,mp_jul
7,6668.3647,mp_jul
7,6668.6644,mp_jul
7,6668.97,mp_jul
7,6669.2697,mp_jul
7,6669.5695,mp_jul
7,6669.8693,mp_jul
7,6670.1691,mp_jul
6,6670.4689,mp_jul
7,6670.7686,mp_jul
7,6671.0684,mp_jul
7,6671.3682,mp_jul
0,6671.668,mp_jul
7,6671.9678,mp_jul
7,6672.2676,mp_jul
7,6672.5674,mp_jul
7,6672.8671,mp_jul
7,6673.167,mp_jul
7,6673.4667,mp_jul
7,6673.7666,mp_jul
7,6674.0663,mp_jul
7,6674.3662,mp_jul
7,6674.666,mp_jul
6,6674.9657,mp_jul
7,6675.2655,mp_jul
0,6675.5653,mp_jul
6,6675.8694,mp_jul
6,6676.1741,mp_jul
6,6676.474,mp_jul
7,6676.7738,mp_jul
6,6677.0736,mp_jul
0,6677.3734,mp_jul
6,6677.6731,mp_jul
6,6677.9729,mp_jul
6,6678.2727,mp_jul
6,6678.5775,mp_jul
6,6678.8873,mp_jul
6,6679.1871,mp_jul
6,6679.4869,mp_jul
6,6679.7867,mp_jul
6,6680.0864,mp_jul
6,6680.3862,mp_jul
6,6680.686,mp_jul
6,6680.9858,mp_jul
6,6681.2856,mp_jul
6,6681.5904,mp_jul
6,6681.8902,mp_jul
6,6682.19,mp_jul
6,6682.4897,mp_jul
0,6682.7895,mp_jul
6,6683.0894,mp_jul
6,6683.3891,mp_jul
6,6683.6889,mp_jul
6,6683.9887,mp_jul
6,6684.2884,mp_jul
6,6684.5882,mp_jul
6,6684.8881,mp_jul
6,6685.1879,mp_jul
6,6685.4876,mp_jul
6,6685.7875,mp_jul
6,6686.0873,mp_jul
6,6686.387,mp_jul
6,6686.6868,mp_jul
6,6686.9866,mp_jul
6,6687.2864,mp_jul
6,6687.5911,mp_jul
6,6687.8909,mp_jul
6,6688.1908,mp_jul
6,6688.4905,mp_jul
6,6688.7903,mp_jul
6,6689.0901,mp_jul
6,6689.3899,mp_jul
6,6689.6897,mp_jul
6,6689.9895,mp_jul
6,6690.2893,mp_jul
6,6690.5891,mp_jul
6,6690.8888,mp_jul
6,6691.1886,mp_jul
0,6691.4884,mp_jul
1,6691.7882,mp_jul
1,6692.088,mp_jul
1,6692.3878,mp_jul
1,6692.6876,mp_jul
1,6692.9874,mp_jul
1,6693.2872,mp_jul
1,6693.587,mp_jul
1,6693.8868,mp_jul
1,6694.1866,mp_jul
0,6694.4863,mp_jul
0,6694.7861,mp_jul
1,6695.0859,mp_jul
1,6695.3857,mp_jul
1,6695.6855,mp_jul
1,6695.9853,mp_jul
0,6696.2851,mp_jul
13,6696.5849,mp_jul
13,6696.8847,mp_jul
0,6697.1845,mp_jul
0,6697.4843,mp_jul
13,6697.784,mp_jul
0,6698.0838,mp_jul
0,6698.3836,mp_jul
0,6698.6834,mp_jul
0,6698.9832,mp_jul
0,6699.2929,mp_jul
0,6699.5927,mp_jul
0,6699.8926,mp_jul
0,6700.1923,mp_jul
5,6700.4921,mp_jul
0,6700.7919,mp_jul
5,6701.0917,mp_jul
5,6701.3915,mp_jul
5,6701.6913,mp_jul
0,6701.9911,mp_jul
0,6702.2908,mp_jul
0,6702.5907,mp_jul
0,6702.8955,mp_jul
0,6703.1952,mp_jul
0,6703.5,mp_jul
0,6703.7998,mp_jul
0,6704.0996,mp_jul
5,6704.3994,mp_jul
4,6704.6991,mp_jul
0,6704.9989,mp_jul
0,6705.2988,mp_jul
9,6705.5986,mp_jul
1,6705.8983,mp_jul
9,6706.198,mp_jul
9,6706.4979,mp_jul
3,6706.7977,mp_jul
3,6707.0974,mp_jul
3,6707.3973,mp_jul
3,6707.6971,mp_jul
0,6707.9968,mp_jul
9,6708.2966,mp_jul
9,6708.5964,mp_jul
1,6708.8962,mp_jul
1,6709.196,mp_jul
1,6709.4958,mp_jul
9,6709.7956,mp_jul
9,6710.0953,mp_jul
3,6710.3951,mp_jul
0,6710.6949,mp_jul
3,6710.9947,mp_jul
9,6711.2946,mp_jul
3,6711.5943,mp_jul
9,6711.8998,mp_jul
9,6712.1997,mp_jul
0,6712.4995,mp_jul
9,6712.7992,mp_jul
9,6713.0991,mp_jul
9,6713.3989,mp_jul
9,6713.6987,mp_jul
9,6713.9984,mp_jul
9,6714.2982,mp_jul
0,6714.598,mp_jul
0,6714.8978,mp_jul
0,6715.1976,mp_jul
0,6715.4974,mp_jul
0,6715.7972,mp_jul
0,6716.0969,mp_jul
0,6716.3967,mp_jul
0,6716.6965,mp_jul
0,6716.9963,mp_jul
0,6717.2961,mp_jul
0,6717.5959,mp_jul
0,6717.8956,mp_jul
0,6718.1955,mp_jul
0,6718.4953,mp_jul
0,6718.7951,mp_jul
0,6719.0948,mp_jul
0,6719.3947,mp_jul
0,6719.6944,mp_jul
6,6719.9942,mp_jul
6,6720.294,mp_jul
6,6720.5938,mp_jul
6,6720.8936,mp_jul
0,6721.1934,mp_jul
0,6721.4931,mp_jul
6,6721.793,mp_jul
0,6722.0928,mp_jul
0,6722.3925,mp_jul
6,6722.6923,mp_jul
6,6722.9921,mp_jul
6,6723.2918,mp_jul
6,6723.5917,mp_jul
6,6723.8915,mp_jul
0,6724.1913,mp_jul
6,6724.491,mp_jul
6,6724.7909,mp_jul
6,6725.0907,mp_jul
6,6725.3904,mp_jul
6,6725.6902,mp_jul
6,6725.99,mp_jul
6,6726.2898,mp_jul
7,6726.5895,mp_jul
7,6726.8893,mp_jul
7,6727.1892,mp_jul
0,6727.4889,mp_jul
0,6727.7888,mp_jul
0,6728.0885,mp_jul
7,6728.3883,mp_jul
6,6728.6881,mp_jul
7,6728.9878,mp_jul
6,6729.2877,mp_jul
6,6729.5875,mp_jul
7,6729.8873,mp_jul
7,6730.187,mp_jul
7,6730.4868,mp_jul
7,6730.7866,mp_jul
7,6731.0864,mp_jul
7,6731.3862,mp_jul
7,6731.686,mp_jul
0,6731.9858,mp_jul
7,6732.2856,mp_jul
7,6732.5853,mp_jul
7,6732.8852,mp_jul
7,6733.185,mp_jul
7,6733.4847,mp_jul
7,6733.7845,mp_jul
7,6734.0843,mp_jul
7,6734.3841,mp_jul
7,6734.6838,mp_jul
7,6734.9879,mp_jul
7,6735.2877,mp_jul
7,6735.5875,mp_jul
7,6735.8873,mp_jul
7,6736.1871,mp_jul
7,6736.4868,mp_jul
7,6736.7866,mp_jul
7,6737.0864,mp_jul
7,6737.3862,mp_jul
7,6737.686,mp_jul
7,6737.9857,mp_jul
7,6738.2856,mp_jul
7,6738.5853,mp_jul
0,6738.8851,mp_jul
7,6739.185,mp_jul
7,6739.4847,mp_jul
7,6739.7846,mp_jul
7,6740.0843,mp_jul
7,6740.3841,mp_jul
7,6740.6839,mp_jul
7,6741.0037,mp_jul
7,6741.3084,mp_jul
6,6741.6082,mp_jul
7,6741.928,mp_jul
7,6742.2278,mp_jul
7,6742.5276,mp_jul
7,6742.8274,mp_jul
7,6743.1271,mp_jul
6,6743.4269,mp_jul
1,6743.7267,mp_jul
7,6744.0266,mp_jul
7,6744.3264,mp_jul
7,6744.6261,mp_jul
7,6744.9259,mp_jul
0,6745.2257,mp_jul
7,6745.5255,mp_jul
7,6745.8253,mp_jul
7,6746.1251,mp_jul
7,6746.4248,mp_jul
7,6746.7246,mp_jul
7,6747.0244,mp_jul
7,6747.3292,mp_jul
7,6747.629,mp_jul
7,6747.9288,mp_jul
7,6748.2285,mp_jul
7,6748.5284,mp_jul
7,6748.8338,mp_jul
7,6749.1335,mp_jul
7,6749.4533,mp_jul
7,6749.7532,mp_jul
7,6750.0529,mp_jul
7,6750.3728,mp_jul
7,6750.6726,mp_jul
7,6750.9724,mp_jul
7,6751.2723,mp_jul
7,6751.5719,mp_jul
0,6751.8718,mp_jul
7,6752.1716,mp_jul
7,6752.4713,mp_jul
7,6752.7712,mp_jul
7,6753.0709,mp_jul
0,6753.3708,mp_jul
7,6753.6706,mp_jul
7,6753.9703,mp_jul
7,6754.2743,mp_jul
7,6754.5741,mp_jul
7,6754.8739,mp_jul
7,6755.1737,mp_jul
7,6755.4734,mp_jul
7,6755.7733,mp_jul
7,6756.073,mp_jul
7,6756.3828,mp_jul
7,6756.6827,mp_jul
7,6756.9824,mp_jul
7,6757.3078,mp_jul
7,6757.6076,mp_jul
7,6757.9075,mp_jul
7,6758.2071,mp_jul
7,6758.5114,mp_jul
7,6758.8111,mp_jul
7,6759.111,mp_jul
7,6759.4507,mp_jul
7,6759.7505,mp_jul
7,6760.0502,mp_jul
7,6760.3658,mp_jul
7,6760.6656,mp_jul
7,6760.9654,mp_jul
7,6761.2651,mp_jul
7,6761.565,mp_jul
7,6761.8647,mp_jul
7,6762.1645,mp_jul
7,6762.4643,mp_jul
7,6762.7642,mp_jul
7,6763.0639,mp_jul
7,6763.3637,mp_jul
7,6763.6635,mp_jul
7,6763.9675,mp_jul
7,6764.2673,mp_jul
0,6764.5671,mp_jul
7,6764.8669,mp_jul
2,6765.1666,mp_jul
2,6765.4764,mp_jul
2,6765.7762,mp_jul
2,6766.076,mp_jul
2,6766.3815,mp_jul
2,6766.6812,mp_jul
2,6766.981,mp_jul
2,6767.2808,mp_jul
2,6767.6006,mp_jul
2,6767.9003,mp_jul
2,6768.2002,mp_jul
2,6768.4999,mp_jul
2,6768.7997,mp_jul
2,6769.0995,mp_jul
2,6769.3994,mp_jul
2,6769.6991,mp_jul
2,6769.9989,mp_jul
2,6770.303,mp_jul
2,6770.6029,mp_jul
2,6770.9026,mp_jul
2,6771.2024,mp_jul
2,6771.5022,mp_jul
2,6771.802,mp_jul
2,6772.1018,mp_jul
2,6772.4116,mp_jul
2,6772.7113,mp_jul
2,6773.0112,mp_jul
2,6773.311,mp_jul
2,6773.6107,mp_jul
2,6773.9105,mp_jul
2,6774.2103,mp_jul
2,6774.51,mp_jul
2,6774.8098,mp_jul
2,6775.1096,mp_jul
2,6775.4094,mp_jul
2,6775.7092,mp_jul
2,6776.0091,mp_jul
2,6776.3088,mp_jul
2,6776.6086,mp_jul
2,6776.914,mp_jul
2,6777.2138,mp_jul
2,6777.5136,mp_jul
2,6777.8133,mp_jul
2,6778.1131,mp_jul
2,6778.413,mp_jul
2,6778.7127,mp_jul
2,6779.0125,mp_jul
2,6779.3123,mp_jul
2,6779.6121,mp_jul
2,6779.9119,mp_jul
2,6780.2117,mp_jul
2,6780.5115,mp_jul
2,6780.8112,mp_jul
2,6781.111,mp_jul
2,6781.4108,mp_jul
2,6781.7106,mp_jul
2,6782.0104,mp_jul
2,6782.3102,mp_jul
2,6782.61,mp_jul
2,6782.9098,mp_jul
2,6783.2096,mp_jul
2,6783.5138,mp_jul
2,6783.8186,mp_jul
2,6784.1234,mp_jul
2,6784.4287,mp_jul
2,6784.7329,mp_jul
2,6785.0327,mp_jul
2,6785.3324,mp_jul
2,6785.6322,mp_jul
2,6785.932,mp_jul
2,6786.2318,mp_jul
2,6786.5366,mp_jul
2,6786.8364,mp_jul
2,6787.1362,mp_jul
2,6787.436,mp_jul
2,6787.7358,mp_jul
2,6788.0356,mp_jul
2,6788.3353,mp_jul
2,6788.6351,mp_jul
2,6788.9349,mp_jul
2,6789.2347,mp_jul
2,6789.5395,mp_jul
2,6789.8393,mp_jul
2,6790.1391,mp_jul
2,6790.4389,mp_jul
2,6790.7387,mp_jul
2,6791.0385,mp_jul
2,6791.344,mp_jul
2,6791.6438,mp_jul
2,6791.9436,mp_jul
2,6792.2434,mp_jul
1,6792.5431,mp_jul
1,6792.8429,mp_jul
1,6793.1427,mp_jul
1,6793.4426,mp_jul
1,6793.7423,mp_jul
1,6794.0463,mp_jul
1,6794.3461,mp_jul
0,6794.6459,mp_jul
0,6794.9457,mp_jul
1,6795.2455,mp_jul
1,6795.5452,mp_jul
1,6795.8459,mp_jul
1,6796.1448,mp_jul
0,6796.4446,mp_jul
12,6796.7444,mp_jul
12,6797.0442,mp_jul
12,6797.344,mp_jul
12,6797.6438,mp_jul
12,6797.9435,mp_jul
12,6798.2433,mp_jul
12,6798.5431,mp_jul
12,6798.843,mp_jul
12,6799.1427,mp_jul
12,6799.4425,mp_jul
12,6799.7424,mp_jul
12,6800.0421,mp_jul
12,6800.3419,mp_jul
0,6800.6417,mp_jul
12,6800.9415,mp_jul
12,6801.2412,mp_jul
12,6801.546,mp_jul
12,6801.8459,mp_jul
12,6802.1456,mp_jul
0,6802.4453,mp_jul
0,6802.7452,mp_jul
0,6803.045,mp_jul
12,6803.3448,mp_jul
0,6803.6445,mp_jul
0,6803.9444,mp_jul
0,6804.2442,mp_jul
3,6804.5439,mp_jul
3,6804.8437,mp_jul
3,6805.1485,mp_jul
3,6805.4483,mp_jul
3,6805.7481,mp_jul
3,6806.0535,mp_jul
3,6806.3532,mp_jul
0,6806.653,mp_jul
3,6806.9528,mp_jul
3,6807.2526,mp_jul
3,6807.5524,mp_jul
3,6807.8522,mp_jul
3,6808.1564,mp_jul
3,6808.4561,mp_jul
3,6808.7559,mp_jul
3,6809.0557,mp_jul
3,6809.3555,mp_jul
3,6809.6553,mp_jul
3,6809.9551,mp_jul
3,6810.2548,mp_jul
3,6810.5547,mp_jul
3,6810.8545,mp_jul
3,6811.1543,mp_jul
3,6811.454,mp_jul
3,6811.7538,mp_jul
3,6812.0536,mp_jul
3,6812.3634,mp_jul
3,6812.6632,mp_jul
3,6812.963,mp_jul
3,6813.2684,mp_jul
3,6813.5725,mp_jul
3,6813.8724,mp_jul
3,6814.1722,mp_jul
3,6814.4719,mp_jul
3,6814.7717,mp_jul
3,6815.0714,mp_jul
3,6815.3713,mp_jul
3,6815.6711,mp_jul
3,6815.9708,mp_jul
3,6816.2706,mp_jul
3,6816.5704,mp_jul
3,6816.8702,mp_jul
9,6817.17,mp_jul
9,6817.4707,mp_jul
1,6817.7696,mp_jul
9,6818.0693,mp_jul
9,6818.3692,mp_jul
0,6818.669,mp_jul
3,6818.9737,mp_jul
3,6819.2736,mp_jul
3,6819.5733,mp_jul
3,6819.8731,mp_jul
3,6820.1729,mp_jul
3,6820.4727,mp_jul
3,6820.7725,mp_jul
3,6821.0829,mp_jul
3,6821.3826,mp_jul
3,6821.6824,mp_jul
3,6821.9822,mp_jul
3,6822.282,mp_jul
3,6822.5818,mp_jul
3,6822.8816,mp_jul
3,6823.1814,mp_jul
3,6823.4811,mp_jul
3,6823.7809,mp_jul
3,6824.0808,mp_jul
3,6824.3805,mp_jul
3,6824.6803,mp_jul
3,6824.9801,mp_jul
3,6825.2799,mp_jul
3,6825.5796,mp_jul
3,6825.8796,mp_jul
3,6826.1793,mp_jul
3,6826.479,mp_jul
3,6826.7788,mp_jul
3,6827.0787,mp_jul
3,6827.3784,mp_jul
3,6827.6782,mp_jul
3,6827.978,mp_jul
3,6828.2778,mp_jul
3,6828.5776,mp_jul
3,6828.8773,mp_jul
3,6829.1771,mp_jul
3,6829.4814,mp_jul
3,6829.7811,mp_jul
3,6830.0809,mp_jul
3,6830.3857,mp_jul
3,6830.6854,mp_jul
0,6830.9852,mp_jul
3,6831.2851,mp_jul
0,6831.5849,mp_jul
3,6831.8847,mp_jul
3,6832.1844,mp_jul
3,6832.4892,mp_jul
3,6832.789,mp_jul
3,6833.0887,mp_jul
3,6833.3986,mp_jul
3,6833.6983,mp_jul
3,6833.9981,mp_jul
3,6834.303,mp_jul
3,6834.6028,mp_jul
3,6834.9132,mp_jul
3,6835.2173,mp_jul
0,6835.5171,mp_jul
3,6835.8169,mp_jul
0,6836.1167,mp_jul
0,6836.4164,mp_jul
0,6836.7163,mp_jul
0,6837.016,mp_jul
0,6837.3158,mp_jul
9,6837.6157,mp_jul
0,6837.9154,mp_jul
3,6838.2152,mp_jul
3,6838.5149,mp_jul
3,6838.8147,mp_jul
3,6839.1345,mp_jul
3,6839.4343,mp_jul
3,6839.7341,mp_jul
3,6840.0339,mp_jul
3,6840.3337,mp_jul
3,6840.6335,mp_jul
3,6840.9332,mp_jul
3,6841.2332,mp_jul
3,6841.5329,mp_jul
3,6841.8376,mp_jul
3,6842.1374,mp_jul
3,6842.4421,mp_jul
3,6842.752,mp_jul
3,6843.0518,mp_jul
3,6843.3515,mp_jul
3,6843.6513,mp_jul
3,6843.9512,mp_jul
0,6844.2509,mp_jul
9,6844.5508,mp_jul
1,6844.8505,mp_jul
1,6845.1503,mp_jul
1,6845.4501,mp_jul
1,6845.7499,mp_jul
1,6846.0497,mp_jul
1,6846.3494,mp_jul
1,6846.6492,mp_jul
1,6846.949,mp_jul
1,6847.2488,mp_jul
9,6847.5486,mp_jul
3,6847.8483,mp_jul
3,6848.1532,mp_jul
3,6848.453,mp_jul
0,6848.7528,mp_jul
0,6849.0576,mp_jul
4,6849.363,mp_jul
0,6849.6628,mp_jul
4,6849.9625,mp_jul
4,6850.2623,mp_jul
4,6850.5621,mp_jul
0,6850.8619,mp_jul
0,6851.1617,mp_jul
4,6851.4614,mp_jul
4,6851.7612,mp_jul
4,6852.061,mp_jul
0,6852.3608,mp_jul
4,6852.6606,mp_jul
0,6852.9604,mp_jul
0,6853.2601,mp_jul
0,6853.56,mp_jul
0,6853.8598,mp_jul
0,6854.1596,mp_jul
0,6854.4637,mp_jul
0,6854.7644,mp_jul
0,6855.0634,mp_jul
0,6855.3632,mp_jul
0,6855.663,mp_jul
0,6855.9676,mp_jul
0,6856.2675,mp_jul
0,6856.5779,mp_jul
0,6856.882,mp_jul
0,6857.1817,mp_jul
8,6857.4916,mp_jul
8,6857.7914,mp_jul
8,6858.0911,mp_jul
8,6858.3909,mp_jul
0,6858.6908,mp_jul
8,6858.9906,mp_jul
0,6859.2903,mp_jul
8,6859.5901,mp_jul
8,6859.89,mp_jul
8,6860.1898,mp_jul
8,6860.4895,mp_jul
8,6860.795,mp_jul
0,6861.0948,mp_jul
8,6861.3988,mp_jul
8,6861.6986,mp_jul
0,6861.9984,mp_jul
0,6862.2982,mp_jul
0,6862.598,mp_jul
0,6862.8978,mp_jul
0,6863.1976,mp_jul
8,6863.4974,mp_jul
0,6863.7972,mp_jul
0,6864.097,mp_jul
0,6864.3968,mp_jul
8,6864.6965,mp_jul
8,6864.9963,mp_jul
8,6865.296,mp_jul
8,6865.5959,mp_jul
0,6865.8957,mp_jul
0,6866.1955,mp_jul
0,6866.4952,mp_jul
0,6866.7951,mp_jul
0,6867.0948,mp_jul
10,6867.3946,mp_jul
0,6867.6944,mp_jul
0,6867.9942,mp_jul
0,6868.294,mp_jul
0,6868.5938,mp_jul
0,6868.8986,mp_jul
0,6869.1983,mp_jul
0,6869.4982,mp_jul
10,6869.798,mp_jul
10,6870.0978,mp_jul
10,6870.3975,mp_jul
10,6870.7023,mp_jul
10,6871.002,mp_jul
0,6871.3075,mp_jul
10,6871.6073,mp_jul
10,6871.9071,mp_jul
10,6872.2068,mp_jul
10,6872.5067,mp_jul
10,6872.8065,mp_jul
10,6873.1062,mp_jul
10,6873.406,mp_jul
10,6873.7058,mp_jul
10,6874.0055,mp_jul
0,6874.3053,mp_jul
0,6874.6052,mp_jul
0,6874.905,mp_jul
0,6875.2047,mp_jul
10,6875.5045,mp_jul
0,6875.8043,mp_jul
0,6876.1086,mp_jul
10,6876.4083,mp_jul
10,6876.708,mp_jul
10,6877.0079,mp_jul
10,6877.3077,mp_jul
10,6877.6124,mp_jul
10,6877.9173,mp_jul
10,6878.227,mp_jul
10,6878.5268,mp_jul
10,6878.8265,mp_jul
0,6879.1314,mp_jul
10,6879.4362,mp_jul
10,6879.736,mp_jul
10,6880.0357,mp_jul
10,6880.3356,mp_jul
10,6880.6353,mp_jul
10,6880.9351,mp_jul
10,6881.2349,mp_jul
10,6881.5347,mp_jul
10,6881.8345,mp_jul
10,6882.1343,mp_jul
10,6882.434,mp_jul
10,6882.7489,mp_jul
10,6883.0486,mp_jul
10,6883.3484,mp_jul
10,6883.6482,mp_jul
10,6883.948,mp_jul
10,6884.2477,mp_jul
10,6884.5525,mp_jul
10,6884.8524,mp_jul
10,6885.1522,mp_jul
10,6885.4519,mp_jul
10,6885.7572,mp_jul
10,6886.0615,mp_jul
10,6886.3612,mp_jul
10,6886.661,mp_jul
10,6886.9608,mp_jul
10,6887.2606,mp_jul
10,6887.5604,mp_jul
10,6887.8652,mp_jul
10,6888.1651,mp_jul
10,6888.4648,mp_jul
10,6888.7646,mp_jul
10,6889.0693,mp_jul
10,6889.3692,mp_jul
10,6889.6746,mp_jul
10,6889.9745,mp_jul
10,6890.2742,mp_jul
10,6890.574,mp_jul
10,6890.8781,mp_jul
10,6891.1779,mp_jul
10,6891.4777,mp_jul
0,6891.7775,mp_jul
0,6892.0773,mp_jul
10,6892.377,mp_jul
11,6892.6768,mp_jul
10,6892.9767,mp_jul
10,6893.2764,mp_jul
10,6893.5762,mp_jul
10,6893.876,mp_jul
10,6894.1758,mp_jul
10,6894.4756,mp_jul
10,6894.7754,mp_jul
10,6895.0801,mp_jul
10,6895.3799,mp_jul
10,6895.6797,mp_jul
10,6895.9795,mp_jul
10,6896.2802,mp_jul
10,6896.5791,mp_jul
10,6896.8789,mp_jul
10,6897.1787,mp_jul
10,6897.4785,mp_jul
10,6897.7782,mp_jul
10,6898.083,mp_jul
10,6898.3828,mp_jul
10,6898.6827,mp_jul
10,6898.9824,mp_jul
10,6899.2877,mp_jul
10,6899.5875,mp_jul
10,6899.8874,mp_jul
10,6900.1871,mp_jul
10,6900.487,mp_jul
10,6900.7867,mp_jul
10,6901.0865,mp_jul
10,6901.3863,mp_jul
10,6901.6906,mp_jul
10,6901.9903,mp_jul
10,6902.29,mp_jul
10,6902.5898,mp_jul
10,6902.8897,mp_jul
10,6903.1944,mp_jul
10,6903.4942,mp_jul
10,6903.7989,mp_jul
10,6904.0988,mp_jul
10,6904.3986,mp_jul
10,6904.6984,mp_jul
10,6904.9982,mp_jul
10,6905.3079,mp_jul
10,6905.6077,mp_jul
10,6905.9075,mp_jul
10,6906.2073,mp_jul
10,6906.5071,mp_jul
10,6906.8068,mp_jul
10,6907.1066,mp_jul
10,6907.4064,mp_jul
10,6907.7063,mp_jul
10,6908.006,mp_jul
10,6908.3067,mp_jul
10,6908.6056,mp_jul
10,6908.9054,mp_jul
10,6909.2052,mp_jul
10,6909.505,mp_jul
10,6909.8048,mp_jul
10,6910.1045,mp_jul
10,6910.4044,mp_jul
10,6910.7042,mp_jul
10,6911.004,mp_jul
10,6911.3037,mp_jul
10,6911.6035,mp_jul
10,6911.9033,mp_jul
10,6912.2031,mp_jul
10,6912.5028,mp_jul
10,6912.8027,mp_jul
10,6913.1025,mp_jul
10,6913.4023,mp_jul
10,6913.702,mp_jul
10,6914.0018,mp_jul
10,6914.3016,mp_jul
10,6914.6014,mp_jul
10,6914.9012,mp_jul
10,6915.201,mp_jul
10,6915.5008,mp_jul
10,6915.8005,mp_jul
10,6916.1003,mp_jul
10,6916.4001,mp_jul
10,6916.6999,mp_jul
10,6916.9997,mp_jul
10,6917.2995,mp_jul
10,6917.5993,mp_jul
10,6917.8991,mp_jul
10,6918.1989,mp_jul
10,6918.4987,mp_jul
10,6918.7984,mp_jul
10,6919.0982,mp_jul
10,6919.398,mp_jul
10,6919.7028,mp_jul
10,6920.0026,mp_jul
10,6920.3024,mp_jul
0,6920.6021,mp_jul
10,6920.9019,mp_jul
10,6921.2017,mp_jul
10,6921.5065,mp_jul
10,6921.8063,mp_jul
10,6922.1061,mp_jul
10,6922.4115,mp_jul
10,6922.7113,mp_jul
10,6923.011,mp_jul
10,6923.3108,mp_jul
10,6923.6107,mp_jul
10,6923.9104,mp_jul
10,6924.2102,mp_jul
10,6924.51,mp_jul
10,6924.8098,mp_jul
10,6925.1096,mp_jul
10,6925.4094,mp_jul
10,6925.7092,mp_jul
10,6926.0134,mp_jul
10,6926.3132,mp_jul
10,6926.613,mp_jul
10,6926.9127,mp_jul
10,6927.2125,mp_jul
10,6927.5173,mp_jul
10,6927.8221,mp_jul
10,6928.1219,mp_jul
0,6928.4217,mp_jul
10,6928.7215,mp_jul
10,6929.0212,mp_jul
10,6929.321,mp_jul
10,6929.6209,mp_jul
10,6929.9206,mp_jul
10,6930.2204,mp_jul
10,6930.5202,mp_jul
10,6930.82,mp_jul
10,6931.1198,mp_jul
10,6931.4196,mp_jul
10,6931.7194,mp_jul
10,6932.0192,mp_jul
10,6932.3189,mp_jul
10,6932.6243,mp_jul
10,6932.9241,mp_jul
10,6933.2239,mp_jul
10,6933.5281,mp_jul
10,6933.8279,mp_jul
10,6934.1327,mp_jul
0,6934.4324,mp_jul
10,6934.7322,mp_jul
0,6935.032,mp_jul
10,6935.3317,mp_jul
0,6935.6316,mp_jul
10,6935.9314,mp_jul
10,6936.2311,mp_jul
10,6936.5309,mp_jul
10,6936.8308,mp_jul
10,6937.1356,mp_jul
10,6937.4353,mp_jul
10,6937.7351,mp_jul
10,6938.0348,mp_jul
10,6938.3347,mp_jul
10,6938.6345,mp_jul
10,6938.9343,mp_jul
10,6939.249,mp_jul
10,6939.5488,mp_jul
10,6939.8487,mp_jul
10,6940.1484,mp_jul
10,6940.4481,mp_jul
10,6940.7479,mp_jul
10,6941.0477,mp_jul
10,6941.3476,mp_jul
10,6941.6473,mp_jul
10,6941.9471,mp_jul
10,6942.2469,mp_jul
0,6942.5468,mp_jul
10,6942.8465,mp_jul
10,6943.1513,mp_jul
10,6943.4511,mp_jul
10,6943.7508,mp_jul
10,6944.0506,mp_jul
10,6944.3505,mp_jul
10,6944.6503,mp_jul
10,6944.95,mp_jul
10,6945.2499,mp_jul
10,6945.5496,mp_jul
10,6945.8493,mp_jul
10,6946.1492,mp_jul
10,6946.4489,mp_jul
11,6946.7487,mp_jul
11,6947.0485,mp_jul
10,6947.3483,mp_jul
10,6947.6481,mp_jul
10,6947.948,mp_jul
10,6948.2532,mp_jul
10,6948.5531,mp_jul
10,6948.8528,mp_jul
10,6949.1526,mp_jul
10,6949.4524,mp_jul
10,6949.7522,mp_jul
10,6950.0521,mp_jul
10,6950.3518,mp_jul
0,6950.6516,mp_jul
10,6950.9514,mp_jul
10,6951.2511,mp_jul
10,6951.5509,mp_jul
10,6951.8508,mp_jul
10,6952.1506,mp_jul
10,6952.4504,mp_jul
10,6952.7501,mp_jul
10,6953.0499,mp_jul
10,6953.3498,mp_jul
10,6953.6495,mp_jul
10,6953.9493,mp_jul
10,6954.2491,mp_jul
10,6954.5489,mp_jul
0,6954.853,mp_jul
10,6955.1529,mp_jul
10,6955.4626,mp_jul
10,6955.7681,mp_jul
11,6956.0679,mp_jul
10,6956.372,mp_jul
0,6956.6718,mp_jul
10,6956.9716,mp_jul
10,6957.2714,mp_jul
10,6957.5711,mp_jul
10,6957.8709,mp_jul
10,6958.1707,mp_jul
10,6958.4706,mp_jul
10,6958.7703,mp_jul
10,6959.07,mp_jul
10,6959.3699,mp_jul
0,6959.6697,mp_jul
0,6959.9695,mp_jul
10,6960.2692,mp_jul
10,6960.569,mp_jul
10,6960.8688,mp_jul
10,6961.1686,mp_jul
10,6961.4684,mp_jul
10,6961.7681,mp_jul
10,6962.068,mp_jul
0,6962.3677,mp_jul
10,6962.6676,mp_jul
10,6962.9673,mp_jul
10,6963.2721,mp_jul
0,6963.572,mp_jul
10,6963.8717,mp_jul
10,6964.1715,mp_jul
0,6964.4713,mp_jul
10,6964.7711,mp_jul
10,6965.0708,mp_jul
10,6965.3707,mp_jul
0,6965.6705,mp_jul
10,6965.9702,mp_jul
0,6966.2701,mp_jul
10,6966.5698,mp_jul
10,6966.8697,mp_jul
0,6967.1694,mp_jul
8,6967.4691,mp_jul
0,6967.7689,mp_jul
